path,line,column,matched_reference,classification,source_text
.agents/memory/01_PROJECT_MEMORY_SHORT.md,45,29,owner_preference,HISTORICAL_DOCUMENTATION,- The maximum uncalibrated `owner_preference_lower_bound` was
.agents/memory/01_PROJECT_MEMORY_SHORT.md,61,34,owner_preference,HISTORICAL_DOCUMENTATION,- Primary score is uncalibrated `owner_preference_lower_bound`; threshold is
.agents/memory/01_PROJECT_MEMORY_SHORT.md,110,25,realtime,HISTORICAL_DOCUMENTATION,"`realtime_fast`, and `realtime` were unchanged. The uncalibrated score is not"
.agents/memory/01_PROJECT_MEMORY_SHORT.md,527,15,realtime,HISTORICAL_DOCUMENTATION,## 2026-07-19 realtime selection is multi-objective
.agents/memory/01_PROJECT_MEMORY_SHORT.md,529,5,realtime,HISTORICAL_DOCUMENTATION,- A realtime winner is not the profile with the highest HOTA/IDF1 or lowest
.agents/memory/01_PROJECT_MEMORY_SHORT.md,545,31,realtime,HISTORICAL_DOCUMENTATION,## 2026-07-19 RQ4 closure and realtime Quality role
.agents/memory/01_PROJECT_MEMORY_SHORT.md,558,27,realtime,HISTORICAL_DOCUMENTATION,"- Quality was a mandatory realtime challenger, not an optional final step."
.agents/memory/01_PROJECT_MEMORY_SHORT.md,564,15,realtime,HISTORICAL_DOCUMENTATION,## 2026-07-19 realtime Pareto selection
.agents/memory/01_PROJECT_MEMORY_SHORT.md,607,31,realtime,HISTORICAL_DOCUMENTATION,- S1 is also below the frozen realtime promotion floor at `18.99 FPS` versus
.agents/memory/01_PROJECT_MEMORY_SHORT.md,633,4,realtime_balanced,HISTORICAL_DOCUMENTATION,"`realtime_balanced` -> `realtime_quality` controls experiment sequencing,"
.agents/memory/01_PROJECT_MEMORY_SHORT.md,634,17,realtime,HISTORICAL_DOCUMENTATION,not the final realtime ranking. Hybrid is complete; fast is the current
.agents/memory/01_PROJECT_MEMORY_SHORT.md,637,9,realtime,HISTORICAL_DOCUMENTATION,"- Final realtime selection must compare every valid Fast, Balanced, and Quality"
.agents/memory/01_PROJECT_MEMORY_SHORT.md,639,12,realtime,HISTORICAL_DOCUMENTATION,selected realtime method and the main table is raw -> Quality -> hybrid.
.agents/memory/01_PROJECT_MEMORY_SHORT.md,641,19,realtime,HISTORICAL_DOCUMENTATION,"selected causal realtime method, and `hybrid_bytetrack_best`. Three realtime"
.agents/memory/01_PROJECT_MEMORY_SHORT.md,641,71,realtime,HISTORICAL_DOCUMENTATION,"selected causal realtime method, and `hybrid_bytetrack_best`. Three realtime"
.agents/memory/01_PROJECT_MEMORY_SHORT.md,647,59,realtime,HISTORICAL_DOCUMENTATION,- Quality remains eligible to become the paper's selected realtime method if a
.agents/memory/01_PROJECT_MEMORY_SHORT.md,650,65,realtime,HISTORICAL_DOCUMENTATION,"can be reported only as delayed/post-video evidence, not as a realtime winner."
.agents/memory/01_PROJECT_MEMORY_SHORT.md,654,15,realtime,HISTORICAL_DOCUMENTATION,## 2026-07-19 realtime quality selection gate
.agents/memory/01_PROJECT_MEMORY_SHORT.md,656,59,realtime,HISTORICAL_DOCUMENTATION,- `realtime_quality` must be evaluated before locking any realtime winner. The
.agents/memory/01_PROJECT_MEMORY_SHORT.md,657,41,realtime,HISTORICAL_DOCUMENTATION,"paper may still show fewer than three realtime profiles, but profile-table"
.agents/memory/01_PROJECT_MEMORY_SHORT.md,661,46,realtime,HISTORICAL_DOCUMENTATION,about `12.09 FPS`. It cannot be called the realtime winner.
.agents/memory/01_PROJECT_MEMORY_SHORT.md,683,43,realtime,HISTORICAL_DOCUMENTATION,identity-payload family is active next; realtime remains closed.
.agents/memory/01_PROJECT_MEMORY_SHORT.md,690,61,realtime,HISTORICAL_DOCUMENTATION,that the `hybrid_bytetrack` lane is complete or authorize realtime work.
.agents/memory/01_PROJECT_MEMORY_SHORT.md,697,8,realtime,HISTORICAL_DOCUMENTATION,Open realtime only after a separate hybrid lane-completion decision passes.
.agents/memory/01_PROJECT_MEMORY_SHORT.md,704,42,realtime,HISTORICAL_DOCUMENTATION,separate later experiment; do not tune realtime in the hybrid experiment.
.agents/memory/01_PROJECT_MEMORY_SHORT.md,716,17,realtime,HISTORICAL_DOCUMENTATION,"- For the later realtime lane, use `realtime_fast` as the operational"
.agents/memory/01_PROJECT_MEMORY_SHORT.md,721,15,realtime_balanced,HISTORICAL_DOCUMENTATION,## 2026-07-18 realtime_balanced hidden-reservation promotion
.agents/memory/01_PROJECT_MEMORY_SHORT.md,723,4,realtime_balanced,HISTORICAL_DOCUMENTATION,- `realtime_balanced` promotes causal hidden-detection reservation with
.agents/memory/01_PROJECT_MEMORY_SHORT.md,1332,15,realtime,HISTORICAL_DOCUMENTATION,## 2026-07-08 realtime full runtime chunk validation
.agents/memory/01_PROJECT_MEMORY_SHORT.md,1334,70,realtime,HISTORICAL_DOCUMENTATION,- Runtime 13-video validation completed in two chunks: `outputs/eval/realtime/runtime_check_quality_delayed_simple_7video/iou0_area0_condarea0_merge0` plus `outputs/eval/realtime/runtime_check_quality_delayed_simple_remaining6/iou0_area0_condarea0_merge0`.
.agents/memory/01_PROJECT_MEMORY_SHORT.md,1334,171,realtime,HISTORICAL_DOCUMENTATION,- Runtime 13-video validation completed in two chunks: `outputs/eval/realtime/runtime_check_quality_delayed_simple_7video/iou0_area0_condarea0_merge0` plus `outputs/eval/realtime/runtime_check_quality_delayed_simple_remaining6/iou0_area0_condarea0_merge0`.
.agents/memory/01_PROJECT_MEMORY_SHORT.md,1335,31,realtime,HISTORICAL_DOCUMENTATION,"- Compared with `outputs/eval/realtime/realtime_balanced_13video/iou0_area0_condarea0_merge0`, per-video runtime total `remapped_idsw 75 -> 21`, `fp/fn` stayed `2320/1055`, no per-video IDSW regression, and `000302=0`."
.agents/memory/01_PROJECT_MEMORY_SHORT.md,1335,40,realtime_balanced,HISTORICAL_DOCUMENTATION,"- Compared with `outputs/eval/realtime/realtime_balanced_13video/iou0_area0_condarea0_merge0`, per-video runtime total `remapped_idsw 75 -> 21`, `fp/fn` stayed `2320/1055`, no per-video IDSW regression, and `000302=0`."
.agents/memory/01_PROJECT_MEMORY_SHORT.md,1338,15,realtime,HISTORICAL_DOCUMENTATION,## 2026-07-08 realtime simple low-gain component pass
.agents/memory/01_PROJECT_MEMORY_SHORT.md,1340,13,realtime_quality_delayed,HISTORICAL_DOCUMENTATION,"- Improved `realtime_quality_delayed` artifact candidate further by adding an opt-in second pass for simple motion components only: `realtime_motion_pair_simple_min_gain=0.005`, `realtime_motion_pair_simple_max_component_size=2`."
.agents/memory/01_PROJECT_MEMORY_SHORT.md,1341,36,realtime,HISTORICAL_DOCUMENTATION,- Evidence artifact: `outputs/eval/realtime/probe_motion_pair_simple005_comp2_13video/iou0_area0_condarea0_merge0`.
.agents/memory/01_PROJECT_MEMORY_SHORT.md,1342,51,realtime,HISTORICAL_DOCUMENTATION,"- Compared with gain-gate candidate `outputs/eval/realtime/probe_motion_pair_gainmin004_edges2_13video/iou0_area0_condarea0_merge0`: `ALL remapped_idsw 27 -> 21`, `remapped_hota_pct 95.89 -> 96.60`, `remapped_idf1_pct 96.41 -> 97.02`, `fp/fn unchanged 2320/1055`."
.agents/memory/01_PROJECT_MEMORY_SHORT.md,1344,38,realtime,HISTORICAL_DOCUMENTATION,"- Runtime smoke check: `outputs/eval/realtime/runtime_check_quality_delayed_simple_233_302/iou0_area0_condarea0_merge0` using actual `realtime_quality_delayed` code path produced `000233 remapped_idsw=9` and `000302 remapped_idsw=0`, matching the artifact expectation for target/guardrail."
.agents/memory/01_PROJECT_MEMORY_SHORT.md,1344,135,realtime_quality_delayed,HISTORICAL_DOCUMENTATION,"- Runtime smoke check: `outputs/eval/realtime/runtime_check_quality_delayed_simple_233_302/iou0_area0_condarea0_merge0` using actual `realtime_quality_delayed` code path produced `000233 remapped_idsw=9` and `000302 remapped_idsw=0`, matching the artifact expectation for target/guardrail."
.agents/memory/01_PROJECT_MEMORY_SHORT.md,1346,50,realtime,HISTORICAL_DOCUMENTATION,- Additional runtime smoke checks: `outputs/eval/realtime/runtime_check_quality_delayed_simple_263/iou0_area0_condarea0_merge0` produced `000263 remapped_idsw=2`; `outputs/eval/realtime/runtime_check_quality_delayed_simple_085/iou0_area0_condarea0_merge0` produced `000085 remapped_idsw=0`. Both match artifact expectations.
.agents/memory/01_PROJECT_MEMORY_SHORT.md,1346,178,realtime,HISTORICAL_DOCUMENTATION,- Additional runtime smoke checks: `outputs/eval/realtime/runtime_check_quality_delayed_simple_263/iou0_area0_condarea0_merge0` produced `000263 remapped_idsw=2`; `outputs/eval/realtime/runtime_check_quality_delayed_simple_085/iou0_area0_condarea0_merge0` produced `000085 remapped_idsw=0`. Both match artifact expectations.
.agents/memory/01_PROJECT_MEMORY_SHORT.md,1348,15,realtime,HISTORICAL_DOCUMENTATION,## 2026-07-08 realtime dense fallback gain gate
.agents/memory/01_PROJECT_MEMORY_SHORT.md,1350,21,realtime_quality_delayed,HISTORICAL_DOCUMENTATION,"- Improved current `realtime_quality_delayed` motion-pair candidate by tightening dense-component fallback: `realtime_motion_pair_dense_fallback_max_edges=2`, `realtime_motion_pair_dense_fallback_min_median_gain=0.05`, `realtime_motion_pair_dense_fallback_min_edge_gain=0.04` while keeping `max_component_size=4`, `max_component_edges=3`, `max_support_ratio=0.35`."
.agents/memory/01_PROJECT_MEMORY_SHORT.md,1351,36,realtime,HISTORICAL_DOCUMENTATION,- Evidence artifact: `outputs/eval/realtime/probe_motion_pair_gainmin004_edges2_13video/iou0_area0_condarea0_merge0`.
.agents/memory/01_PROJECT_MEMORY_SHORT.md,1352,56,realtime,HISTORICAL_DOCUMENTATION,"- Compared with previous dense candidate `outputs/eval/realtime/probe_motion_pair_comp4_edges3_dense_13video/iou0_area0_condarea0_merge0`: `ALL remapped_idsw 31 -> 27`, `000233 13 -> 9`, no per-video IDSW regression, `000302=0`, `fp/fn unchanged 2320/1055`; HOTA/IDF1 effectively unchanged at `95.89/96.41`."
.agents/memory/01_PROJECT_MEMORY_SHORT.md,1355,15,realtime,HISTORICAL_DOCUMENTATION,## 2026-07-08 realtime motion-pair quality-delayed candidate
.agents/memory/01_PROJECT_MEMORY_SHORT.md,1357,60,realtime,HISTORICAL_DOCUMENTATION,"- Added opt-in `realtime_motion_pair_stabilizer` for `mode=realtime` only. It relabels short-memory motion-consistent ID attributes, then filters proposed relabel graph to small/sparse components. The current 13-video candidate uses `realtime_motion_pair_max_component_size=4`, `realtime_motion_pair_max_component_edges=3`, and dense-component rare-edge fallback (`max_edges=3`, `max_support_ratio=0.35`); this admits sparse four-ID episodes like `000327` and a limited rare-edge subset in dense `000233` while still blocking the dominant long cascade edge."
.agents/memory/01_PROJECT_MEMORY_SHORT.md,1359,30,realtime_quality_delayed,HISTORICAL_DOCUMENTATION,"- Enabled the stabilizer in `realtime_quality_delayed`, not in `realtime_balanced`. Treat this as a quality-delayed candidate, not the pure causal realtime baseline."
.agents/memory/01_PROJECT_MEMORY_SHORT.md,1359,65,realtime_balanced,HISTORICAL_DOCUMENTATION,"- Enabled the stabilizer in `realtime_quality_delayed`, not in `realtime_balanced`. Treat this as a quality-delayed candidate, not the pure causal realtime baseline."
.agents/memory/01_PROJECT_MEMORY_SHORT.md,1359,148,realtime,HISTORICAL_DOCUMENTATION,"- Enabled the stabilizer in `realtime_quality_delayed`, not in `realtime_balanced`. Treat this as a quality-delayed candidate, not the pure causal realtime baseline."
.agents/memory/01_PROJECT_MEMORY_SHORT.md,1360,51,realtime,HISTORICAL_DOCUMENTATION,"- Validated runtime 5-video result: `outputs/eval/realtime/codex_motion_pair_quality_5video_fix/iou0_area0_condarea0_merge0`. Compared with `outputs/eval/realtime/realtime_balanced_5video/iou0_area0_condarea0_merge0`: `ALL remapped_idsw 43 -> 25`, `remapped_hota_pct 90.12 -> 92.20`, `remapped_idf1_pct 90.18 -> 92.50`, `fp/fn unchanged 849/661`."
.agents/memory/01_PROJECT_MEMORY_SHORT.md,1360,155,realtime,HISTORICAL_DOCUMENTATION,"- Validated runtime 5-video result: `outputs/eval/realtime/codex_motion_pair_quality_5video_fix/iou0_area0_condarea0_merge0`. Compared with `outputs/eval/realtime/realtime_balanced_5video/iou0_area0_condarea0_merge0`: `ALL remapped_idsw 43 -> 25`, `remapped_hota_pct 90.12 -> 92.20`, `remapped_idf1_pct 90.18 -> 92.50`, `fp/fn unchanged 849/661`."
.agents/memory/01_PROJECT_MEMORY_SHORT.md,1360,164,realtime_balanced,HISTORICAL_DOCUMENTATION,"- Validated runtime 5-video result: `outputs/eval/realtime/codex_motion_pair_quality_5video_fix/iou0_area0_condarea0_merge0`. Compared with `outputs/eval/realtime/realtime_balanced_5video/iou0_area0_condarea0_merge0`: `ALL remapped_idsw 43 -> 25`, `remapped_hota_pct 90.12 -> 92.20`, `remapped_idf1_pct 90.18 -> 92.50`, `fp/fn unchanged 849/661`."
.agents/memory/01_PROJECT_MEMORY_SHORT.md,1362,104,realtime,HISTORICAL_DOCUMENTATION,"- 13-video artifact probe with component size `4`, edge cap `3`, and rare-edge fallback: `outputs/eval/realtime/probe_motion_pair_comp4_edges3_dense_13video/iou0_area0_condarea0_merge0`. Compared with `outputs/eval/realtime/realtime_balanced_13video/iou0_area0_condarea0_merge0`: `ALL remapped_idsw 75 -> 31`, `remapped_hota_pct 92.77 -> 95.89`, `remapped_idf1_pct 93.12 -> 96.41`, `fp/fn unchanged 2320/1055`. No per-video remapped IDSW regression in this 13-video set; `000302` stayed `0`. `000327` improved `8 -> 4`; `000233` improved `15 -> 13` but remains the weakest realtime video."
.agents/memory/01_PROJECT_MEMORY_SHORT.md,1362,216,realtime,HISTORICAL_DOCUMENTATION,"- 13-video artifact probe with component size `4`, edge cap `3`, and rare-edge fallback: `outputs/eval/realtime/probe_motion_pair_comp4_edges3_dense_13video/iou0_area0_condarea0_merge0`. Compared with `outputs/eval/realtime/realtime_balanced_13video/iou0_area0_condarea0_merge0`: `ALL remapped_idsw 75 -> 31`, `remapped_hota_pct 92.77 -> 95.89`, `remapped_idf1_pct 93.12 -> 96.41`, `fp/fn unchanged 2320/1055`. No per-video remapped IDSW regression in this 13-video set; `000302` stayed `0`. `000327` improved `8 -> 4`; `000233` improved `15 -> 13` but remains the weakest realtime video."
.agents/memory/01_PROJECT_MEMORY_SHORT.md,1362,225,realtime_balanced,HISTORICAL_DOCUMENTATION,"- 13-video artifact probe with component size `4`, edge cap `3`, and rare-edge fallback: `outputs/eval/realtime/probe_motion_pair_comp4_edges3_dense_13video/iou0_area0_condarea0_merge0`. Compared with `outputs/eval/realtime/realtime_balanced_13video/iou0_area0_condarea0_merge0`: `ALL remapped_idsw 75 -> 31`, `remapped_hota_pct 92.77 -> 95.89`, `remapped_idf1_pct 93.12 -> 96.41`, `fp/fn unchanged 2320/1055`. No per-video remapped IDSW regression in this 13-video set; `000302` stayed `0`. `000327` improved `8 -> 4`; `000233` improved `15 -> 13` but remains the weakest realtime video."
.agents/memory/01_PROJECT_MEMORY_SHORT.md,1362,574,realtime,HISTORICAL_DOCUMENTATION,"- 13-video artifact probe with component size `4`, edge cap `3`, and rare-edge fallback: `outputs/eval/realtime/probe_motion_pair_comp4_edges3_dense_13video/iou0_area0_condarea0_merge0`. Compared with `outputs/eval/realtime/realtime_balanced_13video/iou0_area0_condarea0_merge0`: `ALL remapped_idsw 75 -> 31`, `remapped_hota_pct 92.77 -> 95.89`, `remapped_idf1_pct 93.12 -> 96.41`, `fp/fn unchanged 2320/1055`. No per-video remapped IDSW regression in this 13-video set; `000302` stayed `0`. `000327` improved `8 -> 4`; `000233` improved `15 -> 13` but remains the weakest realtime video."
.agents/memory/01_PROJECT_MEMORY_SHORT.md,1363,26,realtime,HISTORICAL_DOCUMENTATION,- Do not promote this as realtime causal base without broader regression and explicit discussion that it is delayed/post-tracking stabilization. Next step should validate more videos and then design an online-buffer equivalent if true realtime latency is required.
.agents/memory/01_PROJECT_MEMORY_SHORT.md,1363,236,realtime,HISTORICAL_DOCUMENTATION,- Do not promote this as realtime causal base without broader regression and explicit discussion that it is delayed/post-tracking stabilization. Next step should validate more videos and then design an online-buffer equivalent if true realtime latency is required.
.agents/memory/01_PROJECT_MEMORY_SHORT.md,1365,15,realtime,HISTORICAL_DOCUMENTATION,## 2026-07-08 realtime profile cleanup and failed probes
.agents/memory/01_PROJECT_MEMORY_SHORT.md,1367,4,realtime_balanced,HISTORICAL_DOCUMENTATION,- `realtime_balanced` was changed to inherit from a realtime-only eval base:
.agents/memory/01_PROJECT_MEMORY_SHORT.md,1367,53,realtime,HISTORICAL_DOCUMENTATION,- `realtime_balanced` was changed to inherit from a realtime-only eval base:
.agents/memory/01_PROJECT_MEMORY_SHORT.md,1370,70,realtime,HISTORICAL_DOCUMENTATION,"offline flags forced off matched the prior metrics, so the current realtime"
.agents/memory/01_PROJECT_MEMORY_SHORT.md,1373,15,realtime,HISTORICAL_DOCUMENTATION,- Added named realtime eval profiles:
.agents/memory/01_PROJECT_MEMORY_SHORT.md,1376,6,realtime_balanced,HISTORICAL_DOCUMENTATION,- `realtime_balanced`: current causal probe stack.
.agents/memory/01_PROJECT_MEMORY_SHORT.md,1377,6,realtime_quality_delayed,HISTORICAL_DOCUMENTATION,- `realtime_quality_delayed`: finite-window local repair probe only; no
.agents/memory/01_PROJECT_MEMORY_SHORT.md,1380,45,realtime,HISTORICAL_DOCUMENTATION,- `overlap_small_box_suppression=true` on realtime `000233`: no metric change
.agents/memory/01_PROJECT_MEMORY_SHORT.md,1382,34,realtime,HISTORICAL_DOCUMENTATION,- hybrid causal guard stack on realtime `000233`: no improvement; FP slightly
.agents/memory/01_PROJECT_MEMORY_SHORT.md,1384,31,realtime,HISTORICAL_DOCUMENTATION,- `tracker_type=botsort` on realtime `000233`: no metric change.
.agents/memory/01_PROJECT_MEMORY_SHORT.md,1388,61,realtime,HISTORICAL_DOCUMENTATION,- `local_pair_swap_repair=true` with a 12-frame window on realtime `000263`:
.agents/memory/01_PROJECT_MEMORY_SHORT.md,1390,33,realtime,HISTORICAL_DOCUMENTATION,- Current conclusion: remaining realtime IDSW is not solved by porting existing
.agents/memory/01_PROJECT_MEMORY_SHORT.md,1395,15,realtime,HISTORICAL_DOCUMENTATION,## 2026-07-08 realtime balanced profile
.agents/memory/01_PROJECT_MEMORY_SHORT.md,1397,10,realtime_balanced,HISTORICAL_DOCUMENTATION,- Added `realtime_balanced` to `scripts/evaluate_tracking.py` as the current
.agents/memory/01_PROJECT_MEMORY_SHORT.md,1398,9,realtime,HISTORICAL_DOCUMENTATION,named realtime probe profile. It packages the useful opt-in realtime stack:
.agents/memory/01_PROJECT_MEMORY_SHORT.md,1398,63,realtime,HISTORICAL_DOCUMENTATION,named realtime probe profile. It packages the useful opt-in realtime stack:
.agents/memory/01_PROJECT_MEMORY_SHORT.md,1404,4,realtime_balanced,HISTORICAL_DOCUMENTATION,"- `realtime_balanced` is still a probe profile, not a finished realtime"
.agents/memory/01_PROJECT_MEMORY_SHORT.md,1404,64,realtime,HISTORICAL_DOCUMENTATION,"- `realtime_balanced` is still a probe profile, not a finished realtime"
.agents/memory/01_PROJECT_MEMORY_SHORT.md,1406,17,realtime,HISTORICAL_DOCUMENTATION,`outputs/eval/realtime/realtime_balanced_302_guardrail/iou0_area0_condarea0_merge0`
.agents/memory/01_PROJECT_MEMORY_SHORT.md,1406,26,realtime_balanced,HISTORICAL_DOCUMENTATION,`outputs/eval/realtime/realtime_balanced_302_guardrail/iou0_area0_condarea0_merge0`
.agents/memory/01_PROJECT_MEMORY_SHORT.md,1410,17,realtime,HISTORICAL_DOCUMENTATION,`outputs/eval/realtime/realtime_balanced_5video/iou0_area0_condarea0_merge0`.
.agents/memory/01_PROJECT_MEMORY_SHORT.md,1410,26,realtime_balanced,HISTORICAL_DOCUMENTATION,`outputs/eval/realtime/realtime_balanced_5video/iou0_area0_condarea0_merge0`.
.agents/memory/01_PROJECT_MEMORY_SHORT.md,1422,15,realtime,HISTORICAL_DOCUMENTATION,## 2026-07-08 realtime failed guard probes
.agents/memory/01_PROJECT_MEMORY_SHORT.md,1434,11,realtime,HISTORICAL_DOCUMENTATION,- Current realtime candidate remains the missed3 low-conf stack:
.agents/memory/01_PROJECT_MEMORY_SHORT.md,1435,17,realtime,HISTORICAL_DOCUMENTATION,`outputs/eval/realtime/probe_realtime_low_conf_recovery_missed3_5video/iou0_area0_condarea0_merge0`.
.agents/memory/01_PROJECT_MEMORY_SHORT.md,1439,15,realtime,HISTORICAL_DOCUMENTATION,## 2026-07-08 realtime missed3 candidate
.agents/memory/01_PROJECT_MEMORY_SHORT.md,1441,38,realtime,HISTORICAL_DOCUMENTATION,- Realtime baseline at `outputs/eval/realtime/baseline_current/iou0_area0_condarea0_merge0` remains the main realtime comparison point.
.agents/memory/01_PROJECT_MEMORY_SHORT.md,1441,110,realtime,HISTORICAL_DOCUMENTATION,- Realtime baseline at `outputs/eval/realtime/baseline_current/iou0_area0_condarea0_merge0` remains the main realtime comparison point.
.agents/memory/01_PROJECT_MEMORY_SHORT.md,1442,18,realtime,HISTORICAL_DOCUMENTATION,- Current useful realtime candidate keeps all new realtime guards opt-in:
.agents/memory/01_PROJECT_MEMORY_SHORT.md,1442,51,realtime,HISTORICAL_DOCUMENTATION,- Current useful realtime candidate keeps all new realtime guards opt-in:
.agents/memory/01_PROJECT_MEMORY_SHORT.md,1451,17,realtime,HISTORICAL_DOCUMENTATION,`outputs/eval/realtime/probe_realtime_low_conf_recovery_233_missed3/iou0_area0_condarea0_merge0`.
.agents/memory/01_PROJECT_MEMORY_SHORT.md,1453,17,realtime,HISTORICAL_DOCUMENTATION,`outputs/eval/realtime/probe_realtime_low_conf_recovery_missed3_5video/iou0_area0_condarea0_merge0`:
.agents/memory/01_PROJECT_MEMORY_SHORT.md,1462,34,realtime,HISTORICAL_DOCUMENTATION,- Diagnostics from `outputs/pred/realtime/probe_realtime_missed3_263_debug/.../association_debug_events.csv`:
.agents/memory/01_PROJECT_MEMORY_SHORT.md,1469,15,realtime,HISTORICAL_DOCUMENTATION,## 2026-07-08 realtime coverage candidate
.agents/memory/01_PROJECT_MEMORY_SHORT.md,1471,12,realtime,HISTORICAL_DOCUMENTATION,- Baseline realtime at
.agents/memory/01_PROJECT_MEMORY_SHORT.md,1472,17,realtime,HISTORICAL_DOCUMENTATION,`outputs/eval/realtime/baseline_current/iou0_area0_condarea0_merge0` has a
.agents/memory/01_PROJECT_MEMORY_SHORT.md,1475,13,realtime,HISTORICAL_DOCUMENTATION,- Strongest realtime lever so far is `occlusion_aware_matching=false`; on the
.agents/memory/01_PROJECT_MEMORY_SHORT.md,1478,67,realtime,HISTORICAL_DOCUMENTATION,- Added opt-in `realtime_visible_close_competitor_guard=true` for realtime only
.agents/memory/01_PROJECT_MEMORY_SHORT.md,1488,19,realtime,HISTORICAL_DOCUMENTATION,- Current 5-video realtime candidate:
.agents/memory/01_PROJECT_MEMORY_SHORT.md,1489,17,realtime,HISTORICAL_DOCUMENTATION,`outputs/eval/realtime/probe_close_competitor_margin012_5video/iou0_area0_condarea0_merge0`.
.agents/memory/01_PROJECT_MEMORY_SHORT.md,1490,17,realtime,HISTORICAL_DOCUMENTATION,"Compared with realtime baseline subset, it is a large coverage/HOTA"
.agents/memory/01_PROJECT_MEMORY_SHORT.md,1494,38,realtime,HISTORICAL_DOCUMENTATION,- Do not promote this as the default realtime config yet. Next realtime work
.agents/memory/01_PROJECT_MEMORY_SHORT.md,1494,64,realtime,HISTORICAL_DOCUMENTATION,- Do not promote this as the default realtime config yet. Next realtime work
.agents/memory/02_CURRENT_DECISION.md,100,21,owner_preference,HISTORICAL_DOCUMENTATION,- `H1_R3_SCORE_NAME=owner_preference_lower_bound`
.agents/memory/02_CURRENT_DECISION.md,157,22,realtime_fast_h1_r2,HISTORICAL_DOCUMENTATION,`realtime_fast` and `realtime_fast_h1_r2` cache-only replay. All 770 candidate
.agents/memory/02_CURRENT_DECISION.md,320,11,realtime,HISTORICAL_DOCUMENTATION,## Active realtime runtime decision 2026-07-20
.agents/memory/02_CURRENT_DECISION.md,323,22,realtime_balanced,HISTORICAL_DOCUMENTATION,`realtime_fast` and `realtime_balanced` both remain causal and prediction-
.agents/memory/02_CURRENT_DECISION.md,328,69,realtime,HISTORICAL_DOCUMENTATION,Do not claim a speed winner or silently label either profile native realtime;
.agents/memory/02_CURRENT_DECISION.md,336,11,realtime,HISTORICAL_DOCUMENTATION,## Active realtime Pareto decision 2026-07-20
.agents/memory/02_CURRENT_DECISION.md,348,8,realtime,HISTORICAL_DOCUMENTATION,"native realtime. Balanced stays a valid quality reference, while Quality stays"
.agents/memory/02_CURRENT_DECISION.md,350,1,realtime,HISTORICAL_DOCUMENTATION,realtime-winner eligibility is withheld. Authority:
.agents/memory/02_CURRENT_DECISION.md,356,7,realtime_balanced,HISTORICAL_DOCUMENTATION,Keep `realtime_balanced` unchanged and retain the negative evidence at
.agents/memory/02_CURRENT_DECISION.md,371,53,realtime,HISTORICAL_DOCUMENTATION,Hybrid is the first dependency and is complete. The realtime selection is not
.agents/memory/02_CURRENT_DECISION.md,379,72,realtime,HISTORICAL_DOCUMENTATION,The paper-critical comparison is `bytetrack_raw` -> one selected valid realtime
.agents/memory/02_CURRENT_DECISION.md,381,52,realtime,HISTORICAL_DOCUMENTATION,"video universe, detector, GT, and evaluator. Three realtime profiles are not a"
.agents/memory/02_CURRENT_DECISION.md,384,61,realtime,HISTORICAL_DOCUMENTATION,"Pareto comparison, it replaces fast/balanced as the paper's realtime method and"
.agents/memory/02_CURRENT_DECISION.md,387,46,realtime,HISTORICAL_DOCUMENTATION,separately labeled delayed method until that realtime contract is proved.
.agents/memory/02_CURRENT_DECISION.md,396,11,realtime,HISTORICAL_DOCUMENTATION,## Active realtime Quality selection gate 2026-07-19
.agents/memory/02_CURRENT_DECISION.md,398,67,realtime,HISTORICAL_DOCUMENTATION,`realtime_quality` is a mandatory selection challenger before any realtime
.agents/memory/02_CURRENT_DECISION.md,399,51,realtime,HISTORICAL_DOCUMENTATION,winner is locked. This does not require all three realtime profiles in the
.agents/memory/02_CURRENT_DECISION.md,405,53,realtime,HISTORICAL_DOCUMENTATION,"HOTA `97.66%`, IDF1 `97.58%`, delay `-1`), not as a realtime winner. RQ1 lags"
.agents/memory/02_CURRENT_DECISION.md,433,11,realtime,HISTORICAL_DOCUMENTATION,## Active realtime Pareto selection 2026-07-19
.agents/memory/02_CURRENT_DECISION.md,459,20,realtime,HISTORICAL_DOCUMENTATION,must pass before a realtime method is selected.
.agents/memory/02_CURRENT_DECISION.md,469,40,realtime,HISTORICAL_DOCUMENTATION,That authority closes hybrid and opens realtime planning. No realtime
.agents/memory/02_CURRENT_DECISION.md,469,62,realtime,HISTORICAL_DOCUMENTATION,That authority closes hybrid and opens realtime planning. No realtime
.agents/memory/02_CURRENT_DECISION.md,618,59,realtime,HISTORICAL_DOCUMENTATION,Complete and authority-lock `hybrid_bytetrack` before any realtime transfer.
.agents/memory/02_CURRENT_DECISION.md,633,1,realtime,HISTORICAL_DOCUMENTATION,realtime study must use `realtime_fast` as its operational reference.
.agents/memory/02_CURRENT_DECISION.md,634,2,realtime_balanced,HISTORICAL_DOCUMENTATION,`realtime_balanced` is not considered solved merely because it improves over
.agents/memory/02_CURRENT_DECISION.md,643,13,realtime_balanced,HISTORICAL_DOCUMENTATION,The causal `realtime_balanced` profile now promotes hidden-detection
.agents/memory/02_CURRENT_DECISION.md,657,2,realtime_quality_delayed,HISTORICAL_DOCUMENTATION,`realtime_quality_delayed` keeps its reservation-disabled semantics.
.agents/memory/02_CURRENT_DECISION.md,667,22,realtime,HISTORICAL_DOCUMENTATION,The three hash-bound realtime baselines have now been replayed with
.agents/memory/02_CURRENT_DECISION.md,707,28,realtime,HISTORICAL_DOCUMENTATION,`23/23` for the two causal realtime profiles. Runtime R0 also passes on the
.agents/memory/03_PROJECT_RULES.md,24,46,realtime,HISTORICAL_DOCUMENTATION,"`hybrid_bytetrack` first; then select one realtime winner from valid Fast,"
.agents/memory/03_PROJECT_RULES.md,28,37,realtime,HISTORICAL_DOCUMENTATION,9. The paper does not require three realtime profiles. The minimum meaningful
.agents/memory/03_PROJECT_RULES.md,30,4,realtime,HISTORICAL_DOCUMENTATION,"realtime method, and `hybrid_bytetrack_best`. Additional realtime profiles"
.agents/memory/03_PROJECT_RULES.md,30,61,realtime,HISTORICAL_DOCUMENTATION,"realtime method, and `hybrid_bytetrack_best`. Additional realtime profiles"
.agents/memory/03_PROJECT_RULES.md,42,42,realtime,HISTORICAL_DOCUMENTATION,12. Quality must be evaluated before any realtime winner is locked. The paper
.agents/memory/03_PROJECT_RULES.md,43,38,realtime,HISTORICAL_DOCUMENTATION,"still need not include all three realtime profiles, but omission is a"
.agents/memory/03_PROJECT_RULES.md,48,47,realtime,HISTORICAL_DOCUMENTATION,labeled delayed and cannot be ranked as a realtime winner. Use the
.agents/memory/03_PROJECT_RULES.md,51,20,realtime,HISTORICAL_DOCUMENTATION,14. Never select a realtime winner from accuracy alone. Require all applicable
.agents/memory/03_PROJECT_RULES.md,59,11,realtime,HISTORICAL_DOCUMENTATION,paper realtime method.
.agents/memory/05_PROJECT_MEMORY_LONG.md,51,17,realtime,HISTORICAL_DOCUMENTATION,4. Support near-realtime/realtime modes when configured.
.agents/memory/05_PROJECT_MEMORY_LONG.md,51,26,realtime,HISTORICAL_DOCUMENTATION,4. Support near-realtime/realtime modes when configured.
.agents/memory/05_PROJECT_MEMORY_LONG.md,108,1,realtime,HISTORICAL_DOCUMENTATION,realtime
.agents/memory/05_PROJECT_MEMORY_LONG.md,161,7,realtime,HISTORICAL_DOCUMENTATION,- `realtime` and `bytetrack_raw` use simpler `det_conf` filtering
.agents/memory/06_BENCHMARK_NOTES.md,177,44,realtime,HISTORICAL_DOCUMENTATION,No speed advantage is claimed and native realtime is not yet locked.
.agents/memory/06_BENCHMARK_NOTES.md,186,15,realtime,HISTORICAL_DOCUMENTATION,## 2026-07-19 realtime selection metrics are multi-objective
.agents/memory/06_BENCHMARK_NOTES.md,188,50,realtime,HISTORICAL_DOCUMENTATION,- Accuracy is necessary but not sufficient for a realtime winner. The frozen
.agents/memory/06_BENCHMARK_NOTES.md,222,15,realtime,HISTORICAL_DOCUMENTATION,## 2026-07-19 realtime Pareto selection
.agents/memory/06_BENCHMARK_NOTES.md,230,61,realtime,HISTORICAL_DOCUMENTATION,- Quality has the highest post-video HOTA/IDF1 but is not a realtime authority:
.agents/memory/06_BENCHMARK_NOTES.md,253,8,realtime_balanced,HISTORICAL_DOCUMENTATION,and `realtime_balanced` as the first optimization target. Full-13 remains
.agents/memory/06_BENCHMARK_NOTES.md,298,15,realtime_balanced,HISTORICAL_DOCUMENTATION,## 2026-07-18 realtime_balanced hidden-reservation promotion
.agents/memory/06_BENCHMARK_NOTES.md,345,15,realtime,HISTORICAL_DOCUMENTATION,## 2026-07-18 realtime R0 runtime causality gate
.agents/memory/06_BENCHMARK_NOTES.md,347,24,realtime_balanced,HISTORICAL_DOCUMENTATION,- `realtime_fast` and `realtime_balanced` were run on `000263` through frame
.agents/memory/08_WORKFLOW.md,413,10,realtime_quality_delayed,HISTORICAL_DOCUMENTATION,4. Keep `realtime_quality_delayed` in the Pareto/report evidence as a
.agents/memory/08_WORKFLOW.md,414,49,realtime,HISTORICAL_DOCUMENTATION,"post-video upper bound, but do not call it a realtime winner. Reopen its"
.agents/memory/08_WORKFLOW.md,415,4,realtime,HISTORICAL_DOCUMENTATION,realtime contract only with a new causal/fixed-delay hypothesis and the
.agents/memory/08_WORKFLOW.md,440,30,realtime,HISTORICAL_DOCUMENTATION,right to become the paper realtime winner.
.agents/memory/08_WORKFLOW.md,451,4,realtime,HISTORICAL_DOCUMENTATION,realtime winner. Quality is mandatory: a valid finite-delay Quality
.agents/memory/08_WORKFLOW.md,463,4,realtime,HISTORICAL_DOCUMENTATION,realtime -> hybrid.
.agents/memory/08_WORKFLOW.md,464,39,realtime,HISTORICAL_DOCUMENTATION,7. Do not spend time completing three realtime modes unless each earns a
.agents/memory/08_WORKFLOW.md,479,15,realtime,HISTORICAL_DOCUMENTATION,7. Keep every realtime profile closed until hybrid has a separate stop-gate
.agents/memory/08_WORKFLOW.md,496,67,realtime,HISTORICAL_DOCUMENTATION,6. Recompute residual hybrid events after every promotion. Open a realtime
.agents/skills/examples/discovery_scenarios.json,26,36,realtime,GENERIC_AUDIT_TOOLING,"""prompt"": ""Đánh giá tracking realtime và hybrid_bytetrack theo HOTA/IDSW."","
.agents/skills/skill_registry.json,66,10,realtime,GENERIC_AUDIT_TOOLING,"""realtime"","
.agents/skills/tracking-experiment-guardian/SKILL.md,6,33,realtime,GENERIC_AUDIT_TOOLING,"before changing or evaluating realtime, ByteTrack, hybrid association,"
.agents/skills/tracking-experiment-guardian/SKILL.md,33,45,realtime_balanced,GENERIC_AUDIT_TOOLING,"Guard `hybrid_bytetrack`, `realtime_fast`, `realtime_balanced`, and"
.agents/skills/tracking-experiment-guardian/SKILL.md,34,2,realtime_quality_delayed,GENERIC_AUDIT_TOOLING,"`realtime_quality_delayed`. The existing detector conclusions, profile"
.agents/skills/tracking-experiment-guardian/SKILL.md,44,1,realtime,GENERIC_AUDIT_TOOLING,realtime merely because one hybrid candidate was promoted.
.agents/skills/tracking-experiment-guardian/SKILL.md,84,67,realtime,GENERIC_AUDIT_TOOLING,with its stop-gate evidence before transferring technology to realtime.
.agents/skills/tracking-experiment-guardian/SKILL.md,125,16,realtime,GENERIC_AUDIT_TOOLING,mechanism to realtime. Do not tune a realtime profile in the same experiment.
.agents/skills/tracking-experiment-guardian/SKILL.md,125,40,realtime,GENERIC_AUDIT_TOOLING,mechanism to realtime. Do not tune a realtime profile in the same experiment.
.agents/skills/tracking-experiment-guardian/SKILL.md,126,66,realtime,GENERIC_AUDIT_TOOLING,"- After hybrid promotion, use `realtime_fast` as the operational realtime"
.agents/skills/tracking-experiment-guardian/SKILL.md,127,22,realtime_balanced,GENERIC_AUDIT_TOOLING,reference. Accept `realtime_balanced` only when it passes a predeclared
.agents/skills/tracking-experiment-guardian/SKILL.md,132,31,realtime,GENERIC_AUDIT_TOOLING,- Preserve the three existing realtime profiles; do not create duplicates.
.agents/skills/tracking-experiment-guardian/SKILL.md,133,30,realtime_balanced,GENERIC_AUDIT_TOOLING,- Treat `realtime_fast` and `realtime_balanced` as causal zero-delay profiles.
.agents/skills/tracking-experiment-guardian/SKILL.md,134,10,realtime_quality_delayed,GENERIC_AUDIT_TOOLING,- Treat `realtime_quality_delayed` as `post_video_global_graph` with delay `-1`
.agents/skills/tracking-experiment-guardian/SKILL.md,141,46,realtime,GENERIC_AUDIT_TOOLING,- Preserve or improve `000302` IDSW for each realtime profile against its
.agents/skills/tracking-experiment-guardian/SKILL.md,170,61,realtime,GENERIC_AUDIT_TOOLING,- Stay within the latency and memory budget of the affected realtime profile.
.agents/skills/tracking-experiment-guardian/examples/scenario.md,4,32,realtime,GENERIC_AUDIT_TOOLING,parent. Do not tune or compare realtime profiles in the same experiment. Bind
.agents/skills/tracking-experiment-guardian/examples/scenario.md,44,1,realtime,GENERIC_AUDIT_TOOLING,realtime experiment. Use `realtime_fast` as the operational reference and
.codex_runs/old_bytetrack/Updating Tracking Pipeline Plan.md,15,17,realtime,HISTORICAL_MANIFEST_OR_EVIDENCE,7. Mọi thay đổi realtime không được phụ thuộc XML/CVAT. XML chỉ chạy trong gt_export mode.
.codex_runs/old_bytetrack/Updating Tracking Pipeline Plan.md,167,6,realtime_balanced,HISTORICAL_MANIFEST_OR_EVIDENCE,- realtime_balanced
.codex_runs/old_bytetrack/Updating Tracking Pipeline Plan.md,196,70,realtime_balanced,HISTORICAL_MANIFEST_OR_EVIDENCE,"7. Benchmark comparisons using 3 distinct profiles (`baseline_old`, `realtime_balanced`, `gt_export_quality`)."
.codex_runs/old_bytetrack/Updating Tracking Pipeline Plan.md,204,117,realtime,HISTORICAL_MANIFEST_OR_EVIDENCE,"Mục tiêu chính của hệ thống là tracking 8 con lợn ổn định theo từng ID để phục vụ theo dõi sức khỏe trên laptop/gần realtime. Export XML CVAT chỉ là chức năng phụ trong `gt_export` mode để giảm thời gian tạo ground truth, không phải mục tiêu chính của pipeline."
.codex_runs/old_bytetrack/Updating Tracking Pipeline Plan.md,214,16,realtime,HISTORICAL_MANIFEST_OR_EVIDENCE,5. Cần tách rõ realtime tracking và gt_export.
.codex_runs/old_bytetrack/Updating Tracking Pipeline Plan.md,246,9,realtime,HISTORICAL_MANIFEST_OR_EVIDENCE,"mode = ""realtime""  # ""realtime"" hoặc ""gt_export"""
.codex_runs/old_bytetrack/Updating Tracking Pipeline Plan.md,246,23,realtime,HISTORICAL_MANIFEST_OR_EVIDENCE,"mode = ""realtime""  # ""realtime"" hoặc ""gt_export"""
.codex_runs/old_bytetrack/Updating Tracking Pipeline Plan.md,372,9,realtime,HISTORICAL_MANIFEST_OR_EVIDENCE,"mode = ""realtime"""
.codex_runs/old_bytetrack/Updating Tracking Pipeline Plan.md,383,9,realtime,HISTORICAL_MANIFEST_OR_EVIDENCE,"Nếu cần realtime fast, tạo profile riêng:"
.codex_runs/old_bytetrack/Updating Tracking Pipeline Plan.md,386,9,realtime,HISTORICAL_MANIFEST_OR_EVIDENCE,"mode = ""realtime"""
.codex_runs/old_bytetrack/Updating Tracking Pipeline Plan.md,396,42,realtime_balanced,HISTORICAL_MANIFEST_OR_EVIDENCE,Không đặt `detect_every_n_frames=5` cho `realtime_balanced`. Profile balanced nên dùng `1` hoặc `2`.
.codex_runs/old_bytetrack/Updating Tracking Pipeline Plan.md,484,40,realtime,HISTORICAL_MANIFEST_OR_EVIDENCE,"`max_det` không được là 8. Dùng 20 cho realtime balanced, 30 cho gt_export quality."
.codex_runs/old_bytetrack/Updating Tracking Pipeline Plan.md,540,3,realtime,HISTORICAL_MANIFEST_OR_EVIDENCE,→ realtime output hoặc gt_export XML
.codex_runs/old_bytetrack/Updating Tracking Pipeline Plan.md,543,38,realtime,HISTORICAL_MANIFEST_OR_EVIDENCE,Không slice raw detections trong cả `realtime` và `gt_export` trước deduplication.
.codex_runs/old_bytetrack/Updating Tracking Pipeline Plan.md,844,5,realtime_balanced,HISTORICAL_MANIFEST_OR_EVIDENCE,### realtime_balanced
.codex_runs/old_bytetrack/Updating Tracking Pipeline Plan.md,849,8,realtime,HISTORICAL_MANIFEST_OR_EVIDENCE,mode = realtime
.codex_runs/old_bytetrack/Updating Tracking Pipeline Plan.md,862,8,realtime,HISTORICAL_MANIFEST_OR_EVIDENCE,mode = realtime
.codex_runs/old_bytetrack/Updating Tracking Pipeline Plan.md,905,43,realtime_balanced,HISTORICAL_MANIFEST_OR_EVIDENCE,"python scripts\eval_pipeline.py --profile realtime_balanced -v Pigs281119_000085_30fps,Pigs291119_000263_30fps,Pigs291119_000302_30fps,Pigs291119_000226_30fps"
.codex_runs/old_bytetrack/Updating Tracking Pipeline Plan.md,986,15,realtime,HISTORICAL_MANIFEST_OR_EVIDENCE,1. Có `mode = realtime / gt_export`.
.codex_runs/old_bytetrack/Updating Tracking Pipeline Plan.md,1005,32,realtime_balanced,HISTORICAL_MANIFEST_OR_EVIDENCE,"15. Benchmark có baseline_old, realtime_balanced, realtime_fast, gt_export_quality."
.codex_runs/old_bytetrack/Updating Tracking Pipeline Plan.md,2317,20,realtime_balanced,HISTORICAL_MANIFEST_OR_EVIDENCE,"I will modify the `realtime_balanced` profile in `configs/tracking_paths.json` to use `""imgsz"": 640` instead of `960`. This aligns with the ""imgsz = 960 hoặc 640 tùy laptop"" flexibility specified in the user request, and will dramatically speed up CPU inference."
.codex_runs/old_bytetrack/Updating Tracking Pipeline Plan.md,2890,12,realtime_balanced,HISTORICAL_MANIFEST_OR_EVIDENCE,1. Launch `realtime_balanced` benchmark
.codex_runs/old_bytetrack/Updating Tracking Pipeline Plan.md,2901,96,realtime_balanced,HISTORICAL_MANIFEST_OR_EVIDENCE,`task-1093` đã hoàn thành! Hãy đọc kết quả metrics đầy đủ cho cả 3 video rồi launch benchmark `realtime_balanced`.
.codex_runs/old_bytetrack/Updating Tracking Pipeline Plan.md,2909,107,realtime_balanced,HISTORICAL_MANIFEST_OR_EVIDENCE,Baseline_old đã xong hoàn toàn. Tôi thấy report chỉ lưu 1 video mỗi lần chạy (overwrite). Bây giờ launch `realtime_balanced` ngay:
.codex_runs/old_bytetrack/Updating Tracking Pipeline Plan.md,2911,89,realtime_balanced,HISTORICAL_MANIFEST_OR_EVIDENCE,"*User accepted the command `.venv\Scripts\python.exe scripts\eval_pipeline.py --profile realtime_balanced -v Pigs281119_000085_30fps,Pigs291119_000263_30fps,Pigs291119_000302_30fps --force-track --no-benchmark-rules --device cpu`*"
.codex_runs/old_bytetrack/Updating Tracking Pipeline Plan.md,2915,2,realtime_balanced,HISTORICAL_MANIFEST_OR_EVIDENCE,"`realtime_balanced` đã launch. Trong lúc chờ, hãy ghi lại kết quả baseline_old đã có và tạo walkthrough artifact."
.codex_runs/old_bytetrack/Updating Tracking Pipeline Plan.md,2931,16,realtime_balanced,HISTORICAL_MANIFEST_OR_EVIDENCE,- `task-1229` (realtime_balanced) đang chạy background — sẽ tốn ~6-9 phút/video × 3 videos
.codex_runs/old_bytetrack/Updating Tracking Pipeline Plan.md,2935,43,realtime_balanced,HISTORICAL_MANIFEST_OR_EVIDENCE,Đã schedule wakeup sau 10 phút. Đang chờ `realtime_balanced` (task-1229) hoàn thành. Tôi sẽ tự động kiểm tra và tiếp tục khi timer kích hoạt hoặc task báo xong.
.codex_runs/old_bytetrack/Updating Tracking Pipeline Plan.md,2948,2,realtime_balanced,HISTORICAL_MANIFEST_OR_EVIDENCE,"`realtime_balanced` Ä‘Ă£ hoĂ n thĂ nh. Káº¿t quáº£ evaluation hiá»‡n táº¡i váº«n chá»‰ cĂ³ `1` video GT há»£p lá»‡ Ä‘Æ°á»£c tĂ­nh metric (`Pigs291119_000302_30fps`), nĂªn cáº§n ghi rĂµ Ä‘iá»u nĂ y khi so sĂ¡nh profile."
.codex_runs/old_bytetrack/Updating Tracking Pipeline Plan.md,2950,16,realtime_balanced,HISTORICAL_MANIFEST_OR_EVIDENCE,**Káº¿t quáº£ `realtime_balanced` (video `Pigs291119_000302_30fps`):**
.codex_runs/old_bytetrack/Updating Tracking Pipeline Plan.md,2970,3,realtime_balanced,HISTORICAL_MANIFEST_OR_EVIDENCE,| realtime_balanced | Pigs291119_000302_30fps | 66.63% | 80.00% | 68.68% | 99.85% | 66.73% | 0 | 510 | 14 | 4766 | 100.00% |
.codex_runs/old_bytetrack/Updating Tracking Pipeline Plan.md,2973,35,realtime_balanced,HISTORICAL_MANIFEST_OR_EVIDENCE,"- TrĂªn video GT Ä‘ang evaluate, `realtime_balanced` chÆ°a táº¡o khĂ¡c biá»‡t so vá»›i `baseline_old`."
.codex_runs/old_bytetrack/Updating Tracking Pipeline Plan.md,2981,7,realtime_balanced,HISTORICAL_MANIFEST_OR_EVIDENCE,- `realtime_balanced`
.codex_runs/old_bytetrack/configs/tracking_paths.json,33,6,realtime_balanced,HISTORICAL_MANIFEST_OR_EVIDENCE,"""realtime_balanced"": {"
.codex_runs/old_bytetrack/configs/tracking_paths.json,38,42,realtime_balanced,HISTORICAL_MANIFEST_OR_EVIDENCE,"""output_dir"": ""outputs/id_tracking/realtime_balanced"","
.codex_runs/old_bytetrack/configs/tracking_paths.json,41,47,realtime_balanced,HISTORICAL_MANIFEST_OR_EVIDENCE,"""prediction_root"": ""outputs/id_tracking/realtime_balanced"","
.codex_runs/old_bytetrack/configs/tracking_paths.json,42,70,realtime_balanced,HISTORICAL_MANIFEST_OR_EVIDENCE,"""evaluation_output_root"": ""outputs/evaluation/tracking_metrics/realtime_balanced"","
.codex_runs/old_bytetrack/configs/tracking_paths.json,43,16,realtime,HISTORICAL_MANIFEST_OR_EVIDENCE,"""mode"": ""realtime"","
.codex_runs/old_bytetrack/configs/tracking_paths.json,62,16,realtime,HISTORICAL_MANIFEST_OR_EVIDENCE,"""mode"": ""realtime"","
.codex_runs/old_bytetrack/scripts/eval_pipeline.py,33,85,realtime,HISTORICAL_MANIFEST_OR_EVIDENCE,python scripts/eval_pipeline.py -v data/videos/Pigs291119_000263_30fps.mp4 --mode realtime
.codex_runs/old_bytetrack/scripts/eval_pipeline.py,64,32,realtime,HISTORICAL_MANIFEST_OR_EVIDENCE,"choices=[""bytetrack"", ""realtime"", ""gt_export""],"
.codex_runs/old_bytetrack/scripts/run_realtime_default.bat,6,101,realtime,HISTORICAL_MANIFEST_OR_EVIDENCE,.venv\Scripts\python.exe scripts\run_tracking.py -v Pigs281119_000085_30fps --max-frames 100 --mode realtime
.codex_runs/old_bytetrack/scripts/run_realtime_skip_frames.bat,6,101,realtime,HISTORICAL_MANIFEST_OR_EVIDENCE,.venv\Scripts\python.exe scripts\run_tracking.py -v Pigs281119_000085_30fps --max-frames 100 --mode realtime --detect-every-n-frames 2
.codex_runs/old_bytetrack/scripts/run_roboflow_tracking.py,81,39,realtime,HISTORICAL_MANIFEST_OR_EVIDENCE,"""--mode"", type=str, choices=[""realtime"", ""gt_export""], default=""realtime"", help=""Tracking mode."""
.codex_runs/old_bytetrack/scripts/run_roboflow_tracking.py,81,73,realtime,HISTORICAL_MANIFEST_OR_EVIDENCE,"""--mode"", type=str, choices=[""realtime"", ""gt_export""], default=""realtime"", help=""Tracking mode."""
.codex_runs/old_bytetrack/src/pig_behavior/api/dashboard.py,316,11,realtime,HISTORICAL_MANIFEST_OR_EVIDENCE,realtime: true
.codex_runs/old_bytetrack/src/pig_behavior/api/dependencies.py,174,9,realtime,HISTORICAL_MANIFEST_OR_EVIDENCE,"realtime=_env_flag(""PIG_BEHAVIOR_REALTIME"", default=True),"
.codex_runs/old_bytetrack/src/pig_behavior/api/routes/tracking.py,83,9,realtime,HISTORICAL_MANIFEST_OR_EVIDENCE,"realtime=request.realtime,"
.codex_runs/old_bytetrack/src/pig_behavior/api/routes/tracking.py,83,26,realtime,HISTORICAL_MANIFEST_OR_EVIDENCE,"realtime=request.realtime,"
.codex_runs/old_bytetrack/src/pig_behavior/api/schemas.py,71,5,realtime,HISTORICAL_MANIFEST_OR_EVIDENCE,realtime: bool = True
.codex_runs/old_bytetrack/src/pig_behavior/evaluation/tracking_pipeline.py,133,32,realtime,HISTORICAL_MANIFEST_OR_EVIDENCE,"choices=[""bytetrack"", ""realtime"", ""gt_export""],"
.codex_runs/old_bytetrack/src/pig_behavior/evaluation/tracking_pipeline.py,135,54,realtime,HISTORICAL_MANIFEST_OR_EVIDENCE,"help=""Mode to run the tracker in (bytetrack, realtime, or gt_export)."","
.codex_runs/old_bytetrack/src/pig_behavior/services/video_tracking.py,39,5,realtime,HISTORICAL_MANIFEST_OR_EVIDENCE,realtime: bool = True
.codex_runs/old_bytetrack/src/pig_behavior/services/video_tracking.py,94,18,realtime,HISTORICAL_MANIFEST_OR_EVIDENCE,"""realtime"": self.config.realtime,"
.codex_runs/old_bytetrack/src/pig_behavior/services/video_tracking.py,94,41,realtime,HISTORICAL_MANIFEST_OR_EVIDENCE,"""realtime"": self.config.realtime,"
.codex_runs/old_bytetrack/src/pig_behavior/services/video_tracking.py,235,32,realtime,HISTORICAL_MANIFEST_OR_EVIDENCE,if self.config.realtime:
.codex_runs/old_bytetrack/src/pig_behavior/tracking/cli.py,128,19,realtime,HISTORICAL_MANIFEST_OR_EVIDENCE,"choices=[""realtime"", ""bytetrack"", ""gt_export""],"
.codex_runs/old_bytetrack/src/pig_behavior/tracking/cli.py,129,18,realtime,HISTORICAL_MANIFEST_OR_EVIDENCE,"default=""realtime"","
.codex_runs/old_bytetrack/src/pig_behavior/tracking/cli.py,151,52,realtime,HISTORICAL_MANIFEST_OR_EVIDENCE,"help=""Enable offline smoothing/refinement (realtime mode ignores this)."","
.codex_runs/old_bytetrack/src/pig_behavior/tracking/config.py,77,18,realtime,HISTORICAL_MANIFEST_OR_EVIDENCE,"mode: str = ""realtime""  # realtime, bytetrack, or gt_export"
.codex_runs/old_bytetrack/src/pig_behavior/tracking/config.py,77,31,realtime,HISTORICAL_MANIFEST_OR_EVIDENCE,"mode: str = ""realtime""  # realtime, bytetrack, or gt_export"
.codex_runs/old_bytetrack/src/pig_behavior/tracking/config.py,205,10,realtime,HISTORICAL_MANIFEST_OR_EVIDENCE,"""realtime"","
.codex_runs/old_bytetrack/src/pig_behavior/tracking/config.py,209,48,realtime,HISTORICAL_MANIFEST_OR_EVIDENCE,"raise ValueError(""mode must be one of: realtime, bytetrack, gt_export."")"
.codex_runs/old_bytetrack/src/pig_behavior/tracking/config.py,214,37,realtime,HISTORICAL_MANIFEST_OR_EVIDENCE,# pipeline defaults used by realtime and gt_export.
.codex_runs/old_bytetrack/src/pig_behavior/tracking/config.py,255,14,realtime,HISTORICAL_MANIFEST_OR_EVIDENCE,"# In realtime mode, explicitly turn off offline smoothing / post-processing"
.codex_runs/old_bytetrack/src/pig_behavior/tracking/detections.py,252,35,realtime,HISTORICAL_MANIFEST_OR_EVIDENCE,or just filter by det_conf in realtime.
.codex_runs/old_bytetrack/src/pig_behavior/tracking/detections.py,254,21,realtime,HISTORICAL_MANIFEST_OR_EVIDENCE,"if cfg.mode == ""realtime"":"
.codex_runs/old_bytetrack/tests/test_tracking_improvements.py,106,32,realtime,HISTORICAL_MANIFEST_OR_EVIDENCE,"cfg = TrackingConfig(mode=""realtime"", max_missing_frames=30)"
.codex_runs/old_bytetrack/tests/test_tracking_improvements.py,127,32,realtime,HISTORICAL_MANIFEST_OR_EVIDENCE,"cfg = TrackingConfig(mode=""realtime"")"
.codex_tmp/realtime_motion_relabel_probe.py,393,16,realtime,HISTORICAL_DOCUMENTATION,"/ ""realtime"""
.codex_tmp/realtime_motion_relabel_probe.py,422,10,realtime,HISTORICAL_DOCUMENTATION,"""realtime"","
.tmp/track_child_stdout.log,1,76,realtime,HISTORICAL_DOCUMENTATION,"2026-07-03 04:25:21,272 [INFO] pig_behavior.tracking.runner: tracking mode=realtime tracker_type=bytetrack cvat_video_xml=False"
Kế Hoạch Tương Lai.md,3,14,realtime,HISTORICAL_DOCUMENTATION,## Goal mới: realtime online challenger — 2026-07-20
Kế Hoạch Tương Lai.md,5,21,realtime,HISTORICAL_DOCUMENTATION,- Mục tiêu vận hành realtime chuyển sang một challenger online-only; chỉ dùng
Kế Hoạch Tương Lai.md,7,27,realtime_balanced,HISTORICAL_DOCUMENTATION,- Giữ `realtime_fast` và `realtime_balanced` làm control bất biến. Fast là
Kế Hoạch Tương Lai.md,10,14,realtime_quality_delayed,HISTORICAL_DOCUMENTATION,- Không coi `realtime_quality_delayed` hiện tại là ứng viên realtime: delay
Kế Hoạch Tương Lai.md,10,61,realtime,HISTORICAL_DOCUMENTATION,- Không coi `realtime_quality_delayed` hiện tại là ứng viên realtime: delay
Kế Hoạch Tương Lai.md,12,46,realtime,HISTORICAL_DOCUMENTATION,bằng chứng âm; challenger mới thay vai trò realtime quality nếu thắng gate.
Kế Hoạch Tương Lai.md,19,66,realtime,HISTORICAL_DOCUMENTATION,được khai báo là gate bắt buộc; không gọi profile dưới gate là realtime winner.
Kế Hoạch Tương Lai.md,29,18,realtime,HISTORICAL_DOCUMENTATION,## Override chọn realtime winner ngày 2026-07-19
Kế Hoạch Tương Lai.md,31,19,realtime,HISTORICAL_DOCUMENTATION,### Tiêu chí chọn realtime: Pareto đa mục tiêu
Kế Hoạch Tương Lai.md,33,14,realtime,HISTORICAL_DOCUMENTATION,"- Không chọn realtime chỉ theo HOTA, IDF1 hoặc IDSW. Candidate phải qua các"
Kế Hoạch Tương Lai.md,39,51,realtime,HISTORICAL_DOCUMENTATION,toàn bộ các chiều và trade-off phù hợp use case realtime đã công bố.
Kế Hoạch Tương Lai.md,49,20,realtime,HISTORICAL_DOCUMENTATION,### Quyền chọn của realtime Quality (bắt buộc)
Kế Hoạch Tương Lai.md,51,41,realtime_quality_delayed,HISTORICAL_DOCUMENTATION,- `realtime_quality` (profile hiện có: `realtime_quality_delayed`) là ứng viên
Kế Hoạch Tương Lai.md,52,3,realtime,HISTORICAL_DOCUMENTATION,"realtime chính thức, có cùng quyền thắng Pareto như Fast và Balanced."
Kế Hoạch Tương Lai.md,54,11,realtime,HISTORICAL_DOCUMENTATION,profile realtime. Việc bỏ bớt profile là quyết định trình bày sau khi đã
Kế Hoạch Tương Lai.md,61,3,realtime,HISTORICAL_DOCUMENTATION,"realtime winner, nhưng phải giữ làm bằng chứng chất lượng và mốc so sánh."
Kế Hoạch Tương Lai.md,77,11,realtime,HISTORICAL_DOCUMENTATION,xếp làm realtime winner.
Kế Hoạch Tương Lai.md,98,12,realtime,HISTORICAL_DOCUMENTATION,- Các lane realtime vẫn đóng; sau khi hybrid hoàn tất mới lấy fast làm mốc
Kế Hoạch Tương Lai.md,115,44,realtime,HISTORICAL_DOCUMENTATION,rồi mới full-13 và repeat. Không mở lane realtime chỉ vì near-wall candidate
Kế Hoạch Tương Lai.md,117,29,realtime,HISTORICAL_DOCUMENTATION,- Chỉ chuyển công nghệ sang realtime sau một decision riêng xác nhận hybrid
Kế Hoạch Tương Lai.md,124,19,realtime,HISTORICAL_DOCUMENTATION,cơ chế nào sang realtime. Không tối ưu hai lane trong cùng một experiment.
Kế Hoạch Tương Lai.md,128,8,realtime,HISTORICAL_DOCUMENTATION,- Lane realtime tiếp theo dùng `realtime_fast` làm mốc vận hành. Balanced chỉ
Kế Hoạch Tương Lai.md,152,11,realtime,HISTORICAL_DOCUMENTATION,"profile realtime, nhưng dùng `include_hidden=false`. Giữ nó để tương thích;"
Kế Hoạch Tương Lai.md,156,4,realtime_balanced,HISTORICAL_DOCUMENTATION,"- `realtime_balanced`: IDSW `75`, HOTA `92.77%`, IDF1 `93.12%`, FP/FN"
Kế Hoạch Tương Lai.md,158,4,realtime_quality_delayed,HISTORICAL_DOCUMENTATION,"- `realtime_quality_delayed`: IDSW `21`, HOTA `96.60%`, IDF1 `97.02%`,"
Kế Hoạch Tương Lai.md,163,8,realtime,HISTORICAL_DOCUMENTATION,Các số realtime ở trên đều thuộc hợp đồng exclude-Hidden lịch sử. Không dùng
Kế Hoạch Tương Lai.md,171,4,realtime_balanced,HISTORICAL_DOCUMENTATION,"- `realtime_balanced`: IDSW `133`, HOTA `93.9254%`, IDF1 `93.7140%`, FP/FN"
Kế Hoạch Tương Lai.md,173,11,realtime_quality_delayed,HISTORICAL_DOCUMENTATION,"- Parent `realtime_quality_delayed` với simple gain `0.005`: IDSW `168`,"
Kế Hoạch Tương Lai.md,191,14,realtime,HISTORICAL_DOCUMENTATION,- Ba profile realtime đã được triển khai trong code và đã benchmark tại
Kế Hoạch Tương Lai.md,196,23,realtime_balanced,HISTORICAL_DOCUMENTATION,"- `realtime_fast` và `realtime_balanced`: causal, không sửa output đã phát."
Kế Hoạch Tương Lai.md,197,4,realtime_quality_delayed,HISTORICAL_DOCUMENTATION,- `realtime_quality_delayed`: chỉ được gọi fixed-delay sau khi chứng minh mọi
Kế Hoạch Tương Lai.md,201,15,realtime,HISTORICAL_DOCUMENTATION,hybrid sang realtime.
Kế Hoạch Tương Lai.md,254,45,realtime_balanced,HISTORICAL_DOCUMENTATION,- `realtime_fast` không chậm hơn baseline; `realtime_balanced` có p95 không
Kế Hoạch Tương Lai.md,280,30,realtime,HISTORICAL_DOCUMENTATION,- Test profile tách biệt raw/realtime/hybrid và default flag không đổi.
Kế Hoạch Tương Lai.md,292,12,realtime,HISTORICAL_DOCUMENTATION,- Hard set realtime:
Kế Hoạch Tương Lai.md,333,62,realtime,HISTORICAL_DOCUMENTATION,- `local_pair_swap_repair=true` cũng chưa chạy trong profile realtime vì nằm
Kế Hoạch Tương Lai.md,336,54,realtime,HISTORICAL_DOCUMENTATION,fixed-lag implementation; chưa được quảng bá nó là realtime thuần.
Kế Hoạch Tương Lai.md,403,11,realtime_balanced,HISTORICAL_DOCUMENTATION,"- `RB0`: `realtime_balanced` từ `MC0`, causal baseline."
Kế Hoạch Tương Lai.md,423,60,realtime,HISTORICAL_DOCUMENTATION,hoạch này. Các mục lịch sử bên dưới về việc tạo ba profile realtime đã hoàn
Kế Hoạch Tương Lai.md,458,33,realtime,HISTORICAL_DOCUMENTATION,Mode này không cần đúng nghĩa realtime. Nó ưu tiên metric và tính ổn định ID.
Kế Hoạch Tương Lai.md,460,3,realtime,HISTORICAL_DOCUMENTATION,realtime
Kế Hoạch Tương Lai.md,483,68,realtime,HISTORICAL_DOCUMENTATION,"Những logic này chỉ cần trạng thái hiện tại/quá khứ, nên phù hợp realtime."
Kế Hoạch Tương Lai.md,493,10,realtime,HISTORICAL_DOCUMENTATION,camera realtime vẫn hiển thị trễ 0.2-0.5 giây để đổi lấy ID ổn
Kế Hoạch Tương Lai.md,503,53,realtime,HISTORICAL_DOCUMENTATION,Đây là logic hậu xử lý offline. Nếu đưa thẳng vào realtime sẽ sai bản chất
Kế Hoạch Tương Lai.md,504,4,realtime,HISTORICAL_DOCUMENTATION,"“realtime”. Nếu muốn dùng, phải đổi thành delayed_realtime với"
Kế Hoạch Tương Lai.md,505,28,realtime,HISTORICAL_DOCUMENTATION,"buffer dài, không gọi là realtime thuần."
Kế Hoạch Tương Lai.md,509,8,realtime,HISTORICAL_DOCUMENTATION,Tách realtime thành 3 profile:
Kế Hoạch Tương Lai.md,522,3,realtime_balanced,HISTORICAL_DOCUMENTATION,realtime_balanced
Kế Hoạch Tương Lai.md,532,3,realtime_quality_delayed,HISTORICAL_DOCUMENTATION,realtime_quality_delayed
Kế Hoạch Tương Lai.md,580,5,realtime,HISTORICAL_DOCUMENTATION,- realtime: mode hiện tại
Kế Hoạch Tương Lai.md,592,16,realtime,HISTORICAL_DOCUMENTATION,Giai đoạn 3: realtime causal guard port
Kế Hoạch Tương Lai.md,594,33,realtime,HISTORICAL_DOCUMENTATION,Port từng phần từ hybrid sang realtime theo thứ tự:
Kế Hoạch Tương Lai.md,614,5,realtime,HISTORICAL_DOCUMENTATION,- realtime: low-latency streaming
Kế Hoạch Tương Lai.md,620,35,realtime,HISTORICAL_DOCUMENTATION,"baseline, không nên ép nó thành realtime. Nhưng realtime có thể học từ"
Kế Hoạch Tương Lai.md,620,51,realtime,HISTORICAL_DOCUMENTATION,"baseline, không nên ép nó thành realtime. Nhưng realtime có thể học từ"
Kế Hoạch Tương Lai.md,623,23,realtime,HISTORICAL_DOCUMENTATION,• Các bước nâng cấp realtime nên đi theo hướng không copy nguyên
Kế Hoạch Tương Lai.md,627,12,realtime,HISTORICAL_DOCUMENTATION,Mục tiêu realtime
Kế Hoạch Tương Lai.md,629,3,realtime,HISTORICAL_DOCUMENTATION,realtime nên có 3 profile rõ:
Kế Hoạch Tương Lai.md,634,6,realtime_balanced,HISTORICAL_DOCUMENTATION,2. realtime_balanced
Kế Hoạch Tương Lai.md,638,6,realtime_quality_delayed,HISTORICAL_DOCUMENTATION,3. realtime_quality_delayed
Kế Hoạch Tương Lai.md,642,30,realtime,HISTORICAL_DOCUMENTATION,Bước 1: Đóng băng baseline realtime hiện tại
Kế Hoạch Tương Lai.md,649,12,realtime,HISTORICAL_DOCUMENTATION,--mode realtime ^
Kế Hoạch Tương Lai.md,651,32,realtime,HISTORICAL_DOCUMENTATION,--output-root outputs\eval\realtime\baseline_current ^
Kế Hoạch Tương Lai.md,652,36,realtime,HISTORICAL_DOCUMENTATION,--prediction-root outputs\pred\realtime\baseline_current
Kế Hoạch Tương Lai.md,658,22,realtime,HISTORICAL_DOCUMENTATION,Có thể chuyển sang realtime gần như trực tiếp:
Kế Hoạch Tương Lai.md,675,48,realtime,HISTORICAL_DOCUMENTATION,Cần viết lại bằng short-buffer nếu muốn dùng realtime-delayed:
Kế Hoạch Tương Lai.md,681,30,realtime,HISTORICAL_DOCUMENTATION,Bước 3: Tạo profile config realtime
Kế Hoạch Tương Lai.md,686,3,realtime_balanced,HISTORICAL_DOCUMENTATION,realtime_balanced
Kế Hoạch Tương Lai.md,687,3,realtime_quality_delayed,HISTORICAL_DOCUMENTATION,realtime_quality_delayed
Kế Hoạch Tương Lai.md,689,12,realtime_balanced,HISTORICAL_DOCUMENTATION,Trong đó realtime_balanced nên bật thử trước:
Kế Hoạch Tương Lai.md,730,44,realtime,HISTORICAL_DOCUMENTATION,Nếu không đo latency thì chưa thể gọi là realtime có căn cứ.
Kế Hoạch Tương Lai.md,734,7,realtime_quality_delayed,HISTORICAL_DOCUMENTATION,"Với realtime_quality_delayed, dùng buffer nhỏ:"
Kế Hoạch Tương Lai.md,753,3,realtime_balanced,HISTORICAL_DOCUMENTATION,realtime_balanced
Kế Hoạch Tương Lai.md,754,3,realtime_quality_delayed,HISTORICAL_DOCUMENTATION,realtime_quality_delayed
Kế Hoạch Tương Lai.md,772,5,realtime_balanced,HISTORICAL_DOCUMENTATION,- realtime_balanced: ứng dụng camera trực tiếp.
Kế Hoạch Tương Lai.md,773,5,realtime_quality_delayed,HISTORICAL_DOCUMENTATION,"- realtime_quality_delayed: ứng dụng gần realtime, chấp nhận delay ngắn để tăng ổn định ID."
Kế Hoạch Tương Lai.md,773,44,realtime,HISTORICAL_DOCUMENTATION,"- realtime_quality_delayed: ứng dụng gần realtime, chấp nhận delay ngắn để tăng ổn định ID."
Kế Hoạch Tương Lai.md,775,47,realtime,HISTORICAL_DOCUMENTATION,"Bước tiếp theo thực tế nên làm là benchmark realtime hiện tại trước, rồi mới"
Updating Tracking Pipeline Plan.md,15,17,realtime,HISTORICAL_DOCUMENTATION,7. Mọi thay đổi realtime không được phụ thuộc XML/CVAT. XML chỉ chạy trong gt_export mode.
Updating Tracking Pipeline Plan.md,167,6,realtime_balanced,HISTORICAL_DOCUMENTATION,- realtime_balanced
Updating Tracking Pipeline Plan.md,196,70,realtime_balanced,HISTORICAL_DOCUMENTATION,"7. Benchmark comparisons using 3 distinct profiles (`baseline_old`, `realtime_balanced`, `gt_export_quality`)."
Updating Tracking Pipeline Plan.md,204,117,realtime,HISTORICAL_DOCUMENTATION,"Mục tiêu chính của hệ thống là tracking 8 con lợn ổn định theo từng ID để phục vụ theo dõi sức khỏe trên laptop/gần realtime. Export XML CVAT chỉ là chức năng phụ trong `gt_export` mode để giảm thời gian tạo ground truth, không phải mục tiêu chính của pipeline."
Updating Tracking Pipeline Plan.md,214,16,realtime,HISTORICAL_DOCUMENTATION,5. Cần tách rõ realtime tracking và gt_export.
Updating Tracking Pipeline Plan.md,246,9,realtime,HISTORICAL_DOCUMENTATION,"mode = ""realtime""  # ""realtime"" hoặc ""gt_export"""
Updating Tracking Pipeline Plan.md,246,23,realtime,HISTORICAL_DOCUMENTATION,"mode = ""realtime""  # ""realtime"" hoặc ""gt_export"""
Updating Tracking Pipeline Plan.md,372,9,realtime,HISTORICAL_DOCUMENTATION,"mode = ""realtime"""
Updating Tracking Pipeline Plan.md,383,9,realtime,HISTORICAL_DOCUMENTATION,"Nếu cần realtime fast, tạo profile riêng:"
Updating Tracking Pipeline Plan.md,386,9,realtime,HISTORICAL_DOCUMENTATION,"mode = ""realtime"""
Updating Tracking Pipeline Plan.md,396,42,realtime_balanced,HISTORICAL_DOCUMENTATION,Không đặt `detect_every_n_frames=5` cho `realtime_balanced`. Profile balanced nên dùng `1` hoặc `2`.
Updating Tracking Pipeline Plan.md,484,40,realtime,HISTORICAL_DOCUMENTATION,"`max_det` không được là 8. Dùng 20 cho realtime balanced, 30 cho gt_export quality."
Updating Tracking Pipeline Plan.md,540,3,realtime,HISTORICAL_DOCUMENTATION,→ realtime output hoặc gt_export XML
Updating Tracking Pipeline Plan.md,543,38,realtime,HISTORICAL_DOCUMENTATION,Không slice raw detections trong cả `realtime` và `gt_export` trước deduplication.
Updating Tracking Pipeline Plan.md,844,5,realtime_balanced,HISTORICAL_DOCUMENTATION,### realtime_balanced
Updating Tracking Pipeline Plan.md,849,8,realtime,HISTORICAL_DOCUMENTATION,mode = realtime
Updating Tracking Pipeline Plan.md,862,8,realtime,HISTORICAL_DOCUMENTATION,mode = realtime
Updating Tracking Pipeline Plan.md,905,43,realtime_balanced,HISTORICAL_DOCUMENTATION,"python scripts\eval_pipeline.py --profile realtime_balanced -v Pigs281119_000085_30fps,Pigs291119_000263_30fps,Pigs291119_000302_30fps,Pigs291119_000226_30fps"
Updating Tracking Pipeline Plan.md,986,15,realtime,HISTORICAL_DOCUMENTATION,1. Có `mode = realtime / gt_export`.
Updating Tracking Pipeline Plan.md,1005,32,realtime_balanced,HISTORICAL_DOCUMENTATION,"15. Benchmark có baseline_old, realtime_balanced, realtime_fast, gt_export_quality."
Updating Tracking Pipeline Plan.md,2317,20,realtime_balanced,HISTORICAL_DOCUMENTATION,"I will modify the `realtime_balanced` profile in `configs/tracking_paths.json` to use `""imgsz"": 640` instead of `960`. This aligns with the ""imgsz = 960 hoặc 640 tùy laptop"" flexibility specified in the user request, and will dramatically speed up CPU inference."
Updating Tracking Pipeline Plan.md,2890,12,realtime_balanced,HISTORICAL_DOCUMENTATION,1. Launch `realtime_balanced` benchmark
Updating Tracking Pipeline Plan.md,2901,96,realtime_balanced,HISTORICAL_DOCUMENTATION,`task-1093` đã hoàn thành! Hãy đọc kết quả metrics đầy đủ cho cả 3 video rồi launch benchmark `realtime_balanced`.
Updating Tracking Pipeline Plan.md,2909,107,realtime_balanced,HISTORICAL_DOCUMENTATION,Baseline_old đã xong hoàn toàn. Tôi thấy report chỉ lưu 1 video mỗi lần chạy (overwrite). Bây giờ launch `realtime_balanced` ngay:
Updating Tracking Pipeline Plan.md,2911,89,realtime_balanced,HISTORICAL_DOCUMENTATION,"*User accepted the command `.venv\Scripts\python.exe scripts\eval_pipeline.py --profile realtime_balanced -v Pigs281119_000085_30fps,Pigs291119_000263_30fps,Pigs291119_000302_30fps --force-track --no-benchmark-rules --device cpu`*"
Updating Tracking Pipeline Plan.md,2915,2,realtime_balanced,HISTORICAL_DOCUMENTATION,"`realtime_balanced` đã launch. Trong lúc chờ, hãy ghi lại kết quả baseline_old đã có và tạo walkthrough artifact."
Updating Tracking Pipeline Plan.md,2931,16,realtime_balanced,HISTORICAL_DOCUMENTATION,- `task-1229` (realtime_balanced) đang chạy background — sẽ tốn ~6-9 phút/video × 3 videos
Updating Tracking Pipeline Plan.md,2935,43,realtime_balanced,HISTORICAL_DOCUMENTATION,Đã schedule wakeup sau 10 phút. Đang chờ `realtime_balanced` (task-1229) hoàn thành. Tôi sẽ tự động kiểm tra và tiếp tục khi timer kích hoạt hoặc task báo xong.
Updating Tracking Pipeline Plan.md,2948,2,realtime_balanced,HISTORICAL_DOCUMENTATION,"`realtime_balanced` Ä‘Ă£ hoĂ n thĂ nh. Káº¿t quáº£ evaluation hiá»‡n táº¡i váº«n chá»‰ cĂ³ `1` video GT há»£p lá»‡ Ä‘Æ°á»£c tĂ­nh metric (`Pigs291119_000302_30fps`), nĂªn cáº§n ghi rĂµ Ä‘iá»u nĂ y khi so sĂ¡nh profile."
Updating Tracking Pipeline Plan.md,2950,16,realtime_balanced,HISTORICAL_DOCUMENTATION,**Káº¿t quáº£ `realtime_balanced` (video `Pigs291119_000302_30fps`):**
Updating Tracking Pipeline Plan.md,2970,3,realtime_balanced,HISTORICAL_DOCUMENTATION,| realtime_balanced | Pigs291119_000302_30fps | 66.63% | 80.00% | 68.68% | 99.85% | 66.73% | 0 | 510 | 14 | 4766 | 100.00% |
Updating Tracking Pipeline Plan.md,2973,35,realtime_balanced,HISTORICAL_DOCUMENTATION,"- TrĂªn video GT Ä‘ang evaluate, `realtime_balanced` chÆ°a táº¡o khĂ¡c biá»‡t so vá»›i `baseline_old`."
Updating Tracking Pipeline Plan.md,2981,7,realtime_balanced,HISTORICAL_DOCUMENTATION,- `realtime_balanced`
configs/tracking_paths.json,33,6,realtime_balanced,ACTIVE_PROFILE_REGISTRY,"""realtime_balanced"": {"
configs/tracking_paths.json,38,42,realtime_balanced,ACTIVE_PROFILE_REGISTRY,"""output_dir"": ""outputs/id_tracking/realtime_balanced"","
configs/tracking_paths.json,41,47,realtime_balanced,ACTIVE_PROFILE_REGISTRY,"""prediction_root"": ""outputs/id_tracking/realtime_balanced"","
configs/tracking_paths.json,42,70,realtime_balanced,ACTIVE_PROFILE_REGISTRY,"""evaluation_output_root"": ""outputs/evaluation/tracking_metrics/realtime_balanced"","
configs/tracking_paths.json,43,16,realtime,SHARED_PRODUCTION_CODE,"""mode"": ""realtime"","
configs/tracking_paths.json,62,16,realtime,SHARED_PRODUCTION_CODE,"""mode"": ""realtime"","
docs/CLASSIFICATION_V2_SPATIOTEMPORAL_IMAGE_TRAINING_ROADMAP.md,29,48,realtime,HISTORICAL_DOCUMENTATION,"- Hỗ trợ cả đánh giá offline và triển khai gần realtime, nhưng không trộn hai hợp đồng thời gian trong cùng một model."
docs/CLASSIFICATION_V2_SPATIOTEMPORAL_IMAGE_TRAINING_ROADMAP.md,446,51,realtime,HISTORICAL_DOCUMENTATION,- Teacher-student distillation sang model nhỏ cho realtime.
docs/TRACKING_BALANCED_FAR_RIGHT_GUARD_DECISION_20260720.json,9,15,realtime_balanced,HISTORICAL_MANIFEST_OR_EVIDENCE,"""profile"": ""realtime_balanced"","
docs/TRACKING_BALANCED_FAR_RIGHT_GUARD_DECISION_20260720.json,143,13,realtime_balanced,HISTORICAL_MANIFEST_OR_EVIDENCE,"""Retain realtime_balanced defaults and its existing authority unchanged."","
docs/TRACKING_BALANCED_FAR_RIGHT_GUARD_PLAN_20260720.json,11,17,realtime_balanced,HISTORICAL_MANIFEST_OR_EVIDENCE,"""profile"": ""realtime_balanced"","
docs/TRACKING_BALANCED_FAR_RIGHT_GUARD_PLAN_20260720.json,52,6,realtime_balanced,HISTORICAL_MANIFEST_OR_EVIDENCE,"""realtime_balanced detection confidence and cadence"","
docs/TRACKING_CAUSALITY_DECISION_20260718_R0.json,51,6,realtime_balanced,HISTORICAL_MANIFEST_OR_EVIDENCE,"""realtime_balanced"": {"
docs/TRACKING_CAUSALITY_DECISION_20260718_R0.json,74,24,realtime_balanced,HISTORICAL_MANIFEST_OR_EVIDENCE,"""realtime_fast and realtime_balanced retain causal-framewise delay-0"","
docs/TRACKING_CAUSALITY_DECISION_20260718_R0.json,81,6,realtime_quality_delayed,HISTORICAL_MANIFEST_OR_EVIDENCE,"""realtime_quality_delayed remains post-video global-graph delay -1."""
docs/TRACKING_CAUSALITY_DECISION_20260718_R0.json,85,24,realtime,HISTORICAL_MANIFEST_OR_EVIDENCE,"""Open one isolated realtime weak-event ablation with target and guardrails."""
docs/TRACKING_FAST_FAR_RIGHT_PREFIX_DECISION_20260720.json,111,19,realtime,HISTORICAL_MANIFEST_OR_EVIDENCE,"""Do not claim realtime promotion or speed improvement from this window."","
docs/TRACKING_H4_FAR_CAMERA_GEOMETRY_DECISION_20260718.json,141,22,realtime,HISTORICAL_MANIFEST_OR_EVIDENCE,"""Do not open any realtime lane."""
docs/TRACKING_H4_FAR_CAMERA_GEOMETRY_PLAN_20260718.json,152,11,realtime,HISTORICAL_MANIFEST_OR_EVIDENCE,"""Open realtime only after a separate hybrid lane-completion decision."""
docs/TRACKING_H5_HIDDEN_SUFFIX_DECISION_20260718.json,109,11,realtime,HISTORICAL_MANIFEST_OR_EVIDENCE,"""Keep realtime lanes closed until a separate hybrid lane-completion decision."""
docs/TRACKING_HYBRID_LANE_COMPLETION_DECISION_20260719.json,138,37,realtime_balanced,HISTORICAL_MANIFEST_OR_EVIDENCE,"""primary_optimization_target"": ""realtime_balanced"","
docs/TRACKING_HYBRID_LANE_COMPLETION_DECISION_20260719.json,139,26,realtime_quality_delayed,HISTORICAL_MANIFEST_OR_EVIDENCE,"""secondary_target"": ""realtime_quality_delayed"","
docs/TRACKING_HYBRID_LANE_COMPLETION_DECISION_20260719.json,155,66,realtime,HISTORICAL_MANIFEST_OR_EVIDENCE,"""Hybrid post-video technology is not automatically causal in realtime modes."""
docs/TRACKING_HYBRID_RESIDUAL_PLAN_20260718.json,114,24,realtime_balanced,HISTORICAL_MANIFEST_OR_EVIDENCE,"""primary_target"": ""realtime_balanced"","
docs/TRACKING_PAPER_PRIORITY_AND_REDESIGN_POLICY_20260719.json,42,16,realtime_balanced,HISTORICAL_MANIFEST_OR_EVIDENCE,"""lane"": ""realtime_balanced"","
docs/TRACKING_PAPER_PRIORITY_AND_REDESIGN_POLICY_20260719.json,48,16,realtime_quality_delayed,HISTORICAL_MANIFEST_OR_EVIDENCE,"""lane"": ""realtime_quality_delayed"","
docs/TRACKING_PAPER_PRIORITY_AND_REDESIGN_POLICY_20260719.json,65,8,realtime_balanced,HISTORICAL_MANIFEST_OR_EVIDENCE,"""realtime_balanced"","
docs/TRACKING_PROMOTION_DECISION_20260717_H2_ASYMMETRIC_REFINEMENT.json,160,24,realtime,HISTORICAL_MANIFEST_OR_EVIDENCE,"""next_step"": ""Replay realtime evidence under include_hidden=true."""
docs/TRACKING_PROMOTION_DECISION_20260717_P2_QUALITY_DELAYED.json,7,15,realtime_quality_delayed,HISTORICAL_MANIFEST_OR_EVIDENCE,"""profile"": ""realtime_quality_delayed"","
docs/TRACKING_PROMOTION_DECISION_20260717_P2_QUALITY_DELAYED.json,91,24,realtime_quality_delayed,HISTORICAL_MANIFEST_OR_EVIDENCE,"""decision"": ""promote_realtime_quality_delayed_default"","
docs/TRACKING_PROMOTION_DECISION_20260717_P2_QUALITY_DELAYED_INCLUDE_HIDDEN.json,5,15,realtime_quality_delayed,HISTORICAL_MANIFEST_OR_EVIDENCE,"""profile"": ""realtime_quality_delayed"","
docs/TRACKING_PROMOTION_DECISION_20260717_P2_QUALITY_DELAYED_INCLUDE_HIDDEN.json,42,39,realtime_quality_delayed,HISTORICAL_MANIFEST_OR_EVIDENCE,"""20260717_9a2979d_includehidden_realtime_quality_delayed_parent_ec67d27_v1"","
docs/TRACKING_PROMOTION_DECISION_20260717_P2_QUALITY_DELAYED_INCLUDE_HIDDEN.json,44,39,realtime_quality_delayed,HISTORICAL_MANIFEST_OR_EVIDENCE,"""20260717_9a2979d_includehidden_realtime_quality_delayed_parent_ec67d27_repeat_v1"","
docs/TRACKING_PROMOTION_DECISION_20260717_P2_QUALITY_DELAYED_INCLUDE_HIDDEN.json,46,39,realtime_quality_delayed,HISTORICAL_MANIFEST_OR_EVIDENCE,"""20260717_9a2979d_includehidden_realtime_quality_delayed_candidate_dccad96_gain003_v1"","
docs/TRACKING_PROMOTION_DECISION_20260717_P2_QUALITY_DELAYED_INCLUDE_HIDDEN.json,48,39,realtime_quality_delayed,HISTORICAL_MANIFEST_OR_EVIDENCE,"""20260717_9a2979d_includehidden_realtime_quality_delayed_candidate_dccad96_gain003_repeat_v1"""
docs/TRACKING_PROMOTION_DECISION_20260717_P2_QUALITY_DELAYED_INCLUDE_HIDDEN.json,179,23,realtime_quality_delayed,HISTORICAL_MANIFEST_OR_EVIDENCE,"""decision"": ""retain_realtime_quality_delayed_default_0_003"","
docs/TRACKING_PROMOTION_DECISION_20260717_P2_QUALITY_DELAYED_INCLUDE_HIDDEN.json,185,22,realtime,HISTORICAL_MANIFEST_OR_EVIDENCE,"""Close corrected realtime evidence, then address R0 causality before a new realtime ablation."""
docs/TRACKING_PROMOTION_DECISION_20260717_P2_QUALITY_DELAYED_INCLUDE_HIDDEN.json,185,80,realtime,HISTORICAL_MANIFEST_OR_EVIDENCE,"""Close corrected realtime evidence, then address R0 causality before a new realtime ablation."""
docs/TRACKING_PROMOTION_DECISION_20260718_HYBRID_FAR_IDENTITY_GUARD.json,165,24,realtime,HISTORICAL_MANIFEST_OR_EVIDENCE,"""Continue isolated realtime causality and weak-event ablations."""
docs/TRACKING_PROMOTION_DECISION_20260718_HYBRID_NEAR_WALL_GEOMETRY.json,252,62,realtime,HISTORICAL_MANIFEST_OR_EVIDENCE,"""This authority supports the offline hybrid profile, not realtime transfer."""
docs/TRACKING_PROMOTION_DECISION_20260718_HYBRID_NEAR_WALL_GEOMETRY.json,261,22,realtime,HISTORICAL_MANIFEST_OR_EVIDENCE,"""Open a separate realtime transfer study only after this hybrid lock."","
docs/TRACKING_PROMOTION_DECISION_20260718_REALTIME_BALANCED_HIDDEN_RESERVATION.json,5,15,realtime_balanced,HISTORICAL_MANIFEST_OR_EVIDENCE,"""profile"": ""realtime_balanced"","
docs/TRACKING_PROMOTION_DECISION_20260718_REALTIME_BALANCED_HIDDEN_RESERVATION.json,42,6,realtime_quality_delayed,HISTORICAL_MANIFEST_OR_EVIDENCE,"""realtime_quality_delayed_evaluated_with_candidate"": false,"
docs/TRACKING_PROMOTION_DECISION_20260718_REALTIME_BALANCED_HIDDEN_RESERVATION.json,43,6,realtime_quality_delayed,HISTORICAL_MANIFEST_OR_EVIDENCE,"""realtime_quality_delayed_reservation_enabled"": false,"
docs/TRACKING_PROMOTION_DECISION_20260718_REALTIME_BALANCED_HIDDEN_RESERVATION.json,44,6,realtime_quality_delayed,HISTORICAL_MANIFEST_OR_EVIDENCE,"""realtime_quality_delayed_min_iom"": 0.55,"
docs/TRACKING_PROMOTION_DECISION_20260718_REALTIME_BALANCED_HIDDEN_RESERVATION.json,45,6,realtime_quality_delayed,HISTORICAL_MANIFEST_OR_EVIDENCE,"""realtime_quality_delayed_min_gain"": 0.08,"
docs/TRACKING_PROMOTION_DECISION_20260718_REALTIME_BALANCED_HIDDEN_RESERVATION.json,46,6,realtime_quality_delayed,HISTORICAL_MANIFEST_OR_EVIDENCE,"""realtime_quality_delayed_max_alternative_cost"": 0.78,"
docs/TRACKING_PROMOTION_DECISION_20260718_REALTIME_BALANCED_HIDDEN_RESERVATION.json,47,6,realtime_quality_delayed,HISTORICAL_MANIFEST_OR_EVIDENCE,"""realtime_quality_delayed_allow_visible_hold"": false,"
docs/TRACKING_PROMOTION_DECISION_20260718_REALTIME_BALANCED_HIDDEN_RESERVATION.json,48,6,realtime_quality_delayed,HISTORICAL_MANIFEST_OR_EVIDENCE,"""realtime_quality_delayed_hold_min_gain"": 0.10"
docs/TRACKING_PROMOTION_DECISION_20260718_REALTIME_BALANCED_HIDDEN_RESERVATION.json,210,27,realtime_balanced,HISTORICAL_MANIFEST_OR_EVIDENCE,"""The authority covers realtime_balanced only, not quality-delayed."","
docs/TRACKING_PROMOTION_DECISION_20260718_REALTIME_BALANCED_HIDDEN_RESERVATION.json,213,53,realtime_balanced,HISTORICAL_MANIFEST_OR_EVIDENCE,"""decision"": ""promote_causal_hidden_reservation_in_realtime_balanced"","
docs/TRACKING_PROMOTION_DECISION_20260718_REALTIME_BALANCED_HIDDEN_RESERVATION.json,224,25,realtime_balanced,HISTORICAL_MANIFEST_OR_EVIDENCE,"""Use e8d39d7 as the realtime_balanced development parent."","
docs/TRACKING_PROMOTION_DECISION_20260718_REALTIME_FAST_VISIBLE_PREFER.json,154,57,realtime,HISTORICAL_MANIFEST_OR_EVIDENCE,"""The largest gain is concentrated in 000231; future realtime work must"","
docs/TRACKING_PROMOTION_DECISION_20260718_REALTIME_FAST_VISIBLE_PREFER.json,163,24,realtime_balanced,HISTORICAL_MANIFEST_OR_EVIDENCE,"""Continue isolated realtime_balanced weak-event ablations under the same"","
docs/TRACKING_PROMOTION_DECISION_20260719_HYBRID_H5B_H4.json,178,70,realtime,HISTORICAL_MANIFEST_OR_EVIDENCE,"""Issue a separate hybrid lane-completion decision before opening realtime."""
docs/TRACKING_RB1_CAUSAL_SMOOTHING_DECISION_20260719.json,27,17,realtime_balanced,HISTORICAL_MANIFEST_OR_EVIDENCE,"""profile"": ""realtime_balanced"","
docs/TRACKING_RB1_CAUSAL_SMOOTHING_DECISION_20260719.json,201,37,realtime_balanced,HISTORICAL_MANIFEST_OR_EVIDENCE,"""Do not promote smooth_boxes in realtime_balanced."","
docs/TRACKING_RB1_CAUSAL_SMOOTHING_DECISION_20260719.json,207,6,realtime_balanced,HISTORICAL_MANIFEST_OR_EVIDENCE,"""realtime_balanced_smooth_boxes"": false"
docs/TRACKING_RB1_CAUSAL_SMOOTHING_STATIC_GATE_20260719.json,29,17,realtime_balanced,HISTORICAL_MANIFEST_OR_EVIDENCE,"""profile"": ""realtime_balanced"","
docs/TRACKING_RB2_HIDDEN_RESERVATION_HORIZON_DECISION_20260719.json,22,17,realtime_balanced,HISTORICAL_MANIFEST_OR_EVIDENCE,"""profile"": ""realtime_balanced"","
docs/TRACKING_RB2_HIDDEN_RESERVATION_HORIZON_DECISION_20260719.json,137,24,realtime_balanced,HISTORICAL_MANIFEST_OR_EVIDENCE,"""Do not change the realtime_balanced profile or run later stages."","
docs/TRACKING_RB2_HIDDEN_RESERVATION_HORIZON_PLAN_20260719.json,14,17,realtime_balanced,HISTORICAL_MANIFEST_OR_EVIDENCE,"""profile"": ""realtime_balanced"","
docs/TRACKING_RB2_HIDDEN_RESERVATION_HORIZON_PLAN_20260719.json,54,14,realtime,HISTORICAL_MANIFEST_OR_EVIDENCE,"""mode"": ""realtime"","
docs/TRACKING_RB2_HIDDEN_RESERVATION_HORIZON_PLAN_20260719.json,55,17,realtime_balanced,HISTORICAL_MANIFEST_OR_EVIDENCE,"""profile"": ""realtime_balanced"","
docs/TRACKING_RB3_RESERVED_REID_HOLD_DECISION_20260719.json,5,15,realtime_balanced,HISTORICAL_MANIFEST_OR_EVIDENCE,"""profile"": ""realtime_balanced"","
docs/TRACKING_RB3_RESERVED_REID_HOLD_PLAN_20260719.json,68,14,realtime,HISTORICAL_MANIFEST_OR_EVIDENCE,"""mode"": ""realtime"","
docs/TRACKING_RB3_RESERVED_REID_HOLD_PLAN_20260719.json,69,17,realtime_balanced,HISTORICAL_MANIFEST_OR_EVIDENCE,"""profile"": ""realtime_balanced"","
docs/TRACKING_RB_PARENT_ASSOCIATION_DIAGNOSIS_20260719.json,14,17,realtime_balanced,HISTORICAL_MANIFEST_OR_EVIDENCE,"""profile"": ""realtime_balanced"","
docs/TRACKING_REALTIME_COMMON_HARNESS_000302_DECISION_20260719.json,31,52,realtime_balanced,HISTORICAL_MANIFEST_OR_EVIDENCE,"""order"": [""bytetrack_raw"", ""realtime_fast"", ""realtime_balanced""],"
docs/TRACKING_REALTIME_COMMON_HARNESS_000302_DECISION_20260719.json,52,10,realtime_balanced,HISTORICAL_MANIFEST_OR_EVIDENCE,"""realtime_balanced"": {"
docs/TRACKING_REALTIME_COMMON_HARNESS_000302_DECISION_20260719.json,66,18,realtime_balanced,HISTORICAL_MANIFEST_OR_EVIDENCE,"""order"": [""realtime_balanced"", ""realtime_fast"", ""bytetrack_raw""],"
docs/TRACKING_REALTIME_COMMON_HARNESS_000302_DECISION_20260719.json,87,10,realtime_balanced,HISTORICAL_MANIFEST_OR_EVIDENCE,"""realtime_balanced"": {"
docs/TRACKING_REALTIME_COMMON_HARNESS_000302_DECISION_20260719.json,103,6,realtime_balanced,HISTORICAL_MANIFEST_OR_EVIDENCE,"""realtime_balanced"": ""645b41062caca5467cd1a6bb9bd489a5efd7637cc977dfc7df218c1bf6985512"","
docs/TRACKING_REALTIME_COMMON_HARNESS_000302_DECISION_20260719.json,118,8,realtime_balanced,HISTORICAL_MANIFEST_OR_EVIDENCE,"""realtime_balanced"": 0.45359880577223133,"
docs/TRACKING_REALTIME_COMMON_HARNESS_000302_DECISION_20260719.json,127,32,realtime,HISTORICAL_MANIFEST_OR_EVIDENCE,"""On the reverse order both realtime profiles slow sharply while Raw recovers, proving an order/system effect."","
docs/TRACKING_REALTIME_COMMON_HARNESS_000302_DECISION_20260719.json,128,68,realtime,HISTORICAL_MANIFEST_OR_EVIDENCE,"""Therefore neither Fast nor Balanced may be called the fastest realtime profile from this harness."","
docs/TRACKING_REALTIME_OPERATIONAL_GATE_20260719.json,34,31,realtime,HISTORICAL_MANIFEST_OR_EVIDENCE,"""label the profile near-realtime rather than native realtime."""
docs/TRACKING_REALTIME_OPERATIONAL_GATE_20260719.json,34,59,realtime,HISTORICAL_MANIFEST_OR_EVIDENCE,"""label the profile near-realtime rather than native realtime."""
docs/TRACKING_REALTIME_OPERATIONAL_GATE_20260719.json,52,36,realtime,HISTORICAL_MANIFEST_OR_EVIDENCE,"""effective FPS, loop-FPS and realtime factor"","
docs/TRACKING_REALTIME_OPERATIONAL_GATE_20260719.json,72,6,realtime_balanced,HISTORICAL_MANIFEST_OR_EVIDENCE,"""realtime_balanced"": {"
docs/TRACKING_REALTIME_OPERATIONAL_GATE_20260719.json,92,8,realtime_balanced,HISTORICAL_MANIFEST_OR_EVIDENCE,"""realtime_balanced"""
docs/TRACKING_REALTIME_OPERATIONAL_GATE_20260719.json,97,8,realtime_balanced,HISTORICAL_MANIFEST_OR_EVIDENCE,"""realtime_balanced"""
docs/TRACKING_REALTIME_OPERATIONAL_GATE_20260719.json,100,8,realtime_balanced,HISTORICAL_MANIFEST_OR_EVIDENCE,"""realtime_balanced"","
docs/TRACKING_REALTIME_PARENT_WINDOWS_AUTHORITY_20260719.json,53,6,realtime_balanced,HISTORICAL_MANIFEST_OR_EVIDENCE,"""realtime_balanced"": {"
docs/TRACKING_REALTIME_PARENT_WINDOWS_AUTHORITY_20260719.json,63,6,realtime_quality_delayed,HISTORICAL_MANIFEST_OR_EVIDENCE,"""realtime_quality_delayed"": {"
docs/TRACKING_REALTIME_PARETO_FUNNEL_PLAN_20260719.json,68,17,realtime,HISTORICAL_MANIFEST_OR_EVIDENCE,"""declared realtime use case; report all remaining trade-offs."""
docs/TRACKING_REALTIME_PARETO_FUNNEL_PLAN_20260719.json,144,6,realtime_balanced,HISTORICAL_MANIFEST_OR_EVIDENCE,"""realtime_balanced"": {"
docs/TRACKING_REALTIME_PARETO_FUNNEL_PLAN_20260719.json,175,6,realtime_quality_delayed,HISTORICAL_MANIFEST_OR_EVIDENCE,"""realtime_quality_delayed"": {"
docs/TRACKING_REALTIME_PARETO_FUNNEL_PLAN_20260719.json,184,41,realtime_quality_delayed,HISTORICAL_MANIFEST_OR_EVIDENCE,"""20260717_9a2979d_includehidden_realtime_quality_delayed_candidate_"","
docs/TRACKING_REALTIME_PARETO_FUNNEL_PLAN_20260719.json,221,18,realtime,HISTORICAL_MANIFEST_OR_EVIDENCE,"""The first realtime lane therefore reduces Balanced identity churn"","
docs/TRACKING_REALTIME_PARETO_FUNNEL_PLAN_20260719.json,227,8,realtime_balanced,HISTORICAL_MANIFEST_OR_EVIDENCE,"""realtime_balanced"","
docs/TRACKING_REALTIME_PARETO_FUNNEL_PLAN_20260719.json,228,8,realtime_quality_delayed,HISTORICAL_MANIFEST_OR_EVIDENCE,"""realtime_quality_delayed"""
docs/TRACKING_REALTIME_PARETO_FUNNEL_PLAN_20260719.json,252,8,realtime_balanced,HISTORICAL_MANIFEST_OR_EVIDENCE,"""realtime_balanced"": {"
docs/TRACKING_REALTIME_PARETO_FUNNEL_PLAN_20260719.json,257,8,realtime_quality_delayed,HISTORICAL_MANIFEST_OR_EVIDENCE,"""realtime_quality_delayed"": {"
docs/TRACKING_REALTIME_PARETO_FUNNEL_PLAN_20260719.json,295,8,realtime_balanced,HISTORICAL_MANIFEST_OR_EVIDENCE,"""realtime_balanced"","
docs/TRACKING_REALTIME_PARETO_FUNNEL_PLAN_20260719.json,296,8,realtime_quality_delayed,HISTORICAL_MANIFEST_OR_EVIDENCE,"""realtime_quality_delayed"""
docs/TRACKING_REALTIME_PARETO_FUNNEL_PLAN_20260719.json,309,17,realtime_balanced,HISTORICAL_MANIFEST_OR_EVIDENCE,"""profile"": ""realtime_balanced"","
docs/TRACKING_REALTIME_PARETO_FUNNEL_PLAN_20260719.json,410,6,realtime_balanced,HISTORICAL_MANIFEST_OR_EVIDENCE,"""realtime_balanced"": {"
docs/TRACKING_REALTIME_PARETO_FUNNEL_PLAN_20260719.json,418,6,realtime_quality_delayed,HISTORICAL_MANIFEST_OR_EVIDENCE,"""realtime_quality_delayed"": {"
docs/TRACKING_REALTIME_PARETO_PAIRED_EVIDENCE_20260719.md,1,10,realtime,HISTORICAL_DOCUMENTATION,# Paired realtime Pareto evidence — 2026-07-19
docs/TRACKING_REALTIME_PARETO_PAIRED_EVIDENCE_20260719.md,5,32,realtime,HISTORICAL_DOCUMENTATION,its delay `-1` result is not a realtime claim. Values are from the primary
docs/TRACKING_REALTIME_PARETO_PAIRED_EVIDENCE_20260719.md,18,4,realtime_balanced,HISTORICAL_DOCUMENTATION,| `realtime_balanced` | causal / 0 | 121 | 95.68% | 95.76% |
docs/TRACKING_REALTIME_PARETO_PAIRED_EVIDENCE_20260719.md,19,4,realtime_quality_delayed,HISTORICAL_DOCUMENTATION,| `realtime_quality_delayed` | post-video / -1 | 166 | 97.66% | 97.58% |
docs/TRACKING_REALTIME_PARETO_PAIRED_EVIDENCE_20260719.md,34,20,realtime,HISTORICAL_DOCUMENTATION,- Hybrid: offline; realtime speed claim is not applicable.
docs/TRACKING_REALTIME_PARETO_PAIRED_EVIDENCE_20260719.md,41,1,realtime,HISTORICAL_DOCUMENTATION,realtime-valid under its current timing contract. A final speed claim requires
docs/TRACKING_REALTIME_PARETO_SELECTION_DECISION_20260719.json,44,39,realtime,HISTORICAL_MANIFEST_OR_EVIDENCE,"""Accuracy alone cannot select a realtime winner."","
docs/TRACKING_REALTIME_PARETO_SELECTION_DECISION_20260719.json,56,55,realtime,HISTORICAL_MANIFEST_OR_EVIDENCE,"""candidate whose trade-off matches the declared realtime use case."","
docs/TRACKING_REALTIME_PARETO_SELECTION_DECISION_20260719.json,111,6,realtime_balanced,HISTORICAL_MANIFEST_OR_EVIDENCE,"""realtime_balanced"": {"
docs/TRACKING_REALTIME_PARETO_SELECTION_DECISION_20260720.json,37,36,realtime,HISTORICAL_MANIFEST_OR_EVIDENCE,"""effective FPS, loop-FPS and realtime factor"","
docs/TRACKING_REALTIME_PARETO_SELECTION_DECISION_20260720.json,98,6,realtime_balanced,HISTORICAL_MANIFEST_OR_EVIDENCE,"""realtime_balanced"": {"
docs/TRACKING_REALTIME_PARETO_SELECTION_DECISION_20260720.json,121,6,realtime_quality_delayed,HISTORICAL_MANIFEST_OR_EVIDENCE,"""realtime_quality_delayed"": {"
docs/TRACKING_REALTIME_PARETO_SELECTION_DECISION_20260720.json,171,48,realtime,HISTORICAL_MANIFEST_OR_EVIDENCE,"""highest post-video quality; it is not a realtime authority because"","
docs/TRACKING_REALTIME_PARETO_SELECTION_DECISION_20260720.json,173,13,realtime,HISTORICAL_MANIFEST_OR_EVIDENCE,"""Only realtime-winner eligibility is withheld under the current contract."","
docs/TRACKING_REALTIME_PARETO_SELECTION_DECISION_20260720.json,209,43,realtime,HISTORICAL_MANIFEST_OR_EVIDENCE,"""No profile is authorized as native realtime without a drop policy or throughput improvement."""
docs/TRACKING_REALTIME_PARETO_SELECTION_DECISION_20260720.json,217,17,realtime,HISTORICAL_MANIFEST_OR_EVIDENCE,"""Any future realtime candidate must improve throughput or declare and evaluate a drop policy."","
docs/TRACKING_REALTIME_QUALITY_SELECTION_GATE_20260719.json,54,17,realtime_quality_delayed,HISTORICAL_MANIFEST_OR_EVIDENCE,"""profile"": ""realtime_quality_delayed"","
docs/TRACKING_REALTIME_QUALITY_SELECTION_GATE_20260719.json,78,8,realtime_balanced,HISTORICAL_MANIFEST_OR_EVIDENCE,"""realtime_balanced"","
docs/TRACKING_REALTIME_QUALITY_SELECTION_GATE_20260719.json,89,30,realtime_balanced,HISTORICAL_MANIFEST_OR_EVIDENCE,"""parent"": ""last promoted realtime_balanced causal authority"","
docs/TRACKING_REALTIME_QUALITY_SELECTION_GATE_20260719.json,101,42,realtime,HISTORICAL_MANIFEST_OR_EVIDENCE,"""offline smoothing hidden behind a realtime name"","
docs/TRACKING_REALTIME_RUNTIME_PROBE_DECISION_20260720.json,85,6,realtime_balanced,HISTORICAL_MANIFEST_OR_EVIDENCE,"""realtime_balanced"": {"
docs/TRACKING_RF_ACC23_ARTIFACT_RECOVERY_20260727.md,121,64,realtime,HISTORICAL_DOCUMENTATION,match**. `d925c90` (2026-07-23 10:17) promoted RF_ACC23 as the realtime default
docs/TRACKING_RF_ACC23_AUTHORITY_CORRECTION_20260727.md,96,19,realtime,HISTORICAL_DOCUMENTATION,2. Repointed the `realtime` presentation profile from
docs/TRACKING_RF_ACC23_AUTHORITY_CORRECTION_20260727.md,97,5,realtime_quality_delayed,HISTORICAL_DOCUMENTATION,`realtime_quality_delayed` to `realtime_fast`.
docs/TRACKING_RF_ACC23_AUTHORITY_CORRECTION_20260727.md,138,69,realtime,HISTORICAL_DOCUMENTATION,| 2 | Metrics used `detect_every_n_frames=2` | **CODE_VERIFIED** | `realtime.py:19` |
docs/TRACKING_RF_ACC23_AUTHORITY_CORRECTION_20260727.md,185,50,realtime,HISTORICAL_DOCUMENTATION,"`d925c90` changed 4 files: `scripts/README.md`, `realtime.py`,"
docs/TRACKING_RQ1_FIXED_LAG_DECISION_20260719.json,23,17,realtime_balanced,HISTORICAL_MANIFEST_OR_EVIDENCE,"""profile"": ""realtime_balanced"","
docs/TRACKING_RQ1_FIXED_LAG_PLAN_20260719.json,28,17,realtime_balanced,HISTORICAL_MANIFEST_OR_EVIDENCE,"""profile"": ""realtime_balanced"","
docs/TRACKING_RQ1_FIXED_LAG_PLAN_20260719.json,37,17,realtime_quality_delayed,HISTORICAL_MANIFEST_OR_EVIDENCE,"""profile"": ""realtime_quality_delayed"","
docs/TRACKING_RQ2_QUALITY_ID_SAFE_DECISION_20260719.json,24,17,realtime_balanced,HISTORICAL_MANIFEST_OR_EVIDENCE,"""profile"": ""realtime_balanced"","
docs/TRACKING_RQ2_QUALITY_ID_SAFE_DECISION_20260719.json,149,84,realtime,HISTORICAL_MANIFEST_OR_EVIDENCE,"""A shorter motion-pair history can retain S1's identity gain while restoring realtime FPS."","
docs/TRACKING_RQ2_QUALITY_ID_SAFE_PLAN_20260719.json,21,8,realtime_balanced,HISTORICAL_MANIFEST_OR_EVIDENCE,"""realtime_balanced"","
docs/TRACKING_RQ2_QUALITY_ID_SAFE_PLAN_20260719.json,29,17,realtime_balanced,HISTORICAL_MANIFEST_OR_EVIDENCE,"""profile"": ""realtime_balanced"","
docs/TRACKING_RQ3_QUALITY_RUNTIME_HORIZON_PLAN_20260719.json,20,8,realtime_balanced,HISTORICAL_MANIFEST_OR_EVIDENCE,"""realtime_balanced"","
docs/TRACKING_RQ4_QUALITY_COPY_PERFORMANCE_DECISION_20260719.json,127,30,realtime,HISTORICAL_MANIFEST_OR_EVIDENCE,"""Proceed to the declared realtime Pareto selection."""
docs/TRACKING_RQ4_QUALITY_COPY_PERFORMANCE_DECISION_20260719.json,136,19,realtime,HISTORICAL_MANIFEST_OR_EVIDENCE,"""Select one realtime method before the paper comparison."""
docs/external_audits/BAO_CAO_AUDIT_RF_ACC23_20260726.md,17,46,realtime,HISTORICAL_DOCUMENTATION,"Source tracking đã đọc trực tiếp: `profiles/{realtime,hybrid_bytetrack,bytetrack_raw,__init__}.py`, `runner.py`, `detections.py`, `telemetry.py`, `config.py`, `association.py` (~2300 dòng), `occlusion.py`, `tracks.py`, `schemas.py`, `masks.py`, `geometry.py`, `constants.py`. Git metadata: `.git/HEAD`, `.git/logs/HEAD` (reflog), `.git/config`."
docs/external_audits/BAO_CAO_AUDIT_RF_ACC23_20260726.md,28,82,realtime,HISTORICAL_DOCUMENTATION,- Commit tracking gần nhất: `d925c900…` = **`feat(tracking): promote RF_ACC23 as realtime default`** (≈ 2026-07-23). ✔ (đây là `d925c90` trong prompt)
docs/external_audits/BAO_CAO_AUDIT_RF_ACC23_20260726.md,30,61,realtime,HISTORICAL_DOCUMENTATION,`batch skipped-frame LK points` → `promote batched LK for realtime Fast` → `add foreground-core appearance descriptor` → `add core unassigned tiebreak` → `defer core histogram aggregation` → `guard core tiebreak by confidence` → `add causal pairwise core tiebreak` → `score pairwise core evidence jointly` → `share core tiebreak computations`.
docs/external_audits/BAO_CAO_AUDIT_RF_ACC23_20260726.md,31,98,realtime,HISTORICAL_DOCUMENTATION,"- Giữa `d925c900` và `5fa23de`, **mọi commit đều là classification-v2** (không có token tracking/realtime nào trong reflog) → **tracking không đổi kể từ `d925c90`**. ✔"
docs/external_audits/BAO_CAO_AUDIT_RF_ACC23_20260726.md,49,4,realtime,HISTORICAL_DOCUMENTATION,"| `realtime` → `realtime_fast` = **RF_ACC23** | `model.predict()` (raw_id = None) | **2** | batched LK; core-unassigned tiebreak (confidence-guarded); core-pairwise tiebreak; visible close/better competitor prefer+guard (far-right x≥0.67) | Không (offline smoothing OFF) | **causal_framewise, delay 0** |"
docs/external_audits/BAO_CAO_AUDIT_RF_ACC23_20260726.md,50,4,realtime_balanced,HISTORICAL_DOCUMENTATION,"| `realtime_balanced` | `model.predict()` | 1 (mặc định) | causal_hidden_detection_reservation ON; low-conf recovery guard; visible better/close competitor | Không | causal_framewise, delay 0 |"
docs/external_audits/BAO_CAO_AUDIT_RF_ACC23_20260726.md,51,4,realtime_quality_delayed,HISTORICAL_DOCUMENTATION,"| `realtime_quality_delayed` | `model.predict()` | 1 | kế thừa balanced (reservation OFF) + local_pair_swap_repair + **realtime_motion_pair_stabilizer** | Motion-pair stabilizer chạy **sau vòng video** (đồ thị toàn cục) | **post_video_global_graph, delay −1** |"
docs/external_audits/BAO_CAO_AUDIT_RF_ACC23_20260726.md,54,30,realtime,HISTORICAL_DOCUMENTATION,"Chi tiết RF_ACC23 (`profiles/realtime.py` REALTIME_FAST_CONFIG, đã đối chiếu default trong `config.py`):"
docs/external_audits/BAO_CAO_AUDIT_RF_ACC23_20260726.md,59,59,realtime,HISTORICAL_DOCUMENTATION,"- `resolve_output_timing_contract()` (telemetry.py): với `realtime` + `realtime_motion_pair_stabilizer=False` + `enable_offline_smoothing=False` ⇒ trả về `(""causal_framewise"", 0)`. RF_ACC23 rơi đúng nhánh này ⇒ **delay 0**. ✔"
docs/external_audits/BAO_CAO_AUDIT_RF_ACC23_20260726.md,61,161,realtime_quality_delayed,HISTORICAL_DOCUMENTATION,"- Lưu ý R0 trong Kế Hoạch (motion-pair stabilizer chạy post-video; `local_pair_swap_repair` bị chặn sau gate `enable_offline_smoothing=false`) **chỉ ảnh hưởng `realtime_quality_delayed`**, KHÔNG ảnh hưởng RF_ACC23 (cả hai cờ đó đều OFF ở RF_ACC23). RF_ACC23 là causal delay-0 thật."
docs/external_audits/BAO_CAO_AUDIT_RF_ACC23_20260726.md,68,230,realtime,HISTORICAL_DOCUMENTATION,"Trừ khi ghi khác: scope = **full-13, `include_hidden=true`, `iou0_area0_condarea0_merge0`, mp4_count=0**. Ưu tiên identity theo thứ tự hard-guard: permanent/terminal swap → IDSW → wrong-ID duration → HOTA/IDF1/FP-FN/fragments → (realtime) latency/throughput/delay."
docs/external_audits/BAO_CAO_AUDIT_RF_ACC23_20260726.md,76,4,realtime_balanced,HISTORICAL_DOCUMENTATION,"| `realtime_balanced` | full-13, inc-hidden | causal, 0 | **121** | 95.68% | 95.76% | 448/586 | 127 | Memory-verified. Không thắng Fast về identity (miss target ≤86). Quality/coverage reference. |"
docs/external_audits/BAO_CAO_AUDIT_RF_ACC23_20260726.md,77,4,realtime_quality_delayed,HISTORICAL_DOCUMENTATION,"| `realtime_quality_delayed` | full-13, inc-hidden | post-video, −1 | **166** | 97.66% | 97.58% | 449/587 | — | Memory-verified. Effective FPS ~12.09. **Không phải realtime candidate hợp lệ** (delay −1). Chỉ delayed-quality evidence. |"
docs/external_audits/BAO_CAO_AUDIT_RF_ACC23_20260726.md,77,165,realtime,HISTORICAL_DOCUMENTATION,"| `realtime_quality_delayed` | full-13, inc-hidden | post-video, −1 | **166** | 97.66% | 97.58% | 449/587 | — | Memory-verified. Effective FPS ~12.09. **Không phải realtime candidate hợp lệ** (delay −1). Chỉ delayed-quality evidence. |"
docs/external_audits/BAO_CAO_AUDIT_RF_ACC23_20260726.md,80,13,realtime,HISTORICAL_DOCUMENTATION,"¹ ""Hard6"" = realtime hard set trong memory: `000114, 000231, 000233, 000263, 000327, 000302` (cần xác nhận đây đúng là tập RF_ACC23 đã dùng — mục 8)."
docs/external_audits/BAO_CAO_AUDIT_RF_ACC23_20260726.md,101,99,realtime,HISTORICAL_DOCUMENTATION,"R5 — **Camera prior chỉ là 1 gate cứng, không phải cost term**. Logic camera-aware duy nhất trong realtime là gate `min_center_x_ratio=0.67` của close-competitor guard (chỉ kích hoạt ở 1/3 phải khung). Không có size-by-position prior, không có cost liên tục theo hình học camera. Vùng far-right (xa/nhỏ/mờ) và wall-interaction không được prior hóa trong association. (Các cơ chế `near_wall_/far_camera_hidden_geometry` là **offline/hybrid** và có cái dùng future gap → không port thẳng.)"
docs/external_audits/BAO_CAO_AUDIT_RF_ACC23_20260726.md,105,110,realtime,HISTORICAL_DOCUMENTATION,"R7 — **Video/sự kiện yếu đã biết** (evidence memory, phần lớn là era cũ nhưng khả năng còn): `000233` (video realtime yếu nhất; xung đột ID_1/ID_8 dài), `000263` (reid switch trong fight; legacy IDSW ≈2 vs hiện ≈6 — nghi `association.py` raw/lost-reid), `000216` (far-camera ID 5/8 — **phải khóa GT trước** vì memory cảnh báo GT stale), `000328` (far-right hidden bbox đè visible, f1347–1355), `000231` (gain-concentration fragility), `000302` (đã về 0 nhờ far-right guard — là **guardrail phải giữ**). IDSW 53 của RF_ACC23 phân bố trên các video này; **chưa có breakdown per-video** trong repo (mục 8)."
docs/external_audits/BAO_CAO_AUDIT_RF_ACC23_20260726.md,107,57,realtime,HISTORICAL_DOCUMENTATION,"R8 — **Ràng buộc coupling coverage↔occlusion**. Lịch sử realtime từng FN/recall rất tệ (recall ~60.58% ở một baseline), được cứu bằng chính `occlusion_aware_matching=false`. Vì vậy bất kỳ cải tiến nào bật lại occlusion-aware cost phải chứng minh **không** làm regress FN — đây là guardrail cứng cho R1/R2."
docs/external_audits/BAO_CAO_AUDIT_RF_ACC23_20260726.md,125,163,realtime,HISTORICAL_DOCUMENTATION,"- Stop rule & rollback: **Stop** nếu có permanent/terminal swap, 000302 vượt trần, FP/FN >0.5%, hoặc frozen window regress. **Rollback** = tắt cờ trong `profiles/realtime.py` (một dòng config; thuật toán tái dùng code có sẵn) → reversible tức thì. Không đụng `realtime_fast` đã promote (tạo biến thể riêng)."
docs/external_audits/BAO_CAO_AUDIT_RF_ACC23_20260726.md,156,136,realtime,HISTORICAL_DOCUMENTATION,2. Detector-only: chạy riêng `model.predict()` (không association) để đo latency/throughput/VRAM detector — chi phí dùng chung cho mọi realtime profile.
docs/external_audits/BAO_CAO_AUDIT_RF_ACC23_20260726.md,157,20,realtime,HISTORICAL_DOCUMENTATION,"3. End-to-end core realtime: full path RF_ACC23 (detect mỗi 2 frame + LK skip + association) đo effective FPS, p50/p95 frame latency, backlog, output age, deadline-miss vs 30 FPS, VRAM, RSS."
docs/external_audits/BAO_CAO_AUDIT_RF_ACC23_20260726.md,180,39,realtime,HISTORICAL_DOCUMENTATION,- `src/pig_behavior/tracking/profiles/realtime.py` — thêm **biến thể experiment** (vd `realtime_fast_reservation`); **không** đổi `realtime_fast` (RF_ACC23) đã promote. Commit riêng cho profile.
docs/external_audits/BAO_CAO_AUDIT_RF_ACC23_20260726.md,181,78,realtime,HISTORICAL_DOCUMENTATION,- `src/pig_behavior/tracking/association.py` — H1: retune/mở reservation cho realtime + (tùy) nhánh uncertainty-hold trong accept loop; H3: thêm helper `apply_camera_size_prior_to_costs` + 1 call-site sau khi dựng cost.
docs/tracking/error_taxonomy/RF_ACC23_REMAINING_IDENTITY_ERROR_TAXONOMY_20260727.md,15,15,owner_preference,HISTORICAL_DOCUMENTATION,uncalibrated `owner_preference_lower_bound` of `0.59954303046` does not justify
docs/tracking/h1_r2/H1_R2_ACTIVATION_GATE_DECISION.json,2,31,h1_r2_activation_gate_decision,HISTORICAL_MANIFEST_OR_EVIDENCE,"""schema_version"": ""tracking.h1_r2_activation_gate_decision.v1"","
docs/tracking/h1_r2/H1_R2_ACTIVATION_GATE_DECISION.json,9,18,owner_preference,HISTORICAL_MANIFEST_OR_EVIDENCE,"""score_name"": ""owner_preference_score"","
docs/tracking/h1_r2/H1_R2_ACTIVATION_GATE_DECISION.json,36,26,owner_preference,HISTORICAL_MANIFEST_OR_EVIDENCE,"""score_comparison"": ""owner_preference_score >= activation_threshold"","
docs/tracking/h1_r2/H1_R2_ACTIVATION_GATE_DECISION.json,80,8,h1_r2_features_available,HISTORICAL_MANIFEST_OR_EVIDENCE,"""h1_r2_features_available"": false,"
docs/tracking/h1_r2/H1_R2_ACTIVATION_GATE_DECISION.json,86,8,h1_r2_features_available,HISTORICAL_MANIFEST_OR_EVIDENCE,"""h1_r2_features_available"": false,"
docs/tracking/h1_r2/H1_R2_ACTIVATION_GATE_DECISION.json,92,8,h1_r2_features_available,HISTORICAL_MANIFEST_OR_EVIDENCE,"""h1_r2_features_available"": false,"
docs/tracking/h1_r2/H1_R2_ACTIVATION_GATE_DECISION.json,98,8,h1_r2_features_available,HISTORICAL_MANIFEST_OR_EVIDENCE,"""h1_r2_features_available"": false,"
docs/tracking/h1_r2/H1_R2_ACTIVATION_GATE_DECISION.json,104,8,h1_r2_features_available,HISTORICAL_MANIFEST_OR_EVIDENCE,"""h1_r2_features_available"": false,"
docs/tracking/h1_r2/H1_R2_ACTIVATION_GATE_DECISION.json,110,8,h1_r2_features_available,HISTORICAL_MANIFEST_OR_EVIDENCE,"""h1_r2_features_available"": false,"
docs/tracking/h1_r2/H1_R2_DESIGN_DECISION.json,2,31,h1_r2_design_decision,HISTORICAL_MANIFEST_OR_EVIDENCE,"""schema_version"": ""tracking.h1_r2_design_decision.v1"","
docs/tracking/h1_r2/H1_R2_DESIGN_DECISION.json,17,20,owner_preference,HISTORICAL_MANIFEST_OR_EVIDENCE,"""score_name"": ""owner_preference_score"","
docs/tracking/h1_r2/H1_R2_DEVELOPMENT_EVALUATION_DECISION_20260727.json,2,31,h1_r2_development_evaluation_decision,HISTORICAL_MANIFEST_OR_EVIDENCE,"""schema_version"": ""tracking.h1_r2_development_evaluation_decision.v1"","
docs/tracking/h1_r2/H1_R2_DEVELOPMENT_EVALUATION_DECISION_20260727.json,10,19,realtime_fast_h1_r2,HISTORICAL_MANIFEST_OR_EVIDENCE,"""candidate"": ""realtime_fast_h1_r2"","
docs/tracking/h1_r2/H1_R2_DEVELOPMENT_EVALUATION_DECISION_20260727.json,19,8,h1_r2_owner_preference,HISTORICAL_MANIFEST_OR_EVIDENCE,"""h1_r2_owner_preference"": {"
docs/tracking/h1_r2/H1_R2_DEVELOPMENT_EVALUATION_DECISION_20260727.json,19,14,owner_preference,HISTORICAL_MANIFEST_OR_EVIDENCE,"""h1_r2_owner_preference"": {"
docs/tracking/h1_r2/H1_R2_DEVELOPMENT_EVALUATION_DECISION_20260727.json,28,14,owner_preference,HISTORICAL_MANIFEST_OR_EVIDENCE,"""name"": ""owner_preference_score"","
docs/tracking/h1_r2/H1_R2_DEVELOPMENT_EVALUATION_DECISION_20260727.json,68,35,h1_r2_development_quality_20260727_121643,HISTORICAL_MANIFEST_OR_EVIDENCE,"""run_root"": ""outputs/tracking/h1_r2_development_quality_20260727_121643"","
docs/tracking/h1_r2/H1_R2_DEVELOPMENT_EVALUATION_DECISION_20260727.json,83,6,h1_r2_stage_calls,HISTORICAL_MANIFEST_OR_EVIDENCE,"""h1_r2_stage_calls"": 210,"
docs/tracking/h1_r2/H1_R2_DEVELOPMENT_EVALUATION_DECISION_20260727.json,84,6,h1_r2_hidden_tracks_offered,HISTORICAL_MANIFEST_OR_EVIDENCE,"""h1_r2_hidden_tracks_offered"": 221,"
docs/tracking/h1_r2/H1_R2_DEVELOPMENT_EVALUATION_DECISION_20260727.json,85,6,h1_r2_competitors_scored,HISTORICAL_MANIFEST_OR_EVIDENCE,"""h1_r2_competitors_scored"": 770,"
docs/tracking/h1_r2/H1_R2_DEVELOPMENT_EVALUATION_DECISION_20260727.json,86,6,h1_r2_valid_score_pairs,HISTORICAL_MANIFEST_OR_EVIDENCE,"""h1_r2_valid_score_pairs"": 33,"
docs/tracking/h1_r2/H1_R2_DEVELOPMENT_EVALUATION_DECISION_20260727.json,87,6,h1_r2_abstained_missing_evidence,HISTORICAL_MANIFEST_OR_EVIDENCE,"""h1_r2_abstained_missing_evidence"": 737,"
docs/tracking/h1_r2/H1_R2_DEVELOPMENT_EVALUATION_DECISION_20260727.json,88,6,h1_r2_abstained_below_threshold,HISTORICAL_MANIFEST_OR_EVIDENCE,"""h1_r2_abstained_below_threshold"": 33,"
docs/tracking/h1_r2/H1_R2_DEVELOPMENT_EVALUATION_DECISION_20260727.json,89,6,h1_r2_abstained_tie_or_margin,HISTORICAL_MANIFEST_OR_EVIDENCE,"""h1_r2_abstained_tie_or_margin"": 0,"
docs/tracking/h1_r2/H1_R2_DEVELOPMENT_EVALUATION_DECISION_20260727.json,90,6,h1_r2_owner_preference_applied,HISTORICAL_MANIFEST_OR_EVIDENCE,"""h1_r2_owner_preference_applied"": 0,"
docs/tracking/h1_r2/H1_R2_DEVELOPMENT_EVALUATION_DECISION_20260727.json,90,12,owner_preference,HISTORICAL_MANIFEST_OR_EVIDENCE,"""h1_r2_owner_preference_applied"": 0,"
docs/tracking/h1_r2/H1_R2_DEVELOPMENT_EVALUATION_DECISION_20260727.json,91,6,h1_r2_score_invalid,HISTORICAL_MANIFEST_OR_EVIDENCE,"""h1_r2_score_invalid"": 0,"
docs/tracking/h1_r2/H1_R2_DEVELOPMENT_EVALUATION_DECISION_20260727.json,92,6,h1_r2_reacquisition_observed,HISTORICAL_MANIFEST_OR_EVIDENCE,"""h1_r2_reacquisition_observed"": 0,"
docs/tracking/h1_r2/H1_R2_DEVELOPMENT_EVALUATION_DECISION_20260727.json,150,36,h1_r2_design_contract,HISTORICAL_MANIFEST_OR_EVIDENCE,"""python scripts/tracking/check_h1_r2_design_contract.py"","
docs/tracking/h1_r2/H1_R2_DEVELOPMENT_EVALUATION_DECISION_20260727.json,151,36,h1_r2_implementation,HISTORICAL_MANIFEST_OR_EVIDENCE,"""python scripts/tracking/check_h1_r2_implementation.py"","
docs/tracking/h1_r2/H1_R2_DEVELOPMENT_EVALUATION_DECISION_20260727.json,152,33,h1_r2_development,HISTORICAL_MANIFEST_OR_EVIDENCE,"""python .codex_tmp/evaluate_h1_r2_development.py --run-root C:\\Users\\ironh\\Downloads\\PIG_Behavior_Project\\outputs\\tracking\\h1_r2_development_quality_20260727_121643 --device 0"","
docs/tracking/h1_r2/H1_R2_DEVELOPMENT_EVALUATION_DECISION_20260727.json,152,135,h1_r2_development_quality_20260727_121643,HISTORICAL_MANIFEST_OR_EVIDENCE,"""python .codex_tmp/evaluate_h1_r2_development.py --run-root C:\\Users\\ironh\\Downloads\\PIG_Behavior_Project\\outputs\\tracking\\h1_r2_development_quality_20260727_121643 --device 0"","
docs/tracking/h1_r2/H1_R2_DEVELOPMENT_EVALUATION_DECISION_20260727.json,154,38,h1_r2_development,HISTORICAL_MANIFEST_OR_EVIDENCE,"""ruff check .codex_tmp\\evaluate_h1_r2_development.py"""
docs/tracking/h1_r2/H1_R2_DEVELOPMENT_EVALUATION_DECISION_20260727.json,164,33,h1_r2_development_quality_20260727_120735,HISTORICAL_MANIFEST_OR_EVIDENCE,"""path"": ""outputs/tracking/h1_r2_development_quality_20260727_120735"","
docs/tracking/h1_r2/H1_R2_DEVELOPMENT_EVALUATION_DECISION_20260727.json,168,33,h1_r2_development_quality_20260727_121611,HISTORICAL_MANIFEST_OR_EVIDENCE,"""path"": ""outputs/tracking/h1_r2_development_quality_20260727_121611"","
docs/tracking/h1_r2/H1_R2_DEVELOPMENT_MISSINGNESS_AUDIT_20260727.md,24,19,h1_r2_development_quality_20260727_121643,HISTORICAL_DOCUMENTATION,`outputs/tracking/h1_r2_development_quality_20260727_121643/`
docs/tracking/h1_r2/H1_R2_DEVELOPMENT_MISSINGNESS_AUDIT_20260727.md,112,32,h1_r2_features_for_track,HISTORICAL_DOCUMENTATION,"`association_reference_box`, `_h1_r2_features_for_track`,"
docs/tracking/h1_r2/H1_R2_DEVELOPMENT_MISSINGNESS_AUDIT_20260727.md,113,8,owner_preference,HISTORICAL_DOCUMENTATION,"`build_owner_preference_features`, and `overlap_similarity`. The result is"
docs/tracking/h1_r2/H1_R2_DEVELOPMENT_MISSINGNESS_AUDIT_20260727.md,193,16,owner_preference,HISTORICAL_DOCUMENTATION,| Statistic | `owner_preference_score` |
docs/tracking/h1_r2/H1_R2_DEVELOPMENT_MISSINGNESS_AUDIT_20260727.md,296,19,h1_r2_development_missingness_audit_20260727,HISTORICAL_DOCUMENTATION,`outputs/tracking/h1_r2_development_missingness_audit_20260727`
docs/tracking/h1_r2/H1_R2_EVALUATION_GATE.json,2,31,h1_r2_evaluation_gate,HISTORICAL_MANIFEST_OR_EVIDENCE,"""schema_version"": ""tracking.h1_r2_evaluation_gate.v1"","
docs/tracking/h1_r2/H1_R2_EVALUATION_GATE.json,13,46,owner_preference,HISTORICAL_MANIFEST_OR_EVIDENCE,"""only_changed_family"": ""symmetric_hidden_owner_preference"","
docs/tracking/h1_r2/H1_R2_EVALUATION_GATE.json,14,20,owner_preference,HISTORICAL_MANIFEST_OR_EVIDENCE,"""score_name"": ""owner_preference_score"""
docs/tracking/h1_r2/H1_R2_EVALUATION_GATE.json,58,33,h1_r2_output,HISTORICAL_MANIFEST_OR_EVIDENCE,"""validation_selected_before_h1_r2_output"": true,"
docs/tracking/h1_r2/H1_R2_GOLDEN_CASES.yaml,2,31,h1_r2_golden_cases,HISTORICAL_MANIFEST_OR_EVIDENCE,"""schema_version"": ""tracking.h1_r2_golden_cases.v1"","
docs/tracking/h1_r2/H1_R2_GOLDEN_CASES.yaml,3,18,owner_preference,HISTORICAL_MANIFEST_OR_EVIDENCE,"""score_name"": ""owner_preference_score"","
docs/tracking/h1_r2/H1_R2_IMPLEMENTATION_AUTHORIZATION_DECISION.json,2,31,h1_r2_implementation_authorization_decision,HISTORICAL_MANIFEST_OR_EVIDENCE,"""schema_version"": ""tracking.h1_r2_implementation_authorization_decision.v1"","
docs/tracking/h1_r2/H1_R2_IMPLEMENTATION_AUTHORIZATION_DECISION.json,16,6,h1_r2_tracking_results_viewed,HISTORICAL_MANIFEST_OR_EVIDENCE,"""h1_r2_tracking_results_viewed"": false,"
docs/tracking/h1_r2/H1_R2_IMPLEMENTATION_AUTHORIZATION_DECISION.json,19,4,h1_r2_tracking_results_viewed,HISTORICAL_MANIFEST_OR_EVIDENCE,"""h1_r2_tracking_results_viewed"": false,"
docs/tracking/h1_r2/H1_R2_IMPLEMENTATION_AUTHORIZATION_DECISION.json,21,14,owner_preference,HISTORICAL_MANIFEST_OR_EVIDENCE,"""name"": ""owner_preference_score"","
docs/tracking/h1_r2/H1_R2_IMPLEMENTATION_AUTHORIZATION_DECISION.json,34,26,h1_r2_design_checker,HISTORICAL_MANIFEST_OR_EVIDENCE,"""version"": ""tracking.h1_r2_design_checker.v2"","
docs/tracking/h1_r2/H1_R2_IMPLEMENTATION_AUTHORIZATION_DECISION.json,35,47,h1_r2_design_contract,HISTORICAL_MANIFEST_OR_EVIDENCE,"""command"": ""python scripts/tracking/check_h1_r2_design_contract.py"","
docs/tracking/h1_r2/H1_R2_IMPLEMENTATION_COMPLETION_DECISION.json,2,31,h1_r2_implementation_completion,HISTORICAL_MANIFEST_OR_EVIDENCE,"""schema_version"": ""tracking.h1_r2_implementation_completion.v1"","
docs/tracking/h1_r2/H1_R2_IMPLEMENTATION_COMPLETION_DECISION.json,10,33,realtime_fast_h1_r2,HISTORICAL_MANIFEST_OR_EVIDENCE,"""authorized_profile_name"": ""realtime_fast_h1_r2"""
docs/tracking/h1_r2/H1_R2_IMPLEMENTATION_COMPLETION_DECISION.json,24,6,realtime_fast_h1_r2,HISTORICAL_MANIFEST_OR_EVIDENCE,"""realtime_fast_h1_r2_sha256"": ""4916fcc24d464372c0c2151be41c65bb32472a0972d9f845659ec20970094500"""
docs/tracking/h1_r2/H1_R2_IMPLEMENTATION_COMPLETION_DECISION.json,24,20,h1_r2_sha256,HISTORICAL_MANIFEST_OR_EVIDENCE,"""realtime_fast_h1_r2_sha256"": ""4916fcc24d464372c0c2151be41c65bb32472a0972d9f845659ec20970094500"""
docs/tracking/h1_r2/H1_R2_IMPLEMENTATION_COMPLETION_DECISION.json,40,29,h1_r2_design_contract,HISTORICAL_MANIFEST_OR_EVIDENCE,"""scripts/tracking/check_h1_r2_design_contract.py"","
docs/tracking/h1_r2/H1_R2_IMPLEMENTATION_COMPLETION_DECISION.json,41,29,h1_r2_implementation,HISTORICAL_MANIFEST_OR_EVIDENCE,"""scripts/tracking/check_h1_r2_implementation.py"","
docs/tracking/h1_r2/H1_R2_IMPLEMENTATION_COMPLETION_DECISION.json,45,32,owner_preference,HISTORICAL_MANIFEST_OR_EVIDENCE,"""src/pig_behavior/tracking/owner_preference.py"","
docs/tracking/h1_r2/H1_R2_IMPLEMENTATION_COMPLETION_DECISION.json,46,41,realtime,HISTORICAL_MANIFEST_OR_EVIDENCE,"""src/pig_behavior/tracking/profiles/realtime.py"","
docs/tracking/h1_r2/H1_R2_IMPLEMENTATION_COMPLETION_DECISION.json,48,26,h1_r2_design_contract,HISTORICAL_MANIFEST_OR_EVIDENCE,"""tests/test_tracking_h1_r2_design_contract.py"","
docs/tracking/h1_r2/H1_R2_IMPLEMENTATION_COMPLETION_DECISION.json,49,26,h1_r2_implementation,HISTORICAL_MANIFEST_OR_EVIDENCE,"""tests/test_tracking_h1_r2_implementation.py"","
docs/tracking/h1_r2/H1_R2_IMPLEMENTATION_COMPLETION_DECISION.json,55,49,h1_r2_design_contract,HISTORICAL_MANIFEST_OR_EVIDENCE,"""command"": ""python scripts/tracking/check_h1_r2_design_contract.py"","
docs/tracking/h1_r2/H1_R2_IMPLEMENTATION_COMPLETION_DECISION.json,59,49,h1_r2_implementation,HISTORICAL_MANIFEST_OR_EVIDENCE,"""command"": ""python scripts/tracking/check_h1_r2_implementation.py"","
docs/tracking/h1_r2/H1_R2_IMPLEMENTATION_COMPLETION_DECISION.json,67,30,h1_r2_design_contract,HISTORICAL_MANIFEST_OR_EVIDENCE,"""tests/test_tracking_h1_r2_design_contract.py"","
docs/tracking/h1_r2/H1_R2_IMPLEMENTATION_COMPLETION_DECISION.json,68,30,h1_r2_implementation,HISTORICAL_MANIFEST_OR_EVIDENCE,"""tests/test_tracking_h1_r2_implementation.py"","
docs/tracking/h1_r2/H1_R2_IMPLEMENTATION_COMPLETION_DECISION.json,82,30,h1_r2_design_contract,HISTORICAL_MANIFEST_OR_EVIDENCE,"""tests/test_tracking_h1_r2_design_contract.py"","
docs/tracking/h1_r2/H1_R2_IMPLEMENTATION_COMPLETION_DECISION.json,83,30,h1_r2_implementation,HISTORICAL_MANIFEST_OR_EVIDENCE,"""tests/test_tracking_h1_r2_implementation.py"","
docs/tracking/h1_r2/H1_R2_INDEPENDENT_DESIGN_REVIEW.json,2,31,h1_r2_independent_design_review,HISTORICAL_MANIFEST_OR_EVIDENCE,"""schema_version"": ""tracking.h1_r2_independent_design_review.v1"","
docs/tracking/h1_r2/H1_R2_INDEPENDENT_DESIGN_REVIEW.json,36,54,owner_preference,HISTORICAL_MANIFEST_OR_EVIDENCE,"""finding"": ""The quantity is consistently named owner_preference_score and is explicitly uncalibrated and not a probability."""
docs/tracking/h1_r2/H1_R2_INDEPENDENT_DESIGN_REVIEW.json,116,6,h1_r2_candidate_outputs_inspected,HISTORICAL_MANIFEST_OR_EVIDENCE,"""h1_r2_candidate_outputs_inspected"": false"
docs/tracking/h1_r2/H1_R2_PROFILE_ADDITION_AUTHORIZATION_DECISION.json,2,31,h1_r2_profile_addition_authorization,HISTORICAL_MANIFEST_OR_EVIDENCE,"""schema_version"": ""tracking.h1_r2_profile_addition_authorization.v1"","
docs/tracking/h1_r2/H1_R2_PROFILE_ADDITION_AUTHORIZATION_DECISION.json,11,31,realtime_fast_h1_r2,HISTORICAL_MANIFEST_OR_EVIDENCE,"""authorized_profile_name"": ""realtime_fast_h1_r2"","
docs/tracking/h1_r2/H1_R2_PROFILE_ADDITION_AUTHORIZATION_DECISION.json,20,46,owner_preference,HISTORICAL_MANIFEST_OR_EVIDENCE,"""only_changed_family"": ""symmetric_hidden_owner_preference"","
docs/tracking/h1_r2/H1_R2_SCIENTIFIC_DESIGN_CONTRACT.md,24,26,owner_preference,HISTORICAL_DOCUMENTATION,The primary quantity is `owner_preference_score`. It is bounded but is not
docs/tracking/h1_r2/H1_R2_SCIENTIFIC_DESIGN_CONTRACT.md,49,1,owner_preference,HISTORICAL_DOCUMENTATION,owner_preference_score =
docs/tracking/h1_r2/H1_R2_VALIDATION_MANIFEST.csv,2,336,h1_r2_output,HISTORICAL_MANIFEST_OR_EVIDENCE,"V01_000085_blinded,Pigs281119_000085_30fps,2019-11-28/session-281119,360,540,blinded_predeclared_window,control_no_hidden_owner_contention,""Deterministic early-third window from a date and video absent from development"",""outputs/tracking/rf_acc23_lineage/rf_acc23_lineage_manifest_20260727_v1.json"",NOT_FLAGGED,true,predeclared_before_h1_r2_output,8dc95b9263c481d0ec3eb6e2ac96d821410e6331caadc950bd859a42f846b5fb,3a6bc2b28dd2e4f831ef59d7543e1a523bb9cfd2415741bb91506f74709bd697,ae867355ff5ee04693451a52121e31606364d96def69dc7c0a03a585dfac3f0f,2f01b5f38174d0b4b1a52d806f8e0289c0cf6ed22f98108128e0aed5a3f61d79"
docs/tracking/h1_r2/H1_R2_VALIDATION_MANIFEST.csv,3,320,h1_r2_output,HISTORICAL_MANIFEST_OR_EVIDENCE,"V02_000114_blinded,Pigs281119_000114_30fps,2019-11-28/session-281119,960,1140,blinded_predeclared_window,control_no_hidden_owner_contention,""Deterministic late-middle window from a second held-out video"",""outputs/tracking/rf_acc23_lineage/rf_acc23_lineage_manifest_20260727_v1.json"",NOT_FLAGGED,true,predeclared_before_h1_r2_output,6c7668b8e651c8a418aa198f788777ced61c4d2eb85e6b6171e1d0e1bfe1c398,1d6ad0b635de1388016b28201ada90010f41ff8a491936050a86cd9430b6ceeb,ae867355ff5ee04693451a52121e31606364d96def69dc7c0a03a585dfac3f0f,8da3f7171802b6cfced037f73b8f806da723e1004f8c7dde0646be41676bac2c"
docs/tracking/h1_r2/H1_R2_VALIDATION_MANIFEST.csv,4,314,h1_r2_output,HISTORICAL_MANIFEST_OR_EVIDENCE,"V03_000327_blinded,Pigs301119_000327_30fps,2019-11-30/session-301119,660,840,blinded_predeclared_window,positive_hidden_owner_contention,""Deterministic middle window from a later recording session"",""outputs/tracking/rf_acc23_lineage/rf_acc23_lineage_manifest_20260727_v1.json"",NOT_FLAGGED,true,predeclared_before_h1_r2_output,3b415b115c786f261a37d4f47fecdf8c50306d897e4f6b5b13e7acc13114fb42,00eaf567154f1854c9c7ef866353e8db2af3d1329a5e54c70a36a8ccb97dc1b6,ae867355ff5ee04693451a52121e31606364d96def69dc7c0a03a585dfac3f0f,e2e0422997c7c4c922bf2db10eb878828e93df862403859b6d8cbf5ed27ed332"
docs/tracking/h1_r2/H1_R2_VALIDATION_MANIFEST.csv,5,317,h1_r2_output,HISTORICAL_MANIFEST_OR_EVIDENCE,"V04_000328_blinded,Pigs301119_000328_30fps,2019-11-30/session-301119,1260,1440,blinded_predeclared_window,positive_hidden_owner_contention,""Deterministic late window from a second later-session video"",""outputs/tracking/rf_acc23_lineage/rf_acc23_lineage_manifest_20260727_v1.json"",NOT_FLAGGED,true,predeclared_before_h1_r2_output,7e8ca6981d8c05be0967475f71ad5360dcb0e58e05213828f497f4bc2c61772b,2e00b57423688ee74e1228e75f7ba13d0a4ecc05ed5a5f0295d92e68fe2f5f76,ae867355ff5ee04693451a52121e31606364d96def69dc7c0a03a585dfac3f0f,a53d9da6561586d0b754544905ebe6b626d0b93631516f7e30dd5274f56d13d5"
docs/tracking/h1_r2/H1_R2_VALIDATION_ROLE_ASSIGNMENTS.json,2,31,h1_r2_validation_role_assignments,HISTORICAL_MANIFEST_OR_EVIDENCE,"""schema_version"": ""tracking.h1_r2_validation_role_assignments.v1"","
docs/tracking/h1_r2/H1_R2_VALIDATION_ROLE_ASSIGNMENTS.json,27,6,h1_r2_outputs_viewed,HISTORICAL_MANIFEST_OR_EVIDENCE,"""h1_r2_outputs_viewed"": false"
docs/tracking/h1_r2/H1_R2_VALIDATION_ROLE_ASSIGNMENTS.json,33,182,realtime,HISTORICAL_MANIFEST_OR_EVIDENCE,"""retained_parent_root"": ""C:/Users/ironh/Downloads/PIG_task_tracking/outputs/pred/tracking_realtime_fast_accuracy/20260723_rf_acc23_full13_primary_v1/iou0_area0_condarea0_merge0/realtime"""
docs/tracking/h1_r3/H1_R3_ACTIVATION_GATE_DECISION.json,8,18,owner_preference,HISTORICAL_MANIFEST_OR_EVIDENCE,"""score_name"": ""owner_preference_lower_bound"","
docs/tracking/h1_r3/H1_R3_ACTIVATION_GATE_DECISION.json,32,4,owner_preference,HISTORICAL_MANIFEST_OR_EVIDENCE,"""owner_preference_interval"": {"
docs/tracking/h1_r3/H1_R3_ACTIVATION_GATE_DECISION.json,41,6,owner_preference,HISTORICAL_MANIFEST_OR_EVIDENCE,"""owner_preference_lower_bound_threshold"": 0.625,"
docs/tracking/h1_r3/H1_R3_ACTIVATION_GATE_DECISION.json,54,6,owner_preference,HISTORICAL_MANIFEST_OR_EVIDENCE,"""owner_preference"": [0.0, 1.0],"
docs/tracking/h1_r3/H1_R3_CLOSURE_DECISION_20260727.json,6,11,owner_preference,HISTORICAL_MANIFEST_OR_EVIDENCE,"""hidden_owner_preference_family_status"": ""CLOSED_FOR_CURRENT_STUDY"","
docs/tracking/h1_r3/H1_R3_CLOSURE_DECISION_20260727.json,9,6,h1_r2_status,HISTORICAL_MANIFEST_OR_EVIDENCE,"""h1_r2_status"": ""FAIL_NO_ACTIVATION"","
docs/tracking/h1_r3/H1_R3_CLOSURE_DECISION_20260727.json,14,20,owner_preference,HISTORICAL_MANIFEST_OR_EVIDENCE,"""h1_r3_maximum_owner_preference_lower_bound"": 0.59954303046,"
docs/tracking/h1_r3/H1_R3_CLOSURE_DECISION_20260727.json,16,6,h1_r3_shadow,HISTORICAL_MANIFEST_OR_EVIDENCE,"""h1_r3_shadow_output_equivalence"": ""PASS"","
docs/tracking/h1_r3/H1_R3_CLOSURE_DECISION_20260727.json,41,6,h1_r2_development_decision_sha256,HISTORICAL_MANIFEST_OR_EVIDENCE,"""h1_r2_development_decision_sha256"": ""c7e013f8d1878e44c4d3f0aa6bd5dea428a611ce1a553e58c969480382360231"","
docs/tracking/h1_r3/H1_R3_CLOSURE_DECISION_20260727.json,42,6,h1_r2_development_inventory_sha256,HISTORICAL_MANIFEST_OR_EVIDENCE,"""h1_r2_development_inventory_sha256"": ""d47a29518bacc107907b868dae55478f9b9d405b0be7836515355dcfb1b591cd"","
docs/tracking/h1_r3/H1_R3_CLOSURE_DECISION_20260727.json,43,6,h1_r2_missingness_audit_sha256,HISTORICAL_MANIFEST_OR_EVIDENCE,"""h1_r2_missingness_audit_sha256"": ""ddbf8fa9b7e24dc65df789352400fcf9d7cc411ba2591ad3fbc3c7505ff7c396"","
docs/tracking/h1_r3/H1_R3_CLOSURE_DECISION_20260727.json,44,6,h1_r2_missingness_inventory_sha256,HISTORICAL_MANIFEST_OR_EVIDENCE,"""h1_r2_missingness_inventory_sha256"": ""e46fe841ae7c0f05486945ce0eb4d7b8303618647d74da5b22044ea20af0b480"","
docs/tracking/h1_r3/H1_R3_CLOSURE_DECISION_20260727.json,47,6,h1_r3_shadow,HISTORICAL_MANIFEST_OR_EVIDENCE,"""h1_r3_shadow_decision_sha256"": ""e4af8d3f46a6834ceb2649e694b2f5ab24e3dc87dd20d0a48a8913ae27a4f357"","
docs/tracking/h1_r3/H1_R3_CLOSURE_DECISION_20260727.json,48,6,h1_r3_shadow,HISTORICAL_MANIFEST_OR_EVIDENCE,"""h1_r3_shadow_inventory_sha256"": ""b384e47ddef3de987a8f0293f2267cf58cdb01142cd122b0673d01c0ac1e9d7f"","
docs/tracking/h1_r3/H1_R3_DESIGN_DECISION.json,18,20,owner_preference,HISTORICAL_MANIFEST_OR_EVIDENCE,"""score_name"": ""owner_preference_lower_bound"","
docs/tracking/h1_r3/H1_R3_DESIGN_DECISION.json,47,6,h1_r2_validation_manifest_sha256,HISTORICAL_MANIFEST_OR_EVIDENCE,"""h1_r2_validation_manifest_sha256"": ""531f20a692d593c9ea4be0534e334af4262e8c013e43d828f0f0f894ad4761b6"","
docs/tracking/h1_r3/H1_R3_DESIGN_DECISION.json,48,6,h1_r2_role_assignment_sha256,HISTORICAL_MANIFEST_OR_EVIDENCE,"""h1_r2_role_assignment_sha256"": ""ae867355ff5ee04693451a52121e31606364d96def69dc7c0a03a585dfac3f0f"","
docs/tracking/h1_r3/H1_R3_SCIENTIFIC_DESIGN_CONTRACT.md,159,1,owner_preference,HISTORICAL_DOCUMENTATION,owner_preference_lower_bound =
docs/tracking/h1_r3/H1_R3_SCIENTIFIC_DESIGN_CONTRACT.md,162,1,owner_preference,HISTORICAL_DOCUMENTATION,owner_preference_upper_bound =
docs/tracking/h1_r3/H1_R3_SCIENTIFIC_DESIGN_CONTRACT.md,190,1,owner_preference,HISTORICAL_DOCUMENTATION,owner_preference_lower_bound >= 0.625
docs/tracking/h1_r3/H1_R3_SCIENTIFIC_DESIGN_CONTRACT.md,211,1,owner_preference,HISTORICAL_DOCUMENTATION,"owner_preference bounds in [0,1]"
docs/tracking/h1_r3/H1_R3_SHADOW_SUPPORT_DENSITY_DECISION_20260727.json,2,31,h1_r3_shadow,HISTORICAL_MANIFEST_OR_EVIDENCE,"""schema_version"": ""tracking.h1_r3_shadow_support_density_decision.v1"","
docs/tracking/h1_r3/H1_R3_SHADOW_SUPPORT_DENSITY_DECISION_20260727.json,9,14,owner_preference,HISTORICAL_MANIFEST_OR_EVIDENCE,"""name"": ""owner_preference_lower_bound"","
docs/tracking/h1_r3/H1_R3_SHADOW_SUPPORT_DENSITY_DECISION_20260727.json,44,6,h1_r3_shadow,HISTORICAL_MANIFEST_OR_EVIDENCE,"""h1_r3_shadow_stage_calls"": 210,"
docs/tracking/h1_r3/H1_R3_SHADOW_SUPPORT_DENSITY_DECISION_20260727.json,45,6,h1_r3_shadow,HISTORICAL_MANIFEST_OR_EVIDENCE,"""h1_r3_shadow_hidden_tracks_offered"": 221,"
docs/tracking/h1_r3/H1_R3_SHADOW_SUPPORT_DENSITY_DECISION_20260727.json,46,6,h1_r3_shadow,HISTORICAL_MANIFEST_OR_EVIDENCE,"""h1_r3_shadow_pair_candidates"": 1518,"
docs/tracking/h1_r3/H1_R3_SHADOW_SUPPORT_DENSITY_DECISION_20260727.json,47,6,h1_r3_shadow,HISTORICAL_MANIFEST_OR_EVIDENCE,"""h1_r3_shadow_core_eligible_pairs"": 958,"
docs/tracking/h1_r3/H1_R3_SHADOW_SUPPORT_DENSITY_DECISION_20260727.json,48,6,h1_r3_shadow,HISTORICAL_MANIFEST_OR_EVIDENCE,"""h1_r3_shadow_score_pairs"": 958,"
docs/tracking/h1_r3/H1_R3_SHADOW_SUPPORT_DENSITY_DECISION_20260727.json,49,6,h1_r3_shadow,HISTORICAL_MANIFEST_OR_EVIDENCE,"""h1_r3_shadow_below_threshold"": 6,"
docs/tracking/h1_r3/H1_R3_SHADOW_SUPPORT_DENSITY_DECISION_20260727.json,50,6,h1_r3_shadow,HISTORICAL_MANIFEST_OR_EVIDENCE,"""h1_r3_shadow_margin_failed"": 952,"
docs/tracking/h1_r3/H1_R3_SHADOW_SUPPORT_DENSITY_DECISION_20260727.json,51,6,h1_r3_shadow,HISTORICAL_MANIFEST_OR_EVIDENCE,"""h1_r3_shadow_would_activate"": 0,"
docs/tracking/h1_r3/H1_R3_SHADOW_SUPPORT_DENSITY_DECISION_20260727.json,52,6,h1_r3_shadow,HISTORICAL_MANIFEST_OR_EVIDENCE,"""h1_r3_shadow_missing_core_overlap"": 0,"
docs/tracking/h1_r3/H1_R3_SHADOW_SUPPORT_DENSITY_DECISION_20260727.json,53,6,h1_r3_shadow,HISTORICAL_MANIFEST_OR_EVIDENCE,"""h1_r3_shadow_missing_core_freshness"": 560,"
docs/tracking/h1_r3/H1_R3_SHADOW_SUPPORT_DENSITY_DECISION_20260727.json,54,6,h1_r3_shadow,HISTORICAL_MANIFEST_OR_EVIDENCE,"""h1_r3_shadow_optional_appearance_available"": 1518,"
docs/tracking/h1_r3/H1_R3_SHADOW_SUPPORT_DENSITY_DECISION_20260727.json,55,6,h1_r3_shadow,HISTORICAL_MANIFEST_OR_EVIDENCE,"""h1_r3_shadow_optional_motion_available"": 1518,"
docs/tracking/h1_r3/H1_R3_SHADOW_SUPPORT_DENSITY_DECISION_20260727.json,56,6,h1_r3_shadow,HISTORICAL_MANIFEST_OR_EVIDENCE,"""h1_r3_shadow_invalid_numeric"": 0"
docs/tracking/h1_r3/H1_R3_SHADOW_SUPPORT_DENSITY_DECISION_20260727.json,92,35,h1_r3_shadow,HISTORICAL_MANIFEST_OR_EVIDENCE,"""run_root"": ""outputs/tracking/h1_r3_shadow_support_density_20260727_141401"","
docs/tracking/h1_r3/H1_R3_VALIDATION_MANIFEST.csv,2,336,h1_r2_output,HISTORICAL_MANIFEST_OR_EVIDENCE,"V01_000085_blinded,Pigs281119_000085_30fps,2019-11-28/session-281119,360,540,blinded_predeclared_window,control_no_hidden_owner_contention,""Deterministic early-third window from a date and video absent from development"",""outputs/tracking/rf_acc23_lineage/rf_acc23_lineage_manifest_20260727_v1.json"",NOT_FLAGGED,true,predeclared_before_h1_r2_output,8dc95b9263c481d0ec3eb6e2ac96d821410e6331caadc950bd859a42f846b5fb,3a6bc2b28dd2e4f831ef59d7543e1a523bb9cfd2415741bb91506f74709bd697,ae867355ff5ee04693451a52121e31606364d96def69dc7c0a03a585dfac3f0f,2f01b5f38174d0b4b1a52d806f8e0289c0cf6ed22f98108128e0aed5a3f61d79"
docs/tracking/h1_r3/H1_R3_VALIDATION_MANIFEST.csv,3,320,h1_r2_output,HISTORICAL_MANIFEST_OR_EVIDENCE,"V02_000114_blinded,Pigs281119_000114_30fps,2019-11-28/session-281119,960,1140,blinded_predeclared_window,control_no_hidden_owner_contention,""Deterministic late-middle window from a second held-out video"",""outputs/tracking/rf_acc23_lineage/rf_acc23_lineage_manifest_20260727_v1.json"",NOT_FLAGGED,true,predeclared_before_h1_r2_output,6c7668b8e651c8a418aa198f788777ced61c4d2eb85e6b6171e1d0e1bfe1c398,1d6ad0b635de1388016b28201ada90010f41ff8a491936050a86cd9430b6ceeb,ae867355ff5ee04693451a52121e31606364d96def69dc7c0a03a585dfac3f0f,8da3f7171802b6cfced037f73b8f806da723e1004f8c7dde0646be41676bac2c"
docs/tracking/h1_r3/H1_R3_VALIDATION_MANIFEST.csv,4,314,h1_r2_output,HISTORICAL_MANIFEST_OR_EVIDENCE,"V03_000327_blinded,Pigs301119_000327_30fps,2019-11-30/session-301119,660,840,blinded_predeclared_window,positive_hidden_owner_contention,""Deterministic middle window from a later recording session"",""outputs/tracking/rf_acc23_lineage/rf_acc23_lineage_manifest_20260727_v1.json"",NOT_FLAGGED,true,predeclared_before_h1_r2_output,3b415b115c786f261a37d4f47fecdf8c50306d897e4f6b5b13e7acc13114fb42,00eaf567154f1854c9c7ef866353e8db2af3d1329a5e54c70a36a8ccb97dc1b6,ae867355ff5ee04693451a52121e31606364d96def69dc7c0a03a585dfac3f0f,e2e0422997c7c4c922bf2db10eb878828e93df862403859b6d8cbf5ed27ed332"
docs/tracking/h1_r3/H1_R3_VALIDATION_MANIFEST.csv,5,317,h1_r2_output,HISTORICAL_MANIFEST_OR_EVIDENCE,"V04_000328_blinded,Pigs301119_000328_30fps,2019-11-30/session-301119,1260,1440,blinded_predeclared_window,positive_hidden_owner_contention,""Deterministic late window from a second later-session video"",""outputs/tracking/rf_acc23_lineage/rf_acc23_lineage_manifest_20260727_v1.json"",NOT_FLAGGED,true,predeclared_before_h1_r2_output,7e8ca6981d8c05be0967475f71ad5360dcb0e58e05213828f497f4bc2c61772b,2e00b57423688ee74e1228e75f7ba13d0a4ecc05ed5a5f0295d92e68fe2f5f76,ae867355ff5ee04693451a52121e31606364d96def69dc7c0a03a585dfac3f0f,a53d9da6561586d0b754544905ebe6b626d0b93631516f7e30dd5274f56d13d5"
docs/tracking/h2_cdsp/H2_CDSP_CURRENT_MAIN_SHADOW_DECISION_20260728.json,7,6,h2_shadow_baseline_state_loss_points,HISTORICAL_MANIFEST_OR_EVIDENCE,"""h2_shadow_baseline_state_loss_points"": 0,"
docs/tracking/h2_cdsp/H2_CDSP_CURRENT_MAIN_SHADOW_DECISION_20260728.json,8,6,h2_shadow_extra_usable_state_at_reentry,HISTORICAL_MANIFEST_OR_EVIDENCE,"""h2_shadow_extra_usable_state_at_reentry"": 0,"
docs/tracking/h2_cdsp/H2_CDSP_CURRENT_MAIN_SHADOW_DECISION_20260728.json,9,6,h2_shadow_preservable_states,HISTORICAL_MANIFEST_OR_EVIDENCE,"""h2_shadow_preservable_states"": 8163,"
docs/tracking/h2_cdsp/H2_CDSP_CURRENT_MAIN_SHADOW_DECISION_20260728.json,10,6,h2_shadow_states_surviving_to_reentry,HISTORICAL_MANIFEST_OR_EVIDENCE,"""h2_shadow_states_surviving_to_reentry"": 7852,"
docs/tracking/h2_cdsp/H2_CDSP_CURRENT_MAIN_SHADOW_DECISION_20260728.json,11,6,h2_shadow_terminal_revival_attempts,HISTORICAL_MANIFEST_OR_EVIDENCE,"""h2_shadow_terminal_revival_attempts"": 0,"
docs/tracking/h2_cdsp/H2_CDSP_CURRENT_MAIN_SHADOW_PREREQUISITE.json,39,6,h2_shadow_only,HISTORICAL_MANIFEST_OR_EVIDENCE,"""h2_shadow_only"": true,"
docs/tracking/h2_cdsp/H2_CDSP_SHADOW_LINEAGE_COMPATIBILITY_20260728.json,2,31,h2_cdsp_shadow,HISTORICAL_MANIFEST_OR_EVIDENCE,"""schema_version"": ""tracking.h2_cdsp_shadow_lineage_compatibility.v1"","
docs/tracking/h2_cdsp/H2_CDSP_SHADOW_LINEAGE_COMPATIBILITY_20260728.json,14,41,realtime,HISTORICAL_MANIFEST_OR_EVIDENCE,"""src/pig_behavior/tracking/profiles/realtime.py"": {"
docs/tracking/h2_cdsp/H2_CDSP_SHADOW_PORT_AUDIT_20260728.json,2,31,h2_cdsp_shadow,HISTORICAL_MANIFEST_OR_EVIDENCE,"""schema_version"": ""tracking.h2_cdsp_shadow_port_audit.v1"","
docs/tracking/h2_cdsp/H2_CDSP_SHADOW_PORT_AUDIT_20260728.json,16,32,h2_cdsp_shadow,HISTORICAL_MANIFEST_OR_EVIDENCE,"""src/pig_behavior/tracking/h2_cdsp_shadow.py"": ""BYTE_EQUIVALENT_TO_HISTORICAL_SHADOW"","
docs/tracking/h2_cdsp/H2_CDSP_SHADOW_PORT_AUDIT_20260728.json,20,26,h2_cdsp_shadow,HISTORICAL_MANIFEST_OR_EVIDENCE,"""tests/test_tracking_h2_cdsp_shadow.py"": ""BYTE_EQUIVALENT_TO_HISTORICAL_SHADOW"""
docs/tracking/h2_cdsp/H2_CDSP_STATE_MACHINE.json,289,6,owner_preference,HISTORICAL_MANIFEST_OR_EVIDENCE,"""owner_preference_score"": false,"
plans/classification_v2-q2-multimodal-roadmap.md,261,66,realtime,HISTORICAL_DOCUMENTATION,- Define whether features are offline-window or causal. A future realtime claim requires a separate causal export and must not reuse centered/future-aware aggregates.
scripts/README.md,43,4,realtime,CURRENT_COMMAND_REQUIRING_MIGRATION,- `realtime`
scripts/README.md,58,4,realtime,CURRENT_COMMAND_REQUIRING_MIGRATION,- `realtime` -> `--mode realtime --eval-config realtime_fast`
scripts/README.md,58,25,realtime,CURRENT_COMMAND_REQUIRING_MIGRATION,- `realtime` -> `--mode realtime --eval-config realtime_fast`
scripts/README.md,59,30,realtime,CURRENT_COMMAND_REQUIRING_MIGRATION,- `realtime_fast` -> `--mode realtime --eval-config realtime_fast`
scripts/README.md,60,4,realtime_quality_delayed,CURRENT_COMMAND_REQUIRING_MIGRATION,- `realtime_quality_delayed` -> `--mode realtime --eval-config realtime_quality_delayed`
scripts/README.md,60,41,realtime,CURRENT_COMMAND_REQUIRING_MIGRATION,- `realtime_quality_delayed` -> `--mode realtime --eval-config realtime_quality_delayed`
scripts/README.md,60,64,realtime_quality_delayed,CURRENT_COMMAND_REQUIRING_MIGRATION,- `realtime_quality_delayed` -> `--mode realtime --eval-config realtime_quality_delayed`
scripts/README.md,77,57,realtime,CURRENT_COMMAND_REQUIRING_MIGRATION,Realtime configs tu `src\pig_behavior\tracking\profiles\realtime.py`:
scripts/README.md,80,4,realtime_balanced,CURRENT_COMMAND_REQUIRING_MIGRATION,"- `realtime_balanced`: realtime day du detection hon, co cac guard runtime can bang."
scripts/README.md,80,24,realtime,CURRENT_COMMAND_REQUIRING_MIGRATION,"- `realtime_balanced`: realtime day du detection hon, co cac guard runtime can bang."
scripts/README.md,81,4,realtime_quality_delayed,CURRENT_COMMAND_REQUIRING_MIGRATION,"- `realtime_quality_delayed`: delayed profile rieng, co motion-pair"
scripts/README.md,82,35,realtime,CURRENT_COMMAND_REQUIRING_MIGRATION,stabilizer va khong phai causal realtime.
scripts/README.md,88,66,realtime,CURRENT_COMMAND_REQUIRING_MIGRATION,"Voi `track_videos.py` hoac `evaluate_tracking.py`, neu muon dung realtime"
scripts/README.md,92,8,realtime,CURRENT_COMMAND_REQUIRING_MIGRATION,--mode realtime --eval-config realtime_quality_delayed
scripts/README.md,92,31,realtime_quality_delayed,CURRENT_COMMAND_REQUIRING_MIGRATION,--mode realtime --eval-config realtime_quality_delayed
scripts/README.md,95,39,realtime,CURRENT_COMMAND_REQUIRING_MIGRATION,"Neu chay `run_tracking_mode.py --mode realtime`, wrapper map sang"
scripts/README.md,96,45,realtime,CURRENT_COMMAND_REQUIRING_MIGRATION,`realtime_fast`. No khong tu dong chay ca 3 realtime variants.
scripts/README.md,104,73,realtime,CURRENT_COMMAND_REQUIRING_MIGRATION,"- `--mode`: chon mode trinh bay cua wrapper, vi du `hybrid_bytetrack`, `realtime`, `bytetrack_raw`."
scripts/README.md,106,18,realtime,CURRENT_COMMAND_REQUIRING_MIGRATION,"`bytetrack_raw,realtime,hybrid_bytetrack`."
scripts/README.md,166,11,realtime,CURRENT_COMMAND_REQUIRING_MIGRATION,So sanh 3 realtime variants:
scripts/README.md,171,33,realtime_balanced,CURRENT_COMMAND_REQUIRING_MIGRATION,"--compare-modes realtime_fast,realtime_balanced,realtime_quality_delayed ^"
scripts/README.md,171,51,realtime_quality_delayed,CURRENT_COMMAND_REQUIRING_MIGRATION,"--compare-modes realtime_fast,realtime_balanced,realtime_quality_delayed ^"
scripts/README.md,203,34,realtime,CURRENT_COMMAND_REQUIRING_MIGRATION,lon hon `1.0` nghia la nhanh hon realtime tren tong thoi luong video da evaluate.
scripts/README.md,213,48,realtime,CURRENT_COMMAND_REQUIRING_MIGRATION,"overlap suppression, hidden suffix repair va realtime stabilizer. Khong nen"
scripts/README.md,215,23,realtime_balanced,CURRENT_COMMAND_REQUIRING_MIGRATION,- `realtime_fast` va `realtime_balanced` la realtime/online candidates vi tat
scripts/README.md,215,45,realtime,CURRENT_COMMAND_REQUIRING_MIGRATION,- `realtime_fast` va `realtime_balanced` la realtime/online candidates vi tat
scripts/README.md,216,23,realtime_quality_delayed,CURRENT_COMMAND_REQUIRING_MIGRATION,offline smoothing. `realtime_quality_delayed` la short-delay realtime candidate
scripts/README.md,216,64,realtime,CURRENT_COMMAND_REQUIRING_MIGRATION,offline smoothing. `realtime_quality_delayed` la short-delay realtime candidate
scripts/README.md,232,65,realtime,CURRENT_COMMAND_REQUIRING_MIGRATION,"- `--mode`: runtime tracking engine, vi du `hybrid_bytetrack`, `realtime`, `bytetrack_raw`."
scripts/README.md,235,4,realtime_quality_delayed,CURRENT_COMMAND_REQUIRING_MIGRATION,"`realtime_quality_delayed`, `bytetrack_raw`."
scripts/README.md,246,45,realtime,CURRENT_COMMAND_REQUIRING_MIGRATION,- `--detect-every-n-frames`: skip frame cho realtime/fast mode.
scripts/README.md,267,56,realtime,CURRENT_COMMAND_REQUIRING_MIGRATION,"- `--mode`: runtime tracking engine: `bytetrack_raw`, `realtime`, hoac `hybrid_bytetrack`."
scripts/_legacy/run_realtime_default.bat,6,101,realtime,HISTORICAL_DOCUMENTATION,.venv\Scripts\python.exe scripts\track_videos.py -v Pigs281119_000085_30fps --max-frames 100 --mode realtime
scripts/_shortcuts/run_realtime_default.bat,4,101,realtime,CURRENT_COMMAND_REQUIRING_MIGRATION,.venv\Scripts\python.exe scripts\track_videos.py -v Pigs281119_000085_30fps --max-frames 100 --mode realtime
scripts/_shortcuts/run_realtime_skip_frames.bat,4,101,realtime,CURRENT_COMMAND_REQUIRING_MIGRATION,.venv\Scripts\python.exe scripts\track_videos.py -v Pigs281119_000085_30fps --max-frames 100 --mode realtime --detect-every-n-frames 2
scripts/benchmarks/benchmark_tracking_modes.py,17,19,realtime,GENERIC_AUDIT_TOOLING,"DEFAULT_MODES = (""realtime"", ""bytetrack_raw"", ""hybrid_bytetrack"")"
scripts/benchmarks/benchmark_tracking_weights.py,35,20,realtime,GENERIC_AUDIT_TOOLING,"TRACKING_MODES = (""realtime"", ""bytetrack_raw"", ""hybrid_bytetrack"", ""gt_export"")"
scripts/evaluate_tracking.py,39,89,realtime,CURRENT_COMMAND_REQUIRING_MIGRATION,python scripts/evaluate_tracking.py -v data/videos/Pigs291119_000263_30fps.mp4 --mode realtime
scripts/evaluate_tracking.py,49,19,realtime,GENERIC_AUDIT_TOOLING,"choices=[""realtime"", ""bytetrack_raw"", ""hybrid_bytetrack""],"
scripts/integrations/run_roboflow_tracking.py,83,19,realtime,GENERIC_AUDIT_TOOLING,"choices=[""realtime"", ""hybrid_bytetrack"", ""gt_export""],"
scripts/integrations/run_roboflow_tracking.py,84,18,realtime,GENERIC_AUDIT_TOOLING,"default=""realtime"","
scripts/optimize_tracking_metrics.py,435,19,realtime,GENERIC_AUDIT_TOOLING,"choices=[""realtime"", ""bytetrack_raw"", ""hybrid_bytetrack""],"
scripts/run_tracking_mode.py,26,40,realtime,CURRENT_COMMAND_REQUIRING_MIGRATION,"DEFAULT_COMPARE_MODES = ""bytetrack_raw,realtime,hybrid_bytetrack"""
scripts/run_tracking_mode.py,132,46,realtime,CURRENT_COMMAND_REQUIRING_MIGRATION,python scripts/run_tracking_mode.py --mode realtime --task eval -v Pigs291119_000263_30fps
scripts/run_tracking_mode.py,145,41,realtime,CURRENT_COMMAND_REQUIRING_MIGRATION,"""Presentation mode to run. 'realtime' is the best current realtime """
scripts/run_tracking_mode.py,145,71,realtime,CURRENT_COMMAND_REQUIRING_MIGRATION,"""Presentation mode to run. 'realtime' is the best current realtime """
scripts/run_tracking_mode.py,146,42,realtime_balanced,RETIRED_PROFILE_EXCLUSIVE_CLI,"""default; use realtime_fast, realtime_balanced, or """
scripts/run_tracking_mode.py,147,14,realtime_quality_delayed,RETIRED_PROFILE_EXCLUSIVE_CLI,"""realtime_quality_delayed to choose a realtime variant explicitly."""
scripts/run_tracking_mode.py,147,51,realtime,SHARED_PRODUCTION_CODE,"""realtime_quality_delayed to choose a realtime variant explicitly."""
scripts/run_tracking_mode.py,159,41,realtime_balanced,RETIRED_PROFILE_EXCLUSIVE_CLI,"""list such as realtime_fast,realtime_balanced,realtime_quality_delayed."""
scripts/run_tracking_mode.py,159,59,realtime_quality_delayed,RETIRED_PROFILE_EXCLUSIVE_CLI,"""list such as realtime_fast,realtime_balanced,realtime_quality_delayed."""
scripts/run_tracking_mode.py,384,27,realtime,CURRENT_COMMAND_REQUIRING_MIGRATION,"tracking_mode == ""realtime"""
scripts/run_tracking_mode.py,416,26,realtime_quality_delayed,RETIRED_PROFILE_EXCLUSIVE_EXPORT,"baseline_role = ""realtime_quality_delayed_candidate"""
scripts/run_tracking_mode.py,420,28,realtime,CURRENT_COMMAND_REQUIRING_MIGRATION,"elif tracking_mode == ""realtime"":"
scripts/tracking/build_rf_acc23_error_taxonomy.py,381,23,owner_preference,GENERIC_AUDIT_TOOLING,"eligible[""owner_preference_lower_bound""]"
scripts/tracking/build_rf_acc23_error_taxonomy.py,394,18,h1_r3_shadow,GENERIC_AUDIT_TOOLING,"""h1_r3_shadow_coverage"": ""MEASURED"" if measured else ""NOT_MEASURED"","
scripts/tracking/check_h1_r2_design_contract.py,275,37,owner_preference,GENERIC_AUDIT_TOOLING,"if golden.get(""score_name"") != ""owner_preference_score"":"
scripts/tracking/check_h1_r2_design_contract.py,362,10,h1_r2_outputs_viewed,GENERIC_AUDIT_TOOLING,"""h1_r2_outputs_viewed"","
scripts/tracking/check_h1_r2_design_contract.py,443,38,owner_preference,GENERIC_AUDIT_TOOLING,"if primary.get(""score_name"") != ""owner_preference_score"":"
scripts/tracking/check_h1_r2_design_contract.py,473,41,owner_preference,GENERIC_AUDIT_TOOLING,"if activation.get(""score_name"") != ""owner_preference_score"":"
scripts/tracking/check_h1_r2_design_contract.py,506,18,h1_r2_features_available,GENERIC_AUDIT_TOOLING,"row.get(""h1_r2_features_available"") is not False"
scripts/tracking/check_h1_r2_design_contract.py,562,27,h1_r2_tracking_results_viewed,GENERIC_AUDIT_TOOLING,"if authorization.get(""h1_r2_tracking_results_viewed"") is not False:"
scripts/tracking/check_h1_r2_design_contract.py,601,53,realtime_fast_h1_r2,GENERIC_AUDIT_TOOLING,"if amendment.get(""authorized_profile_name"") != ""realtime_fast_h1_r2"":"
scripts/tracking/check_h1_r2_design_contract.py,625,50,owner_preference,GENERIC_AUDIT_TOOLING,"""only_changed_family"": ""symmetric_hidden_owner_preference"","
scripts/tracking/check_h1_r2_design_contract.py,700,36,realtime_fast_h1_r2,GENERIC_AUDIT_TOOLING,"print(""AUTHORIZED_PROFILE_NAME=realtime_fast_h1_r2"")"
scripts/tracking/check_h1_r2_implementation.py,23,28,owner_preference,RETIRED_PROFILE_EXCLUSIVE_TEST,from pig_behavior.tracking.owner_preference import (
scripts/tracking/check_h1_r2_implementation.py,36,5,owner_preference,RETIRED_PROFILE_EXCLUSIVE_TEST,"owner_preference_score,"
scripts/tracking/check_h1_r2_implementation.py,40,37,realtime,RETIRED_PROFILE_EXCLUSIVE_TEST,from pig_behavior.tracking.profiles.realtime import (
scripts/tracking/check_h1_r2_implementation.py,57,62,owner_preference,RETIRED_PROFILE_EXCLUSIVE_TEST,"OWNER_SOURCE = ROOT / ""src"" / ""pig_behavior"" / ""tracking"" / ""owner_preference.py"""
scripts/tracking/check_h1_r2_implementation.py,62,28,realtime_fast_h1_r2,RETIRED_PROFILE_EXCLUSIVE_TEST,"AUTHORIZED_PROFILE_NAME = ""realtime_fast_h1_r2"""
scripts/tracking/check_h1_r2_implementation.py,110,52,realtime,RETIRED_PROFILE_EXCLUSIVE_TEST,"relative = ""src/pig_behavior/tracking/profiles/realtime.py"""
scripts/tracking/check_h1_r2_implementation.py,168,40,owner_preference,RETIRED_PROFILE_EXCLUSIVE_TEST,"if OWNER_PREFERENCE_SCORE_NAME != ""owner_preference_score"":"
scripts/tracking/check_h1_r2_implementation.py,216,8,owner_preference,RETIRED_PROFILE_EXCLUSIVE_TEST,"if owner_preference_score(low, high) != 0.0:"
scripts/tracking/check_h1_r2_implementation.py,218,8,owner_preference,RETIRED_PROFILE_EXCLUSIVE_TEST,"if owner_preference_score(high, low) != 1.0:"
scripts/tracking/check_h1_r2_implementation.py,220,8,owner_preference,RETIRED_PROFILE_EXCLUSIVE_TEST,"if owner_preference_score(high, high) != 0.5:"
scripts/tracking/check_h1_r2_implementation.py,249,30,h1_r2_features_for_track,RETIRED_PROFILE_EXCLUSIVE_TEST,"function.id == ""_h1_r2_features_for_track"""
scripts/tracking/check_h1_r2_implementation.py,271,57,realtime,RETIRED_PROFILE_EXCLUSIVE_TEST,"old_realtime = historical[""PRESENTATION_PROFILES""][""realtime""]"
scripts/tracking/check_h1_r2_implementation.py,274,31,realtime,RETIRED_PROFILE_EXCLUSIVE_TEST,"if PRESENTATION_PROFILES[""realtime""] != old_realtime:"
scripts/tracking/check_h1_r2_implementation.py,275,36,realtime,RETIRED_PROFILE_EXCLUSIVE_TEST,"raise ImplementationError(""realtime presentation profile changed"")"
scripts/tracking/check_h1_r2_implementation.py,280,10,h1_r2_owner_preference,RETIRED_PROFILE_EXCLUSIVE_TEST,"""h1_r2_owner_preference"","
scripts/tracking/check_h1_r2_implementation.py,280,16,owner_preference,RETIRED_PROFILE_EXCLUSIVE_TEST,"""h1_r2_owner_preference"","
scripts/tracking/check_h1_r2_implementation.py,286,36,h1_r2_owner_preference,RETIRED_PROFILE_EXCLUSIVE_TEST,"if REALTIME_FAST_H1_R2_CONFIG[""h1_r2_owner_preference""] is not True:"
scripts/tracking/check_h1_r2_implementation.py,286,42,owner_preference,RETIRED_PROFILE_EXCLUSIVE_TEST,"if REALTIME_FAST_H1_R2_CONFIG[""h1_r2_owner_preference""] is not True:"
scripts/tracking/check_h1_r2_implementation.py,300,32,realtime,RETIRED_PROFILE_EXCLUSIVE_TEST,"cfg = TrackingConfig(mode=""realtime"", **REALTIME_FAST_H1_R2_CONFIG)"
scripts/tracking/check_h1_r2_implementation.py,351,23,owner_preference,RETIRED_PROFILE_EXCLUSIVE_TEST,"print(""SCORE_NAME=owner_preference_score"")"
scripts/tracking/check_h1_r3_design_contract.py,152,9,owner_preference,GENERIC_AUDIT_TOOLING,"if ""owner_preference_lower_bound is a probability"" in text.lower():"
scripts/tracking/check_h1_r3_design_contract.py,273,38,owner_preference,GENERIC_AUDIT_TOOLING,"if payload.get(""score_name"") != ""owner_preference_lower_bound"":"
scripts/tracking/check_h1_r3_design_contract.py,292,27,owner_preference,GENERIC_AUDIT_TOOLING,"threshold = gate.get(""owner_preference_lower_bound_threshold"")"
scripts/tracking/check_h2_cdsp_design_contract.py,163,28,owner_preference,GENERIC_AUDIT_TOOLING,"if closure.get(""hidden_owner_preference_family_status"") != ("
scripts/tracking/check_h2_cdsp_design_contract.py,432,26,owner_preference,GENERIC_AUDIT_TOOLING,"or consumer.get(""owner_preference_score"") is not False"
scripts/tracking/check_h2_cdsp_design_contract.py,782,10,h2_shadow_only,GENERIC_AUDIT_TOOLING,"""h2_shadow_only"","
scripts/tracking/generate_current_main_baseline_caches.py,140,41,realtime,GENERIC_CACHE_REPLAY,from pig_behavior.tracking.profiles.realtime import EVAL_CONFIGS
scripts/tracking/generate_current_main_baseline_caches.py,143,15,realtime,GENERIC_CACHE_REPLAY,"mode=""realtime"","
scripts/tracking/generate_current_main_baseline_caches.py,186,41,realtime,GENERIC_CACHE_REPLAY,from pig_behavior.tracking.profiles.realtime import EVAL_CONFIGS
scripts/tracking/lock_rf_acc23_lineage.py,112,41,realtime,HISTORICAL_MANIFEST_OR_EVIDENCE,from pig_behavior.tracking.profiles.realtime import (
scripts/tracking/lock_rf_acc23_lineage.py,120,70,realtime,HISTORICAL_MANIFEST_OR_EVIDENCE,"""presentation_profile_realtime"": dict(PRESENTATION_PROFILES[""realtime""]),"
scripts/tracking/lock_rf_acc23_lineage.py,138,41,realtime,HISTORICAL_MANIFEST_OR_EVIDENCE,from pig_behavior.tracking.profiles.realtime import EVAL_CONFIGS
scripts/tracking/lock_rf_acc23_lineage.py,141,36,realtime,HISTORICAL_MANIFEST_OR_EVIDENCE,"cfg = TrackingConfig(mode=""realtime"", **EVAL_CONFIGS[""realtime_fast""])"
scripts/tracking/lock_rf_acc23_lineage.py,144,40,realtime,HISTORICAL_MANIFEST_OR_EVIDENCE,"cfg = TrackingConfig(mode=""realtime"")"
scripts/tracking/run_current_main_r0_baseline.py,178,41,realtime,GENERIC_AUDIT_TOOLING,from pig_behavior.tracking.profiles.realtime import EVAL_CONFIGS
scripts/tracking/run_current_main_r0_baseline.py,181,15,realtime,GENERIC_AUDIT_TOOLING,"mode=""realtime"","
scripts/tracking/run_h1_r3_shadow_support_density.py,30,15,owner_preference,RETIRED_PROFILE_EXCLUSIVE_EXPORT,"SCORE_NAME = ""owner_preference_lower_bound"""
scripts/tracking/run_h1_r3_shadow_support_density.py,36,6,h1_r3_shadow,RETIRED_PROFILE_EXCLUSIVE_EXPORT,"""h1_r3_shadow_stage_calls"","
scripts/tracking/run_h1_r3_shadow_support_density.py,37,6,h1_r3_shadow,RETIRED_PROFILE_EXCLUSIVE_EXPORT,"""h1_r3_shadow_hidden_tracks_offered"","
scripts/tracking/run_h1_r3_shadow_support_density.py,38,6,h1_r3_shadow,RETIRED_PROFILE_EXCLUSIVE_EXPORT,"""h1_r3_shadow_pair_candidates"","
scripts/tracking/run_h1_r3_shadow_support_density.py,39,6,h1_r3_shadow,RETIRED_PROFILE_EXCLUSIVE_EXPORT,"""h1_r3_shadow_core_eligible_pairs"","
scripts/tracking/run_h1_r3_shadow_support_density.py,40,6,h1_r3_shadow,RETIRED_PROFILE_EXCLUSIVE_EXPORT,"""h1_r3_shadow_optional_appearance_available"","
scripts/tracking/run_h1_r3_shadow_support_density.py,41,6,h1_r3_shadow,RETIRED_PROFILE_EXCLUSIVE_EXPORT,"""h1_r3_shadow_optional_motion_available"","
scripts/tracking/run_h1_r3_shadow_support_density.py,42,6,h1_r3_shadow,RETIRED_PROFILE_EXCLUSIVE_EXPORT,"""h1_r3_shadow_score_pairs"","
scripts/tracking/run_h1_r3_shadow_support_density.py,43,6,h1_r3_shadow,RETIRED_PROFILE_EXCLUSIVE_EXPORT,"""h1_r3_shadow_below_threshold"","
scripts/tracking/run_h1_r3_shadow_support_density.py,44,6,h1_r3_shadow,RETIRED_PROFILE_EXCLUSIVE_EXPORT,"""h1_r3_shadow_margin_failed"","
scripts/tracking/run_h1_r3_shadow_support_density.py,45,6,h1_r3_shadow,RETIRED_PROFILE_EXCLUSIVE_EXPORT,"""h1_r3_shadow_would_activate"","
scripts/tracking/run_h1_r3_shadow_support_density.py,46,6,h1_r3_shadow,RETIRED_PROFILE_EXCLUSIVE_EXPORT,"""h1_r3_shadow_invalid_numeric"","
scripts/tracking/run_h1_r3_shadow_support_density.py,47,6,h1_r3_shadow,RETIRED_PROFILE_EXCLUSIVE_EXPORT,"""h1_r3_shadow_missing_core_overlap"","
scripts/tracking/run_h1_r3_shadow_support_density.py,48,6,h1_r3_shadow,RETIRED_PROFILE_EXCLUSIVE_EXPORT,"""h1_r3_shadow_missing_core_freshness"","
scripts/tracking/run_h1_r3_shadow_support_density.py,194,41,realtime,RETIRED_PROFILE_EXCLUSIVE_EXPORT,from pig_behavior.tracking.profiles.realtime import EVAL_CONFIGS
scripts/tracking/run_h1_r3_shadow_support_density.py,197,15,realtime,RETIRED_PROFILE_EXCLUSIVE_EXPORT,"mode=""realtime"","
scripts/tracking/run_h1_r3_shadow_support_density.py,442,9,h1_r3_shadow,RETIRED_PROFILE_EXCLUSIVE_EXPORT,"h1_r3_shadow_observer=True,"
scripts/tracking/run_h1_r3_shadow_support_density.py,483,26,h1_r3_shadow,RETIRED_PROFILE_EXCLUSIVE_EXPORT,for record in shadow.h1_r3_shadow_candidate_rows:
scripts/tracking/run_h1_r3_shadow_support_density.py,612,37,h1_r3_shadow,RETIRED_PROFILE_EXCLUSIVE_EXPORT,"""schema_version"": ""tracking.h1_r3_shadow_run_manifest.v1"","
scripts/tracking/run_h1_r3_shadow_support_density.py,657,33,h1_r3_shadow,RETIRED_PROFILE_EXCLUSIVE_EXPORT,"f""pairs={telemetry['h1_r3_shadow_pair_candidates']} """
scripts/tracking/run_h1_r3_shadow_support_density.py,658,42,h1_r3_shadow,RETIRED_PROFILE_EXCLUSIVE_EXPORT,"f""would_activate={telemetry['h1_r3_shadow_would_activate']}"","
scripts/tracking/run_h1_r3_shadow_support_density.py,686,22,h1_r3_shadow,RETIRED_PROFILE_EXCLUSIVE_EXPORT,"""h1_r3_shadow_stage_calls"""
scripts/tracking/run_h1_r3_shadow_support_density.py,689,22,h1_r3_shadow,RETIRED_PROFILE_EXCLUSIVE_EXPORT,"""h1_r3_shadow_hidden_tracks_offered"""
scripts/tracking/run_h1_r3_shadow_support_density.py,692,22,h1_r3_shadow,RETIRED_PROFILE_EXCLUSIVE_EXPORT,"""h1_r3_shadow_pair_candidates"""
scripts/tracking/run_h1_r3_shadow_support_density.py,695,22,h1_r3_shadow,RETIRED_PROFILE_EXCLUSIVE_EXPORT,"""h1_r3_shadow_core_eligible_pairs"""
scripts/tracking/run_h1_r3_shadow_support_density.py,697,43,h1_r3_shadow,RETIRED_PROFILE_EXCLUSIVE_EXPORT,"""score_pairs"": telemetry[""h1_r3_shadow_score_pairs""],"
scripts/tracking/run_h1_r3_shadow_support_density.py,699,22,h1_r3_shadow,RETIRED_PROFILE_EXCLUSIVE_EXPORT,"""h1_r3_shadow_would_activate"""
scripts/tracking/run_h1_r3_shadow_support_density.py,703,22,h1_r3_shadow,RETIRED_PROFILE_EXCLUSIVE_EXPORT,"""h1_r3_shadow_below_threshold"""
scripts/tracking/run_h1_r3_shadow_support_density.py,705,45,h1_r3_shadow,RETIRED_PROFILE_EXCLUSIVE_EXPORT,"""margin_failed"": telemetry[""h1_r3_shadow_margin_failed""],"
scripts/tracking/run_h1_r3_shadow_support_density.py,707,22,h1_r3_shadow,RETIRED_PROFILE_EXCLUSIVE_EXPORT,"""h1_r3_shadow_missing_core_overlap"""
scripts/tracking/run_h1_r3_shadow_support_density.py,710,22,h1_r3_shadow,RETIRED_PROFILE_EXCLUSIVE_EXPORT,"""h1_r3_shadow_missing_core_freshness"""
scripts/tracking/run_h1_r3_shadow_support_density.py,713,22,h1_r3_shadow,RETIRED_PROFILE_EXCLUSIVE_EXPORT,"""h1_r3_shadow_optional_appearance_available"""
scripts/tracking/run_h1_r3_shadow_support_density.py,716,22,h1_r3_shadow,RETIRED_PROFILE_EXCLUSIVE_EXPORT,"""h1_r3_shadow_optional_motion_available"""
scripts/tracking/run_h1_r3_shadow_support_density.py,774,37,h1_r3_shadow,RETIRED_PROFILE_EXCLUSIVE_EXPORT,"""schema_version"": ""tracking.h1_r3_shadow_equivalence.v1"","
scripts/tracking/run_h1_r3_shadow_support_density.py,814,37,h1_r3_shadow,RETIRED_PROFILE_EXCLUSIVE_EXPORT,"""schema_version"": ""tracking.h1_r3_shadow_telemetry.v1"","
scripts/tracking/run_h1_r3_shadow_support_density.py,893,24,h1_r3_shadow,RETIRED_PROFILE_EXCLUSIVE_EXPORT,"aggregate[""h1_r3_shadow_core_eligible_pairs""] > 0"
scripts/tracking/run_h1_r3_shadow_support_density.py,896,24,h1_r3_shadow,RETIRED_PROFILE_EXCLUSIVE_EXPORT,"aggregate[""h1_r3_shadow_would_activate""] > 0"
scripts/tracking/run_h1_r3_shadow_support_density.py,939,37,h1_r3_shadow,RETIRED_PROFILE_EXCLUSIVE_EXPORT,"""schema_version"": ""tracking.h1_r3_shadow_support_density_decision.v1"","
scripts/tracking/run_h1_r3_shadow_support_density.py,986,37,h1_r3_shadow,RETIRED_PROFILE_EXCLUSIVE_EXPORT,"""schema_version"": ""tracking.h1_r3_shadow_commands.v1"","
scripts/tracking/run_h1_r3_shadow_support_density.py,990,46,h1_r3_shadow,RETIRED_PROFILE_EXCLUSIVE_EXPORT,"""python scripts/tracking/run_h1_r3_shadow_support_density.py """
scripts/tracking/run_h1_r3_shadow_support_density.py,1012,41,h1_r3_shadow,RETIRED_PROFILE_EXCLUSIVE_EXPORT,"""schema_version"": ""tracking.h1_r3_shadow_artifact_inventory.v1"","
scripts/tracking/run_h2_cdsp_current_main_shadow.py,51,6,h2_shadow_stage_calls,RETIRED_PROFILE_EXCLUSIVE_EXPORT,"""h2_shadow_stage_calls"","
scripts/tracking/run_h2_cdsp_current_main_shadow.py,52,6,h2_shadow_visible_confirmed_tracks,RETIRED_PROFILE_EXCLUSIVE_EXPORT,"""h2_shadow_visible_confirmed_tracks"","
scripts/tracking/run_h2_cdsp_current_main_shadow.py,53,6,h2_shadow_dropout_entries,RETIRED_PROFILE_EXCLUSIVE_EXPORT,"""h2_shadow_dropout_entries"","
scripts/tracking/run_h2_cdsp_current_main_shadow.py,54,6,h2_shadow_baseline_state_loss_points,RETIRED_PROFILE_EXCLUSIVE_EXPORT,"""h2_shadow_baseline_state_loss_points"","
scripts/tracking/run_h2_cdsp_current_main_shadow.py,55,6,h2_shadow_preservation_candidates,RETIRED_PROFILE_EXCLUSIVE_EXPORT,"""h2_shadow_preservation_candidates"","
scripts/tracking/run_h2_cdsp_current_main_shadow.py,56,6,h2_shadow_preservable_states,RETIRED_PROFILE_EXCLUSIVE_EXPORT,"""h2_shadow_preservable_states"","
scripts/tracking/run_h2_cdsp_current_main_shadow.py,57,6,h2_shadow_unpreservable_missing_core,RETIRED_PROFILE_EXCLUSIVE_EXPORT,"""h2_shadow_unpreservable_missing_core"","
scripts/tracking/run_h2_cdsp_current_main_shadow.py,58,6,h2_shadow_unpreservable_low_initial_quality,RETIRED_PROFILE_EXCLUSIVE_EXPORT,"""h2_shadow_unpreservable_low_initial_quality"","
scripts/tracking/run_h2_cdsp_current_main_shadow.py,59,6,h2_shadow_states_expired,RETIRED_PROFILE_EXCLUSIVE_EXPORT,"""h2_shadow_states_expired"","
scripts/tracking/run_h2_cdsp_current_main_shadow.py,60,6,h2_shadow_states_invalidated,RETIRED_PROFILE_EXCLUSIVE_EXPORT,"""h2_shadow_states_invalidated"","
scripts/tracking/run_h2_cdsp_current_main_shadow.py,61,6,h2_shadow_states_surviving_to_reentry,RETIRED_PROFILE_EXCLUSIVE_EXPORT,"""h2_shadow_states_surviving_to_reentry"","
scripts/tracking/run_h2_cdsp_current_main_shadow.py,62,6,h2_shadow_reentry_opportunities,RETIRED_PROFILE_EXCLUSIVE_EXPORT,"""h2_shadow_reentry_opportunities"","
scripts/tracking/run_h2_cdsp_current_main_shadow.py,63,6,h2_shadow_extra_usable_state_at_reentry,RETIRED_PROFILE_EXCLUSIVE_EXPORT,"""h2_shadow_extra_usable_state_at_reentry"","
scripts/tracking/run_h2_cdsp_current_main_shadow.py,64,6,h2_shadow_control_preservation_events,RETIRED_PROFILE_EXCLUSIVE_EXPORT,"""h2_shadow_control_preservation_events"","
scripts/tracking/run_h2_cdsp_current_main_shadow.py,65,6,h2_shadow_control_overpreservation,RETIRED_PROFILE_EXCLUSIVE_EXPORT,"""h2_shadow_control_overpreservation"","
scripts/tracking/run_h2_cdsp_current_main_shadow.py,66,6,h2_shadow_invalid_numeric,RETIRED_PROFILE_EXCLUSIVE_EXPORT,"""h2_shadow_invalid_numeric"","
scripts/tracking/run_h2_cdsp_current_main_shadow.py,67,6,h2_shadow_terminal_revival_blocked,RETIRED_PROFILE_EXCLUSIVE_EXPORT,"""h2_shadow_terminal_revival_blocked"","
scripts/tracking/run_h2_cdsp_current_main_shadow.py,262,41,realtime,RETIRED_PROFILE_EXCLUSIVE_EXPORT,from pig_behavior.tracking.profiles.realtime import EVAL_CONFIGS
scripts/tracking/run_h2_cdsp_current_main_shadow.py,265,15,realtime,RETIRED_PROFILE_EXCLUSIVE_EXPORT,"mode=""realtime"","
scripts/tracking/run_h2_cdsp_current_main_shadow.py,596,9,h2_cdsp_shadow,RETIRED_PROFILE_EXCLUSIVE_EXPORT,"h2_cdsp_shadow_observer=True,"
scripts/tracking/run_h2_cdsp_current_main_shadow.py,701,23,h2_shadow_transition_rows,RETIRED_PROFILE_EXCLUSIVE_EXPORT,for raw in shadow.h2_shadow_transition_rows:
scripts/tracking/run_h2_cdsp_current_main_shadow.py,974,55,h2_shadow_baseline_state_loss_points,RETIRED_PROFILE_EXCLUSIVE_EXPORT,"f""state_loss={result['shadow'].telemetry['h2_shadow_baseline_state_loss_points']} """
scripts/tracking/run_h2_cdsp_current_main_shadow.py,975,50,h2_shadow_extra_usable_state_at_reentry,RETIRED_PROFILE_EXCLUSIVE_EXPORT,"f""extra={result['shadow'].telemetry['h2_shadow_extra_usable_state_at_reentry']}"","
scripts/tracking/run_h2_cdsp_current_main_shadow.py,1148,37,h2_cdsp_shadow,RETIRED_PROFILE_EXCLUSIVE_EXPORT,"""schema_version"": ""tracking.h2_cdsp_shadow_telemetry.v1"","
scripts/tracking/run_h2_cdsp_current_main_shadow.py,1218,24,h2_shadow_preservable_states,RETIRED_PROFILE_EXCLUSIVE_EXPORT,"aggregate[""h2_shadow_preservable_states""] > 0"
scripts/tracking/run_h2_cdsp_current_main_shadow.py,1228,24,h2_shadow_terminal_revival_blocked,RETIRED_PROFILE_EXCLUSIVE_EXPORT,"aggregate[""h2_shadow_terminal_revival_blocked""] == 0"
scripts/tracking/run_h2_cdsp_current_main_shadow.py,1312,41,h2_cdsp_shadow,RETIRED_PROFILE_EXCLUSIVE_EXPORT,"""schema_version"": ""tracking.h2_cdsp_shadow_artifacts.v1"","
src/pig_behavior/api/dashboard.py,316,11,realtime,SHARED_PRODUCTION_CODE,realtime: true
src/pig_behavior/api/dependencies.py,174,9,realtime,SHARED_PRODUCTION_CODE,"realtime=_env_flag(""PIG_BEHAVIOR_REALTIME"", default=True),"
src/pig_behavior/api/routes/tracking.py,83,9,realtime,SHARED_PRODUCTION_CODE,"realtime=request.realtime,"
src/pig_behavior/api/routes/tracking.py,83,26,realtime,SHARED_PRODUCTION_CODE,"realtime=request.realtime,"
src/pig_behavior/api/schemas.py,71,5,realtime,SHARED_PRODUCTION_CODE,realtime: bool = True
src/pig_behavior/evaluation/tracking/baseline_lock.py,26,6,realtime_balanced,GENERIC_AUDIT_TOOLING,"""realtime_balanced"","
src/pig_behavior/evaluation/tracking/baseline_lock.py,27,6,realtime_quality_delayed,GENERIC_AUDIT_TOOLING,"""realtime_quality_delayed"","
src/pig_behavior/evaluation/tracking/baseline_lock.py,40,6,realtime_balanced,GENERIC_AUDIT_TOOLING,"""realtime_balanced"": {"
src/pig_behavior/evaluation/tracking/baseline_lock.py,45,6,realtime_quality_delayed,GENERIC_AUDIT_TOOLING,"""realtime_quality_delayed"": {"
src/pig_behavior/evaluation/tracking/baseline_lock.py,268,18,realtime,GENERIC_AUDIT_TOOLING,"""realtime"" if mode.startswith(""realtime_"") else mode"
src/pig_behavior/evaluation/tracking/cli.py,172,19,realtime,GENERIC_AUDIT_TOOLING,"choices=[""realtime"", ""bytetrack_raw"", ""hybrid_bytetrack"", ""gt_export""],"
src/pig_behavior/evaluation/tracking/cli.py,176,15,realtime,GENERIC_AUDIT_TOOLING,"""(realtime, bytetrack_raw, hybrid_bytetrack, or gt_export)."""
src/pig_behavior/output_layout.py,9,10,realtime,SHARED_PRODUCTION_CODE,"""realtime"","
src/pig_behavior/services/video_tracking.py,39,5,realtime,SHARED_PRODUCTION_CODE,realtime: bool = True
src/pig_behavior/services/video_tracking.py,94,18,realtime,SHARED_PRODUCTION_CODE,"""realtime"": self.config.realtime,"
src/pig_behavior/services/video_tracking.py,94,41,realtime,SHARED_PRODUCTION_CODE,"""realtime"": self.config.realtime,"
src/pig_behavior/services/video_tracking.py,235,32,realtime,SHARED_PRODUCTION_CODE,if self.config.realtime:
src/pig_behavior/tracking/association.py,21,28,h1_r3_shadow,RETIRED_PROFILE_EXCLUSIVE_RUNTIME,from pig_behavior.tracking.h1_r3_shadow import (
src/pig_behavior/tracking/association.py,23,12,h1_r3_shadow,RETIRED_PROFILE_EXCLUSIVE_RUNTIME,"decide_h1_r3_shadow,"
src/pig_behavior/tracking/association.py,24,12,h1_r3_shadow,RETIRED_PROFILE_EXCLUSIVE_RUNTIME,"record_h1_r3_shadow_counter,"
src/pig_behavior/tracking/association.py,40,28,owner_preference,RETIRED_PROFILE_EXCLUSIVE_RUNTIME,from pig_behavior.tracking.owner_preference import (
src/pig_behavior/tracking/association.py,44,11,owner_preference,RETIRED_PROFILE_EXCLUSIVE_RUNTIME,"build_owner_preference_features,"
src/pig_behavior/tracking/association.py,45,12,owner_preference,RETIRED_PROFILE_EXCLUSIVE_RUNTIME,"decide_owner_preference,"
src/pig_behavior/tracking/association.py,638,69,realtime,SHARED_PRODUCTION_CODE,"if runtime is None or not cfg.association_debug or cfg.mode != ""realtime"":"
src/pig_behavior/tracking/association.py,703,13,h1_r2_counter,RETIRED_PROFILE_EXCLUSIVE_RUNTIME,def _record_h1_r2_counter(
src/pig_behavior/tracking/association.py,737,6,h1_r2_features_for_track,RETIRED_PROFILE_EXCLUSIVE_RUNTIME,def _h1_r2_features_for_track(
src/pig_behavior/tracking/association.py,755,18,owner_preference,RETIRED_PROFILE_EXCLUSIVE_RUNTIME,return build_owner_preference_features(
src/pig_behavior/tracking/association.py,766,13,h1_r2_decision,RETIRED_PROFILE_EXCLUSIVE_RUNTIME,def _record_h1_r2_decision(
src/pig_behavior/tracking/association.py,770,17,owner_preference,RETIRED_PROFILE_EXCLUSIVE_RUNTIME,if decision.owner_preference_score is not None:
src/pig_behavior/tracking/association.py,771,17,h1_r2_counter,RETIRED_PROFILE_EXCLUSIVE_RUNTIME,"_record_h1_r2_counter(runtime, ""h1_r2_valid_score_pairs"")"
src/pig_behavior/tracking/association.py,771,41,h1_r2_valid_score_pairs,RETIRED_PROFILE_EXCLUSIVE_RUNTIME,"_record_h1_r2_counter(runtime, ""h1_r2_valid_score_pairs"")"
src/pig_behavior/tracking/association.py,773,17,h1_r2_counter,RETIRED_PROFILE_EXCLUSIVE_RUNTIME,_record_h1_r2_counter(
src/pig_behavior/tracking/association.py,775,14,h1_r2_abstained_missing_evidence,RETIRED_PROFILE_EXCLUSIVE_RUNTIME,"""h1_r2_abstained_missing_evidence"","
src/pig_behavior/tracking/association.py,778,17,h1_r2_counter,RETIRED_PROFILE_EXCLUSIVE_RUNTIME,_record_h1_r2_counter(
src/pig_behavior/tracking/association.py,780,14,h1_r2_abstained_below_threshold,RETIRED_PROFILE_EXCLUSIVE_RUNTIME,"""h1_r2_abstained_below_threshold"","
src/pig_behavior/tracking/association.py,783,17,h1_r2_counter,RETIRED_PROFILE_EXCLUSIVE_RUNTIME,_record_h1_r2_counter(
src/pig_behavior/tracking/association.py,785,14,h1_r2_abstained_tie_or_margin,RETIRED_PROFILE_EXCLUSIVE_RUNTIME,"""h1_r2_abstained_tie_or_margin"","
src/pig_behavior/tracking/association.py,788,17,h1_r2_counter,RETIRED_PROFILE_EXCLUSIVE_RUNTIME,"_record_h1_r2_counter(runtime, ""h1_r2_score_invalid"")"
src/pig_behavior/tracking/association.py,788,41,h1_r2_score_invalid,RETIRED_PROFILE_EXCLUSIVE_RUNTIME,"_record_h1_r2_counter(runtime, ""h1_r2_score_invalid"")"
src/pig_behavior/tracking/association.py,791,13,h1_r3_shadow,RETIRED_PROFILE_EXCLUSIVE_RUNTIME,def observe_h1_r3_shadow_pairs(
src/pig_behavior/tracking/association.py,807,39,h1_r3_shadow,RETIRED_PROFILE_EXCLUSIVE_RUNTIME,if runtime is None or not runtime.h1_r3_shadow_enabled:
src/pig_behavior/tracking/association.py,816,12,h1_r3_shadow,RETIRED_PROFILE_EXCLUSIVE_RUNTIME,"record_h1_r3_shadow_counter(runtime, ""h1_r3_shadow_stage_calls"")"
src/pig_behavior/tracking/association.py,816,43,h1_r3_shadow,RETIRED_PROFILE_EXCLUSIVE_RUNTIME,"record_h1_r3_shadow_counter(runtime, ""h1_r3_shadow_stage_calls"")"
src/pig_behavior/tracking/association.py,817,12,h1_r3_shadow,RETIRED_PROFILE_EXCLUSIVE_RUNTIME,record_h1_r3_shadow_counter(
src/pig_behavior/tracking/association.py,819,10,h1_r3_shadow,RETIRED_PROFILE_EXCLUSIVE_RUNTIME,"""h1_r3_shadow_hidden_tracks_offered"","
src/pig_behavior/tracking/association.py,837,20,h1_r3_shadow,RETIRED_PROFILE_EXCLUSIVE_RUNTIME,record_h1_r3_shadow_counter(
src/pig_behavior/tracking/association.py,839,18,h1_r3_shadow,RETIRED_PROFILE_EXCLUSIVE_RUNTIME,"""h1_r3_shadow_pair_candidates"","
src/pig_behavior/tracking/association.py,854,35,h1_r3_shadow,RETIRED_PROFILE_EXCLUSIVE_RUNTIME,decision = decide_h1_r3_shadow(
src/pig_behavior/tracking/association.py,860,24,h1_r3_shadow,RETIRED_PROFILE_EXCLUSIVE_RUNTIME,record_h1_r3_shadow_counter(
src/pig_behavior/tracking/association.py,862,22,h1_r3_shadow,RETIRED_PROFILE_EXCLUSIVE_RUNTIME,"""h1_r3_shadow_invalid_numeric"","
src/pig_behavior/tracking/association.py,866,24,h1_r3_shadow,RETIRED_PROFILE_EXCLUSIVE_RUNTIME,record_h1_r3_shadow_counter(
src/pig_behavior/tracking/association.py,868,22,h1_r3_shadow,RETIRED_PROFILE_EXCLUSIVE_RUNTIME,"""h1_r3_shadow_core_eligible_pairs"","
src/pig_behavior/tracking/association.py,870,24,h1_r3_shadow,RETIRED_PROFILE_EXCLUSIVE_RUNTIME,record_h1_r3_shadow_counter(
src/pig_behavior/tracking/association.py,872,22,h1_r3_shadow,RETIRED_PROFILE_EXCLUSIVE_RUNTIME,"""h1_r3_shadow_score_pairs"","
src/pig_behavior/tracking/association.py,878,24,h1_r3_shadow,RETIRED_PROFILE_EXCLUSIVE_RUNTIME,record_h1_r3_shadow_counter(
src/pig_behavior/tracking/association.py,880,22,h1_r3_shadow,RETIRED_PROFILE_EXCLUSIVE_RUNTIME,"""h1_r3_shadow_optional_appearance_available"","
src/pig_behavior/tracking/association.py,886,24,h1_r3_shadow,RETIRED_PROFILE_EXCLUSIVE_RUNTIME,record_h1_r3_shadow_counter(
src/pig_behavior/tracking/association.py,888,22,h1_r3_shadow,RETIRED_PROFILE_EXCLUSIVE_RUNTIME,"""h1_r3_shadow_optional_motion_available"","
src/pig_behavior/tracking/association.py,891,24,h1_r3_shadow,RETIRED_PROFILE_EXCLUSIVE_RUNTIME,record_h1_r3_shadow_counter(
src/pig_behavior/tracking/association.py,893,22,h1_r3_shadow,RETIRED_PROFILE_EXCLUSIVE_RUNTIME,"""h1_r3_shadow_missing_core_overlap"","
src/pig_behavior/tracking/association.py,896,24,h1_r3_shadow,RETIRED_PROFILE_EXCLUSIVE_RUNTIME,record_h1_r3_shadow_counter(
src/pig_behavior/tracking/association.py,898,22,h1_r3_shadow,RETIRED_PROFILE_EXCLUSIVE_RUNTIME,"""h1_r3_shadow_missing_core_freshness"","
src/pig_behavior/tracking/association.py,901,24,h1_r3_shadow,RETIRED_PROFILE_EXCLUSIVE_RUNTIME,record_h1_r3_shadow_counter(
src/pig_behavior/tracking/association.py,903,22,h1_r3_shadow,RETIRED_PROFILE_EXCLUSIVE_RUNTIME,"""h1_r3_shadow_margin_failed"","
src/pig_behavior/tracking/association.py,906,24,h1_r3_shadow,RETIRED_PROFILE_EXCLUSIVE_RUNTIME,record_h1_r3_shadow_counter(
src/pig_behavior/tracking/association.py,908,22,h1_r3_shadow,RETIRED_PROFILE_EXCLUSIVE_RUNTIME,"""h1_r3_shadow_below_threshold"","
src/pig_behavior/tracking/association.py,911,24,h1_r3_shadow,RETIRED_PROFILE_EXCLUSIVE_RUNTIME,record_h1_r3_shadow_counter(
src/pig_behavior/tracking/association.py,913,22,h1_r3_shadow,RETIRED_PROFILE_EXCLUSIVE_RUNTIME,"""h1_r3_shadow_would_activate"","
src/pig_behavior/tracking/association.py,915,21,h1_r3_shadow,RETIRED_PROFILE_EXCLUSIVE_RUNTIME,runtime.h1_r3_shadow_candidate_rows.append(
src/pig_behavior/tracking/association.py,927,11,h1_r2_hidden_owner_preference,RETIRED_PROFILE_EXCLUSIVE_RUNTIME,def apply_h1_r2_hidden_owner_preference(
src/pig_behavior/tracking/association.py,927,24,owner_preference,RETIRED_PROFILE_EXCLUSIVE_RUNTIME,def apply_h1_r2_hidden_owner_preference(
src/pig_behavior/tracking/association.py,947,17,h1_r2_owner_preference,RETIRED_PROFILE_EXCLUSIVE_RUNTIME,not cfg.h1_r2_owner_preference
src/pig_behavior/tracking/association.py,947,23,owner_preference,RETIRED_PROFILE_EXCLUSIVE_RUNTIME,not cfg.h1_r2_owner_preference
src/pig_behavior/tracking/association.py,948,25,realtime,SHARED_PRODUCTION_CODE,"or cfg.mode != ""realtime"""
src/pig_behavior/tracking/association.py,955,13,h1_r2_counter,RETIRED_PROFILE_EXCLUSIVE_RUNTIME,"_record_h1_r2_counter(runtime, ""h1_r2_stage_calls"")"
src/pig_behavior/tracking/association.py,955,37,h1_r2_stage_calls,RETIRED_PROFILE_EXCLUSIVE_RUNTIME,"_record_h1_r2_counter(runtime, ""h1_r2_stage_calls"")"
src/pig_behavior/tracking/association.py,956,13,h1_r2_counter,RETIRED_PROFILE_EXCLUSIVE_RUNTIME,_record_h1_r2_counter(
src/pig_behavior/tracking/association.py,958,10,h1_r2_hidden_tracks_offered,RETIRED_PROFILE_EXCLUSIVE_RUNTIME,"""h1_r2_hidden_tracks_offered"","
src/pig_behavior/tracking/association.py,1004,25,h1_r2_counter,RETIRED_PROFILE_EXCLUSIVE_RUNTIME,_record_h1_r2_counter(
src/pig_behavior/tracking/association.py,1006,22,h1_r2_competitors_scored,RETIRED_PROFILE_EXCLUSIVE_RUNTIME,"""h1_r2_competitors_scored"","
src/pig_behavior/tracking/association.py,1009,40,h1_r2_features_for_track,RETIRED_PROFILE_EXCLUSIVE_RUNTIME,hidden_features = _h1_r2_features_for_track(
src/pig_behavior/tracking/association.py,1016,41,h1_r2_features_for_track,RETIRED_PROFILE_EXCLUSIVE_RUNTIME,visible_features = _h1_r2_features_for_track(
src/pig_behavior/tracking/association.py,1023,39,owner_preference,RETIRED_PROFILE_EXCLUSIVE_RUNTIME,decision = decide_owner_preference(
src/pig_behavior/tracking/association.py,1038,25,h1_r2_decision,RETIRED_PROFILE_EXCLUSIVE_RUNTIME,"_record_h1_r2_decision(runtime, decision)"
src/pig_behavior/tracking/association.py,1041,33,owner_preference,RETIRED_PROFILE_EXCLUSIVE_RUNTIME,assert decision.owner_preference_score is not None
src/pig_behavior/tracking/association.py,1044,35,owner_preference,RETIRED_PROFILE_EXCLUSIVE_RUNTIME,"-decision.owner_preference_score,"
src/pig_behavior/tracking/association.py,1076,17,h1_r2_counter,RETIRED_PROFILE_EXCLUSIVE_RUNTIME,_record_h1_r2_counter(
src/pig_behavior/tracking/association.py,1078,14,h1_r2_owner_preference_applied,RETIRED_PROFILE_EXCLUSIVE_RUNTIME,"""h1_r2_owner_preference_applied"","
src/pig_behavior/tracking/association.py,1078,20,owner_preference,RETIRED_PROFILE_EXCLUSIVE_RUNTIME,"""h1_r2_owner_preference_applied"","
src/pig_behavior/tracking/association.py,1084,38,h1_r2_owner_preference,RETIRED_PROFILE_EXCLUSIVE_RUNTIME,"""event"": ""assignment_h1_r2_owner_preference"","
src/pig_behavior/tracking/association.py,1084,44,owner_preference,RETIRED_PROFILE_EXCLUSIVE_RUNTIME,"""event"": ""assignment_h1_r2_owner_preference"","
src/pig_behavior/tracking/association.py,1090,18,owner_preference,RETIRED_PROFILE_EXCLUSIVE_RUNTIME,"""owner_preference_score"": round("
src/pig_behavior/tracking/association.py,1091,36,owner_preference,RETIRED_PROFILE_EXCLUSIVE_RUNTIME,"float(decision.owner_preference_score),"
src/pig_behavior/tracking/association.py,1126,53,realtime,SHARED_PRODUCTION_CODE,"""""""Reserve a strong hidden claim before visible realtime matching."""""""
src/pig_behavior/tracking/association.py,1132,25,realtime,SHARED_PRODUCTION_CODE,"or cfg.mode != ""realtime"""
src/pig_behavior/tracking/association.py,1351,33,realtime,SHARED_PRODUCTION_CODE,"""""""Resolve near-tie visible realtime assignments toward the unserved track."""""""
src/pig_behavior/tracking/association.py,1354,21,realtime,SHARED_PRODUCTION_CODE,"if cfg.mode != ""realtime"" or cfg.occlusion_aware_matching:"
src/pig_behavior/tracking/association.py,1408,21,realtime,SHARED_PRODUCTION_CODE,"if cfg.mode != ""realtime"" or cfg.occlusion_aware_matching:"
src/pig_behavior/tracking/association.py,1433,35,realtime,SHARED_PRODUCTION_CODE,"""""""Move a clearly bad visible realtime assignment to a much better track."""""""
src/pig_behavior/tracking/association.py,1436,21,realtime,SHARED_PRODUCTION_CODE,"if cfg.mode != ""realtime"" or cfg.occlusion_aware_matching:"
src/pig_behavior/tracking/association.py,1465,30,realtime,SHARED_PRODUCTION_CODE,"""""""Avoid reviving hidden realtime tracks from very low-confidence detections."""""""
src/pig_behavior/tracking/association.py,1468,21,realtime,SHARED_PRODUCTION_CODE,"if cfg.mode != ""realtime"":"
src/pig_behavior/tracking/association.py,1923,25,realtime,SHARED_PRODUCTION_CODE,"or cfg.mode != ""realtime"""
src/pig_behavior/tracking/association.py,2055,25,realtime,SHARED_PRODUCTION_CODE,"or cfg.mode != ""realtime"""
src/pig_behavior/tracking/association.py,2349,16,h1_r2_owner_preference,RETIRED_PROFILE_EXCLUSIVE_RUNTIME,"if cfg.h1_r2_owner_preference and phase_name == ""reid"":"
src/pig_behavior/tracking/association.py,2349,22,owner_preference,RETIRED_PROFILE_EXCLUSIVE_RUNTIME,"if cfg.h1_r2_owner_preference and phase_name == ""reid"":"
src/pig_behavior/tracking/association.py,2371,32,h1_r2_hidden_owner_preference,RETIRED_PROFILE_EXCLUSIVE_RUNTIME,"rows, cols = apply_h1_r2_hidden_owner_preference("
src/pig_behavior/tracking/association.py,2371,45,owner_preference,RETIRED_PROFILE_EXCLUSIVE_RUNTIME,"rows, cols = apply_h1_r2_hidden_owner_preference("
src/pig_behavior/tracking/association.py,2404,20,h1_r2_owner_preference,RETIRED_PROFILE_EXCLUSIVE_RUNTIME,if cfg.h1_r2_owner_preference and reserved_hidden_detection_owners:
src/pig_behavior/tracking/association.py,2404,26,owner_preference,RETIRED_PROFILE_EXCLUSIVE_RUNTIME,if cfg.h1_r2_owner_preference and reserved_hidden_detection_owners:
src/pig_behavior/tracking/association.py,2436,21,h1_r3_shadow,RETIRED_PROFILE_EXCLUSIVE_RUNTIME,observe_h1_r3_shadow_pairs(
src/pig_behavior/tracking/association.py,2966,21,h1_r2_owner_preference,RETIRED_PROFILE_EXCLUSIVE_RUNTIME,cfg.h1_r2_owner_preference
src/pig_behavior/tracking/association.py,2966,27,owner_preference,RETIRED_PROFILE_EXCLUSIVE_RUNTIME,cfg.h1_r2_owner_preference
src/pig_behavior/tracking/association.py,2970,25,h1_r2_counter,RETIRED_PROFILE_EXCLUSIVE_RUNTIME,_record_h1_r2_counter(
src/pig_behavior/tracking/association.py,2972,22,h1_r2_reacquisition_observed,RETIRED_PROFILE_EXCLUSIVE_RUNTIME,"""h1_r2_reacquisition_observed"","
src/pig_behavior/tracking/cli.py,197,18,realtime,SHARED_PRODUCTION_CODE,"default=""realtime"","
src/pig_behavior/tracking/cli.py,199,29,realtime,SHARED_PRODUCTION_CODE,"""Tracking mode: realtime, bytetrack_raw baseline, """
src/pig_behavior/tracking/cli.py,219,52,realtime,SHARED_PRODUCTION_CODE,"help=""Enable offline smoothing/refinement (realtime mode ignores this)."","
src/pig_behavior/tracking/config.py,45,6,realtime,SHARED_PRODUCTION_CODE,"""realtime"","
src/pig_behavior/tracking/config.py,49,30,realtime,SHARED_PRODUCTION_CODE,"CANONICAL_TRACKING_MODES = {""realtime"", ""bytetrack_raw"", ""hybrid_bytetrack""}"
src/pig_behavior/tracking/config.py,89,18,realtime,SHARED_PRODUCTION_CODE,"mode: str = ""realtime""  # realtime, bytetrack_raw, or hybrid_bytetrack"
src/pig_behavior/tracking/config.py,89,31,realtime,SHARED_PRODUCTION_CODE,"mode: str = ""realtime""  # realtime, bytetrack_raw, or hybrid_bytetrack"
src/pig_behavior/tracking/config.py,207,55,owner_preference,SHARED_PRODUCTION_CODE,"# threshold, and gates are immutable constants in owner_preference.py."
src/pig_behavior/tracking/config.py,208,5,h1_r2_owner_preference,RETIRED_PROFILE_EXCLUSIVE_CONFIG,h1_r2_owner_preference: bool = False
src/pig_behavior/tracking/config.py,208,11,owner_preference,RETIRED_PROFILE_EXCLUSIVE_CONFIG,h1_r2_owner_preference: bool = False
src/pig_behavior/tracking/config.py,407,35,realtime,SHARED_PRODUCTION_CODE,"""mode must be one of: realtime, bytetrack_raw, hybrid_bytetrack."""
src/pig_behavior/tracking/config.py,458,14,realtime,SHARED_PRODUCTION_CODE,"# In realtime mode, explicitly turn off offline smoothing / post-processing"
src/pig_behavior/tracking/config.py,637,12,h1_r2_owner_preference,RETIRED_PROFILE_EXCLUSIVE_CONFIG,if cfg.h1_r2_owner_preference:
src/pig_behavior/tracking/config.py,637,18,owner_preference,RETIRED_PROFILE_EXCLUSIVE_CONFIG,if cfg.h1_r2_owner_preference:
src/pig_behavior/tracking/config.py,638,25,realtime,SHARED_PRODUCTION_CODE,"if cfg.mode != ""realtime"":"
src/pig_behavior/tracking/config.py,639,31,h1_r2_owner_preference,RETIRED_PROFILE_EXCLUSIVE_CONFIG,"raise ValueError(""h1_r2_owner_preference requires realtime mode."")"
src/pig_behavior/tracking/config.py,639,37,owner_preference,RETIRED_PROFILE_EXCLUSIVE_CONFIG,"raise ValueError(""h1_r2_owner_preference requires realtime mode."")"
src/pig_behavior/tracking/config.py,639,63,realtime,RETIRED_PROFILE_EXCLUSIVE_CONFIG,"raise ValueError(""h1_r2_owner_preference requires realtime mode."")"
src/pig_behavior/tracking/config.py,642,18,h1_r2_owner_preference,RETIRED_PROFILE_EXCLUSIVE_CONFIG,"""h1_r2_owner_preference cannot enable the H1-r1 reservation."""
src/pig_behavior/tracking/config.py,642,24,owner_preference,RETIRED_PROFILE_EXCLUSIVE_CONFIG,"""h1_r2_owner_preference cannot enable the H1-r1 reservation."""
src/pig_behavior/tracking/config.py,646,18,h1_r2_owner_preference,RETIRED_PROFILE_EXCLUSIVE_CONFIG,"""h1_r2_owner_preference requires detect_every_n_frames=2."""
src/pig_behavior/tracking/config.py,646,24,owner_preference,RETIRED_PROFILE_EXCLUSIVE_CONFIG,"""h1_r2_owner_preference requires detect_every_n_frames=2."""
src/pig_behavior/tracking/config.py,649,31,h1_r2_owner_preference,RETIRED_PROFILE_EXCLUSIVE_CONFIG,"raise ValueError(""h1_r2_owner_preference requires det_conf=0.25."")"
src/pig_behavior/tracking/config.py,649,37,owner_preference,RETIRED_PROFILE_EXCLUSIVE_CONFIG,"raise ValueError(""h1_r2_owner_preference requires det_conf=0.25."")"
src/pig_behavior/tracking/config.py,652,18,h1_r2_owner_preference,RETIRED_PROFILE_EXCLUSIVE_CONFIG,"""h1_r2_owner_preference forbids offline smoothing."""
src/pig_behavior/tracking/config.py,652,24,owner_preference,RETIRED_PROFILE_EXCLUSIVE_CONFIG,"""h1_r2_owner_preference forbids offline smoothing."""
src/pig_behavior/tracking/config.py,656,18,h1_r2_owner_preference,RETIRED_PROFILE_EXCLUSIVE_CONFIG,"""h1_r2_owner_preference forbids delayed motion repair."""
src/pig_behavior/tracking/config.py,656,24,owner_preference,RETIRED_PROFILE_EXCLUSIVE_CONFIG,"""h1_r2_owner_preference forbids delayed motion repair."""
src/pig_behavior/tracking/constants.py,112,6,h1_r2_stage_calls,RETIRED_PROFILE_EXCLUSIVE_TELEMETRY,"""h1_r2_stage_calls"","
src/pig_behavior/tracking/constants.py,113,6,h1_r2_hidden_tracks_offered,RETIRED_PROFILE_EXCLUSIVE_TELEMETRY,"""h1_r2_hidden_tracks_offered"","
src/pig_behavior/tracking/constants.py,114,6,h1_r2_competitors_scored,RETIRED_PROFILE_EXCLUSIVE_TELEMETRY,"""h1_r2_competitors_scored"","
src/pig_behavior/tracking/constants.py,115,6,h1_r2_valid_score_pairs,RETIRED_PROFILE_EXCLUSIVE_TELEMETRY,"""h1_r2_valid_score_pairs"","
src/pig_behavior/tracking/constants.py,116,6,h1_r2_abstained_missing_evidence,RETIRED_PROFILE_EXCLUSIVE_TELEMETRY,"""h1_r2_abstained_missing_evidence"","
src/pig_behavior/tracking/constants.py,117,6,h1_r2_abstained_below_threshold,RETIRED_PROFILE_EXCLUSIVE_TELEMETRY,"""h1_r2_abstained_below_threshold"","
src/pig_behavior/tracking/constants.py,118,6,h1_r2_abstained_tie_or_margin,RETIRED_PROFILE_EXCLUSIVE_TELEMETRY,"""h1_r2_abstained_tie_or_margin"","
src/pig_behavior/tracking/constants.py,119,6,h1_r2_owner_preference_applied,RETIRED_PROFILE_EXCLUSIVE_TELEMETRY,"""h1_r2_owner_preference_applied"","
src/pig_behavior/tracking/constants.py,119,12,owner_preference,RETIRED_PROFILE_EXCLUSIVE_TELEMETRY,"""h1_r2_owner_preference_applied"","
src/pig_behavior/tracking/constants.py,120,6,h1_r2_score_invalid,RETIRED_PROFILE_EXCLUSIVE_TELEMETRY,"""h1_r2_score_invalid"","
src/pig_behavior/tracking/constants.py,121,6,h1_r2_reacquisition_observed,RETIRED_PROFILE_EXCLUSIVE_TELEMETRY,"""h1_r2_reacquisition_observed"","
src/pig_behavior/tracking/constants.py,125,6,h1_r3_shadow,RETIRED_PROFILE_EXCLUSIVE_TELEMETRY,"""h1_r3_shadow_stage_calls"","
src/pig_behavior/tracking/constants.py,126,6,h1_r3_shadow,RETIRED_PROFILE_EXCLUSIVE_TELEMETRY,"""h1_r3_shadow_hidden_tracks_offered"","
src/pig_behavior/tracking/constants.py,127,6,h1_r3_shadow,RETIRED_PROFILE_EXCLUSIVE_TELEMETRY,"""h1_r3_shadow_pair_candidates"","
src/pig_behavior/tracking/constants.py,128,6,h1_r3_shadow,RETIRED_PROFILE_EXCLUSIVE_TELEMETRY,"""h1_r3_shadow_core_eligible_pairs"","
src/pig_behavior/tracking/constants.py,129,6,h1_r3_shadow,RETIRED_PROFILE_EXCLUSIVE_TELEMETRY,"""h1_r3_shadow_optional_appearance_available"","
src/pig_behavior/tracking/constants.py,130,6,h1_r3_shadow,RETIRED_PROFILE_EXCLUSIVE_TELEMETRY,"""h1_r3_shadow_optional_motion_available"","
src/pig_behavior/tracking/constants.py,131,6,h1_r3_shadow,RETIRED_PROFILE_EXCLUSIVE_TELEMETRY,"""h1_r3_shadow_score_pairs"","
src/pig_behavior/tracking/constants.py,132,6,h1_r3_shadow,RETIRED_PROFILE_EXCLUSIVE_TELEMETRY,"""h1_r3_shadow_below_threshold"","
src/pig_behavior/tracking/constants.py,133,6,h1_r3_shadow,RETIRED_PROFILE_EXCLUSIVE_TELEMETRY,"""h1_r3_shadow_margin_failed"","
src/pig_behavior/tracking/constants.py,134,6,h1_r3_shadow,RETIRED_PROFILE_EXCLUSIVE_TELEMETRY,"""h1_r3_shadow_would_activate"","
src/pig_behavior/tracking/constants.py,135,6,h1_r3_shadow,RETIRED_PROFILE_EXCLUSIVE_TELEMETRY,"""h1_r3_shadow_invalid_numeric"","
src/pig_behavior/tracking/constants.py,136,6,h1_r3_shadow,RETIRED_PROFILE_EXCLUSIVE_TELEMETRY,"""h1_r3_shadow_missing_core_overlap"","
src/pig_behavior/tracking/constants.py,137,6,h1_r3_shadow,RETIRED_PROFILE_EXCLUSIVE_TELEMETRY,"""h1_r3_shadow_missing_core_freshness"","
src/pig_behavior/tracking/constants.py,140,6,h2_shadow_stage_calls,RETIRED_PROFILE_EXCLUSIVE_TELEMETRY,"""h2_shadow_stage_calls"","
src/pig_behavior/tracking/constants.py,141,6,h2_shadow_visible_confirmed_tracks,RETIRED_PROFILE_EXCLUSIVE_TELEMETRY,"""h2_shadow_visible_confirmed_tracks"","
src/pig_behavior/tracking/constants.py,142,6,h2_shadow_dropout_entries,RETIRED_PROFILE_EXCLUSIVE_TELEMETRY,"""h2_shadow_dropout_entries"","
src/pig_behavior/tracking/constants.py,143,6,h2_shadow_baseline_state_loss_points,RETIRED_PROFILE_EXCLUSIVE_TELEMETRY,"""h2_shadow_baseline_state_loss_points"","
src/pig_behavior/tracking/constants.py,144,6,h2_shadow_preservation_candidates,RETIRED_PROFILE_EXCLUSIVE_TELEMETRY,"""h2_shadow_preservation_candidates"","
src/pig_behavior/tracking/constants.py,145,6,h2_shadow_preservable_states,RETIRED_PROFILE_EXCLUSIVE_TELEMETRY,"""h2_shadow_preservable_states"","
src/pig_behavior/tracking/constants.py,146,6,h2_shadow_unpreservable_missing_core,RETIRED_PROFILE_EXCLUSIVE_TELEMETRY,"""h2_shadow_unpreservable_missing_core"","
src/pig_behavior/tracking/constants.py,147,6,h2_shadow_unpreservable_low_initial_quality,RETIRED_PROFILE_EXCLUSIVE_TELEMETRY,"""h2_shadow_unpreservable_low_initial_quality"","
src/pig_behavior/tracking/constants.py,148,6,h2_shadow_states_expired,RETIRED_PROFILE_EXCLUSIVE_TELEMETRY,"""h2_shadow_states_expired"","
src/pig_behavior/tracking/constants.py,149,6,h2_shadow_states_invalidated,RETIRED_PROFILE_EXCLUSIVE_TELEMETRY,"""h2_shadow_states_invalidated"","
src/pig_behavior/tracking/constants.py,150,6,h2_shadow_states_surviving_to_reentry,RETIRED_PROFILE_EXCLUSIVE_TELEMETRY,"""h2_shadow_states_surviving_to_reentry"","
src/pig_behavior/tracking/constants.py,151,6,h2_shadow_reentry_opportunities,RETIRED_PROFILE_EXCLUSIVE_TELEMETRY,"""h2_shadow_reentry_opportunities"","
src/pig_behavior/tracking/constants.py,152,6,h2_shadow_extra_usable_state_at_reentry,RETIRED_PROFILE_EXCLUSIVE_TELEMETRY,"""h2_shadow_extra_usable_state_at_reentry"","
src/pig_behavior/tracking/constants.py,153,6,h2_shadow_control_preservation_events,RETIRED_PROFILE_EXCLUSIVE_TELEMETRY,"""h2_shadow_control_preservation_events"","
src/pig_behavior/tracking/constants.py,154,6,h2_shadow_control_overpreservation,RETIRED_PROFILE_EXCLUSIVE_TELEMETRY,"""h2_shadow_control_overpreservation"","
src/pig_behavior/tracking/constants.py,155,6,h2_shadow_invalid_numeric,RETIRED_PROFILE_EXCLUSIVE_TELEMETRY,"""h2_shadow_invalid_numeric"","
src/pig_behavior/tracking/constants.py,156,6,h2_shadow_terminal_revival_blocked,RETIRED_PROFILE_EXCLUSIVE_TELEMETRY,"""h2_shadow_terminal_revival_blocked"","
src/pig_behavior/tracking/detections.py,297,35,realtime,SHARED_PRODUCTION_CODE,or just filter by det_conf in realtime.
src/pig_behavior/tracking/detections.py,299,22,realtime,SHARED_PRODUCTION_CODE,"if cfg.mode in {""realtime"", ""bytetrack_raw""}:"
src/pig_behavior/tracking/h1_r3_shadow.py,18,21,owner_preference,RETIRED_PROFILE_EXCLUSIVE_RUNTIME,"H1_R3_SCORE_NAME = ""owner_preference_lower_bound"""
src/pig_behavior/tracking/h1_r3_shadow.py,81,5,owner_preference,RETIRED_PROFILE_EXCLUSIVE_RUNTIME,owner_preference_lower_bound: float | None
src/pig_behavior/tracking/h1_r3_shadow.py,304,12,h1_r3_shadow,RETIRED_PROFILE_EXCLUSIVE_RUNTIME,def decide_h1_r3_shadow(
src/pig_behavior/tracking/h1_r3_shadow.py,465,36,owner_preference,RETIRED_PROFILE_EXCLUSIVE_RUNTIME,"H1_R3_SCORE_NAME: decision.owner_preference_lower_bound,"
src/pig_behavior/tracking/h1_r3_shadow.py,481,12,h1_r3_shadow,RETIRED_PROFILE_EXCLUSIVE_RUNTIME,def record_h1_r3_shadow_counter(
src/pig_behavior/tracking/h1_r3_shadow.py,502,13,h1_r3_shadow,RETIRED_PROFILE_EXCLUSIVE_RUNTIME,"""decide_h1_r3_shadow"","
src/pig_behavior/tracking/h1_r3_shadow.py,503,13,h1_r3_shadow,RETIRED_PROFILE_EXCLUSIVE_RUNTIME,"""record_h1_r3_shadow_counter"","
src/pig_behavior/tracking/h2_cdsp_shadow.py,25,6,h2_shadow_stage_calls,RETIRED_PROFILE_EXCLUSIVE_RUNTIME,"""h2_shadow_stage_calls"","
src/pig_behavior/tracking/h2_cdsp_shadow.py,26,6,h2_shadow_visible_confirmed_tracks,RETIRED_PROFILE_EXCLUSIVE_RUNTIME,"""h2_shadow_visible_confirmed_tracks"","
src/pig_behavior/tracking/h2_cdsp_shadow.py,27,6,h2_shadow_dropout_entries,RETIRED_PROFILE_EXCLUSIVE_RUNTIME,"""h2_shadow_dropout_entries"","
src/pig_behavior/tracking/h2_cdsp_shadow.py,28,6,h2_shadow_baseline_state_loss_points,RETIRED_PROFILE_EXCLUSIVE_RUNTIME,"""h2_shadow_baseline_state_loss_points"","
src/pig_behavior/tracking/h2_cdsp_shadow.py,29,6,h2_shadow_preservation_candidates,RETIRED_PROFILE_EXCLUSIVE_RUNTIME,"""h2_shadow_preservation_candidates"","
src/pig_behavior/tracking/h2_cdsp_shadow.py,30,6,h2_shadow_preservable_states,RETIRED_PROFILE_EXCLUSIVE_RUNTIME,"""h2_shadow_preservable_states"","
src/pig_behavior/tracking/h2_cdsp_shadow.py,31,6,h2_shadow_unpreservable_missing_core,RETIRED_PROFILE_EXCLUSIVE_RUNTIME,"""h2_shadow_unpreservable_missing_core"","
src/pig_behavior/tracking/h2_cdsp_shadow.py,32,6,h2_shadow_unpreservable_low_initial_quality,RETIRED_PROFILE_EXCLUSIVE_RUNTIME,"""h2_shadow_unpreservable_low_initial_quality"","
src/pig_behavior/tracking/h2_cdsp_shadow.py,33,6,h2_shadow_states_expired,RETIRED_PROFILE_EXCLUSIVE_RUNTIME,"""h2_shadow_states_expired"","
src/pig_behavior/tracking/h2_cdsp_shadow.py,34,6,h2_shadow_states_invalidated,RETIRED_PROFILE_EXCLUSIVE_RUNTIME,"""h2_shadow_states_invalidated"","
src/pig_behavior/tracking/h2_cdsp_shadow.py,35,6,h2_shadow_states_surviving_to_reentry,RETIRED_PROFILE_EXCLUSIVE_RUNTIME,"""h2_shadow_states_surviving_to_reentry"","
src/pig_behavior/tracking/h2_cdsp_shadow.py,36,6,h2_shadow_reentry_opportunities,RETIRED_PROFILE_EXCLUSIVE_RUNTIME,"""h2_shadow_reentry_opportunities"","
src/pig_behavior/tracking/h2_cdsp_shadow.py,37,6,h2_shadow_extra_usable_state_at_reentry,RETIRED_PROFILE_EXCLUSIVE_RUNTIME,"""h2_shadow_extra_usable_state_at_reentry"","
src/pig_behavior/tracking/h2_cdsp_shadow.py,38,6,h2_shadow_control_preservation_events,RETIRED_PROFILE_EXCLUSIVE_RUNTIME,"""h2_shadow_control_preservation_events"","
src/pig_behavior/tracking/h2_cdsp_shadow.py,39,6,h2_shadow_control_overpreservation,RETIRED_PROFILE_EXCLUSIVE_RUNTIME,"""h2_shadow_control_overpreservation"","
src/pig_behavior/tracking/h2_cdsp_shadow.py,40,6,h2_shadow_invalid_numeric,RETIRED_PROFILE_EXCLUSIVE_RUNTIME,"""h2_shadow_invalid_numeric"","
src/pig_behavior/tracking/h2_cdsp_shadow.py,41,6,h2_shadow_terminal_revival_blocked,RETIRED_PROFILE_EXCLUSIVE_RUNTIME,"""h2_shadow_terminal_revival_blocked"","
src/pig_behavior/tracking/h2_cdsp_shadow.py,296,13,h2_cdsp_shadow,RETIRED_PROFILE_EXCLUSIVE_RUNTIME,def observe_h2_cdsp_shadow(
src/pig_behavior/tracking/h2_cdsp_shadow.py,307,39,h2_shadow_enabled,RETIRED_PROFILE_EXCLUSIVE_RUNTIME,if runtime is None or not runtime.h2_shadow_enabled:
src/pig_behavior/tracking/h2_cdsp_shadow.py,309,24,h2_shadow_stage_calls,RETIRED_PROFILE_EXCLUSIVE_RUNTIME,"_counter(runtime, ""h2_shadow_stage_calls"")"
src/pig_behavior/tracking/h2_cdsp_shadow.py,311,35,h2_shadow_track_states,RETIRED_PROFILE_EXCLUSIVE_RUNTIME,for track_id in tuple(runtime.h2_shadow_track_states):
src/pig_behavior/tracking/h2_cdsp_shadow.py,314,25,h2_shadow_track_states,RETIRED_PROFILE_EXCLUSIVE_RUNTIME,prior = runtime.h2_shadow_track_states[track_id]
src/pig_behavior/tracking/h2_cdsp_shadow.py,315,17,h2_shadow_track_states,RETIRED_PROFILE_EXCLUSIVE_RUNTIME,runtime.h2_shadow_track_states[track_id] = H2TrackShadowState(
src/pig_behavior/tracking/h2_cdsp_shadow.py,328,25,h2_shadow_track_states,RETIRED_PROFILE_EXCLUSIVE_RUNTIME,prior = runtime.h2_shadow_track_states.get(track_id)
src/pig_behavior/tracking/h2_cdsp_shadow.py,330,32,h2_shadow_terminal_revival_blocked,RETIRED_PROFILE_EXCLUSIVE_RUNTIME,"_counter(runtime, ""h2_shadow_terminal_revival_blocked"")"
src/pig_behavior/tracking/h2_cdsp_shadow.py,346,32,h2_shadow_reentry_opportunities,RETIRED_PROFILE_EXCLUSIVE_RUNTIME,"_counter(runtime, ""h2_shadow_reentry_opportunities"")"
src/pig_behavior/tracking/h2_cdsp_shadow.py,348,32,h2_shadow_states_surviving_to_reentry,RETIRED_PROFILE_EXCLUSIVE_RUNTIME,"_counter(runtime, ""h2_shadow_states_surviving_to_reentry"")"
src/pig_behavior/tracking/h2_cdsp_shadow.py,350,32,h2_shadow_extra_usable_state_at_reentry,RETIRED_PROFILE_EXCLUSIVE_RUNTIME,"_counter(runtime, ""h2_shadow_extra_usable_state_at_reentry"")"
src/pig_behavior/tracking/h2_cdsp_shadow.py,354,36,h2_shadow_invalid_numeric,RETIRED_PROFILE_EXCLUSIVE_RUNTIME,"_counter(runtime, ""h2_shadow_invalid_numeric"")"
src/pig_behavior/tracking/h2_cdsp_shadow.py,365,32,h2_shadow_visible_confirmed_tracks,RETIRED_PROFILE_EXCLUSIVE_RUNTIME,"_counter(runtime, ""h2_shadow_visible_confirmed_tracks"")"
src/pig_behavior/tracking/h2_cdsp_shadow.py,378,36,h2_shadow_unpreservable_missing_core,RETIRED_PROFILE_EXCLUSIVE_RUNTIME,"_counter(runtime, ""h2_shadow_unpreservable_missing_core"")"
src/pig_behavior/tracking/h2_cdsp_shadow.py,420,40,h2_shadow_preservation_candidates,RETIRED_PROFILE_EXCLUSIVE_RUNTIME,"_counter(runtime, ""h2_shadow_preservation_candidates"")"
src/pig_behavior/tracking/h2_cdsp_shadow.py,422,44,h2_shadow_dropout_entries,RETIRED_PROFILE_EXCLUSIVE_RUNTIME,"_counter(runtime, ""h2_shadow_dropout_entries"")"
src/pig_behavior/tracking/h2_cdsp_shadow.py,424,44,h2_shadow_preservable_states,RETIRED_PROFILE_EXCLUSIVE_RUNTIME,"_counter(runtime, ""h2_shadow_preservable_states"")"
src/pig_behavior/tracking/h2_cdsp_shadow.py,426,44,h2_shadow_states_expired,RETIRED_PROFILE_EXCLUSIVE_RUNTIME,"_counter(runtime, ""h2_shadow_states_expired"")"
src/pig_behavior/tracking/h2_cdsp_shadow.py,428,44,h2_shadow_states_invalidated,RETIRED_PROFILE_EXCLUSIVE_RUNTIME,"_counter(runtime, ""h2_shadow_states_invalidated"")"
src/pig_behavior/tracking/h2_cdsp_shadow.py,452,32,h2_shadow_baseline_state_loss_points,RETIRED_PROFILE_EXCLUSIVE_RUNTIME,"_counter(runtime, ""h2_shadow_baseline_state_loss_points"")"
src/pig_behavior/tracking/h2_cdsp_shadow.py,460,17,h2_shadow_track_states,RETIRED_PROFILE_EXCLUSIVE_RUNTIME,runtime.h2_shadow_track_states[track_id] = H2TrackShadowState(
src/pig_behavior/tracking/h2_cdsp_shadow.py,470,17,h2_shadow_transition_rows,RETIRED_PROFILE_EXCLUSIVE_RUNTIME,runtime.h2_shadow_transition_rows.append(
src/pig_behavior/tracking/h2_cdsp_shadow.py,535,14,h2_cdsp_shadow,RETIRED_PROFILE_EXCLUSIVE_RUNTIME,"""observe_h2_cdsp_shadow"","
src/pig_behavior/tracking/owner_preference.py,14,32,owner_preference,RETIRED_PROFILE_EXCLUSIVE_RUNTIME,"OWNER_PREFERENCE_SCORE_NAME = ""owner_preference_score"""
src/pig_behavior/tracking/owner_preference.py,59,5,owner_preference,RETIRED_PROFILE_EXCLUSIVE_RUNTIME,owner_preference_score: float | None
src/pig_behavior/tracking/owner_preference.py,224,11,owner_preference,RETIRED_PROFILE_EXCLUSIVE_RUNTIME,def build_owner_preference_features(
src/pig_behavior/tracking/owner_preference.py,276,5,owner_preference,RETIRED_PROFILE_EXCLUSIVE_RUNTIME,def owner_preference_score(
src/pig_behavior/tracking/owner_preference.py,286,12,owner_preference,RETIRED_PROFILE_EXCLUSIVE_RUNTIME,def decide_owner_preference(
src/pig_behavior/tracking/owner_preference.py,394,12,owner_preference,RETIRED_PROFILE_EXCLUSIVE_RUNTIME,"""build_owner_preference_features"","
src/pig_behavior/tracking/owner_preference.py,396,13,owner_preference,RETIRED_PROFILE_EXCLUSIVE_RUNTIME,"""decide_owner_preference"","
src/pig_behavior/tracking/owner_preference.py,400,6,owner_preference,RETIRED_PROFILE_EXCLUSIVE_RUNTIME,"""owner_preference_score"","
src/pig_behavior/tracking/profiles/__init__.py,24,37,realtime,SHARED_PRODUCTION_CODE,from pig_behavior.tracking.profiles.realtime import (
src/pig_behavior/tracking/profiles/__init__.py,27,37,realtime,SHARED_PRODUCTION_CODE,from pig_behavior.tracking.profiles.realtime import (
src/pig_behavior/tracking/profiles/__init__.py,30,37,realtime,SHARED_PRODUCTION_CODE,from pig_behavior.tracking.profiles.realtime import REALTIME_BASE_CONFIG
src/pig_behavior/tracking/profiles/realtime.py,1,30,realtime,RETIRED_PROFILE_EXCLUSIVE_CONFIG,"""""""Presentation profiles for realtime tracking modes."""""""
src/pig_behavior/tracking/profiles/realtime.py,42,6,h1_r2_owner_preference,RETIRED_PROFILE_EXCLUSIVE_CONFIG,"""h1_r2_owner_preference"": True,"
src/pig_behavior/tracking/profiles/realtime.py,42,12,owner_preference,RETIRED_PROFILE_EXCLUSIVE_CONFIG,"""h1_r2_owner_preference"": True,"
src/pig_behavior/tracking/profiles/realtime.py,93,6,realtime_fast_h1_r2,RETIRED_PROFILE_EXCLUSIVE_CONFIG,"""realtime_fast_h1_r2"": REALTIME_FAST_H1_R2_CONFIG,"
src/pig_behavior/tracking/profiles/realtime.py,94,6,realtime_balanced,RETIRED_PROFILE_EXCLUSIVE_CONFIG,"""realtime_balanced"": REALTIME_BALANCED_CONFIG,"
src/pig_behavior/tracking/profiles/realtime.py,95,6,realtime_quality_delayed,RETIRED_PROFILE_EXCLUSIVE_CONFIG,"""realtime_quality_delayed"": REALTIME_QUALITY_DELAYED_CONFIG,"
src/pig_behavior/tracking/profiles/realtime.py,99,6,realtime,ACTIVE_ALIAS,"""realtime"": {"
src/pig_behavior/tracking/profiles/realtime.py,100,18,realtime,RETIRED_PROFILE_EXCLUSIVE_CONFIG,"""mode"": ""realtime"","
src/pig_behavior/tracking/profiles/realtime.py,103,34,realtime,RETIRED_PROFILE_EXCLUSIVE_CONFIG,"""Current best causal realtime profile; quality-delayed remains explicit."""
src/pig_behavior/tracking/profiles/realtime.py,107,18,realtime,RETIRED_PROFILE_EXCLUSIVE_CONFIG,"""mode"": ""realtime"","
src/pig_behavior/tracking/profiles/realtime.py,109,39,realtime,RETIRED_PROFILE_EXCLUSIVE_CONFIG,"""description"": ""Lower-latency realtime profile with frame skipping and no delayed repair."","
src/pig_behavior/tracking/profiles/realtime.py,111,6,realtime_fast_h1_r2,RETIRED_PROFILE_EXCLUSIVE_CONFIG,"""realtime_fast_h1_r2"": {"
src/pig_behavior/tracking/profiles/realtime.py,112,18,realtime,RETIRED_PROFILE_EXCLUSIVE_CONFIG,"""mode"": ""realtime"","
src/pig_behavior/tracking/profiles/realtime.py,113,25,realtime_fast_h1_r2,RETIRED_PROFILE_EXCLUSIVE_CONFIG,"""eval_config"": ""realtime_fast_h1_r2"","
src/pig_behavior/tracking/profiles/realtime.py,119,6,realtime_balanced,RETIRED_PROFILE_EXCLUSIVE_CONFIG,"""realtime_balanced"": {"
src/pig_behavior/tracking/profiles/realtime.py,120,18,realtime,RETIRED_PROFILE_EXCLUSIVE_CONFIG,"""mode"": ""realtime"","
src/pig_behavior/tracking/profiles/realtime.py,121,25,realtime_balanced,RETIRED_PROFILE_EXCLUSIVE_CONFIG,"""eval_config"": ""realtime_balanced"","
src/pig_behavior/tracking/profiles/realtime.py,122,32,realtime,RETIRED_PROFILE_EXCLUSIVE_CONFIG,"""description"": ""Causal realtime profile with runtime guards and no delayed repair."","
src/pig_behavior/tracking/profiles/realtime.py,124,6,realtime_quality_delayed,RETIRED_PROFILE_EXCLUSIVE_CONFIG,"""realtime_quality_delayed"": {"
src/pig_behavior/tracking/profiles/realtime.py,125,18,realtime,RETIRED_PROFILE_EXCLUSIVE_CONFIG,"""mode"": ""realtime"","
src/pig_behavior/tracking/profiles/realtime.py,126,25,realtime_quality_delayed,RETIRED_PROFILE_EXCLUSIVE_CONFIG,"""eval_config"": ""realtime_quality_delayed"","
src/pig_behavior/tracking/refinement.py,1448,14,realtime,SHARED_OFFLINE_REPAIR_CODE,"""realtime motion pair stabilizer relabeled %d shapes"","
src/pig_behavior/tracking/refinement.py,1503,64,realtime,SHARED_OFFLINE_REPAIR_CODE,"if not cfg.realtime_motion_pair_stabilizer or cfg.mode != ""realtime"":"
src/pig_behavior/tracking/runner.py,33,28,h2_cdsp_shadow,RETIRED_PROFILE_EXCLUSIVE_RUNTIME,from pig_behavior.tracking.h2_cdsp_shadow import observe_h2_cdsp_shadow
src/pig_behavior/tracking/runner.py,33,58,h2_cdsp_shadow,RETIRED_PROFILE_EXCLUSIVE_RUNTIME,from pig_behavior.tracking.h2_cdsp_shadow import observe_h2_cdsp_shadow
src/pig_behavior/tracking/runner.py,128,5,h1_r3_shadow,RETIRED_PROFILE_EXCLUSIVE_RUNTIME,"h1_r3_shadow_observer: bool = False,"
src/pig_behavior/tracking/runner.py,129,5,h2_cdsp_shadow,RETIRED_PROFILE_EXCLUSIVE_RUNTIME,"h2_cdsp_shadow_observer: bool = False,"
src/pig_behavior/tracking/runner.py,224,9,h1_r3_shadow,RETIRED_PROFILE_EXCLUSIVE_RUNTIME,"h1_r3_shadow_enabled=bool(h1_r3_shadow_observer),"
src/pig_behavior/tracking/runner.py,224,35,h1_r3_shadow,RETIRED_PROFILE_EXCLUSIVE_RUNTIME,"h1_r3_shadow_enabled=bool(h1_r3_shadow_observer),"
src/pig_behavior/tracking/runner.py,225,9,h2_shadow_enabled,RETIRED_PROFILE_EXCLUSIVE_RUNTIME,"h2_shadow_enabled=bool(h2_cdsp_shadow_observer),"
src/pig_behavior/tracking/runner.py,225,32,h2_cdsp_shadow,RETIRED_PROFILE_EXCLUSIVE_RUNTIME,"h2_shadow_enabled=bool(h2_cdsp_shadow_observer),"
src/pig_behavior/tracking/runner.py,404,25,h2_cdsp_shadow,RETIRED_PROFILE_EXCLUSIVE_RUNTIME,observe_h2_cdsp_shadow(
src/pig_behavior/tracking/runner.py,601,9,h1_r3_shadow,RETIRED_PROFILE_EXCLUSIVE_EXPORT,h1_r3_shadow_candidate_rows=list(
src/pig_behavior/tracking/runner.py,602,21,h1_r3_shadow,RETIRED_PROFILE_EXCLUSIVE_EXPORT,runtime.h1_r3_shadow_candidate_rows
src/pig_behavior/tracking/runner.py,604,9,h2_shadow_transition_rows,RETIRED_PROFILE_EXCLUSIVE_RUNTIME,"h2_shadow_transition_rows=list(runtime.h2_shadow_transition_rows),"
src/pig_behavior/tracking/runner.py,604,48,h2_shadow_transition_rows,RETIRED_PROFILE_EXCLUSIVE_RUNTIME,"h2_shadow_transition_rows=list(runtime.h2_shadow_transition_rows),"
src/pig_behavior/tracking/schemas.py,80,5,h1_r3_shadow,RETIRED_PROFILE_EXCLUSIVE_EXPORT,h1_r3_shadow_enabled: bool = False
src/pig_behavior/tracking/schemas.py,81,5,h1_r3_shadow,RETIRED_PROFILE_EXCLUSIVE_EXPORT,"h1_r3_shadow_candidate_rows: list[dict[str, object]] = field("
src/pig_behavior/tracking/schemas.py,84,5,h2_shadow_enabled,RETIRED_PROFILE_EXCLUSIVE_EXPORT,h2_shadow_enabled: bool = False
src/pig_behavior/tracking/schemas.py,85,5,h2_shadow_track_states,RETIRED_PROFILE_EXCLUSIVE_EXPORT,"h2_shadow_track_states: dict[int, object] = field(default_factory=dict)"
src/pig_behavior/tracking/schemas.py,86,5,h2_shadow_transition_rows,RETIRED_PROFILE_EXCLUSIVE_EXPORT,"h2_shadow_transition_rows: list[dict[str, object]] = field("
src/pig_behavior/tracking/schemas.py,466,5,h1_r3_shadow,RETIRED_PROFILE_EXCLUSIVE_EXPORT,"h1_r3_shadow_candidate_rows: list[dict[str, object]] = field("
src/pig_behavior/tracking/schemas.py,469,5,h2_shadow_transition_rows,RETIRED_PROFILE_EXCLUSIVE_EXPORT,"h2_shadow_transition_rows: list[dict[str, object]] = field("
src/pig_behavior/tracking/telemetry.py,172,21,realtime,GENERIC_TELEMETRY,"if cfg.mode == ""realtime"" and cfg.realtime_motion_pair_stabilizer:"
src/pig_behavior/tracking/telemetry.py,241,25,h2_shadow_enabled,RETIRED_PROFILE_EXCLUSIVE_TELEMETRY,"if getattr(source, ""h2_shadow_enabled"", False):"
src/pig_behavior/tracking/telemetry.py,245,32,h2_shadow_,RETIRED_PROFILE_EXCLUSIVE_TELEMETRY,"if key.startswith(""h2_shadow_"") and key not in raw"
tests/test_tracking_baseline_lock.py,111,26,realtime,RETIRED_PROFILE_EXCLUSIVE_TEST,"tracking_mode = ""realtime"" if mode.startswith(""realtime_"") else mode"
tests/test_tracking_h1_r2.py,15,11,h1_r2_hidden_owner_preference,RETIRED_PROFILE_EXCLUSIVE_TEST,"apply_h1_r2_hidden_owner_preference,"
tests/test_tracking_h1_r2.py,15,24,owner_preference,RETIRED_PROFILE_EXCLUSIVE_TEST,"apply_h1_r2_hidden_owner_preference,"
tests/test_tracking_h1_r2.py,20,28,owner_preference,RETIRED_PROFILE_EXCLUSIVE_TEST,from pig_behavior.tracking.owner_preference import (
tests/test_tracking_h1_r2.py,25,11,owner_preference,RETIRED_PROFILE_EXCLUSIVE_TEST,"build_owner_preference_features,"
tests/test_tracking_h1_r2.py,26,12,owner_preference,RETIRED_PROFILE_EXCLUSIVE_TEST,"decide_owner_preference,"
tests/test_tracking_h1_r2.py,29,5,owner_preference,RETIRED_PROFILE_EXCLUSIVE_TEST,"owner_preference_score,"
tests/test_tracking_h1_r2.py,33,37,realtime,RETIRED_PROFILE_EXCLUSIVE_TEST,from pig_behavior.tracking.profiles.realtime import (
tests/test_tracking_h1_r2.py,113,32,realtime,RETIRED_PROFILE_EXCLUSIVE_TEST,"cfg = TrackingConfig(mode=""realtime"", **REALTIME_FAST_H1_R2_CONFIG)"
tests/test_tracking_h1_r2.py,133,16,owner_preference,RETIRED_PROFILE_EXCLUSIVE_TEST,"assert owner_preference_score(hidden, visible) == pytest.approx("
tests/test_tracking_h1_r2.py,170,15,owner_preference,RETIRED_PROFILE_EXCLUSIVE_TEST,"forward = owner_preference_score(hidden, visible)"
tests/test_tracking_h1_r2.py,171,15,owner_preference,RETIRED_PROFILE_EXCLUSIVE_TEST,"reverse = owner_preference_score(visible, hidden)"
tests/test_tracking_h1_r2.py,179,23,owner_preference,RETIRED_PROFILE_EXCLUSIVE_TEST,decision = decide_owner_preference(
tests/test_tracking_h1_r2.py,187,21,owner_preference,RETIRED_PROFILE_EXCLUSIVE_TEST,assert decision.owner_preference_score == 0.5
tests/test_tracking_h1_r2.py,208,18,owner_preference,RETIRED_PROFILE_EXCLUSIVE_TEST,weak_score = owner_preference_score(
tests/test_tracking_h1_r2.py,212,20,owner_preference,RETIRED_PROFILE_EXCLUSIVE_TEST,strong_score = owner_preference_score(
tests/test_tracking_h1_r2.py,225,12,owner_preference,RETIRED_PROFILE_EXCLUSIVE_TEST,"assert owner_preference_score(stale, visible) <= owner_preference_score("
tests/test_tracking_h1_r2.py,225,54,owner_preference,RETIRED_PROFILE_EXCLUSIVE_TEST,"assert owner_preference_score(stale, visible) <= owner_preference_score("
tests/test_tracking_h1_r2.py,242,23,owner_preference,RETIRED_PROFILE_EXCLUSIVE_TEST,decision = decide_owner_preference(
tests/test_tracking_h1_r2.py,258,23,owner_preference,RETIRED_PROFILE_EXCLUSIVE_TEST,decision = decide_owner_preference(
tests/test_tracking_h1_r2.py,266,21,owner_preference,RETIRED_PROFILE_EXCLUSIVE_TEST,assert decision.owner_preference_score == pytest.approx(
tests/test_tracking_h1_r2.py,274,22,owner_preference,RETIRED_PROFILE_EXCLUSIVE_TEST,features = build_owner_preference_features(
tests/test_tracking_h1_r2.py,295,17,owner_preference,RETIRED_PROFILE_EXCLUSIVE_TEST,"score = owner_preference_score(hidden, visible)"
tests/test_tracking_h1_r2.py,309,11,h1_r2_hidden_owner_preference,RETIRED_PROFILE_EXCLUSIVE_TEST,apply_h1_r2_hidden_owner_preference(
tests/test_tracking_h1_r2.py,309,24,owner_preference,RETIRED_PROFILE_EXCLUSIVE_TEST,apply_h1_r2_hidden_owner_preference(
tests/test_tracking_h1_r2.py,324,11,h1_r2_hidden_owner_preference,RETIRED_PROFILE_EXCLUSIVE_TEST,apply_h1_r2_hidden_owner_preference(
tests/test_tracking_h1_r2.py,324,24,owner_preference,RETIRED_PROFILE_EXCLUSIVE_TEST,apply_h1_r2_hidden_owner_preference(
tests/test_tracking_h1_r2.py,343,21,h1_r2_owner_preference_applied,RETIRED_PROFILE_EXCLUSIVE_TEST,"assert summary[""h1_r2_owner_preference_applied""] == 1"
tests/test_tracking_h1_r2.py,343,27,owner_preference,RETIRED_PROFILE_EXCLUSIVE_TEST,"assert summary[""h1_r2_owner_preference_applied""] == 1"
tests/test_tracking_h1_r2.py,371,24,h1_r2_hidden_owner_preference,RETIRED_PROFILE_EXCLUSIVE_TEST,"rows, cols = apply_h1_r2_hidden_owner_preference("
tests/test_tracking_h1_r2.py,371,37,owner_preference,RETIRED_PROFILE_EXCLUSIVE_TEST,"rows, cols = apply_h1_r2_hidden_owner_preference("
tests/test_tracking_h1_r2.py,392,32,realtime,RETIRED_PROFILE_EXCLUSIVE_TEST,"cfg = TrackingConfig(mode=""realtime"", **REALTIME_FAST_H1_R2_CONFIG)"
tests/test_tracking_h1_r2.py,432,31,h1_r2_owner_preference_applied,RETIRED_PROFILE_EXCLUSIVE_TEST,"assert runtime.telemetry[""h1_r2_owner_preference_applied""] == 1"
tests/test_tracking_h1_r2.py,432,37,owner_preference,RETIRED_PROFILE_EXCLUSIVE_TEST,"assert runtime.telemetry[""h1_r2_owner_preference_applied""] == 1"
tests/test_tracking_h1_r2.py,433,31,h1_r2_reacquisition_observed,RETIRED_PROFILE_EXCLUSIVE_TEST,"assert runtime.telemetry[""h1_r2_reacquisition_observed""] == 1"
tests/test_tracking_h1_r2.py,436,47,h1_r2_is_disabled,RETIRED_PROFILE_EXCLUSIVE_TEST,def test_realtime_fast_path_is_unchanged_when_h1_r2_is_disabled() -> None:
tests/test_tracking_h1_r2.py,440,32,realtime,RETIRED_PROFILE_EXCLUSIVE_TEST,"cfg = TrackingConfig(mode=""realtime"", **REALTIME_FAST_CONFIG)"
tests/test_tracking_h1_r2.py,442,11,h1_r2_hidden_owner_preference,RETIRED_PROFILE_EXCLUSIVE_TEST,apply_h1_r2_hidden_owner_preference(
tests/test_tracking_h1_r2.py,442,24,owner_preference,RETIRED_PROFILE_EXCLUSIVE_TEST,apply_h1_r2_hidden_owner_preference(
tests/test_tracking_h1_r2.py,471,32,realtime,RETIRED_PROFILE_EXCLUSIVE_TEST,"cfg = TrackingConfig(mode=""realtime"", **REALTIME_FAST_H1_R2_CONFIG)"
tests/test_tracking_h1_r2.py,474,32,h1_r2_owner_preference,RETIRED_PROFILE_EXCLUSIVE_TEST,"assert candidate_only == {""h1_r2_owner_preference"": True}"
tests/test_tracking_h1_r2.py,474,38,owner_preference,RETIRED_PROFILE_EXCLUSIVE_TEST,"assert candidate_only == {""h1_r2_owner_preference"": True}"
tests/test_tracking_h1_r2.py,475,38,h1_r2_owner_preference,RETIRED_PROFILE_EXCLUSIVE_TEST,"assert REALTIME_FAST_CONFIG.get(""h1_r2_owner_preference"") is None"
tests/test_tracking_h1_r2.py,475,44,owner_preference,RETIRED_PROFILE_EXCLUSIVE_TEST,"assert REALTIME_FAST_CONFIG.get(""h1_r2_owner_preference"") is None"
tests/test_tracking_h1_r2.py,476,35,realtime,RETIRED_PROFILE_EXCLUSIVE_TEST,"assert PRESENTATION_PROFILES[""realtime""][""eval_config""] == ""realtime_fast"""
tests/test_tracking_h1_r2.py,480,18,h1_r2_combinations_fail_closed,RETIRED_PROFILE_EXCLUSIVE_TEST,def test_invalid_h1_r2_combinations_fail_closed() -> None:
tests/test_tracking_h1_r2.py,482,15,realtime,RETIRED_PROFILE_EXCLUSIVE_TEST,"mode=""realtime"","
tests/test_tracking_h1_r2.py,499,15,h1_r2_hidden_owner_preference,RETIRED_PROFILE_EXCLUSIVE_TEST,apply_h1_r2_hidden_owner_preference(
tests/test_tracking_h1_r2.py,499,28,owner_preference,RETIRED_PROFILE_EXCLUSIVE_TEST,apply_h1_r2_hidden_owner_preference(
tests/test_tracking_h1_r2_design_contract.py,18,18,h1_r2_design_contract,RETIRED_PROFILE_EXCLUSIVE_TEST,"/ ""check_h1_r2_design_contract.py"""
tests/test_tracking_h1_r2_design_contract.py,20,52,h1_r2_checker,RETIRED_PROFILE_EXCLUSIVE_TEST,"spec = importlib.util.spec_from_file_location(""h1_r2_checker"", path)"
tests/test_tracking_h1_r2_design_contract.py,28,17,h1_r2_design_contract_passes,RETIRED_PROFILE_EXCLUSIVE_TEST,def test_frozen_h1_r2_design_contract_passes() -> None:
tests/test_tracking_h1_r2_implementation.py,16,18,h1_r2_implementation,RETIRED_PROFILE_EXCLUSIVE_TEST,"/ ""check_h1_r2_implementation.py"""
tests/test_tracking_h1_r2_implementation.py,19,10,h1_r2_implementation_checker,RETIRED_PROFILE_EXCLUSIVE_TEST,"""h1_r2_implementation_checker"","
tests/test_tracking_h1_r2_implementation.py,29,17,h1_r2_implementation_passes,RETIRED_PROFILE_EXCLUSIVE_TEST,def test_frozen_h1_r2_implementation_passes() -> None:
tests/test_tracking_h1_r2_implementation.py,80,27,owner_preference,RETIRED_PROFILE_EXCLUSIVE_TEST,"invalid = tmp_path / ""owner_preference.py"""
tests/test_tracking_h1_r3_design_contract.py,83,10,owner_preference,SHARED_PRODUCTION_CODE,"""owner_preference_lower_bound_threshold"""
tests/test_tracking_h1_r3_shadow.py,10,55,h1_r3_shadow,RETIRED_PROFILE_EXCLUSIVE_TEST,from pig_behavior.tracking.association import observe_h1_r3_shadow_pairs
tests/test_tracking_h1_r3_shadow.py,13,28,h1_r3_shadow,RETIRED_PROFILE_EXCLUSIVE_TEST,from pig_behavior.tracking.h1_r3_shadow import (
tests/test_tracking_h1_r3_shadow.py,17,12,h1_r3_shadow,RETIRED_PROFILE_EXCLUSIVE_TEST,"decide_h1_r3_shadow,"
tests/test_tracking_h1_r3_shadow.py,19,37,realtime,RETIRED_PROFILE_EXCLUSIVE_TEST,from pig_behavior.tracking.profiles.realtime import REALTIME_FAST_CONFIG
tests/test_tracking_h1_r3_shadow.py,88,23,h1_r3_shadow,RETIRED_PROFILE_EXCLUSIVE_TEST,decision = decide_h1_r3_shadow(
tests/test_tracking_h1_r3_shadow.py,96,21,owner_preference,RETIRED_PROFILE_EXCLUSIVE_TEST,assert decision.owner_preference_lower_bound is not None
tests/test_tracking_h1_r3_shadow.py,97,21,owner_preference,RETIRED_PROFILE_EXCLUSIVE_TEST,assert decision.owner_preference_lower_bound >= H1_R3_SCORE_THRESHOLD
tests/test_tracking_h1_r3_shadow.py,102,23,h1_r3_shadow,RETIRED_PROFILE_EXCLUSIVE_TEST,decision = decide_h1_r3_shadow(
tests/test_tracking_h1_r3_shadow.py,109,21,owner_preference,RETIRED_PROFILE_EXCLUSIVE_TEST,assert decision.owner_preference_lower_bound == pytest.approx(0.5)
tests/test_tracking_h1_r3_shadow.py,116,22,h1_r3_shadow,RETIRED_PROFILE_EXCLUSIVE_TEST,forward = decide_h1_r3_shadow(
tests/test_tracking_h1_r3_shadow.py,121,22,h1_r3_shadow,RETIRED_PROFILE_EXCLUSIVE_TEST,reverse = decide_h1_r3_shadow(
tests/test_tracking_h1_r3_shadow.py,136,23,h1_r3_shadow,RETIRED_PROFILE_EXCLUSIVE_TEST,observed = decide_h1_r3_shadow(
tests/test_tracking_h1_r3_shadow.py,141,22,h1_r3_shadow,RETIRED_PROFILE_EXCLUSIVE_TEST,missing = decide_h1_r3_shadow(
tests/test_tracking_h1_r3_shadow.py,155,17,owner_preference,RETIRED_PROFILE_EXCLUSIVE_TEST,missing.owner_preference_lower_bound
tests/test_tracking_h1_r3_shadow.py,156,21,owner_preference,RETIRED_PROFILE_EXCLUSIVE_TEST,<= observed.owner_preference_lower_bound
tests/test_tracking_h1_r3_shadow.py,162,21,h1_r3_shadow,RETIRED_PROFILE_EXCLUSIVE_TEST,recent = decide_h1_r3_shadow(
tests/test_tracking_h1_r3_shadow.py,167,20,h1_r3_shadow,RETIRED_PROFILE_EXCLUSIVE_TEST,stale = decide_h1_r3_shadow(
tests/test_tracking_h1_r3_shadow.py,174,15,owner_preference,RETIRED_PROFILE_EXCLUSIVE_TEST,stale.owner_preference_lower_bound
tests/test_tracking_h1_r3_shadow.py,175,19,owner_preference,RETIRED_PROFILE_EXCLUSIVE_TEST,<= recent.owner_preference_lower_bound
tests/test_tracking_h1_r3_shadow.py,186,36,h1_r3_shadow,RETIRED_PROFILE_EXCLUSIVE_TEST,runtime = TrackingRuntimeState(h1_r3_shadow_enabled=True)
tests/test_tracking_h1_r3_shadow.py,187,32,realtime,RETIRED_PROFILE_EXCLUSIVE_TEST,"cfg = TrackingConfig(mode=""realtime"", **REALTIME_FAST_CONFIG)"
tests/test_tracking_h1_r3_shadow.py,189,22,h1_r3_shadow,RETIRED_PROFILE_EXCLUSIVE_TEST,result = observe_h1_r3_shadow_pairs(
tests/test_tracking_h1_r3_shadow.py,222,24,h1_r3_shadow,RETIRED_PROFILE_EXCLUSIVE_TEST,assert len(runtime.h1_r3_shadow_candidate_rows) == 1
tests/test_tracking_h1_r3_shadow.py,228,32,realtime,RETIRED_PROFILE_EXCLUSIVE_TEST,"cfg = TrackingConfig(mode=""realtime"", **REALTIME_FAST_CONFIG)"
tests/test_tracking_h1_r3_shadow.py,242,13,h1_r3_shadow,RETIRED_PROFILE_EXCLUSIVE_TEST,observe_h1_r3_shadow_pairs(
tests/test_tracking_h1_r3_shadow.py,249,13,h1_r3_shadow,RETIRED_PROFILE_EXCLUSIVE_TEST,observe_h1_r3_shadow_pairs(
tests/test_tracking_h1_r3_shadow.py,257,21,h1_r3_shadow,RETIRED_PROFILE_EXCLUSIVE_TEST,assert disabled.h1_r3_shadow_candidate_rows == []
tests/test_tracking_h1_r3_shadow_audit.py,16,16,h1_r3_shadow,RETIRED_PROFILE_EXCLUSIVE_TEST,"/ ""run_h1_r3_shadow_support_density.py"""
tests/test_tracking_h1_r3_shadow_audit.py,19,10,h1_r3_shadow,RETIRED_PROFILE_EXCLUSIVE_TEST,"""h1_r3_shadow_support_density"","
tests/test_tracking_h2_cdsp_design_contract.py,202,47,owner_preference,SHARED_PRODUCTION_CODE,"payload[""association_consumer_contract""][""owner_preference_score""] = True"
tests/test_tracking_h2_cdsp_shadow.py,13,28,h2_cdsp_shadow,RETIRED_PROFILE_EXCLUSIVE_TEST,from pig_behavior.tracking.h2_cdsp_shadow import (
tests/test_tracking_h2_cdsp_shadow.py,16,13,h2_cdsp_shadow,RETIRED_PROFILE_EXCLUSIVE_TEST,"observe_h2_cdsp_shadow,"
tests/test_tracking_h2_cdsp_shadow.py,114,22,h2_cdsp_shadow,RETIRED_PROFILE_EXCLUSIVE_TEST,result = observe_h2_cdsp_shadow(
tests/test_tracking_h2_cdsp_shadow.py,122,20,h2_shadow_transition_rows,RETIRED_PROFILE_EXCLUSIVE_TEST,assert runtime.h2_shadow_transition_rows == []
tests/test_tracking_h2_cdsp_shadow.py,133,36,h2_shadow_enabled,RETIRED_PROFILE_EXCLUSIVE_TEST,runtime = TrackingRuntimeState(h2_shadow_enabled=True)
tests/test_tracking_h2_cdsp_shadow.py,137,13,h2_cdsp_shadow,RETIRED_PROFILE_EXCLUSIVE_TEST,observe_h2_cdsp_shadow(
tests/test_tracking_h2_cdsp_shadow.py,149,13,h2_cdsp_shadow,RETIRED_PROFILE_EXCLUSIVE_TEST,observe_h2_cdsp_shadow(
tests/test_tracking_h2_cdsp_shadow.py,158,19,h2_shadow_transition_rows,RETIRED_PROFILE_EXCLUSIVE_TEST,row = runtime.h2_shadow_transition_rows[-1]
tests/test_tracking_h2_cdsp_shadow.py,162,31,h2_shadow_dropout_entries,RETIRED_PROFILE_EXCLUSIVE_TEST,"assert runtime.telemetry[""h2_shadow_dropout_entries""] == 1"
tests/test_tracking_h2_cdsp_shadow.py,167,36,h2_shadow_enabled,RETIRED_PROFILE_EXCLUSIVE_TEST,runtime = TrackingRuntimeState(h2_shadow_enabled=True)
tests/test_tracking_h2_cdsp_shadow.py,169,13,h2_cdsp_shadow,RETIRED_PROFILE_EXCLUSIVE_TEST,observe_h2_cdsp_shadow(
tests/test_tracking_h2_cdsp_shadow.py,177,13,h2_cdsp_shadow,RETIRED_PROFILE_EXCLUSIVE_TEST,observe_h2_cdsp_shadow(
tests/test_tracking_h2_cdsp_shadow.py,185,21,h2_shadow_track_states,RETIRED_PROFILE_EXCLUSIVE_TEST,state = runtime.h2_shadow_track_states[1]
tests/test_tracking_h2_cdsp_shadow.py,188,31,h2_shadow_visible_confirmed_tracks,RETIRED_PROFILE_EXCLUSIVE_TEST,"assert runtime.telemetry[""h2_shadow_visible_confirmed_tracks""] == 1"
tests/test_tracking_h2_cdsp_shadow.py,193,36,h2_shadow_enabled,RETIRED_PROFILE_EXCLUSIVE_TEST,runtime = TrackingRuntimeState(h2_shadow_enabled=True)
tests/test_tracking_h2_cdsp_shadow.py,195,13,h2_cdsp_shadow,RETIRED_PROFILE_EXCLUSIVE_TEST,observe_h2_cdsp_shadow(
tests/test_tracking_h2_cdsp_shadow.py,203,13,h2_cdsp_shadow,RETIRED_PROFILE_EXCLUSIVE_TEST,observe_h2_cdsp_shadow(
tests/test_tracking_h2_cdsp_shadow.py,211,13,h2_cdsp_shadow,RETIRED_PROFILE_EXCLUSIVE_TEST,observe_h2_cdsp_shadow(
tests/test_tracking_h2_cdsp_shadow.py,219,19,h2_shadow_transition_rows,RETIRED_PROFILE_EXCLUSIVE_TEST,row = runtime.h2_shadow_transition_rows[-1]
tests/test_tracking_h2_cdsp_shadow.py,225,31,h2_shadow_reentry_opportunities,RETIRED_PROFILE_EXCLUSIVE_TEST,"assert runtime.telemetry[""h2_shadow_reentry_opportunities""] == 1"
tests/test_tracking_h2_cdsp_shadow.py,226,31,h2_shadow_states_surviving_to_reentry,RETIRED_PROFILE_EXCLUSIVE_TEST,"assert runtime.telemetry[""h2_shadow_states_surviving_to_reentry""] == 1"
tests/test_tracking_h2_cdsp_shadow.py,227,31,h2_shadow_extra_usable_state_at_reentry,RETIRED_PROFILE_EXCLUSIVE_TEST,"assert runtime.telemetry[""h2_shadow_extra_usable_state_at_reentry""] == 0"
tests/test_tracking_h2_cdsp_shadow.py,231,36,h2_shadow_enabled,RETIRED_PROFILE_EXCLUSIVE_TEST,runtime = TrackingRuntimeState(h2_shadow_enabled=True)
tests/test_tracking_h2_cdsp_shadow.py,234,28,h2_shadow_stage_calls,RETIRED_PROFILE_EXCLUSIVE_TEST,"del runtime.telemetry[""h2_shadow_stage_calls""]"
tests/test_tracking_improvements.py,128,15,realtime,RETIRED_PROFILE_EXCLUSIVE_TEST,"mode=""realtime"","
tests/test_tracking_improvements.py,204,15,realtime,RETIRED_PROFILE_EXCLUSIVE_TEST,"mode=""realtime"","
tests/test_tracking_improvements.py,338,15,realtime,RETIRED_PROFILE_EXCLUSIVE_TEST,"mode=""realtime"","
tests/test_tracking_improvements.py,699,15,realtime,RETIRED_PROFILE_EXCLUSIVE_TEST,"mode=""realtime"","
tests/test_tracking_improvements.py,1010,15,realtime,RETIRED_PROFILE_EXCLUSIVE_TEST,"mode=""realtime"","
tests/test_tracking_improvements.py,1030,15,realtime,RETIRED_PROFILE_EXCLUSIVE_TEST,"mode=""realtime"","
tests/test_tracking_improvements.py,1162,32,realtime,RETIRED_PROFILE_EXCLUSIVE_TEST,"cfg = TrackingConfig(mode=""realtime"", max_missing_frames=30)"
tests/test_tracking_improvements.py,1183,32,realtime,RETIRED_PROFILE_EXCLUSIVE_TEST,"cfg = TrackingConfig(mode=""realtime"")"
tests/test_tracking_improvements.py,2041,15,realtime,RETIRED_PROFILE_EXCLUSIVE_TEST,"mode=""realtime"","
tests/test_tracking_profiles.py,10,37,realtime,RETIRED_PROFILE_EXCLUSIVE_TEST,from pig_behavior.tracking.profiles.realtime import (
tests/test_tracking_profiles.py,18,35,realtime,RETIRED_PROFILE_EXCLUSIVE_TEST,"assert PRESENTATION_PROFILES[""realtime""][""mode""] == ""realtime"""
tests/test_tracking_profiles.py,18,58,realtime,RETIRED_PROFILE_EXCLUSIVE_TEST,"assert PRESENTATION_PROFILES[""realtime""][""mode""] == ""realtime"""
tests/test_tracking_profiles.py,19,35,realtime_balanced,RETIRED_PROFILE_EXCLUSIVE_TEST,"assert PRESENTATION_PROFILES[""realtime_balanced""][""mode""] == ""realtime"""
tests/test_tracking_profiles.py,19,67,realtime,RETIRED_PROFILE_EXCLUSIVE_TEST,"assert PRESENTATION_PROFILES[""realtime_balanced""][""mode""] == ""realtime"""
tests/test_tracking_profiles.py,23,35,realtime,RETIRED_PROFILE_EXCLUSIVE_TEST,"assert PRESENTATION_PROFILES[""realtime""][""eval_config""] == ""realtime_fast"""
tests/test_tracking_profiles.py,25,32,realtime_fast_h1_r2,RETIRED_PROFILE_EXCLUSIVE_TEST,"PRESENTATION_PROFILES[""realtime_fast_h1_r2""][""eval_config""]"
tests/test_tracking_profiles.py,26,13,realtime_fast_h1_r2,RETIRED_PROFILE_EXCLUSIVE_TEST,"== ""realtime_fast_h1_r2"""
tests/test_tracking_profiles.py,28,35,realtime_balanced,RETIRED_PROFILE_EXCLUSIVE_TEST,"assert PRESENTATION_PROFILES[""realtime_balanced""][""eval_config""] == ""realtime_balanced"""
tests/test_tracking_profiles.py,28,74,realtime_balanced,RETIRED_PROFILE_EXCLUSIVE_TEST,"assert PRESENTATION_PROFILES[""realtime_balanced""][""eval_config""] == ""realtime_balanced"""
tests/test_tracking_profiles.py,32,10,h1_r2_profile_is_an_opt_in_realtime_fast_extension,RETIRED_PROFILE_EXCLUSIVE_TEST,def test_h1_r2_profile_is_an_opt_in_realtime_fast_extension(
tests/test_tracking_profiles.py,37,10,h1_r2_owner_preference,RETIRED_PROFILE_EXCLUSIVE_TEST,"""h1_r2_owner_preference"","
tests/test_tracking_profiles.py,37,16,owner_preference,RETIRED_PROFILE_EXCLUSIVE_TEST,"""h1_r2_owner_preference"","
tests/test_tracking_profiles.py,41,40,h1_r2_owner_preference,RETIRED_PROFILE_EXCLUSIVE_TEST,"assert REALTIME_FAST_H1_R2_CONFIG[""h1_r2_owner_preference""] is True"
tests/test_tracking_profiles.py,41,46,owner_preference,RETIRED_PROFILE_EXCLUSIVE_TEST,"assert REALTIME_FAST_H1_R2_CONFIG[""h1_r2_owner_preference""] is True"
tests/test_tracking_profiles.py,42,13,h1_r2_owner_preference,RETIRED_PROFILE_EXCLUSIVE_TEST,"assert ""h1_r2_owner_preference"" not in REALTIME_FAST_CONFIG"
tests/test_tracking_profiles.py,42,19,owner_preference,RETIRED_PROFILE_EXCLUSIVE_TEST,"assert ""h1_r2_owner_preference"" not in REALTIME_FAST_CONFIG"
tests/test_tracking_profiles.py,44,40,realtime_fast_h1_r2,RETIRED_PROFILE_EXCLUSIVE_TEST,"candidate = EVAL_CONFIG_OVERRIDES[""realtime_fast_h1_r2""]"
tests/test_tracking_profiles.py,50,15,realtime,RETIRED_PROFILE_EXCLUSIVE_TEST,"mode=""realtime"","
tests/test_tracking_profiles.py,61,35,realtime,RETIRED_PROFILE_EXCLUSIVE_TEST,"assert PRESENTATION_PROFILES[""realtime""][""eval_config""] == ""realtime_fast"""
tests/test_tracking_profiles.py,67,5,realtime_balanced,RETIRED_PROFILE_EXCLUSIVE_TEST,"realtime_balanced = EVAL_CONFIG_OVERRIDES[""realtime_balanced""]"
tests/test_tracking_profiles.py,67,48,realtime_balanced,RETIRED_PROFILE_EXCLUSIVE_TEST,"realtime_balanced = EVAL_CONFIG_OVERRIDES[""realtime_balanced""]"
tests/test_tracking_profiles.py,68,5,realtime,RETIRED_PROFILE_EXCLUSIVE_TEST,"realtime = EVAL_CONFIG_OVERRIDES[""realtime_quality_delayed""]"
tests/test_tracking_profiles.py,68,39,realtime_quality_delayed,RETIRED_PROFILE_EXCLUSIVE_TEST,"realtime = EVAL_CONFIG_OVERRIDES[""realtime_quality_delayed""]"
tests/test_tracking_profiles.py,75,29,realtime_balanced,RETIRED_PROFILE_EXCLUSIVE_TEST,"for non_hybrid in (raw, realtime_balanced, realtime):"
tests/test_tracking_profiles.py,75,48,realtime,RETIRED_PROFILE_EXCLUSIVE_TEST,"for non_hybrid in (raw, realtime_balanced, realtime):"
tests/test_tracking_profiles.py,116,48,realtime_balanced,RETIRED_PROFILE_EXCLUSIVE_TEST,"assert ""realtime_lk_point_batching"" not in realtime_balanced"
tests/test_tracking_profiles.py,117,48,realtime,RETIRED_PROFILE_EXCLUSIVE_TEST,"assert ""realtime_lk_point_batching"" not in realtime"
tests/test_tracking_profiles.py,119,12,realtime_balanced,RETIRED_PROFILE_EXCLUSIVE_TEST,"assert realtime_balanced[""causal_hidden_detection_reservation""] is True"
tests/test_tracking_profiles.py,120,12,realtime_balanced,RETIRED_PROFILE_EXCLUSIVE_TEST,"assert realtime_balanced[""causal_hidden_detection_reservation_min_iom""] == 0.96"
tests/test_tracking_profiles.py,121,12,realtime_balanced,RETIRED_PROFILE_EXCLUSIVE_TEST,"assert realtime_balanced[""causal_hidden_detection_reservation_min_gain""] == 0.17"
tests/test_tracking_profiles.py,123,9,realtime_balanced,RETIRED_PROFILE_EXCLUSIVE_TEST,realtime_balanced[
tests/test_tracking_profiles.py,129,9,realtime_balanced,RETIRED_PROFILE_EXCLUSIVE_TEST,realtime_balanced[
tests/test_tracking_profiles.py,135,9,realtime_balanced,RETIRED_PROFILE_EXCLUSIVE_TEST,"realtime_balanced[""causal_hidden_detection_reservation_hold_min_gain""]"
tests/test_tracking_profiles.py,139,12,realtime,RETIRED_PROFILE_EXCLUSIVE_TEST,"assert realtime[""enable_offline_smoothing""] is False"
tests/test_tracking_profiles.py,140,12,realtime,RETIRED_PROFILE_EXCLUSIVE_TEST,"assert realtime[""causal_hidden_detection_reservation""] is False"
tests/test_tracking_profiles.py,141,12,realtime,RETIRED_PROFILE_EXCLUSIVE_TEST,"assert realtime[""causal_hidden_detection_reservation_min_iom""] == 0.55"
tests/test_tracking_profiles.py,142,12,realtime,RETIRED_PROFILE_EXCLUSIVE_TEST,"assert realtime[""causal_hidden_detection_reservation_min_gain""] == 0.08"
tests/test_tracking_profiles.py,143,12,realtime,RETIRED_PROFILE_EXCLUSIVE_TEST,"assert realtime[""causal_hidden_detection_reservation_max_alternative_cost""] == 0.78"
tests/test_tracking_profiles.py,144,12,realtime,RETIRED_PROFILE_EXCLUSIVE_TEST,"assert realtime[""causal_hidden_detection_reservation_allow_visible_hold""] is False"
tests/test_tracking_profiles.py,145,12,realtime,RETIRED_PROFILE_EXCLUSIVE_TEST,"assert realtime[""causal_hidden_detection_reservation_hold_min_gain""] == 0.10"
tests/test_tracking_profiles.py,146,12,realtime,RETIRED_PROFILE_EXCLUSIVE_TEST,"assert realtime[""realtime_motion_pair_stabilizer""] is True"
tests/test_tracking_profiles.py,147,12,realtime,RETIRED_PROFILE_EXCLUSIVE_TEST,"assert realtime[""realtime_motion_pair_simple_min_gain""] == 0.003"
tests/test_tracking_profiles.py,175,41,realtime,RETIRED_PROFILE_EXCLUSIVE_TEST,"profile = get_presentation_profile(""realtime"")"
tests/test_tracking_profiles.py,178,35,realtime,RETIRED_PROFILE_EXCLUSIVE_TEST,"assert PRESENTATION_PROFILES[""realtime""][""mode""] == ""realtime"""
tests/test_tracking_profiles.py,178,58,realtime,RETIRED_PROFILE_EXCLUSIVE_TEST,"assert PRESENTATION_PROFILES[""realtime""][""mode""] == ""realtime"""
tests/test_tracking_profiles.py,231,10,realtime,RETIRED_PROFILE_EXCLUSIVE_TEST,"""realtime"","
tests/test_tracking_profiles.py,249,28,realtime_balanced,RETIRED_PROFILE_EXCLUSIVE_TEST,"""realtime_fast,realtime_balanced,realtime_quality_delayed"","
tests/test_tracking_profiles.py,249,46,realtime_quality_delayed,RETIRED_PROFILE_EXCLUSIVE_TEST,"""realtime_fast,realtime_balanced,realtime_quality_delayed"","
tests/test_tracking_profiles.py,257,10,realtime_balanced,RETIRED_PROFILE_EXCLUSIVE_TEST,"""realtime_balanced"","
tests/test_tracking_profiles.py,258,10,realtime_quality_delayed,RETIRED_PROFILE_EXCLUSIVE_TEST,"""realtime_quality_delayed"","
tests/test_tracking_profiles.py,293,10,realtime_quality_delayed,RETIRED_PROFILE_EXCLUSIVE_TEST,"""realtime_quality_delayed"","
tests/test_tracking_profiles.py,294,10,realtime,RETIRED_PROFILE_EXCLUSIVE_TEST,"""realtime"","
tests/test_tracking_profiles.py,295,10,realtime_quality_delayed,RETIRED_PROFILE_EXCLUSIVE_TEST,"""realtime_quality_delayed"","
tests/test_tracking_profiles.py,296,33,realtime_quality_delayed,RETIRED_PROFILE_EXCLUSIVE_TEST,"module.get_eval_config(""realtime_quality_delayed""),"
tests/test_tracking_profiles.py,299,42,realtime_quality_delayed,RETIRED_PROFILE_EXCLUSIVE_TEST,"assert metadata[""baseline_role""] == ""realtime_quality_delayed_candidate"""
tests/test_tracking_profiles.py,313,41,realtime_quality_delayed,RETIRED_PROFILE_EXCLUSIVE_TEST,"overrides = module.get_eval_config(""realtime_quality_delayed"")"
tests/test_tracking_profiles.py,317,10,realtime_quality_delayed,RETIRED_PROFILE_EXCLUSIVE_TEST,"""realtime_quality_delayed"","
tests/test_tracking_profiles.py,318,10,realtime,RETIRED_PROFILE_EXCLUSIVE_TEST,"""realtime"","
tests/test_tracking_profiles.py,319,10,realtime_quality_delayed,RETIRED_PROFILE_EXCLUSIVE_TEST,"""realtime_quality_delayed"","
tests/test_tracking_profiles.py,377,31,realtime,RETIRED_PROFILE_EXCLUSIVE_TEST,"metrics_dir = tmp_path / ""realtime"" / ""realtime_quality_delayed"" / ""iou0_area0_condarea0_merge0"""
tests/test_tracking_profiles.py,377,44,realtime_quality_delayed,RETIRED_PROFILE_EXCLUSIVE_TEST,"metrics_dir = tmp_path / ""realtime"" / ""realtime_quality_delayed"" / ""iou0_area0_condarea0_merge0"""
tests/test_tracking_profiles.py,406,14,realtime,RETIRED_PROFILE_EXCLUSIVE_TEST,"""realtime"": {"
tests/test_tracking_profiles.py,407,35,realtime,RETIRED_PROFILE_EXCLUSIVE_TEST,"""tracking_mode"": ""realtime"","
tests/test_tracking_profiles.py,408,33,realtime_quality_delayed,RETIRED_PROFILE_EXCLUSIVE_TEST,"""eval_config"": ""realtime_quality_delayed"","
tests/test_tracking_profiles.py,409,35,realtime_quality_delayed,RETIRED_PROFILE_EXCLUSIVE_TEST,"""baseline_role"": ""realtime_quality_delayed_candidate"","
tests/test_tracking_profiles.py,419,14,realtime,RETIRED_PROFILE_EXCLUSIVE_TEST,"""realtime"": {"
tests/test_tracking_profiles.py,429,14,realtime,RETIRED_PROFILE_EXCLUSIVE_TEST,"""realtime"": {"
tests/test_tracking_profiles.py,430,35,realtime,RETIRED_PROFILE_EXCLUSIVE_TEST,"""tracking_mode"": ""realtime"","
tests/test_tracking_profiles.py,431,33,realtime_quality_delayed,RETIRED_PROFILE_EXCLUSIVE_TEST,"""eval_config"": ""realtime_quality_delayed"","
tests/test_tracking_profiles.py,432,35,realtime_quality_delayed,RETIRED_PROFILE_EXCLUSIVE_TEST,"""baseline_role"": ""realtime_quality_delayed_candidate"","
tests/test_tracking_profiles.py,437,14,realtime,RETIRED_PROFILE_EXCLUSIVE_TEST,"""realtime"": {"
tests/test_tracking_profiles.py,455,13,realtime,RETIRED_PROFILE_EXCLUSIVE_TEST,"assert ""realtime,realtime_quality_delayed_candidate,short_delay_realtime"" in summary"
tests/test_tracking_profiles.py,455,22,realtime_quality_delayed,RETIRED_PROFILE_EXCLUSIVE_TEST,"assert ""realtime,realtime_quality_delayed_candidate,short_delay_realtime"" in summary"
tests/test_tracking_profiles.py,459,10,realtime,RETIRED_PROFILE_EXCLUSIVE_TEST,"""realtime,realtime_quality_delayed_candidate,short_delay_realtime,"""
tests/test_tracking_profiles.py,459,19,realtime_quality_delayed,RETIRED_PROFILE_EXCLUSIVE_TEST,"""realtime,realtime_quality_delayed_candidate,short_delay_realtime,"""
tests/test_tracking_profiles.py,460,10,realtime,RETIRED_PROFILE_EXCLUSIVE_TEST,"""realtime,realtime_quality_delayed,ok,0,30.0000"" in runtime_summary"
tests/test_tracking_profiles.py,460,19,realtime_quality_delayed,RETIRED_PROFILE_EXCLUSIVE_TEST,"""realtime,realtime_quality_delayed,ok,0,30.0000"" in runtime_summary"
tests/test_tracking_profiles.py,465,13,realtime,RETIRED_PROFILE_EXCLUSIVE_TEST,"assert ""realtime,realtime_quality_delayed_candidate,short_delay_realtime"" in scientific_summary"
tests/test_tracking_profiles.py,465,22,realtime_quality_delayed,RETIRED_PROFILE_EXCLUSIVE_TEST,"assert ""realtime,realtime_quality_delayed_candidate,short_delay_realtime"" in scientific_summary"
tests/test_tracking_repeatability.py,116,16,realtime,RETIRED_PROFILE_EXCLUSIVE_TEST,"/ ""realtime"""
tests/test_tracking_repeatability.py,210,39,realtime,RETIRED_PROFILE_EXCLUSIVE_TEST,"json.dumps({""tracking_mode"": ""realtime""}),"
tests/test_tracking_repeatability.py,216,27,realtime,RETIRED_PROFILE_EXCLUSIVE_TEST,"""tracking_mode"": ""realtime"","
tests/test_tracking_telemetry.py,26,37,realtime,RETIRED_PROFILE_EXCLUSIVE_TEST,from pig_behavior.tracking.profiles.realtime import (
tests/test_tracking_telemetry.py,121,15,realtime,RETIRED_PROFILE_EXCLUSIVE_TEST,"mode=""realtime"","
tests/test_tracking_telemetry.py,246,10,h1_r2_integer_telemetry_survives_canonical_summary,RETIRED_PROFILE_EXCLUSIVE_TEST,def test_h1_r2_integer_telemetry_survives_canonical_summary() -> None:
tests/test_tracking_telemetry.py,318,32,realtime,RETIRED_PROFILE_EXCLUSIVE_TEST,"cfg = TrackingConfig(mode=""realtime"")"
tests/test_tracking_telemetry.py,379,15,realtime,RETIRED_PROFILE_EXCLUSIVE_TEST,"mode=""realtime"","
tests/test_tracking_telemetry.py,423,15,realtime,RETIRED_PROFILE_EXCLUSIVE_TEST,"mode=""realtime"","
tests/test_tracking_telemetry.py,428,15,realtime,RETIRED_PROFILE_EXCLUSIVE_TEST,"mode=""realtime"","
tests/test_tracking_telemetry.py,491,33,realtime,RETIRED_PROFILE_EXCLUSIVE_TEST,"fast = TrackingConfig(mode=""realtime"", **REALTIME_FAST_CONFIG)"
tests/test_tracking_telemetry.py,492,37,realtime,RETIRED_PROFILE_EXCLUSIVE_TEST,"balanced = TrackingConfig(mode=""realtime"", **REALTIME_BALANCED_CONFIG)"
tests/test_tracking_telemetry.py,493,36,realtime,RETIRED_PROFILE_EXCLUSIVE_TEST,"quality = TrackingConfig(mode=""realtime"", **REALTIME_QUALITY_DELAYED_CONFIG)"
tests/test_tracking_telemetry.py,530,32,realtime,RETIRED_PROFILE_EXCLUSIVE_TEST,"cfg = TrackingConfig(mode=""realtime"", **profile)"
tests/test_tracking_telemetry.py,564,15,realtime,RETIRED_PROFILE_EXCLUSIVE_TEST,"mode=""realtime"","
