record_type,source_video_key,sample_id,legacy_bursts_before_filter,legacy_bursts_excluded,legacy_bursts_retained,current_pooled_legacy_rows,downstream_artifact,downstream_sha256,status
cvat_source_video,pigs281119/000085,,8,8,0,0,E:\PigProjectStorage\PIG_Behavior_Project\outputs\legacy_16f_rebuild\legacy_16f_rebuild_20260718_v2\02_video_policy\nodup\old_burst_center_keyframes_nodup_videos.csv,391ad8602c5615c5b639ca3655459844253a22e5b6c1e8e93c6fb5157ca79dba,OVERLAP_EXCLUDED
cvat_source_video,pigs281119/000114,,8,8,0,0,E:\PigProjectStorage\PIG_Behavior_Project\outputs\legacy_16f_rebuild\legacy_16f_rebuild_20260718_v2\02_video_policy\nodup\old_burst_center_keyframes_nodup_videos.csv,391ad8602c5615c5b639ca3655459844253a22e5b6c1e8e93c6fb5157ca79dba,OVERLAP_EXCLUDED
cvat_source_video,pigs291119/000216,,8,8,0,0,E:\PigProjectStorage\PIG_Behavior_Project\outputs\legacy_16f_rebuild\legacy_16f_rebuild_20260718_v2\02_video_policy\nodup\old_burst_center_keyframes_nodup_videos.csv,391ad8602c5615c5b639ca3655459844253a22e5b6c1e8e93c6fb5157ca79dba,OVERLAP_EXCLUDED
cvat_source_video,pigs291119/000225,,8,8,0,0,E:\PigProjectStorage\PIG_Behavior_Project\outputs\legacy_16f_rebuild\legacy_16f_rebuild_20260718_v2\02_video_policy\nodup\old_burst_center_keyframes_nodup_videos.csv,391ad8602c5615c5b639ca3655459844253a22e5b6c1e8e93c6fb5157ca79dba,OVERLAP_EXCLUDED
cvat_source_video,pigs291119/000226,,7,7,0,0,E:\PigProjectStorage\PIG_Behavior_Project\outputs\legacy_16f_rebuild\legacy_16f_rebuild_20260718_v2\02_video_policy\nodup\old_burst_center_keyframes_nodup_videos.csv,391ad8602c5615c5b639ca3655459844253a22e5b6c1e8e93c6fb5157ca79dba,OVERLAP_EXCLUDED
cvat_source_video,pigs291119/000231,,8,8,0,0,E:\PigProjectStorage\PIG_Behavior_Project\outputs\legacy_16f_rebuild\legacy_16f_rebuild_20260718_v2\02_video_policy\nodup\old_burst_center_keyframes_nodup_videos.csv,391ad8602c5615c5b639ca3655459844253a22e5b6c1e8e93c6fb5157ca79dba,OVERLAP_EXCLUDED
cvat_source_video,pigs291119/000233,,8,8,0,0,E:\PigProjectStorage\PIG_Behavior_Project\outputs\legacy_16f_rebuild\legacy_16f_rebuild_20260718_v2\02_video_policy\nodup\old_burst_center_keyframes_nodup_videos.csv,391ad8602c5615c5b639ca3655459844253a22e5b6c1e8e93c6fb5157ca79dba,OVERLAP_EXCLUDED
cvat_source_video,pigs291119/000302,,0,0,0,0,E:\PigProjectStorage\PIG_Behavior_Project\outputs\legacy_16f_rebuild\legacy_16f_rebuild_20260718_v2\02_video_policy\nodup\old_burst_center_keyframes_nodup_videos.csv,391ad8602c5615c5b639ca3655459844253a22e5b6c1e8e93c6fb5157ca79dba,NO_LEGACY_ROW
cvat_source_video,pigs301119/000327,,0,0,0,0,E:\PigProjectStorage\PIG_Behavior_Project\outputs\legacy_16f_rebuild\legacy_16f_rebuild_20260718_v2\02_video_policy\nodup\old_burst_center_keyframes_nodup_videos.csv,391ad8602c5615c5b639ca3655459844253a22e5b6c1e8e93c6fb5157ca79dba,NO_LEGACY_ROW
cvat_source_video,pigs301119/000328,,0,0,0,0,E:\PigProjectStorage\PIG_Behavior_Project\outputs\legacy_16f_rebuild\legacy_16f_rebuild_20260718_v2\02_video_policy\nodup\old_burst_center_keyframes_nodup_videos.csv,391ad8602c5615c5b639ca3655459844253a22e5b6c1e8e93c6fb5157ca79dba,NO_LEGACY_ROW
cvat_source_video,pigs301119/000329,,0,0,0,0,E:\PigProjectStorage\PIG_Behavior_Project\outputs\legacy_16f_rebuild\legacy_16f_rebuild_20260718_v2\02_video_policy\nodup\old_burst_center_keyframes_nodup_videos.csv,391ad8602c5615c5b639ca3655459844253a22e5b6c1e8e93c6fb5157ca79dba,NO_LEGACY_ROW
cvat_source_video,pigs301119/000330,,0,0,0,0,E:\PigProjectStorage\PIG_Behavior_Project\outputs\legacy_16f_rebuild\legacy_16f_rebuild_20260718_v2\02_video_policy\nodup\old_burst_center_keyframes_nodup_videos.csv,391ad8602c5615c5b639ca3655459844253a22e5b6c1e8e93c6fb5157ca79dba,NO_LEGACY_ROW
overlapping_source_video,pigs281119/000085,,8,8,0,0,E:\PigProjectStorage\PIG_Behavior_Project\outputs\legacy_16f_rebuild\legacy_16f_rebuild_20260718_v2\02_video_policy\nodup\old_burst_center_keyframes_nodup_videos.csv,391ad8602c5615c5b639ca3655459844253a22e5b6c1e8e93c6fb5157ca79dba,EXCLUDED
overlapping_source_video,pigs281119/000114,,8,8,0,0,E:\PigProjectStorage\PIG_Behavior_Project\outputs\legacy_16f_rebuild\legacy_16f_rebuild_20260718_v2\02_video_policy\nodup\old_burst_center_keyframes_nodup_videos.csv,391ad8602c5615c5b639ca3655459844253a22e5b6c1e8e93c6fb5157ca79dba,EXCLUDED
overlapping_source_video,pigs291119/000216,,8,8,0,0,E:\PigProjectStorage\PIG_Behavior_Project\outputs\legacy_16f_rebuild\legacy_16f_rebuild_20260718_v2\02_video_policy\nodup\old_burst_center_keyframes_nodup_videos.csv,391ad8602c5615c5b639ca3655459844253a22e5b6c1e8e93c6fb5157ca79dba,EXCLUDED
overlapping_source_video,pigs291119/000225,,8,8,0,0,E:\PigProjectStorage\PIG_Behavior_Project\outputs\legacy_16f_rebuild\legacy_16f_rebuild_20260718_v2\02_video_policy\nodup\old_burst_center_keyframes_nodup_videos.csv,391ad8602c5615c5b639ca3655459844253a22e5b6c1e8e93c6fb5157ca79dba,EXCLUDED
overlapping_source_video,pigs291119/000226,,7,7,0,0,E:\PigProjectStorage\PIG_Behavior_Project\outputs\legacy_16f_rebuild\legacy_16f_rebuild_20260718_v2\02_video_policy\nodup\old_burst_center_keyframes_nodup_videos.csv,391ad8602c5615c5b639ca3655459844253a22e5b6c1e8e93c6fb5157ca79dba,EXCLUDED
overlapping_source_video,pigs291119/000231,,8,8,0,0,E:\PigProjectStorage\PIG_Behavior_Project\outputs\legacy_16f_rebuild\legacy_16f_rebuild_20260718_v2\02_video_policy\nodup\old_burst_center_keyframes_nodup_videos.csv,391ad8602c5615c5b639ca3655459844253a22e5b6c1e8e93c6fb5157ca79dba,EXCLUDED
overlapping_source_video,pigs291119/000233,,8,8,0,0,E:\PigProjectStorage\PIG_Behavior_Project\outputs\legacy_16f_rebuild\legacy_16f_rebuild_20260718_v2\02_video_policy\nodup\old_burst_center_keyframes_nodup_videos.csv,391ad8602c5615c5b639ca3655459844253a22e5b6c1e8e93c6fb5157ca79dba,EXCLUDED
excluded_legacy_burst,pigs291119/000233,burst_color_137f3ef2_8500_ID_1,1,1,0,0,E:\PigProjectStorage\PIG_Behavior_Project\outputs\legacy_16f_rebuild\legacy_16f_rebuild_20260718_v2\02_video_policy\nodup\old_burst_center_keyframes_nodup_videos.csv,391ad8602c5615c5b639ca3655459844253a22e5b6c1e8e93c6fb5157ca79dba,ABSENT_FROM_ALL_FILTERED_INPUTS
excluded_legacy_burst,pigs291119/000233,burst_color_137f3ef2_8500_ID_2,1,1,0,0,E:\PigProjectStorage\PIG_Behavior_Project\outputs\legacy_16f_rebuild\legacy_16f_rebuild_20260718_v2\02_video_policy\nodup\old_burst_center_keyframes_nodup_videos.csv,391ad8602c5615c5b639ca3655459844253a22e5b6c1e8e93c6fb5157ca79dba,ABSENT_FROM_ALL_FILTERED_INPUTS
excluded_legacy_burst,pigs291119/000233,burst_color_137f3ef2_8500_ID_3,1,1,0,0,E:\PigProjectStorage\PIG_Behavior_Project\outputs\legacy_16f_rebuild\legacy_16f_rebuild_20260718_v2\02_video_policy\nodup\old_burst_center_keyframes_nodup_videos.csv,391ad8602c5615c5b639ca3655459844253a22e5b6c1e8e93c6fb5157ca79dba,ABSENT_FROM_ALL_FILTERED_INPUTS
excluded_legacy_burst,pigs291119/000233,burst_color_137f3ef2_8500_ID_4,1,1,0,0,E:\PigProjectStorage\PIG_Behavior_Project\outputs\legacy_16f_rebuild\legacy_16f_rebuild_20260718_v2\02_video_policy\nodup\old_burst_center_keyframes_nodup_videos.csv,391ad8602c5615c5b639ca3655459844253a22e5b6c1e8e93c6fb5157ca79dba,ABSENT_FROM_ALL_FILTERED_INPUTS
excluded_legacy_burst,pigs291119/000233,burst_color_137f3ef2_8500_ID_5,1,1,0,0,E:\PigProjectStorage\PIG_Behavior_Project\outputs\legacy_16f_rebuild\legacy_16f_rebuild_20260718_v2\02_video_policy\nodup\old_burst_center_keyframes_nodup_videos.csv,391ad8602c5615c5b639ca3655459844253a22e5b6c1e8e93c6fb5157ca79dba,ABSENT_FROM_ALL_FILTERED_INPUTS
excluded_legacy_burst,pigs291119/000233,burst_color_137f3ef2_8500_ID_6,1,1,0,0,E:\PigProjectStorage\PIG_Behavior_Project\outputs\legacy_16f_rebuild\legacy_16f_rebuild_20260718_v2\02_video_policy\nodup\old_burst_center_keyframes_nodup_videos.csv,391ad8602c5615c5b639ca3655459844253a22e5b6c1e8e93c6fb5157ca79dba,ABSENT_FROM_ALL_FILTERED_INPUTS
excluded_legacy_burst,pigs291119/000233,burst_color_137f3ef2_8500_ID_7,1,1,0,0,E:\PigProjectStorage\PIG_Behavior_Project\outputs\legacy_16f_rebuild\legacy_16f_rebuild_20260718_v2\02_video_policy\nodup\old_burst_center_keyframes_nodup_videos.csv,391ad8602c5615c5b639ca3655459844253a22e5b6c1e8e93c6fb5157ca79dba,ABSENT_FROM_ALL_FILTERED_INPUTS
excluded_legacy_burst,pigs291119/000233,burst_color_137f3ef2_8500_ID_8,1,1,0,0,E:\PigProjectStorage\PIG_Behavior_Project\outputs\legacy_16f_rebuild\legacy_16f_rebuild_20260718_v2\02_video_policy\nodup\old_burst_center_keyframes_nodup_videos.csv,391ad8602c5615c5b639ca3655459844253a22e5b6c1e8e93c6fb5157ca79dba,ABSENT_FROM_ALL_FILTERED_INPUTS
excluded_legacy_burst,pigs291119/000231,burst_color_1ec47b87_14233_ID_1,1,1,0,0,E:\PigProjectStorage\PIG_Behavior_Project\outputs\legacy_16f_rebuild\legacy_16f_rebuild_20260718_v2\02_video_policy\nodup\old_burst_center_keyframes_nodup_videos.csv,391ad8602c5615c5b639ca3655459844253a22e5b6c1e8e93c6fb5157ca79dba,ABSENT_FROM_ALL_FILTERED_INPUTS
excluded_legacy_burst,pigs291119/000231,burst_color_1ec47b87_14233_ID_2,1,1,0,0,E:\PigProjectStorage\PIG_Behavior_Project\outputs\legacy_16f_rebuild\legacy_16f_rebuild_20260718_v2\02_video_policy\nodup\old_burst_center_keyframes_nodup_videos.csv,391ad8602c5615c5b639ca3655459844253a22e5b6c1e8e93c6fb5157ca79dba,ABSENT_FROM_ALL_FILTERED_INPUTS
excluded_legacy_burst,pigs291119/000231,burst_color_1ec47b87_14233_ID_3,1,1,0,0,E:\PigProjectStorage\PIG_Behavior_Project\outputs\legacy_16f_rebuild\legacy_16f_rebuild_20260718_v2\02_video_policy\nodup\old_burst_center_keyframes_nodup_videos.csv,391ad8602c5615c5b639ca3655459844253a22e5b6c1e8e93c6fb5157ca79dba,ABSENT_FROM_ALL_FILTERED_INPUTS
excluded_legacy_burst,pigs291119/000231,burst_color_1ec47b87_14233_ID_4,1,1,0,0,E:\PigProjectStorage\PIG_Behavior_Project\outputs\legacy_16f_rebuild\legacy_16f_rebuild_20260718_v2\02_video_policy\nodup\old_burst_center_keyframes_nodup_videos.csv,391ad8602c5615c5b639ca3655459844253a22e5b6c1e8e93c6fb5157ca79dba,ABSENT_FROM_ALL_FILTERED_INPUTS
excluded_legacy_burst,pigs291119/000231,burst_color_1ec47b87_14233_ID_5,1,1,0,0,E:\PigProjectStorage\PIG_Behavior_Project\outputs\legacy_16f_rebuild\legacy_16f_rebuild_20260718_v2\02_video_policy\nodup\old_burst_center_keyframes_nodup_videos.csv,391ad8602c5615c5b639ca3655459844253a22e5b6c1e8e93c6fb5157ca79dba,ABSENT_FROM_ALL_FILTERED_INPUTS
excluded_legacy_burst,pigs291119/000231,burst_color_1ec47b87_14233_ID_6,1,1,0,0,E:\PigProjectStorage\PIG_Behavior_Project\outputs\legacy_16f_rebuild\legacy_16f_rebuild_20260718_v2\02_video_policy\nodup\old_burst_center_keyframes_nodup_videos.csv,391ad8602c5615c5b639ca3655459844253a22e5b6c1e8e93c6fb5157ca79dba,ABSENT_FROM_ALL_FILTERED_INPUTS
excluded_legacy_burst,pigs291119/000231,burst_color_1ec47b87_14233_ID_7,1,1,0,0,E:\PigProjectStorage\PIG_Behavior_Project\outputs\legacy_16f_rebuild\legacy_16f_rebuild_20260718_v2\02_video_policy\nodup\old_burst_center_keyframes_nodup_videos.csv,391ad8602c5615c5b639ca3655459844253a22e5b6c1e8e93c6fb5157ca79dba,ABSENT_FROM_ALL_FILTERED_INPUTS
excluded_legacy_burst,pigs291119/000231,burst_color_1ec47b87_14233_ID_8,1,1,0,0,E:\PigProjectStorage\PIG_Behavior_Project\outputs\legacy_16f_rebuild\legacy_16f_rebuild_20260718_v2\02_video_policy\nodup\old_burst_center_keyframes_nodup_videos.csv,391ad8602c5615c5b639ca3655459844253a22e5b6c1e8e93c6fb5157ca79dba,ABSENT_FROM_ALL_FILTERED_INPUTS
excluded_legacy_burst,pigs291119/000225,burst_color_3784bd4b_33_ID_1,1,1,0,0,E:\PigProjectStorage\PIG_Behavior_Project\outputs\legacy_16f_rebuild\legacy_16f_rebuild_20260718_v2\02_video_policy\nodup\old_burst_center_keyframes_nodup_videos.csv,391ad8602c5615c5b639ca3655459844253a22e5b6c1e8e93c6fb5157ca79dba,ABSENT_FROM_ALL_FILTERED_INPUTS
excluded_legacy_burst,pigs291119/000225,burst_color_3784bd4b_33_ID_2,1,1,0,0,E:\PigProjectStorage\PIG_Behavior_Project\outputs\legacy_16f_rebuild\legacy_16f_rebuild_20260718_v2\02_video_policy\nodup\old_burst_center_keyframes_nodup_videos.csv,391ad8602c5615c5b639ca3655459844253a22e5b6c1e8e93c6fb5157ca79dba,ABSENT_FROM_ALL_FILTERED_INPUTS
excluded_legacy_burst,pigs291119/000225,burst_color_3784bd4b_33_ID_3,1,1,0,0,E:\PigProjectStorage\PIG_Behavior_Project\outputs\legacy_16f_rebuild\legacy_16f_rebuild_20260718_v2\02_video_policy\nodup\old_burst_center_keyframes_nodup_videos.csv,391ad8602c5615c5b639ca3655459844253a22e5b6c1e8e93c6fb5157ca79dba,ABSENT_FROM_ALL_FILTERED_INPUTS
excluded_legacy_burst,pigs291119/000225,burst_color_3784bd4b_33_ID_4,1,1,0,0,E:\PigProjectStorage\PIG_Behavior_Project\outputs\legacy_16f_rebuild\legacy_16f_rebuild_20260718_v2\02_video_policy\nodup\old_burst_center_keyframes_nodup_videos.csv,391ad8602c5615c5b639ca3655459844253a22e5b6c1e8e93c6fb5157ca79dba,ABSENT_FROM_ALL_FILTERED_INPUTS
excluded_legacy_burst,pigs291119/000225,burst_color_3784bd4b_33_ID_5,1,1,0,0,E:\PigProjectStorage\PIG_Behavior_Project\outputs\legacy_16f_rebuild\legacy_16f_rebuild_20260718_v2\02_video_policy\nodup\old_burst_center_keyframes_nodup_videos.csv,391ad8602c5615c5b639ca3655459844253a22e5b6c1e8e93c6fb5157ca79dba,ABSENT_FROM_ALL_FILTERED_INPUTS
excluded_legacy_burst,pigs291119/000225,burst_color_3784bd4b_33_ID_6,1,1,0,0,E:\PigProjectStorage\PIG_Behavior_Project\outputs\legacy_16f_rebuild\legacy_16f_rebuild_20260718_v2\02_video_policy\nodup\old_burst_center_keyframes_nodup_videos.csv,391ad8602c5615c5b639ca3655459844253a22e5b6c1e8e93c6fb5157ca79dba,ABSENT_FROM_ALL_FILTERED_INPUTS
excluded_legacy_burst,pigs291119/000225,burst_color_3784bd4b_33_ID_7,1,1,0,0,E:\PigProjectStorage\PIG_Behavior_Project\outputs\legacy_16f_rebuild\legacy_16f_rebuild_20260718_v2\02_video_policy\nodup\old_burst_center_keyframes_nodup_videos.csv,391ad8602c5615c5b639ca3655459844253a22e5b6c1e8e93c6fb5157ca79dba,ABSENT_FROM_ALL_FILTERED_INPUTS
excluded_legacy_burst,pigs291119/000225,burst_color_3784bd4b_33_ID_8,1,1,0,0,E:\PigProjectStorage\PIG_Behavior_Project\outputs\legacy_16f_rebuild\legacy_16f_rebuild_20260718_v2\02_video_policy\nodup\old_burst_center_keyframes_nodup_videos.csv,391ad8602c5615c5b639ca3655459844253a22e5b6c1e8e93c6fb5157ca79dba,ABSENT_FROM_ALL_FILTERED_INPUTS
excluded_legacy_burst,pigs281119/000085,burst_color_6908f124_467_ID_1,1,1,0,0,E:\PigProjectStorage\PIG_Behavior_Project\outputs\legacy_16f_rebuild\legacy_16f_rebuild_20260718_v2\02_video_policy\nodup\old_burst_center_keyframes_nodup_videos.csv,391ad8602c5615c5b639ca3655459844253a22e5b6c1e8e93c6fb5157ca79dba,ABSENT_FROM_ALL_FILTERED_INPUTS
excluded_legacy_burst,pigs281119/000085,burst_color_6908f124_467_ID_2,1,1,0,0,E:\PigProjectStorage\PIG_Behavior_Project\outputs\legacy_16f_rebuild\legacy_16f_rebuild_20260718_v2\02_video_policy\nodup\old_burst_center_keyframes_nodup_videos.csv,391ad8602c5615c5b639ca3655459844253a22e5b6c1e8e93c6fb5157ca79dba,ABSENT_FROM_ALL_FILTERED_INPUTS
excluded_legacy_burst,pigs281119/000085,burst_color_6908f124_467_ID_3,1,1,0,0,E:\PigProjectStorage\PIG_Behavior_Project\outputs\legacy_16f_rebuild\legacy_16f_rebuild_20260718_v2\02_video_policy\nodup\old_burst_center_keyframes_nodup_videos.csv,391ad8602c5615c5b639ca3655459844253a22e5b6c1e8e93c6fb5157ca79dba,ABSENT_FROM_ALL_FILTERED_INPUTS
excluded_legacy_burst,pigs281119/000085,burst_color_6908f124_467_ID_4,1,1,0,0,E:\PigProjectStorage\PIG_Behavior_Project\outputs\legacy_16f_rebuild\legacy_16f_rebuild_20260718_v2\02_video_policy\nodup\old_burst_center_keyframes_nodup_videos.csv,391ad8602c5615c5b639ca3655459844253a22e5b6c1e8e93c6fb5157ca79dba,ABSENT_FROM_ALL_FILTERED_INPUTS
excluded_legacy_burst,pigs281119/000085,burst_color_6908f124_467_ID_5,1,1,0,0,E:\PigProjectStorage\PIG_Behavior_Project\outputs\legacy_16f_rebuild\legacy_16f_rebuild_20260718_v2\02_video_policy\nodup\old_burst_center_keyframes_nodup_videos.csv,391ad8602c5615c5b639ca3655459844253a22e5b6c1e8e93c6fb5157ca79dba,ABSENT_FROM_ALL_FILTERED_INPUTS
excluded_legacy_burst,pigs281119/000085,burst_color_6908f124_467_ID_6,1,1,0,0,E:\PigProjectStorage\PIG_Behavior_Project\outputs\legacy_16f_rebuild\legacy_16f_rebuild_20260718_v2\02_video_policy\nodup\old_burst_center_keyframes_nodup_videos.csv,391ad8602c5615c5b639ca3655459844253a22e5b6c1e8e93c6fb5157ca79dba,ABSENT_FROM_ALL_FILTERED_INPUTS
excluded_legacy_burst,pigs281119/000085,burst_color_6908f124_467_ID_7,1,1,0,0,E:\PigProjectStorage\PIG_Behavior_Project\outputs\legacy_16f_rebuild\legacy_16f_rebuild_20260718_v2\02_video_policy\nodup\old_burst_center_keyframes_nodup_videos.csv,391ad8602c5615c5b639ca3655459844253a22e5b6c1e8e93c6fb5157ca79dba,ABSENT_FROM_ALL_FILTERED_INPUTS
excluded_legacy_burst,pigs281119/000085,burst_color_6908f124_467_ID_8,1,1,0,0,E:\PigProjectStorage\PIG_Behavior_Project\outputs\legacy_16f_rebuild\legacy_16f_rebuild_20260718_v2\02_video_policy\nodup\old_burst_center_keyframes_nodup_videos.csv,391ad8602c5615c5b639ca3655459844253a22e5b6c1e8e93c6fb5157ca79dba,ABSENT_FROM_ALL_FILTERED_INPUTS
excluded_legacy_burst,pigs281119/000114,burst_color_6a88e605_167_ID_1,1,1,0,0,E:\PigProjectStorage\PIG_Behavior_Project\outputs\legacy_16f_rebuild\legacy_16f_rebuild_20260718_v2\02_video_policy\nodup\old_burst_center_keyframes_nodup_videos.csv,391ad8602c5615c5b639ca3655459844253a22e5b6c1e8e93c6fb5157ca79dba,ABSENT_FROM_ALL_FILTERED_INPUTS
excluded_legacy_burst,pigs281119/000114,burst_color_6a88e605_167_ID_2,1,1,0,0,E:\PigProjectStorage\PIG_Behavior_Project\outputs\legacy_16f_rebuild\legacy_16f_rebuild_20260718_v2\02_video_policy\nodup\old_burst_center_keyframes_nodup_videos.csv,391ad8602c5615c5b639ca3655459844253a22e5b6c1e8e93c6fb5157ca79dba,ABSENT_FROM_ALL_FILTERED_INPUTS
excluded_legacy_burst,pigs281119/000114,burst_color_6a88e605_167_ID_3,1,1,0,0,E:\PigProjectStorage\PIG_Behavior_Project\outputs\legacy_16f_rebuild\legacy_16f_rebuild_20260718_v2\02_video_policy\nodup\old_burst_center_keyframes_nodup_videos.csv,391ad8602c5615c5b639ca3655459844253a22e5b6c1e8e93c6fb5157ca79dba,ABSENT_FROM_ALL_FILTERED_INPUTS
excluded_legacy_burst,pigs281119/000114,burst_color_6a88e605_167_ID_4,1,1,0,0,E:\PigProjectStorage\PIG_Behavior_Project\outputs\legacy_16f_rebuild\legacy_16f_rebuild_20260718_v2\02_video_policy\nodup\old_burst_center_keyframes_nodup_videos.csv,391ad8602c5615c5b639ca3655459844253a22e5b6c1e8e93c6fb5157ca79dba,ABSENT_FROM_ALL_FILTERED_INPUTS
excluded_legacy_burst,pigs281119/000114,burst_color_6a88e605_167_ID_5,1,1,0,0,E:\PigProjectStorage\PIG_Behavior_Project\outputs\legacy_16f_rebuild\legacy_16f_rebuild_20260718_v2\02_video_policy\nodup\old_burst_center_keyframes_nodup_videos.csv,391ad8602c5615c5b639ca3655459844253a22e5b6c1e8e93c6fb5157ca79dba,ABSENT_FROM_ALL_FILTERED_INPUTS
excluded_legacy_burst,pigs281119/000114,burst_color_6a88e605_167_ID_6,1,1,0,0,E:\PigProjectStorage\PIG_Behavior_Project\outputs\legacy_16f_rebuild\legacy_16f_rebuild_20260718_v2\02_video_policy\nodup\old_burst_center_keyframes_nodup_videos.csv,391ad8602c5615c5b639ca3655459844253a22e5b6c1e8e93c6fb5157ca79dba,ABSENT_FROM_ALL_FILTERED_INPUTS
excluded_legacy_burst,pigs281119/000114,burst_color_6a88e605_167_ID_7,1,1,0,0,E:\PigProjectStorage\PIG_Behavior_Project\outputs\legacy_16f_rebuild\legacy_16f_rebuild_20260718_v2\02_video_policy\nodup\old_burst_center_keyframes_nodup_videos.csv,391ad8602c5615c5b639ca3655459844253a22e5b6c1e8e93c6fb5157ca79dba,ABSENT_FROM_ALL_FILTERED_INPUTS
excluded_legacy_burst,pigs281119/000114,burst_color_6a88e605_167_ID_8,1,1,0,0,E:\PigProjectStorage\PIG_Behavior_Project\outputs\legacy_16f_rebuild\legacy_16f_rebuild_20260718_v2\02_video_policy\nodup\old_burst_center_keyframes_nodup_videos.csv,391ad8602c5615c5b639ca3655459844253a22e5b6c1e8e93c6fb5157ca79dba,ABSENT_FROM_ALL_FILTERED_INPUTS
excluded_legacy_burst,pigs291119/000216,burst_color_e41b3a4a_8567_ID_1,1,1,0,0,E:\PigProjectStorage\PIG_Behavior_Project\outputs\legacy_16f_rebuild\legacy_16f_rebuild_20260718_v2\02_video_policy\nodup\old_burst_center_keyframes_nodup_videos.csv,391ad8602c5615c5b639ca3655459844253a22e5b6c1e8e93c6fb5157ca79dba,ABSENT_FROM_ALL_FILTERED_INPUTS
excluded_legacy_burst,pigs291119/000216,burst_color_e41b3a4a_8567_ID_2,1,1,0,0,E:\PigProjectStorage\PIG_Behavior_Project\outputs\legacy_16f_rebuild\legacy_16f_rebuild_20260718_v2\02_video_policy\nodup\old_burst_center_keyframes_nodup_videos.csv,391ad8602c5615c5b639ca3655459844253a22e5b6c1e8e93c6fb5157ca79dba,ABSENT_FROM_ALL_FILTERED_INPUTS
excluded_legacy_burst,pigs291119/000216,burst_color_e41b3a4a_8567_ID_3,1,1,0,0,E:\PigProjectStorage\PIG_Behavior_Project\outputs\legacy_16f_rebuild\legacy_16f_rebuild_20260718_v2\02_video_policy\nodup\old_burst_center_keyframes_nodup_videos.csv,391ad8602c5615c5b639ca3655459844253a22e5b6c1e8e93c6fb5157ca79dba,ABSENT_FROM_ALL_FILTERED_INPUTS
excluded_legacy_burst,pigs291119/000216,burst_color_e41b3a4a_8567_ID_4,1,1,0,0,E:\PigProjectStorage\PIG_Behavior_Project\outputs\legacy_16f_rebuild\legacy_16f_rebuild_20260718_v2\02_video_policy\nodup\old_burst_center_keyframes_nodup_videos.csv,391ad8602c5615c5b639ca3655459844253a22e5b6c1e8e93c6fb5157ca79dba,ABSENT_FROM_ALL_FILTERED_INPUTS
excluded_legacy_burst,pigs291119/000216,burst_color_e41b3a4a_8567_ID_5,1,1,0,0,E:\PigProjectStorage\PIG_Behavior_Project\outputs\legacy_16f_rebuild\legacy_16f_rebuild_20260718_v2\02_video_policy\nodup\old_burst_center_keyframes_nodup_videos.csv,391ad8602c5615c5b639ca3655459844253a22e5b6c1e8e93c6fb5157ca79dba,ABSENT_FROM_ALL_FILTERED_INPUTS
excluded_legacy_burst,pigs291119/000216,burst_color_e41b3a4a_8567_ID_6,1,1,0,0,E:\PigProjectStorage\PIG_Behavior_Project\outputs\legacy_16f_rebuild\legacy_16f_rebuild_20260718_v2\02_video_policy\nodup\old_burst_center_keyframes_nodup_videos.csv,391ad8602c5615c5b639ca3655459844253a22e5b6c1e8e93c6fb5157ca79dba,ABSENT_FROM_ALL_FILTERED_INPUTS
excluded_legacy_burst,pigs291119/000216,burst_color_e41b3a4a_8567_ID_7,1,1,0,0,E:\PigProjectStorage\PIG_Behavior_Project\outputs\legacy_16f_rebuild\legacy_16f_rebuild_20260718_v2\02_video_policy\nodup\old_burst_center_keyframes_nodup_videos.csv,391ad8602c5615c5b639ca3655459844253a22e5b6c1e8e93c6fb5157ca79dba,ABSENT_FROM_ALL_FILTERED_INPUTS
excluded_legacy_burst,pigs291119/000216,burst_color_e41b3a4a_8567_ID_8,1,1,0,0,E:\PigProjectStorage\PIG_Behavior_Project\outputs\legacy_16f_rebuild\legacy_16f_rebuild_20260718_v2\02_video_policy\nodup\old_burst_center_keyframes_nodup_videos.csv,391ad8602c5615c5b639ca3655459844253a22e5b6c1e8e93c6fb5157ca79dba,ABSENT_FROM_ALL_FILTERED_INPUTS
excluded_legacy_burst,pigs291119/000226,burst_color_fe3277ad_10400_ID_1,1,1,0,0,E:\PigProjectStorage\PIG_Behavior_Project\outputs\legacy_16f_rebuild\legacy_16f_rebuild_20260718_v2\02_video_policy\nodup\old_burst_center_keyframes_nodup_videos.csv,391ad8602c5615c5b639ca3655459844253a22e5b6c1e8e93c6fb5157ca79dba,ABSENT_FROM_ALL_FILTERED_INPUTS
excluded_legacy_burst,pigs291119/000226,burst_color_fe3277ad_10400_ID_2,1,1,0,0,E:\PigProjectStorage\PIG_Behavior_Project\outputs\legacy_16f_rebuild\legacy_16f_rebuild_20260718_v2\02_video_policy\nodup\old_burst_center_keyframes_nodup_videos.csv,391ad8602c5615c5b639ca3655459844253a22e5b6c1e8e93c6fb5157ca79dba,ABSENT_FROM_ALL_FILTERED_INPUTS
excluded_legacy_burst,pigs291119/000226,burst_color_fe3277ad_10400_ID_3,1,1,0,0,E:\PigProjectStorage\PIG_Behavior_Project\outputs\legacy_16f_rebuild\legacy_16f_rebuild_20260718_v2\02_video_policy\nodup\old_burst_center_keyframes_nodup_videos.csv,391ad8602c5615c5b639ca3655459844253a22e5b6c1e8e93c6fb5157ca79dba,ABSENT_FROM_ALL_FILTERED_INPUTS
excluded_legacy_burst,pigs291119/000226,burst_color_fe3277ad_10400_ID_4,1,1,0,0,E:\PigProjectStorage\PIG_Behavior_Project\outputs\legacy_16f_rebuild\legacy_16f_rebuild_20260718_v2\02_video_policy\nodup\old_burst_center_keyframes_nodup_videos.csv,391ad8602c5615c5b639ca3655459844253a22e5b6c1e8e93c6fb5157ca79dba,ABSENT_FROM_ALL_FILTERED_INPUTS
excluded_legacy_burst,pigs291119/000226,burst_color_fe3277ad_10400_ID_5,1,1,0,0,E:\PigProjectStorage\PIG_Behavior_Project\outputs\legacy_16f_rebuild\legacy_16f_rebuild_20260718_v2\02_video_policy\nodup\old_burst_center_keyframes_nodup_videos.csv,391ad8602c5615c5b639ca3655459844253a22e5b6c1e8e93c6fb5157ca79dba,ABSENT_FROM_ALL_FILTERED_INPUTS
excluded_legacy_burst,pigs291119/000226,burst_color_fe3277ad_10400_ID_6,1,1,0,0,E:\PigProjectStorage\PIG_Behavior_Project\outputs\legacy_16f_rebuild\legacy_16f_rebuild_20260718_v2\02_video_policy\nodup\old_burst_center_keyframes_nodup_videos.csv,391ad8602c5615c5b639ca3655459844253a22e5b6c1e8e93c6fb5157ca79dba,ABSENT_FROM_ALL_FILTERED_INPUTS
excluded_legacy_burst,pigs291119/000226,burst_color_fe3277ad_10400_ID_7,1,1,0,0,E:\PigProjectStorage\PIG_Behavior_Project\outputs\legacy_16f_rebuild\legacy_16f_rebuild_20260718_v2\02_video_policy\nodup\old_burst_center_keyframes_nodup_videos.csv,391ad8602c5615c5b639ca3655459844253a22e5b6c1e8e93c6fb5157ca79dba,ABSENT_FROM_ALL_FILTERED_INPUTS
retained_legacy_source_video,pigs031219/000064,,8,0,8,128,E:\PigProjectStorage\PIG_Behavior_Project\outputs\legacy_16f_rebuild\legacy_16f_rebuild_20260718_v2\06_full_recovery\legacy_training_sequence_manifest.csv,a56e6f77178fa95521c40a47b53b93022fdf4ec1d127b98d2dff1327b1f08003,RETAINED_NON_CVAT_SOURCE
retained_legacy_source_video,pigs031219/000065,,8,0,8,128,E:\PigProjectStorage\PIG_Behavior_Project\outputs\legacy_16f_rebuild\legacy_16f_rebuild_20260718_v2\06_full_recovery\legacy_training_sequence_manifest.csv,a56e6f77178fa95521c40a47b53b93022fdf4ec1d127b98d2dff1327b1f08003,RETAINED_NON_CVAT_SOURCE
retained_legacy_source_video,pigs031219/000066,,8,0,8,128,E:\PigProjectStorage\PIG_Behavior_Project\outputs\legacy_16f_rebuild\legacy_16f_rebuild_20260718_v2\06_full_recovery\legacy_training_sequence_manifest.csv,a56e6f77178fa95521c40a47b53b93022fdf4ec1d127b98d2dff1327b1f08003,RETAINED_NON_CVAT_SOURCE
retained_legacy_source_video,pigs031219/000067,,8,0,8,128,E:\PigProjectStorage\PIG_Behavior_Project\outputs\legacy_16f_rebuild\legacy_16f_rebuild_20260718_v2\06_full_recovery\legacy_training_sequence_manifest.csv,a56e6f77178fa95521c40a47b53b93022fdf4ec1d127b98d2dff1327b1f08003,RETAINED_NON_CVAT_SOURCE
retained_legacy_source_video,pigs031219/000068,,8,0,8,128,E:\PigProjectStorage\PIG_Behavior_Project\outputs\legacy_16f_rebuild\legacy_16f_rebuild_20260718_v2\06_full_recovery\legacy_training_sequence_manifest.csv,a56e6f77178fa95521c40a47b53b93022fdf4ec1d127b98d2dff1327b1f08003,RETAINED_NON_CVAT_SOURCE
retained_legacy_source_video,pigs031219/000069,,8,0,8,128,E:\PigProjectStorage\PIG_Behavior_Project\outputs\legacy_16f_rebuild\legacy_16f_rebuild_20260718_v2\06_full_recovery\legacy_training_sequence_manifest.csv,a56e6f77178fa95521c40a47b53b93022fdf4ec1d127b98d2dff1327b1f08003,RETAINED_NON_CVAT_SOURCE
retained_legacy_source_video,pigs031219/000070,,8,0,8,128,E:\PigProjectStorage\PIG_Behavior_Project\outputs\legacy_16f_rebuild\legacy_16f_rebuild_20260718_v2\06_full_recovery\legacy_training_sequence_manifest.csv,a56e6f77178fa95521c40a47b53b93022fdf4ec1d127b98d2dff1327b1f08003,RETAINED_NON_CVAT_SOURCE
retained_legacy_source_video,pigs031219/000071,,8,0,8,128,E:\PigProjectStorage\PIG_Behavior_Project\outputs\legacy_16f_rebuild\legacy_16f_rebuild_20260718_v2\06_full_recovery\legacy_training_sequence_manifest.csv,a56e6f77178fa95521c40a47b53b93022fdf4ec1d127b98d2dff1327b1f08003,RETAINED_NON_CVAT_SOURCE
retained_legacy_source_video,pigs031219/000072,,8,0,8,128,E:\PigProjectStorage\PIG_Behavior_Project\outputs\legacy_16f_rebuild\legacy_16f_rebuild_20260718_v2\06_full_recovery\legacy_training_sequence_manifest.csv,a56e6f77178fa95521c40a47b53b93022fdf4ec1d127b98d2dff1327b1f08003,RETAINED_NON_CVAT_SOURCE
retained_legacy_source_video,pigs031219/000073,,8,0,8,128,E:\PigProjectStorage\PIG_Behavior_Project\outputs\legacy_16f_rebuild\legacy_16f_rebuild_20260718_v2\06_full_recovery\legacy_training_sequence_manifest.csv,a56e6f77178fa95521c40a47b53b93022fdf4ec1d127b98d2dff1327b1f08003,RETAINED_NON_CVAT_SOURCE
retained_legacy_source_video,pigs031219/000074,,8,0,8,128,E:\PigProjectStorage\PIG_Behavior_Project\outputs\legacy_16f_rebuild\legacy_16f_rebuild_20260718_v2\06_full_recovery\legacy_training_sequence_manifest.csv,a56e6f77178fa95521c40a47b53b93022fdf4ec1d127b98d2dff1327b1f08003,RETAINED_NON_CVAT_SOURCE
retained_legacy_source_video,pigs031219/000075,,8,0,8,128,E:\PigProjectStorage\PIG_Behavior_Project\outputs\legacy_16f_rebuild\legacy_16f_rebuild_20260718_v2\06_full_recovery\legacy_training_sequence_manifest.csv,a56e6f77178fa95521c40a47b53b93022fdf4ec1d127b98d2dff1327b1f08003,RETAINED_NON_CVAT_SOURCE
retained_legacy_source_video,pigs031219/000076,,8,0,8,128,E:\PigProjectStorage\PIG_Behavior_Project\outputs\legacy_16f_rebuild\legacy_16f_rebuild_20260718_v2\06_full_recovery\legacy_training_sequence_manifest.csv,a56e6f77178fa95521c40a47b53b93022fdf4ec1d127b98d2dff1327b1f08003,RETAINED_NON_CVAT_SOURCE
retained_legacy_source_video,pigs031219/000077,,8,0,8,128,E:\PigProjectStorage\PIG_Behavior_Project\outputs\legacy_16f_rebuild\legacy_16f_rebuild_20260718_v2\06_full_recovery\legacy_training_sequence_manifest.csv,a56e6f77178fa95521c40a47b53b93022fdf4ec1d127b98d2dff1327b1f08003,RETAINED_NON_CVAT_SOURCE
retained_legacy_source_video,pigs031219/000078,,8,0,8,128,E:\PigProjectStorage\PIG_Behavior_Project\outputs\legacy_16f_rebuild\legacy_16f_rebuild_20260718_v2\06_full_recovery\legacy_training_sequence_manifest.csv,a56e6f77178fa95521c40a47b53b93022fdf4ec1d127b98d2dff1327b1f08003,RETAINED_NON_CVAT_SOURCE
retained_legacy_source_video,pigs031219/000079,,8,0,8,128,E:\PigProjectStorage\PIG_Behavior_Project\outputs\legacy_16f_rebuild\legacy_16f_rebuild_20260718_v2\06_full_recovery\legacy_training_sequence_manifest.csv,a56e6f77178fa95521c40a47b53b93022fdf4ec1d127b98d2dff1327b1f08003,RETAINED_NON_CVAT_SOURCE
retained_legacy_source_video,pigs031219/000080,,8,0,8,128,E:\PigProjectStorage\PIG_Behavior_Project\outputs\legacy_16f_rebuild\legacy_16f_rebuild_20260718_v2\06_full_recovery\legacy_training_sequence_manifest.csv,a56e6f77178fa95521c40a47b53b93022fdf4ec1d127b98d2dff1327b1f08003,RETAINED_NON_CVAT_SOURCE
retained_legacy_source_video,pigs031219/000081,,8,0,8,128,E:\PigProjectStorage\PIG_Behavior_Project\outputs\legacy_16f_rebuild\legacy_16f_rebuild_20260718_v2\06_full_recovery\legacy_training_sequence_manifest.csv,a56e6f77178fa95521c40a47b53b93022fdf4ec1d127b98d2dff1327b1f08003,RETAINED_NON_CVAT_SOURCE
retained_legacy_source_video,pigs031219/000082,,8,0,8,128,E:\PigProjectStorage\PIG_Behavior_Project\outputs\legacy_16f_rebuild\legacy_16f_rebuild_20260718_v2\06_full_recovery\legacy_training_sequence_manifest.csv,a56e6f77178fa95521c40a47b53b93022fdf4ec1d127b98d2dff1327b1f08003,RETAINED_NON_CVAT_SOURCE
retained_legacy_source_video,pigs031219/000083,,8,0,8,128,E:\PigProjectStorage\PIG_Behavior_Project\outputs\legacy_16f_rebuild\legacy_16f_rebuild_20260718_v2\06_full_recovery\legacy_training_sequence_manifest.csv,a56e6f77178fa95521c40a47b53b93022fdf4ec1d127b98d2dff1327b1f08003,RETAINED_NON_CVAT_SOURCE
retained_legacy_source_video,pigs031219/000084,,8,0,8,128,E:\PigProjectStorage\PIG_Behavior_Project\outputs\legacy_16f_rebuild\legacy_16f_rebuild_20260718_v2\06_full_recovery\legacy_training_sequence_manifest.csv,a56e6f77178fa95521c40a47b53b93022fdf4ec1d127b98d2dff1327b1f08003,RETAINED_NON_CVAT_SOURCE
retained_legacy_source_video,pigs031219/000085,,8,0,8,128,E:\PigProjectStorage\PIG_Behavior_Project\outputs\legacy_16f_rebuild\legacy_16f_rebuild_20260718_v2\06_full_recovery\legacy_training_sequence_manifest.csv,a56e6f77178fa95521c40a47b53b93022fdf4ec1d127b98d2dff1327b1f08003,RETAINED_NON_CVAT_SOURCE
retained_legacy_source_video,pigs031219/000086,,8,0,8,128,E:\PigProjectStorage\PIG_Behavior_Project\outputs\legacy_16f_rebuild\legacy_16f_rebuild_20260718_v2\06_full_recovery\legacy_training_sequence_manifest.csv,a56e6f77178fa95521c40a47b53b93022fdf4ec1d127b98d2dff1327b1f08003,RETAINED_NON_CVAT_SOURCE
retained_legacy_source_video,pigs031219/000087,,8,0,8,128,E:\PigProjectStorage\PIG_Behavior_Project\outputs\legacy_16f_rebuild\legacy_16f_rebuild_20260718_v2\06_full_recovery\legacy_training_sequence_manifest.csv,a56e6f77178fa95521c40a47b53b93022fdf4ec1d127b98d2dff1327b1f08003,RETAINED_NON_CVAT_SOURCE
retained_legacy_source_video,pigs031219/000088,,8,0,8,128,E:\PigProjectStorage\PIG_Behavior_Project\outputs\legacy_16f_rebuild\legacy_16f_rebuild_20260718_v2\06_full_recovery\legacy_training_sequence_manifest.csv,a56e6f77178fa95521c40a47b53b93022fdf4ec1d127b98d2dff1327b1f08003,RETAINED_NON_CVAT_SOURCE
retained_legacy_source_video,pigs031219/000089,,8,0,8,128,E:\PigProjectStorage\PIG_Behavior_Project\outputs\legacy_16f_rebuild\legacy_16f_rebuild_20260718_v2\06_full_recovery\legacy_training_sequence_manifest.csv,a56e6f77178fa95521c40a47b53b93022fdf4ec1d127b98d2dff1327b1f08003,RETAINED_NON_CVAT_SOURCE
retained_legacy_source_video,pigs031219/000090,,8,0,8,128,E:\PigProjectStorage\PIG_Behavior_Project\outputs\legacy_16f_rebuild\legacy_16f_rebuild_20260718_v2\06_full_recovery\legacy_training_sequence_manifest.csv,a56e6f77178fa95521c40a47b53b93022fdf4ec1d127b98d2dff1327b1f08003,RETAINED_NON_CVAT_SOURCE
retained_legacy_source_video,pigs031219/000091,,8,0,8,128,E:\PigProjectStorage\PIG_Behavior_Project\outputs\legacy_16f_rebuild\legacy_16f_rebuild_20260718_v2\06_full_recovery\legacy_training_sequence_manifest.csv,a56e6f77178fa95521c40a47b53b93022fdf4ec1d127b98d2dff1327b1f08003,RETAINED_NON_CVAT_SOURCE
retained_legacy_source_video,pigs031219/000092,,8,0,8,128,E:\PigProjectStorage\PIG_Behavior_Project\outputs\legacy_16f_rebuild\legacy_16f_rebuild_20260718_v2\06_full_recovery\legacy_training_sequence_manifest.csv,a56e6f77178fa95521c40a47b53b93022fdf4ec1d127b98d2dff1327b1f08003,RETAINED_NON_CVAT_SOURCE
retained_legacy_source_video,pigs031219/000093,,7,0,7,112,E:\PigProjectStorage\PIG_Behavior_Project\outputs\legacy_16f_rebuild\legacy_16f_rebuild_20260718_v2\06_full_recovery\legacy_training_sequence_manifest.csv,a56e6f77178fa95521c40a47b53b93022fdf4ec1d127b98d2dff1327b1f08003,RETAINED_NON_CVAT_SOURCE
retained_legacy_source_video,pigs031219/000094,,8,0,8,128,E:\PigProjectStorage\PIG_Behavior_Project\outputs\legacy_16f_rebuild\legacy_16f_rebuild_20260718_v2\06_full_recovery\legacy_training_sequence_manifest.csv,a56e6f77178fa95521c40a47b53b93022fdf4ec1d127b98d2dff1327b1f08003,RETAINED_NON_CVAT_SOURCE
retained_legacy_source_video,pigs031219/000095,,8,0,8,128,E:\PigProjectStorage\PIG_Behavior_Project\outputs\legacy_16f_rebuild\legacy_16f_rebuild_20260718_v2\06_full_recovery\legacy_training_sequence_manifest.csv,a56e6f77178fa95521c40a47b53b93022fdf4ec1d127b98d2dff1327b1f08003,RETAINED_NON_CVAT_SOURCE
retained_legacy_source_video,pigs031219/000096,,8,0,8,128,E:\PigProjectStorage\PIG_Behavior_Project\outputs\legacy_16f_rebuild\legacy_16f_rebuild_20260718_v2\06_full_recovery\legacy_training_sequence_manifest.csv,a56e6f77178fa95521c40a47b53b93022fdf4ec1d127b98d2dff1327b1f08003,RETAINED_NON_CVAT_SOURCE
retained_legacy_source_video,pigs031219/000097,,8,0,8,128,E:\PigProjectStorage\PIG_Behavior_Project\outputs\legacy_16f_rebuild\legacy_16f_rebuild_20260718_v2\06_full_recovery\legacy_training_sequence_manifest.csv,a56e6f77178fa95521c40a47b53b93022fdf4ec1d127b98d2dff1327b1f08003,RETAINED_NON_CVAT_SOURCE
retained_legacy_source_video,pigs031219/000098,,8,0,8,128,E:\PigProjectStorage\PIG_Behavior_Project\outputs\legacy_16f_rebuild\legacy_16f_rebuild_20260718_v2\06_full_recovery\legacy_training_sequence_manifest.csv,a56e6f77178fa95521c40a47b53b93022fdf4ec1d127b98d2dff1327b1f08003,RETAINED_NON_CVAT_SOURCE
retained_legacy_source_video,pigs031219/000099,,8,0,8,128,E:\PigProjectStorage\PIG_Behavior_Project\outputs\legacy_16f_rebuild\legacy_16f_rebuild_20260718_v2\06_full_recovery\legacy_training_sequence_manifest.csv,a56e6f77178fa95521c40a47b53b93022fdf4ec1d127b98d2dff1327b1f08003,RETAINED_NON_CVAT_SOURCE
retained_legacy_source_video,pigs031219/000100,,8,0,8,128,E:\PigProjectStorage\PIG_Behavior_Project\outputs\legacy_16f_rebuild\legacy_16f_rebuild_20260718_v2\06_full_recovery\legacy_training_sequence_manifest.csv,a56e6f77178fa95521c40a47b53b93022fdf4ec1d127b98d2dff1327b1f08003,RETAINED_NON_CVAT_SOURCE
retained_legacy_source_video,pigs031219/000101,,8,0,8,128,E:\PigProjectStorage\PIG_Behavior_Project\outputs\legacy_16f_rebuild\legacy_16f_rebuild_20260718_v2\06_full_recovery\legacy_training_sequence_manifest.csv,a56e6f77178fa95521c40a47b53b93022fdf4ec1d127b98d2dff1327b1f08003,RETAINED_NON_CVAT_SOURCE
retained_legacy_source_video,pigs031219/000102,,8,0,8,128,E:\PigProjectStorage\PIG_Behavior_Project\outputs\legacy_16f_rebuild\legacy_16f_rebuild_20260718_v2\06_full_recovery\legacy_training_sequence_manifest.csv,a56e6f77178fa95521c40a47b53b93022fdf4ec1d127b98d2dff1327b1f08003,RETAINED_NON_CVAT_SOURCE
retained_legacy_source_video,pigs031219/000103,,8,0,8,128,E:\PigProjectStorage\PIG_Behavior_Project\outputs\legacy_16f_rebuild\legacy_16f_rebuild_20260718_v2\06_full_recovery\legacy_training_sequence_manifest.csv,a56e6f77178fa95521c40a47b53b93022fdf4ec1d127b98d2dff1327b1f08003,RETAINED_NON_CVAT_SOURCE
retained_legacy_source_video,pigs031219/000104,,4,0,4,64,E:\PigProjectStorage\PIG_Behavior_Project\outputs\legacy_16f_rebuild\legacy_16f_rebuild_20260718_v2\06_full_recovery\legacy_training_sequence_manifest.csv,a56e6f77178fa95521c40a47b53b93022fdf4ec1d127b98d2dff1327b1f08003,RETAINED_NON_CVAT_SOURCE
retained_legacy_source_video,pigs031219/000105,,4,0,4,64,E:\PigProjectStorage\PIG_Behavior_Project\outputs\legacy_16f_rebuild\legacy_16f_rebuild_20260718_v2\06_full_recovery\legacy_training_sequence_manifest.csv,a56e6f77178fa95521c40a47b53b93022fdf4ec1d127b98d2dff1327b1f08003,RETAINED_NON_CVAT_SOURCE
retained_legacy_source_video,pigs031219/000106,,4,0,4,64,E:\PigProjectStorage\PIG_Behavior_Project\outputs\legacy_16f_rebuild\legacy_16f_rebuild_20260718_v2\06_full_recovery\legacy_training_sequence_manifest.csv,a56e6f77178fa95521c40a47b53b93022fdf4ec1d127b98d2dff1327b1f08003,RETAINED_NON_CVAT_SOURCE
retained_legacy_source_video,pigs031219/000107,,4,0,4,64,E:\PigProjectStorage\PIG_Behavior_Project\outputs\legacy_16f_rebuild\legacy_16f_rebuild_20260718_v2\06_full_recovery\legacy_training_sequence_manifest.csv,a56e6f77178fa95521c40a47b53b93022fdf4ec1d127b98d2dff1327b1f08003,RETAINED_NON_CVAT_SOURCE
retained_legacy_source_video,pigs031219/000111,,8,0,8,128,E:\PigProjectStorage\PIG_Behavior_Project\outputs\legacy_16f_rebuild\legacy_16f_rebuild_20260718_v2\06_full_recovery\legacy_training_sequence_manifest.csv,a56e6f77178fa95521c40a47b53b93022fdf4ec1d127b98d2dff1327b1f08003,RETAINED_NON_CVAT_SOURCE
retained_legacy_source_video,pigs031219/000112,,8,0,8,128,E:\PigProjectStorage\PIG_Behavior_Project\outputs\legacy_16f_rebuild\legacy_16f_rebuild_20260718_v2\06_full_recovery\legacy_training_sequence_manifest.csv,a56e6f77178fa95521c40a47b53b93022fdf4ec1d127b98d2dff1327b1f08003,RETAINED_NON_CVAT_SOURCE
retained_legacy_source_video,pigs031219/000113,,8,0,8,128,E:\PigProjectStorage\PIG_Behavior_Project\outputs\legacy_16f_rebuild\legacy_16f_rebuild_20260718_v2\06_full_recovery\legacy_training_sequence_manifest.csv,a56e6f77178fa95521c40a47b53b93022fdf4ec1d127b98d2dff1327b1f08003,RETAINED_NON_CVAT_SOURCE
retained_legacy_source_video,pigs031219/000114,,8,0,8,128,E:\PigProjectStorage\PIG_Behavior_Project\outputs\legacy_16f_rebuild\legacy_16f_rebuild_20260718_v2\06_full_recovery\legacy_training_sequence_manifest.csv,a56e6f77178fa95521c40a47b53b93022fdf4ec1d127b98d2dff1327b1f08003,RETAINED_NON_CVAT_SOURCE
retained_legacy_source_video,pigs031219/000115,,8,0,8,128,E:\PigProjectStorage\PIG_Behavior_Project\outputs\legacy_16f_rebuild\legacy_16f_rebuild_20260718_v2\06_full_recovery\legacy_training_sequence_manifest.csv,a56e6f77178fa95521c40a47b53b93022fdf4ec1d127b98d2dff1327b1f08003,RETAINED_NON_CVAT_SOURCE
retained_legacy_source_video,pigs031219/000116,,8,0,8,128,E:\PigProjectStorage\PIG_Behavior_Project\outputs\legacy_16f_rebuild\legacy_16f_rebuild_20260718_v2\06_full_recovery\legacy_training_sequence_manifest.csv,a56e6f77178fa95521c40a47b53b93022fdf4ec1d127b98d2dff1327b1f08003,RETAINED_NON_CVAT_SOURCE
retained_legacy_source_video,pigs031219/000117,,8,0,8,128,E:\PigProjectStorage\PIG_Behavior_Project\outputs\legacy_16f_rebuild\legacy_16f_rebuild_20260718_v2\06_full_recovery\legacy_training_sequence_manifest.csv,a56e6f77178fa95521c40a47b53b93022fdf4ec1d127b98d2dff1327b1f08003,RETAINED_NON_CVAT_SOURCE
retained_legacy_source_video,pigs031219/000118,,8,0,8,128,E:\PigProjectStorage\PIG_Behavior_Project\outputs\legacy_16f_rebuild\legacy_16f_rebuild_20260718_v2\06_full_recovery\legacy_training_sequence_manifest.csv,a56e6f77178fa95521c40a47b53b93022fdf4ec1d127b98d2dff1327b1f08003,RETAINED_NON_CVAT_SOURCE
retained_legacy_source_video,pigs031219/000119,,8,0,8,128,E:\PigProjectStorage\PIG_Behavior_Project\outputs\legacy_16f_rebuild\legacy_16f_rebuild_20260718_v2\06_full_recovery\legacy_training_sequence_manifest.csv,a56e6f77178fa95521c40a47b53b93022fdf4ec1d127b98d2dff1327b1f08003,RETAINED_NON_CVAT_SOURCE
retained_legacy_source_video,pigs031219/000120,,8,0,8,128,E:\PigProjectStorage\PIG_Behavior_Project\outputs\legacy_16f_rebuild\legacy_16f_rebuild_20260718_v2\06_full_recovery\legacy_training_sequence_manifest.csv,a56e6f77178fa95521c40a47b53b93022fdf4ec1d127b98d2dff1327b1f08003,RETAINED_NON_CVAT_SOURCE
retained_legacy_source_video,pigs031219/000121,,8,0,8,128,E:\PigProjectStorage\PIG_Behavior_Project\outputs\legacy_16f_rebuild\legacy_16f_rebuild_20260718_v2\06_full_recovery\legacy_training_sequence_manifest.csv,a56e6f77178fa95521c40a47b53b93022fdf4ec1d127b98d2dff1327b1f08003,RETAINED_NON_CVAT_SOURCE
retained_legacy_source_video,pigs031219/000122,,8,0,8,128,E:\PigProjectStorage\PIG_Behavior_Project\outputs\legacy_16f_rebuild\legacy_16f_rebuild_20260718_v2\06_full_recovery\legacy_training_sequence_manifest.csv,a56e6f77178fa95521c40a47b53b93022fdf4ec1d127b98d2dff1327b1f08003,RETAINED_NON_CVAT_SOURCE
retained_legacy_source_video,pigs031219/000123,,8,0,8,128,E:\PigProjectStorage\PIG_Behavior_Project\outputs\legacy_16f_rebuild\legacy_16f_rebuild_20260718_v2\06_full_recovery\legacy_training_sequence_manifest.csv,a56e6f77178fa95521c40a47b53b93022fdf4ec1d127b98d2dff1327b1f08003,RETAINED_NON_CVAT_SOURCE
retained_legacy_source_video,pigs031219/000124,,8,0,8,128,E:\PigProjectStorage\PIG_Behavior_Project\outputs\legacy_16f_rebuild\legacy_16f_rebuild_20260718_v2\06_full_recovery\legacy_training_sequence_manifest.csv,a56e6f77178fa95521c40a47b53b93022fdf4ec1d127b98d2dff1327b1f08003,RETAINED_NON_CVAT_SOURCE
retained_legacy_source_video,pigs031219/000125,,8,0,8,128,E:\PigProjectStorage\PIG_Behavior_Project\outputs\legacy_16f_rebuild\legacy_16f_rebuild_20260718_v2\06_full_recovery\legacy_training_sequence_manifest.csv,a56e6f77178fa95521c40a47b53b93022fdf4ec1d127b98d2dff1327b1f08003,RETAINED_NON_CVAT_SOURCE
retained_legacy_source_video,pigs031219/000126,,8,0,8,128,E:\PigProjectStorage\PIG_Behavior_Project\outputs\legacy_16f_rebuild\legacy_16f_rebuild_20260718_v2\06_full_recovery\legacy_training_sequence_manifest.csv,a56e6f77178fa95521c40a47b53b93022fdf4ec1d127b98d2dff1327b1f08003,RETAINED_NON_CVAT_SOURCE
retained_legacy_source_video,pigs031219/000127,,8,0,8,128,E:\PigProjectStorage\PIG_Behavior_Project\outputs\legacy_16f_rebuild\legacy_16f_rebuild_20260718_v2\06_full_recovery\legacy_training_sequence_manifest.csv,a56e6f77178fa95521c40a47b53b93022fdf4ec1d127b98d2dff1327b1f08003,RETAINED_NON_CVAT_SOURCE
retained_legacy_source_video,pigs031219/000128,,8,0,8,128,E:\PigProjectStorage\PIG_Behavior_Project\outputs\legacy_16f_rebuild\legacy_16f_rebuild_20260718_v2\06_full_recovery\legacy_training_sequence_manifest.csv,a56e6f77178fa95521c40a47b53b93022fdf4ec1d127b98d2dff1327b1f08003,RETAINED_NON_CVAT_SOURCE
retained_legacy_source_video,pigs031219/000129,,8,0,8,128,E:\PigProjectStorage\PIG_Behavior_Project\outputs\legacy_16f_rebuild\legacy_16f_rebuild_20260718_v2\06_full_recovery\legacy_training_sequence_manifest.csv,a56e6f77178fa95521c40a47b53b93022fdf4ec1d127b98d2dff1327b1f08003,RETAINED_NON_CVAT_SOURCE
retained_legacy_source_video,pigs031219/000130,,8,0,8,128,E:\PigProjectStorage\PIG_Behavior_Project\outputs\legacy_16f_rebuild\legacy_16f_rebuild_20260718_v2\06_full_recovery\legacy_training_sequence_manifest.csv,a56e6f77178fa95521c40a47b53b93022fdf4ec1d127b98d2dff1327b1f08003,RETAINED_NON_CVAT_SOURCE
retained_legacy_source_video,pigs031219/000131,,8,0,8,128,E:\PigProjectStorage\PIG_Behavior_Project\outputs\legacy_16f_rebuild\legacy_16f_rebuild_20260718_v2\06_full_recovery\legacy_training_sequence_manifest.csv,a56e6f77178fa95521c40a47b53b93022fdf4ec1d127b98d2dff1327b1f08003,RETAINED_NON_CVAT_SOURCE
retained_legacy_source_video,pigs031219/000132,,8,0,8,128,E:\PigProjectStorage\PIG_Behavior_Project\outputs\legacy_16f_rebuild\legacy_16f_rebuild_20260718_v2\06_full_recovery\legacy_training_sequence_manifest.csv,a56e6f77178fa95521c40a47b53b93022fdf4ec1d127b98d2dff1327b1f08003,RETAINED_NON_CVAT_SOURCE
retained_legacy_source_video,pigs031219/000133,,8,0,8,128,E:\PigProjectStorage\PIG_Behavior_Project\outputs\legacy_16f_rebuild\legacy_16f_rebuild_20260718_v2\06_full_recovery\legacy_training_sequence_manifest.csv,a56e6f77178fa95521c40a47b53b93022fdf4ec1d127b98d2dff1327b1f08003,RETAINED_NON_CVAT_SOURCE
retained_legacy_source_video,pigs031219/000134,,8,0,8,128,E:\PigProjectStorage\PIG_Behavior_Project\outputs\legacy_16f_rebuild\legacy_16f_rebuild_20260718_v2\06_full_recovery\legacy_training_sequence_manifest.csv,a56e6f77178fa95521c40a47b53b93022fdf4ec1d127b98d2dff1327b1f08003,RETAINED_NON_CVAT_SOURCE
retained_legacy_source_video,pigs031219/000135,,8,0,8,128,E:\PigProjectStorage\PIG_Behavior_Project\outputs\legacy_16f_rebuild\legacy_16f_rebuild_20260718_v2\06_full_recovery\legacy_training_sequence_manifest.csv,a56e6f77178fa95521c40a47b53b93022fdf4ec1d127b98d2dff1327b1f08003,RETAINED_NON_CVAT_SOURCE
retained_legacy_source_video,pigs031219/000136,,8,0,8,128,E:\PigProjectStorage\PIG_Behavior_Project\outputs\legacy_16f_rebuild\legacy_16f_rebuild_20260718_v2\06_full_recovery\legacy_training_sequence_manifest.csv,a56e6f77178fa95521c40a47b53b93022fdf4ec1d127b98d2dff1327b1f08003,RETAINED_NON_CVAT_SOURCE
retained_legacy_source_video,pigs031219/000137,,8,0,8,128,E:\PigProjectStorage\PIG_Behavior_Project\outputs\legacy_16f_rebuild\legacy_16f_rebuild_20260718_v2\06_full_recovery\legacy_training_sequence_manifest.csv,a56e6f77178fa95521c40a47b53b93022fdf4ec1d127b98d2dff1327b1f08003,RETAINED_NON_CVAT_SOURCE
retained_legacy_source_video,pigs031219/000138,,8,0,8,128,E:\PigProjectStorage\PIG_Behavior_Project\outputs\legacy_16f_rebuild\legacy_16f_rebuild_20260718_v2\06_full_recovery\legacy_training_sequence_manifest.csv,a56e6f77178fa95521c40a47b53b93022fdf4ec1d127b98d2dff1327b1f08003,RETAINED_NON_CVAT_SOURCE
retained_legacy_source_video,pigs031219/000139,,8,0,8,128,E:\PigProjectStorage\PIG_Behavior_Project\outputs\legacy_16f_rebuild\legacy_16f_rebuild_20260718_v2\06_full_recovery\legacy_training_sequence_manifest.csv,a56e6f77178fa95521c40a47b53b93022fdf4ec1d127b98d2dff1327b1f08003,RETAINED_NON_CVAT_SOURCE
retained_legacy_source_video,pigs031219/000140,,8,0,8,128,E:\PigProjectStorage\PIG_Behavior_Project\outputs\legacy_16f_rebuild\legacy_16f_rebuild_20260718_v2\06_full_recovery\legacy_training_sequence_manifest.csv,a56e6f77178fa95521c40a47b53b93022fdf4ec1d127b98d2dff1327b1f08003,RETAINED_NON_CVAT_SOURCE
retained_legacy_source_video,pigs031219/000141,,8,0,8,128,E:\PigProjectStorage\PIG_Behavior_Project\outputs\legacy_16f_rebuild\legacy_16f_rebuild_20260718_v2\06_full_recovery\legacy_training_sequence_manifest.csv,a56e6f77178fa95521c40a47b53b93022fdf4ec1d127b98d2dff1327b1f08003,RETAINED_NON_CVAT_SOURCE
retained_legacy_source_video,pigs031219/000142,,8,0,8,128,E:\PigProjectStorage\PIG_Behavior_Project\outputs\legacy_16f_rebuild\legacy_16f_rebuild_20260718_v2\06_full_recovery\legacy_training_sequence_manifest.csv,a56e6f77178fa95521c40a47b53b93022fdf4ec1d127b98d2dff1327b1f08003,RETAINED_NON_CVAT_SOURCE
retained_legacy_source_video,pigs031219/000143,,8,0,8,128,E:\PigProjectStorage\PIG_Behavior_Project\outputs\legacy_16f_rebuild\legacy_16f_rebuild_20260718_v2\06_full_recovery\legacy_training_sequence_manifest.csv,a56e6f77178fa95521c40a47b53b93022fdf4ec1d127b98d2dff1327b1f08003,RETAINED_NON_CVAT_SOURCE
retained_legacy_source_video,pigs031219/000144,,8,0,8,128,E:\PigProjectStorage\PIG_Behavior_Project\outputs\legacy_16f_rebuild\legacy_16f_rebuild_20260718_v2\06_full_recovery\legacy_training_sequence_manifest.csv,a56e6f77178fa95521c40a47b53b93022fdf4ec1d127b98d2dff1327b1f08003,RETAINED_NON_CVAT_SOURCE
retained_legacy_source_video,pigs031219/000145,,8,0,8,128,E:\PigProjectStorage\PIG_Behavior_Project\outputs\legacy_16f_rebuild\legacy_16f_rebuild_20260718_v2\06_full_recovery\legacy_training_sequence_manifest.csv,a56e6f77178fa95521c40a47b53b93022fdf4ec1d127b98d2dff1327b1f08003,RETAINED_NON_CVAT_SOURCE
retained_legacy_source_video,pigs031219/000146,,8,0,8,128,E:\PigProjectStorage\PIG_Behavior_Project\outputs\legacy_16f_rebuild\legacy_16f_rebuild_20260718_v2\06_full_recovery\legacy_training_sequence_manifest.csv,a56e6f77178fa95521c40a47b53b93022fdf4ec1d127b98d2dff1327b1f08003,RETAINED_NON_CVAT_SOURCE
retained_legacy_source_video,pigs031219/000147,,8,0,8,128,E:\PigProjectStorage\PIG_Behavior_Project\outputs\legacy_16f_rebuild\legacy_16f_rebuild_20260718_v2\06_full_recovery\legacy_training_sequence_manifest.csv,a56e6f77178fa95521c40a47b53b93022fdf4ec1d127b98d2dff1327b1f08003,RETAINED_NON_CVAT_SOURCE
retained_legacy_source_video,pigs031219/000148,,8,0,8,128,E:\PigProjectStorage\PIG_Behavior_Project\outputs\legacy_16f_rebuild\legacy_16f_rebuild_20260718_v2\06_full_recovery\legacy_training_sequence_manifest.csv,a56e6f77178fa95521c40a47b53b93022fdf4ec1d127b98d2dff1327b1f08003,RETAINED_NON_CVAT_SOURCE
retained_legacy_source_video,pigs031219/000149,,8,0,8,128,E:\PigProjectStorage\PIG_Behavior_Project\outputs\legacy_16f_rebuild\legacy_16f_rebuild_20260718_v2\06_full_recovery\legacy_training_sequence_manifest.csv,a56e6f77178fa95521c40a47b53b93022fdf4ec1d127b98d2dff1327b1f08003,RETAINED_NON_CVAT_SOURCE
retained_legacy_source_video,pigs031219/000150,,8,0,8,128,E:\PigProjectStorage\PIG_Behavior_Project\outputs\legacy_16f_rebuild\legacy_16f_rebuild_20260718_v2\06_full_recovery\legacy_training_sequence_manifest.csv,a56e6f77178fa95521c40a47b53b93022fdf4ec1d127b98d2dff1327b1f08003,RETAINED_NON_CVAT_SOURCE
retained_legacy_source_video,pigs031219/000151,,8,0,8,128,E:\PigProjectStorage\PIG_Behavior_Project\outputs\legacy_16f_rebuild\legacy_16f_rebuild_20260718_v2\06_full_recovery\legacy_training_sequence_manifest.csv,a56e6f77178fa95521c40a47b53b93022fdf4ec1d127b98d2dff1327b1f08003,RETAINED_NON_CVAT_SOURCE
retained_legacy_source_video,pigs031219/000152,,8,0,8,128,E:\PigProjectStorage\PIG_Behavior_Project\outputs\legacy_16f_rebuild\legacy_16f_rebuild_20260718_v2\06_full_recovery\legacy_training_sequence_manifest.csv,a56e6f77178fa95521c40a47b53b93022fdf4ec1d127b98d2dff1327b1f08003,RETAINED_NON_CVAT_SOURCE
retained_legacy_source_video,pigs031219/000153,,8,0,8,128,E:\PigProjectStorage\PIG_Behavior_Project\outputs\legacy_16f_rebuild\legacy_16f_rebuild_20260718_v2\06_full_recovery\legacy_training_sequence_manifest.csv,a56e6f77178fa95521c40a47b53b93022fdf4ec1d127b98d2dff1327b1f08003,RETAINED_NON_CVAT_SOURCE
retained_legacy_source_video,pigs031219/000154,,8,0,8,128,E:\PigProjectStorage\PIG_Behavior_Project\outputs\legacy_16f_rebuild\legacy_16f_rebuild_20260718_v2\06_full_recovery\legacy_training_sequence_manifest.csv,a56e6f77178fa95521c40a47b53b93022fdf4ec1d127b98d2dff1327b1f08003,RETAINED_NON_CVAT_SOURCE
retained_legacy_source_video,pigs031219/000155,,8,0,8,128,E:\PigProjectStorage\PIG_Behavior_Project\outputs\legacy_16f_rebuild\legacy_16f_rebuild_20260718_v2\06_full_recovery\legacy_training_sequence_manifest.csv,a56e6f77178fa95521c40a47b53b93022fdf4ec1d127b98d2dff1327b1f08003,RETAINED_NON_CVAT_SOURCE
retained_legacy_source_video,pigs031219/000156,,8,0,8,128,E:\PigProjectStorage\PIG_Behavior_Project\outputs\legacy_16f_rebuild\legacy_16f_rebuild_20260718_v2\06_full_recovery\legacy_training_sequence_manifest.csv,a56e6f77178fa95521c40a47b53b93022fdf4ec1d127b98d2dff1327b1f08003,RETAINED_NON_CVAT_SOURCE
retained_legacy_source_video,pigs031219/000157,,8,0,8,128,E:\PigProjectStorage\PIG_Behavior_Project\outputs\legacy_16f_rebuild\legacy_16f_rebuild_20260718_v2\06_full_recovery\legacy_training_sequence_manifest.csv,a56e6f77178fa95521c40a47b53b93022fdf4ec1d127b98d2dff1327b1f08003,RETAINED_NON_CVAT_SOURCE
retained_legacy_source_video,pigs031219/000158,,8,0,8,128,E:\PigProjectStorage\PIG_Behavior_Project\outputs\legacy_16f_rebuild\legacy_16f_rebuild_20260718_v2\06_full_recovery\legacy_training_sequence_manifest.csv,a56e6f77178fa95521c40a47b53b93022fdf4ec1d127b98d2dff1327b1f08003,RETAINED_NON_CVAT_SOURCE
retained_legacy_source_video,pigs031219/000160,,8,0,8,128,E:\PigProjectStorage\PIG_Behavior_Project\outputs\legacy_16f_rebuild\legacy_16f_rebuild_20260718_v2\06_full_recovery\legacy_training_sequence_manifest.csv,a56e6f77178fa95521c40a47b53b93022fdf4ec1d127b98d2dff1327b1f08003,RETAINED_NON_CVAT_SOURCE
retained_legacy_source_video,pigs031219/000161,,8,0,8,128,E:\PigProjectStorage\PIG_Behavior_Project\outputs\legacy_16f_rebuild\legacy_16f_rebuild_20260718_v2\06_full_recovery\legacy_training_sequence_manifest.csv,a56e6f77178fa95521c40a47b53b93022fdf4ec1d127b98d2dff1327b1f08003,RETAINED_NON_CVAT_SOURCE
retained_legacy_source_video,pigs031219/000162,,8,0,8,128,E:\PigProjectStorage\PIG_Behavior_Project\outputs\legacy_16f_rebuild\legacy_16f_rebuild_20260718_v2\06_full_recovery\legacy_training_sequence_manifest.csv,a56e6f77178fa95521c40a47b53b93022fdf4ec1d127b98d2dff1327b1f08003,RETAINED_NON_CVAT_SOURCE
retained_legacy_source_video,pigs031219/000164,,8,0,8,128,E:\PigProjectStorage\PIG_Behavior_Project\outputs\legacy_16f_rebuild\legacy_16f_rebuild_20260718_v2\06_full_recovery\legacy_training_sequence_manifest.csv,a56e6f77178fa95521c40a47b53b93022fdf4ec1d127b98d2dff1327b1f08003,RETAINED_NON_CVAT_SOURCE
retained_legacy_source_video,pigs031219/000166,,8,0,8,128,E:\PigProjectStorage\PIG_Behavior_Project\outputs\legacy_16f_rebuild\legacy_16f_rebuild_20260718_v2\06_full_recovery\legacy_training_sequence_manifest.csv,a56e6f77178fa95521c40a47b53b93022fdf4ec1d127b98d2dff1327b1f08003,RETAINED_NON_CVAT_SOURCE
retained_legacy_source_video,pigs031219/000167,,8,0,8,128,E:\PigProjectStorage\PIG_Behavior_Project\outputs\legacy_16f_rebuild\legacy_16f_rebuild_20260718_v2\06_full_recovery\legacy_training_sequence_manifest.csv,a56e6f77178fa95521c40a47b53b93022fdf4ec1d127b98d2dff1327b1f08003,RETAINED_NON_CVAT_SOURCE
retained_legacy_source_video,pigs031219/000168,,8,0,8,128,E:\PigProjectStorage\PIG_Behavior_Project\outputs\legacy_16f_rebuild\legacy_16f_rebuild_20260718_v2\06_full_recovery\legacy_training_sequence_manifest.csv,a56e6f77178fa95521c40a47b53b93022fdf4ec1d127b98d2dff1327b1f08003,RETAINED_NON_CVAT_SOURCE
retained_legacy_source_video,pigs031219/000171,,8,0,8,128,E:\PigProjectStorage\PIG_Behavior_Project\outputs\legacy_16f_rebuild\legacy_16f_rebuild_20260718_v2\06_full_recovery\legacy_training_sequence_manifest.csv,a56e6f77178fa95521c40a47b53b93022fdf4ec1d127b98d2dff1327b1f08003,RETAINED_NON_CVAT_SOURCE
retained_legacy_source_video,pigs031219/000174,,5,0,5,80,E:\PigProjectStorage\PIG_Behavior_Project\outputs\legacy_16f_rebuild\legacy_16f_rebuild_20260718_v2\06_full_recovery\legacy_training_sequence_manifest.csv,a56e6f77178fa95521c40a47b53b93022fdf4ec1d127b98d2dff1327b1f08003,RETAINED_NON_CVAT_SOURCE
retained_legacy_source_video,pigs031219/000175,,8,0,8,128,E:\PigProjectStorage\PIG_Behavior_Project\outputs\legacy_16f_rebuild\legacy_16f_rebuild_20260718_v2\06_full_recovery\legacy_training_sequence_manifest.csv,a56e6f77178fa95521c40a47b53b93022fdf4ec1d127b98d2dff1327b1f08003,RETAINED_NON_CVAT_SOURCE
retained_legacy_source_video,pigs031219/000178,,8,0,8,128,E:\PigProjectStorage\PIG_Behavior_Project\outputs\legacy_16f_rebuild\legacy_16f_rebuild_20260718_v2\06_full_recovery\legacy_training_sequence_manifest.csv,a56e6f77178fa95521c40a47b53b93022fdf4ec1d127b98d2dff1327b1f08003,RETAINED_NON_CVAT_SOURCE
retained_legacy_source_video,pigs041219/000179,,8,0,8,128,E:\PigProjectStorage\PIG_Behavior_Project\outputs\legacy_16f_rebuild\legacy_16f_rebuild_20260718_v2\06_full_recovery\legacy_training_sequence_manifest.csv,a56e6f77178fa95521c40a47b53b93022fdf4ec1d127b98d2dff1327b1f08003,RETAINED_NON_CVAT_SOURCE
retained_legacy_source_video,pigs041219/000180,,8,0,8,128,E:\PigProjectStorage\PIG_Behavior_Project\outputs\legacy_16f_rebuild\legacy_16f_rebuild_20260718_v2\06_full_recovery\legacy_training_sequence_manifest.csv,a56e6f77178fa95521c40a47b53b93022fdf4ec1d127b98d2dff1327b1f08003,RETAINED_NON_CVAT_SOURCE
retained_legacy_source_video,pigs041219/000181,,8,0,8,128,E:\PigProjectStorage\PIG_Behavior_Project\outputs\legacy_16f_rebuild\legacy_16f_rebuild_20260718_v2\06_full_recovery\legacy_training_sequence_manifest.csv,a56e6f77178fa95521c40a47b53b93022fdf4ec1d127b98d2dff1327b1f08003,RETAINED_NON_CVAT_SOURCE
retained_legacy_source_video,pigs041219/000182,,8,0,8,128,E:\PigProjectStorage\PIG_Behavior_Project\outputs\legacy_16f_rebuild\legacy_16f_rebuild_20260718_v2\06_full_recovery\legacy_training_sequence_manifest.csv,a56e6f77178fa95521c40a47b53b93022fdf4ec1d127b98d2dff1327b1f08003,RETAINED_NON_CVAT_SOURCE
retained_legacy_source_video,pigs041219/000183,,8,0,8,128,E:\PigProjectStorage\PIG_Behavior_Project\outputs\legacy_16f_rebuild\legacy_16f_rebuild_20260718_v2\06_full_recovery\legacy_training_sequence_manifest.csv,a56e6f77178fa95521c40a47b53b93022fdf4ec1d127b98d2dff1327b1f08003,RETAINED_NON_CVAT_SOURCE
retained_legacy_source_video,pigs041219/000184,,8,0,8,128,E:\PigProjectStorage\PIG_Behavior_Project\outputs\legacy_16f_rebuild\legacy_16f_rebuild_20260718_v2\06_full_recovery\legacy_training_sequence_manifest.csv,a56e6f77178fa95521c40a47b53b93022fdf4ec1d127b98d2dff1327b1f08003,RETAINED_NON_CVAT_SOURCE
retained_legacy_source_video,pigs041219/000185,,7,0,7,112,E:\PigProjectStorage\PIG_Behavior_Project\outputs\legacy_16f_rebuild\legacy_16f_rebuild_20260718_v2\06_full_recovery\legacy_training_sequence_manifest.csv,a56e6f77178fa95521c40a47b53b93022fdf4ec1d127b98d2dff1327b1f08003,RETAINED_NON_CVAT_SOURCE
retained_legacy_source_video,pigs041219/000186,,8,0,8,128,E:\PigProjectStorage\PIG_Behavior_Project\outputs\legacy_16f_rebuild\legacy_16f_rebuild_20260718_v2\06_full_recovery\legacy_training_sequence_manifest.csv,a56e6f77178fa95521c40a47b53b93022fdf4ec1d127b98d2dff1327b1f08003,RETAINED_NON_CVAT_SOURCE
retained_legacy_source_video,pigs041219/000187,,8,0,8,128,E:\PigProjectStorage\PIG_Behavior_Project\outputs\legacy_16f_rebuild\legacy_16f_rebuild_20260718_v2\06_full_recovery\legacy_training_sequence_manifest.csv,a56e6f77178fa95521c40a47b53b93022fdf4ec1d127b98d2dff1327b1f08003,RETAINED_NON_CVAT_SOURCE
retained_legacy_source_video,pigs041219/000188,,8,0,8,128,E:\PigProjectStorage\PIG_Behavior_Project\outputs\legacy_16f_rebuild\legacy_16f_rebuild_20260718_v2\06_full_recovery\legacy_training_sequence_manifest.csv,a56e6f77178fa95521c40a47b53b93022fdf4ec1d127b98d2dff1327b1f08003,RETAINED_NON_CVAT_SOURCE
retained_legacy_source_video,pigs041219/000189,,8,0,8,128,E:\PigProjectStorage\PIG_Behavior_Project\outputs\legacy_16f_rebuild\legacy_16f_rebuild_20260718_v2\06_full_recovery\legacy_training_sequence_manifest.csv,a56e6f77178fa95521c40a47b53b93022fdf4ec1d127b98d2dff1327b1f08003,RETAINED_NON_CVAT_SOURCE
retained_legacy_source_video,pigs041219/000190,,8,0,8,128,E:\PigProjectStorage\PIG_Behavior_Project\outputs\legacy_16f_rebuild\legacy_16f_rebuild_20260718_v2\06_full_recovery\legacy_training_sequence_manifest.csv,a56e6f77178fa95521c40a47b53b93022fdf4ec1d127b98d2dff1327b1f08003,RETAINED_NON_CVAT_SOURCE
retained_legacy_source_video,pigs041219/000191,,8,0,8,128,E:\PigProjectStorage\PIG_Behavior_Project\outputs\legacy_16f_rebuild\legacy_16f_rebuild_20260718_v2\06_full_recovery\legacy_training_sequence_manifest.csv,a56e6f77178fa95521c40a47b53b93022fdf4ec1d127b98d2dff1327b1f08003,RETAINED_NON_CVAT_SOURCE
retained_legacy_source_video,pigs041219/000192,,8,0,8,128,E:\PigProjectStorage\PIG_Behavior_Project\outputs\legacy_16f_rebuild\legacy_16f_rebuild_20260718_v2\06_full_recovery\legacy_training_sequence_manifest.csv,a56e6f77178fa95521c40a47b53b93022fdf4ec1d127b98d2dff1327b1f08003,RETAINED_NON_CVAT_SOURCE
retained_legacy_source_video,pigs041219/000193,,8,0,8,128,E:\PigProjectStorage\PIG_Behavior_Project\outputs\legacy_16f_rebuild\legacy_16f_rebuild_20260718_v2\06_full_recovery\legacy_training_sequence_manifest.csv,a56e6f77178fa95521c40a47b53b93022fdf4ec1d127b98d2dff1327b1f08003,RETAINED_NON_CVAT_SOURCE
retained_legacy_source_video,pigs041219/000194,,8,0,8,128,E:\PigProjectStorage\PIG_Behavior_Project\outputs\legacy_16f_rebuild\legacy_16f_rebuild_20260718_v2\06_full_recovery\legacy_training_sequence_manifest.csv,a56e6f77178fa95521c40a47b53b93022fdf4ec1d127b98d2dff1327b1f08003,RETAINED_NON_CVAT_SOURCE
retained_legacy_source_video,pigs041219/000195,,8,0,8,128,E:\PigProjectStorage\PIG_Behavior_Project\outputs\legacy_16f_rebuild\legacy_16f_rebuild_20260718_v2\06_full_recovery\legacy_training_sequence_manifest.csv,a56e6f77178fa95521c40a47b53b93022fdf4ec1d127b98d2dff1327b1f08003,RETAINED_NON_CVAT_SOURCE
retained_legacy_source_video,pigs041219/000196,,8,0,8,128,E:\PigProjectStorage\PIG_Behavior_Project\outputs\legacy_16f_rebuild\legacy_16f_rebuild_20260718_v2\06_full_recovery\legacy_training_sequence_manifest.csv,a56e6f77178fa95521c40a47b53b93022fdf4ec1d127b98d2dff1327b1f08003,RETAINED_NON_CVAT_SOURCE
retained_legacy_source_video,pigs041219/000197,,8,0,8,128,E:\PigProjectStorage\PIG_Behavior_Project\outputs\legacy_16f_rebuild\legacy_16f_rebuild_20260718_v2\06_full_recovery\legacy_training_sequence_manifest.csv,a56e6f77178fa95521c40a47b53b93022fdf4ec1d127b98d2dff1327b1f08003,RETAINED_NON_CVAT_SOURCE
retained_legacy_source_video,pigs041219/000198,,8,0,8,128,E:\PigProjectStorage\PIG_Behavior_Project\outputs\legacy_16f_rebuild\legacy_16f_rebuild_20260718_v2\06_full_recovery\legacy_training_sequence_manifest.csv,a56e6f77178fa95521c40a47b53b93022fdf4ec1d127b98d2dff1327b1f08003,RETAINED_NON_CVAT_SOURCE
retained_legacy_source_video,pigs041219/000199,,8,0,8,128,E:\PigProjectStorage\PIG_Behavior_Project\outputs\legacy_16f_rebuild\legacy_16f_rebuild_20260718_v2\06_full_recovery\legacy_training_sequence_manifest.csv,a56e6f77178fa95521c40a47b53b93022fdf4ec1d127b98d2dff1327b1f08003,RETAINED_NON_CVAT_SOURCE
retained_legacy_source_video,pigs041219/000200,,8,0,8,128,E:\PigProjectStorage\PIG_Behavior_Project\outputs\legacy_16f_rebuild\legacy_16f_rebuild_20260718_v2\06_full_recovery\legacy_training_sequence_manifest.csv,a56e6f77178fa95521c40a47b53b93022fdf4ec1d127b98d2dff1327b1f08003,RETAINED_NON_CVAT_SOURCE
retained_legacy_source_video,pigs041219/000201,,8,0,8,128,E:\PigProjectStorage\PIG_Behavior_Project\outputs\legacy_16f_rebuild\legacy_16f_rebuild_20260718_v2\06_full_recovery\legacy_training_sequence_manifest.csv,a56e6f77178fa95521c40a47b53b93022fdf4ec1d127b98d2dff1327b1f08003,RETAINED_NON_CVAT_SOURCE
retained_legacy_source_video,pigs041219/000202,,8,0,8,128,E:\PigProjectStorage\PIG_Behavior_Project\outputs\legacy_16f_rebuild\legacy_16f_rebuild_20260718_v2\06_full_recovery\legacy_training_sequence_manifest.csv,a56e6f77178fa95521c40a47b53b93022fdf4ec1d127b98d2dff1327b1f08003,RETAINED_NON_CVAT_SOURCE
retained_legacy_source_video,pigs041219/000203,,8,0,8,128,E:\PigProjectStorage\PIG_Behavior_Project\outputs\legacy_16f_rebuild\legacy_16f_rebuild_20260718_v2\06_full_recovery\legacy_training_sequence_manifest.csv,a56e6f77178fa95521c40a47b53b93022fdf4ec1d127b98d2dff1327b1f08003,RETAINED_NON_CVAT_SOURCE
retained_legacy_source_video,pigs041219/000204,,8,0,8,128,E:\PigProjectStorage\PIG_Behavior_Project\outputs\legacy_16f_rebuild\legacy_16f_rebuild_20260718_v2\06_full_recovery\legacy_training_sequence_manifest.csv,a56e6f77178fa95521c40a47b53b93022fdf4ec1d127b98d2dff1327b1f08003,RETAINED_NON_CVAT_SOURCE
retained_legacy_source_video,pigs041219/000205,,8,0,8,128,E:\PigProjectStorage\PIG_Behavior_Project\outputs\legacy_16f_rebuild\legacy_16f_rebuild_20260718_v2\06_full_recovery\legacy_training_sequence_manifest.csv,a56e6f77178fa95521c40a47b53b93022fdf4ec1d127b98d2dff1327b1f08003,RETAINED_NON_CVAT_SOURCE
retained_legacy_source_video,pigs041219/000206,,7,0,7,112,E:\PigProjectStorage\PIG_Behavior_Project\outputs\legacy_16f_rebuild\legacy_16f_rebuild_20260718_v2\06_full_recovery\legacy_training_sequence_manifest.csv,a56e6f77178fa95521c40a47b53b93022fdf4ec1d127b98d2dff1327b1f08003,RETAINED_NON_CVAT_SOURCE
retained_legacy_source_video,pigs041219/000207,,8,0,8,128,E:\PigProjectStorage\PIG_Behavior_Project\outputs\legacy_16f_rebuild\legacy_16f_rebuild_20260718_v2\06_full_recovery\legacy_training_sequence_manifest.csv,a56e6f77178fa95521c40a47b53b93022fdf4ec1d127b98d2dff1327b1f08003,RETAINED_NON_CVAT_SOURCE
retained_legacy_source_video,pigs041219/000209,,6,0,6,96,E:\PigProjectStorage\PIG_Behavior_Project\outputs\legacy_16f_rebuild\legacy_16f_rebuild_20260718_v2\06_full_recovery\legacy_training_sequence_manifest.csv,a56e6f77178fa95521c40a47b53b93022fdf4ec1d127b98d2dff1327b1f08003,RETAINED_NON_CVAT_SOURCE
retained_legacy_source_video,pigs041219/000210,,8,0,8,128,E:\PigProjectStorage\PIG_Behavior_Project\outputs\legacy_16f_rebuild\legacy_16f_rebuild_20260718_v2\06_full_recovery\legacy_training_sequence_manifest.csv,a56e6f77178fa95521c40a47b53b93022fdf4ec1d127b98d2dff1327b1f08003,RETAINED_NON_CVAT_SOURCE
retained_legacy_source_video,pigs041219/000211,,4,0,4,64,E:\PigProjectStorage\PIG_Behavior_Project\outputs\legacy_16f_rebuild\legacy_16f_rebuild_20260718_v2\06_full_recovery\legacy_training_sequence_manifest.csv,a56e6f77178fa95521c40a47b53b93022fdf4ec1d127b98d2dff1327b1f08003,RETAINED_NON_CVAT_SOURCE
retained_legacy_source_video,pigs041219/000212,,4,0,4,64,E:\PigProjectStorage\PIG_Behavior_Project\outputs\legacy_16f_rebuild\legacy_16f_rebuild_20260718_v2\06_full_recovery\legacy_training_sequence_manifest.csv,a56e6f77178fa95521c40a47b53b93022fdf4ec1d127b98d2dff1327b1f08003,RETAINED_NON_CVAT_SOURCE
retained_legacy_source_video,pigs041219/000215,,1,0,1,16,E:\PigProjectStorage\PIG_Behavior_Project\outputs\legacy_16f_rebuild\legacy_16f_rebuild_20260718_v2\06_full_recovery\legacy_training_sequence_manifest.csv,a56e6f77178fa95521c40a47b53b93022fdf4ec1d127b98d2dff1327b1f08003,RETAINED_NON_CVAT_SOURCE
retained_legacy_source_video,pigs041219/000216,,8,0,8,128,E:\PigProjectStorage\PIG_Behavior_Project\outputs\legacy_16f_rebuild\legacy_16f_rebuild_20260718_v2\06_full_recovery\legacy_training_sequence_manifest.csv,a56e6f77178fa95521c40a47b53b93022fdf4ec1d127b98d2dff1327b1f08003,RETAINED_NON_CVAT_SOURCE
retained_legacy_source_video,pigs041219/000217,,8,0,8,128,E:\PigProjectStorage\PIG_Behavior_Project\outputs\legacy_16f_rebuild\legacy_16f_rebuild_20260718_v2\06_full_recovery\legacy_training_sequence_manifest.csv,a56e6f77178fa95521c40a47b53b93022fdf4ec1d127b98d2dff1327b1f08003,RETAINED_NON_CVAT_SOURCE
retained_legacy_source_video,pigs041219/000218,,8,0,8,128,E:\PigProjectStorage\PIG_Behavior_Project\outputs\legacy_16f_rebuild\legacy_16f_rebuild_20260718_v2\06_full_recovery\legacy_training_sequence_manifest.csv,a56e6f77178fa95521c40a47b53b93022fdf4ec1d127b98d2dff1327b1f08003,RETAINED_NON_CVAT_SOURCE
retained_legacy_source_video,pigs041219/000219,,8,0,8,128,E:\PigProjectStorage\PIG_Behavior_Project\outputs\legacy_16f_rebuild\legacy_16f_rebuild_20260718_v2\06_full_recovery\legacy_training_sequence_manifest.csv,a56e6f77178fa95521c40a47b53b93022fdf4ec1d127b98d2dff1327b1f08003,RETAINED_NON_CVAT_SOURCE
retained_legacy_source_video,pigs041219/000220,,8,0,8,128,E:\PigProjectStorage\PIG_Behavior_Project\outputs\legacy_16f_rebuild\legacy_16f_rebuild_20260718_v2\06_full_recovery\legacy_training_sequence_manifest.csv,a56e6f77178fa95521c40a47b53b93022fdf4ec1d127b98d2dff1327b1f08003,RETAINED_NON_CVAT_SOURCE
retained_legacy_source_video,pigs041219/000221,,8,0,8,128,E:\PigProjectStorage\PIG_Behavior_Project\outputs\legacy_16f_rebuild\legacy_16f_rebuild_20260718_v2\06_full_recovery\legacy_training_sequence_manifest.csv,a56e6f77178fa95521c40a47b53b93022fdf4ec1d127b98d2dff1327b1f08003,RETAINED_NON_CVAT_SOURCE
retained_legacy_source_video,pigs041219/000222,,8,0,8,128,E:\PigProjectStorage\PIG_Behavior_Project\outputs\legacy_16f_rebuild\legacy_16f_rebuild_20260718_v2\06_full_recovery\legacy_training_sequence_manifest.csv,a56e6f77178fa95521c40a47b53b93022fdf4ec1d127b98d2dff1327b1f08003,RETAINED_NON_CVAT_SOURCE
retained_legacy_source_video,pigs041219/000223,,7,0,7,112,E:\PigProjectStorage\PIG_Behavior_Project\outputs\legacy_16f_rebuild\legacy_16f_rebuild_20260718_v2\06_full_recovery\legacy_training_sequence_manifest.csv,a56e6f77178fa95521c40a47b53b93022fdf4ec1d127b98d2dff1327b1f08003,RETAINED_NON_CVAT_SOURCE
retained_legacy_source_video,pigs041219/000224,,8,0,8,128,E:\PigProjectStorage\PIG_Behavior_Project\outputs\legacy_16f_rebuild\legacy_16f_rebuild_20260718_v2\06_full_recovery\legacy_training_sequence_manifest.csv,a56e6f77178fa95521c40a47b53b93022fdf4ec1d127b98d2dff1327b1f08003,RETAINED_NON_CVAT_SOURCE
retained_legacy_source_video,pigs041219/000225,,8,0,8,128,E:\PigProjectStorage\PIG_Behavior_Project\outputs\legacy_16f_rebuild\legacy_16f_rebuild_20260718_v2\06_full_recovery\legacy_training_sequence_manifest.csv,a56e6f77178fa95521c40a47b53b93022fdf4ec1d127b98d2dff1327b1f08003,RETAINED_NON_CVAT_SOURCE
retained_legacy_source_video,pigs041219/000226,,8,0,8,128,E:\PigProjectStorage\PIG_Behavior_Project\outputs\legacy_16f_rebuild\legacy_16f_rebuild_20260718_v2\06_full_recovery\legacy_training_sequence_manifest.csv,a56e6f77178fa95521c40a47b53b93022fdf4ec1d127b98d2dff1327b1f08003,RETAINED_NON_CVAT_SOURCE
retained_legacy_source_video,pigs041219/000227,,8,0,8,128,E:\PigProjectStorage\PIG_Behavior_Project\outputs\legacy_16f_rebuild\legacy_16f_rebuild_20260718_v2\06_full_recovery\legacy_training_sequence_manifest.csv,a56e6f77178fa95521c40a47b53b93022fdf4ec1d127b98d2dff1327b1f08003,RETAINED_NON_CVAT_SOURCE
retained_legacy_source_video,pigs041219/000228,,8,0,8,128,E:\PigProjectStorage\PIG_Behavior_Project\outputs\legacy_16f_rebuild\legacy_16f_rebuild_20260718_v2\06_full_recovery\legacy_training_sequence_manifest.csv,a56e6f77178fa95521c40a47b53b93022fdf4ec1d127b98d2dff1327b1f08003,RETAINED_NON_CVAT_SOURCE
retained_legacy_source_video,pigs041219/000229,,8,0,8,128,E:\PigProjectStorage\PIG_Behavior_Project\outputs\legacy_16f_rebuild\legacy_16f_rebuild_20260718_v2\06_full_recovery\legacy_training_sequence_manifest.csv,a56e6f77178fa95521c40a47b53b93022fdf4ec1d127b98d2dff1327b1f08003,RETAINED_NON_CVAT_SOURCE
retained_legacy_source_video,pigs041219/000230,,8,0,8,128,E:\PigProjectStorage\PIG_Behavior_Project\outputs\legacy_16f_rebuild\legacy_16f_rebuild_20260718_v2\06_full_recovery\legacy_training_sequence_manifest.csv,a56e6f77178fa95521c40a47b53b93022fdf4ec1d127b98d2dff1327b1f08003,RETAINED_NON_CVAT_SOURCE
retained_legacy_source_video,pigs041219/000231,,8,0,8,128,E:\PigProjectStorage\PIG_Behavior_Project\outputs\legacy_16f_rebuild\legacy_16f_rebuild_20260718_v2\06_full_recovery\legacy_training_sequence_manifest.csv,a56e6f77178fa95521c40a47b53b93022fdf4ec1d127b98d2dff1327b1f08003,RETAINED_NON_CVAT_SOURCE
retained_legacy_source_video,pigs041219/000232,,8,0,8,128,E:\PigProjectStorage\PIG_Behavior_Project\outputs\legacy_16f_rebuild\legacy_16f_rebuild_20260718_v2\06_full_recovery\legacy_training_sequence_manifest.csv,a56e6f77178fa95521c40a47b53b93022fdf4ec1d127b98d2dff1327b1f08003,RETAINED_NON_CVAT_SOURCE
retained_legacy_source_video,pigs041219/000233,,8,0,8,128,E:\PigProjectStorage\PIG_Behavior_Project\outputs\legacy_16f_rebuild\legacy_16f_rebuild_20260718_v2\06_full_recovery\legacy_training_sequence_manifest.csv,a56e6f77178fa95521c40a47b53b93022fdf4ec1d127b98d2dff1327b1f08003,RETAINED_NON_CVAT_SOURCE
retained_legacy_source_video,pigs041219/000234,,8,0,8,128,E:\PigProjectStorage\PIG_Behavior_Project\outputs\legacy_16f_rebuild\legacy_16f_rebuild_20260718_v2\06_full_recovery\legacy_training_sequence_manifest.csv,a56e6f77178fa95521c40a47b53b93022fdf4ec1d127b98d2dff1327b1f08003,RETAINED_NON_CVAT_SOURCE
retained_legacy_source_video,pigs041219/000235,,8,0,8,128,E:\PigProjectStorage\PIG_Behavior_Project\outputs\legacy_16f_rebuild\legacy_16f_rebuild_20260718_v2\06_full_recovery\legacy_training_sequence_manifest.csv,a56e6f77178fa95521c40a47b53b93022fdf4ec1d127b98d2dff1327b1f08003,RETAINED_NON_CVAT_SOURCE
retained_legacy_source_video,pigs041219/000236,,8,0,8,128,E:\PigProjectStorage\PIG_Behavior_Project\outputs\legacy_16f_rebuild\legacy_16f_rebuild_20260718_v2\06_full_recovery\legacy_training_sequence_manifest.csv,a56e6f77178fa95521c40a47b53b93022fdf4ec1d127b98d2dff1327b1f08003,RETAINED_NON_CVAT_SOURCE
retained_legacy_source_video,pigs041219/000237,,8,0,8,128,E:\PigProjectStorage\PIG_Behavior_Project\outputs\legacy_16f_rebuild\legacy_16f_rebuild_20260718_v2\06_full_recovery\legacy_training_sequence_manifest.csv,a56e6f77178fa95521c40a47b53b93022fdf4ec1d127b98d2dff1327b1f08003,RETAINED_NON_CVAT_SOURCE
retained_legacy_source_video,pigs041219/000238,,8,0,8,128,E:\PigProjectStorage\PIG_Behavior_Project\outputs\legacy_16f_rebuild\legacy_16f_rebuild_20260718_v2\06_full_recovery\legacy_training_sequence_manifest.csv,a56e6f77178fa95521c40a47b53b93022fdf4ec1d127b98d2dff1327b1f08003,RETAINED_NON_CVAT_SOURCE
retained_legacy_source_video,pigs041219/000239,,8,0,8,128,E:\PigProjectStorage\PIG_Behavior_Project\outputs\legacy_16f_rebuild\legacy_16f_rebuild_20260718_v2\06_full_recovery\legacy_training_sequence_manifest.csv,a56e6f77178fa95521c40a47b53b93022fdf4ec1d127b98d2dff1327b1f08003,RETAINED_NON_CVAT_SOURCE
retained_legacy_source_video,pigs041219/000240,,8,0,8,128,E:\PigProjectStorage\PIG_Behavior_Project\outputs\legacy_16f_rebuild\legacy_16f_rebuild_20260718_v2\06_full_recovery\legacy_training_sequence_manifest.csv,a56e6f77178fa95521c40a47b53b93022fdf4ec1d127b98d2dff1327b1f08003,RETAINED_NON_CVAT_SOURCE
retained_legacy_source_video,pigs041219/000241,,8,0,8,128,E:\PigProjectStorage\PIG_Behavior_Project\outputs\legacy_16f_rebuild\legacy_16f_rebuild_20260718_v2\06_full_recovery\legacy_training_sequence_manifest.csv,a56e6f77178fa95521c40a47b53b93022fdf4ec1d127b98d2dff1327b1f08003,RETAINED_NON_CVAT_SOURCE
retained_legacy_source_video,pigs041219/000242,,8,0,8,128,E:\PigProjectStorage\PIG_Behavior_Project\outputs\legacy_16f_rebuild\legacy_16f_rebuild_20260718_v2\06_full_recovery\legacy_training_sequence_manifest.csv,a56e6f77178fa95521c40a47b53b93022fdf4ec1d127b98d2dff1327b1f08003,RETAINED_NON_CVAT_SOURCE
retained_legacy_source_video,pigs041219/000243,,8,0,8,128,E:\PigProjectStorage\PIG_Behavior_Project\outputs\legacy_16f_rebuild\legacy_16f_rebuild_20260718_v2\06_full_recovery\legacy_training_sequence_manifest.csv,a56e6f77178fa95521c40a47b53b93022fdf4ec1d127b98d2dff1327b1f08003,RETAINED_NON_CVAT_SOURCE
retained_legacy_source_video,pigs041219/000244,,8,0,8,128,E:\PigProjectStorage\PIG_Behavior_Project\outputs\legacy_16f_rebuild\legacy_16f_rebuild_20260718_v2\06_full_recovery\legacy_training_sequence_manifest.csv,a56e6f77178fa95521c40a47b53b93022fdf4ec1d127b98d2dff1327b1f08003,RETAINED_NON_CVAT_SOURCE
retained_legacy_source_video,pigs041219/000245,,8,0,8,128,E:\PigProjectStorage\PIG_Behavior_Project\outputs\legacy_16f_rebuild\legacy_16f_rebuild_20260718_v2\06_full_recovery\legacy_training_sequence_manifest.csv,a56e6f77178fa95521c40a47b53b93022fdf4ec1d127b98d2dff1327b1f08003,RETAINED_NON_CVAT_SOURCE
retained_legacy_source_video,pigs041219/000246,,8,0,8,128,E:\PigProjectStorage\PIG_Behavior_Project\outputs\legacy_16f_rebuild\legacy_16f_rebuild_20260718_v2\06_full_recovery\legacy_training_sequence_manifest.csv,a56e6f77178fa95521c40a47b53b93022fdf4ec1d127b98d2dff1327b1f08003,RETAINED_NON_CVAT_SOURCE
retained_legacy_source_video,pigs041219/000247,,8,0,8,128,E:\PigProjectStorage\PIG_Behavior_Project\outputs\legacy_16f_rebuild\legacy_16f_rebuild_20260718_v2\06_full_recovery\legacy_training_sequence_manifest.csv,a56e6f77178fa95521c40a47b53b93022fdf4ec1d127b98d2dff1327b1f08003,RETAINED_NON_CVAT_SOURCE
retained_legacy_source_video,pigs041219/000248,,8,0,8,128,E:\PigProjectStorage\PIG_Behavior_Project\outputs\legacy_16f_rebuild\legacy_16f_rebuild_20260718_v2\06_full_recovery\legacy_training_sequence_manifest.csv,a56e6f77178fa95521c40a47b53b93022fdf4ec1d127b98d2dff1327b1f08003,RETAINED_NON_CVAT_SOURCE
retained_legacy_source_video,pigs041219/000249,,8,0,8,128,E:\PigProjectStorage\PIG_Behavior_Project\outputs\legacy_16f_rebuild\legacy_16f_rebuild_20260718_v2\06_full_recovery\legacy_training_sequence_manifest.csv,a56e6f77178fa95521c40a47b53b93022fdf4ec1d127b98d2dff1327b1f08003,RETAINED_NON_CVAT_SOURCE
retained_legacy_source_video,pigs041219/000250,,8,0,8,128,E:\PigProjectStorage\PIG_Behavior_Project\outputs\legacy_16f_rebuild\legacy_16f_rebuild_20260718_v2\06_full_recovery\legacy_training_sequence_manifest.csv,a56e6f77178fa95521c40a47b53b93022fdf4ec1d127b98d2dff1327b1f08003,RETAINED_NON_CVAT_SOURCE
retained_legacy_source_video,pigs041219/000251,,8,0,8,128,E:\PigProjectStorage\PIG_Behavior_Project\outputs\legacy_16f_rebuild\legacy_16f_rebuild_20260718_v2\06_full_recovery\legacy_training_sequence_manifest.csv,a56e6f77178fa95521c40a47b53b93022fdf4ec1d127b98d2dff1327b1f08003,RETAINED_NON_CVAT_SOURCE
retained_legacy_source_video,pigs041219/000252,,8,0,8,128,E:\PigProjectStorage\PIG_Behavior_Project\outputs\legacy_16f_rebuild\legacy_16f_rebuild_20260718_v2\06_full_recovery\legacy_training_sequence_manifest.csv,a56e6f77178fa95521c40a47b53b93022fdf4ec1d127b98d2dff1327b1f08003,RETAINED_NON_CVAT_SOURCE
retained_legacy_source_video,pigs041219/000253,,8,0,8,128,E:\PigProjectStorage\PIG_Behavior_Project\outputs\legacy_16f_rebuild\legacy_16f_rebuild_20260718_v2\06_full_recovery\legacy_training_sequence_manifest.csv,a56e6f77178fa95521c40a47b53b93022fdf4ec1d127b98d2dff1327b1f08003,RETAINED_NON_CVAT_SOURCE
retained_legacy_source_video,pigs041219/000254,,8,0,8,128,E:\PigProjectStorage\PIG_Behavior_Project\outputs\legacy_16f_rebuild\legacy_16f_rebuild_20260718_v2\06_full_recovery\legacy_training_sequence_manifest.csv,a56e6f77178fa95521c40a47b53b93022fdf4ec1d127b98d2dff1327b1f08003,RETAINED_NON_CVAT_SOURCE
retained_legacy_source_video,pigs041219/000255,,8,0,8,128,E:\PigProjectStorage\PIG_Behavior_Project\outputs\legacy_16f_rebuild\legacy_16f_rebuild_20260718_v2\06_full_recovery\legacy_training_sequence_manifest.csv,a56e6f77178fa95521c40a47b53b93022fdf4ec1d127b98d2dff1327b1f08003,RETAINED_NON_CVAT_SOURCE
retained_legacy_source_video,pigs041219/000256,,8,0,8,128,E:\PigProjectStorage\PIG_Behavior_Project\outputs\legacy_16f_rebuild\legacy_16f_rebuild_20260718_v2\06_full_recovery\legacy_training_sequence_manifest.csv,a56e6f77178fa95521c40a47b53b93022fdf4ec1d127b98d2dff1327b1f08003,RETAINED_NON_CVAT_SOURCE
retained_legacy_source_video,pigs041219/000257,,8,0,8,128,E:\PigProjectStorage\PIG_Behavior_Project\outputs\legacy_16f_rebuild\legacy_16f_rebuild_20260718_v2\06_full_recovery\legacy_training_sequence_manifest.csv,a56e6f77178fa95521c40a47b53b93022fdf4ec1d127b98d2dff1327b1f08003,RETAINED_NON_CVAT_SOURCE
retained_legacy_source_video,pigs041219/000260,,8,0,8,128,E:\PigProjectStorage\PIG_Behavior_Project\outputs\legacy_16f_rebuild\legacy_16f_rebuild_20260718_v2\06_full_recovery\legacy_training_sequence_manifest.csv,a56e6f77178fa95521c40a47b53b93022fdf4ec1d127b98d2dff1327b1f08003,RETAINED_NON_CVAT_SOURCE
retained_legacy_source_video,pigs041219/000261,,8,0,8,128,E:\PigProjectStorage\PIG_Behavior_Project\outputs\legacy_16f_rebuild\legacy_16f_rebuild_20260718_v2\06_full_recovery\legacy_training_sequence_manifest.csv,a56e6f77178fa95521c40a47b53b93022fdf4ec1d127b98d2dff1327b1f08003,RETAINED_NON_CVAT_SOURCE
retained_legacy_source_video,pigs041219/000262,,8,0,8,128,E:\PigProjectStorage\PIG_Behavior_Project\outputs\legacy_16f_rebuild\legacy_16f_rebuild_20260718_v2\06_full_recovery\legacy_training_sequence_manifest.csv,a56e6f77178fa95521c40a47b53b93022fdf4ec1d127b98d2dff1327b1f08003,RETAINED_NON_CVAT_SOURCE
retained_legacy_source_video,pigs041219/000263,,8,0,8,128,E:\PigProjectStorage\PIG_Behavior_Project\outputs\legacy_16f_rebuild\legacy_16f_rebuild_20260718_v2\06_full_recovery\legacy_training_sequence_manifest.csv,a56e6f77178fa95521c40a47b53b93022fdf4ec1d127b98d2dff1327b1f08003,RETAINED_NON_CVAT_SOURCE
retained_legacy_source_video,pigs041219/000266,,8,0,8,128,E:\PigProjectStorage\PIG_Behavior_Project\outputs\legacy_16f_rebuild\legacy_16f_rebuild_20260718_v2\06_full_recovery\legacy_training_sequence_manifest.csv,a56e6f77178fa95521c40a47b53b93022fdf4ec1d127b98d2dff1327b1f08003,RETAINED_NON_CVAT_SOURCE
retained_legacy_source_video,pigs041219/000269,,8,0,8,128,E:\PigProjectStorage\PIG_Behavior_Project\outputs\legacy_16f_rebuild\legacy_16f_rebuild_20260718_v2\06_full_recovery\legacy_training_sequence_manifest.csv,a56e6f77178fa95521c40a47b53b93022fdf4ec1d127b98d2dff1327b1f08003,RETAINED_NON_CVAT_SOURCE
retained_legacy_source_video,pigs041219/000270,,8,0,8,128,E:\PigProjectStorage\PIG_Behavior_Project\outputs\legacy_16f_rebuild\legacy_16f_rebuild_20260718_v2\06_full_recovery\legacy_training_sequence_manifest.csv,a56e6f77178fa95521c40a47b53b93022fdf4ec1d127b98d2dff1327b1f08003,RETAINED_NON_CVAT_SOURCE
retained_legacy_source_video,pigs041219/000271,,8,0,8,128,E:\PigProjectStorage\PIG_Behavior_Project\outputs\legacy_16f_rebuild\legacy_16f_rebuild_20260718_v2\06_full_recovery\legacy_training_sequence_manifest.csv,a56e6f77178fa95521c40a47b53b93022fdf4ec1d127b98d2dff1327b1f08003,RETAINED_NON_CVAT_SOURCE
retained_legacy_source_video,pigs041219/000272,,8,0,8,128,E:\PigProjectStorage\PIG_Behavior_Project\outputs\legacy_16f_rebuild\legacy_16f_rebuild_20260718_v2\06_full_recovery\legacy_training_sequence_manifest.csv,a56e6f77178fa95521c40a47b53b93022fdf4ec1d127b98d2dff1327b1f08003,RETAINED_NON_CVAT_SOURCE
retained_legacy_source_video,pigs041219/000273,,8,0,8,128,E:\PigProjectStorage\PIG_Behavior_Project\outputs\legacy_16f_rebuild\legacy_16f_rebuild_20260718_v2\06_full_recovery\legacy_training_sequence_manifest.csv,a56e6f77178fa95521c40a47b53b93022fdf4ec1d127b98d2dff1327b1f08003,RETAINED_NON_CVAT_SOURCE
retained_legacy_source_video,pigs041219/000274,,8,0,8,128,E:\PigProjectStorage\PIG_Behavior_Project\outputs\legacy_16f_rebuild\legacy_16f_rebuild_20260718_v2\06_full_recovery\legacy_training_sequence_manifest.csv,a56e6f77178fa95521c40a47b53b93022fdf4ec1d127b98d2dff1327b1f08003,RETAINED_NON_CVAT_SOURCE
retained_legacy_source_video,pigs041219/000275,,8,0,8,128,E:\PigProjectStorage\PIG_Behavior_Project\outputs\legacy_16f_rebuild\legacy_16f_rebuild_20260718_v2\06_full_recovery\legacy_training_sequence_manifest.csv,a56e6f77178fa95521c40a47b53b93022fdf4ec1d127b98d2dff1327b1f08003,RETAINED_NON_CVAT_SOURCE
retained_legacy_source_video,pigs041219/000276,,8,0,8,128,E:\PigProjectStorage\PIG_Behavior_Project\outputs\legacy_16f_rebuild\legacy_16f_rebuild_20260718_v2\06_full_recovery\legacy_training_sequence_manifest.csv,a56e6f77178fa95521c40a47b53b93022fdf4ec1d127b98d2dff1327b1f08003,RETAINED_NON_CVAT_SOURCE
retained_legacy_source_video,pigs041219/000277,,8,0,8,128,E:\PigProjectStorage\PIG_Behavior_Project\outputs\legacy_16f_rebuild\legacy_16f_rebuild_20260718_v2\06_full_recovery\legacy_training_sequence_manifest.csv,a56e6f77178fa95521c40a47b53b93022fdf4ec1d127b98d2dff1327b1f08003,RETAINED_NON_CVAT_SOURCE
retained_legacy_source_video,pigs041219/000279,,8,0,8,128,E:\PigProjectStorage\PIG_Behavior_Project\outputs\legacy_16f_rebuild\legacy_16f_rebuild_20260718_v2\06_full_recovery\legacy_training_sequence_manifest.csv,a56e6f77178fa95521c40a47b53b93022fdf4ec1d127b98d2dff1327b1f08003,RETAINED_NON_CVAT_SOURCE
retained_legacy_source_video,pigs041219/000280,,8,0,8,128,E:\PigProjectStorage\PIG_Behavior_Project\outputs\legacy_16f_rebuild\legacy_16f_rebuild_20260718_v2\06_full_recovery\legacy_training_sequence_manifest.csv,a56e6f77178fa95521c40a47b53b93022fdf4ec1d127b98d2dff1327b1f08003,RETAINED_NON_CVAT_SOURCE
retained_legacy_source_video,pigs041219/000283,,8,0,8,128,E:\PigProjectStorage\PIG_Behavior_Project\outputs\legacy_16f_rebuild\legacy_16f_rebuild_20260718_v2\06_full_recovery\legacy_training_sequence_manifest.csv,a56e6f77178fa95521c40a47b53b93022fdf4ec1d127b98d2dff1327b1f08003,RETAINED_NON_CVAT_SOURCE
retained_legacy_source_video,pigs041219/000284,,8,0,8,128,E:\PigProjectStorage\PIG_Behavior_Project\outputs\legacy_16f_rebuild\legacy_16f_rebuild_20260718_v2\06_full_recovery\legacy_training_sequence_manifest.csv,a56e6f77178fa95521c40a47b53b93022fdf4ec1d127b98d2dff1327b1f08003,RETAINED_NON_CVAT_SOURCE
retained_legacy_source_video,pigs041219/000286,,8,0,8,128,E:\PigProjectStorage\PIG_Behavior_Project\outputs\legacy_16f_rebuild\legacy_16f_rebuild_20260718_v2\06_full_recovery\legacy_training_sequence_manifest.csv,a56e6f77178fa95521c40a47b53b93022fdf4ec1d127b98d2dff1327b1f08003,RETAINED_NON_CVAT_SOURCE
retained_legacy_source_video,pigs041219/000293,,8,0,8,128,E:\PigProjectStorage\PIG_Behavior_Project\outputs\legacy_16f_rebuild\legacy_16f_rebuild_20260718_v2\06_full_recovery\legacy_training_sequence_manifest.csv,a56e6f77178fa95521c40a47b53b93022fdf4ec1d127b98d2dff1327b1f08003,RETAINED_NON_CVAT_SOURCE
retained_legacy_source_video,pigs051219/000294,,8,0,8,128,E:\PigProjectStorage\PIG_Behavior_Project\outputs\legacy_16f_rebuild\legacy_16f_rebuild_20260718_v2\06_full_recovery\legacy_training_sequence_manifest.csv,a56e6f77178fa95521c40a47b53b93022fdf4ec1d127b98d2dff1327b1f08003,RETAINED_NON_CVAT_SOURCE
retained_legacy_source_video,pigs051219/000295,,8,0,8,128,E:\PigProjectStorage\PIG_Behavior_Project\outputs\legacy_16f_rebuild\legacy_16f_rebuild_20260718_v2\06_full_recovery\legacy_training_sequence_manifest.csv,a56e6f77178fa95521c40a47b53b93022fdf4ec1d127b98d2dff1327b1f08003,RETAINED_NON_CVAT_SOURCE
retained_legacy_source_video,pigs051219/000296,,8,0,8,128,E:\PigProjectStorage\PIG_Behavior_Project\outputs\legacy_16f_rebuild\legacy_16f_rebuild_20260718_v2\06_full_recovery\legacy_training_sequence_manifest.csv,a56e6f77178fa95521c40a47b53b93022fdf4ec1d127b98d2dff1327b1f08003,RETAINED_NON_CVAT_SOURCE
retained_legacy_source_video,pigs051219/000297,,8,0,8,128,E:\PigProjectStorage\PIG_Behavior_Project\outputs\legacy_16f_rebuild\legacy_16f_rebuild_20260718_v2\06_full_recovery\legacy_training_sequence_manifest.csv,a56e6f77178fa95521c40a47b53b93022fdf4ec1d127b98d2dff1327b1f08003,RETAINED_NON_CVAT_SOURCE
retained_legacy_source_video,pigs051219/000298,,8,0,8,128,E:\PigProjectStorage\PIG_Behavior_Project\outputs\legacy_16f_rebuild\legacy_16f_rebuild_20260718_v2\06_full_recovery\legacy_training_sequence_manifest.csv,a56e6f77178fa95521c40a47b53b93022fdf4ec1d127b98d2dff1327b1f08003,RETAINED_NON_CVAT_SOURCE
retained_legacy_source_video,pigs051219/000299,,8,0,8,128,E:\PigProjectStorage\PIG_Behavior_Project\outputs\legacy_16f_rebuild\legacy_16f_rebuild_20260718_v2\06_full_recovery\legacy_training_sequence_manifest.csv,a56e6f77178fa95521c40a47b53b93022fdf4ec1d127b98d2dff1327b1f08003,RETAINED_NON_CVAT_SOURCE
retained_legacy_source_video,pigs051219/000300,,8,0,8,128,E:\PigProjectStorage\PIG_Behavior_Project\outputs\legacy_16f_rebuild\legacy_16f_rebuild_20260718_v2\06_full_recovery\legacy_training_sequence_manifest.csv,a56e6f77178fa95521c40a47b53b93022fdf4ec1d127b98d2dff1327b1f08003,RETAINED_NON_CVAT_SOURCE
retained_legacy_source_video,pigs051219/000301,,8,0,8,128,E:\PigProjectStorage\PIG_Behavior_Project\outputs\legacy_16f_rebuild\legacy_16f_rebuild_20260718_v2\06_full_recovery\legacy_training_sequence_manifest.csv,a56e6f77178fa95521c40a47b53b93022fdf4ec1d127b98d2dff1327b1f08003,RETAINED_NON_CVAT_SOURCE
retained_legacy_source_video,pigs051219/000302,,8,0,8,128,E:\PigProjectStorage\PIG_Behavior_Project\outputs\legacy_16f_rebuild\legacy_16f_rebuild_20260718_v2\06_full_recovery\legacy_training_sequence_manifest.csv,a56e6f77178fa95521c40a47b53b93022fdf4ec1d127b98d2dff1327b1f08003,RETAINED_NON_CVAT_SOURCE
retained_legacy_source_video,pigs051219/000303,,8,0,8,128,E:\PigProjectStorage\PIG_Behavior_Project\outputs\legacy_16f_rebuild\legacy_16f_rebuild_20260718_v2\06_full_recovery\legacy_training_sequence_manifest.csv,a56e6f77178fa95521c40a47b53b93022fdf4ec1d127b98d2dff1327b1f08003,RETAINED_NON_CVAT_SOURCE
retained_legacy_source_video,pigs051219/000304,,8,0,8,128,E:\PigProjectStorage\PIG_Behavior_Project\outputs\legacy_16f_rebuild\legacy_16f_rebuild_20260718_v2\06_full_recovery\legacy_training_sequence_manifest.csv,a56e6f77178fa95521c40a47b53b93022fdf4ec1d127b98d2dff1327b1f08003,RETAINED_NON_CVAT_SOURCE
retained_legacy_source_video,pigs051219/000305,,8,0,8,128,E:\PigProjectStorage\PIG_Behavior_Project\outputs\legacy_16f_rebuild\legacy_16f_rebuild_20260718_v2\06_full_recovery\legacy_training_sequence_manifest.csv,a56e6f77178fa95521c40a47b53b93022fdf4ec1d127b98d2dff1327b1f08003,RETAINED_NON_CVAT_SOURCE
retained_legacy_source_video,pigs051219/000314,,8,0,8,128,E:\PigProjectStorage\PIG_Behavior_Project\outputs\legacy_16f_rebuild\legacy_16f_rebuild_20260718_v2\06_full_recovery\legacy_training_sequence_manifest.csv,a56e6f77178fa95521c40a47b53b93022fdf4ec1d127b98d2dff1327b1f08003,RETAINED_NON_CVAT_SOURCE
retained_legacy_source_video,pigs051219/000316,,8,0,8,128,E:\PigProjectStorage\PIG_Behavior_Project\outputs\legacy_16f_rebuild\legacy_16f_rebuild_20260718_v2\06_full_recovery\legacy_training_sequence_manifest.csv,a56e6f77178fa95521c40a47b53b93022fdf4ec1d127b98d2dff1327b1f08003,RETAINED_NON_CVAT_SOURCE
retained_legacy_source_video,pigs051219/000317,,8,0,8,128,E:\PigProjectStorage\PIG_Behavior_Project\outputs\legacy_16f_rebuild\legacy_16f_rebuild_20260718_v2\06_full_recovery\legacy_training_sequence_manifest.csv,a56e6f77178fa95521c40a47b53b93022fdf4ec1d127b98d2dff1327b1f08003,RETAINED_NON_CVAT_SOURCE
retained_legacy_source_video,pigs051219/000318,,8,0,8,128,E:\PigProjectStorage\PIG_Behavior_Project\outputs\legacy_16f_rebuild\legacy_16f_rebuild_20260718_v2\06_full_recovery\legacy_training_sequence_manifest.csv,a56e6f77178fa95521c40a47b53b93022fdf4ec1d127b98d2dff1327b1f08003,RETAINED_NON_CVAT_SOURCE
retained_legacy_source_video,pigs051219/000320,,8,0,8,128,E:\PigProjectStorage\PIG_Behavior_Project\outputs\legacy_16f_rebuild\legacy_16f_rebuild_20260718_v2\06_full_recovery\legacy_training_sequence_manifest.csv,a56e6f77178fa95521c40a47b53b93022fdf4ec1d127b98d2dff1327b1f08003,RETAINED_NON_CVAT_SOURCE
retained_legacy_source_video,pigs051219/000321,,8,0,8,128,E:\PigProjectStorage\PIG_Behavior_Project\outputs\legacy_16f_rebuild\legacy_16f_rebuild_20260718_v2\06_full_recovery\legacy_training_sequence_manifest.csv,a56e6f77178fa95521c40a47b53b93022fdf4ec1d127b98d2dff1327b1f08003,RETAINED_NON_CVAT_SOURCE
retained_legacy_source_video,pigs051219/000322,,8,0,8,128,E:\PigProjectStorage\PIG_Behavior_Project\outputs\legacy_16f_rebuild\legacy_16f_rebuild_20260718_v2\06_full_recovery\legacy_training_sequence_manifest.csv,a56e6f77178fa95521c40a47b53b93022fdf4ec1d127b98d2dff1327b1f08003,RETAINED_NON_CVAT_SOURCE
retained_legacy_source_video,pigs051219/000323,,8,0,8,128,E:\PigProjectStorage\PIG_Behavior_Project\outputs\legacy_16f_rebuild\legacy_16f_rebuild_20260718_v2\06_full_recovery\legacy_training_sequence_manifest.csv,a56e6f77178fa95521c40a47b53b93022fdf4ec1d127b98d2dff1327b1f08003,RETAINED_NON_CVAT_SOURCE
retained_legacy_source_video,pigs051219/000324,,8,0,8,128,E:\PigProjectStorage\PIG_Behavior_Project\outputs\legacy_16f_rebuild\legacy_16f_rebuild_20260718_v2\06_full_recovery\legacy_training_sequence_manifest.csv,a56e6f77178fa95521c40a47b53b93022fdf4ec1d127b98d2dff1327b1f08003,RETAINED_NON_CVAT_SOURCE
retained_legacy_source_video,pigs051219/000326,,7,0,7,112,E:\PigProjectStorage\PIG_Behavior_Project\outputs\legacy_16f_rebuild\legacy_16f_rebuild_20260718_v2\06_full_recovery\legacy_training_sequence_manifest.csv,a56e6f77178fa95521c40a47b53b93022fdf4ec1d127b98d2dff1327b1f08003,RETAINED_NON_CVAT_SOURCE
retained_legacy_source_video,pigs051219/000327,,8,0,8,128,E:\PigProjectStorage\PIG_Behavior_Project\outputs\legacy_16f_rebuild\legacy_16f_rebuild_20260718_v2\06_full_recovery\legacy_training_sequence_manifest.csv,a56e6f77178fa95521c40a47b53b93022fdf4ec1d127b98d2dff1327b1f08003,RETAINED_NON_CVAT_SOURCE
retained_legacy_source_video,pigs051219/000328,,8,0,8,128,E:\PigProjectStorage\PIG_Behavior_Project\outputs\legacy_16f_rebuild\legacy_16f_rebuild_20260718_v2\06_full_recovery\legacy_training_sequence_manifest.csv,a56e6f77178fa95521c40a47b53b93022fdf4ec1d127b98d2dff1327b1f08003,RETAINED_NON_CVAT_SOURCE
retained_legacy_source_video,pigs051219/000329,,5,0,5,80,E:\PigProjectStorage\PIG_Behavior_Project\outputs\legacy_16f_rebuild\legacy_16f_rebuild_20260718_v2\06_full_recovery\legacy_training_sequence_manifest.csv,a56e6f77178fa95521c40a47b53b93022fdf4ec1d127b98d2dff1327b1f08003,RETAINED_NON_CVAT_SOURCE
retained_legacy_source_video,pigs051219/000330,,5,0,5,80,E:\PigProjectStorage\PIG_Behavior_Project\outputs\legacy_16f_rebuild\legacy_16f_rebuild_20260718_v2\06_full_recovery\legacy_training_sequence_manifest.csv,a56e6f77178fa95521c40a47b53b93022fdf4ec1d127b98d2dff1327b1f08003,RETAINED_NON_CVAT_SOURCE
retained_legacy_source_video,pigs051219/000331,,8,0,8,128,E:\PigProjectStorage\PIG_Behavior_Project\outputs\legacy_16f_rebuild\legacy_16f_rebuild_20260718_v2\06_full_recovery\legacy_training_sequence_manifest.csv,a56e6f77178fa95521c40a47b53b93022fdf4ec1d127b98d2dff1327b1f08003,RETAINED_NON_CVAT_SOURCE
retained_legacy_source_video,pigs051219/000332,,8,0,8,128,E:\PigProjectStorage\PIG_Behavior_Project\outputs\legacy_16f_rebuild\legacy_16f_rebuild_20260718_v2\06_full_recovery\legacy_training_sequence_manifest.csv,a56e6f77178fa95521c40a47b53b93022fdf4ec1d127b98d2dff1327b1f08003,RETAINED_NON_CVAT_SOURCE
retained_legacy_source_video,pigs051219/000333,,8,0,8,128,E:\PigProjectStorage\PIG_Behavior_Project\outputs\legacy_16f_rebuild\legacy_16f_rebuild_20260718_v2\06_full_recovery\legacy_training_sequence_manifest.csv,a56e6f77178fa95521c40a47b53b93022fdf4ec1d127b98d2dff1327b1f08003,RETAINED_NON_CVAT_SOURCE
retained_legacy_source_video,pigs051219/000334,,8,0,8,128,E:\PigProjectStorage\PIG_Behavior_Project\outputs\legacy_16f_rebuild\legacy_16f_rebuild_20260718_v2\06_full_recovery\legacy_training_sequence_manifest.csv,a56e6f77178fa95521c40a47b53b93022fdf4ec1d127b98d2dff1327b1f08003,RETAINED_NON_CVAT_SOURCE
retained_legacy_source_video,pigs051219/000335,,8,0,8,128,E:\PigProjectStorage\PIG_Behavior_Project\outputs\legacy_16f_rebuild\legacy_16f_rebuild_20260718_v2\06_full_recovery\legacy_training_sequence_manifest.csv,a56e6f77178fa95521c40a47b53b93022fdf4ec1d127b98d2dff1327b1f08003,RETAINED_NON_CVAT_SOURCE
retained_legacy_source_video,pigs051219/000336,,8,0,8,128,E:\PigProjectStorage\PIG_Behavior_Project\outputs\legacy_16f_rebuild\legacy_16f_rebuild_20260718_v2\06_full_recovery\legacy_training_sequence_manifest.csv,a56e6f77178fa95521c40a47b53b93022fdf4ec1d127b98d2dff1327b1f08003,RETAINED_NON_CVAT_SOURCE
retained_legacy_source_video,pigs051219/000337,,8,0,8,128,E:\PigProjectStorage\PIG_Behavior_Project\outputs\legacy_16f_rebuild\legacy_16f_rebuild_20260718_v2\06_full_recovery\legacy_training_sequence_manifest.csv,a56e6f77178fa95521c40a47b53b93022fdf4ec1d127b98d2dff1327b1f08003,RETAINED_NON_CVAT_SOURCE
retained_legacy_source_video,pigs051219/000338,,7,0,7,112,E:\PigProjectStorage\PIG_Behavior_Project\outputs\legacy_16f_rebuild\legacy_16f_rebuild_20260718_v2\06_full_recovery\legacy_training_sequence_manifest.csv,a56e6f77178fa95521c40a47b53b93022fdf4ec1d127b98d2dff1327b1f08003,RETAINED_NON_CVAT_SOURCE
retained_legacy_source_video,pigs051219/000339,,8,0,8,128,E:\PigProjectStorage\PIG_Behavior_Project\outputs\legacy_16f_rebuild\legacy_16f_rebuild_20260718_v2\06_full_recovery\legacy_training_sequence_manifest.csv,a56e6f77178fa95521c40a47b53b93022fdf4ec1d127b98d2dff1327b1f08003,RETAINED_NON_CVAT_SOURCE
retained_legacy_source_video,pigs051219/000340,,8,0,8,128,E:\PigProjectStorage\PIG_Behavior_Project\outputs\legacy_16f_rebuild\legacy_16f_rebuild_20260718_v2\06_full_recovery\legacy_training_sequence_manifest.csv,a56e6f77178fa95521c40a47b53b93022fdf4ec1d127b98d2dff1327b1f08003,RETAINED_NON_CVAT_SOURCE
retained_legacy_source_video,pigs051219/000341,,8,0,8,128,E:\PigProjectStorage\PIG_Behavior_Project\outputs\legacy_16f_rebuild\legacy_16f_rebuild_20260718_v2\06_full_recovery\legacy_training_sequence_manifest.csv,a56e6f77178fa95521c40a47b53b93022fdf4ec1d127b98d2dff1327b1f08003,RETAINED_NON_CVAT_SOURCE
retained_legacy_source_video,pigs081119/000298,,8,0,8,128,E:\PigProjectStorage\PIG_Behavior_Project\outputs\legacy_16f_rebuild\legacy_16f_rebuild_20260718_v2\06_full_recovery\legacy_training_sequence_manifest.csv,a56e6f77178fa95521c40a47b53b93022fdf4ec1d127b98d2dff1327b1f08003,RETAINED_NON_CVAT_SOURCE
retained_legacy_source_video,pigs081119/000299,,8,0,8,128,E:\PigProjectStorage\PIG_Behavior_Project\outputs\legacy_16f_rebuild\legacy_16f_rebuild_20260718_v2\06_full_recovery\legacy_training_sequence_manifest.csv,a56e6f77178fa95521c40a47b53b93022fdf4ec1d127b98d2dff1327b1f08003,RETAINED_NON_CVAT_SOURCE
retained_legacy_source_video,pigs081119/000300,,8,0,8,128,E:\PigProjectStorage\PIG_Behavior_Project\outputs\legacy_16f_rebuild\legacy_16f_rebuild_20260718_v2\06_full_recovery\legacy_training_sequence_manifest.csv,a56e6f77178fa95521c40a47b53b93022fdf4ec1d127b98d2dff1327b1f08003,RETAINED_NON_CVAT_SOURCE
retained_legacy_source_video,pigs081119/000301,,8,0,8,128,E:\PigProjectStorage\PIG_Behavior_Project\outputs\legacy_16f_rebuild\legacy_16f_rebuild_20260718_v2\06_full_recovery\legacy_training_sequence_manifest.csv,a56e6f77178fa95521c40a47b53b93022fdf4ec1d127b98d2dff1327b1f08003,RETAINED_NON_CVAT_SOURCE
retained_legacy_source_video,pigs081119/000302,,8,0,8,128,E:\PigProjectStorage\PIG_Behavior_Project\outputs\legacy_16f_rebuild\legacy_16f_rebuild_20260718_v2\06_full_recovery\legacy_training_sequence_manifest.csv,a56e6f77178fa95521c40a47b53b93022fdf4ec1d127b98d2dff1327b1f08003,RETAINED_NON_CVAT_SOURCE
retained_legacy_source_video,pigs081119/000303,,8,0,8,128,E:\PigProjectStorage\PIG_Behavior_Project\outputs\legacy_16f_rebuild\legacy_16f_rebuild_20260718_v2\06_full_recovery\legacy_training_sequence_manifest.csv,a56e6f77178fa95521c40a47b53b93022fdf4ec1d127b98d2dff1327b1f08003,RETAINED_NON_CVAT_SOURCE
retained_legacy_source_video,pigs081119/000304,,8,0,8,128,E:\PigProjectStorage\PIG_Behavior_Project\outputs\legacy_16f_rebuild\legacy_16f_rebuild_20260718_v2\06_full_recovery\legacy_training_sequence_manifest.csv,a56e6f77178fa95521c40a47b53b93022fdf4ec1d127b98d2dff1327b1f08003,RETAINED_NON_CVAT_SOURCE
retained_legacy_source_video,pigs081119/000305,,8,0,8,128,E:\PigProjectStorage\PIG_Behavior_Project\outputs\legacy_16f_rebuild\legacy_16f_rebuild_20260718_v2\06_full_recovery\legacy_training_sequence_manifest.csv,a56e6f77178fa95521c40a47b53b93022fdf4ec1d127b98d2dff1327b1f08003,RETAINED_NON_CVAT_SOURCE
retained_legacy_source_video,pigs081119/000306,,8,0,8,128,E:\PigProjectStorage\PIG_Behavior_Project\outputs\legacy_16f_rebuild\legacy_16f_rebuild_20260718_v2\06_full_recovery\legacy_training_sequence_manifest.csv,a56e6f77178fa95521c40a47b53b93022fdf4ec1d127b98d2dff1327b1f08003,RETAINED_NON_CVAT_SOURCE
retained_legacy_source_video,pigs081119/000307,,8,0,8,128,E:\PigProjectStorage\PIG_Behavior_Project\outputs\legacy_16f_rebuild\legacy_16f_rebuild_20260718_v2\06_full_recovery\legacy_training_sequence_manifest.csv,a56e6f77178fa95521c40a47b53b93022fdf4ec1d127b98d2dff1327b1f08003,RETAINED_NON_CVAT_SOURCE
retained_legacy_source_video,pigs081119/000308,,8,0,8,128,E:\PigProjectStorage\PIG_Behavior_Project\outputs\legacy_16f_rebuild\legacy_16f_rebuild_20260718_v2\06_full_recovery\legacy_training_sequence_manifest.csv,a56e6f77178fa95521c40a47b53b93022fdf4ec1d127b98d2dff1327b1f08003,RETAINED_NON_CVAT_SOURCE
retained_legacy_source_video,pigs081119/000309,,8,0,8,128,E:\PigProjectStorage\PIG_Behavior_Project\outputs\legacy_16f_rebuild\legacy_16f_rebuild_20260718_v2\06_full_recovery\legacy_training_sequence_manifest.csv,a56e6f77178fa95521c40a47b53b93022fdf4ec1d127b98d2dff1327b1f08003,RETAINED_NON_CVAT_SOURCE
retained_legacy_source_video,pigs081119/000311,,3,0,3,48,E:\PigProjectStorage\PIG_Behavior_Project\outputs\legacy_16f_rebuild\legacy_16f_rebuild_20260718_v2\06_full_recovery\legacy_training_sequence_manifest.csv,a56e6f77178fa95521c40a47b53b93022fdf4ec1d127b98d2dff1327b1f08003,RETAINED_NON_CVAT_SOURCE
retained_legacy_source_video,pigs081119/000312,,3,0,3,48,E:\PigProjectStorage\PIG_Behavior_Project\outputs\legacy_16f_rebuild\legacy_16f_rebuild_20260718_v2\06_full_recovery\legacy_training_sequence_manifest.csv,a56e6f77178fa95521c40a47b53b93022fdf4ec1d127b98d2dff1327b1f08003,RETAINED_NON_CVAT_SOURCE
retained_legacy_source_video,pigs081119/000314,,8,0,8,128,E:\PigProjectStorage\PIG_Behavior_Project\outputs\legacy_16f_rebuild\legacy_16f_rebuild_20260718_v2\06_full_recovery\legacy_training_sequence_manifest.csv,a56e6f77178fa95521c40a47b53b93022fdf4ec1d127b98d2dff1327b1f08003,RETAINED_NON_CVAT_SOURCE
retained_legacy_source_video,pigs081119/000316,,8,0,8,128,E:\PigProjectStorage\PIG_Behavior_Project\outputs\legacy_16f_rebuild\legacy_16f_rebuild_20260718_v2\06_full_recovery\legacy_training_sequence_manifest.csv,a56e6f77178fa95521c40a47b53b93022fdf4ec1d127b98d2dff1327b1f08003,RETAINED_NON_CVAT_SOURCE
retained_legacy_source_video,pigs081119/000321,,7,0,7,112,E:\PigProjectStorage\PIG_Behavior_Project\outputs\legacy_16f_rebuild\legacy_16f_rebuild_20260718_v2\06_full_recovery\legacy_training_sequence_manifest.csv,a56e6f77178fa95521c40a47b53b93022fdf4ec1d127b98d2dff1327b1f08003,RETAINED_NON_CVAT_SOURCE
retained_legacy_source_video,pigs081119/000322,,8,0,8,128,E:\PigProjectStorage\PIG_Behavior_Project\outputs\legacy_16f_rebuild\legacy_16f_rebuild_20260718_v2\06_full_recovery\legacy_training_sequence_manifest.csv,a56e6f77178fa95521c40a47b53b93022fdf4ec1d127b98d2dff1327b1f08003,RETAINED_NON_CVAT_SOURCE
retained_legacy_source_video,pigs081119/000323,,3,0,3,48,E:\PigProjectStorage\PIG_Behavior_Project\outputs\legacy_16f_rebuild\legacy_16f_rebuild_20260718_v2\06_full_recovery\legacy_training_sequence_manifest.csv,a56e6f77178fa95521c40a47b53b93022fdf4ec1d127b98d2dff1327b1f08003,RETAINED_NON_CVAT_SOURCE
retained_legacy_source_video,pigs081119/000324,,8,0,8,128,E:\PigProjectStorage\PIG_Behavior_Project\outputs\legacy_16f_rebuild\legacy_16f_rebuild_20260718_v2\06_full_recovery\legacy_training_sequence_manifest.csv,a56e6f77178fa95521c40a47b53b93022fdf4ec1d127b98d2dff1327b1f08003,RETAINED_NON_CVAT_SOURCE
retained_legacy_source_video,pigs081119/000326,,8,0,8,128,E:\PigProjectStorage\PIG_Behavior_Project\outputs\legacy_16f_rebuild\legacy_16f_rebuild_20260718_v2\06_full_recovery\legacy_training_sequence_manifest.csv,a56e6f77178fa95521c40a47b53b93022fdf4ec1d127b98d2dff1327b1f08003,RETAINED_NON_CVAT_SOURCE
retained_legacy_source_video,pigs081119/000327,,2,0,2,32,E:\PigProjectStorage\PIG_Behavior_Project\outputs\legacy_16f_rebuild\legacy_16f_rebuild_20260718_v2\06_full_recovery\legacy_training_sequence_manifest.csv,a56e6f77178fa95521c40a47b53b93022fdf4ec1d127b98d2dff1327b1f08003,RETAINED_NON_CVAT_SOURCE
retained_legacy_source_video,pigs081119/000329,,8,0,8,128,E:\PigProjectStorage\PIG_Behavior_Project\outputs\legacy_16f_rebuild\legacy_16f_rebuild_20260718_v2\06_full_recovery\legacy_training_sequence_manifest.csv,a56e6f77178fa95521c40a47b53b93022fdf4ec1d127b98d2dff1327b1f08003,RETAINED_NON_CVAT_SOURCE
retained_legacy_source_video,pigs081119/000330,,2,0,2,32,E:\PigProjectStorage\PIG_Behavior_Project\outputs\legacy_16f_rebuild\legacy_16f_rebuild_20260718_v2\06_full_recovery\legacy_training_sequence_manifest.csv,a56e6f77178fa95521c40a47b53b93022fdf4ec1d127b98d2dff1327b1f08003,RETAINED_NON_CVAT_SOURCE
retained_legacy_source_video,pigs081119/000331,,8,0,8,128,E:\PigProjectStorage\PIG_Behavior_Project\outputs\legacy_16f_rebuild\legacy_16f_rebuild_20260718_v2\06_full_recovery\legacy_training_sequence_manifest.csv,a56e6f77178fa95521c40a47b53b93022fdf4ec1d127b98d2dff1327b1f08003,RETAINED_NON_CVAT_SOURCE
retained_legacy_source_video,pigs081119/000332,,8,0,8,128,E:\PigProjectStorage\PIG_Behavior_Project\outputs\legacy_16f_rebuild\legacy_16f_rebuild_20260718_v2\06_full_recovery\legacy_training_sequence_manifest.csv,a56e6f77178fa95521c40a47b53b93022fdf4ec1d127b98d2dff1327b1f08003,RETAINED_NON_CVAT_SOURCE
retained_legacy_source_video,pigs081119/000333,,8,0,8,128,E:\PigProjectStorage\PIG_Behavior_Project\outputs\legacy_16f_rebuild\legacy_16f_rebuild_20260718_v2\06_full_recovery\legacy_training_sequence_manifest.csv,a56e6f77178fa95521c40a47b53b93022fdf4ec1d127b98d2dff1327b1f08003,RETAINED_NON_CVAT_SOURCE
retained_legacy_source_video,pigs081119/000335,,7,0,7,112,E:\PigProjectStorage\PIG_Behavior_Project\outputs\legacy_16f_rebuild\legacy_16f_rebuild_20260718_v2\06_full_recovery\legacy_training_sequence_manifest.csv,a56e6f77178fa95521c40a47b53b93022fdf4ec1d127b98d2dff1327b1f08003,RETAINED_NON_CVAT_SOURCE
retained_legacy_source_video,pigs081119/000336,,8,0,8,128,E:\PigProjectStorage\PIG_Behavior_Project\outputs\legacy_16f_rebuild\legacy_16f_rebuild_20260718_v2\06_full_recovery\legacy_training_sequence_manifest.csv,a56e6f77178fa95521c40a47b53b93022fdf4ec1d127b98d2dff1327b1f08003,RETAINED_NON_CVAT_SOURCE
retained_legacy_source_video,pigs081119/000337,,1,0,1,16,E:\PigProjectStorage\PIG_Behavior_Project\outputs\legacy_16f_rebuild\legacy_16f_rebuild_20260718_v2\06_full_recovery\legacy_training_sequence_manifest.csv,a56e6f77178fa95521c40a47b53b93022fdf4ec1d127b98d2dff1327b1f08003,RETAINED_NON_CVAT_SOURCE
retained_legacy_source_video,pigs081119/000338,,8,0,8,128,E:\PigProjectStorage\PIG_Behavior_Project\outputs\legacy_16f_rebuild\legacy_16f_rebuild_20260718_v2\06_full_recovery\legacy_training_sequence_manifest.csv,a56e6f77178fa95521c40a47b53b93022fdf4ec1d127b98d2dff1327b1f08003,RETAINED_NON_CVAT_SOURCE
retained_legacy_source_video,pigs081119/000339,,1,0,1,16,E:\PigProjectStorage\PIG_Behavior_Project\outputs\legacy_16f_rebuild\legacy_16f_rebuild_20260718_v2\06_full_recovery\legacy_training_sequence_manifest.csv,a56e6f77178fa95521c40a47b53b93022fdf4ec1d127b98d2dff1327b1f08003,RETAINED_NON_CVAT_SOURCE
retained_legacy_source_video,pigs081119/000340,,8,0,8,128,E:\PigProjectStorage\PIG_Behavior_Project\outputs\legacy_16f_rebuild\legacy_16f_rebuild_20260718_v2\06_full_recovery\legacy_training_sequence_manifest.csv,a56e6f77178fa95521c40a47b53b93022fdf4ec1d127b98d2dff1327b1f08003,RETAINED_NON_CVAT_SOURCE
retained_legacy_source_video,pigs081119/000341,,8,0,8,128,E:\PigProjectStorage\PIG_Behavior_Project\outputs\legacy_16f_rebuild\legacy_16f_rebuild_20260718_v2\06_full_recovery\legacy_training_sequence_manifest.csv,a56e6f77178fa95521c40a47b53b93022fdf4ec1d127b98d2dff1327b1f08003,RETAINED_NON_CVAT_SOURCE
retained_legacy_source_video,pigs081119/000342,,8,0,8,128,E:\PigProjectStorage\PIG_Behavior_Project\outputs\legacy_16f_rebuild\legacy_16f_rebuild_20260718_v2\06_full_recovery\legacy_training_sequence_manifest.csv,a56e6f77178fa95521c40a47b53b93022fdf4ec1d127b98d2dff1327b1f08003,RETAINED_NON_CVAT_SOURCE
retained_legacy_source_video,pigs081119/000343,,1,0,1,16,E:\PigProjectStorage\PIG_Behavior_Project\outputs\legacy_16f_rebuild\legacy_16f_rebuild_20260718_v2\06_full_recovery\legacy_training_sequence_manifest.csv,a56e6f77178fa95521c40a47b53b93022fdf4ec1d127b98d2dff1327b1f08003,RETAINED_NON_CVAT_SOURCE
retained_legacy_source_video,pigs081119/000345,,8,0,8,128,E:\PigProjectStorage\PIG_Behavior_Project\outputs\legacy_16f_rebuild\legacy_16f_rebuild_20260718_v2\06_full_recovery\legacy_training_sequence_manifest.csv,a56e6f77178fa95521c40a47b53b93022fdf4ec1d127b98d2dff1327b1f08003,RETAINED_NON_CVAT_SOURCE
retained_legacy_source_video,pigs081119/000347,,7,0,7,112,E:\PigProjectStorage\PIG_Behavior_Project\outputs\legacy_16f_rebuild\legacy_16f_rebuild_20260718_v2\06_full_recovery\legacy_training_sequence_manifest.csv,a56e6f77178fa95521c40a47b53b93022fdf4ec1d127b98d2dff1327b1f08003,RETAINED_NON_CVAT_SOURCE
retained_legacy_source_video,pigs081119/000350,,2,0,2,32,E:\PigProjectStorage\PIG_Behavior_Project\outputs\legacy_16f_rebuild\legacy_16f_rebuild_20260718_v2\06_full_recovery\legacy_training_sequence_manifest.csv,a56e6f77178fa95521c40a47b53b93022fdf4ec1d127b98d2dff1327b1f08003,RETAINED_NON_CVAT_SOURCE
retained_legacy_source_video,pigs081119/000351,,8,0,8,128,E:\PigProjectStorage\PIG_Behavior_Project\outputs\legacy_16f_rebuild\legacy_16f_rebuild_20260718_v2\06_full_recovery\legacy_training_sequence_manifest.csv,a56e6f77178fa95521c40a47b53b93022fdf4ec1d127b98d2dff1327b1f08003,RETAINED_NON_CVAT_SOURCE
retained_legacy_source_video,pigs081119/000352,,8,0,8,128,E:\PigProjectStorage\PIG_Behavior_Project\outputs\legacy_16f_rebuild\legacy_16f_rebuild_20260718_v2\06_full_recovery\legacy_training_sequence_manifest.csv,a56e6f77178fa95521c40a47b53b93022fdf4ec1d127b98d2dff1327b1f08003,RETAINED_NON_CVAT_SOURCE
retained_legacy_source_video,pigs081119/000353,,8,0,8,128,E:\PigProjectStorage\PIG_Behavior_Project\outputs\legacy_16f_rebuild\legacy_16f_rebuild_20260718_v2\06_full_recovery\legacy_training_sequence_manifest.csv,a56e6f77178fa95521c40a47b53b93022fdf4ec1d127b98d2dff1327b1f08003,RETAINED_NON_CVAT_SOURCE
retained_legacy_source_video,pigs081119/000354,,8,0,8,128,E:\PigProjectStorage\PIG_Behavior_Project\outputs\legacy_16f_rebuild\legacy_16f_rebuild_20260718_v2\06_full_recovery\legacy_training_sequence_manifest.csv,a56e6f77178fa95521c40a47b53b93022fdf4ec1d127b98d2dff1327b1f08003,RETAINED_NON_CVAT_SOURCE
retained_legacy_source_video,pigs081119/000355,,8,0,8,128,E:\PigProjectStorage\PIG_Behavior_Project\outputs\legacy_16f_rebuild\legacy_16f_rebuild_20260718_v2\06_full_recovery\legacy_training_sequence_manifest.csv,a56e6f77178fa95521c40a47b53b93022fdf4ec1d127b98d2dff1327b1f08003,RETAINED_NON_CVAT_SOURCE
retained_legacy_source_video,pigs081119/000356,,8,0,8,128,E:\PigProjectStorage\PIG_Behavior_Project\outputs\legacy_16f_rebuild\legacy_16f_rebuild_20260718_v2\06_full_recovery\legacy_training_sequence_manifest.csv,a56e6f77178fa95521c40a47b53b93022fdf4ec1d127b98d2dff1327b1f08003,RETAINED_NON_CVAT_SOURCE
retained_legacy_source_video,pigs081119/000357,,8,0,8,128,E:\PigProjectStorage\PIG_Behavior_Project\outputs\legacy_16f_rebuild\legacy_16f_rebuild_20260718_v2\06_full_recovery\legacy_training_sequence_manifest.csv,a56e6f77178fa95521c40a47b53b93022fdf4ec1d127b98d2dff1327b1f08003,RETAINED_NON_CVAT_SOURCE
retained_legacy_source_video,pigs081119/000358,,8,0,8,128,E:\PigProjectStorage\PIG_Behavior_Project\outputs\legacy_16f_rebuild\legacy_16f_rebuild_20260718_v2\06_full_recovery\legacy_training_sequence_manifest.csv,a56e6f77178fa95521c40a47b53b93022fdf4ec1d127b98d2dff1327b1f08003,RETAINED_NON_CVAT_SOURCE
retained_legacy_source_video,pigs081119/000359,,8,0,8,128,E:\PigProjectStorage\PIG_Behavior_Project\outputs\legacy_16f_rebuild\legacy_16f_rebuild_20260718_v2\06_full_recovery\legacy_training_sequence_manifest.csv,a56e6f77178fa95521c40a47b53b93022fdf4ec1d127b98d2dff1327b1f08003,RETAINED_NON_CVAT_SOURCE
retained_legacy_source_video,pigs081119/000360,,4,0,4,64,E:\PigProjectStorage\PIG_Behavior_Project\outputs\legacy_16f_rebuild\legacy_16f_rebuild_20260718_v2\06_full_recovery\legacy_training_sequence_manifest.csv,a56e6f77178fa95521c40a47b53b93022fdf4ec1d127b98d2dff1327b1f08003,RETAINED_NON_CVAT_SOURCE
retained_legacy_source_video,pigs081119/000361,,8,0,8,128,E:\PigProjectStorage\PIG_Behavior_Project\outputs\legacy_16f_rebuild\legacy_16f_rebuild_20260718_v2\06_full_recovery\legacy_training_sequence_manifest.csv,a56e6f77178fa95521c40a47b53b93022fdf4ec1d127b98d2dff1327b1f08003,RETAINED_NON_CVAT_SOURCE
retained_legacy_source_video,pigs081119/000363,,8,0,8,128,E:\PigProjectStorage\PIG_Behavior_Project\outputs\legacy_16f_rebuild\legacy_16f_rebuild_20260718_v2\06_full_recovery\legacy_training_sequence_manifest.csv,a56e6f77178fa95521c40a47b53b93022fdf4ec1d127b98d2dff1327b1f08003,RETAINED_NON_CVAT_SOURCE
retained_legacy_source_video,pigs081119/000364,,2,0,2,32,E:\PigProjectStorage\PIG_Behavior_Project\outputs\legacy_16f_rebuild\legacy_16f_rebuild_20260718_v2\06_full_recovery\legacy_training_sequence_manifest.csv,a56e6f77178fa95521c40a47b53b93022fdf4ec1d127b98d2dff1327b1f08003,RETAINED_NON_CVAT_SOURCE
retained_legacy_source_video,pigs081119/000365,,8,0,8,128,E:\PigProjectStorage\PIG_Behavior_Project\outputs\legacy_16f_rebuild\legacy_16f_rebuild_20260718_v2\06_full_recovery\legacy_training_sequence_manifest.csv,a56e6f77178fa95521c40a47b53b93022fdf4ec1d127b98d2dff1327b1f08003,RETAINED_NON_CVAT_SOURCE
retained_legacy_source_video,pigs081119/000366,,8,0,8,128,E:\PigProjectStorage\PIG_Behavior_Project\outputs\legacy_16f_rebuild\legacy_16f_rebuild_20260718_v2\06_full_recovery\legacy_training_sequence_manifest.csv,a56e6f77178fa95521c40a47b53b93022fdf4ec1d127b98d2dff1327b1f08003,RETAINED_NON_CVAT_SOURCE
retained_legacy_source_video,pigs081119/000367,,8,0,8,128,E:\PigProjectStorage\PIG_Behavior_Project\outputs\legacy_16f_rebuild\legacy_16f_rebuild_20260718_v2\06_full_recovery\legacy_training_sequence_manifest.csv,a56e6f77178fa95521c40a47b53b93022fdf4ec1d127b98d2dff1327b1f08003,RETAINED_NON_CVAT_SOURCE
retained_legacy_source_video,pigs081119/000368,,8,0,8,128,E:\PigProjectStorage\PIG_Behavior_Project\outputs\legacy_16f_rebuild\legacy_16f_rebuild_20260718_v2\06_full_recovery\legacy_training_sequence_manifest.csv,a56e6f77178fa95521c40a47b53b93022fdf4ec1d127b98d2dff1327b1f08003,RETAINED_NON_CVAT_SOURCE
retained_legacy_source_video,pigs081119/000369,,1,0,1,16,E:\PigProjectStorage\PIG_Behavior_Project\outputs\legacy_16f_rebuild\legacy_16f_rebuild_20260718_v2\06_full_recovery\legacy_training_sequence_manifest.csv,a56e6f77178fa95521c40a47b53b93022fdf4ec1d127b98d2dff1327b1f08003,RETAINED_NON_CVAT_SOURCE
retained_legacy_source_video,pigs081119/000370,,8,0,8,128,E:\PigProjectStorage\PIG_Behavior_Project\outputs\legacy_16f_rebuild\legacy_16f_rebuild_20260718_v2\06_full_recovery\legacy_training_sequence_manifest.csv,a56e6f77178fa95521c40a47b53b93022fdf4ec1d127b98d2dff1327b1f08003,RETAINED_NON_CVAT_SOURCE
retained_legacy_source_video,pigs081119/000371,,8,0,8,128,E:\PigProjectStorage\PIG_Behavior_Project\outputs\legacy_16f_rebuild\legacy_16f_rebuild_20260718_v2\06_full_recovery\legacy_training_sequence_manifest.csv,a56e6f77178fa95521c40a47b53b93022fdf4ec1d127b98d2dff1327b1f08003,RETAINED_NON_CVAT_SOURCE
retained_legacy_source_video,pigs081119/000372,,8,0,8,128,E:\PigProjectStorage\PIG_Behavior_Project\outputs\legacy_16f_rebuild\legacy_16f_rebuild_20260718_v2\06_full_recovery\legacy_training_sequence_manifest.csv,a56e6f77178fa95521c40a47b53b93022fdf4ec1d127b98d2dff1327b1f08003,RETAINED_NON_CVAT_SOURCE
retained_legacy_source_video,pigs081119/000373,,8,0,8,128,E:\PigProjectStorage\PIG_Behavior_Project\outputs\legacy_16f_rebuild\legacy_16f_rebuild_20260718_v2\06_full_recovery\legacy_training_sequence_manifest.csv,a56e6f77178fa95521c40a47b53b93022fdf4ec1d127b98d2dff1327b1f08003,RETAINED_NON_CVAT_SOURCE
retained_legacy_source_video,pigs081119/000374,,8,0,8,128,E:\PigProjectStorage\PIG_Behavior_Project\outputs\legacy_16f_rebuild\legacy_16f_rebuild_20260718_v2\06_full_recovery\legacy_training_sequence_manifest.csv,a56e6f77178fa95521c40a47b53b93022fdf4ec1d127b98d2dff1327b1f08003,RETAINED_NON_CVAT_SOURCE
retained_legacy_source_video,pigs081119/000375,,4,0,4,64,E:\PigProjectStorage\PIG_Behavior_Project\outputs\legacy_16f_rebuild\legacy_16f_rebuild_20260718_v2\06_full_recovery\legacy_training_sequence_manifest.csv,a56e6f77178fa95521c40a47b53b93022fdf4ec1d127b98d2dff1327b1f08003,RETAINED_NON_CVAT_SOURCE
retained_legacy_source_video,pigs081119/000376,,8,0,8,128,E:\PigProjectStorage\PIG_Behavior_Project\outputs\legacy_16f_rebuild\legacy_16f_rebuild_20260718_v2\06_full_recovery\legacy_training_sequence_manifest.csv,a56e6f77178fa95521c40a47b53b93022fdf4ec1d127b98d2dff1327b1f08003,RETAINED_NON_CVAT_SOURCE
retained_legacy_source_video,pigs081119/000377,,8,0,8,128,E:\PigProjectStorage\PIG_Behavior_Project\outputs\legacy_16f_rebuild\legacy_16f_rebuild_20260718_v2\06_full_recovery\legacy_training_sequence_manifest.csv,a56e6f77178fa95521c40a47b53b93022fdf4ec1d127b98d2dff1327b1f08003,RETAINED_NON_CVAT_SOURCE
retained_legacy_source_video,pigs081119/000378,,8,0,8,128,E:\PigProjectStorage\PIG_Behavior_Project\outputs\legacy_16f_rebuild\legacy_16f_rebuild_20260718_v2\06_full_recovery\legacy_training_sequence_manifest.csv,a56e6f77178fa95521c40a47b53b93022fdf4ec1d127b98d2dff1327b1f08003,RETAINED_NON_CVAT_SOURCE
retained_legacy_source_video,pigs081119/000380,,8,0,8,128,E:\PigProjectStorage\PIG_Behavior_Project\outputs\legacy_16f_rebuild\legacy_16f_rebuild_20260718_v2\06_full_recovery\legacy_training_sequence_manifest.csv,a56e6f77178fa95521c40a47b53b93022fdf4ec1d127b98d2dff1327b1f08003,RETAINED_NON_CVAT_SOURCE
retained_legacy_source_video,pigs081119/000381,,8,0,8,128,E:\PigProjectStorage\PIG_Behavior_Project\outputs\legacy_16f_rebuild\legacy_16f_rebuild_20260718_v2\06_full_recovery\legacy_training_sequence_manifest.csv,a56e6f77178fa95521c40a47b53b93022fdf4ec1d127b98d2dff1327b1f08003,RETAINED_NON_CVAT_SOURCE
retained_legacy_source_video,pigs081119/000383,,8,0,8,128,E:\PigProjectStorage\PIG_Behavior_Project\outputs\legacy_16f_rebuild\legacy_16f_rebuild_20260718_v2\06_full_recovery\legacy_training_sequence_manifest.csv,a56e6f77178fa95521c40a47b53b93022fdf4ec1d127b98d2dff1327b1f08003,RETAINED_NON_CVAT_SOURCE
retained_legacy_source_video,pigs081119/000385,,7,0,7,112,E:\PigProjectStorage\PIG_Behavior_Project\outputs\legacy_16f_rebuild\legacy_16f_rebuild_20260718_v2\06_full_recovery\legacy_training_sequence_manifest.csv,a56e6f77178fa95521c40a47b53b93022fdf4ec1d127b98d2dff1327b1f08003,RETAINED_NON_CVAT_SOURCE
retained_legacy_source_video,pigs081119/000402,,1,0,1,16,E:\PigProjectStorage\PIG_Behavior_Project\outputs\legacy_16f_rebuild\legacy_16f_rebuild_20260718_v2\06_full_recovery\legacy_training_sequence_manifest.csv,a56e6f77178fa95521c40a47b53b93022fdf4ec1d127b98d2dff1327b1f08003,RETAINED_NON_CVAT_SOURCE
retained_legacy_source_video,pigs081119/000403,,8,0,8,128,E:\PigProjectStorage\PIG_Behavior_Project\outputs\legacy_16f_rebuild\legacy_16f_rebuild_20260718_v2\06_full_recovery\legacy_training_sequence_manifest.csv,a56e6f77178fa95521c40a47b53b93022fdf4ec1d127b98d2dff1327b1f08003,RETAINED_NON_CVAT_SOURCE
retained_legacy_source_video,pigs091119/000410,,1,0,1,16,E:\PigProjectStorage\PIG_Behavior_Project\outputs\legacy_16f_rebuild\legacy_16f_rebuild_20260718_v2\06_full_recovery\legacy_training_sequence_manifest.csv,a56e6f77178fa95521c40a47b53b93022fdf4ec1d127b98d2dff1327b1f08003,RETAINED_NON_CVAT_SOURCE
retained_legacy_source_video,pigs091119/000411,,8,0,8,128,E:\PigProjectStorage\PIG_Behavior_Project\outputs\legacy_16f_rebuild\legacy_16f_rebuild_20260718_v2\06_full_recovery\legacy_training_sequence_manifest.csv,a56e6f77178fa95521c40a47b53b93022fdf4ec1d127b98d2dff1327b1f08003,RETAINED_NON_CVAT_SOURCE
retained_legacy_source_video,pigs091119/000415,,8,0,8,128,E:\PigProjectStorage\PIG_Behavior_Project\outputs\legacy_16f_rebuild\legacy_16f_rebuild_20260718_v2\06_full_recovery\legacy_training_sequence_manifest.csv,a56e6f77178fa95521c40a47b53b93022fdf4ec1d127b98d2dff1327b1f08003,RETAINED_NON_CVAT_SOURCE
retained_legacy_source_video,pigs091119/000416,,7,0,7,112,E:\PigProjectStorage\PIG_Behavior_Project\outputs\legacy_16f_rebuild\legacy_16f_rebuild_20260718_v2\06_full_recovery\legacy_training_sequence_manifest.csv,a56e6f77178fa95521c40a47b53b93022fdf4ec1d127b98d2dff1327b1f08003,RETAINED_NON_CVAT_SOURCE
retained_legacy_source_video,pigs091119/000417,,8,0,8,128,E:\PigProjectStorage\PIG_Behavior_Project\outputs\legacy_16f_rebuild\legacy_16f_rebuild_20260718_v2\06_full_recovery\legacy_training_sequence_manifest.csv,a56e6f77178fa95521c40a47b53b93022fdf4ec1d127b98d2dff1327b1f08003,RETAINED_NON_CVAT_SOURCE
retained_legacy_source_video,pigs091119/000418,,8,0,8,128,E:\PigProjectStorage\PIG_Behavior_Project\outputs\legacy_16f_rebuild\legacy_16f_rebuild_20260718_v2\06_full_recovery\legacy_training_sequence_manifest.csv,a56e6f77178fa95521c40a47b53b93022fdf4ec1d127b98d2dff1327b1f08003,RETAINED_NON_CVAT_SOURCE
retained_legacy_source_video,pigs091119/000419,,8,0,8,128,E:\PigProjectStorage\PIG_Behavior_Project\outputs\legacy_16f_rebuild\legacy_16f_rebuild_20260718_v2\06_full_recovery\legacy_training_sequence_manifest.csv,a56e6f77178fa95521c40a47b53b93022fdf4ec1d127b98d2dff1327b1f08003,RETAINED_NON_CVAT_SOURCE
retained_legacy_source_video,pigs091119/000420,,8,0,8,128,E:\PigProjectStorage\PIG_Behavior_Project\outputs\legacy_16f_rebuild\legacy_16f_rebuild_20260718_v2\06_full_recovery\legacy_training_sequence_manifest.csv,a56e6f77178fa95521c40a47b53b93022fdf4ec1d127b98d2dff1327b1f08003,RETAINED_NON_CVAT_SOURCE
retained_legacy_source_video,pigs091119/000421,,8,0,8,128,E:\PigProjectStorage\PIG_Behavior_Project\outputs\legacy_16f_rebuild\legacy_16f_rebuild_20260718_v2\06_full_recovery\legacy_training_sequence_manifest.csv,a56e6f77178fa95521c40a47b53b93022fdf4ec1d127b98d2dff1327b1f08003,RETAINED_NON_CVAT_SOURCE
retained_legacy_source_video,pigs091119/000422,,8,0,8,128,E:\PigProjectStorage\PIG_Behavior_Project\outputs\legacy_16f_rebuild\legacy_16f_rebuild_20260718_v2\06_full_recovery\legacy_training_sequence_manifest.csv,a56e6f77178fa95521c40a47b53b93022fdf4ec1d127b98d2dff1327b1f08003,RETAINED_NON_CVAT_SOURCE
retained_legacy_source_video,pigs091119/000423,,8,0,8,128,E:\PigProjectStorage\PIG_Behavior_Project\outputs\legacy_16f_rebuild\legacy_16f_rebuild_20260718_v2\06_full_recovery\legacy_training_sequence_manifest.csv,a56e6f77178fa95521c40a47b53b93022fdf4ec1d127b98d2dff1327b1f08003,RETAINED_NON_CVAT_SOURCE
retained_legacy_source_video,pigs091119/000424,,8,0,8,128,E:\PigProjectStorage\PIG_Behavior_Project\outputs\legacy_16f_rebuild\legacy_16f_rebuild_20260718_v2\06_full_recovery\legacy_training_sequence_manifest.csv,a56e6f77178fa95521c40a47b53b93022fdf4ec1d127b98d2dff1327b1f08003,RETAINED_NON_CVAT_SOURCE
retained_legacy_source_video,pigs091119/000425,,8,0,8,128,E:\PigProjectStorage\PIG_Behavior_Project\outputs\legacy_16f_rebuild\legacy_16f_rebuild_20260718_v2\06_full_recovery\legacy_training_sequence_manifest.csv,a56e6f77178fa95521c40a47b53b93022fdf4ec1d127b98d2dff1327b1f08003,RETAINED_NON_CVAT_SOURCE
retained_legacy_source_video,pigs091119/000427,,2,0,2,32,E:\PigProjectStorage\PIG_Behavior_Project\outputs\legacy_16f_rebuild\legacy_16f_rebuild_20260718_v2\06_full_recovery\legacy_training_sequence_manifest.csv,a56e6f77178fa95521c40a47b53b93022fdf4ec1d127b98d2dff1327b1f08003,RETAINED_NON_CVAT_SOURCE
retained_legacy_source_video,pigs091119/000428,,8,0,8,128,E:\PigProjectStorage\PIG_Behavior_Project\outputs\legacy_16f_rebuild\legacy_16f_rebuild_20260718_v2\06_full_recovery\legacy_training_sequence_manifest.csv,a56e6f77178fa95521c40a47b53b93022fdf4ec1d127b98d2dff1327b1f08003,RETAINED_NON_CVAT_SOURCE
retained_legacy_source_video,pigs091119/000429,,8,0,8,128,E:\PigProjectStorage\PIG_Behavior_Project\outputs\legacy_16f_rebuild\legacy_16f_rebuild_20260718_v2\06_full_recovery\legacy_training_sequence_manifest.csv,a56e6f77178fa95521c40a47b53b93022fdf4ec1d127b98d2dff1327b1f08003,RETAINED_NON_CVAT_SOURCE
retained_legacy_source_video,pigs091119/000430,,4,0,4,64,E:\PigProjectStorage\PIG_Behavior_Project\outputs\legacy_16f_rebuild\legacy_16f_rebuild_20260718_v2\06_full_recovery\legacy_training_sequence_manifest.csv,a56e6f77178fa95521c40a47b53b93022fdf4ec1d127b98d2dff1327b1f08003,RETAINED_NON_CVAT_SOURCE
retained_legacy_source_video,pigs091119/000431,,8,0,8,128,E:\PigProjectStorage\PIG_Behavior_Project\outputs\legacy_16f_rebuild\legacy_16f_rebuild_20260718_v2\06_full_recovery\legacy_training_sequence_manifest.csv,a56e6f77178fa95521c40a47b53b93022fdf4ec1d127b98d2dff1327b1f08003,RETAINED_NON_CVAT_SOURCE
retained_legacy_source_video,pigs091119/000432,,8,0,8,128,E:\PigProjectStorage\PIG_Behavior_Project\outputs\legacy_16f_rebuild\legacy_16f_rebuild_20260718_v2\06_full_recovery\legacy_training_sequence_manifest.csv,a56e6f77178fa95521c40a47b53b93022fdf4ec1d127b98d2dff1327b1f08003,RETAINED_NON_CVAT_SOURCE
retained_legacy_source_video,pigs091119/000433,,8,0,8,128,E:\PigProjectStorage\PIG_Behavior_Project\outputs\legacy_16f_rebuild\legacy_16f_rebuild_20260718_v2\06_full_recovery\legacy_training_sequence_manifest.csv,a56e6f77178fa95521c40a47b53b93022fdf4ec1d127b98d2dff1327b1f08003,RETAINED_NON_CVAT_SOURCE
retained_legacy_source_video,pigs091119/000435,,8,0,8,128,E:\PigProjectStorage\PIG_Behavior_Project\outputs\legacy_16f_rebuild\legacy_16f_rebuild_20260718_v2\06_full_recovery\legacy_training_sequence_manifest.csv,a56e6f77178fa95521c40a47b53b93022fdf4ec1d127b98d2dff1327b1f08003,RETAINED_NON_CVAT_SOURCE
retained_legacy_source_video,pigs091119/000436,,8,0,8,128,E:\PigProjectStorage\PIG_Behavior_Project\outputs\legacy_16f_rebuild\legacy_16f_rebuild_20260718_v2\06_full_recovery\legacy_training_sequence_manifest.csv,a56e6f77178fa95521c40a47b53b93022fdf4ec1d127b98d2dff1327b1f08003,RETAINED_NON_CVAT_SOURCE
retained_legacy_source_video,pigs091119/000437,,2,0,2,32,E:\PigProjectStorage\PIG_Behavior_Project\outputs\legacy_16f_rebuild\legacy_16f_rebuild_20260718_v2\06_full_recovery\legacy_training_sequence_manifest.csv,a56e6f77178fa95521c40a47b53b93022fdf4ec1d127b98d2dff1327b1f08003,RETAINED_NON_CVAT_SOURCE
retained_legacy_source_video,pigs091119/000440,,8,0,8,128,E:\PigProjectStorage\PIG_Behavior_Project\outputs\legacy_16f_rebuild\legacy_16f_rebuild_20260718_v2\06_full_recovery\legacy_training_sequence_manifest.csv,a56e6f77178fa95521c40a47b53b93022fdf4ec1d127b98d2dff1327b1f08003,RETAINED_NON_CVAT_SOURCE
retained_legacy_source_video,pigs091119/000441,,8,0,8,128,E:\PigProjectStorage\PIG_Behavior_Project\outputs\legacy_16f_rebuild\legacy_16f_rebuild_20260718_v2\06_full_recovery\legacy_training_sequence_manifest.csv,a56e6f77178fa95521c40a47b53b93022fdf4ec1d127b98d2dff1327b1f08003,RETAINED_NON_CVAT_SOURCE
retained_legacy_source_video,pigs091119/000442,,7,0,7,112,E:\PigProjectStorage\PIG_Behavior_Project\outputs\legacy_16f_rebuild\legacy_16f_rebuild_20260718_v2\06_full_recovery\legacy_training_sequence_manifest.csv,a56e6f77178fa95521c40a47b53b93022fdf4ec1d127b98d2dff1327b1f08003,RETAINED_NON_CVAT_SOURCE
retained_legacy_source_video,pigs091119/000443,,7,0,7,112,E:\PigProjectStorage\PIG_Behavior_Project\outputs\legacy_16f_rebuild\legacy_16f_rebuild_20260718_v2\06_full_recovery\legacy_training_sequence_manifest.csv,a56e6f77178fa95521c40a47b53b93022fdf4ec1d127b98d2dff1327b1f08003,RETAINED_NON_CVAT_SOURCE
retained_legacy_source_video,pigs091119/000444,,7,0,7,112,E:\PigProjectStorage\PIG_Behavior_Project\outputs\legacy_16f_rebuild\legacy_16f_rebuild_20260718_v2\06_full_recovery\legacy_training_sequence_manifest.csv,a56e6f77178fa95521c40a47b53b93022fdf4ec1d127b98d2dff1327b1f08003,RETAINED_NON_CVAT_SOURCE
retained_legacy_source_video,pigs091119/000446,,8,0,8,128,E:\PigProjectStorage\PIG_Behavior_Project\outputs\legacy_16f_rebuild\legacy_16f_rebuild_20260718_v2\06_full_recovery\legacy_training_sequence_manifest.csv,a56e6f77178fa95521c40a47b53b93022fdf4ec1d127b98d2dff1327b1f08003,RETAINED_NON_CVAT_SOURCE
retained_legacy_source_video,pigs091119/000447,,8,0,8,128,E:\PigProjectStorage\PIG_Behavior_Project\outputs\legacy_16f_rebuild\legacy_16f_rebuild_20260718_v2\06_full_recovery\legacy_training_sequence_manifest.csv,a56e6f77178fa95521c40a47b53b93022fdf4ec1d127b98d2dff1327b1f08003,RETAINED_NON_CVAT_SOURCE
retained_legacy_source_video,pigs091119/000448,,8,0,8,128,E:\PigProjectStorage\PIG_Behavior_Project\outputs\legacy_16f_rebuild\legacy_16f_rebuild_20260718_v2\06_full_recovery\legacy_training_sequence_manifest.csv,a56e6f77178fa95521c40a47b53b93022fdf4ec1d127b98d2dff1327b1f08003,RETAINED_NON_CVAT_SOURCE
retained_legacy_source_video,pigs091119/000449,,8,0,8,128,E:\PigProjectStorage\PIG_Behavior_Project\outputs\legacy_16f_rebuild\legacy_16f_rebuild_20260718_v2\06_full_recovery\legacy_training_sequence_manifest.csv,a56e6f77178fa95521c40a47b53b93022fdf4ec1d127b98d2dff1327b1f08003,RETAINED_NON_CVAT_SOURCE
retained_legacy_source_video,pigs091119/000450,,8,0,8,128,E:\PigProjectStorage\PIG_Behavior_Project\outputs\legacy_16f_rebuild\legacy_16f_rebuild_20260718_v2\06_full_recovery\legacy_training_sequence_manifest.csv,a56e6f77178fa95521c40a47b53b93022fdf4ec1d127b98d2dff1327b1f08003,RETAINED_NON_CVAT_SOURCE
retained_legacy_source_video,pigs091119/000451,,2,0,2,32,E:\PigProjectStorage\PIG_Behavior_Project\outputs\legacy_16f_rebuild\legacy_16f_rebuild_20260718_v2\06_full_recovery\legacy_training_sequence_manifest.csv,a56e6f77178fa95521c40a47b53b93022fdf4ec1d127b98d2dff1327b1f08003,RETAINED_NON_CVAT_SOURCE
retained_legacy_source_video,pigs091119/000452,,8,0,8,128,E:\PigProjectStorage\PIG_Behavior_Project\outputs\legacy_16f_rebuild\legacy_16f_rebuild_20260718_v2\06_full_recovery\legacy_training_sequence_manifest.csv,a56e6f77178fa95521c40a47b53b93022fdf4ec1d127b98d2dff1327b1f08003,RETAINED_NON_CVAT_SOURCE
retained_legacy_source_video,pigs091119/000453,,8,0,8,128,E:\PigProjectStorage\PIG_Behavior_Project\outputs\legacy_16f_rebuild\legacy_16f_rebuild_20260718_v2\06_full_recovery\legacy_training_sequence_manifest.csv,a56e6f77178fa95521c40a47b53b93022fdf4ec1d127b98d2dff1327b1f08003,RETAINED_NON_CVAT_SOURCE
retained_legacy_source_video,pigs091119/000454,,8,0,8,128,E:\PigProjectStorage\PIG_Behavior_Project\outputs\legacy_16f_rebuild\legacy_16f_rebuild_20260718_v2\06_full_recovery\legacy_training_sequence_manifest.csv,a56e6f77178fa95521c40a47b53b93022fdf4ec1d127b98d2dff1327b1f08003,RETAINED_NON_CVAT_SOURCE
retained_legacy_source_video,pigs091119/000455,,8,0,8,128,E:\PigProjectStorage\PIG_Behavior_Project\outputs\legacy_16f_rebuild\legacy_16f_rebuild_20260718_v2\06_full_recovery\legacy_training_sequence_manifest.csv,a56e6f77178fa95521c40a47b53b93022fdf4ec1d127b98d2dff1327b1f08003,RETAINED_NON_CVAT_SOURCE
retained_legacy_source_video,pigs091119/000456,,6,0,6,96,E:\PigProjectStorage\PIG_Behavior_Project\outputs\legacy_16f_rebuild\legacy_16f_rebuild_20260718_v2\06_full_recovery\legacy_training_sequence_manifest.csv,a56e6f77178fa95521c40a47b53b93022fdf4ec1d127b98d2dff1327b1f08003,RETAINED_NON_CVAT_SOURCE
retained_legacy_source_video,pigs091119/000457,,8,0,8,128,E:\PigProjectStorage\PIG_Behavior_Project\outputs\legacy_16f_rebuild\legacy_16f_rebuild_20260718_v2\06_full_recovery\legacy_training_sequence_manifest.csv,a56e6f77178fa95521c40a47b53b93022fdf4ec1d127b98d2dff1327b1f08003,RETAINED_NON_CVAT_SOURCE
retained_legacy_source_video,pigs101219a/000262,,1,0,1,16,E:\PigProjectStorage\PIG_Behavior_Project\outputs\legacy_16f_rebuild\legacy_16f_rebuild_20260718_v2\06_full_recovery\legacy_training_sequence_manifest.csv,a56e6f77178fa95521c40a47b53b93022fdf4ec1d127b98d2dff1327b1f08003,RETAINED_NON_CVAT_SOURCE
retained_legacy_source_video,pigs101219a/000264,,1,0,1,16,E:\PigProjectStorage\PIG_Behavior_Project\outputs\legacy_16f_rebuild\legacy_16f_rebuild_20260718_v2\06_full_recovery\legacy_training_sequence_manifest.csv,a56e6f77178fa95521c40a47b53b93022fdf4ec1d127b98d2dff1327b1f08003,RETAINED_NON_CVAT_SOURCE
retained_legacy_source_video,pigs101219a/000265,,2,0,2,32,E:\PigProjectStorage\PIG_Behavior_Project\outputs\legacy_16f_rebuild\legacy_16f_rebuild_20260718_v2\06_full_recovery\legacy_training_sequence_manifest.csv,a56e6f77178fa95521c40a47b53b93022fdf4ec1d127b98d2dff1327b1f08003,RETAINED_NON_CVAT_SOURCE
retained_legacy_source_video,pigs101219a/000266,,2,0,2,32,E:\PigProjectStorage\PIG_Behavior_Project\outputs\legacy_16f_rebuild\legacy_16f_rebuild_20260718_v2\06_full_recovery\legacy_training_sequence_manifest.csv,a56e6f77178fa95521c40a47b53b93022fdf4ec1d127b98d2dff1327b1f08003,RETAINED_NON_CVAT_SOURCE
retained_legacy_source_video,pigs101219a/000267,,1,0,1,16,E:\PigProjectStorage\PIG_Behavior_Project\outputs\legacy_16f_rebuild\legacy_16f_rebuild_20260718_v2\06_full_recovery\legacy_training_sequence_manifest.csv,a56e6f77178fa95521c40a47b53b93022fdf4ec1d127b98d2dff1327b1f08003,RETAINED_NON_CVAT_SOURCE
retained_legacy_source_video,pigs101219a/000269,,2,0,2,32,E:\PigProjectStorage\PIG_Behavior_Project\outputs\legacy_16f_rebuild\legacy_16f_rebuild_20260718_v2\06_full_recovery\legacy_training_sequence_manifest.csv,a56e6f77178fa95521c40a47b53b93022fdf4ec1d127b98d2dff1327b1f08003,RETAINED_NON_CVAT_SOURCE
retained_legacy_source_video,pigs101219a/000270,,2,0,2,32,E:\PigProjectStorage\PIG_Behavior_Project\outputs\legacy_16f_rebuild\legacy_16f_rebuild_20260718_v2\06_full_recovery\legacy_training_sequence_manifest.csv,a56e6f77178fa95521c40a47b53b93022fdf4ec1d127b98d2dff1327b1f08003,RETAINED_NON_CVAT_SOURCE
retained_legacy_source_video,pigs101219a/000271,,2,0,2,32,E:\PigProjectStorage\PIG_Behavior_Project\outputs\legacy_16f_rebuild\legacy_16f_rebuild_20260718_v2\06_full_recovery\legacy_training_sequence_manifest.csv,a56e6f77178fa95521c40a47b53b93022fdf4ec1d127b98d2dff1327b1f08003,RETAINED_NON_CVAT_SOURCE
retained_legacy_source_video,pigs101219a/000272,,3,0,3,48,E:\PigProjectStorage\PIG_Behavior_Project\outputs\legacy_16f_rebuild\legacy_16f_rebuild_20260718_v2\06_full_recovery\legacy_training_sequence_manifest.csv,a56e6f77178fa95521c40a47b53b93022fdf4ec1d127b98d2dff1327b1f08003,RETAINED_NON_CVAT_SOURCE
retained_legacy_source_video,pigs101219a/000273,,2,0,2,32,E:\PigProjectStorage\PIG_Behavior_Project\outputs\legacy_16f_rebuild\legacy_16f_rebuild_20260718_v2\06_full_recovery\legacy_training_sequence_manifest.csv,a56e6f77178fa95521c40a47b53b93022fdf4ec1d127b98d2dff1327b1f08003,RETAINED_NON_CVAT_SOURCE
retained_legacy_source_video,pigs101219a/000276,,1,0,1,16,E:\PigProjectStorage\PIG_Behavior_Project\outputs\legacy_16f_rebuild\legacy_16f_rebuild_20260718_v2\06_full_recovery\legacy_training_sequence_manifest.csv,a56e6f77178fa95521c40a47b53b93022fdf4ec1d127b98d2dff1327b1f08003,RETAINED_NON_CVAT_SOURCE
retained_legacy_source_video,pigs101219a/000277,,2,0,2,32,E:\PigProjectStorage\PIG_Behavior_Project\outputs\legacy_16f_rebuild\legacy_16f_rebuild_20260718_v2\06_full_recovery\legacy_training_sequence_manifest.csv,a56e6f77178fa95521c40a47b53b93022fdf4ec1d127b98d2dff1327b1f08003,RETAINED_NON_CVAT_SOURCE
retained_legacy_source_video,pigs101219a/000278,,1,0,1,16,E:\PigProjectStorage\PIG_Behavior_Project\outputs\legacy_16f_rebuild\legacy_16f_rebuild_20260718_v2\06_full_recovery\legacy_training_sequence_manifest.csv,a56e6f77178fa95521c40a47b53b93022fdf4ec1d127b98d2dff1327b1f08003,RETAINED_NON_CVAT_SOURCE
retained_legacy_source_video,pigs101219a/000279,,2,0,2,32,E:\PigProjectStorage\PIG_Behavior_Project\outputs\legacy_16f_rebuild\legacy_16f_rebuild_20260718_v2\06_full_recovery\legacy_training_sequence_manifest.csv,a56e6f77178fa95521c40a47b53b93022fdf4ec1d127b98d2dff1327b1f08003,RETAINED_NON_CVAT_SOURCE
retained_legacy_source_video,pigs101219a/000280,,3,0,3,48,E:\PigProjectStorage\PIG_Behavior_Project\outputs\legacy_16f_rebuild\legacy_16f_rebuild_20260718_v2\06_full_recovery\legacy_training_sequence_manifest.csv,a56e6f77178fa95521c40a47b53b93022fdf4ec1d127b98d2dff1327b1f08003,RETAINED_NON_CVAT_SOURCE
retained_legacy_source_video,pigs101219a/000284,,2,0,2,32,E:\PigProjectStorage\PIG_Behavior_Project\outputs\legacy_16f_rebuild\legacy_16f_rebuild_20260718_v2\06_full_recovery\legacy_training_sequence_manifest.csv,a56e6f77178fa95521c40a47b53b93022fdf4ec1d127b98d2dff1327b1f08003,RETAINED_NON_CVAT_SOURCE
retained_legacy_source_video,pigs101219a/000288,,1,0,1,16,E:\PigProjectStorage\PIG_Behavior_Project\outputs\legacy_16f_rebuild\legacy_16f_rebuild_20260718_v2\06_full_recovery\legacy_training_sequence_manifest.csv,a56e6f77178fa95521c40a47b53b93022fdf4ec1d127b98d2dff1327b1f08003,RETAINED_NON_CVAT_SOURCE
retained_legacy_source_video,pigs101219a/000290,,1,0,1,16,E:\PigProjectStorage\PIG_Behavior_Project\outputs\legacy_16f_rebuild\legacy_16f_rebuild_20260718_v2\06_full_recovery\legacy_training_sequence_manifest.csv,a56e6f77178fa95521c40a47b53b93022fdf4ec1d127b98d2dff1327b1f08003,RETAINED_NON_CVAT_SOURCE
retained_legacy_source_video,pigs101219a/000291,,2,0,2,32,E:\PigProjectStorage\PIG_Behavior_Project\outputs\legacy_16f_rebuild\legacy_16f_rebuild_20260718_v2\06_full_recovery\legacy_training_sequence_manifest.csv,a56e6f77178fa95521c40a47b53b93022fdf4ec1d127b98d2dff1327b1f08003,RETAINED_NON_CVAT_SOURCE
retained_legacy_source_video,pigs101219a/000292,,2,0,2,32,E:\PigProjectStorage\PIG_Behavior_Project\outputs\legacy_16f_rebuild\legacy_16f_rebuild_20260718_v2\06_full_recovery\legacy_training_sequence_manifest.csv,a56e6f77178fa95521c40a47b53b93022fdf4ec1d127b98d2dff1327b1f08003,RETAINED_NON_CVAT_SOURCE
retained_legacy_source_video,pigs101219a/000293,,4,0,4,64,E:\PigProjectStorage\PIG_Behavior_Project\outputs\legacy_16f_rebuild\legacy_16f_rebuild_20260718_v2\06_full_recovery\legacy_training_sequence_manifest.csv,a56e6f77178fa95521c40a47b53b93022fdf4ec1d127b98d2dff1327b1f08003,RETAINED_NON_CVAT_SOURCE
retained_legacy_source_video,pigs101219a/000294,,2,0,2,32,E:\PigProjectStorage\PIG_Behavior_Project\outputs\legacy_16f_rebuild\legacy_16f_rebuild_20260718_v2\06_full_recovery\legacy_training_sequence_manifest.csv,a56e6f77178fa95521c40a47b53b93022fdf4ec1d127b98d2dff1327b1f08003,RETAINED_NON_CVAT_SOURCE
retained_legacy_source_video,pigs101219a/000295,,3,0,3,48,E:\PigProjectStorage\PIG_Behavior_Project\outputs\legacy_16f_rebuild\legacy_16f_rebuild_20260718_v2\06_full_recovery\legacy_training_sequence_manifest.csv,a56e6f77178fa95521c40a47b53b93022fdf4ec1d127b98d2dff1327b1f08003,RETAINED_NON_CVAT_SOURCE
retained_legacy_source_video,pigs101219a/000296,,2,0,2,32,E:\PigProjectStorage\PIG_Behavior_Project\outputs\legacy_16f_rebuild\legacy_16f_rebuild_20260718_v2\06_full_recovery\legacy_training_sequence_manifest.csv,a56e6f77178fa95521c40a47b53b93022fdf4ec1d127b98d2dff1327b1f08003,RETAINED_NON_CVAT_SOURCE
retained_legacy_source_video,pigs101219a/000297,,1,0,1,16,E:\PigProjectStorage\PIG_Behavior_Project\outputs\legacy_16f_rebuild\legacy_16f_rebuild_20260718_v2\06_full_recovery\legacy_training_sequence_manifest.csv,a56e6f77178fa95521c40a47b53b93022fdf4ec1d127b98d2dff1327b1f08003,RETAINED_NON_CVAT_SOURCE
retained_legacy_source_video,pigs101219b/000005,,2,0,2,32,E:\PigProjectStorage\PIG_Behavior_Project\outputs\legacy_16f_rebuild\legacy_16f_rebuild_20260718_v2\06_full_recovery\legacy_training_sequence_manifest.csv,a56e6f77178fa95521c40a47b53b93022fdf4ec1d127b98d2dff1327b1f08003,RETAINED_NON_CVAT_SOURCE
retained_legacy_source_video,pigs101219b/000006,,3,0,3,48,E:\PigProjectStorage\PIG_Behavior_Project\outputs\legacy_16f_rebuild\legacy_16f_rebuild_20260718_v2\06_full_recovery\legacy_training_sequence_manifest.csv,a56e6f77178fa95521c40a47b53b93022fdf4ec1d127b98d2dff1327b1f08003,RETAINED_NON_CVAT_SOURCE
retained_legacy_source_video,pigs101219b/000007,,3,0,3,48,E:\PigProjectStorage\PIG_Behavior_Project\outputs\legacy_16f_rebuild\legacy_16f_rebuild_20260718_v2\06_full_recovery\legacy_training_sequence_manifest.csv,a56e6f77178fa95521c40a47b53b93022fdf4ec1d127b98d2dff1327b1f08003,RETAINED_NON_CVAT_SOURCE
retained_legacy_source_video,pigs101219b/000008,,2,0,2,32,E:\PigProjectStorage\PIG_Behavior_Project\outputs\legacy_16f_rebuild\legacy_16f_rebuild_20260718_v2\06_full_recovery\legacy_training_sequence_manifest.csv,a56e6f77178fa95521c40a47b53b93022fdf4ec1d127b98d2dff1327b1f08003,RETAINED_NON_CVAT_SOURCE
retained_legacy_source_video,pigs101219b/000011,,1,0,1,16,E:\PigProjectStorage\PIG_Behavior_Project\outputs\legacy_16f_rebuild\legacy_16f_rebuild_20260718_v2\06_full_recovery\legacy_training_sequence_manifest.csv,a56e6f77178fa95521c40a47b53b93022fdf4ec1d127b98d2dff1327b1f08003,RETAINED_NON_CVAT_SOURCE
retained_legacy_source_video,pigs101219b/000012,,1,0,1,16,E:\PigProjectStorage\PIG_Behavior_Project\outputs\legacy_16f_rebuild\legacy_16f_rebuild_20260718_v2\06_full_recovery\legacy_training_sequence_manifest.csv,a56e6f77178fa95521c40a47b53b93022fdf4ec1d127b98d2dff1327b1f08003,RETAINED_NON_CVAT_SOURCE
retained_legacy_source_video,pigs101219b/000013,,1,0,1,16,E:\PigProjectStorage\PIG_Behavior_Project\outputs\legacy_16f_rebuild\legacy_16f_rebuild_20260718_v2\06_full_recovery\legacy_training_sequence_manifest.csv,a56e6f77178fa95521c40a47b53b93022fdf4ec1d127b98d2dff1327b1f08003,RETAINED_NON_CVAT_SOURCE
retained_legacy_source_video,pigs101219b/000014,,3,0,3,48,E:\PigProjectStorage\PIG_Behavior_Project\outputs\legacy_16f_rebuild\legacy_16f_rebuild_20260718_v2\06_full_recovery\legacy_training_sequence_manifest.csv,a56e6f77178fa95521c40a47b53b93022fdf4ec1d127b98d2dff1327b1f08003,RETAINED_NON_CVAT_SOURCE
retained_legacy_source_video,pigs101219b/000016,,3,0,3,48,E:\PigProjectStorage\PIG_Behavior_Project\outputs\legacy_16f_rebuild\legacy_16f_rebuild_20260718_v2\06_full_recovery\legacy_training_sequence_manifest.csv,a56e6f77178fa95521c40a47b53b93022fdf4ec1d127b98d2dff1327b1f08003,RETAINED_NON_CVAT_SOURCE
retained_legacy_source_video,pigs101219b/000018,,2,0,2,32,E:\PigProjectStorage\PIG_Behavior_Project\outputs\legacy_16f_rebuild\legacy_16f_rebuild_20260718_v2\06_full_recovery\legacy_training_sequence_manifest.csv,a56e6f77178fa95521c40a47b53b93022fdf4ec1d127b98d2dff1327b1f08003,RETAINED_NON_CVAT_SOURCE
retained_legacy_source_video,pigs101219b/000019,,1,0,1,16,E:\PigProjectStorage\PIG_Behavior_Project\outputs\legacy_16f_rebuild\legacy_16f_rebuild_20260718_v2\06_full_recovery\legacy_training_sequence_manifest.csv,a56e6f77178fa95521c40a47b53b93022fdf4ec1d127b98d2dff1327b1f08003,RETAINED_NON_CVAT_SOURCE
retained_legacy_source_video,pigs101219b/000020,,2,0,2,32,E:\PigProjectStorage\PIG_Behavior_Project\outputs\legacy_16f_rebuild\legacy_16f_rebuild_20260718_v2\06_full_recovery\legacy_training_sequence_manifest.csv,a56e6f77178fa95521c40a47b53b93022fdf4ec1d127b98d2dff1327b1f08003,RETAINED_NON_CVAT_SOURCE
retained_legacy_source_video,pigs101219b/000021,,1,0,1,16,E:\PigProjectStorage\PIG_Behavior_Project\outputs\legacy_16f_rebuild\legacy_16f_rebuild_20260718_v2\06_full_recovery\legacy_training_sequence_manifest.csv,a56e6f77178fa95521c40a47b53b93022fdf4ec1d127b98d2dff1327b1f08003,RETAINED_NON_CVAT_SOURCE
retained_legacy_source_video,pigs101219b/000022,,3,0,3,48,E:\PigProjectStorage\PIG_Behavior_Project\outputs\legacy_16f_rebuild\legacy_16f_rebuild_20260718_v2\06_full_recovery\legacy_training_sequence_manifest.csv,a56e6f77178fa95521c40a47b53b93022fdf4ec1d127b98d2dff1327b1f08003,RETAINED_NON_CVAT_SOURCE
retained_legacy_source_video,pigs101219b/000023,,2,0,2,32,E:\PigProjectStorage\PIG_Behavior_Project\outputs\legacy_16f_rebuild\legacy_16f_rebuild_20260718_v2\06_full_recovery\legacy_training_sequence_manifest.csv,a56e6f77178fa95521c40a47b53b93022fdf4ec1d127b98d2dff1327b1f08003,RETAINED_NON_CVAT_SOURCE
retained_legacy_source_video,pigs101219b/000025,,3,0,3,48,E:\PigProjectStorage\PIG_Behavior_Project\outputs\legacy_16f_rebuild\legacy_16f_rebuild_20260718_v2\06_full_recovery\legacy_training_sequence_manifest.csv,a56e6f77178fa95521c40a47b53b93022fdf4ec1d127b98d2dff1327b1f08003,RETAINED_NON_CVAT_SOURCE
retained_legacy_source_video,pigs101219b/000026,,1,0,1,16,E:\PigProjectStorage\PIG_Behavior_Project\outputs\legacy_16f_rebuild\legacy_16f_rebuild_20260718_v2\06_full_recovery\legacy_training_sequence_manifest.csv,a56e6f77178fa95521c40a47b53b93022fdf4ec1d127b98d2dff1327b1f08003,RETAINED_NON_CVAT_SOURCE
retained_legacy_source_video,pigs101219b/000028,,2,0,2,32,E:\PigProjectStorage\PIG_Behavior_Project\outputs\legacy_16f_rebuild\legacy_16f_rebuild_20260718_v2\06_full_recovery\legacy_training_sequence_manifest.csv,a56e6f77178fa95521c40a47b53b93022fdf4ec1d127b98d2dff1327b1f08003,RETAINED_NON_CVAT_SOURCE
retained_legacy_source_video,pigs101219b/000029,,3,0,3,48,E:\PigProjectStorage\PIG_Behavior_Project\outputs\legacy_16f_rebuild\legacy_16f_rebuild_20260718_v2\06_full_recovery\legacy_training_sequence_manifest.csv,a56e6f77178fa95521c40a47b53b93022fdf4ec1d127b98d2dff1327b1f08003,RETAINED_NON_CVAT_SOURCE
retained_legacy_source_video,pigs101219b/000030,,3,0,3,48,E:\PigProjectStorage\PIG_Behavior_Project\outputs\legacy_16f_rebuild\legacy_16f_rebuild_20260718_v2\06_full_recovery\legacy_training_sequence_manifest.csv,a56e6f77178fa95521c40a47b53b93022fdf4ec1d127b98d2dff1327b1f08003,RETAINED_NON_CVAT_SOURCE
retained_legacy_source_video,pigs101219b/000031,,3,0,3,48,E:\PigProjectStorage\PIG_Behavior_Project\outputs\legacy_16f_rebuild\legacy_16f_rebuild_20260718_v2\06_full_recovery\legacy_training_sequence_manifest.csv,a56e6f77178fa95521c40a47b53b93022fdf4ec1d127b98d2dff1327b1f08003,RETAINED_NON_CVAT_SOURCE
retained_legacy_source_video,pigs101219b/000033,,2,0,2,32,E:\PigProjectStorage\PIG_Behavior_Project\outputs\legacy_16f_rebuild\legacy_16f_rebuild_20260718_v2\06_full_recovery\legacy_training_sequence_manifest.csv,a56e6f77178fa95521c40a47b53b93022fdf4ec1d127b98d2dff1327b1f08003,RETAINED_NON_CVAT_SOURCE
retained_legacy_source_video,pigs101219b/000034,,1,0,1,16,E:\PigProjectStorage\PIG_Behavior_Project\outputs\legacy_16f_rebuild\legacy_16f_rebuild_20260718_v2\06_full_recovery\legacy_training_sequence_manifest.csv,a56e6f77178fa95521c40a47b53b93022fdf4ec1d127b98d2dff1327b1f08003,RETAINED_NON_CVAT_SOURCE
retained_legacy_source_video,pigs101219b/000045,,1,0,1,16,E:\PigProjectStorage\PIG_Behavior_Project\outputs\legacy_16f_rebuild\legacy_16f_rebuild_20260718_v2\06_full_recovery\legacy_training_sequence_manifest.csv,a56e6f77178fa95521c40a47b53b93022fdf4ec1d127b98d2dff1327b1f08003,RETAINED_NON_CVAT_SOURCE
retained_legacy_source_video,pigs101219b/000046,,3,0,3,48,E:\PigProjectStorage\PIG_Behavior_Project\outputs\legacy_16f_rebuild\legacy_16f_rebuild_20260718_v2\06_full_recovery\legacy_training_sequence_manifest.csv,a56e6f77178fa95521c40a47b53b93022fdf4ec1d127b98d2dff1327b1f08003,RETAINED_NON_CVAT_SOURCE
retained_legacy_source_video,pigs101219b/000047,,3,0,3,48,E:\PigProjectStorage\PIG_Behavior_Project\outputs\legacy_16f_rebuild\legacy_16f_rebuild_20260718_v2\06_full_recovery\legacy_training_sequence_manifest.csv,a56e6f77178fa95521c40a47b53b93022fdf4ec1d127b98d2dff1327b1f08003,RETAINED_NON_CVAT_SOURCE
retained_legacy_source_video,pigs101219b/000052,,1,0,1,16,E:\PigProjectStorage\PIG_Behavior_Project\outputs\legacy_16f_rebuild\legacy_16f_rebuild_20260718_v2\06_full_recovery\legacy_training_sequence_manifest.csv,a56e6f77178fa95521c40a47b53b93022fdf4ec1d127b98d2dff1327b1f08003,RETAINED_NON_CVAT_SOURCE
retained_legacy_source_video,pigs101219b/000061,,1,0,1,16,E:\PigProjectStorage\PIG_Behavior_Project\outputs\legacy_16f_rebuild\legacy_16f_rebuild_20260718_v2\06_full_recovery\legacy_training_sequence_manifest.csv,a56e6f77178fa95521c40a47b53b93022fdf4ec1d127b98d2dff1327b1f08003,RETAINED_NON_CVAT_SOURCE
retained_legacy_source_video,pigs101219b/000067,,2,0,2,32,E:\PigProjectStorage\PIG_Behavior_Project\outputs\legacy_16f_rebuild\legacy_16f_rebuild_20260718_v2\06_full_recovery\legacy_training_sequence_manifest.csv,a56e6f77178fa95521c40a47b53b93022fdf4ec1d127b98d2dff1327b1f08003,RETAINED_NON_CVAT_SOURCE
retained_legacy_source_video,pigs101219b/000068,,1,0,1,16,E:\PigProjectStorage\PIG_Behavior_Project\outputs\legacy_16f_rebuild\legacy_16f_rebuild_20260718_v2\06_full_recovery\legacy_training_sequence_manifest.csv,a56e6f77178fa95521c40a47b53b93022fdf4ec1d127b98d2dff1327b1f08003,RETAINED_NON_CVAT_SOURCE
retained_legacy_source_video,pigs101219b/000069,,1,0,1,16,E:\PigProjectStorage\PIG_Behavior_Project\outputs\legacy_16f_rebuild\legacy_16f_rebuild_20260718_v2\06_full_recovery\legacy_training_sequence_manifest.csv,a56e6f77178fa95521c40a47b53b93022fdf4ec1d127b98d2dff1327b1f08003,RETAINED_NON_CVAT_SOURCE
retained_legacy_source_video,pigs111219/000076,,2,0,2,32,E:\PigProjectStorage\PIG_Behavior_Project\outputs\legacy_16f_rebuild\legacy_16f_rebuild_20260718_v2\06_full_recovery\legacy_training_sequence_manifest.csv,a56e6f77178fa95521c40a47b53b93022fdf4ec1d127b98d2dff1327b1f08003,RETAINED_NON_CVAT_SOURCE
retained_legacy_source_video,pigs111219/000077,,3,0,3,48,E:\PigProjectStorage\PIG_Behavior_Project\outputs\legacy_16f_rebuild\legacy_16f_rebuild_20260718_v2\06_full_recovery\legacy_training_sequence_manifest.csv,a56e6f77178fa95521c40a47b53b93022fdf4ec1d127b98d2dff1327b1f08003,RETAINED_NON_CVAT_SOURCE
retained_legacy_source_video,pigs111219/000079,,2,0,2,32,E:\PigProjectStorage\PIG_Behavior_Project\outputs\legacy_16f_rebuild\legacy_16f_rebuild_20260718_v2\06_full_recovery\legacy_training_sequence_manifest.csv,a56e6f77178fa95521c40a47b53b93022fdf4ec1d127b98d2dff1327b1f08003,RETAINED_NON_CVAT_SOURCE
retained_legacy_source_video,pigs111219/000080,,4,0,4,64,E:\PigProjectStorage\PIG_Behavior_Project\outputs\legacy_16f_rebuild\legacy_16f_rebuild_20260718_v2\06_full_recovery\legacy_training_sequence_manifest.csv,a56e6f77178fa95521c40a47b53b93022fdf4ec1d127b98d2dff1327b1f08003,RETAINED_NON_CVAT_SOURCE
retained_legacy_source_video,pigs111219/000081,,2,0,2,32,E:\PigProjectStorage\PIG_Behavior_Project\outputs\legacy_16f_rebuild\legacy_16f_rebuild_20260718_v2\06_full_recovery\legacy_training_sequence_manifest.csv,a56e6f77178fa95521c40a47b53b93022fdf4ec1d127b98d2dff1327b1f08003,RETAINED_NON_CVAT_SOURCE
retained_legacy_source_video,pigs111219/000082,,4,0,4,64,E:\PigProjectStorage\PIG_Behavior_Project\outputs\legacy_16f_rebuild\legacy_16f_rebuild_20260718_v2\06_full_recovery\legacy_training_sequence_manifest.csv,a56e6f77178fa95521c40a47b53b93022fdf4ec1d127b98d2dff1327b1f08003,RETAINED_NON_CVAT_SOURCE
retained_legacy_source_video,pigs111219/000083,,2,0,2,32,E:\PigProjectStorage\PIG_Behavior_Project\outputs\legacy_16f_rebuild\legacy_16f_rebuild_20260718_v2\06_full_recovery\legacy_training_sequence_manifest.csv,a56e6f77178fa95521c40a47b53b93022fdf4ec1d127b98d2dff1327b1f08003,RETAINED_NON_CVAT_SOURCE
retained_legacy_source_video,pigs111219/000084,,3,0,3,48,E:\PigProjectStorage\PIG_Behavior_Project\outputs\legacy_16f_rebuild\legacy_16f_rebuild_20260718_v2\06_full_recovery\legacy_training_sequence_manifest.csv,a56e6f77178fa95521c40a47b53b93022fdf4ec1d127b98d2dff1327b1f08003,RETAINED_NON_CVAT_SOURCE
retained_legacy_source_video,pigs111219/000085,,3,0,3,48,E:\PigProjectStorage\PIG_Behavior_Project\outputs\legacy_16f_rebuild\legacy_16f_rebuild_20260718_v2\06_full_recovery\legacy_training_sequence_manifest.csv,a56e6f77178fa95521c40a47b53b93022fdf4ec1d127b98d2dff1327b1f08003,RETAINED_NON_CVAT_SOURCE
retained_legacy_source_video,pigs111219/000086,,2,0,2,32,E:\PigProjectStorage\PIG_Behavior_Project\outputs\legacy_16f_rebuild\legacy_16f_rebuild_20260718_v2\06_full_recovery\legacy_training_sequence_manifest.csv,a56e6f77178fa95521c40a47b53b93022fdf4ec1d127b98d2dff1327b1f08003,RETAINED_NON_CVAT_SOURCE
retained_legacy_source_video,pigs111219/000088,,1,0,1,16,E:\PigProjectStorage\PIG_Behavior_Project\outputs\legacy_16f_rebuild\legacy_16f_rebuild_20260718_v2\06_full_recovery\legacy_training_sequence_manifest.csv,a56e6f77178fa95521c40a47b53b93022fdf4ec1d127b98d2dff1327b1f08003,RETAINED_NON_CVAT_SOURCE
retained_legacy_source_video,pigs111219/000089,,1,0,1,16,E:\PigProjectStorage\PIG_Behavior_Project\outputs\legacy_16f_rebuild\legacy_16f_rebuild_20260718_v2\06_full_recovery\legacy_training_sequence_manifest.csv,a56e6f77178fa95521c40a47b53b93022fdf4ec1d127b98d2dff1327b1f08003,RETAINED_NON_CVAT_SOURCE
retained_legacy_source_video,pigs111219/000092,,4,0,4,64,E:\PigProjectStorage\PIG_Behavior_Project\outputs\legacy_16f_rebuild\legacy_16f_rebuild_20260718_v2\06_full_recovery\legacy_training_sequence_manifest.csv,a56e6f77178fa95521c40a47b53b93022fdf4ec1d127b98d2dff1327b1f08003,RETAINED_NON_CVAT_SOURCE
retained_legacy_source_video,pigs111219/000093,,1,0,1,16,E:\PigProjectStorage\PIG_Behavior_Project\outputs\legacy_16f_rebuild\legacy_16f_rebuild_20260718_v2\06_full_recovery\legacy_training_sequence_manifest.csv,a56e6f77178fa95521c40a47b53b93022fdf4ec1d127b98d2dff1327b1f08003,RETAINED_NON_CVAT_SOURCE
retained_legacy_source_video,pigs111219/000094,,3,0,3,48,E:\PigProjectStorage\PIG_Behavior_Project\outputs\legacy_16f_rebuild\legacy_16f_rebuild_20260718_v2\06_full_recovery\legacy_training_sequence_manifest.csv,a56e6f77178fa95521c40a47b53b93022fdf4ec1d127b98d2dff1327b1f08003,RETAINED_NON_CVAT_SOURCE
retained_legacy_source_video,pigs111219/000095,,7,0,7,112,E:\PigProjectStorage\PIG_Behavior_Project\outputs\legacy_16f_rebuild\legacy_16f_rebuild_20260718_v2\06_full_recovery\legacy_training_sequence_manifest.csv,a56e6f77178fa95521c40a47b53b93022fdf4ec1d127b98d2dff1327b1f08003,RETAINED_NON_CVAT_SOURCE
retained_legacy_source_video,pigs111219/000096,,3,0,3,48,E:\PigProjectStorage\PIG_Behavior_Project\outputs\legacy_16f_rebuild\legacy_16f_rebuild_20260718_v2\06_full_recovery\legacy_training_sequence_manifest.csv,a56e6f77178fa95521c40a47b53b93022fdf4ec1d127b98d2dff1327b1f08003,RETAINED_NON_CVAT_SOURCE
retained_legacy_source_video,pigs111219/000098,,1,0,1,16,E:\PigProjectStorage\PIG_Behavior_Project\outputs\legacy_16f_rebuild\legacy_16f_rebuild_20260718_v2\06_full_recovery\legacy_training_sequence_manifest.csv,a56e6f77178fa95521c40a47b53b93022fdf4ec1d127b98d2dff1327b1f08003,RETAINED_NON_CVAT_SOURCE
retained_legacy_source_video,pigs111219/000100,,1,0,1,16,E:\PigProjectStorage\PIG_Behavior_Project\outputs\legacy_16f_rebuild\legacy_16f_rebuild_20260718_v2\06_full_recovery\legacy_training_sequence_manifest.csv,a56e6f77178fa95521c40a47b53b93022fdf4ec1d127b98d2dff1327b1f08003,RETAINED_NON_CVAT_SOURCE
retained_legacy_source_video,pigs111219/000101,,3,0,3,48,E:\PigProjectStorage\PIG_Behavior_Project\outputs\legacy_16f_rebuild\legacy_16f_rebuild_20260718_v2\06_full_recovery\legacy_training_sequence_manifest.csv,a56e6f77178fa95521c40a47b53b93022fdf4ec1d127b98d2dff1327b1f08003,RETAINED_NON_CVAT_SOURCE
retained_legacy_source_video,pigs111219/000102,,1,0,1,16,E:\PigProjectStorage\PIG_Behavior_Project\outputs\legacy_16f_rebuild\legacy_16f_rebuild_20260718_v2\06_full_recovery\legacy_training_sequence_manifest.csv,a56e6f77178fa95521c40a47b53b93022fdf4ec1d127b98d2dff1327b1f08003,RETAINED_NON_CVAT_SOURCE
retained_legacy_source_video,pigs111219/000107,,3,0,3,48,E:\PigProjectStorage\PIG_Behavior_Project\outputs\legacy_16f_rebuild\legacy_16f_rebuild_20260718_v2\06_full_recovery\legacy_training_sequence_manifest.csv,a56e6f77178fa95521c40a47b53b93022fdf4ec1d127b98d2dff1327b1f08003,RETAINED_NON_CVAT_SOURCE
retained_legacy_source_video,pigs111219/000108,,1,0,1,16,E:\PigProjectStorage\PIG_Behavior_Project\outputs\legacy_16f_rebuild\legacy_16f_rebuild_20260718_v2\06_full_recovery\legacy_training_sequence_manifest.csv,a56e6f77178fa95521c40a47b53b93022fdf4ec1d127b98d2dff1327b1f08003,RETAINED_NON_CVAT_SOURCE
retained_legacy_source_video,pigs111219/000109,,1,0,1,16,E:\PigProjectStorage\PIG_Behavior_Project\outputs\legacy_16f_rebuild\legacy_16f_rebuild_20260718_v2\06_full_recovery\legacy_training_sequence_manifest.csv,a56e6f77178fa95521c40a47b53b93022fdf4ec1d127b98d2dff1327b1f08003,RETAINED_NON_CVAT_SOURCE
retained_legacy_source_video,pigs151119/000000,,7,0,7,112,E:\PigProjectStorage\PIG_Behavior_Project\outputs\legacy_16f_rebuild\legacy_16f_rebuild_20260718_v2\06_full_recovery\legacy_training_sequence_manifest.csv,a56e6f77178fa95521c40a47b53b93022fdf4ec1d127b98d2dff1327b1f08003,RETAINED_NON_CVAT_SOURCE
retained_legacy_source_video,pigs151119/000003,,8,0,8,128,E:\PigProjectStorage\PIG_Behavior_Project\outputs\legacy_16f_rebuild\legacy_16f_rebuild_20260718_v2\06_full_recovery\legacy_training_sequence_manifest.csv,a56e6f77178fa95521c40a47b53b93022fdf4ec1d127b98d2dff1327b1f08003,RETAINED_NON_CVAT_SOURCE
retained_legacy_source_video,pigs151119/000004,,8,0,8,128,E:\PigProjectStorage\PIG_Behavior_Project\outputs\legacy_16f_rebuild\legacy_16f_rebuild_20260718_v2\06_full_recovery\legacy_training_sequence_manifest.csv,a56e6f77178fa95521c40a47b53b93022fdf4ec1d127b98d2dff1327b1f08003,RETAINED_NON_CVAT_SOURCE
retained_legacy_source_video,pigs151119/000005,,4,0,4,64,E:\PigProjectStorage\PIG_Behavior_Project\outputs\legacy_16f_rebuild\legacy_16f_rebuild_20260718_v2\06_full_recovery\legacy_training_sequence_manifest.csv,a56e6f77178fa95521c40a47b53b93022fdf4ec1d127b98d2dff1327b1f08003,RETAINED_NON_CVAT_SOURCE
retained_legacy_source_video,pigs151119/000007,,8,0,8,128,E:\PigProjectStorage\PIG_Behavior_Project\outputs\legacy_16f_rebuild\legacy_16f_rebuild_20260718_v2\06_full_recovery\legacy_training_sequence_manifest.csv,a56e6f77178fa95521c40a47b53b93022fdf4ec1d127b98d2dff1327b1f08003,RETAINED_NON_CVAT_SOURCE
retained_legacy_source_video,pigs151119/000008,,8,0,8,128,E:\PigProjectStorage\PIG_Behavior_Project\outputs\legacy_16f_rebuild\legacy_16f_rebuild_20260718_v2\06_full_recovery\legacy_training_sequence_manifest.csv,a56e6f77178fa95521c40a47b53b93022fdf4ec1d127b98d2dff1327b1f08003,RETAINED_NON_CVAT_SOURCE
retained_legacy_source_video,pigs151119/000010,,8,0,8,128,E:\PigProjectStorage\PIG_Behavior_Project\outputs\legacy_16f_rebuild\legacy_16f_rebuild_20260718_v2\06_full_recovery\legacy_training_sequence_manifest.csv,a56e6f77178fa95521c40a47b53b93022fdf4ec1d127b98d2dff1327b1f08003,RETAINED_NON_CVAT_SOURCE
retained_legacy_source_video,pigs151119/000011,,1,0,1,16,E:\PigProjectStorage\PIG_Behavior_Project\outputs\legacy_16f_rebuild\legacy_16f_rebuild_20260718_v2\06_full_recovery\legacy_training_sequence_manifest.csv,a56e6f77178fa95521c40a47b53b93022fdf4ec1d127b98d2dff1327b1f08003,RETAINED_NON_CVAT_SOURCE
retained_legacy_source_video,pigs151119/000012,,8,0,8,128,E:\PigProjectStorage\PIG_Behavior_Project\outputs\legacy_16f_rebuild\legacy_16f_rebuild_20260718_v2\06_full_recovery\legacy_training_sequence_manifest.csv,a56e6f77178fa95521c40a47b53b93022fdf4ec1d127b98d2dff1327b1f08003,RETAINED_NON_CVAT_SOURCE
retained_legacy_source_video,pigs151119/000013,,8,0,8,128,E:\PigProjectStorage\PIG_Behavior_Project\outputs\legacy_16f_rebuild\legacy_16f_rebuild_20260718_v2\06_full_recovery\legacy_training_sequence_manifest.csv,a56e6f77178fa95521c40a47b53b93022fdf4ec1d127b98d2dff1327b1f08003,RETAINED_NON_CVAT_SOURCE
retained_legacy_source_video,pigs151119/000014,,8,0,8,128,E:\PigProjectStorage\PIG_Behavior_Project\outputs\legacy_16f_rebuild\legacy_16f_rebuild_20260718_v2\06_full_recovery\legacy_training_sequence_manifest.csv,a56e6f77178fa95521c40a47b53b93022fdf4ec1d127b98d2dff1327b1f08003,RETAINED_NON_CVAT_SOURCE
retained_legacy_source_video,pigs151119/000015,,8,0,8,128,E:\PigProjectStorage\PIG_Behavior_Project\outputs\legacy_16f_rebuild\legacy_16f_rebuild_20260718_v2\06_full_recovery\legacy_training_sequence_manifest.csv,a56e6f77178fa95521c40a47b53b93022fdf4ec1d127b98d2dff1327b1f08003,RETAINED_NON_CVAT_SOURCE
retained_legacy_source_video,pigs151119/000016,,8,0,8,128,E:\PigProjectStorage\PIG_Behavior_Project\outputs\legacy_16f_rebuild\legacy_16f_rebuild_20260718_v2\06_full_recovery\legacy_training_sequence_manifest.csv,a56e6f77178fa95521c40a47b53b93022fdf4ec1d127b98d2dff1327b1f08003,RETAINED_NON_CVAT_SOURCE
retained_legacy_source_video,pigs151119/000017,,8,0,8,128,E:\PigProjectStorage\PIG_Behavior_Project\outputs\legacy_16f_rebuild\legacy_16f_rebuild_20260718_v2\06_full_recovery\legacy_training_sequence_manifest.csv,a56e6f77178fa95521c40a47b53b93022fdf4ec1d127b98d2dff1327b1f08003,RETAINED_NON_CVAT_SOURCE
retained_legacy_source_video,pigs151119/000018,,8,0,8,128,E:\PigProjectStorage\PIG_Behavior_Project\outputs\legacy_16f_rebuild\legacy_16f_rebuild_20260718_v2\06_full_recovery\legacy_training_sequence_manifest.csv,a56e6f77178fa95521c40a47b53b93022fdf4ec1d127b98d2dff1327b1f08003,RETAINED_NON_CVAT_SOURCE
retained_legacy_source_video,pigs151119/000020,,4,0,4,64,E:\PigProjectStorage\PIG_Behavior_Project\outputs\legacy_16f_rebuild\legacy_16f_rebuild_20260718_v2\06_full_recovery\legacy_training_sequence_manifest.csv,a56e6f77178fa95521c40a47b53b93022fdf4ec1d127b98d2dff1327b1f08003,RETAINED_NON_CVAT_SOURCE
retained_legacy_source_video,pigs151119/000021,,1,0,1,16,E:\PigProjectStorage\PIG_Behavior_Project\outputs\legacy_16f_rebuild\legacy_16f_rebuild_20260718_v2\06_full_recovery\legacy_training_sequence_manifest.csv,a56e6f77178fa95521c40a47b53b93022fdf4ec1d127b98d2dff1327b1f08003,RETAINED_NON_CVAT_SOURCE
retained_legacy_source_video,pigs151119/000022,,8,0,8,128,E:\PigProjectStorage\PIG_Behavior_Project\outputs\legacy_16f_rebuild\legacy_16f_rebuild_20260718_v2\06_full_recovery\legacy_training_sequence_manifest.csv,a56e6f77178fa95521c40a47b53b93022fdf4ec1d127b98d2dff1327b1f08003,RETAINED_NON_CVAT_SOURCE
retained_legacy_source_video,pigs151119/000024,,8,0,8,128,E:\PigProjectStorage\PIG_Behavior_Project\outputs\legacy_16f_rebuild\legacy_16f_rebuild_20260718_v2\06_full_recovery\legacy_training_sequence_manifest.csv,a56e6f77178fa95521c40a47b53b93022fdf4ec1d127b98d2dff1327b1f08003,RETAINED_NON_CVAT_SOURCE
retained_legacy_source_video,pigs151119/000025,,8,0,8,128,E:\PigProjectStorage\PIG_Behavior_Project\outputs\legacy_16f_rebuild\legacy_16f_rebuild_20260718_v2\06_full_recovery\legacy_training_sequence_manifest.csv,a56e6f77178fa95521c40a47b53b93022fdf4ec1d127b98d2dff1327b1f08003,RETAINED_NON_CVAT_SOURCE
retained_legacy_source_video,pigs151119/000026,,8,0,8,128,E:\PigProjectStorage\PIG_Behavior_Project\outputs\legacy_16f_rebuild\legacy_16f_rebuild_20260718_v2\06_full_recovery\legacy_training_sequence_manifest.csv,a56e6f77178fa95521c40a47b53b93022fdf4ec1d127b98d2dff1327b1f08003,RETAINED_NON_CVAT_SOURCE
retained_legacy_source_video,pigs151119/000027,,8,0,8,128,E:\PigProjectStorage\PIG_Behavior_Project\outputs\legacy_16f_rebuild\legacy_16f_rebuild_20260718_v2\06_full_recovery\legacy_training_sequence_manifest.csv,a56e6f77178fa95521c40a47b53b93022fdf4ec1d127b98d2dff1327b1f08003,RETAINED_NON_CVAT_SOURCE
retained_legacy_source_video,pigs151119/000028,,8,0,8,128,E:\PigProjectStorage\PIG_Behavior_Project\outputs\legacy_16f_rebuild\legacy_16f_rebuild_20260718_v2\06_full_recovery\legacy_training_sequence_manifest.csv,a56e6f77178fa95521c40a47b53b93022fdf4ec1d127b98d2dff1327b1f08003,RETAINED_NON_CVAT_SOURCE
retained_legacy_source_video,pigs151119/000029,,8,0,8,128,E:\PigProjectStorage\PIG_Behavior_Project\outputs\legacy_16f_rebuild\legacy_16f_rebuild_20260718_v2\06_full_recovery\legacy_training_sequence_manifest.csv,a56e6f77178fa95521c40a47b53b93022fdf4ec1d127b98d2dff1327b1f08003,RETAINED_NON_CVAT_SOURCE
retained_legacy_source_video,pigs151119/000030,,8,0,8,128,E:\PigProjectStorage\PIG_Behavior_Project\outputs\legacy_16f_rebuild\legacy_16f_rebuild_20260718_v2\06_full_recovery\legacy_training_sequence_manifest.csv,a56e6f77178fa95521c40a47b53b93022fdf4ec1d127b98d2dff1327b1f08003,RETAINED_NON_CVAT_SOURCE
retained_legacy_source_video,pigs151119/000031,,4,0,4,64,E:\PigProjectStorage\PIG_Behavior_Project\outputs\legacy_16f_rebuild\legacy_16f_rebuild_20260718_v2\06_full_recovery\legacy_training_sequence_manifest.csv,a56e6f77178fa95521c40a47b53b93022fdf4ec1d127b98d2dff1327b1f08003,RETAINED_NON_CVAT_SOURCE
retained_legacy_source_video,pigs151119/000032,,8,0,8,128,E:\PigProjectStorage\PIG_Behavior_Project\outputs\legacy_16f_rebuild\legacy_16f_rebuild_20260718_v2\06_full_recovery\legacy_training_sequence_manifest.csv,a56e6f77178fa95521c40a47b53b93022fdf4ec1d127b98d2dff1327b1f08003,RETAINED_NON_CVAT_SOURCE
retained_legacy_source_video,pigs151119/000034,,8,0,8,128,E:\PigProjectStorage\PIG_Behavior_Project\outputs\legacy_16f_rebuild\legacy_16f_rebuild_20260718_v2\06_full_recovery\legacy_training_sequence_manifest.csv,a56e6f77178fa95521c40a47b53b93022fdf4ec1d127b98d2dff1327b1f08003,RETAINED_NON_CVAT_SOURCE
retained_legacy_source_video,pigs151119/000035,,8,0,8,128,E:\PigProjectStorage\PIG_Behavior_Project\outputs\legacy_16f_rebuild\legacy_16f_rebuild_20260718_v2\06_full_recovery\legacy_training_sequence_manifest.csv,a56e6f77178fa95521c40a47b53b93022fdf4ec1d127b98d2dff1327b1f08003,RETAINED_NON_CVAT_SOURCE
retained_legacy_source_video,pigs151119/000036,,8,0,8,128,E:\PigProjectStorage\PIG_Behavior_Project\outputs\legacy_16f_rebuild\legacy_16f_rebuild_20260718_v2\06_full_recovery\legacy_training_sequence_manifest.csv,a56e6f77178fa95521c40a47b53b93022fdf4ec1d127b98d2dff1327b1f08003,RETAINED_NON_CVAT_SOURCE
retained_legacy_source_video,pigs151119/000037,,8,0,8,128,E:\PigProjectStorage\PIG_Behavior_Project\outputs\legacy_16f_rebuild\legacy_16f_rebuild_20260718_v2\06_full_recovery\legacy_training_sequence_manifest.csv,a56e6f77178fa95521c40a47b53b93022fdf4ec1d127b98d2dff1327b1f08003,RETAINED_NON_CVAT_SOURCE
retained_legacy_source_video,pigs151119/000039,,8,0,8,128,E:\PigProjectStorage\PIG_Behavior_Project\outputs\legacy_16f_rebuild\legacy_16f_rebuild_20260718_v2\06_full_recovery\legacy_training_sequence_manifest.csv,a56e6f77178fa95521c40a47b53b93022fdf4ec1d127b98d2dff1327b1f08003,RETAINED_NON_CVAT_SOURCE
retained_legacy_source_video,pigs151119/000041,,8,0,8,128,E:\PigProjectStorage\PIG_Behavior_Project\outputs\legacy_16f_rebuild\legacy_16f_rebuild_20260718_v2\06_full_recovery\legacy_training_sequence_manifest.csv,a56e6f77178fa95521c40a47b53b93022fdf4ec1d127b98d2dff1327b1f08003,RETAINED_NON_CVAT_SOURCE
retained_legacy_source_video,pigs151119/000043,,8,0,8,128,E:\PigProjectStorage\PIG_Behavior_Project\outputs\legacy_16f_rebuild\legacy_16f_rebuild_20260718_v2\06_full_recovery\legacy_training_sequence_manifest.csv,a56e6f77178fa95521c40a47b53b93022fdf4ec1d127b98d2dff1327b1f08003,RETAINED_NON_CVAT_SOURCE
retained_legacy_source_video,pigs151119/000045,,8,0,8,128,E:\PigProjectStorage\PIG_Behavior_Project\outputs\legacy_16f_rebuild\legacy_16f_rebuild_20260718_v2\06_full_recovery\legacy_training_sequence_manifest.csv,a56e6f77178fa95521c40a47b53b93022fdf4ec1d127b98d2dff1327b1f08003,RETAINED_NON_CVAT_SOURCE
retained_legacy_source_video,pigs151119/000046,,8,0,8,128,E:\PigProjectStorage\PIG_Behavior_Project\outputs\legacy_16f_rebuild\legacy_16f_rebuild_20260718_v2\06_full_recovery\legacy_training_sequence_manifest.csv,a56e6f77178fa95521c40a47b53b93022fdf4ec1d127b98d2dff1327b1f08003,RETAINED_NON_CVAT_SOURCE
retained_legacy_source_video,pigs151119/000048,,8,0,8,128,E:\PigProjectStorage\PIG_Behavior_Project\outputs\legacy_16f_rebuild\legacy_16f_rebuild_20260718_v2\06_full_recovery\legacy_training_sequence_manifest.csv,a56e6f77178fa95521c40a47b53b93022fdf4ec1d127b98d2dff1327b1f08003,RETAINED_NON_CVAT_SOURCE
retained_legacy_source_video,pigs151119/000050,,8,0,8,128,E:\PigProjectStorage\PIG_Behavior_Project\outputs\legacy_16f_rebuild\legacy_16f_rebuild_20260718_v2\06_full_recovery\legacy_training_sequence_manifest.csv,a56e6f77178fa95521c40a47b53b93022fdf4ec1d127b98d2dff1327b1f08003,RETAINED_NON_CVAT_SOURCE
retained_legacy_source_video,pigs151119/000051,,8,0,8,128,E:\PigProjectStorage\PIG_Behavior_Project\outputs\legacy_16f_rebuild\legacy_16f_rebuild_20260718_v2\06_full_recovery\legacy_training_sequence_manifest.csv,a56e6f77178fa95521c40a47b53b93022fdf4ec1d127b98d2dff1327b1f08003,RETAINED_NON_CVAT_SOURCE
retained_legacy_source_video,pigs151119/000052,,8,0,8,128,E:\PigProjectStorage\PIG_Behavior_Project\outputs\legacy_16f_rebuild\legacy_16f_rebuild_20260718_v2\06_full_recovery\legacy_training_sequence_manifest.csv,a56e6f77178fa95521c40a47b53b93022fdf4ec1d127b98d2dff1327b1f08003,RETAINED_NON_CVAT_SOURCE
retained_legacy_source_video,pigs151119/000053,,2,0,2,32,E:\PigProjectStorage\PIG_Behavior_Project\outputs\legacy_16f_rebuild\legacy_16f_rebuild_20260718_v2\06_full_recovery\legacy_training_sequence_manifest.csv,a56e6f77178fa95521c40a47b53b93022fdf4ec1d127b98d2dff1327b1f08003,RETAINED_NON_CVAT_SOURCE
retained_legacy_source_video,pigs151119/000054,,8,0,8,128,E:\PigProjectStorage\PIG_Behavior_Project\outputs\legacy_16f_rebuild\legacy_16f_rebuild_20260718_v2\06_full_recovery\legacy_training_sequence_manifest.csv,a56e6f77178fa95521c40a47b53b93022fdf4ec1d127b98d2dff1327b1f08003,RETAINED_NON_CVAT_SOURCE
retained_legacy_source_video,pigs151119/000055,,3,0,3,48,E:\PigProjectStorage\PIG_Behavior_Project\outputs\legacy_16f_rebuild\legacy_16f_rebuild_20260718_v2\06_full_recovery\legacy_training_sequence_manifest.csv,a56e6f77178fa95521c40a47b53b93022fdf4ec1d127b98d2dff1327b1f08003,RETAINED_NON_CVAT_SOURCE
retained_legacy_source_video,pigs151119/000057,,8,0,8,128,E:\PigProjectStorage\PIG_Behavior_Project\outputs\legacy_16f_rebuild\legacy_16f_rebuild_20260718_v2\06_full_recovery\legacy_training_sequence_manifest.csv,a56e6f77178fa95521c40a47b53b93022fdf4ec1d127b98d2dff1327b1f08003,RETAINED_NON_CVAT_SOURCE
retained_legacy_source_video,pigs151119/000059,,8,0,8,128,E:\PigProjectStorage\PIG_Behavior_Project\outputs\legacy_16f_rebuild\legacy_16f_rebuild_20260718_v2\06_full_recovery\legacy_training_sequence_manifest.csv,a56e6f77178fa95521c40a47b53b93022fdf4ec1d127b98d2dff1327b1f08003,RETAINED_NON_CVAT_SOURCE
retained_legacy_source_video,pigs151119/000060,,8,0,8,128,E:\PigProjectStorage\PIG_Behavior_Project\outputs\legacy_16f_rebuild\legacy_16f_rebuild_20260718_v2\06_full_recovery\legacy_training_sequence_manifest.csv,a56e6f77178fa95521c40a47b53b93022fdf4ec1d127b98d2dff1327b1f08003,RETAINED_NON_CVAT_SOURCE
retained_legacy_source_video,pigs151119/000061,,8,0,8,128,E:\PigProjectStorage\PIG_Behavior_Project\outputs\legacy_16f_rebuild\legacy_16f_rebuild_20260718_v2\06_full_recovery\legacy_training_sequence_manifest.csv,a56e6f77178fa95521c40a47b53b93022fdf4ec1d127b98d2dff1327b1f08003,RETAINED_NON_CVAT_SOURCE
retained_legacy_source_video,pigs151119/000062,,8,0,8,128,E:\PigProjectStorage\PIG_Behavior_Project\outputs\legacy_16f_rebuild\legacy_16f_rebuild_20260718_v2\06_full_recovery\legacy_training_sequence_manifest.csv,a56e6f77178fa95521c40a47b53b93022fdf4ec1d127b98d2dff1327b1f08003,RETAINED_NON_CVAT_SOURCE
retained_legacy_source_video,pigs151119/000064,,8,0,8,128,E:\PigProjectStorage\PIG_Behavior_Project\outputs\legacy_16f_rebuild\legacy_16f_rebuild_20260718_v2\06_full_recovery\legacy_training_sequence_manifest.csv,a56e6f77178fa95521c40a47b53b93022fdf4ec1d127b98d2dff1327b1f08003,RETAINED_NON_CVAT_SOURCE
retained_legacy_source_video,pigs151119/000066,,8,0,8,128,E:\PigProjectStorage\PIG_Behavior_Project\outputs\legacy_16f_rebuild\legacy_16f_rebuild_20260718_v2\06_full_recovery\legacy_training_sequence_manifest.csv,a56e6f77178fa95521c40a47b53b93022fdf4ec1d127b98d2dff1327b1f08003,RETAINED_NON_CVAT_SOURCE
retained_legacy_source_video,pigs161119/000067,,8,0,8,128,E:\PigProjectStorage\PIG_Behavior_Project\outputs\legacy_16f_rebuild\legacy_16f_rebuild_20260718_v2\06_full_recovery\legacy_training_sequence_manifest.csv,a56e6f77178fa95521c40a47b53b93022fdf4ec1d127b98d2dff1327b1f08003,RETAINED_NON_CVAT_SOURCE
retained_legacy_source_video,pigs161119/000069,,4,0,4,64,E:\PigProjectStorage\PIG_Behavior_Project\outputs\legacy_16f_rebuild\legacy_16f_rebuild_20260718_v2\06_full_recovery\legacy_training_sequence_manifest.csv,a56e6f77178fa95521c40a47b53b93022fdf4ec1d127b98d2dff1327b1f08003,RETAINED_NON_CVAT_SOURCE
retained_legacy_source_video,pigs161119/000070,,8,0,8,128,E:\PigProjectStorage\PIG_Behavior_Project\outputs\legacy_16f_rebuild\legacy_16f_rebuild_20260718_v2\06_full_recovery\legacy_training_sequence_manifest.csv,a56e6f77178fa95521c40a47b53b93022fdf4ec1d127b98d2dff1327b1f08003,RETAINED_NON_CVAT_SOURCE
retained_legacy_source_video,pigs161119/000071,,8,0,8,128,E:\PigProjectStorage\PIG_Behavior_Project\outputs\legacy_16f_rebuild\legacy_16f_rebuild_20260718_v2\06_full_recovery\legacy_training_sequence_manifest.csv,a56e6f77178fa95521c40a47b53b93022fdf4ec1d127b98d2dff1327b1f08003,RETAINED_NON_CVAT_SOURCE
retained_legacy_source_video,pigs161119/000072,,8,0,8,128,E:\PigProjectStorage\PIG_Behavior_Project\outputs\legacy_16f_rebuild\legacy_16f_rebuild_20260718_v2\06_full_recovery\legacy_training_sequence_manifest.csv,a56e6f77178fa95521c40a47b53b93022fdf4ec1d127b98d2dff1327b1f08003,RETAINED_NON_CVAT_SOURCE
retained_legacy_source_video,pigs161119/000073,,8,0,8,128,E:\PigProjectStorage\PIG_Behavior_Project\outputs\legacy_16f_rebuild\legacy_16f_rebuild_20260718_v2\06_full_recovery\legacy_training_sequence_manifest.csv,a56e6f77178fa95521c40a47b53b93022fdf4ec1d127b98d2dff1327b1f08003,RETAINED_NON_CVAT_SOURCE
retained_legacy_source_video,pigs161119/000074,,8,0,8,128,E:\PigProjectStorage\PIG_Behavior_Project\outputs\legacy_16f_rebuild\legacy_16f_rebuild_20260718_v2\06_full_recovery\legacy_training_sequence_manifest.csv,a56e6f77178fa95521c40a47b53b93022fdf4ec1d127b98d2dff1327b1f08003,RETAINED_NON_CVAT_SOURCE
retained_legacy_source_video,pigs161119/000075,,8,0,8,128,E:\PigProjectStorage\PIG_Behavior_Project\outputs\legacy_16f_rebuild\legacy_16f_rebuild_20260718_v2\06_full_recovery\legacy_training_sequence_manifest.csv,a56e6f77178fa95521c40a47b53b93022fdf4ec1d127b98d2dff1327b1f08003,RETAINED_NON_CVAT_SOURCE
retained_legacy_source_video,pigs161119/000076,,8,0,8,128,E:\PigProjectStorage\PIG_Behavior_Project\outputs\legacy_16f_rebuild\legacy_16f_rebuild_20260718_v2\06_full_recovery\legacy_training_sequence_manifest.csv,a56e6f77178fa95521c40a47b53b93022fdf4ec1d127b98d2dff1327b1f08003,RETAINED_NON_CVAT_SOURCE
retained_legacy_source_video,pigs271119/000000,,7,0,7,112,E:\PigProjectStorage\PIG_Behavior_Project\outputs\legacy_16f_rebuild\legacy_16f_rebuild_20260718_v2\06_full_recovery\legacy_training_sequence_manifest.csv,a56e6f77178fa95521c40a47b53b93022fdf4ec1d127b98d2dff1327b1f08003,RETAINED_NON_CVAT_SOURCE
retained_legacy_source_video,pigs271119/000001,,8,0,8,128,E:\PigProjectStorage\PIG_Behavior_Project\outputs\legacy_16f_rebuild\legacy_16f_rebuild_20260718_v2\06_full_recovery\legacy_training_sequence_manifest.csv,a56e6f77178fa95521c40a47b53b93022fdf4ec1d127b98d2dff1327b1f08003,RETAINED_NON_CVAT_SOURCE
retained_legacy_source_video,pigs271119/000002,,8,0,8,128,E:\PigProjectStorage\PIG_Behavior_Project\outputs\legacy_16f_rebuild\legacy_16f_rebuild_20260718_v2\06_full_recovery\legacy_training_sequence_manifest.csv,a56e6f77178fa95521c40a47b53b93022fdf4ec1d127b98d2dff1327b1f08003,RETAINED_NON_CVAT_SOURCE
retained_legacy_source_video,pigs271119/000005,,8,0,8,128,E:\PigProjectStorage\PIG_Behavior_Project\outputs\legacy_16f_rebuild\legacy_16f_rebuild_20260718_v2\06_full_recovery\legacy_training_sequence_manifest.csv,a56e6f77178fa95521c40a47b53b93022fdf4ec1d127b98d2dff1327b1f08003,RETAINED_NON_CVAT_SOURCE
retained_legacy_source_video,pigs271119/000006,,7,0,7,112,E:\PigProjectStorage\PIG_Behavior_Project\outputs\legacy_16f_rebuild\legacy_16f_rebuild_20260718_v2\06_full_recovery\legacy_training_sequence_manifest.csv,a56e6f77178fa95521c40a47b53b93022fdf4ec1d127b98d2dff1327b1f08003,RETAINED_NON_CVAT_SOURCE
retained_legacy_source_video,pigs271119/000007,,3,0,3,48,E:\PigProjectStorage\PIG_Behavior_Project\outputs\legacy_16f_rebuild\legacy_16f_rebuild_20260718_v2\06_full_recovery\legacy_training_sequence_manifest.csv,a56e6f77178fa95521c40a47b53b93022fdf4ec1d127b98d2dff1327b1f08003,RETAINED_NON_CVAT_SOURCE
retained_legacy_source_video,pigs271119/000008,,8,0,8,128,E:\PigProjectStorage\PIG_Behavior_Project\outputs\legacy_16f_rebuild\legacy_16f_rebuild_20260718_v2\06_full_recovery\legacy_training_sequence_manifest.csv,a56e6f77178fa95521c40a47b53b93022fdf4ec1d127b98d2dff1327b1f08003,RETAINED_NON_CVAT_SOURCE
retained_legacy_source_video,pigs271119/000009,,8,0,8,128,E:\PigProjectStorage\PIG_Behavior_Project\outputs\legacy_16f_rebuild\legacy_16f_rebuild_20260718_v2\06_full_recovery\legacy_training_sequence_manifest.csv,a56e6f77178fa95521c40a47b53b93022fdf4ec1d127b98d2dff1327b1f08003,RETAINED_NON_CVAT_SOURCE
retained_legacy_source_video,pigs271119/000010,,8,0,8,128,E:\PigProjectStorage\PIG_Behavior_Project\outputs\legacy_16f_rebuild\legacy_16f_rebuild_20260718_v2\06_full_recovery\legacy_training_sequence_manifest.csv,a56e6f77178fa95521c40a47b53b93022fdf4ec1d127b98d2dff1327b1f08003,RETAINED_NON_CVAT_SOURCE
retained_legacy_source_video,pigs271119/000011,,7,0,7,112,E:\PigProjectStorage\PIG_Behavior_Project\outputs\legacy_16f_rebuild\legacy_16f_rebuild_20260718_v2\06_full_recovery\legacy_training_sequence_manifest.csv,a56e6f77178fa95521c40a47b53b93022fdf4ec1d127b98d2dff1327b1f08003,RETAINED_NON_CVAT_SOURCE
retained_legacy_source_video,pigs271119/000012,,8,0,8,128,E:\PigProjectStorage\PIG_Behavior_Project\outputs\legacy_16f_rebuild\legacy_16f_rebuild_20260718_v2\06_full_recovery\legacy_training_sequence_manifest.csv,a56e6f77178fa95521c40a47b53b93022fdf4ec1d127b98d2dff1327b1f08003,RETAINED_NON_CVAT_SOURCE
retained_legacy_source_video,pigs271119/000013,,8,0,8,128,E:\PigProjectStorage\PIG_Behavior_Project\outputs\legacy_16f_rebuild\legacy_16f_rebuild_20260718_v2\06_full_recovery\legacy_training_sequence_manifest.csv,a56e6f77178fa95521c40a47b53b93022fdf4ec1d127b98d2dff1327b1f08003,RETAINED_NON_CVAT_SOURCE
retained_legacy_source_video,pigs271119/000014,,8,0,8,128,E:\PigProjectStorage\PIG_Behavior_Project\outputs\legacy_16f_rebuild\legacy_16f_rebuild_20260718_v2\06_full_recovery\legacy_training_sequence_manifest.csv,a56e6f77178fa95521c40a47b53b93022fdf4ec1d127b98d2dff1327b1f08003,RETAINED_NON_CVAT_SOURCE
retained_legacy_source_video,pigs271119/000015,,4,0,4,64,E:\PigProjectStorage\PIG_Behavior_Project\outputs\legacy_16f_rebuild\legacy_16f_rebuild_20260718_v2\06_full_recovery\legacy_training_sequence_manifest.csv,a56e6f77178fa95521c40a47b53b93022fdf4ec1d127b98d2dff1327b1f08003,RETAINED_NON_CVAT_SOURCE
retained_legacy_source_video,pigs271119/000016,,8,0,8,128,E:\PigProjectStorage\PIG_Behavior_Project\outputs\legacy_16f_rebuild\legacy_16f_rebuild_20260718_v2\06_full_recovery\legacy_training_sequence_manifest.csv,a56e6f77178fa95521c40a47b53b93022fdf4ec1d127b98d2dff1327b1f08003,RETAINED_NON_CVAT_SOURCE
retained_legacy_source_video,pigs271119/000017,,3,0,3,48,E:\PigProjectStorage\PIG_Behavior_Project\outputs\legacy_16f_rebuild\legacy_16f_rebuild_20260718_v2\06_full_recovery\legacy_training_sequence_manifest.csv,a56e6f77178fa95521c40a47b53b93022fdf4ec1d127b98d2dff1327b1f08003,RETAINED_NON_CVAT_SOURCE
retained_legacy_source_video,pigs271119/000018,,8,0,8,128,E:\PigProjectStorage\PIG_Behavior_Project\outputs\legacy_16f_rebuild\legacy_16f_rebuild_20260718_v2\06_full_recovery\legacy_training_sequence_manifest.csv,a56e6f77178fa95521c40a47b53b93022fdf4ec1d127b98d2dff1327b1f08003,RETAINED_NON_CVAT_SOURCE
retained_legacy_source_video,pigs271119/000019,,8,0,8,128,E:\PigProjectStorage\PIG_Behavior_Project\outputs\legacy_16f_rebuild\legacy_16f_rebuild_20260718_v2\06_full_recovery\legacy_training_sequence_manifest.csv,a56e6f77178fa95521c40a47b53b93022fdf4ec1d127b98d2dff1327b1f08003,RETAINED_NON_CVAT_SOURCE
retained_legacy_source_video,pigs271119/000020,,8,0,8,128,E:\PigProjectStorage\PIG_Behavior_Project\outputs\legacy_16f_rebuild\legacy_16f_rebuild_20260718_v2\06_full_recovery\legacy_training_sequence_manifest.csv,a56e6f77178fa95521c40a47b53b93022fdf4ec1d127b98d2dff1327b1f08003,RETAINED_NON_CVAT_SOURCE
retained_legacy_source_video,pigs271119/000021,,8,0,8,128,E:\PigProjectStorage\PIG_Behavior_Project\outputs\legacy_16f_rebuild\legacy_16f_rebuild_20260718_v2\06_full_recovery\legacy_training_sequence_manifest.csv,a56e6f77178fa95521c40a47b53b93022fdf4ec1d127b98d2dff1327b1f08003,RETAINED_NON_CVAT_SOURCE
retained_legacy_source_video,pigs271119/000022,,8,0,8,128,E:\PigProjectStorage\PIG_Behavior_Project\outputs\legacy_16f_rebuild\legacy_16f_rebuild_20260718_v2\06_full_recovery\legacy_training_sequence_manifest.csv,a56e6f77178fa95521c40a47b53b93022fdf4ec1d127b98d2dff1327b1f08003,RETAINED_NON_CVAT_SOURCE
retained_legacy_source_video,pigs271119/000023,,8,0,8,128,E:\PigProjectStorage\PIG_Behavior_Project\outputs\legacy_16f_rebuild\legacy_16f_rebuild_20260718_v2\06_full_recovery\legacy_training_sequence_manifest.csv,a56e6f77178fa95521c40a47b53b93022fdf4ec1d127b98d2dff1327b1f08003,RETAINED_NON_CVAT_SOURCE
retained_legacy_source_video,pigs271119/000024,,8,0,8,128,E:\PigProjectStorage\PIG_Behavior_Project\outputs\legacy_16f_rebuild\legacy_16f_rebuild_20260718_v2\06_full_recovery\legacy_training_sequence_manifest.csv,a56e6f77178fa95521c40a47b53b93022fdf4ec1d127b98d2dff1327b1f08003,RETAINED_NON_CVAT_SOURCE
retained_legacy_source_video,pigs271119/000025,,8,0,8,128,E:\PigProjectStorage\PIG_Behavior_Project\outputs\legacy_16f_rebuild\legacy_16f_rebuild_20260718_v2\06_full_recovery\legacy_training_sequence_manifest.csv,a56e6f77178fa95521c40a47b53b93022fdf4ec1d127b98d2dff1327b1f08003,RETAINED_NON_CVAT_SOURCE
retained_legacy_source_video,pigs271119/000026,,8,0,8,128,E:\PigProjectStorage\PIG_Behavior_Project\outputs\legacy_16f_rebuild\legacy_16f_rebuild_20260718_v2\06_full_recovery\legacy_training_sequence_manifest.csv,a56e6f77178fa95521c40a47b53b93022fdf4ec1d127b98d2dff1327b1f08003,RETAINED_NON_CVAT_SOURCE
retained_legacy_source_video,pigs271119/000028,,8,0,8,128,E:\PigProjectStorage\PIG_Behavior_Project\outputs\legacy_16f_rebuild\legacy_16f_rebuild_20260718_v2\06_full_recovery\legacy_training_sequence_manifest.csv,a56e6f77178fa95521c40a47b53b93022fdf4ec1d127b98d2dff1327b1f08003,RETAINED_NON_CVAT_SOURCE
retained_legacy_source_video,pigs271119/000029,,8,0,8,128,E:\PigProjectStorage\PIG_Behavior_Project\outputs\legacy_16f_rebuild\legacy_16f_rebuild_20260718_v2\06_full_recovery\legacy_training_sequence_manifest.csv,a56e6f77178fa95521c40a47b53b93022fdf4ec1d127b98d2dff1327b1f08003,RETAINED_NON_CVAT_SOURCE
retained_legacy_source_video,pigs271119/000031,,8,0,8,128,E:\PigProjectStorage\PIG_Behavior_Project\outputs\legacy_16f_rebuild\legacy_16f_rebuild_20260718_v2\06_full_recovery\legacy_training_sequence_manifest.csv,a56e6f77178fa95521c40a47b53b93022fdf4ec1d127b98d2dff1327b1f08003,RETAINED_NON_CVAT_SOURCE
retained_legacy_source_video,pigs271119/000037,,8,0,8,128,E:\PigProjectStorage\PIG_Behavior_Project\outputs\legacy_16f_rebuild\legacy_16f_rebuild_20260718_v2\06_full_recovery\legacy_training_sequence_manifest.csv,a56e6f77178fa95521c40a47b53b93022fdf4ec1d127b98d2dff1327b1f08003,RETAINED_NON_CVAT_SOURCE
retained_legacy_source_video,pigs271119/000038,,8,0,8,128,E:\PigProjectStorage\PIG_Behavior_Project\outputs\legacy_16f_rebuild\legacy_16f_rebuild_20260718_v2\06_full_recovery\legacy_training_sequence_manifest.csv,a56e6f77178fa95521c40a47b53b93022fdf4ec1d127b98d2dff1327b1f08003,RETAINED_NON_CVAT_SOURCE
retained_legacy_source_video,pigs271119/000039,,8,0,8,128,E:\PigProjectStorage\PIG_Behavior_Project\outputs\legacy_16f_rebuild\legacy_16f_rebuild_20260718_v2\06_full_recovery\legacy_training_sequence_manifest.csv,a56e6f77178fa95521c40a47b53b93022fdf4ec1d127b98d2dff1327b1f08003,RETAINED_NON_CVAT_SOURCE
retained_legacy_source_video,pigs271119/000040,,5,0,5,80,E:\PigProjectStorage\PIG_Behavior_Project\outputs\legacy_16f_rebuild\legacy_16f_rebuild_20260718_v2\06_full_recovery\legacy_training_sequence_manifest.csv,a56e6f77178fa95521c40a47b53b93022fdf4ec1d127b98d2dff1327b1f08003,RETAINED_NON_CVAT_SOURCE
retained_legacy_source_video,pigs271119/000041,,7,0,7,112,E:\PigProjectStorage\PIG_Behavior_Project\outputs\legacy_16f_rebuild\legacy_16f_rebuild_20260718_v2\06_full_recovery\legacy_training_sequence_manifest.csv,a56e6f77178fa95521c40a47b53b93022fdf4ec1d127b98d2dff1327b1f08003,RETAINED_NON_CVAT_SOURCE
retained_legacy_source_video,pigs271119/000042,,8,0,8,128,E:\PigProjectStorage\PIG_Behavior_Project\outputs\legacy_16f_rebuild\legacy_16f_rebuild_20260718_v2\06_full_recovery\legacy_training_sequence_manifest.csv,a56e6f77178fa95521c40a47b53b93022fdf4ec1d127b98d2dff1327b1f08003,RETAINED_NON_CVAT_SOURCE
retained_legacy_source_video,pigs271119/000043,,8,0,8,128,E:\PigProjectStorage\PIG_Behavior_Project\outputs\legacy_16f_rebuild\legacy_16f_rebuild_20260718_v2\06_full_recovery\legacy_training_sequence_manifest.csv,a56e6f77178fa95521c40a47b53b93022fdf4ec1d127b98d2dff1327b1f08003,RETAINED_NON_CVAT_SOURCE
retained_legacy_source_video,pigs271119/000044,,8,0,8,128,E:\PigProjectStorage\PIG_Behavior_Project\outputs\legacy_16f_rebuild\legacy_16f_rebuild_20260718_v2\06_full_recovery\legacy_training_sequence_manifest.csv,a56e6f77178fa95521c40a47b53b93022fdf4ec1d127b98d2dff1327b1f08003,RETAINED_NON_CVAT_SOURCE
retained_legacy_source_video,pigs271119/000045,,8,0,8,128,E:\PigProjectStorage\PIG_Behavior_Project\outputs\legacy_16f_rebuild\legacy_16f_rebuild_20260718_v2\06_full_recovery\legacy_training_sequence_manifest.csv,a56e6f77178fa95521c40a47b53b93022fdf4ec1d127b98d2dff1327b1f08003,RETAINED_NON_CVAT_SOURCE
retained_legacy_source_video,pigs271119/000046,,8,0,8,128,E:\PigProjectStorage\PIG_Behavior_Project\outputs\legacy_16f_rebuild\legacy_16f_rebuild_20260718_v2\06_full_recovery\legacy_training_sequence_manifest.csv,a56e6f77178fa95521c40a47b53b93022fdf4ec1d127b98d2dff1327b1f08003,RETAINED_NON_CVAT_SOURCE
retained_legacy_source_video,pigs271119/000047,,8,0,8,128,E:\PigProjectStorage\PIG_Behavior_Project\outputs\legacy_16f_rebuild\legacy_16f_rebuild_20260718_v2\06_full_recovery\legacy_training_sequence_manifest.csv,a56e6f77178fa95521c40a47b53b93022fdf4ec1d127b98d2dff1327b1f08003,RETAINED_NON_CVAT_SOURCE
retained_legacy_source_video,pigs271119/000048,,8,0,8,128,E:\PigProjectStorage\PIG_Behavior_Project\outputs\legacy_16f_rebuild\legacy_16f_rebuild_20260718_v2\06_full_recovery\legacy_training_sequence_manifest.csv,a56e6f77178fa95521c40a47b53b93022fdf4ec1d127b98d2dff1327b1f08003,RETAINED_NON_CVAT_SOURCE
retained_legacy_source_video,pigs271119/000049,,8,0,8,128,E:\PigProjectStorage\PIG_Behavior_Project\outputs\legacy_16f_rebuild\legacy_16f_rebuild_20260718_v2\06_full_recovery\legacy_training_sequence_manifest.csv,a56e6f77178fa95521c40a47b53b93022fdf4ec1d127b98d2dff1327b1f08003,RETAINED_NON_CVAT_SOURCE
retained_legacy_source_video,pigs271119/000051,,8,0,8,128,E:\PigProjectStorage\PIG_Behavior_Project\outputs\legacy_16f_rebuild\legacy_16f_rebuild_20260718_v2\06_full_recovery\legacy_training_sequence_manifest.csv,a56e6f77178fa95521c40a47b53b93022fdf4ec1d127b98d2dff1327b1f08003,RETAINED_NON_CVAT_SOURCE
retained_legacy_source_video,pigs271119/000052,,8,0,8,128,E:\PigProjectStorage\PIG_Behavior_Project\outputs\legacy_16f_rebuild\legacy_16f_rebuild_20260718_v2\06_full_recovery\legacy_training_sequence_manifest.csv,a56e6f77178fa95521c40a47b53b93022fdf4ec1d127b98d2dff1327b1f08003,RETAINED_NON_CVAT_SOURCE
retained_legacy_source_video,pigs271119/000053,,8,0,8,128,E:\PigProjectStorage\PIG_Behavior_Project\outputs\legacy_16f_rebuild\legacy_16f_rebuild_20260718_v2\06_full_recovery\legacy_training_sequence_manifest.csv,a56e6f77178fa95521c40a47b53b93022fdf4ec1d127b98d2dff1327b1f08003,RETAINED_NON_CVAT_SOURCE
retained_legacy_source_video,pigs271119/000054,,8,0,8,128,E:\PigProjectStorage\PIG_Behavior_Project\outputs\legacy_16f_rebuild\legacy_16f_rebuild_20260718_v2\06_full_recovery\legacy_training_sequence_manifest.csv,a56e6f77178fa95521c40a47b53b93022fdf4ec1d127b98d2dff1327b1f08003,RETAINED_NON_CVAT_SOURCE
retained_legacy_source_video,pigs271119/000056,,8,0,8,128,E:\PigProjectStorage\PIG_Behavior_Project\outputs\legacy_16f_rebuild\legacy_16f_rebuild_20260718_v2\06_full_recovery\legacy_training_sequence_manifest.csv,a56e6f77178fa95521c40a47b53b93022fdf4ec1d127b98d2dff1327b1f08003,RETAINED_NON_CVAT_SOURCE
retained_legacy_source_video,pigs271119/000060,,2,0,2,32,E:\PigProjectStorage\PIG_Behavior_Project\outputs\legacy_16f_rebuild\legacy_16f_rebuild_20260718_v2\06_full_recovery\legacy_training_sequence_manifest.csv,a56e6f77178fa95521c40a47b53b93022fdf4ec1d127b98d2dff1327b1f08003,RETAINED_NON_CVAT_SOURCE
retained_legacy_source_video,pigs271119/000061,,8,0,8,128,E:\PigProjectStorage\PIG_Behavior_Project\outputs\legacy_16f_rebuild\legacy_16f_rebuild_20260718_v2\06_full_recovery\legacy_training_sequence_manifest.csv,a56e6f77178fa95521c40a47b53b93022fdf4ec1d127b98d2dff1327b1f08003,RETAINED_NON_CVAT_SOURCE
retained_legacy_source_video,pigs271119/000063,,8,0,8,128,E:\PigProjectStorage\PIG_Behavior_Project\outputs\legacy_16f_rebuild\legacy_16f_rebuild_20260718_v2\06_full_recovery\legacy_training_sequence_manifest.csv,a56e6f77178fa95521c40a47b53b93022fdf4ec1d127b98d2dff1327b1f08003,RETAINED_NON_CVAT_SOURCE
retained_legacy_source_video,pigs271119/000064,,8,0,8,128,E:\PigProjectStorage\PIG_Behavior_Project\outputs\legacy_16f_rebuild\legacy_16f_rebuild_20260718_v2\06_full_recovery\legacy_training_sequence_manifest.csv,a56e6f77178fa95521c40a47b53b93022fdf4ec1d127b98d2dff1327b1f08003,RETAINED_NON_CVAT_SOURCE
retained_legacy_source_video,pigs271119/000065,,8,0,8,128,E:\PigProjectStorage\PIG_Behavior_Project\outputs\legacy_16f_rebuild\legacy_16f_rebuild_20260718_v2\06_full_recovery\legacy_training_sequence_manifest.csv,a56e6f77178fa95521c40a47b53b93022fdf4ec1d127b98d2dff1327b1f08003,RETAINED_NON_CVAT_SOURCE
retained_legacy_source_video,pigs271119/000066,,8,0,8,128,E:\PigProjectStorage\PIG_Behavior_Project\outputs\legacy_16f_rebuild\legacy_16f_rebuild_20260718_v2\06_full_recovery\legacy_training_sequence_manifest.csv,a56e6f77178fa95521c40a47b53b93022fdf4ec1d127b98d2dff1327b1f08003,RETAINED_NON_CVAT_SOURCE
retained_legacy_source_video,pigs271119/000067,,8,0,8,128,E:\PigProjectStorage\PIG_Behavior_Project\outputs\legacy_16f_rebuild\legacy_16f_rebuild_20260718_v2\06_full_recovery\legacy_training_sequence_manifest.csv,a56e6f77178fa95521c40a47b53b93022fdf4ec1d127b98d2dff1327b1f08003,RETAINED_NON_CVAT_SOURCE
retained_legacy_source_video,pigs271119/000070,,8,0,8,128,E:\PigProjectStorage\PIG_Behavior_Project\outputs\legacy_16f_rebuild\legacy_16f_rebuild_20260718_v2\06_full_recovery\legacy_training_sequence_manifest.csv,a56e6f77178fa95521c40a47b53b93022fdf4ec1d127b98d2dff1327b1f08003,RETAINED_NON_CVAT_SOURCE
retained_legacy_source_video,pigs271119/000071,,8,0,8,128,E:\PigProjectStorage\PIG_Behavior_Project\outputs\legacy_16f_rebuild\legacy_16f_rebuild_20260718_v2\06_full_recovery\legacy_training_sequence_manifest.csv,a56e6f77178fa95521c40a47b53b93022fdf4ec1d127b98d2dff1327b1f08003,RETAINED_NON_CVAT_SOURCE
retained_legacy_source_video,pigs271119/000072,,8,0,8,128,E:\PigProjectStorage\PIG_Behavior_Project\outputs\legacy_16f_rebuild\legacy_16f_rebuild_20260718_v2\06_full_recovery\legacy_training_sequence_manifest.csv,a56e6f77178fa95521c40a47b53b93022fdf4ec1d127b98d2dff1327b1f08003,RETAINED_NON_CVAT_SOURCE
retained_legacy_source_video,pigs271119/000073,,8,0,8,128,E:\PigProjectStorage\PIG_Behavior_Project\outputs\legacy_16f_rebuild\legacy_16f_rebuild_20260718_v2\06_full_recovery\legacy_training_sequence_manifest.csv,a56e6f77178fa95521c40a47b53b93022fdf4ec1d127b98d2dff1327b1f08003,RETAINED_NON_CVAT_SOURCE
retained_legacy_source_video,pigs271119/000075,,8,0,8,128,E:\PigProjectStorage\PIG_Behavior_Project\outputs\legacy_16f_rebuild\legacy_16f_rebuild_20260718_v2\06_full_recovery\legacy_training_sequence_manifest.csv,a56e6f77178fa95521c40a47b53b93022fdf4ec1d127b98d2dff1327b1f08003,RETAINED_NON_CVAT_SOURCE
retained_legacy_source_video,pigs271119/000078,,8,0,8,128,E:\PigProjectStorage\PIG_Behavior_Project\outputs\legacy_16f_rebuild\legacy_16f_rebuild_20260718_v2\06_full_recovery\legacy_training_sequence_manifest.csv,a56e6f77178fa95521c40a47b53b93022fdf4ec1d127b98d2dff1327b1f08003,RETAINED_NON_CVAT_SOURCE
retained_legacy_source_video,pigs281119/000086,,6,0,6,96,E:\PigProjectStorage\PIG_Behavior_Project\outputs\legacy_16f_rebuild\legacy_16f_rebuild_20260718_v2\06_full_recovery\legacy_training_sequence_manifest.csv,a56e6f77178fa95521c40a47b53b93022fdf4ec1d127b98d2dff1327b1f08003,RETAINED_NON_CVAT_SOURCE
retained_legacy_source_video,pigs281119/000087,,8,0,8,128,E:\PigProjectStorage\PIG_Behavior_Project\outputs\legacy_16f_rebuild\legacy_16f_rebuild_20260718_v2\06_full_recovery\legacy_training_sequence_manifest.csv,a56e6f77178fa95521c40a47b53b93022fdf4ec1d127b98d2dff1327b1f08003,RETAINED_NON_CVAT_SOURCE
retained_legacy_source_video,pigs281119/000088,,8,0,8,128,E:\PigProjectStorage\PIG_Behavior_Project\outputs\legacy_16f_rebuild\legacy_16f_rebuild_20260718_v2\06_full_recovery\legacy_training_sequence_manifest.csv,a56e6f77178fa95521c40a47b53b93022fdf4ec1d127b98d2dff1327b1f08003,RETAINED_NON_CVAT_SOURCE
retained_legacy_source_video,pigs281119/000089,,8,0,8,128,E:\PigProjectStorage\PIG_Behavior_Project\outputs\legacy_16f_rebuild\legacy_16f_rebuild_20260718_v2\06_full_recovery\legacy_training_sequence_manifest.csv,a56e6f77178fa95521c40a47b53b93022fdf4ec1d127b98d2dff1327b1f08003,RETAINED_NON_CVAT_SOURCE
retained_legacy_source_video,pigs281119/000090,,8,0,8,128,E:\PigProjectStorage\PIG_Behavior_Project\outputs\legacy_16f_rebuild\legacy_16f_rebuild_20260718_v2\06_full_recovery\legacy_training_sequence_manifest.csv,a56e6f77178fa95521c40a47b53b93022fdf4ec1d127b98d2dff1327b1f08003,RETAINED_NON_CVAT_SOURCE
retained_legacy_source_video,pigs281119/000091,,8,0,8,128,E:\PigProjectStorage\PIG_Behavior_Project\outputs\legacy_16f_rebuild\legacy_16f_rebuild_20260718_v2\06_full_recovery\legacy_training_sequence_manifest.csv,a56e6f77178fa95521c40a47b53b93022fdf4ec1d127b98d2dff1327b1f08003,RETAINED_NON_CVAT_SOURCE
retained_legacy_source_video,pigs281119/000092,,8,0,8,128,E:\PigProjectStorage\PIG_Behavior_Project\outputs\legacy_16f_rebuild\legacy_16f_rebuild_20260718_v2\06_full_recovery\legacy_training_sequence_manifest.csv,a56e6f77178fa95521c40a47b53b93022fdf4ec1d127b98d2dff1327b1f08003,RETAINED_NON_CVAT_SOURCE
retained_legacy_source_video,pigs281119/000093,,8,0,8,128,E:\PigProjectStorage\PIG_Behavior_Project\outputs\legacy_16f_rebuild\legacy_16f_rebuild_20260718_v2\06_full_recovery\legacy_training_sequence_manifest.csv,a56e6f77178fa95521c40a47b53b93022fdf4ec1d127b98d2dff1327b1f08003,RETAINED_NON_CVAT_SOURCE
retained_legacy_source_video,pigs281119/000094,,5,0,5,80,E:\PigProjectStorage\PIG_Behavior_Project\outputs\legacy_16f_rebuild\legacy_16f_rebuild_20260718_v2\06_full_recovery\legacy_training_sequence_manifest.csv,a56e6f77178fa95521c40a47b53b93022fdf4ec1d127b98d2dff1327b1f08003,RETAINED_NON_CVAT_SOURCE
retained_legacy_source_video,pigs281119/000095,,8,0,8,128,E:\PigProjectStorage\PIG_Behavior_Project\outputs\legacy_16f_rebuild\legacy_16f_rebuild_20260718_v2\06_full_recovery\legacy_training_sequence_manifest.csv,a56e6f77178fa95521c40a47b53b93022fdf4ec1d127b98d2dff1327b1f08003,RETAINED_NON_CVAT_SOURCE
retained_legacy_source_video,pigs281119/000096,,8,0,8,128,E:\PigProjectStorage\PIG_Behavior_Project\outputs\legacy_16f_rebuild\legacy_16f_rebuild_20260718_v2\06_full_recovery\legacy_training_sequence_manifest.csv,a56e6f77178fa95521c40a47b53b93022fdf4ec1d127b98d2dff1327b1f08003,RETAINED_NON_CVAT_SOURCE
retained_legacy_source_video,pigs281119/000097,,8,0,8,128,E:\PigProjectStorage\PIG_Behavior_Project\outputs\legacy_16f_rebuild\legacy_16f_rebuild_20260718_v2\06_full_recovery\legacy_training_sequence_manifest.csv,a56e6f77178fa95521c40a47b53b93022fdf4ec1d127b98d2dff1327b1f08003,RETAINED_NON_CVAT_SOURCE
retained_legacy_source_video,pigs281119/000098,,8,0,8,128,E:\PigProjectStorage\PIG_Behavior_Project\outputs\legacy_16f_rebuild\legacy_16f_rebuild_20260718_v2\06_full_recovery\legacy_training_sequence_manifest.csv,a56e6f77178fa95521c40a47b53b93022fdf4ec1d127b98d2dff1327b1f08003,RETAINED_NON_CVAT_SOURCE
retained_legacy_source_video,pigs281119/000099,,8,0,8,128,E:\PigProjectStorage\PIG_Behavior_Project\outputs\legacy_16f_rebuild\legacy_16f_rebuild_20260718_v2\06_full_recovery\legacy_training_sequence_manifest.csv,a56e6f77178fa95521c40a47b53b93022fdf4ec1d127b98d2dff1327b1f08003,RETAINED_NON_CVAT_SOURCE
retained_legacy_source_video,pigs281119/000100,,8,0,8,128,E:\PigProjectStorage\PIG_Behavior_Project\outputs\legacy_16f_rebuild\legacy_16f_rebuild_20260718_v2\06_full_recovery\legacy_training_sequence_manifest.csv,a56e6f77178fa95521c40a47b53b93022fdf4ec1d127b98d2dff1327b1f08003,RETAINED_NON_CVAT_SOURCE
retained_legacy_source_video,pigs281119/000101,,8,0,8,128,E:\PigProjectStorage\PIG_Behavior_Project\outputs\legacy_16f_rebuild\legacy_16f_rebuild_20260718_v2\06_full_recovery\legacy_training_sequence_manifest.csv,a56e6f77178fa95521c40a47b53b93022fdf4ec1d127b98d2dff1327b1f08003,RETAINED_NON_CVAT_SOURCE
retained_legacy_source_video,pigs281119/000102,,8,0,8,128,E:\PigProjectStorage\PIG_Behavior_Project\outputs\legacy_16f_rebuild\legacy_16f_rebuild_20260718_v2\06_full_recovery\legacy_training_sequence_manifest.csv,a56e6f77178fa95521c40a47b53b93022fdf4ec1d127b98d2dff1327b1f08003,RETAINED_NON_CVAT_SOURCE
retained_legacy_source_video,pigs281119/000103,,8,0,8,128,E:\PigProjectStorage\PIG_Behavior_Project\outputs\legacy_16f_rebuild\legacy_16f_rebuild_20260718_v2\06_full_recovery\legacy_training_sequence_manifest.csv,a56e6f77178fa95521c40a47b53b93022fdf4ec1d127b98d2dff1327b1f08003,RETAINED_NON_CVAT_SOURCE
retained_legacy_source_video,pigs281119/000104,,8,0,8,128,E:\PigProjectStorage\PIG_Behavior_Project\outputs\legacy_16f_rebuild\legacy_16f_rebuild_20260718_v2\06_full_recovery\legacy_training_sequence_manifest.csv,a56e6f77178fa95521c40a47b53b93022fdf4ec1d127b98d2dff1327b1f08003,RETAINED_NON_CVAT_SOURCE
retained_legacy_source_video,pigs281119/000105,,8,0,8,128,E:\PigProjectStorage\PIG_Behavior_Project\outputs\legacy_16f_rebuild\legacy_16f_rebuild_20260718_v2\06_full_recovery\legacy_training_sequence_manifest.csv,a56e6f77178fa95521c40a47b53b93022fdf4ec1d127b98d2dff1327b1f08003,RETAINED_NON_CVAT_SOURCE
retained_legacy_source_video,pigs281119/000106,,8,0,8,128,E:\PigProjectStorage\PIG_Behavior_Project\outputs\legacy_16f_rebuild\legacy_16f_rebuild_20260718_v2\06_full_recovery\legacy_training_sequence_manifest.csv,a56e6f77178fa95521c40a47b53b93022fdf4ec1d127b98d2dff1327b1f08003,RETAINED_NON_CVAT_SOURCE
retained_legacy_source_video,pigs281119/000107,,8,0,8,128,E:\PigProjectStorage\PIG_Behavior_Project\outputs\legacy_16f_rebuild\legacy_16f_rebuild_20260718_v2\06_full_recovery\legacy_training_sequence_manifest.csv,a56e6f77178fa95521c40a47b53b93022fdf4ec1d127b98d2dff1327b1f08003,RETAINED_NON_CVAT_SOURCE
retained_legacy_source_video,pigs281119/000108,,6,0,6,96,E:\PigProjectStorage\PIG_Behavior_Project\outputs\legacy_16f_rebuild\legacy_16f_rebuild_20260718_v2\06_full_recovery\legacy_training_sequence_manifest.csv,a56e6f77178fa95521c40a47b53b93022fdf4ec1d127b98d2dff1327b1f08003,RETAINED_NON_CVAT_SOURCE
retained_legacy_source_video,pigs281119/000109,,8,0,8,128,E:\PigProjectStorage\PIG_Behavior_Project\outputs\legacy_16f_rebuild\legacy_16f_rebuild_20260718_v2\06_full_recovery\legacy_training_sequence_manifest.csv,a56e6f77178fa95521c40a47b53b93022fdf4ec1d127b98d2dff1327b1f08003,RETAINED_NON_CVAT_SOURCE
retained_legacy_source_video,pigs281119/000110,,8,0,8,128,E:\PigProjectStorage\PIG_Behavior_Project\outputs\legacy_16f_rebuild\legacy_16f_rebuild_20260718_v2\06_full_recovery\legacy_training_sequence_manifest.csv,a56e6f77178fa95521c40a47b53b93022fdf4ec1d127b98d2dff1327b1f08003,RETAINED_NON_CVAT_SOURCE
retained_legacy_source_video,pigs281119/000111,,7,0,7,112,E:\PigProjectStorage\PIG_Behavior_Project\outputs\legacy_16f_rebuild\legacy_16f_rebuild_20260718_v2\06_full_recovery\legacy_training_sequence_manifest.csv,a56e6f77178fa95521c40a47b53b93022fdf4ec1d127b98d2dff1327b1f08003,RETAINED_NON_CVAT_SOURCE
retained_legacy_source_video,pigs281119/000112,,7,0,7,112,E:\PigProjectStorage\PIG_Behavior_Project\outputs\legacy_16f_rebuild\legacy_16f_rebuild_20260718_v2\06_full_recovery\legacy_training_sequence_manifest.csv,a56e6f77178fa95521c40a47b53b93022fdf4ec1d127b98d2dff1327b1f08003,RETAINED_NON_CVAT_SOURCE
retained_legacy_source_video,pigs281119/000115,,8,0,8,128,E:\PigProjectStorage\PIG_Behavior_Project\outputs\legacy_16f_rebuild\legacy_16f_rebuild_20260718_v2\06_full_recovery\legacy_training_sequence_manifest.csv,a56e6f77178fa95521c40a47b53b93022fdf4ec1d127b98d2dff1327b1f08003,RETAINED_NON_CVAT_SOURCE
retained_legacy_source_video,pigs281119/000116,,8,0,8,128,E:\PigProjectStorage\PIG_Behavior_Project\outputs\legacy_16f_rebuild\legacy_16f_rebuild_20260718_v2\06_full_recovery\legacy_training_sequence_manifest.csv,a56e6f77178fa95521c40a47b53b93022fdf4ec1d127b98d2dff1327b1f08003,RETAINED_NON_CVAT_SOURCE
retained_legacy_source_video,pigs281119/000117,,8,0,8,128,E:\PigProjectStorage\PIG_Behavior_Project\outputs\legacy_16f_rebuild\legacy_16f_rebuild_20260718_v2\06_full_recovery\legacy_training_sequence_manifest.csv,a56e6f77178fa95521c40a47b53b93022fdf4ec1d127b98d2dff1327b1f08003,RETAINED_NON_CVAT_SOURCE
retained_legacy_source_video,pigs281119/000118,,2,0,2,32,E:\PigProjectStorage\PIG_Behavior_Project\outputs\legacy_16f_rebuild\legacy_16f_rebuild_20260718_v2\06_full_recovery\legacy_training_sequence_manifest.csv,a56e6f77178fa95521c40a47b53b93022fdf4ec1d127b98d2dff1327b1f08003,RETAINED_NON_CVAT_SOURCE
retained_legacy_source_video,pigs281119/000119,,2,0,2,32,E:\PigProjectStorage\PIG_Behavior_Project\outputs\legacy_16f_rebuild\legacy_16f_rebuild_20260718_v2\06_full_recovery\legacy_training_sequence_manifest.csv,a56e6f77178fa95521c40a47b53b93022fdf4ec1d127b98d2dff1327b1f08003,RETAINED_NON_CVAT_SOURCE
retained_legacy_source_video,pigs281119/000120,,2,0,2,32,E:\PigProjectStorage\PIG_Behavior_Project\outputs\legacy_16f_rebuild\legacy_16f_rebuild_20260718_v2\06_full_recovery\legacy_training_sequence_manifest.csv,a56e6f77178fa95521c40a47b53b93022fdf4ec1d127b98d2dff1327b1f08003,RETAINED_NON_CVAT_SOURCE
retained_legacy_source_video,pigs281119/000122,,8,0,8,128,E:\PigProjectStorage\PIG_Behavior_Project\outputs\legacy_16f_rebuild\legacy_16f_rebuild_20260718_v2\06_full_recovery\legacy_training_sequence_manifest.csv,a56e6f77178fa95521c40a47b53b93022fdf4ec1d127b98d2dff1327b1f08003,RETAINED_NON_CVAT_SOURCE
retained_legacy_source_video,pigs281119/000123,,8,0,8,128,E:\PigProjectStorage\PIG_Behavior_Project\outputs\legacy_16f_rebuild\legacy_16f_rebuild_20260718_v2\06_full_recovery\legacy_training_sequence_manifest.csv,a56e6f77178fa95521c40a47b53b93022fdf4ec1d127b98d2dff1327b1f08003,RETAINED_NON_CVAT_SOURCE
retained_legacy_source_video,pigs281119/000124,,8,0,8,128,E:\PigProjectStorage\PIG_Behavior_Project\outputs\legacy_16f_rebuild\legacy_16f_rebuild_20260718_v2\06_full_recovery\legacy_training_sequence_manifest.csv,a56e6f77178fa95521c40a47b53b93022fdf4ec1d127b98d2dff1327b1f08003,RETAINED_NON_CVAT_SOURCE
retained_legacy_source_video,pigs281119/000125,,7,0,7,112,E:\PigProjectStorage\PIG_Behavior_Project\outputs\legacy_16f_rebuild\legacy_16f_rebuild_20260718_v2\06_full_recovery\legacy_training_sequence_manifest.csv,a56e6f77178fa95521c40a47b53b93022fdf4ec1d127b98d2dff1327b1f08003,RETAINED_NON_CVAT_SOURCE
retained_legacy_source_video,pigs281119/000126,,8,0,8,128,E:\PigProjectStorage\PIG_Behavior_Project\outputs\legacy_16f_rebuild\legacy_16f_rebuild_20260718_v2\06_full_recovery\legacy_training_sequence_manifest.csv,a56e6f77178fa95521c40a47b53b93022fdf4ec1d127b98d2dff1327b1f08003,RETAINED_NON_CVAT_SOURCE
retained_legacy_source_video,pigs281119/000127,,8,0,8,128,E:\PigProjectStorage\PIG_Behavior_Project\outputs\legacy_16f_rebuild\legacy_16f_rebuild_20260718_v2\06_full_recovery\legacy_training_sequence_manifest.csv,a56e6f77178fa95521c40a47b53b93022fdf4ec1d127b98d2dff1327b1f08003,RETAINED_NON_CVAT_SOURCE
retained_legacy_source_video,pigs281119/000128,,8,0,8,128,E:\PigProjectStorage\PIG_Behavior_Project\outputs\legacy_16f_rebuild\legacy_16f_rebuild_20260718_v2\06_full_recovery\legacy_training_sequence_manifest.csv,a56e6f77178fa95521c40a47b53b93022fdf4ec1d127b98d2dff1327b1f08003,RETAINED_NON_CVAT_SOURCE
retained_legacy_source_video,pigs281119/000129,,8,0,8,128,E:\PigProjectStorage\PIG_Behavior_Project\outputs\legacy_16f_rebuild\legacy_16f_rebuild_20260718_v2\06_full_recovery\legacy_training_sequence_manifest.csv,a56e6f77178fa95521c40a47b53b93022fdf4ec1d127b98d2dff1327b1f08003,RETAINED_NON_CVAT_SOURCE
retained_legacy_source_video,pigs281119/000130,,8,0,8,128,E:\PigProjectStorage\PIG_Behavior_Project\outputs\legacy_16f_rebuild\legacy_16f_rebuild_20260718_v2\06_full_recovery\legacy_training_sequence_manifest.csv,a56e6f77178fa95521c40a47b53b93022fdf4ec1d127b98d2dff1327b1f08003,RETAINED_NON_CVAT_SOURCE
retained_legacy_source_video,pigs281119/000131,,8,0,8,128,E:\PigProjectStorage\PIG_Behavior_Project\outputs\legacy_16f_rebuild\legacy_16f_rebuild_20260718_v2\06_full_recovery\legacy_training_sequence_manifest.csv,a56e6f77178fa95521c40a47b53b93022fdf4ec1d127b98d2dff1327b1f08003,RETAINED_NON_CVAT_SOURCE
retained_legacy_source_video,pigs281119/000132,,8,0,8,128,E:\PigProjectStorage\PIG_Behavior_Project\outputs\legacy_16f_rebuild\legacy_16f_rebuild_20260718_v2\06_full_recovery\legacy_training_sequence_manifest.csv,a56e6f77178fa95521c40a47b53b93022fdf4ec1d127b98d2dff1327b1f08003,RETAINED_NON_CVAT_SOURCE
retained_legacy_source_video,pigs281119/000133,,8,0,8,128,E:\PigProjectStorage\PIG_Behavior_Project\outputs\legacy_16f_rebuild\legacy_16f_rebuild_20260718_v2\06_full_recovery\legacy_training_sequence_manifest.csv,a56e6f77178fa95521c40a47b53b93022fdf4ec1d127b98d2dff1327b1f08003,RETAINED_NON_CVAT_SOURCE
retained_legacy_source_video,pigs281119/000134,,4,0,4,64,E:\PigProjectStorage\PIG_Behavior_Project\outputs\legacy_16f_rebuild\legacy_16f_rebuild_20260718_v2\06_full_recovery\legacy_training_sequence_manifest.csv,a56e6f77178fa95521c40a47b53b93022fdf4ec1d127b98d2dff1327b1f08003,RETAINED_NON_CVAT_SOURCE
retained_legacy_source_video,pigs281119/000135,,6,0,6,96,E:\PigProjectStorage\PIG_Behavior_Project\outputs\legacy_16f_rebuild\legacy_16f_rebuild_20260718_v2\06_full_recovery\legacy_training_sequence_manifest.csv,a56e6f77178fa95521c40a47b53b93022fdf4ec1d127b98d2dff1327b1f08003,RETAINED_NON_CVAT_SOURCE
retained_legacy_source_video,pigs281119/000136,,4,0,4,64,E:\PigProjectStorage\PIG_Behavior_Project\outputs\legacy_16f_rebuild\legacy_16f_rebuild_20260718_v2\06_full_recovery\legacy_training_sequence_manifest.csv,a56e6f77178fa95521c40a47b53b93022fdf4ec1d127b98d2dff1327b1f08003,RETAINED_NON_CVAT_SOURCE
retained_legacy_source_video,pigs281119/000137,,7,0,7,112,E:\PigProjectStorage\PIG_Behavior_Project\outputs\legacy_16f_rebuild\legacy_16f_rebuild_20260718_v2\06_full_recovery\legacy_training_sequence_manifest.csv,a56e6f77178fa95521c40a47b53b93022fdf4ec1d127b98d2dff1327b1f08003,RETAINED_NON_CVAT_SOURCE
retained_legacy_source_video,pigs281119/000139,,7,0,7,112,E:\PigProjectStorage\PIG_Behavior_Project\outputs\legacy_16f_rebuild\legacy_16f_rebuild_20260718_v2\06_full_recovery\legacy_training_sequence_manifest.csv,a56e6f77178fa95521c40a47b53b93022fdf4ec1d127b98d2dff1327b1f08003,RETAINED_NON_CVAT_SOURCE
retained_legacy_source_video,pigs281119/000140,,8,0,8,128,E:\PigProjectStorage\PIG_Behavior_Project\outputs\legacy_16f_rebuild\legacy_16f_rebuild_20260718_v2\06_full_recovery\legacy_training_sequence_manifest.csv,a56e6f77178fa95521c40a47b53b93022fdf4ec1d127b98d2dff1327b1f08003,RETAINED_NON_CVAT_SOURCE
retained_legacy_source_video,pigs281119/000141,,8,0,8,128,E:\PigProjectStorage\PIG_Behavior_Project\outputs\legacy_16f_rebuild\legacy_16f_rebuild_20260718_v2\06_full_recovery\legacy_training_sequence_manifest.csv,a56e6f77178fa95521c40a47b53b93022fdf4ec1d127b98d2dff1327b1f08003,RETAINED_NON_CVAT_SOURCE
retained_legacy_source_video,pigs281119/000142,,8,0,8,128,E:\PigProjectStorage\PIG_Behavior_Project\outputs\legacy_16f_rebuild\legacy_16f_rebuild_20260718_v2\06_full_recovery\legacy_training_sequence_manifest.csv,a56e6f77178fa95521c40a47b53b93022fdf4ec1d127b98d2dff1327b1f08003,RETAINED_NON_CVAT_SOURCE
retained_legacy_source_video,pigs281119/000143,,8,0,8,128,E:\PigProjectStorage\PIG_Behavior_Project\outputs\legacy_16f_rebuild\legacy_16f_rebuild_20260718_v2\06_full_recovery\legacy_training_sequence_manifest.csv,a56e6f77178fa95521c40a47b53b93022fdf4ec1d127b98d2dff1327b1f08003,RETAINED_NON_CVAT_SOURCE
retained_legacy_source_video,pigs281119/000144,,8,0,8,128,E:\PigProjectStorage\PIG_Behavior_Project\outputs\legacy_16f_rebuild\legacy_16f_rebuild_20260718_v2\06_full_recovery\legacy_training_sequence_manifest.csv,a56e6f77178fa95521c40a47b53b93022fdf4ec1d127b98d2dff1327b1f08003,RETAINED_NON_CVAT_SOURCE
retained_legacy_source_video,pigs281119/000145,,8,0,8,128,E:\PigProjectStorage\PIG_Behavior_Project\outputs\legacy_16f_rebuild\legacy_16f_rebuild_20260718_v2\06_full_recovery\legacy_training_sequence_manifest.csv,a56e6f77178fa95521c40a47b53b93022fdf4ec1d127b98d2dff1327b1f08003,RETAINED_NON_CVAT_SOURCE
retained_legacy_source_video,pigs281119/000146,,8,0,8,128,E:\PigProjectStorage\PIG_Behavior_Project\outputs\legacy_16f_rebuild\legacy_16f_rebuild_20260718_v2\06_full_recovery\legacy_training_sequence_manifest.csv,a56e6f77178fa95521c40a47b53b93022fdf4ec1d127b98d2dff1327b1f08003,RETAINED_NON_CVAT_SOURCE
retained_legacy_source_video,pigs281119/000150,,8,0,8,128,E:\PigProjectStorage\PIG_Behavior_Project\outputs\legacy_16f_rebuild\legacy_16f_rebuild_20260718_v2\06_full_recovery\legacy_training_sequence_manifest.csv,a56e6f77178fa95521c40a47b53b93022fdf4ec1d127b98d2dff1327b1f08003,RETAINED_NON_CVAT_SOURCE
retained_legacy_source_video,pigs281119/000153,,8,0,8,128,E:\PigProjectStorage\PIG_Behavior_Project\outputs\legacy_16f_rebuild\legacy_16f_rebuild_20260718_v2\06_full_recovery\legacy_training_sequence_manifest.csv,a56e6f77178fa95521c40a47b53b93022fdf4ec1d127b98d2dff1327b1f08003,RETAINED_NON_CVAT_SOURCE
retained_legacy_source_video,pigs281119/000154,,8,0,8,128,E:\PigProjectStorage\PIG_Behavior_Project\outputs\legacy_16f_rebuild\legacy_16f_rebuild_20260718_v2\06_full_recovery\legacy_training_sequence_manifest.csv,a56e6f77178fa95521c40a47b53b93022fdf4ec1d127b98d2dff1327b1f08003,RETAINED_NON_CVAT_SOURCE
retained_legacy_source_video,pigs281119/000155,,8,0,8,128,E:\PigProjectStorage\PIG_Behavior_Project\outputs\legacy_16f_rebuild\legacy_16f_rebuild_20260718_v2\06_full_recovery\legacy_training_sequence_manifest.csv,a56e6f77178fa95521c40a47b53b93022fdf4ec1d127b98d2dff1327b1f08003,RETAINED_NON_CVAT_SOURCE
retained_legacy_source_video,pigs281119/000156,,6,0,6,96,E:\PigProjectStorage\PIG_Behavior_Project\outputs\legacy_16f_rebuild\legacy_16f_rebuild_20260718_v2\06_full_recovery\legacy_training_sequence_manifest.csv,a56e6f77178fa95521c40a47b53b93022fdf4ec1d127b98d2dff1327b1f08003,RETAINED_NON_CVAT_SOURCE
retained_legacy_source_video,pigs281119/000157,,5,0,5,80,E:\PigProjectStorage\PIG_Behavior_Project\outputs\legacy_16f_rebuild\legacy_16f_rebuild_20260718_v2\06_full_recovery\legacy_training_sequence_manifest.csv,a56e6f77178fa95521c40a47b53b93022fdf4ec1d127b98d2dff1327b1f08003,RETAINED_NON_CVAT_SOURCE
retained_legacy_source_video,pigs281119/000158,,8,0,8,128,E:\PigProjectStorage\PIG_Behavior_Project\outputs\legacy_16f_rebuild\legacy_16f_rebuild_20260718_v2\06_full_recovery\legacy_training_sequence_manifest.csv,a56e6f77178fa95521c40a47b53b93022fdf4ec1d127b98d2dff1327b1f08003,RETAINED_NON_CVAT_SOURCE
retained_legacy_source_video,pigs281119/000159,,8,0,8,128,E:\PigProjectStorage\PIG_Behavior_Project\outputs\legacy_16f_rebuild\legacy_16f_rebuild_20260718_v2\06_full_recovery\legacy_training_sequence_manifest.csv,a56e6f77178fa95521c40a47b53b93022fdf4ec1d127b98d2dff1327b1f08003,RETAINED_NON_CVAT_SOURCE
retained_legacy_source_video,pigs281119/000160,,8,0,8,128,E:\PigProjectStorage\PIG_Behavior_Project\outputs\legacy_16f_rebuild\legacy_16f_rebuild_20260718_v2\06_full_recovery\legacy_training_sequence_manifest.csv,a56e6f77178fa95521c40a47b53b93022fdf4ec1d127b98d2dff1327b1f08003,RETAINED_NON_CVAT_SOURCE
retained_legacy_source_video,pigs281119/000161,,8,0,8,128,E:\PigProjectStorage\PIG_Behavior_Project\outputs\legacy_16f_rebuild\legacy_16f_rebuild_20260718_v2\06_full_recovery\legacy_training_sequence_manifest.csv,a56e6f77178fa95521c40a47b53b93022fdf4ec1d127b98d2dff1327b1f08003,RETAINED_NON_CVAT_SOURCE
retained_legacy_source_video,pigs281119/000162,,8,0,8,128,E:\PigProjectStorage\PIG_Behavior_Project\outputs\legacy_16f_rebuild\legacy_16f_rebuild_20260718_v2\06_full_recovery\legacy_training_sequence_manifest.csv,a56e6f77178fa95521c40a47b53b93022fdf4ec1d127b98d2dff1327b1f08003,RETAINED_NON_CVAT_SOURCE
retained_legacy_source_video,pigs281119/000163,,8,0,8,128,E:\PigProjectStorage\PIG_Behavior_Project\outputs\legacy_16f_rebuild\legacy_16f_rebuild_20260718_v2\06_full_recovery\legacy_training_sequence_manifest.csv,a56e6f77178fa95521c40a47b53b93022fdf4ec1d127b98d2dff1327b1f08003,RETAINED_NON_CVAT_SOURCE
retained_legacy_source_video,pigs281119/000164,,8,0,8,128,E:\PigProjectStorage\PIG_Behavior_Project\outputs\legacy_16f_rebuild\legacy_16f_rebuild_20260718_v2\06_full_recovery\legacy_training_sequence_manifest.csv,a56e6f77178fa95521c40a47b53b93022fdf4ec1d127b98d2dff1327b1f08003,RETAINED_NON_CVAT_SOURCE
retained_legacy_source_video,pigs281119/000165,,8,0,8,128,E:\PigProjectStorage\PIG_Behavior_Project\outputs\legacy_16f_rebuild\legacy_16f_rebuild_20260718_v2\06_full_recovery\legacy_training_sequence_manifest.csv,a56e6f77178fa95521c40a47b53b93022fdf4ec1d127b98d2dff1327b1f08003,RETAINED_NON_CVAT_SOURCE
retained_legacy_source_video,pigs281119/000166,,8,0,8,128,E:\PigProjectStorage\PIG_Behavior_Project\outputs\legacy_16f_rebuild\legacy_16f_rebuild_20260718_v2\06_full_recovery\legacy_training_sequence_manifest.csv,a56e6f77178fa95521c40a47b53b93022fdf4ec1d127b98d2dff1327b1f08003,RETAINED_NON_CVAT_SOURCE
retained_legacy_source_video,pigs281119/000167,,8,0,8,128,E:\PigProjectStorage\PIG_Behavior_Project\outputs\legacy_16f_rebuild\legacy_16f_rebuild_20260718_v2\06_full_recovery\legacy_training_sequence_manifest.csv,a56e6f77178fa95521c40a47b53b93022fdf4ec1d127b98d2dff1327b1f08003,RETAINED_NON_CVAT_SOURCE
retained_legacy_source_video,pigs281119/000168,,7,0,7,112,E:\PigProjectStorage\PIG_Behavior_Project\outputs\legacy_16f_rebuild\legacy_16f_rebuild_20260718_v2\06_full_recovery\legacy_training_sequence_manifest.csv,a56e6f77178fa95521c40a47b53b93022fdf4ec1d127b98d2dff1327b1f08003,RETAINED_NON_CVAT_SOURCE
retained_legacy_source_video,pigs281119/000169,,8,0,8,128,E:\PigProjectStorage\PIG_Behavior_Project\outputs\legacy_16f_rebuild\legacy_16f_rebuild_20260718_v2\06_full_recovery\legacy_training_sequence_manifest.csv,a56e6f77178fa95521c40a47b53b93022fdf4ec1d127b98d2dff1327b1f08003,RETAINED_NON_CVAT_SOURCE
retained_legacy_source_video,pigs281119/000170,,8,0,8,128,E:\PigProjectStorage\PIG_Behavior_Project\outputs\legacy_16f_rebuild\legacy_16f_rebuild_20260718_v2\06_full_recovery\legacy_training_sequence_manifest.csv,a56e6f77178fa95521c40a47b53b93022fdf4ec1d127b98d2dff1327b1f08003,RETAINED_NON_CVAT_SOURCE
retained_legacy_source_video,pigs281119/000171,,8,0,8,128,E:\PigProjectStorage\PIG_Behavior_Project\outputs\legacy_16f_rebuild\legacy_16f_rebuild_20260718_v2\06_full_recovery\legacy_training_sequence_manifest.csv,a56e6f77178fa95521c40a47b53b93022fdf4ec1d127b98d2dff1327b1f08003,RETAINED_NON_CVAT_SOURCE
retained_legacy_source_video,pigs281119/000174,,8,0,8,128,E:\PigProjectStorage\PIG_Behavior_Project\outputs\legacy_16f_rebuild\legacy_16f_rebuild_20260718_v2\06_full_recovery\legacy_training_sequence_manifest.csv,a56e6f77178fa95521c40a47b53b93022fdf4ec1d127b98d2dff1327b1f08003,RETAINED_NON_CVAT_SOURCE
retained_legacy_source_video,pigs281119/000177,,8,0,8,128,E:\PigProjectStorage\PIG_Behavior_Project\outputs\legacy_16f_rebuild\legacy_16f_rebuild_20260718_v2\06_full_recovery\legacy_training_sequence_manifest.csv,a56e6f77178fa95521c40a47b53b93022fdf4ec1d127b98d2dff1327b1f08003,RETAINED_NON_CVAT_SOURCE
retained_legacy_source_video,pigs281119/000178,,8,0,8,128,E:\PigProjectStorage\PIG_Behavior_Project\outputs\legacy_16f_rebuild\legacy_16f_rebuild_20260718_v2\06_full_recovery\legacy_training_sequence_manifest.csv,a56e6f77178fa95521c40a47b53b93022fdf4ec1d127b98d2dff1327b1f08003,RETAINED_NON_CVAT_SOURCE
retained_legacy_source_video,pigs281119/000179,,8,0,8,128,E:\PigProjectStorage\PIG_Behavior_Project\outputs\legacy_16f_rebuild\legacy_16f_rebuild_20260718_v2\06_full_recovery\legacy_training_sequence_manifest.csv,a56e6f77178fa95521c40a47b53b93022fdf4ec1d127b98d2dff1327b1f08003,RETAINED_NON_CVAT_SOURCE
retained_legacy_source_video,pigs281119/000181,,8,0,8,128,E:\PigProjectStorage\PIG_Behavior_Project\outputs\legacy_16f_rebuild\legacy_16f_rebuild_20260718_v2\06_full_recovery\legacy_training_sequence_manifest.csv,a56e6f77178fa95521c40a47b53b93022fdf4ec1d127b98d2dff1327b1f08003,RETAINED_NON_CVAT_SOURCE
retained_legacy_source_video,pigs281119/000183,,8,0,8,128,E:\PigProjectStorage\PIG_Behavior_Project\outputs\legacy_16f_rebuild\legacy_16f_rebuild_20260718_v2\06_full_recovery\legacy_training_sequence_manifest.csv,a56e6f77178fa95521c40a47b53b93022fdf4ec1d127b98d2dff1327b1f08003,RETAINED_NON_CVAT_SOURCE
retained_legacy_source_video,pigs281119/000188,,8,0,8,128,E:\PigProjectStorage\PIG_Behavior_Project\outputs\legacy_16f_rebuild\legacy_16f_rebuild_20260718_v2\06_full_recovery\legacy_training_sequence_manifest.csv,a56e6f77178fa95521c40a47b53b93022fdf4ec1d127b98d2dff1327b1f08003,RETAINED_NON_CVAT_SOURCE
retained_legacy_source_video,pigs281119/000189,,8,0,8,128,E:\PigProjectStorage\PIG_Behavior_Project\outputs\legacy_16f_rebuild\legacy_16f_rebuild_20260718_v2\06_full_recovery\legacy_training_sequence_manifest.csv,a56e6f77178fa95521c40a47b53b93022fdf4ec1d127b98d2dff1327b1f08003,RETAINED_NON_CVAT_SOURCE
retained_legacy_source_video,pigs281119/000192,,8,0,8,128,E:\PigProjectStorage\PIG_Behavior_Project\outputs\legacy_16f_rebuild\legacy_16f_rebuild_20260718_v2\06_full_recovery\legacy_training_sequence_manifest.csv,a56e6f77178fa95521c40a47b53b93022fdf4ec1d127b98d2dff1327b1f08003,RETAINED_NON_CVAT_SOURCE
retained_legacy_source_video,pigs281119/000197,,8,0,8,128,E:\PigProjectStorage\PIG_Behavior_Project\outputs\legacy_16f_rebuild\legacy_16f_rebuild_20260718_v2\06_full_recovery\legacy_training_sequence_manifest.csv,a56e6f77178fa95521c40a47b53b93022fdf4ec1d127b98d2dff1327b1f08003,RETAINED_NON_CVAT_SOURCE
retained_legacy_source_video,pigs281119/000199,,8,0,8,128,E:\PigProjectStorage\PIG_Behavior_Project\outputs\legacy_16f_rebuild\legacy_16f_rebuild_20260718_v2\06_full_recovery\legacy_training_sequence_manifest.csv,a56e6f77178fa95521c40a47b53b93022fdf4ec1d127b98d2dff1327b1f08003,RETAINED_NON_CVAT_SOURCE
retained_legacy_source_video,pigs291119/000200,,8,0,8,128,E:\PigProjectStorage\PIG_Behavior_Project\outputs\legacy_16f_rebuild\legacy_16f_rebuild_20260718_v2\06_full_recovery\legacy_training_sequence_manifest.csv,a56e6f77178fa95521c40a47b53b93022fdf4ec1d127b98d2dff1327b1f08003,RETAINED_NON_CVAT_SOURCE
retained_legacy_source_video,pigs291119/000201,,8,0,8,128,E:\PigProjectStorage\PIG_Behavior_Project\outputs\legacy_16f_rebuild\legacy_16f_rebuild_20260718_v2\06_full_recovery\legacy_training_sequence_manifest.csv,a56e6f77178fa95521c40a47b53b93022fdf4ec1d127b98d2dff1327b1f08003,RETAINED_NON_CVAT_SOURCE
retained_legacy_source_video,pigs291119/000202,,8,0,8,128,E:\PigProjectStorage\PIG_Behavior_Project\outputs\legacy_16f_rebuild\legacy_16f_rebuild_20260718_v2\06_full_recovery\legacy_training_sequence_manifest.csv,a56e6f77178fa95521c40a47b53b93022fdf4ec1d127b98d2dff1327b1f08003,RETAINED_NON_CVAT_SOURCE
retained_legacy_source_video,pigs291119/000203,,8,0,8,128,E:\PigProjectStorage\PIG_Behavior_Project\outputs\legacy_16f_rebuild\legacy_16f_rebuild_20260718_v2\06_full_recovery\legacy_training_sequence_manifest.csv,a56e6f77178fa95521c40a47b53b93022fdf4ec1d127b98d2dff1327b1f08003,RETAINED_NON_CVAT_SOURCE
retained_legacy_source_video,pigs291119/000204,,8,0,8,128,E:\PigProjectStorage\PIG_Behavior_Project\outputs\legacy_16f_rebuild\legacy_16f_rebuild_20260718_v2\06_full_recovery\legacy_training_sequence_manifest.csv,a56e6f77178fa95521c40a47b53b93022fdf4ec1d127b98d2dff1327b1f08003,RETAINED_NON_CVAT_SOURCE
retained_legacy_source_video,pigs291119/000205,,8,0,8,128,E:\PigProjectStorage\PIG_Behavior_Project\outputs\legacy_16f_rebuild\legacy_16f_rebuild_20260718_v2\06_full_recovery\legacy_training_sequence_manifest.csv,a56e6f77178fa95521c40a47b53b93022fdf4ec1d127b98d2dff1327b1f08003,RETAINED_NON_CVAT_SOURCE
retained_legacy_source_video,pigs291119/000206,,8,0,8,128,E:\PigProjectStorage\PIG_Behavior_Project\outputs\legacy_16f_rebuild\legacy_16f_rebuild_20260718_v2\06_full_recovery\legacy_training_sequence_manifest.csv,a56e6f77178fa95521c40a47b53b93022fdf4ec1d127b98d2dff1327b1f08003,RETAINED_NON_CVAT_SOURCE
retained_legacy_source_video,pigs291119/000207,,4,0,4,64,E:\PigProjectStorage\PIG_Behavior_Project\outputs\legacy_16f_rebuild\legacy_16f_rebuild_20260718_v2\06_full_recovery\legacy_training_sequence_manifest.csv,a56e6f77178fa95521c40a47b53b93022fdf4ec1d127b98d2dff1327b1f08003,RETAINED_NON_CVAT_SOURCE
retained_legacy_source_video,pigs291119/000208,,8,0,8,128,E:\PigProjectStorage\PIG_Behavior_Project\outputs\legacy_16f_rebuild\legacy_16f_rebuild_20260718_v2\06_full_recovery\legacy_training_sequence_manifest.csv,a56e6f77178fa95521c40a47b53b93022fdf4ec1d127b98d2dff1327b1f08003,RETAINED_NON_CVAT_SOURCE
retained_legacy_source_video,pigs291119/000209,,7,0,7,112,E:\PigProjectStorage\PIG_Behavior_Project\outputs\legacy_16f_rebuild\legacy_16f_rebuild_20260718_v2\06_full_recovery\legacy_training_sequence_manifest.csv,a56e6f77178fa95521c40a47b53b93022fdf4ec1d127b98d2dff1327b1f08003,RETAINED_NON_CVAT_SOURCE
retained_legacy_source_video,pigs291119/000210,,8,0,8,128,E:\PigProjectStorage\PIG_Behavior_Project\outputs\legacy_16f_rebuild\legacy_16f_rebuild_20260718_v2\06_full_recovery\legacy_training_sequence_manifest.csv,a56e6f77178fa95521c40a47b53b93022fdf4ec1d127b98d2dff1327b1f08003,RETAINED_NON_CVAT_SOURCE
retained_legacy_source_video,pigs291119/000211,,7,0,7,112,E:\PigProjectStorage\PIG_Behavior_Project\outputs\legacy_16f_rebuild\legacy_16f_rebuild_20260718_v2\06_full_recovery\legacy_training_sequence_manifest.csv,a56e6f77178fa95521c40a47b53b93022fdf4ec1d127b98d2dff1327b1f08003,RETAINED_NON_CVAT_SOURCE
retained_legacy_source_video,pigs291119/000212,,8,0,8,128,E:\PigProjectStorage\PIG_Behavior_Project\outputs\legacy_16f_rebuild\legacy_16f_rebuild_20260718_v2\06_full_recovery\legacy_training_sequence_manifest.csv,a56e6f77178fa95521c40a47b53b93022fdf4ec1d127b98d2dff1327b1f08003,RETAINED_NON_CVAT_SOURCE
retained_legacy_source_video,pigs291119/000213,,8,0,8,128,E:\PigProjectStorage\PIG_Behavior_Project\outputs\legacy_16f_rebuild\legacy_16f_rebuild_20260718_v2\06_full_recovery\legacy_training_sequence_manifest.csv,a56e6f77178fa95521c40a47b53b93022fdf4ec1d127b98d2dff1327b1f08003,RETAINED_NON_CVAT_SOURCE
retained_legacy_source_video,pigs291119/000214,,8,0,8,128,E:\PigProjectStorage\PIG_Behavior_Project\outputs\legacy_16f_rebuild\legacy_16f_rebuild_20260718_v2\06_full_recovery\legacy_training_sequence_manifest.csv,a56e6f77178fa95521c40a47b53b93022fdf4ec1d127b98d2dff1327b1f08003,RETAINED_NON_CVAT_SOURCE
retained_legacy_source_video,pigs291119/000215,,8,0,8,128,E:\PigProjectStorage\PIG_Behavior_Project\outputs\legacy_16f_rebuild\legacy_16f_rebuild_20260718_v2\06_full_recovery\legacy_training_sequence_manifest.csv,a56e6f77178fa95521c40a47b53b93022fdf4ec1d127b98d2dff1327b1f08003,RETAINED_NON_CVAT_SOURCE
retained_legacy_source_video,pigs291119/000217,,8,0,8,128,E:\PigProjectStorage\PIG_Behavior_Project\outputs\legacy_16f_rebuild\legacy_16f_rebuild_20260718_v2\06_full_recovery\legacy_training_sequence_manifest.csv,a56e6f77178fa95521c40a47b53b93022fdf4ec1d127b98d2dff1327b1f08003,RETAINED_NON_CVAT_SOURCE
retained_legacy_source_video,pigs291119/000218,,8,0,8,128,E:\PigProjectStorage\PIG_Behavior_Project\outputs\legacy_16f_rebuild\legacy_16f_rebuild_20260718_v2\06_full_recovery\legacy_training_sequence_manifest.csv,a56e6f77178fa95521c40a47b53b93022fdf4ec1d127b98d2dff1327b1f08003,RETAINED_NON_CVAT_SOURCE
retained_legacy_source_video,pigs291119/000219,,8,0,8,128,E:\PigProjectStorage\PIG_Behavior_Project\outputs\legacy_16f_rebuild\legacy_16f_rebuild_20260718_v2\06_full_recovery\legacy_training_sequence_manifest.csv,a56e6f77178fa95521c40a47b53b93022fdf4ec1d127b98d2dff1327b1f08003,RETAINED_NON_CVAT_SOURCE
retained_legacy_source_video,pigs291119/000220,,8,0,8,128,E:\PigProjectStorage\PIG_Behavior_Project\outputs\legacy_16f_rebuild\legacy_16f_rebuild_20260718_v2\06_full_recovery\legacy_training_sequence_manifest.csv,a56e6f77178fa95521c40a47b53b93022fdf4ec1d127b98d2dff1327b1f08003,RETAINED_NON_CVAT_SOURCE
retained_legacy_source_video,pigs291119/000221,,8,0,8,128,E:\PigProjectStorage\PIG_Behavior_Project\outputs\legacy_16f_rebuild\legacy_16f_rebuild_20260718_v2\06_full_recovery\legacy_training_sequence_manifest.csv,a56e6f77178fa95521c40a47b53b93022fdf4ec1d127b98d2dff1327b1f08003,RETAINED_NON_CVAT_SOURCE
retained_legacy_source_video,pigs291119/000222,,7,0,7,112,E:\PigProjectStorage\PIG_Behavior_Project\outputs\legacy_16f_rebuild\legacy_16f_rebuild_20260718_v2\06_full_recovery\legacy_training_sequence_manifest.csv,a56e6f77178fa95521c40a47b53b93022fdf4ec1d127b98d2dff1327b1f08003,RETAINED_NON_CVAT_SOURCE
retained_legacy_source_video,pigs291119/000223,,8,0,8,128,E:\PigProjectStorage\PIG_Behavior_Project\outputs\legacy_16f_rebuild\legacy_16f_rebuild_20260718_v2\06_full_recovery\legacy_training_sequence_manifest.csv,a56e6f77178fa95521c40a47b53b93022fdf4ec1d127b98d2dff1327b1f08003,RETAINED_NON_CVAT_SOURCE
retained_legacy_source_video,pigs291119/000224,,8,0,8,128,E:\PigProjectStorage\PIG_Behavior_Project\outputs\legacy_16f_rebuild\legacy_16f_rebuild_20260718_v2\06_full_recovery\legacy_training_sequence_manifest.csv,a56e6f77178fa95521c40a47b53b93022fdf4ec1d127b98d2dff1327b1f08003,RETAINED_NON_CVAT_SOURCE
retained_legacy_source_video,pigs291119/000227,,5,0,5,80,E:\PigProjectStorage\PIG_Behavior_Project\outputs\legacy_16f_rebuild\legacy_16f_rebuild_20260718_v2\06_full_recovery\legacy_training_sequence_manifest.csv,a56e6f77178fa95521c40a47b53b93022fdf4ec1d127b98d2dff1327b1f08003,RETAINED_NON_CVAT_SOURCE
retained_legacy_source_video,pigs291119/000228,,4,0,4,64,E:\PigProjectStorage\PIG_Behavior_Project\outputs\legacy_16f_rebuild\legacy_16f_rebuild_20260718_v2\06_full_recovery\legacy_training_sequence_manifest.csv,a56e6f77178fa95521c40a47b53b93022fdf4ec1d127b98d2dff1327b1f08003,RETAINED_NON_CVAT_SOURCE
retained_legacy_source_video,pigs291119/000229,,8,0,8,128,E:\PigProjectStorage\PIG_Behavior_Project\outputs\legacy_16f_rebuild\legacy_16f_rebuild_20260718_v2\06_full_recovery\legacy_training_sequence_manifest.csv,a56e6f77178fa95521c40a47b53b93022fdf4ec1d127b98d2dff1327b1f08003,RETAINED_NON_CVAT_SOURCE
retained_legacy_source_video,pigs291119/000230,,8,0,8,128,E:\PigProjectStorage\PIG_Behavior_Project\outputs\legacy_16f_rebuild\legacy_16f_rebuild_20260718_v2\06_full_recovery\legacy_training_sequence_manifest.csv,a56e6f77178fa95521c40a47b53b93022fdf4ec1d127b98d2dff1327b1f08003,RETAINED_NON_CVAT_SOURCE
retained_legacy_source_video,pigs291119/000232,,8,0,8,128,E:\PigProjectStorage\PIG_Behavior_Project\outputs\legacy_16f_rebuild\legacy_16f_rebuild_20260718_v2\06_full_recovery\legacy_training_sequence_manifest.csv,a56e6f77178fa95521c40a47b53b93022fdf4ec1d127b98d2dff1327b1f08003,RETAINED_NON_CVAT_SOURCE
retained_legacy_source_video,pigs291119/000234,,7,0,7,112,E:\PigProjectStorage\PIG_Behavior_Project\outputs\legacy_16f_rebuild\legacy_16f_rebuild_20260718_v2\06_full_recovery\legacy_training_sequence_manifest.csv,a56e6f77178fa95521c40a47b53b93022fdf4ec1d127b98d2dff1327b1f08003,RETAINED_NON_CVAT_SOURCE
retained_legacy_source_video,pigs291119/000235,,8,0,8,128,E:\PigProjectStorage\PIG_Behavior_Project\outputs\legacy_16f_rebuild\legacy_16f_rebuild_20260718_v2\06_full_recovery\legacy_training_sequence_manifest.csv,a56e6f77178fa95521c40a47b53b93022fdf4ec1d127b98d2dff1327b1f08003,RETAINED_NON_CVAT_SOURCE
retained_legacy_source_video,pigs291119/000236,,8,0,8,128,E:\PigProjectStorage\PIG_Behavior_Project\outputs\legacy_16f_rebuild\legacy_16f_rebuild_20260718_v2\06_full_recovery\legacy_training_sequence_manifest.csv,a56e6f77178fa95521c40a47b53b93022fdf4ec1d127b98d2dff1327b1f08003,RETAINED_NON_CVAT_SOURCE
downstream_binding,,,,,,,E:\PigProjectStorage\PIG_Behavior_Project\outputs\legacy_16f_rebuild\legacy_16f_rebuild_20260718_v2\02_video_policy\nodup\old_burst_center_keyframes_nodup_videos.csv,391ad8602c5615c5b639ca3655459844253a22e5b6c1e8e93c6fb5157ca79dba,retained legacy center burst manifest
downstream_binding,,,,,,,E:\PigProjectStorage\PIG_Behavior_Project\outputs\legacy_16f_rebuild\legacy_16f_rebuild_20260718_v2\02_video_policy\nodup\old_burst_all_keyframe_bboxes_nodup_videos.csv,8deddfab69f4282ceb7d9ded86990e22d0206915121ddae3d8f2ffaf5d41b263,retained legacy all-frame bounding-box manifest
downstream_binding,,,,,,,E:\PigProjectStorage\PIG_Behavior_Project\outputs\legacy_16f_rebuild\legacy_16f_rebuild_20260718_v2\06_full_recovery\legacy_training_sequence_manifest.csv,a56e6f77178fa95521c40a47b53b93022fdf4ec1d127b98d2dff1327b1f08003,downstream filtered legacy sequence manifest
downstream_binding,,,,,,,E:\PigProjectStorage\PIG_Behavior_Project\outputs\classification_v2\agent_audits\post_review_frame_amendment_materialization_fa028cb_20260803_224700\reviewed_frame_features.csv.gz,a8c48f9d5546818fac3f091c915dfa577e0a5969f8e05623c83e2d5900b9610c,current pooled reviewed frame snapshot rows
downstream_binding,,,,,,,E:\PigProjectStorage\PIG_Behavior_Project\outputs\classification_v2\agent_audits\reviewed_engineering_snapshot_amendment_v4_1decfe4_20260803_231000\reviewed_engineering_snapshot.json,ab86e2e04267cfdc8248f9bdb8774615479d67a3589f7a25844bb1a4c93a639e,current reviewed snapshot identity manifest
