path,size_bytes,sha256,category
.dockerignore,304,d16bfa2a63ff5033cb9ce5fa07bc5ada1877d88bf99b5d530e18c1d765d6af25,PUBLIC_REPRODUCIBILITY
.gitattributes,320,f901ff51e5d4fca3684401ceafcc65b57b60af3bf600ecbb83d3c3da1a5c0820,PUBLIC_REPRODUCIBILITY
.github/workflows/ci.yml,716,a818cab6cffdb171fea21c8a538dc29952a8e2740fc4dc54589339ce54918f42,PUBLIC_REPRODUCIBILITY
.gitignore,3693,6c264257a412d88bac045628f363fb7aa06319a30a3ad669dee63134c691cecb,PUBLIC_REPRODUCIBILITY
.pre-commit-config.yaml,183,eb8b99c88fe0f771bdd836cd9b8f3a6fc267ce371b91476a26af735124c2bc79,PUBLIC_REPRODUCIBILITY
CITATION.cff,429,e70a176cabbec8367dd3d8a4186713aa7db7771e09e18cae886db97104de4770,PUBLIC_REPRODUCIBILITY
Dockerfile,863,405f87fc49df3cf90cb568c00f6fe168b7f1a05e878394318c4e9baeb77cffba,PUBLIC_CORE
LICENSE,1111,d721722085e2ed0eafcb3b4061008bee9d224426dae194c8ca0c6fa0dce9ef44,PUBLIC_CORE
README.md,11325,9ab6f6632d0674b8a4f231f3d7739ebbc1ba5fa03370bbf42aab9c001fe566b8,PUBLIC_CORE
classification_v2_gui.cmd,107,98ec001a794cbc1fbc91c58fa3cf466d0f18fccf6b17b85cf4474ac8db759b4a,PUBLIC_REPRODUCIBILITY
configs/classification_v2/ablation_shortcut_contract_v1.json,4396,7426e625123cd2af2e8cbed58ce5218b3f07355cb8f4f893c1efdc7d43c45821,PUBLIC_REPRODUCIBILITY
configs/classification_v2/baseline_actor_image.json,3494,8a92b461a164fab2bf9ab0318415bd057b6e3683680d60334d3639a385813e4f,PUBLIC_REPRODUCIBILITY
configs/classification_v2/baseline_actor_spatial.json,3777,29112b0b741c51a85fc91cb4ecd233dbd3da818af0077cb979c1e4aad43a335c,PUBLIC_REPRODUCIBILITY
configs/classification_v2/baseline_actor_spatial_partner_context.json,3797,8a6440121bc216246c427efe877212f41dfd450943cf81097799aab21730742a,PUBLIC_REPRODUCIBILITY
configs/classification_v2/baseline_actor_spatial_partner_multitask.json,3814,1b1404c83248e3bffaa7a07b0975cc5fc012b2846af076df3b979247e424885f,PUBLIC_REPRODUCIBILITY
configs/classification_v2/baseline_spatial_tcn.json,3669,13da1f07b134e2fbc38e4ab15a60d89fa5effd0f1bef67582298f41493b6cfdb,PUBLIC_REPRODUCIBILITY
configs/classification_v2/behavior_posture_contract_v1.json,2345,92488c7a3985970c4aded4292b71afdddaffb2460012186e43e24ab82f9657a3,PUBLIC_REPRODUCIBILITY
configs/classification_v2/behavior_review_scientific_policy_v1.json,505,005d8076626879dd725ccb74116af26a74af7a9ebbf2924603f673a80131d61f,PUBLIC_REPRODUCIBILITY
configs/classification_v2/data_contract_full_t6_v1.json,5976,9258916c49db6d9be5e267c0b75549de7094889683ac365f6a53cc246c846f8a,PUBLIC_REPRODUCIBILITY
configs/classification_v2/data_contract_v1.json,9379,9fde88d622c28a6aa6e3956ed1b4ce3b7521a2dd56f85735e8c75e5d711e2503,PUBLIC_REPRODUCIBILITY
configs/classification_v2/data_contract_v2.json,18474,b49f7f7ad27d8a6b2144ca125cf7a349a432d92e2e5096ab68a3411beee7b641,PUBLIC_REPRODUCIBILITY
configs/classification_v2/f2_h5rgb_earlystop_vg1_scientific_v1.json,4227,f708c48079deef979b15d374d2d1186214cc350f5591fffb7b1655d7c4706926,PUBLIC_REPRODUCIBILITY
configs/classification_v2/f2_h5rgb_earlystop_vg2_scientific_v1.json,4227,fc633e25f401af06afcacf01bfed35728a40977366c3e185779119e7ba54c507,PUBLIC_REPRODUCIBILITY
configs/classification_v2/f2_h5rgb_earlystop_vg3_scientific_v1.json,4227,2b9d16728b2bd8ec9adb6e26034cd8e3c3d00cd509f8fca7f0bd111ba84c999d,PUBLIC_REPRODUCIBILITY
configs/classification_v2/f2_h5rgb_earlystop_vg4_scientific_v1.json,4227,ec1cb3af606895cdb02b2075d34ee7b83173f95dfde98e672e2ef7eac8c3743d,PUBLIC_REPRODUCIBILITY
configs/classification_v2/f2_h5rgb_earlystop_vg5_scientific_v1.json,4227,06229820012ed3dd841cdd53bd25cb0335b54a7c546ad904e5ac0e505c32cb05,PUBLIC_REPRODUCIBILITY
configs/classification_v2/feature_semantics_v1.json,6654,dae4f261cdc3b828a402fe213d85440c12bb1e07b8ec1cd4642ea86c9953835c,PUBLIC_REPRODUCIBILITY
configs/classification_v2/feature_semantics_v2.json,6680,824e6825190487e84f90435c9ff1356069119e47c280b015ce0674d7748ff92c,PUBLIC_REPRODUCIBILITY
configs/classification_v2/final_conservative_slow_finetune_recipe_v1.json,2147,4dc94fe7b66e004cf905a622f3cf37c49b91ebf8cbd96b85ebdd1305d971e737,PUBLIC_REPRODUCIBILITY
configs/classification_v2/final_generalization_recipe_v1.json,2107,328a47e78c8cda8a319213a67eea16ab5b489bacd45eea10ee2e8fc559b3b32f,PUBLIC_REPRODUCIBILITY
configs/classification_v2/full_candidate_domain_controls.json,3796,c3a0f83e28f31bdd13ceddde7874e24e7e479dd3dbdb9a79bfeae674f7fb4c88,PUBLIC_REPRODUCIBILITY
configs/classification_v2/full_learned_oof_contract_v1.json,2548,aef5897a80e76087dd08579109bc19f178edf05294939507c8649fabfd964488,PUBLIC_REPRODUCIBILITY
configs/classification_v2/g1_posture_auxiliary_vg1_scientific_v1.json,4351,5f11f05ebfcd3344e59ef29eb5b50ec60e028c61ce38604539839aaff3c39250,PUBLIC_REPRODUCIBILITY
configs/classification_v2/g1_posture_auxiliary_vg2_scientific_v1.json,4351,86625984fdacec31550c5daa94c900eff7cfbc5bd81a5cab395f93bc30a48b04,PUBLIC_REPRODUCIBILITY
configs/classification_v2/g1_posture_auxiliary_vg3_scientific_v1.json,4351,799caa76caaaeab8f87deaee3b82a6180f7ecf307f97bb847959e2de6cc49925,PUBLIC_REPRODUCIBILITY
configs/classification_v2/g1_posture_auxiliary_vg4_scientific_v1.json,4351,f982f84cbfe1dd94904f5ca8c40546941a03edf51b481bc59302b3721c77f08a,PUBLIC_REPRODUCIBILITY
configs/classification_v2/g1_posture_auxiliary_vg5_scientific_v1.json,4351,d77b27e03eb8860f1b4ab514f2faeadf0ec638a342d8bbc37044dc3ed33d9713,PUBLIC_REPRODUCIBILITY
configs/classification_v2/g2_cclsa_earlystop_vg1_scientific_v1.json,4335,19aaed349d286878297cd8306aa467c15a19c3b9b6c29d609912f31750ed9021,PUBLIC_REPRODUCIBILITY
configs/classification_v2/g2_cclsa_earlystop_vg2_scientific_v1.json,4335,5479357dd22e4c297960aafee0f958202300c66862d5928cbbac644380267146,PUBLIC_REPRODUCIBILITY
configs/classification_v2/g2_cclsa_earlystop_vg3_scientific_v1.json,4335,81ab14da9031ab8f3df554dd20ff28cf1c165f5e1a943d1baa5164f60802a9e1,PUBLIC_REPRODUCIBILITY
configs/classification_v2/g2_cclsa_earlystop_vg4_scientific_v1.json,4335,e625788ee1955111964e9f7fec20968fd223fa2967633fd5c0b118f3505ac197,PUBLIC_REPRODUCIBILITY
configs/classification_v2/g2_cclsa_earlystop_vg5_scientific_v1.json,4335,56d2f8851dd7be22350546663f88fbc017f7c56fd6368b331c5dbc9050676bfd,PUBLIC_REPRODUCIBILITY
configs/classification_v2/gui_operator_profile_v1.json,914,577483867468d80bc3732e0e4c508e06bcb37c440c92b7176ba792e49763d6eb,PUBLIC_REPRODUCIBILITY
configs/classification_v2/hidden_review_scientific_policy_v1.json,483,8c88c09db53ac00a98a79442b797128f3b86a350d7b473383cdae4c8464b1c58,PUBLIC_REPRODUCIBILITY
configs/classification_v2/lineage_rebuild_v1.yaml,17636,ee8417abdf38930ae36cd5216a20eaa1526249e2b69176901d6ed6a7f02e47ae,PUBLIC_REPRODUCIBILITY
configs/classification_v2/m0_full_multimodal_r34_t6_concat.json,3809,fc8402c874ce9bacf9d980eee841b4cb93c1a43dc9b1d7cf836ea697efcb9d7b,PUBLIC_REPRODUCIBILITY
configs/classification_v2/m0_full_t6_scientific_training_contract_v1.json,3130,1de68e98917c8e5091778381734c059122a96a253b08deae335cea08e7724cd2,PUBLIC_REPRODUCIBILITY
configs/classification_v2/m0_outer_f1_scientific_v1.json,2530,d8e0333c39d6ca1a60c7ad67472bc537fa325b176079ef54850f9944b37c4f12,PUBLIC_REPRODUCIBILITY
configs/classification_v2/m0_outer_f1_scientific_v4.json,4058,c7344df88d3a83007860c07784477cda26a6d0fb6855e2c1a40aa73da7f38438,PUBLIC_REPRODUCIBILITY
configs/classification_v2/m0_outer_f2_scientific_v1.json,2614,4b0e856bcbfd43b7ae0e5b6058f89479521c146900651a59b0ce75422fbeb379,PUBLIC_REPRODUCIBILITY
configs/classification_v2/m0_outer_f3_scientific_v1.json,2614,d353f086a6e6400ec6ab4fff30ff4db5e90c55a010e794d17734691069b883b6,PUBLIC_REPRODUCIBILITY
configs/classification_v2/m0_outer_f4_scientific_v1.json,2644,d200afa1d7007fcd30a3da20f6afe168e6f3b1962fc940ceea2ddcc9ce6bfe0c,PUBLIC_REPRODUCIBILITY
configs/classification_v2/m0_rb1_outer_f1_scientific_v1.json,4012,f08bc78cafa64311c002d2e468144b6569d03d12e1bc72af9e62525f14763f87,PUBLIC_REPRODUCIBILITY
configs/classification_v2/m0_rb1_outer_f3_scientific_v1.json,4012,1056994a60a4d5d6ca7459d631738ea94efb3e554e9ae484718cef0e13bf0402,PUBLIC_REPRODUCIBILITY
configs/classification_v2/m1_dg1_date_adversarial_v1.json,4629,02d3e6f3b2b52e1707555ec84a18acc19a6e99f2ab5d5b436fd1efaec7120193,PUBLIC_REPRODUCIBILITY
configs/classification_v2/m1_rp1_partner_token_contract_v1.json,4668,08319f99fce495ea22bc14297175794bf018bf83ff2986422182ae4c17fe583a,PUBLIC_REPRODUCIBILITY
configs/classification_v2/m1_rp1_relational_partner_tokens_v1.json,4650,d0f10088bec9f95cf24ddad38f814e6bc1e3d986a55b7ee6f499a79296896911,PUBLIC_REPRODUCIBILITY
configs/classification_v2/m2_vft_earlystop_vg1_scientific_v1.json,4333,3d6cba711f891dca6a6040f01c88f016989d1a4eca545a600241b2168d5cd2e2,PUBLIC_REPRODUCIBILITY
configs/classification_v2/m2_vft_earlystop_vg2_scientific_v1.json,4333,8eefb2283035429c0215955d7eaad2cd50a6577a6350af11b433b38abff45db4,PUBLIC_REPRODUCIBILITY
configs/classification_v2/m2_vft_earlystop_vg3_scientific_v1.json,4333,72794a3fa8b24177bf09a9ff1acd25109142c8867ef5c33219dcab645874a1a3,PUBLIC_REPRODUCIBILITY
configs/classification_v2/m2_vft_earlystop_vg4_scientific_v1.json,4333,a4a1a871ba5e2dfbd58d1a094814951779710e60188b72e5e0517e714d961864,PUBLIC_REPRODUCIBILITY
configs/classification_v2/m2_vft_earlystop_vg5_scientific_v1.json,4333,a06414083317b387f492d70c6f1018ef787dd9604fd7c4cec8b5200f05cc91dc,PUBLIC_REPRODUCIBILITY
configs/classification_v2/m2_vft_outer_f1_scientific_v1.json,4279,b909e1b73023fab3bee4d4be5d668aa0f3597cc6d5b9857b7a6ea2fcfc895840,PUBLIC_REPRODUCIBILITY
configs/classification_v2/m2_vft_outer_f3_scientific_v1.json,4279,daafad190c6fbb017d4bf3c71234cb0e21328a6722fc81ab9bc05f3d63f90807,PUBLIC_REPRODUCIBILITY
configs/classification_v2/m2_vft_vg1_scientific_v1.json,4303,fc437e73a498e8aabe5b4e4c4cdaf8535b10bb04b1726cadb68d9ae260c35553,PUBLIC_REPRODUCIBILITY
configs/classification_v2/m2_vft_vg2_scientific_v1.json,4303,baf5995484f811af7c47598e3549f0d2e5918784a4ca5d6eac317c139cc612b7,PUBLIC_REPRODUCIBILITY
configs/classification_v2/m2_vft_vg3_scientific_v1.json,4303,d89d587c8303e82f592452525660f9d3efb329191a9176e766bb8c019f662a31,PUBLIC_REPRODUCIBILITY
configs/classification_v2/m2_vft_vg4_scientific_v1.json,4303,e55a89c126df0627d536bd78cbd41a4e8655f5acf0222ee2b76f095271d1b1a6,PUBLIC_REPRODUCIBILITY
configs/classification_v2/m2_vft_vg5_scientific_v1.json,4303,cfe10c92b368877dffd999ea30ccf809d5e86b715f3a566d83dfef23914336f6,PUBLIC_REPRODUCIBILITY
configs/classification_v2/m3_fg_earlystop_vg1_scientific_v1.json,4226,ef01959a6bdf07db4aaa53a4823b288273c18a8ebd19208598ab69bf13540c3c,PUBLIC_REPRODUCIBILITY
configs/classification_v2/m3_fg_earlystop_vg2_scientific_v1.json,4331,9bad6e5c2565d229e91e17b68fed3437c0d241b4115bd1ef765605c0025ee8fe,PUBLIC_REPRODUCIBILITY
configs/classification_v2/m3_fg_earlystop_vg3_scientific_v1.json,4331,094dd11cc91378549633c1a4a29527050116ba9060934aa1a0b220d58a7cd50e,PUBLIC_REPRODUCIBILITY
configs/classification_v2/m3_fg_earlystop_vg4_scientific_v1.json,4331,66aad8c48eec0672504ec53713ab5881765703768816f5a6acb8b79e50ec76a4,PUBLIC_REPRODUCIBILITY
configs/classification_v2/m3_fg_earlystop_vg5_scientific_v1.json,4331,d49c98e2fae112a03288f8f60a1738af531f69b6b6807873714f6ed33356317c,PUBLIC_REPRODUCIBILITY
configs/classification_v2/m4_bas_earlystop_vg1_scientific_v1.json,4308,bfa3b9cb16093501c03d94af42faa380b2cc0c571496d5fd43bbac170853b170,PUBLIC_REPRODUCIBILITY
configs/classification_v2/m4_bas_earlystop_vg2_scientific_v1.json,4308,cca6838ba81e995b752c83484c8d2b9f28918d818f11d2448f7707c40236a9cc,PUBLIC_REPRODUCIBILITY
configs/classification_v2/m4_bas_earlystop_vg3_scientific_v1.json,4308,db85ca03a131466aefd67ffcd33470adc916fe3b02cb424ceeb1a0dc313c3d69,PUBLIC_REPRODUCIBILITY
configs/classification_v2/m4_bas_earlystop_vg4_scientific_v1.json,4308,82eb3b01bf3c11a4c223e00b82f6789527bef0cbe84f6e63fab90b5fb9f71a2c,PUBLIC_REPRODUCIBILITY
configs/classification_v2/m4_bas_earlystop_vg5_scientific_v1.json,4308,92114a7cf76060637859c0208f555bcfc0e2107db49abc2c9341e0700c4a2b3e,PUBLIC_REPRODUCIBILITY
configs/classification_v2/m5_sft_earlystop_vg1_scientific_v1.json,4336,de105c44efd02f312ee1b113b59f67b3fb9b638cb53e14c172fa155af258703b,PUBLIC_REPRODUCIBILITY
configs/classification_v2/m5_sft_earlystop_vg2_scientific_v1.json,4336,4ec04c485690df0fd98f802ceab76501d4d3479e6feb9bd3fb312baf70447016,PUBLIC_REPRODUCIBILITY
configs/classification_v2/m5_sft_earlystop_vg3_scientific_v1.json,4336,372e6cfd23c1f16cbd92934ac4d8056287256caf9f234c7b633b4488557a873d,PUBLIC_REPRODUCIBILITY
configs/classification_v2/m5_sft_earlystop_vg4_scientific_v1.json,4336,239b31012095c728948ff1b7b98c9f63ede9b30fe258fc04e9362cf34f259cbc,PUBLIC_REPRODUCIBILITY
configs/classification_v2/m5_sft_earlystop_vg5_scientific_v1.json,4336,d0120756ed26ff2b0d069307e3c936da587f2fd723db9c41b569f9b0392aaf1c,PUBLIC_REPRODUCIBILITY
configs/classification_v2/model_architecture_contract_v1.json,9515,b5d8b4806a4329ef31d0de96626bc5d6811f0be19a2c6768c79af463b07cbc3f,PUBLIC_REPRODUCIBILITY
configs/classification_v2/model_research/behavior_review_reproduction_contract.yaml,2532,3a334e56630d4e75e95674332470f6de94420836d96a99f273a7b3694c4c7896,PUBLIC_REPRODUCIBILITY
configs/classification_v2/model_research/imbalance_loss_experiments.yaml,5703,1bc2ec3820ef5ee54628fa7a4a8ae51c0ee80ef59cc5be887453cbfa9670dd5a,PUBLIC_REPRODUCIBILITY
configs/classification_v2/model_research/pig_behavior_model_candidates.yaml,10258,37c1f8126da78a108c522fe2b591c2f27693a880a8fe6ae9dcfcace5e4863728,PUBLIC_REPRODUCIBILITY
configs/classification_v2/model_research/scientific_metrics_contract.yaml,4014,e01a7b0a1d1db67f3bbc56b854ee3b0e65975daa28af63ee9e45d4637fbb7d50,PUBLIC_REPRODUCIBILITY
configs/classification_v2/multimodal_context_multitask.json,3810,6da43dc74c13f170f543844d3aabacf485660dd0f303f61c14101666be62a51d,PUBLIC_REPRODUCIBILITY
configs/classification_v2/paper_grade_protocol_v1.json,3965,1fbbab5a69f530c30d5972085dea30535d77600351906d39ae474498d13cb660,PUBLIC_REPRODUCIBILITY
configs/classification_v2/pen_context_ablation_v1.json,2214,7712a67aead5c7fc34e924d8708685ed6b6534443fa5d9b2694a6df510312371,PUBLIC_REPRODUCIBILITY
configs/classification_v2/posture_auto_validation_policy_template_v1.json,640,b0698bdeb8cc5516ca54c290cda0d0a30962134376ee79f2971626197c624792,PUBLIC_REPRODUCIBILITY
configs/classification_v2/q2_ablation_matrix_v1.json,4901,fa1cc34f4fc4b12e93b9fc2ae054ac841b69089f7efad30d0dc11116376e73e7,PUBLIC_REPRODUCIBILITY
configs/classification_v2/q2_active_review_loop_contract_v1.json,4776,1ec8c6c5659eac7dd1ae9f4e5ecea8405a99880e9e7cacbdde53ecf4992e6568,PUBLIC_REPRODUCIBILITY
configs/classification_v2/q2_feature_whitelist_v1.json,4574,bd6f3068c1171b4d34e1991a1b678cee5e7374d9abd7705861b72f93f1e0b46f,PUBLIC_REPRODUCIBILITY
configs/classification_v2/q2_final_calibration_paper_package_contract_v1.json,5670,6506d16cf401960ba56af9f1a553ea7a5006340974c4df2af5ee0ddd64d24041,PUBLIC_REPRODUCIBILITY
configs/classification_v2/q2_hard_negative_mining_contract_v1.json,4730,89bd408766d6ebbaafaa8e1336139d9df97f780ec499b5ba870b95ec9c35e693,PUBLIC_REPRODUCIBILITY
configs/classification_v2/q2_oof_metric_contract_v1.json,3977,222f7c09383a06eb02ad520bd6518aaabc3ed986403dae6258d72fdc726ea08d,PUBLIC_REPRODUCIBILITY
configs/classification_v2/reviewed_q2_artifact_layout_v1.json,9187,3c66090f1254d5a58469336ab1479b6b0f34f78962aba533297c3871f4023039,PUBLIC_REPRODUCIBILITY
configs/classification_v2/reviewed_q2_data_contract_template_v1.json,26148,eda82cdceea197d1d83252124fe4310a8a5326b7107d0890700796930bbf18f8,PUBLIC_REPRODUCIBILITY
configs/classification_v2/reviewed_q2_mixed_finalist_contract_template_v1.json,1806,1bd1709ef40f0f3cb12770e01e30056bc9ccba76e7a6b5827b18687f404a9698,PUBLIC_REPRODUCIBILITY
configs/classification_v2/reviewed_q2_tabular_feature_spec_v1.json,4430,68134cfefee003dcd6a7feb748f7d2af9af9f78237ce51c69029e02f859ecb42,PUBLIC_REPRODUCIBILITY
configs/classification_v2/source_domain_control_v1.json,1344,aec16f060131997433d3dae7a32e199ca88d70bdc209e69ce99bf98797021184,PUBLIC_REPRODUCIBILITY
configs/classification_v2/trainer_contract_v1.json,5863,a0659077cb070836b49578ffadb36f559407172bed40cecce2180f9bf09f6538,PUBLIC_REPRODUCIBILITY
configs/classification_v2/trainer_contract_v2.json,3317,334c45301c307645a63179d3d14ed25a5e1037357c87e0e6d3833ab5cb0d71e8,PUBLIC_REPRODUCIBILITY
configs/classification_v2/true_final_fresh_task_recipe_v1.json,2277,b9cabfdeffff35ac75ae6226ba520d30ee20c4382834d84350da55f77c9b3bc5,PUBLIC_REPRODUCIBILITY
configs/tracking_paths.json,1897,46e877ff18e47035ab2fe527ea49596328e1805f663e1078ce3a479c76f6b240,PUBLIC_REPRODUCIBILITY
data/README.md,2524,93037c9a1991410d72a37551191f2a108189e7d85b64670164796d9b095607f3,PUBLIC_REPRODUCIBILITY
data/annotations/README.md,780,df79621b01bba39cb12c37b86f508d55a2c391888a7f2af8cc328bc5ced11fb2,PUBLIC_REPRODUCIBILITY
data/annotations/roi/ROI_annotations.coco.json,1767,3fbcc2d44987df089845d73a99636d1a9ff9edb0428f7ec069525de582acbfd7,PUBLIC_REPRODUCIBILITY
data/annotations/roi/ROI_annotations.toy_adjusted.coco.json,3731,585f5d23986f1545f882c147b6f1fcd4388facf64f7d40c9bb0551883c77fa1e,PUBLIC_REPRODUCIBILITY
data/annotations/roi/ROI_annotations.toy_adjusted.manifest.json,1378,d925827eb042218917a9f63110f818ddb4d17171e8ab002e47f1a612ec367a98,PUBLIC_REPRODUCIBILITY
data/annotations/scene/mask.png,27017,b59b998ef49335b730c5f117e7161f24ccd277d3b5130c0e640dab7bbb980658,PUBLIC_REPRODUCIBILITY
data/annotations/schemas/cvat_pig_8_labels.json,6995,dd2984fa4fa39f087f254c05f74857da3797f32ff9f5ad67b3bd167ed93d1682,PUBLIC_REPRODUCIBILITY
data/task.json,878,2e8047bd32a4495d74da950a9934302ebfa475d009deefdeedba0f79c358eb09,PUBLIC_REPRODUCIBILITY
docker-compose.yml,842,7e575d8c5301ebd2dcb77f1189690850321ee34519072b0f793645fdef7cf805,PUBLIC_REPRODUCIBILITY
docs/CLASSIFICATION_V2_BEHAVIOR_POSTURE_BURST_PLAN.md,19439,3f9024141f1f9a1947ccdbd185988a9e837487d28928f6d9cb702b4de977cfdd,PUBLIC_REPRODUCIBILITY
docs/CLASSIFICATION_V2_CURRENT_STATE.md,42306,ad9338895f81ecb11007fc16bbba56d76069db45db955c5a670dde139441492e,PUBLIC_REPRODUCIBILITY
docs/CLASSIFICATION_V2_DATA_REBUILD_AND_HUMAN_REVIEW_RUNBOOK.md,161403,dd1651ff00e53af8e9761f6ddbefc79afb525625bb85c0d07f6517db480e52ad,PUBLIC_REPRODUCIBILITY
docs/CLASSIFICATION_V2_GUI_OPERATOR_GUIDE.md,9960,aaad754d65f868f49942dbea5ab3da05fcbecf8206206f8fc64a69a094973794,PUBLIC_REPRODUCIBILITY
docs/CLASSIFICATION_V2_MODEL_FACTORY_CONTRACT.md,4465,dc59c8784868bcdcf9689e23f3eb25845bc43614ccde5dc8b8c8f03545a621f7,PUBLIC_REPRODUCIBILITY
docs/CLASSIFICATION_V2_OPERATIONAL_RUNBOOK.md,7708,406ee3b2f854f61eb592e514289011e1e644774bf96b55e75b27853586ef4e7e,PUBLIC_REPRODUCIBILITY
docs/CLASSIFICATION_V2_POST_REVIEW_LEARNING_PIPELINE.md,7472,a0f995c92f73411e27e7c5510c36015e0162f580e0bb3ae4f860b231677f7919,PUBLIC_REPRODUCIBILITY
docs/CLASSIFICATION_V2_Q1_Q2_RESEARCH_PROTOCOL.md,32016,3482e1caf9ca3c3853af3325eab7530baedc52068c8550285a18378be4ee9918,PUBLIC_REPRODUCIBILITY
docs/CLASSIFICATION_V2_Q2_EXECUTION_PLAN.md,11592,e448181b282e127fad045ba605574b30879b733ff95ae211685a4b4a50ad9884,PUBLIC_REPRODUCIBILITY
docs/CLASSIFICATION_V2_S9_NATIVE_TEMPORAL_METRICS_GATE.md,4036,d2af47f93632d88d8db78df363de463d4a12d1b58d1f886d8e34c2de394becf0,PUBLIC_REPRODUCIBILITY
docs/CLASSIFICATION_V2_SPATIOTEMPORAL_IMAGE_TRAINING_ROADMAP.md,47499,120e5b20e522cbcb4ffef6e1bde0971765f8549deeeb685c5315f8870e98b807,PUBLIC_REPRODUCIBILITY
docs/CLASSIFICATION_V2_THESIS_BLUEPRINT_EVIDENCE_MAP.md,26106,6117e9b4386a46b6c642b43edb483fc1212022839103c25e7ce8dcd646e3b6aa,PUBLIC_REPRODUCIBILITY
docs/DATASET_CARD.md,1354,f53b752f416107a857357824bf406d2363a8854f3a05a6aa2d1f336d093a0d62,PUBLIC_REPRODUCIBILITY
docs/MODEL_CARD.md,2002,8cfe0aba9057e1c9e031db565370f46573c39af710a4e04fef1fefc568c4a066,PUBLIC_REPRODUCIBILITY
docs/TRACKING_CUDA_BENCHMARK_READINESS_20260727.md,5117,946216fa1d44603bc0f74cfcedb4392e9986af6f8fb676bb0bc0a88ae8f62c2d,PUBLIC_REPRODUCIBILITY
docs/TRACKING_ID_PIPELINE.md,19776,ba48821e7d27d18112f7eefbb4f46ad8369ce8b26e9d2646ddf5289bbb30dfe4,PUBLIC_REPRODUCIBILITY
docs/TRACKING_REALTIME_PARETO_PAIRED_EVIDENCE_20260719.md,3303,d34f07325bb6a8d33d1cc279148da42928c2e6a20efc1e0afdb49830b8266cda,PUBLIC_REPRODUCIBILITY
docs/TRACKING_RF_ACC23_ARTIFACT_RECOVERY_20260727.md,8316,73e75f6561bb7c077babd99a246d7aedb759b851fa17959d96fdccd6ce3dc90f,PUBLIC_REPRODUCIBILITY
docs/TRACKING_RF_ACC23_AUTHORITY_CORRECTION_20260727.md,15556,7a4837bcec9c7b809bd20970510ca2e14c6ce5c0a25a630333a4060c10c3c029,PUBLIC_REPRODUCIBILITY
docs/classification_v2_q2_full_oof_runbook.md,7245,4ca66583a4d4278b15a13eab65170af8a31a10f176c5a5f4eb9afb16bf383e96,PUBLIC_REPRODUCIBILITY
docs/classification_v2_q2_multimodal_workflow.md,8281,7737becf89c5d71dd662352d0aa0ff543e6d5560ccde08b1db8a7be2b689f9fd,PUBLIC_REPRODUCIBILITY
docs/figures/identity_profile_propagation_dev12/figure1_paired_video_a1_tv.png,167341,d172351c6ff91b4bb4e45359ffc311d796f5ab2de2830cbc5c19f2fa9a2aa977,PUBLIC_PAPER
docs/figures/identity_profile_propagation_dev12/figure2_wrong_id_vs_a1_tv.png,148598,6a9472254d340c3d84967a57471317c93a5bc40c82e7c00f88e423e9cd4c9e59,PUBLIC_PAPER
docs/figures/identity_profile_propagation_dev12/figure3_exposure_vs_idsw_association.png,90620,f504a736415f5821dd3ddab538e80f7d603d47b3bb09cc141595145af59a946b,PUBLIC_PAPER
docs/figures/identity_profile_propagation_dev12/figure4_synthetic_swap_tv.png,139938,6d742a6b6ff070b33ce792fb2ac168e4001314cfcd476b33e5593a08207e977a,PUBLIC_PAPER
docs/figures/identity_profile_propagation_dev12/figure5_per_class_profile_error.png,120087,59743ca1d67f4994f0c802795e9dad0cf75ec2989effabf340e5b5b5de501179,PUBLIC_PAPER
docs/figures/identity_profile_propagation_dev12_rawbaseline/figure1_paired_video_a1_tv.png,354047,fb18c278a7d2d18fb4f62f6f126ff604f215b1c53348029bb51063ece62dbb56,PUBLIC_PAPER
docs/figures/identity_profile_propagation_dev12_rawbaseline/figure2_wrong_id_vs_a1_tv.png,205720,ef26a7f0c01225ac859b2d81d4ce7f85417916b88829638016b95d81acc8c8ad,PUBLIC_PAPER
docs/figures/identity_profile_propagation_dev12_rawbaseline/figure3_exposure_vs_idsw_association.png,116551,a8224279dfda6432206714003de76d4a6ede97f26c4e5cc1ae5077742ae2cfc7,PUBLIC_PAPER
docs/figures/identity_profile_propagation_dev12_rawbaseline/figure4_per_class_profile_error.png,125312,bdd8f633b4eb30dd28e66d8602ece042069038ffec668915b166ac7fff934cff,PUBLIC_PAPER
docs/figures/identity_profile_propagation_dev12_rawbaseline/figure5_tracking_to_profile_summary.png,199631,23b34d3221e87b80f96b4972068a11147c5bcc0e65e5872522338ec0fa36806a,PUBLIC_PAPER
docs/figures/model_j_factor_ablation/figure1_mean_macro_f1.png,209576,a3b80ea8670a025381992ad50c7bc069ad13f03a87a379ebfdcba710ef76159c,PUBLIC_PAPER
docs/figures/model_j_factor_ablation/figure2_paired_fold_trajectories.png,226055,430aeea7df216cf2379134c9c0ef8d80589b6895b8542e81148b2b7504da2aeb,PUBLIC_PAPER
docs/figures/model_j_factor_ablation/figure3_per_class_f1_deltas.png,193819,42420ed6aee5a4581bc9dee07a76091729829531afc62b58ec85a8e3c6de8b1d,PUBLIC_PAPER
docs/figures/model_j_factor_ablation/figure4_factor_decomposition.png,120367,2b7008633bf846bf6472dc2eb1f3f129e03c5dd718109d6ec38b0793607fcf71,PUBLIC_PAPER
docs/figures/model_j_factor_ablation/paper_table.md,2583,65d186dc1172f504a3ed50bea38352cdbf1359a4c86afd46bca4986c8c71a60a,PUBLIC_PAPER
docs/paper/behavior_group_bootstrap.csv,656,74b17b716902abfbae63032eeb165dbe1c2d382fec73b0170052455b47990599,PUBLIC_PAPER
docs/paper/behavior_group_bootstrap_summary.md,2013,e9425ae815e1503a2383028fdc702271823ae6c128fe2a4e75ef6a69f025f704,PUBLIC_PAPER
docs/paper/behavior_outer_readiness.md,2500,d416cf980a139d16b98d6b751f5d9351a8b3a9a75dbbc6c77a04362c26efab4f,PUBLIC_PAPER
docs/paper/behavior_per_class_uncertainty.csv,1490,7441735141d1966bc8b2e19338821b1fab610b8dd2e49dc408c75f3a8f267112,PUBLIC_PAPER
docs/paper/behavior_story.md,3764,93d3bf4da7c951df8973762a6e67f550431500fd462ae0b7669fdd527429d65d,PUBLIC_PAPER
docs/paper/contribution_evidence_matrix.csv,3288,7d4947ea105c8df8e4ede7965ba3cfc04dd67881c16715f8666489b710a92c41,PUBLIC_PAPER
docs/paper/dataset_role_table.csv,2314,33733c8bb9842567143d573a159f7f8e66818bf21f03fa8e6a6cdfe3a51428d9,PUBLIC_PAPER
docs/paper/evidence/behavior_model_summary.json,6118,36d1a91a6dc1b224c715186cf5e6381c66c4c48df0855ed086edc4d4a99d9fb5,PUBLIC_PAPER
docs/paper/evidence/ensemble_summary.json,2952,ca4fb28b2c9003a0aba5c278371177a832dfbf8fed230b1909b82ebd55f1b5eb,PUBLIC_PAPER
docs/paper/evidence/evidence_manifest.json,2357,b0e184e970713c9cfb5e357717b7fa4e1e4d2343e9291e8c0ad53d8eec60755c,PUBLIC_PAPER
docs/paper/evidence/model_j_ablation_summary.json,2217,8f8ee7461fd1df710ed0799c07b1c8b559cfc52f120f0aa34bbf4d6c32cddfab,PUBLIC_PAPER
docs/paper/evidence/profile_propagation_summary.json,4605,37301120c6cdc5363a38d66e96b4f9bdecb5c473ac369987578dc6e9f1e80e13,PUBLIC_PAPER
docs/paper/evidence/tracking_confirmatory_authority.json,18047,f4e63b4cf05907da49be5e93a71e32e14180bb499406a2f9fe010ebb28547360,PUBLIC_PAPER
docs/paper/figure_inventory.csv,4074,d4d83e88ae8b0d17e16010275d001ca72f0f09873339a0f030a4e80a87c2aa69,PUBLIC_PAPER
docs/paper/figure_numeric_qc.csv,2784,59e680022619b7b684cdc7c63fceae50a4d4d637670737c7deb75540a5388185,PUBLIC_PAPER
docs/paper/final_behavior_cv_table.csv,1034,b2e3c6178bc13021da75295b20f6d699da56d2929c6310b353500a70428d8787,PUBLIC_PAPER
docs/paper/final_behavior_cv_table.md,1614,59eebc685206408235d5fe50e19ff4a8af5fa04cf2c904be0fd8850c61260c40,PUBLIC_PAPER
docs/paper/final_behavior_inner_outer_summary.csv,941,3b7f2190fdf4941d06258f2489060a61671804f6b0044d8e4bd7838b179c52d7,PUBLIC_PAPER
docs/paper/final_behavior_inner_outer_summary.md,1620,e19c497a0bf3fe2e642610134b6a7e01cea39e51565704129129d42944cb32f1,PUBLIC_PAPER
docs/paper/final_behavior_outer_table.csv,945,d52dc629b3fa53d2c894d1b42e0d3b2d203ac7f6bfb02e3da50041005d278295,PUBLIC_PAPER
docs/paper/final_behavior_outer_table.md,966,cfd68268596e998b1dbc46ac874a7080b6245a983d8dcd8f5354e8b61cf99247,PUBLIC_PAPER
docs/paper/final_hardening_report.md,3267,04e0276b9425c7a995aebf572802de03f3b11bdf1dd9a40d8a2da855a3018b7f,PUBLIC_PAPER
docs/paper/final_tracking_confirmatory_table.csv,830,a73dacba3bd2be7240a32a1e296c52d9d34bb9afea11b9589611a27884d2c748,PUBLIC_PAPER
docs/paper/final_tracking_confirmatory_table.md,2401,2efd69f13f8494215793dac5b644537590aa4059a897f9855eba9c218e1a1f96,PUBLIC_PAPER
docs/paper/freeze_corrected_20260917/artifact_hashes.csv,3130,5784ecd9977e0d0c788d5f5785962b7f1ea905831423425dfef147f49a98da83,PUBLIC_PAPER
docs/paper/freeze_corrected_20260917/checkpoint_manifest.csv,3230,8a18b65e60f48124e2a8b73936dc44769a47e681db571bb30420cb6c9bdd7a25,PUBLIC_PAPER
docs/paper/freeze_corrected_20260917/code_commit_manifest.csv,736,c6060a1975071b339aacd2704125e015fa94eed7ce575c81c0ecaa42b35a0675,PUBLIC_PAPER
docs/paper/freeze_corrected_20260917/correction_log.md,2592,2fcb9efe9b6043f2384c470c24c4dd2da1788eb1ba07d5f4d87a91990912436a,PUBLIC_PAPER
docs/paper/freeze_corrected_20260917/dataset_manifest.csv,540,e5b5839d8a81fda4592d7b1252f2f3942977d937d28f9fc8282d2fb2b8e415d3,PUBLIC_PAPER
docs/paper/freeze_corrected_20260917/evaluation_protocols.md,1742,2cbc7ae2eb21db3587a02aa67add71b79a4a1615540b46aee82b5295ff0a7de2,PUBLIC_PAPER
docs/paper/freeze_corrected_20260917/paper_freeze_manifest.json,1673,7020488e607cb2eacf9e6fca202f7a9b700b3af1f3bcd456d3e55a5bee744ac4,PUBLIC_PAPER
docs/paper/freeze_corrected_20260917/reproduce_results.md,750,802ea37746db26984a7f549d77a07dcc83d2fe643388e0bf262dbd2dc531e9ed,PUBLIC_PAPER
docs/paper/manuscript/abstract.md,3494,d1c7026d22a900bf199afd9f63d7a06aa7e11d0f046e3146098a8eae331d573a,PUBLIC_PAPER
docs/paper/manuscript/claim_traceability.csv,4100,0e7f6a0de1528d75ee1d12d5a14370912dae1ad4bc4edecc6cb30924c444f606,PUBLIC_PAPER
docs/paper/manuscript/conclusion.md,3227,659011a8bcf6b9691eb3bde14af7fa2c26636b2446bc5816669140bf9ef1fcac,PUBLIC_PAPER
docs/paper/manuscript/discussion.md,8004,ccfd3ccd970e58ab947402dcbd1a6e5247aab2e34aa3bca0385064fc23d05c3a,PUBLIC_PAPER
docs/paper/manuscript/figure_plan.md,6747,8e2918f11cf9691f3e06ebce6a3c16710a5cd690068c9a45fca720bfe564074f,PUBLIC_PAPER
docs/paper/manuscript/introduction.md,7926,a68a9d04672716f97102ba99d6aaed64b49d6efc95ae8609d0d985706989583f,PUBLIC_PAPER
docs/paper/manuscript/limitations.md,4568,7f43e3ba8014631ace286be8f6caac24889ed3d5621e4a6c7bce78ef77c95ee8,PUBLIC_PAPER
docs/paper/manuscript/master_draft.md,71738,cd89927d41af56391d56105350eca6e0ad0ac091470ca90b5b1710d65ded8f57,PUBLIC_PAPER
docs/paper/manuscript/methods.md,15783,7ff05bde5dd223b336338932024c2b0431899fe427bc11b8a769cd4bf8e6b67e,PUBLIC_PAPER
docs/paper/manuscript/related_work.md,6862,f3b8d15980859fece5c6e661323a59a1dde78b954943d289088c418131cb02f2,PUBLIC_PAPER
docs/paper/manuscript/results.md,16023,71a0802f4f047b01f710bcba1f96f63871dbd8d873b1ccd5e11465b9d5a78537,PUBLIC_PAPER
docs/paper/manuscript/supplement_plan.md,6132,c37378d6d77369e83c98a869775c0f393db056c10b5167e9773bd2329c362bf0,PUBLIC_PAPER
docs/paper/manuscript/table_plan.md,6845,949a68d9a15c11da64009de7fc02463032d87b9a3d3254121b7e00406ab643c4,PUBLIC_PAPER
docs/paper/master_claim_registry.csv,8139,8fff11ffbecaed44e828838bd4d1a1ffa1d3475488ff219e46ee9abbb1ab5551,PUBLIC_PAPER
docs/paper/master_evidence_ledger.csv,31949,a4485d50b4ee44aada33a332fd4d2f2177fa47465b4d291725b24986327259e5,PUBLIC_PAPER
docs/paper/open_items.md,2475,2f61a46dc6ee9823d619b5cf6e0faf8ce0f33bfaa7cbda32077fcca047b8545e,PUBLIC_PAPER
docs/paper/profile_story.md,3067,eea811e6c2f5c8dac566d6de46a0a918b6add6c765bfa4c5cdfabffa4af1bad0,PUBLIC_PAPER
docs/paper/runtime_benchmark_needed.md,1269,7863b51877b37027e20aada51b5b336292a1bad0dc0b2a3ca08575eea87453e9,PUBLIC_PAPER
docs/paper/statistical_reporting_convention.md,1593,8baba3708099e5a163be2fa8687f3b343d28b04feb3a273ed80e07e245eb1693,PUBLIC_PAPER
docs/paper/summary.json,3028,024e7976bc6ff9d5cc7356504d57404211f02c70d7576fdda90ef6b038433e6e,PUBLIC_PAPER
docs/paper/system_complexity_table.csv,1926,204ec47d09c7bf5b90359dc3e87fd7311e15990cd4620509e7fa57b781358f4a,PUBLIC_PAPER
docs/paper/table_inventory.csv,3093,34d812c2e252020bdde3801451a38c4844b5cc28b8b0bd0573279bf30c49bd1b,PUBLIC_PAPER
docs/paper/table_numeric_qc.csv,1849,370d4c6a9367384f012eceb08f1c6e0fc5bc8850c1c2fba1c5f2d3441e2b47b7,PUBLIC_PAPER
docs/paper/tracking_confirmatory_authority.csv,936,2c3aa7dd9d3f5c664edfbd8a1ce87e97fb76aa95b111e9186fa31a618a9ba52a,PUBLIC_PAPER
docs/paper/tracking_confirmatory_provenance.md,1442,3fb60c8c0b5d2c64a36660753d218f349da7fd2bc986a229cb77ec2c840f1811,PUBLIC_PAPER
docs/paper/tracking_confirmatory_uncertainty.csv,280,c7af66b336d0c4a9c12343777ff56fad581e5816c8c9de859a620a34182559fd,PUBLIC_PAPER
docs/paper/tracking_story.md,2460,6f5c6578867db4abfdf511fda7c2e180f3289361c0b648c1c864968c25e044ca,PUBLIC_PAPER
docs/reproducibility.md,1517,2b40d5053cc4b092131cd356f6661942afb38b36ffde49ef90142709007a0be6,PUBLIC_REPRODUCIBILITY
main.py,596,5076b964c0725f822ca9b1da06bf91bba41d8108ee1deda1d7e6b15da0961515,PUBLIC_REPRODUCIBILITY
models/README.md,1594,771e09f571d05423a42cc11a2d7bd4e89515602813df6e54d8f59c0c1e5a987d,PUBLIC_REPRODUCIBILITY
models/behavior/README.md,191,8dc5f9bff583e2a21592586b1b11ec358aa4758aa21e34c6002af4edd205665b,PUBLIC_REPRODUCIBILITY
models/detector/README.md,188,8537afe07d0a25561a593199151e0600e6dd881c0a5b7733e9d6d25ea2b4c2d5,PUBLIC_REPRODUCIBILITY
pyproject.toml,1703,4677382df69822258732332061e97d292f5d2ccd1fc2067098c2e4e757f51fd7,PUBLIC_CORE
requirements-dev.txt,29,370ce00f9a50d97a03649172d9c03d4aef2735ffff66991c37bd63aac91a32f7,PUBLIC_REPRODUCIBILITY
requirements.txt,201,762a8f9b2d511920c9dd20b46c49d6b962c1b6ed2fa80ce0ed2bf9d115a870c7,PUBLIC_CORE
scripts/README.md,12511,82c137330171e9e6c86ba8de2220d29e01bc39c5e76d74372bb9e3e29c1f3baa,PUBLIC_REPRODUCIBILITY
scripts/audit_tracking_prefix_invariance.py,7042,fab4f0c0cfe4149fe341706095987f2d7363434a7742f99bef30ee5dad719a5a,PUBLIC_REPRODUCIBILITY
scripts/audit_tracking_repeatability.py,5923,36a9681e9dbdb069e6e6449ab25fff756cf2e02fb18c7b257f779fb7abe5a1ad,PUBLIC_REPRODUCIBILITY
scripts/benchmarks/benchmark_tracking_modes.py,5332,fabbc53d0a1d89639a348464a7abc4a2f64ebd59db9226bed564747c084ac0b8,PUBLIC_REPRODUCIBILITY
scripts/benchmarks/benchmark_tracking_weights.py,10114,73e6e0e07b93d7f52ada5944039e440db1664a8626ba820c3f548857d0b77163,PUBLIC_REPRODUCIBILITY
scripts/benchmarks/evaluate_best3_roboflow.py,3416,6304eab393efbd3648389f85af6fb860f7511cda06ebd165fe389de2be7e06a6,PUBLIC_REPRODUCIBILITY
scripts/classification_v2/00_source_feature_temporal/check_classification_v2_cvat_anchor_case.py,5693,f47dc0c88446b56b4d774ba8299cb328273d6b2063fbba93e98285f6af84b0d9,PUBLIC_REPRODUCIBILITY
scripts/classification_v2/00_source_feature_temporal/check_classification_v2_frame_local_primitives.py,14599,6b8eaa6f02f3ea1ae07282f69d2309fc8ee02998793c6b6337aa2aa92bc5437b,PUBLIC_REPRODUCIBILITY
scripts/classification_v2/00_source_feature_temporal/check_classification_v2_legacy_cvat_recovery_output.py,1804,0adaea21708884bc8bc6045fbaa8df4999b88fcb7a9b4e4d1b062e46e0fcae29,PUBLIC_REPRODUCIBILITY
scripts/classification_v2/00_source_feature_temporal/check_classification_v2_mixed_source_lineage.py,1356,a7b7b384fb6a4397dd121a3dcacbd6fccd7df1ddfae11732f23a5ce52cd22494,PUBLIC_REPRODUCIBILITY
scripts/classification_v2/00_source_feature_temporal/check_classification_v2_native_review_evidence.py,2569,1a6934986b799542a73771e05f632f1d27567c839f11b549d68157ed41bd0d8f,PUBLIC_REPRODUCIBILITY
scripts/classification_v2/00_source_feature_temporal/check_classification_v2_temporal_evidence.py,3612,4fafe7878d3dd4e9619d639ff42e99faa8a880d7d00de3e59ae1c7a0c4b15dc0,PUBLIC_REPRODUCIBILITY
scripts/classification_v2/00_source_feature_temporal/check_classification_v2_timestamp_fps_contract.py,2641,d458c6cc92c4be9e83e3f1d8d2cb2a4f6278930c02f0725aca36d2e314687eed,PUBLIC_REPRODUCIBILITY
scripts/classification_v2/00_source_feature_temporal/check_cvat_anchor_after_fix.py,1461,5cd56347309a99dc0ac53c721811682aa05fc46ded473eb6710cf7fb68747608,PUBLIC_REPRODUCIBILITY
scripts/classification_v2/00_source_feature_temporal/check_cvat_annotation_quality.py,10028,2176fb46be5bdb3bd9b833dad060a0b26dc6a6613f209da0fd66bfcdb8ac3f85,PUBLIC_REPRODUCIBILITY
scripts/classification_v2/00_source_feature_temporal/check_cvat_label_in_pipeline_layers.py,2693,6de555f13e982812b95626da19124e9af27a8d931bcfe2fe973edadb3aaea254,PUBLIC_REPRODUCIBILITY
scripts/classification_v2/00_source_feature_temporal/check_cvat_mixed_anchor_behavior.py,3179,88cade6637ea6b6cfd4341ea0cef7088f845ed7855115782160869fa2d28009f,PUBLIC_REPRODUCIBILITY
scripts/classification_v2/00_source_feature_temporal/check_image_sources_by_source_type.py,2815,b32b9a692e78afecc1029bf90707aa2be821f920254165aaaca67901b41e1a5a,PUBLIC_REPRODUCIBILITY
scripts/classification_v2/00_source_feature_temporal/check_legacy_readonly_image_root.py,1999,8eed07e59673d2195dcfbdfbaf2b594e9dbecf9c09a57d55bc0d6d0ca33716a2,PUBLIC_REPRODUCIBILITY
scripts/classification_v2/00_source_feature_temporal/classification_v2_apply_context_policy.py,2721,a71b2f321bb5317a85653bef1ed4d2aedde6b6269e76848bb85fcb9f86893c0e,PUBLIC_REPRODUCIBILITY
scripts/classification_v2/00_source_feature_temporal/classification_v2_audit_spatiotemporal_active_data.py,20177,a44bcd2068e62ca26ca98f4a702c0ecd447ce05a5f92f4edd7002cccb2c7a54e,PUBLIC_REPRODUCIBILITY
scripts/classification_v2/00_source_feature_temporal/classification_v2_audit_timestamp_provenance.py,15684,51cec4af784f80dc62dd232e786328db354ee8a51c0d4fbe3fde4b5638ba59b0,PUBLIC_REPRODUCIBILITY
scripts/classification_v2/00_source_feature_temporal/classification_v2_audit_view_availability.py,1602,10a5bb9c12e332365989184efb205ed2c429cb1aa994e1f185ea81a4d0e05945,PUBLIC_REPRODUCIBILITY
scripts/classification_v2/00_source_feature_temporal/classification_v2_build_data_plus_multimodal_sidecars.py,36963,b1532f57a806fb99a3f64b8fb3c6a0ce6ee706e372c709c440c03fa437651f09,PUBLIC_REPRODUCIBILITY
scripts/classification_v2/00_source_feature_temporal/classification_v2_build_data_plus_supplemental_t6.py,69052,e3863e571ee3efc4cd9c8821bcf8c60f1053a90046b8796cbe2223edccd556ee,PUBLIC_REPRODUCIBILITY
scripts/classification_v2/00_source_feature_temporal/classification_v2_build_enhanced_spatiotemporal_features.py,10227,fd8113cca13e172ba0b40b106682a31f030bafed5b42180a42643197f7f39fb1,PUBLIC_REPRODUCIBILITY
scripts/classification_v2/00_source_feature_temporal/classification_v2_build_frame_local_primitives.py,3381,179a9001243e505b76da2df7515984fa94a027daa28e25b2c6afb7b22419e552,PUBLIC_REPRODUCIBILITY
scripts/classification_v2/00_source_feature_temporal/classification_v2_build_geometry_features.py,2069,3bec383e7ff7ff4e5ac85d253298e3c0e149e4d1038c175eff28f981ee4123c8,PUBLIC_REPRODUCIBILITY
scripts/classification_v2/00_source_feature_temporal/classification_v2_build_native_temporal_metrics.py,2737,41eb68a918eaed50a07362466438430d0b9f8fe9691e218e32698bb42be4e39c,PUBLIC_REPRODUCIBILITY
scripts/classification_v2/00_source_feature_temporal/classification_v2_build_native_temporal_units.py,2461,63fc17b6e460a131735b37a6a828ecd9fae46e551420a8962b7aed143b546a7b,PUBLIC_REPRODUCIBILITY
scripts/classification_v2/00_source_feature_temporal/classification_v2_build_roi_features.py,2763,ca31f96aab449281802c7aa64ab839950046e3a7768de60681c63709f8b8b321,PUBLIC_REPRODUCIBILITY
scripts/classification_v2/00_source_feature_temporal/classification_v2_build_sequence_windows.py,29566,dc5433c0511142cfa5c7a2d71bebf387332aa73737b8c17a12de65e68ebd7d23,PUBLIC_REPRODUCIBILITY
scripts/classification_v2/00_source_feature_temporal/classification_v2_build_temporal_harmonization.py,4291,e9f642f2d73327aa942706da97fd36cb3c514f84370cb96931f58d486f13f7be,PUBLIC_REPRODUCIBILITY
scripts/classification_v2/00_source_feature_temporal/classification_v2_build_temporal_smoke_scope.py,3885,a3a85bf40305d26b429c2156bf33d0e40bfd96bbce37dad3284febfba64fc2d0,PUBLIC_REPRODUCIBILITY
scripts/classification_v2/00_source_feature_temporal/classification_v2_extract_pb_teacher_f2_v1.py,5882,8c4b9226e8b352fd02c8a52c5cbca74a10e3925893c31804c721f57dfc46cf4a,PUBLIC_REPRODUCIBILITY
scripts/classification_v2/00_source_feature_temporal/classification_v2_extract_unified_pb_teacher_f2.py,9269,bf9992db30eff3b37797ee06d615a85bf61e7457d6e660ac94dcdd3b3a3bd871,PUBLIC_REPRODUCIBILITY
scripts/classification_v2/00_source_feature_temporal/classification_v2_merge_sources.py,7092,a88b7e384e3deb3844d65221dbaf37af3688bd84c961f94541d0900c81cb80dd,PUBLIC_REPRODUCIBILITY
scripts/classification_v2/00_source_feature_temporal/classification_v2_rebuild_legacy_cvat_recovery_inputs.py,4436,9b6a35feaed7c9d579f6ac91885463a9db4b9a4cbba46400a2f576077529b183,PUBLIC_REPRODUCIBILITY
scripts/classification_v2/00_source_feature_temporal/classification_v2_run_group_a_production_smoke.py,13740,657584faad03f459c8d4c57a0342caa57d543cb760ea4e6d61de8f9cc28b3088,PUBLIC_REPRODUCIBILITY
scripts/classification_v2/00_source_feature_temporal/classification_v2_run_pre_behavior_review_smoke.py,31914,7d52948e341bbd8b1cdb9ead6495cd8e9e52c46128199786298ec489c22d4655,PUBLIC_REPRODUCIBILITY
scripts/classification_v2/00_source_feature_temporal/classification_v2_select_legacy_c6_screening_source.py,1993,c07d03e3ce86d2c8a267a433134f270c4b1b833ee772daf59a61ff03dca52e71,PUBLIC_REPRODUCIBILITY
scripts/classification_v2/00_source_feature_temporal/classification_v2_write_timestamp_fps_contract.py,2892,3a33a5f05729064acdf814daa10c142553cf8f1947f277306944d156881e9eda,PUBLIC_REPRODUCIBILITY
scripts/classification_v2/00_source_feature_temporal/diagnose_cvat_unit_label_mismatch.py,7949,260ffafac5958413645193a599408ec5a91ed891351ac5cbc0a72842d841514f,PUBLIC_REPRODUCIBILITY
scripts/classification_v2/01_review_units_gui/analyze_interaction_calibration_development.py,24394,3b2388e075df34e00b8d020061e175597355f6b883bcd00d7c50cda912a8f4bd,PUBLIC_REPRODUCIBILITY
scripts/classification_v2/01_review_units_gui/apply_behavior_review_attributes.py,10693,5d84183d572c5bb007e529a66d499269f3696d2434c700d01c4ab49f6dd7c138,PUBLIC_REPRODUCIBILITY
scripts/classification_v2/01_review_units_gui/build_behavior_review_templates.py,22724,1e07bb2bb9fada2face572ad80e844efa7c945a4be25b1aaea99b184ae9d2406,PUBLIC_REPRODUCIBILITY
scripts/classification_v2/01_review_units_gui/build_combined_final_behavior_review_scope.py,9454,28ab005c83e0ce69a0eed037a1e9f22b3c5eaeb1764a3251612f4905f87a2ca6,PUBLIC_REPRODUCIBILITY
scripts/classification_v2/01_review_units_gui/build_final_behavior_review_view.py,11070,b30c8a5e46a4870216fc9f3715c2a8795fe57110ca3d0c1b496e50e90ad97529,PUBLIC_REPRODUCIBILITY
scripts/classification_v2/01_review_units_gui/build_interaction_blind_calibration_sample.py,4371,5893e1ab0856fc3597f267a743f972cf8b1a671e76e12db79490619588f1103a,PUBLIC_REPRODUCIBILITY
scripts/classification_v2/01_review_units_gui/build_roi_direction_corrected_noninteraction_view.py,2813,4b54f13f65840068404c7d10389a46b8a79ce5759a8910300b3f8ac44b75f46f,PUBLIC_REPRODUCIBILITY
scripts/classification_v2/01_review_units_gui/build_safe_non_interaction_review_view.py,2963,59acc4795c3a1857fae6030f35930ef41c78f0e61678cd769d491b79b2ccc3d2,PUBLIC_REPRODUCIBILITY
scripts/classification_v2/01_review_units_gui/build_source_specific_calibration_presentation_v2.py,37960,db84a6837c4d1d74a82c378c7e5d4e642f9f0b6902620136816881cb0e4c4361,PUBLIC_REPRODUCIBILITY
scripts/classification_v2/01_review_units_gui/check_apply_hidden_review_decisions_output.py,3240,08798ac81cbf6d05a1807bc897aee57819c2bc07da8012b172baadec6a751a80,PUBLIC_REPRODUCIBILITY
scripts/classification_v2/01_review_units_gui/check_apply_review_unit_decisions_output.py,9351,50e953b2da5663c85366e482a2d1c6f1e2150489f66938a40c16544c5b177e3a,PUBLIC_REPRODUCIBILITY
scripts/classification_v2/01_review_units_gui/check_behavior_review_gui_readiness.py,1778,2ad02fc7c967ed9e22a20a61a979035f3da7a3a5889f60b02136eebe2204a65a,PUBLIC_REPRODUCIBILITY
scripts/classification_v2/01_review_units_gui/check_behavior_review_scientific_gate.py,2350,65edabdf01530920ce0a69ecfd84a01390e855188db02134cac10263aef9a5c0,PUBLIC_REPRODUCIBILITY
scripts/classification_v2/01_review_units_gui/check_behavior_reviewed_sequence_windows.py,3243,77022840e2fdd804f4e4633dc596370b70a4748ceacbba47fffd9ef5a8156a59,PUBLIC_REPRODUCIBILITY
scripts/classification_v2/01_review_units_gui/check_classification_v2_behavior_review_media_authority.py,3045,150c53b7784e6d749f67c4b909373478c61460f62603bc54c3ff32c15e1ac616,PUBLIC_REPRODUCIBILITY
scripts/classification_v2/01_review_units_gui/check_classification_v2_behavior_threshold_bindings.py,1656,b7149018c2f5a377ef675f296f2d028ca40129a500fb9157556a771e577adb88,PUBLIC_REPRODUCIBILITY
scripts/classification_v2/01_review_units_gui/check_classification_v2_evidence_semantics.py,1900,5d4bd374c84c1d2aa33acf3e54bebe68c63bf10edd7c55149bd2a6e622d6e45c,PUBLIC_REPRODUCIBILITY
scripts/classification_v2/01_review_units_gui/check_classification_v2_review_authority_manifest.py,5033,96abf80b02af9482817b8605ed4230b4347151ebde501687fe153601dbfc5b37,PUBLIC_REPRODUCIBILITY
scripts/classification_v2/01_review_units_gui/check_classification_v2_review_neighborhood_evidence.py,1144,96c13483c0bb648dde5b5b3cd0a4312101e9e0a95cfb6a563719461275aa8b6b,PUBLIC_REPRODUCIBILITY
scripts/classification_v2/01_review_units_gui/check_classification_v2_review_unit_contracts.py,16377,0e1ccb95a725ae78c554a249eba5c95cde4ed70130a4dec80170b0548bb08ca8,PUBLIC_REPRODUCIBILITY
scripts/classification_v2/01_review_units_gui/check_hidden_review_decision_coverage.py,2370,edc73a42c02a5d44c759bd32ec0fba4826fe000755c46e96cc1e3ee0a6a98195,PUBLIC_REPRODUCIBILITY
scripts/classification_v2/01_review_units_gui/check_hidden_review_scientific_gate.py,2692,269c1658a92874dc5aff14081929a7e537b74ce9cdd74773fb7d86c745bf2abe,PUBLIC_REPRODUCIBILITY
scripts/classification_v2/01_review_units_gui/check_hidden_review_template_coverage.py,2777,7a473863ff0aaebe9a3071f66d0b76759090cc56d3232d0b1c1755ed5521a5a7,PUBLIC_REPRODUCIBILITY
scripts/classification_v2/01_review_units_gui/check_review_unit_decision_coverage.py,2315,bd2ba1da29f9a0e085c989f0da5e03e9ef1eb44c54d63bc25c622a8c7b3936eb,PUBLIC_REPRODUCIBILITY
scripts/classification_v2/01_review_units_gui/check_review_unit_gui_contract.py,3186,8d54f101e2e3c1b978433d719a3bb9903288f85e2ea148a3ddf7fa17f8f89da7,PUBLIC_REPRODUCIBILITY
scripts/classification_v2/01_review_units_gui/check_review_unit_gui_decisions.py,1894,0a80f6ecff055588b5cb1d5826cca4a0f6ad2f5c8b28f4e569e94a62e6d051d6,PUBLIC_REPRODUCIBILITY
scripts/classification_v2/01_review_units_gui/check_review_unit_template_coverage.py,7015,6c2e30ab3ac92fbe6592c9de21f6e8a5d3594ccbab1388b60b9d5e9ad1182edf,PUBLIC_REPRODUCIBILITY
scripts/classification_v2/01_review_units_gui/classification_v2_apply_hidden_review_decisions.py,6106,2e7b5bac9936d2b886f5773e7aee8523d69cf1f3b95c57724c080efe6f767740,PUBLIC_REPRODUCIBILITY
scripts/classification_v2/01_review_units_gui/classification_v2_apply_review_policy.py,1963,5e11694601724a3a2e39df86b2fe2785d1464c683adffe524568c7391f171f9d,PUBLIC_REPRODUCIBILITY
scripts/classification_v2/01_review_units_gui/classification_v2_apply_review_unit_decisions.py,27127,8f6cd37b70ebbf98e39b350b2ae84e75dc14e433e29e29192d97b798d7c7ab3a,PUBLIC_REPRODUCIBILITY
scripts/classification_v2/01_review_units_gui/classification_v2_audit_hidden_motion_impact.py,14802,bb5f644f14cdd646708066a61df810d9cb9f0258b7d0a9483c41fdbf780c9823,PUBLIC_REPRODUCIBILITY
scripts/classification_v2/01_review_units_gui/classification_v2_build_behavior_review_media_authority.py,2858,e1d561a679e50b87b670d0924b2ed56bb16638805d48001a20c65bf236635cb4,PUBLIC_REPRODUCIBILITY
scripts/classification_v2/01_review_units_gui/classification_v2_build_hidden_review_units.py,15429,ba5202f96fa2dd350166e72aa110b9ad4a34ba58acc72ea27faf66c354591e8a,PUBLIC_REPRODUCIBILITY
scripts/classification_v2/01_review_units_gui/classification_v2_build_review_authority_manifest.py,6320,1f464a23efd7c8784024d1e8482066b27a6a50ca9c448ce84d66c14c8b3273be,PUBLIC_REPRODUCIBILITY
scripts/classification_v2/01_review_units_gui/classification_v2_build_review_units.py,5879,343754be24fdca063e10e729d7635f3947d0f159ea75d7129a408a76fb2215d5,PUBLIC_REPRODUCIBILITY
scripts/classification_v2/01_review_units_gui/classification_v2_carry_forward_hidden_review_decisions.py,5968,5ef5d8aa276d93a123492c2ac0bd592e30e2da9a0b64a5dfca20470212f1457b,PUBLIC_REPRODUCIBILITY
scripts/classification_v2/01_review_units_gui/classification_v2_migrate_hidden_review_identifiers.py,4643,dcf5cc625c113cdae9b2bb25706f87efcff8e644f4f48598b87348a0580c1713,PUBLIC_REPRODUCIBILITY
scripts/classification_v2/01_review_units_gui/classification_v2_write_behavior_scientific_design.py,2781,8f0cb593f7abb7a5f84951deee27668854d9b3dd3289b71ce1b848a31f5c9510,PUBLIC_REPRODUCIBILITY
scripts/classification_v2/01_review_units_gui/classification_v2_write_evidence_semantics.py,1950,de544edacded075004a745ff5e466c64e70b8ff486b422d4fbf6cd82dbbaa42d,PUBLIC_REPRODUCIBILITY
scripts/classification_v2/01_review_units_gui/classification_v2_write_hidden_scientific_design.py,2776,ebb755af14e0b068decb7a0be6d19b5237f17f217fadd727e0178b6046f50745,PUBLIC_REPRODUCIBILITY
scripts/classification_v2/01_review_units_gui/complete_source_specific_presentation_v2_outputs.py,9661,80de26f9fda27ce074e3facd7e1764a78d980c80b82ad74d48449410378a6fbf,PUBLIC_REPRODUCIBILITY
scripts/classification_v2/01_review_units_gui/diagnose_gui_video_loading.py,4828,9f20f0c22854134116c40819432241d6aced57bb4bf918d764d0760c1c01e0df,PUBLIC_REPRODUCIBILITY
scripts/classification_v2/01_review_units_gui/final_behavior_label_quality.py,6378,10a6208ac0666a296039d91d27df452263b61822061e036bc4484f445b2e6979,PUBLIC_REPRODUCIBILITY
scripts/classification_v2/01_review_units_gui/launch_classification_v2_gui.py,12166,1856a945b225c5810ea09c53d7372a6828700e8c9653f5de9c37d5ae6dc098cb,PUBLIC_REPRODUCIBILITY
scripts/classification_v2/01_review_units_gui/make_balanced_review_unit_gui_pilots.py,4728,6fd631b3a41176541bbc424af953c62aa6c8369899e9e172e78eaeeb2e84665f,PUBLIC_REPRODUCIBILITY
scripts/classification_v2/01_review_units_gui/make_interaction_review_unit_shortlist.py,3343,d0793f788d5f04fbb94e9fb45cf372f294bee9d20bc8b5eef908e6adf82166f4,PUBLIC_REPRODUCIBILITY
scripts/classification_v2/01_review_units_gui/preflight_legacy_noninteraction_scope.py,11098,244e3bfb260067a30d270ea8bfad303c1c6a06c88f197305845da2bdbc371b8e,PUBLIC_REPRODUCIBILITY
scripts/classification_v2/01_review_units_gui/repair_pending_behavior_review_payloads.py,7405,c52b4142dc8ae02aa1cc0956946525355201981529bbf267e03d89ea58509f1e,PUBLIC_REPRODUCIBILITY
scripts/classification_v2/01_review_units_gui/review_behavior_strength_gui.py,43526,66a772ba79cf6cafbbdcb36e1d9c194410bc3d9e069e5a9cfbf9a889b39dfe1b,PUBLIC_REPRODUCIBILITY
scripts/classification_v2/01_review_units_gui/review_final_behavior_gui_v1.py,63712,c321870197a099ddffd20a5ad5d385646bc8296613dee69cf4a3866f655fd729,PUBLIC_REPRODUCIBILITY
scripts/classification_v2/01_review_units_gui/review_hidden_quality_gui.py,44288,060c0f02c2dc99d6dd7d145855901d6209ed9fcfdb14018737387ae62228116d,PUBLIC_REPRODUCIBILITY
scripts/classification_v2/01_review_units_gui/review_hidden_unified_gui.py,46232,b229f0c8860b6d9e834a9e20c71b6a5522ef0e3fde355738c33ec79446427f95,PUBLIC_REPRODUCIBILITY
scripts/classification_v2/01_review_units_gui/review_identity_continuity_gui.py,108135,9a86b0956b0bc9f4a771fdbaa1edb0f85543ee738c15b639edd09b882e89dfda,PUBLIC_REPRODUCIBILITY
scripts/classification_v2/01_review_units_gui/review_identity_continuity_gui_v2.py,43768,076b3f510cd11228d86303c0bedabb868a1e131028526d4dd81c99c5b1f38130,PUBLIC_REPRODUCIBILITY
scripts/classification_v2/01_review_units_gui/review_interaction_blind_calibration_gui.py,13256,80a58a116a7458c8ab43c7fb1fa1755be6350b176a461ce6fb6d84e50c4b6e2a,PUBLIC_REPRODUCIBILITY
scripts/classification_v2/01_review_units_gui/review_interaction_blind_calibration_gui_v2.py,29347,eed8c22574013963d3d5a007ec8807d9b53101a3e621f91b08f80ddd769c0689,PUBLIC_REPRODUCIBILITY
scripts/classification_v2/01_review_units_gui/review_temporal_unit_gui.py,66717,ebf3e37f125f2625ad5099ef5d4756fb8467a775e3c49cb729a52f7d2c4cbb77,PUBLIC_REPRODUCIBILITY
scripts/classification_v2/01_review_units_gui/run_interaction_review_unit_gui_pilot.py,2492,927a1a5e15452b417dd241ddd2f2bbbc4242acd11cbec271378ac7276c8692d4,PUBLIC_REPRODUCIBILITY
scripts/classification_v2/01_review_units_gui/run_interaction_spatial_gui_pilot.py,2314,a4f2430e9ac95f665831ce1d9021d97581aac5e22b48c3995a1196ec1468b15f,PUBLIC_REPRODUCIBILITY
scripts/classification_v2/01_review_units_gui/run_motion_review_unit_gui_pilot.py,2507,1d0609f8c9fb2dc5393b24b6018f1a040b7285ae3a24ba1c09a12d70f3233ae8,PUBLIC_REPRODUCIBILITY
scripts/classification_v2/01_review_units_gui/run_posture_review_unit_gui_pilot.py,2503,548e9f719574fa5b8675b7dd561b49798b2acb8756989aa0aa4b813e8661109f,PUBLIC_REPRODUCIBILITY
scripts/classification_v2/01_review_units_gui/run_roi_review_unit_gui_pilot.py,2494,d97816db13813845bd9742cada6748f79025e5c0068ee0c6753c6dd8d83b3dbe,PUBLIC_REPRODUCIBILITY
scripts/classification_v2/02_train_ready_exports/activate_post_review_control_scope.py,2193,2760abd223805eca17c914d5adbf1d3d3c3d379f0879e6ba86f0a45d0366ef05,PUBLIC_REPRODUCIBILITY
scripts/classification_v2/02_train_ready_exports/analyze_post_review_learning.py,4397,8ca6a4e8060d1a2f490ff789e8297521a226a0398e84212b35892ec3896a1c34,PUBLIC_REPRODUCIBILITY
scripts/classification_v2/02_train_ready_exports/build_behavior_consistency_rereview_scope.py,12726,4e14658af55fd24396a481cd48755b91065005c9c33f4fdb051d3aafa814e97d,PUBLIC_REPRODUCIBILITY
scripts/classification_v2/02_train_ready_exports/build_composite_behavior_review_authority.py,5780,6de83efde6eb9f0bedeeec1e50634918533ab872a56ac50a4a44c269473d2911,PUBLIC_REPRODUCIBILITY
scripts/classification_v2/02_train_ready_exports/build_final_review_integration_preflight.py,3411,b62c6e88edb9320b53dc79dd0ebcd67be1b812ab0d06b121b98ac86e34db1bdc,PUBLIC_REPRODUCIBILITY
scripts/classification_v2/02_train_ready_exports/build_post_review_control_scope.py,2807,98312dbf310a42e17ec65e169fcb06c53cde87f62c511222ad13d27dfc3ce827,PUBLIC_REPRODUCIBILITY
scripts/classification_v2/02_train_ready_exports/build_post_review_residual_suspicion_scope.py,7345,f0fc3c9ec806d1667ef1b57a73006c4ae3eb68496f3bfc48a02d6d8987f43119,PUBLIC_REPRODUCIBILITY
scripts/classification_v2/02_train_ready_exports/build_post_review_selector_candidate.py,9361,f9ad342259814165266929d6b0fa7b765c5b27071244a95267da11e333c52836,PUBLIC_REPRODUCIBILITY
scripts/classification_v2/02_train_ready_exports/build_posture_burst_authority.py,3024,c399a3ff23e33b91a1849d05ac66938bec5f0caed7e13da151b02028567c1736,PUBLIC_REPRODUCIBILITY
scripts/classification_v2/02_train_ready_exports/build_posture_review_scope.py,4259,be74d4a7d5d2157de8cb3116afcf0e0a79a1bbb20466b532fb3c7a9eb76f390b,PUBLIC_REPRODUCIBILITY
scripts/classification_v2/02_train_ready_exports/check_classification_v2_auxiliary_targets.py,6066,a2bef2abb2c6e3e5f2543ce616d82ddf60005183fc2e8fc8eb9b40feba711ec4,PUBLIC_REPRODUCIBILITY
scripts/classification_v2/02_train_ready_exports/check_classification_v2_data_module.py,3318,d19e273adccebddc29a7b06ac8e2b57a9496c0046136234c495ba1a6a4756a83,PUBLIC_REPRODUCIBILITY
scripts/classification_v2/02_train_ready_exports/check_classification_v2_domain_controls.py,8466,93130d87532070cc614851a4241e6a9e0f1ad7ffd5c3e82be76a231b251d54f0,PUBLIC_REPRODUCIBILITY
scripts/classification_v2/02_train_ready_exports/check_classification_v2_event_weights.py,2597,136106719e4d5c0daa565ecaaf5f857750436b5989d8928c43170ba407daff72,PUBLIC_REPRODUCIBILITY
scripts/classification_v2/02_train_ready_exports/check_classification_v2_feature_semantics.py,2534,90a20b4d02fc55196990f10257b191aa4efecd2c67ef098f02dd5de5f4d8e8c5,PUBLIC_REPRODUCIBILITY
scripts/classification_v2/02_train_ready_exports/check_classification_v2_fold_event_weights.py,3325,701a272e4bbad73d111733d6e1f10dd1e164a461a84da43e21e541a8cc46769e,PUBLIC_REPRODUCIBILITY
scripts/classification_v2/02_train_ready_exports/check_classification_v2_legacy_development_l2.py,23484,d30f0b63bd4caab8641e89ad8b8dd644062448f766e5a77172e52d81dc5d81a9,PUBLIC_REPRODUCIBILITY
scripts/classification_v2/02_train_ready_exports/check_classification_v2_loader_inputs.py,1817,110d11c77d43fd60e9d95a325f3a9ea9de90bbbb436cb8ead2faf8e13f5811f1,PUBLIC_REPRODUCIBILITY
scripts/classification_v2/02_train_ready_exports/check_classification_v2_native_oof_folds.py,1856,ffe45e76cc2d6974100e762835c69ce4b9e18ec37cfc7030cd57ebac9b1b1fed,PUBLIC_REPRODUCIBILITY
scripts/classification_v2/02_train_ready_exports/check_classification_v2_native_temporal_metrics.py,1976,d1ba13df97f52b46fb21b53c245543d7cd7aefb060c331c12b769ce05393a3c6,PUBLIC_REPRODUCIBILITY
scripts/classification_v2/02_train_ready_exports/check_classification_v2_native_temporal_units.py,3245,8443db62741a64acae4b7449cb2266585e346214d6c83ff88b5f3a3469d745f0,PUBLIC_REPRODUCIBILITY
scripts/classification_v2/02_train_ready_exports/check_classification_v2_pig_id_locality_contract.py,4116,44d080a76650d3e5a792bda67c4137d3c771fa3b44bd7a47c9111d3ae40ec490,PUBLIC_REPRODUCIBILITY
scripts/classification_v2/02_train_ready_exports/check_classification_v2_publication_folds.py,4131,129724c3a3741164f48e97d431e5b0079a8c6fd2083b97b6c2f56abd7a693a4d,PUBLIC_REPRODUCIBILITY
scripts/classification_v2/02_train_ready_exports/check_classification_v2_q2_active_review_contract.py,8846,9a5ee2eb6e159a5ad20c8632d18493977c061253bab1496bfdcd228691ed8698,PUBLIC_REPRODUCIBILITY
scripts/classification_v2/02_train_ready_exports/check_classification_v2_q2_feature_whitelist.py,9447,cd7e904b780b8391e46c74f79713bbea8d52e883f7c0822639c7762f58a6e981,PUBLIC_REPRODUCIBILITY
scripts/classification_v2/02_train_ready_exports/check_classification_v2_q2_folds.py,1604,41fd2231b7afa3f871bbe900a051df0f8a1066e82bfef8f9339eacee19066ee9,PUBLIC_REPRODUCIBILITY
scripts/classification_v2/02_train_ready_exports/check_classification_v2_q2_hard_negative_contract.py,10235,f54202ccbfa29d0dc21c2ac9f52038a4408309356c6be0d649743f4d5d925dea,PUBLIC_REPRODUCIBILITY
scripts/classification_v2/02_train_ready_exports/check_classification_v2_source_domain_controls.py,1944,85a2d9928ee19e921e606f7b9a4f5e639d91393fb181c63192ca050843599851,PUBLIC_REPRODUCIBILITY
scripts/classification_v2/02_train_ready_exports/check_classification_v2_source_matched_views.py,2883,6aeccc1b65240fc7747d12f7671f657b9d62485656272da754f984cc071171fb,PUBLIC_REPRODUCIBILITY
scripts/classification_v2/02_train_ready_exports/check_classification_v2_source_shortcut.py,3540,6d3e3e383e53ca2ac5c34d695ea4eb6b9308e04a5408bb18561b1e0c3501a3d5,PUBLIC_REPRODUCIBILITY
scripts/classification_v2/02_train_ready_exports/check_classification_v2_spatial_control_shortcuts.py,6558,292ec699d87a19f23d2d1f8c93a5863e054ec285395924f8b4164785aa2a4b70,PUBLIC_REPRODUCIBILITY
scripts/classification_v2/02_train_ready_exports/check_classification_v2_spatial_sequences.py,10966,5ba154307ebfc6cd5c8e95ced0b985692ab6f9d5c50c2f106c2db30711fa2119,PUBLIC_REPRODUCIBILITY
scripts/classification_v2/02_train_ready_exports/check_classification_v2_split_group_leakage.py,7889,12bab5cd9ccbe10ee989f08ad4d9f3d39a49efb1967dc44fd161d777f94e0bc5,PUBLIC_REPRODUCIBILITY
scripts/classification_v2/02_train_ready_exports/check_classification_v2_temporal_view_shortcuts.py,3688,f3615cd92106e2b33e9fc0a4b2118c1f1801b9f2580f588bc756386bbfc3de87,PUBLIC_REPRODUCIBILITY
scripts/classification_v2/02_train_ready_exports/check_classification_v2_train_ready_dataset_loader.py,983,5bc578cec30a0e59c935184fd99ce15bfcd9190337accee24b5a629a6a380e5e,PUBLIC_REPRODUCIBILITY
scripts/classification_v2/02_train_ready_exports/check_classification_v2_train_ready_windows.py,1386,6de7c32e77b0f5ac8b11b5fcabb770021df26545c5b84e880ad35ba5c054c59e,PUBLIC_REPRODUCIBILITY
scripts/classification_v2/02_train_ready_exports/check_classification_v2_training_snapshot.py,1810,fe11a2b85247452458e9785218c1d7c54c4d900647a0453c545e621ad870d60f,PUBLIC_REPRODUCIBILITY
scripts/classification_v2/02_train_ready_exports/classification_v2_build_auxiliary_targets.py,8127,1effca0052803b20f70f328a6a4471326cb48c0dc1d4e87319ffe6ae3289cfbb,PUBLIC_REPRODUCIBILITY
scripts/classification_v2/02_train_ready_exports/classification_v2_build_class_weights.py,2496,2aa7c5c2a7ad53cc420b8e905ca1518121394f322552d3bdc9613c821f989aaa,PUBLIC_REPRODUCIBILITY
scripts/classification_v2/02_train_ready_exports/classification_v2_build_event_weights.py,3032,9b4996fb202cda7eb86b45b429fa240e0324f6c59367ad926fc2bd84369bb9be,PUBLIC_REPRODUCIBILITY
scripts/classification_v2/02_train_ready_exports/classification_v2_build_fold_event_weights.py,4557,fb84292706849cdc7ec8c67317c644a2e6bbf30afe8d8fdfe21c00a1f7b8a6ca,PUBLIC_REPRODUCIBILITY
scripts/classification_v2/02_train_ready_exports/classification_v2_build_grouped_splits.py,8451,ee812e57ff0d556a684a65cb11b3ec85d26b0943b52028df4049f3ab12274e3a,PUBLIC_REPRODUCIBILITY
scripts/classification_v2/02_train_ready_exports/classification_v2_build_legacy_development_l1_folds.py,4020,0148dfaa07e1f168205aae59ab916abc09e322cdfba9f974bd39aeaddb8f13ee,PUBLIC_REPRODUCIBILITY
scripts/classification_v2/02_train_ready_exports/classification_v2_build_legacy_unreviewed_development_manifests.py,9588,9f5ee98a0eac20a1470b7e5da19d9d049b6cefe11ad7ff96e5fdb5b5387e9659,PUBLIC_REPRODUCIBILITY
scripts/classification_v2/02_train_ready_exports/classification_v2_build_native_oof_folds.py,1552,1c4fdc412bd7fb4c04dc5c1213f2f7a76c8ded470e3c9c8535c69879a042ed9d,PUBLIC_REPRODUCIBILITY
scripts/classification_v2/02_train_ready_exports/classification_v2_build_publication_folds.py,4199,5c89ba6aada480505f197c74b8c28ac322c5d8b89ff3ca60c3250717b45722c0,PUBLIC_REPRODUCIBILITY
scripts/classification_v2/02_train_ready_exports/classification_v2_build_q2_folds.py,1784,5e17147efbdee260313d6c0d458883c43a59a75d92ed273f0d8b0a31f9d0be38,PUBLIC_REPRODUCIBILITY
scripts/classification_v2/02_train_ready_exports/classification_v2_build_recording_groups.py,2348,8af8633e495ba53bb8d16df430255e52ca5321d52f7ef85a6bd9ae66e59a7f0b,PUBLIC_REPRODUCIBILITY
scripts/classification_v2/02_train_ready_exports/classification_v2_build_source_domain_controls.py,1137,fdd3d07bb729bd19396b9d291408acd91318ce3473046066dbbe4f12c280e118,PUBLIC_REPRODUCIBILITY
scripts/classification_v2/02_train_ready_exports/classification_v2_build_source_matched_views.py,1412,c10fb10913edde9b63fb05a77ca94d33aac1a72ece008d6e404ee5e0e42768c2,PUBLIC_REPRODUCIBILITY
scripts/classification_v2/02_train_ready_exports/classification_v2_build_temporal_views.py,2048,96955a8e1cb3d505cadf97677109ee5ef19057094b520bba473faedfe0df0130,PUBLIC_REPRODUCIBILITY
scripts/classification_v2/02_train_ready_exports/classification_v2_build_versioned_data_contract.py,2207,5a7dd4e6b736421ae685e5c287536fa7fa0d73b22719d52bb38cb5e37200a382,PUBLIC_REPRODUCIBILITY
scripts/classification_v2/02_train_ready_exports/classification_v2_export_spatial_sequences.py,7500,c9715b3191b5ec301d26aa66e998cbd8dfbab81a62115b735b6c6c5aa2adb9a6,PUBLIC_REPRODUCIBILITY
scripts/classification_v2/02_train_ready_exports/classification_v2_export_train_ready_candidate.py,3704,182f881ed0d8da4759e52da1fbcd0824125931046bfac802d362dfd490dd7865,PUBLIC_REPRODUCIBILITY
scripts/classification_v2/02_train_ready_exports/classification_v2_export_train_ready_windows.py,15963,838ef7377264479df2e75c7d118afaa71b420831d594eefe751f664391698213,PUBLIC_REPRODUCIBILITY
scripts/classification_v2/02_train_ready_exports/classification_v2_freeze_training_snapshot.py,929,e2d6309069360ef9283cc7a9355f6ec903ef687bc04e18325b54bca2e58a9ea5,PUBLIC_REPRODUCIBILITY
scripts/classification_v2/02_train_ready_exports/classification_v2_materialize_s1_primary_authorities.py,12434,a544a0b45ba1f0bff036a02a58d7207522782c8239a6f7bc7de723d6e882ba5e,PUBLIC_REPRODUCIBILITY
scripts/classification_v2/02_train_ready_exports/classification_v2_reviewed_rebuild.py,12900,f885210ee93a4e30fa55a98666b1e14e6145bf213c91a5d57ef81abadc40cf5c,PUBLIC_REPRODUCIBILITY
scripts/classification_v2/02_train_ready_exports/classification_v2_write_model_input_manifest.py,1922,79a956ba1d54f04f03d1353043441a266402c7c9c8ba16c9042ab8dd6dc51d1d,PUBLIC_REPRODUCIBILITY
scripts/classification_v2/02_train_ready_exports/classification_v2_write_reviewed_q2_artifact_map.py,2570,d53464df8d663bccc17e496188ed43a45f8105a2810f21143c4ab429559f099b,PUBLIC_REPRODUCIBILITY
scripts/classification_v2/02_train_ready_exports/close_posture_review_500.py,57144,86bba2147ea59e23185504f06429ebba87966a996a566a302eecce371cbcce04,PUBLIC_REPRODUCIBILITY
scripts/classification_v2/02_train_ready_exports/evaluate_posture_proposals.py,3638,f757f86dc4efedb9986ca71d54bb85f214f4a94dcca484d7b6428fa03726feca,PUBLIC_REPRODUCIBILITY
scripts/classification_v2/02_train_ready_exports/freeze_corrected_source_authority.py,1965,db5d5dfbb32d0922502874cba18ba57b3b1eb0f2264596dbe633cb2408259453,PUBLIC_REPRODUCIBILITY
scripts/classification_v2/02_train_ready_exports/freeze_post_review_authority.py,2426,03ecd0726355bd1df93d8bd0055ddbcd6d9dcc8e9c5b331071741d2700ca3674,PUBLIC_REPRODUCIBILITY
scripts/classification_v2/02_train_ready_exports/prepare_posture_review_500.py,31081,04c6e58a86a366158becb8fdc98aa35442ec47013bfa21a3df5ee95e24b43613,PUBLIC_REPRODUCIBILITY
scripts/classification_v2/02_train_ready_exports/refine_behavior_consistency_rereview_scope_v3.py,18335,0d496e7632450a8423350a27ead0c28b8c7ae4fd219def3155a6459ee2f38e4d,PUBLIC_REPRODUCIBILITY
scripts/classification_v2/03_image_cache_context/audit_classification_v2_resolution_pipeline.py,5802,77cfebd0b9a7fa44a111cf49bd4db1089e01420413386b87cc758968e8dcb150,PUBLIC_REPRODUCIBILITY
scripts/classification_v2/03_image_cache_context/check_classification_v2_full_frame_feature_repeat.py,4589,60a1db93561a2d61a72cb8deb2ad2e1b232230a5c3dfea619855e9d807a5fbc1,PUBLIC_REPRODUCIBILITY
scripts/classification_v2/03_image_cache_context/check_classification_v2_image_cache.py,12003,0e64bfdf398040fbe722818c5cb9a649380e7c18381d3c1e3dedc76cfd39573d,PUBLIC_REPRODUCIBILITY
scripts/classification_v2/03_image_cache_context/check_classification_v2_image_cache_integrity.py,6099,03ecba30239025fcf422be51e6a56236b9a726328a34c26780e84157a2b242db,PUBLIC_REPRODUCIBILITY
scripts/classification_v2/03_image_cache_context/check_classification_v2_image_cache_inventory.py,4548,4c10b44d13d3c7945ef6f4e3db494a661213a764b60f13e9391fe3b3cb22b9c0,PUBLIC_REPRODUCIBILITY
scripts/classification_v2/03_image_cache_context/check_classification_v2_image_context_index.py,5193,c74fbad649bdb6844ff48f2be6080784cb7505c167cd6164edb32e234226a9b1,PUBLIC_REPRODUCIBILITY
scripts/classification_v2/03_image_cache_context/check_classification_v2_image_loader.py,15612,9c7e08ea2ed300f7e809a1e2850c0ba0dd88707bd054bc123d949ca1d048a69f,PUBLIC_REPRODUCIBILITY
scripts/classification_v2/03_image_cache_context/check_classification_v2_image_sequence_loader.py,12734,33bdc6e8dc560bec81b9eec2c40660061f5c8d07f1ad068737d276fb8fa0e6d2,PUBLIC_REPRODUCIBILITY
scripts/classification_v2/03_image_cache_context/check_classification_v2_image_tensor_loader.py,3953,82291658f72eb2e982ef8f6baae035f4359dc2e3c933d0cfa2379aaa168692f0,PUBLIC_REPRODUCIBILITY
scripts/classification_v2/03_image_cache_context/check_classification_v2_interaction_context_index.py,6658,30934e6803b93988ef57f7f7dfb2fd7ce411fc84e0151a3ed9ac57db66f5995a,PUBLIC_REPRODUCIBILITY
scripts/classification_v2/03_image_cache_context/check_classification_v2_interaction_context_loader.py,4384,acba520cf72b9ff532984ff8824341daab629afef036d5fe8933a135d947df59,PUBLIC_REPRODUCIBILITY
scripts/classification_v2/03_image_cache_context/check_classification_v2_legacy_development_l1.py,17433,202c42d669d5e49069c6b4e9d928fb7630daadaba9c82945765036d3fb6ca050,PUBLIC_REPRODUCIBILITY
scripts/classification_v2/03_image_cache_context/check_classification_v2_legacy_development_l3.py,27730,94f75caf21c20ad1ee857f891da650662ae76f63c7f4d74047d4da77b0bbe909,PUBLIC_REPRODUCIBILITY
scripts/classification_v2/03_image_cache_context/check_classification_v2_packed_image_cache.py,4146,57f8ea6c7d0ef20ee51b3fb56b98afda2b84784d5ed35f15434a4c8cf7f1b4b0,PUBLIC_REPRODUCIBILITY
scripts/classification_v2/03_image_cache_context/check_classification_v2_pig_strenet_artifacts.py,1436,884ad0546ab6b8ed2ce8351b6d1d1625ba1c038f513912725d6d24b549515e50,PUBLIC_REPRODUCIBILITY
scripts/classification_v2/03_image_cache_context/check_classification_v2_resolution_runtime.py,29152,6279c384252e3da63c1ee15827dc3076d4a5c3212d71dc2e772329621def1242,PUBLIC_REPRODUCIBILITY
scripts/classification_v2/03_image_cache_context/check_classification_v2_union_context_short_cache_repeat.py,13815,e086dc923d63b43f241c0339e2b34a022f03058f87c9075a61dd94c3f1d56883,PUBLIC_REPRODUCIBILITY
scripts/classification_v2/03_image_cache_context/check_classification_v2_visual_interaction_cache.py,12012,0e2c7108e0827eed1f30cc8ced23df8a722f3bcb1884933d95d4e636d16c1760,PUBLIC_REPRODUCIBILITY
scripts/classification_v2/03_image_cache_context/check_classification_v2_visual_interaction_forward.py,3056,8784d5c7a43886d15f9a75d32a68f28473948da74ab4ed6d9f55f0a994881341,PUBLIC_REPRODUCIBILITY
scripts/classification_v2/03_image_cache_context/classification_v2_build_image_cache.py,23666,720d3579813dfb5e4dfe4e9a9c78c8663b3188111c95d3db5f2ab6c0eeae23db,PUBLIC_REPRODUCIBILITY
scripts/classification_v2/03_image_cache_context/classification_v2_build_image_cache_integrity.py,7230,33e76c5d8c26356b2950a33c3cfdac50d5151a3bee3e0ccfd3b360ad9ad5a5fb,PUBLIC_REPRODUCIBILITY
scripts/classification_v2/03_image_cache_context/classification_v2_build_image_context_index.py,4636,b59c09dfbee6aaa0f6d003bca178e6c72c892ca0930616490157144f4b211e92,PUBLIC_REPRODUCIBILITY
scripts/classification_v2/03_image_cache_context/classification_v2_build_interaction_context_index.py,1319,0264e043b950037a2e9ee07a8828b039512410453b5b4cd56a9821461df21583,PUBLIC_REPRODUCIBILITY
scripts/classification_v2/03_image_cache_context/classification_v2_build_legacy_c6_modality_inputs.py,9317,d8d4aac08386d8a04d719ec4ecf3c88a23b7f50f22853090c3ebdbf3b7bf7a30,PUBLIC_REPRODUCIBILITY
scripts/classification_v2/03_image_cache_context/classification_v2_build_legacy_c6_prepared_source.py,12392,5aeccb669b4d2b43dd65c134cbc3b9223b536f812acc3b71c6dc9d89f78ae428,PUBLIC_REPRODUCIBILITY
scripts/classification_v2/03_image_cache_context/classification_v2_build_packed_image_cache.py,13540,564f9535761033263707dc7bb054075ee4d5888287aba43c9f3388d2e006ef69,PUBLIC_REPRODUCIBILITY
scripts/classification_v2/03_image_cache_context/classification_v2_build_pig_strenet_artifacts.py,64572,18ae0948e5c472ab6d756217f402be75344adb28efc2fa2f1db6a09cf80a0ff7,PUBLIC_REPRODUCIBILITY
scripts/classification_v2/03_image_cache_context/classification_v2_build_union_context_short_selection.py,712,1130c6451a16da5fea4317d77ea49853f47a0c79c073cf23845c7a8f9e0e3bb3,PUBLIC_REPRODUCIBILITY
scripts/classification_v2/03_image_cache_context/classification_v2_build_visual_interaction_cache.py,1464,92a8a4dada344e346ae6bf6c2d999cb7432d1be25d37412032310eb5ea705c5d,PUBLIC_REPRODUCIBILITY
scripts/classification_v2/03_image_cache_context/classification_v2_extract_full_frame_resnet18_features.py,8686,41f63d2548e1534bed892a8f7c27bfd15fe887f5b810d945d49b2a3041c2a233,PUBLIC_REPRODUCIBILITY
scripts/classification_v2/03_image_cache_context/classification_v2_extract_union_context_resnet18_features.py,10628,4bfcf8b6867630dd551b614e377bf6003c1221870c129f0e13896b86ab36d65d,PUBLIC_REPRODUCIBILITY
scripts/classification_v2/03_image_cache_context/classification_v2_freeze_legacy_development_inputs.py,11126,bb00675dfe2253434dc99805d3d970006295458f5fb91833ba79e13cf8731054,PUBLIC_REPRODUCIBILITY
scripts/classification_v2/03_image_cache_context/classification_v2_run_full_frame_short_cache.py,1633,23a9c48cc5fc869c237e0bf8e1d3c9b59eb9336a1a5116911f5ec29fb1c0410d,PUBLIC_REPRODUCIBILITY
scripts/classification_v2/03_image_cache_context/classification_v2_run_union_context_short_cache.py,11616,3e4f479e043bda99339d25a5c467e6156f653f3792977e4f1cbaa7d86602b78a,PUBLIC_REPRODUCIBILITY
scripts/classification_v2/03_image_cache_context/classification_v2_upgrade_image_cache_manifest_metadata.py,7848,c666a7b10e886a5ded11f90bf48dbd1cfb5753a3e4d1efc7798db2cdccd283b2,PUBLIC_REPRODUCIBILITY
scripts/classification_v2/04_baselines_smokes/check_c2v2_c6_temporal_controls.py,2107,f88c38494a3f694a39ce4c0c840d0c64f36a1c5d846c2d4a7df41052c12083bf,PUBLIC_REPRODUCIBILITY
scripts/classification_v2/04_baselines_smokes/check_classification_v2_baseline_configs.py,4448,06ae5e9abe6f0cfc8d7d5a0d0c2836bc845abef51a70e64a086128fa993d8199,PUBLIC_REPRODUCIBILITY
scripts/classification_v2/04_baselines_smokes/check_classification_v2_behavior_only_baselines.py,2786,f8b7b76cff5826f6d281417f5eee8d8f0c3cb49a93cbc2fb1d7256e9d3618494,PUBLIC_REPRODUCIBILITY
scripts/classification_v2/04_baselines_smokes/check_classification_v2_checkpoint.py,8842,e1430f9436e18c515fe358038ef8080fc559dcd4072bc4472d3bf9a2972457fe,PUBLIC_REPRODUCIBILITY
scripts/classification_v2/04_baselines_smokes/check_classification_v2_grouped_spatial_source_probe.py,8892,3ab1ee578d42e5e5e07a8ef5724b4beb6ef1920d46f077389d47effe85a2ebf5,PUBLIC_REPRODUCIBILITY
scripts/classification_v2/04_baselines_smokes/check_classification_v2_legacy_c6_modality_matrix.py,2665,139936dc90415825d1fab4517d76402acf27380e5be2c758c884e9a1a28d1619,PUBLIC_REPRODUCIBILITY
scripts/classification_v2/04_baselines_smokes/check_classification_v2_legacy_development_l4.py,2397,f3bd5da10030ac524759094c6e8c8f6b7daf302f38100f2562565936b0ca71e1,PUBLIC_REPRODUCIBILITY
scripts/classification_v2/04_baselines_smokes/check_classification_v2_legacy_development_l5.py,2360,ab22c5c55a7b58ca52319822a054abe87d0ea69cb40e7970cd28dadaf734cd04,PUBLIC_REPRODUCIBILITY
scripts/classification_v2/04_baselines_smokes/check_classification_v2_legacy_development_l5_cached_data.py,2874,3fed18e36cd809a428522f5af6df349c473d9723b9b3d49833d461a45c7c293d,PUBLIC_REPRODUCIBILITY
scripts/classification_v2/04_baselines_smokes/check_classification_v2_legacy_development_l5_cached_training.py,3121,9a09eadd563ee8aad648964aee7cbab68c804ecf207df00fb9fc5d4ff3d0812a,PUBLIC_REPRODUCIBILITY
scripts/classification_v2/04_baselines_smokes/check_classification_v2_legacy_development_l5_feature_cache.py,7047,9c3b9e0d560b783550708f2605bf7879071ae2412c718f90f0e5ebf62292263f,PUBLIC_REPRODUCIBILITY
scripts/classification_v2/04_baselines_smokes/check_classification_v2_legacy_development_l5_temporal_ladder.py,2939,b42e67e80da8f6888d60210489a057bad7556cfa57eeff8f7c9585ca06f180ce,PUBLIC_REPRODUCIBILITY
scripts/classification_v2/04_baselines_smokes/check_classification_v2_legacy_development_l5_visual.py,3440,ce030098a2acc495221f7d330c27ed8f38b8b6d7bd644bbf5dada16ff5b4ed1e,PUBLIC_REPRODUCIBILITY
scripts/classification_v2/04_baselines_smokes/check_classification_v2_legacy_development_l6_full_frame_context.py,1856,abf4f9cf21b74e8806644a90550b01399216fa895c846f60f0c8ce3c129f21fc,PUBLIC_REPRODUCIBILITY
scripts/classification_v2/04_baselines_smokes/check_classification_v2_legacy_development_l6_geometry.py,1713,840c0ac1b0267a24f59bb60ccf48a2ec766384bf0f91c83543e300d3988a3225,PUBLIC_REPRODUCIBILITY
scripts/classification_v2/04_baselines_smokes/check_classification_v2_legacy_development_l6_geometry_cache.py,1243,d4cab413a0e657a3ae9db8627e320262c66e137f79baf38a27361ddbe8557a87,PUBLIC_REPRODUCIBILITY
scripts/classification_v2/04_baselines_smokes/check_classification_v2_legacy_development_l6_motion.py,1691,24d437566cda4908a2df5f811e02f43caaa562c14d4ea9d95dd985f6507a54da,PUBLIC_REPRODUCIBILITY
scripts/classification_v2/04_baselines_smokes/check_classification_v2_legacy_development_l6_motion_cache.py,1036,a8e6a7d5b7fffd6de0d547594ef9d0ed74597fd9bd2140eb65f1aa0dbe52f9bc,PUBLIC_REPRODUCIBILITY
scripts/classification_v2/04_baselines_smokes/check_classification_v2_legacy_development_l6_pen_context.py,1743,7d6d25ef95e010cb1e3564cebdf21278bbbe099020b8d31a63ce7af16fef6887,PUBLIC_REPRODUCIBILITY
scripts/classification_v2/04_baselines_smokes/check_classification_v2_legacy_development_l6_pen_context_cache.py,2114,7db8b85851888939cedfaf0c3463494b0ae5419ac42b912a296e2b78d52357f5,PUBLIC_REPRODUCIBILITY
scripts/classification_v2/04_baselines_smokes/check_classification_v2_legacy_development_l6_roi_relation.py,1757,9ce1a321940232afc4d0221930b02c3d57ffff6f1a0a7be9f2a9a3699a1d85d3,PUBLIC_REPRODUCIBILITY
scripts/classification_v2/04_baselines_smokes/check_classification_v2_legacy_development_l6_roi_relation_cache.py,1090,15faf956642ccb867a47a779e9659ea29f34bd848fe75e3a1d4ce15a45af543c,PUBLIC_REPRODUCIBILITY
scripts/classification_v2/04_baselines_smokes/check_classification_v2_legacy_development_l6_social_relation.py,1824,32f39d552f6d202aaf3ea34bcd45e87d9f3fb6a9473c3e7dd25ba5af15d4fd8f,PUBLIC_REPRODUCIBILITY
scripts/classification_v2/04_baselines_smokes/check_classification_v2_legacy_development_l6_social_relation_cache.py,1117,c2d91559c9b91916a577360e98b41450f2c81ac55cd287940df55e5a82b054bd,PUBLIC_REPRODUCIBILITY
scripts/classification_v2/04_baselines_smokes/check_classification_v2_legacy_development_l6_union_context.py,1803,cdb5ca12cc01c98f2c1835022900c08b54a01106b68af5441dcf7d973fe8eb6c,PUBLIC_REPRODUCIBILITY
scripts/classification_v2/04_baselines_smokes/check_classification_v2_legacy_development_l7_imbalance.py,3694,59535929b984c844ab0874f7ea2b3c154b801fd92f28703bbba1c8d4191f98c3,PUBLIC_REPRODUCIBILITY
scripts/classification_v2/04_baselines_smokes/check_classification_v2_legacy_temporal_base_selection.py,2857,eac397d10e3cbe3ccd47a9d559c0f89d063d0fbae7ffd570ccc6bde699963324,PUBLIC_REPRODUCIBILITY
scripts/classification_v2/04_baselines_smokes/check_classification_v2_legacy_temporal_sampling.py,5214,db5dd0f15210be29c950b5720f0a349a4667f836e2e850bcf4f3269484bdccf2,PUBLIC_REPRODUCIBILITY
scripts/classification_v2/04_baselines_smokes/check_classification_v2_model_architecture_contract.py,1067,60ac652d41ea01ff8f85168c3927a983c7f530d9ad684c93474e19df685bd7a4,PUBLIC_REPRODUCIBILITY
scripts/classification_v2/04_baselines_smokes/check_classification_v2_model_factory.py,8608,644f54c914116d3ab461841ebefc6bbb8681ff7383c497b9114f7d59dd0a192f,PUBLIC_REPRODUCIBILITY
scripts/classification_v2/04_baselines_smokes/check_classification_v2_multimodal_ablation_pilot.py,5067,3817c6dcc3454ad3e60865d6885d750bbe06535c8a82feadc65cbc2a4e0fb5e1,PUBLIC_REPRODUCIBILITY
scripts/classification_v2/04_baselines_smokes/check_classification_v2_multimodal_forward.py,11981,f0d4151bd3533b2f172eb5c0f2ee96b3edd3b2cfccc6b43c27a30ced2c7ef36a,PUBLIC_REPRODUCIBILITY
scripts/classification_v2/04_baselines_smokes/check_classification_v2_multimodal_smoke_train.py,4789,98b9e75d565ba84ea81f4c6cb59abc3c59b755b02785a6a06e00038a6b14aadb,PUBLIC_REPRODUCIBILITY
scripts/classification_v2/04_baselines_smokes/check_classification_v2_multitask_forward.py,6145,60ce2bf90fc1748de0ad52e194e9b5ddb73eed95b0bd2cacf29ca6321ace2cda,PUBLIC_REPRODUCIBILITY
scripts/classification_v2/04_baselines_smokes/check_classification_v2_multitask_loss.py,6392,b7e06a6ac9da5f2edd01876c9669a3004dfa9818ac94cf9423d7d12b1883ce1d,PUBLIC_REPRODUCIBILITY
scripts/classification_v2/04_baselines_smokes/check_classification_v2_multitask_smoke_train.py,2104,443d9eeff4c9d24ce4f3b738bcda01a85edfbd123a2a314da36f194c6c343639,PUBLIC_REPRODUCIBILITY
scripts/classification_v2/04_baselines_smokes/check_classification_v2_q2_baseline_smokes.py,4086,69efa9b2db3dce7e17f3bb1be3418bcd1de33bf36769d269bc846cdbd389b72f,PUBLIC_REPRODUCIBILITY
scripts/classification_v2/04_baselines_smokes/check_classification_v2_run_lineage.py,2453,71f4e8867a18821d78feed8e2006e9ce2c64ea7a852d8fac2c09e3ac4d99da08,PUBLIC_REPRODUCIBILITY
scripts/classification_v2/04_baselines_smokes/check_classification_v2_spatial_tcn_forward.py,3818,93d69391af6eacebb76c35a4c56620d65eb1b212af188396a6f80abc3ec0dec4,PUBLIC_REPRODUCIBILITY
scripts/classification_v2/04_baselines_smokes/check_classification_v2_spatial_tcn_overfit.py,6891,597a81fa0b3dd7e583a4c05871ccf93e6aec077e41db0571b826c24b49021c48,PUBLIC_REPRODUCIBILITY
scripts/classification_v2/04_baselines_smokes/check_classification_v2_spatial_tcn_smoke_train.py,2463,22f86ff29e468c08e31a23d385acda69d39675316b07e5e7c57bfeb80bb7daa2,PUBLIC_REPRODUCIBILITY
scripts/classification_v2/04_baselines_smokes/check_classification_v2_tabular_linear_baseline.py,2955,aec0495e310257a80e7c3f0e9d299fdbd43a9d17a4fc2dd50f1163f9b3432021,PUBLIC_REPRODUCIBILITY
scripts/classification_v2/04_baselines_smokes/check_classification_v2_tabular_nonlinear_baseline.py,2970,cf2d25b6025522676db288bb7f84327c6399e1fd412cb741225c8a98e37a1a7a,PUBLIC_REPRODUCIBILITY
scripts/classification_v2/04_baselines_smokes/check_classification_v2_temporal_view_loader.py,11894,373f702a14d23c03e72f557fbcea08a9648c0b5e0c137820caa30c08df77a45a,PUBLIC_REPRODUCIBILITY
scripts/classification_v2/04_baselines_smokes/check_classification_v2_trainer_contract.py,1014,ad8271700d21993b290d4587abe5041fa24258792b157a965a6fb1a77aa4b74a,PUBLIC_REPRODUCIBILITY
scripts/classification_v2/04_baselines_smokes/check_classification_v2_training_config.py,2926,8de2828f89a3b95b8b10543d13f7705cbff546e264ca546dce08844224a68ba9,PUBLIC_REPRODUCIBILITY
scripts/classification_v2/04_baselines_smokes/check_classification_v2_training_reproducibility.py,4912,1a1e08159d7aa8fd9fe35e6c16a292364789a58769b74bd1c7593a2125c851a5,PUBLIC_REPRODUCIBILITY
scripts/classification_v2/04_baselines_smokes/check_classification_v2_visual_backbones.py,7422,4fc870e38f6c148e546167a02304bad6c559f34e282fb30594fedc513c46c19b,PUBLIC_REPRODUCIBILITY
scripts/classification_v2/04_baselines_smokes/check_classification_v2_visual_context_ablation_smoke.py,4158,87006e4ac5fa6af6de96227720196622ed741dcf323a62386621385846e73ab2,PUBLIC_REPRODUCIBILITY
scripts/classification_v2/04_baselines_smokes/check_classification_v2_visual_freeze_schedule.py,8128,4fdb45f44653bb51d3985e47daa4e5ed388d1da06f62b861e8e83e38fe1dbe3e,PUBLIC_REPRODUCIBILITY
scripts/classification_v2/04_baselines_smokes/check_classification_v2_visual_tiny_overfit.py,4437,cd4df36004d0fc8c9e41a16b6ec53935a6267cd12646467ed140259d95172053,PUBLIC_REPRODUCIBILITY
scripts/classification_v2/04_baselines_smokes/check_r128_startup_readiness.py,11750,373efd133a63bde06bda3b1a9f4205cd8e50bf2a803bea866aa5ffa5632ff07e,PUBLIC_REPRODUCIBILITY
scripts/classification_v2/04_baselines_smokes/classification_v2_authorize_s1_stage1_execution.py,6531,cb3255992a0c15bd836a66fde40cfa8e824c5182380fd19e5882fe0725a25c05,PUBLIC_REPRODUCIBILITY
scripts/classification_v2/04_baselines_smokes/classification_v2_build_remote_code_bundle.py,1408,f9693e2d28d18967ab460ca16e0657f646dfaf2eaee89ab1f22a69f4e1e8f512,PUBLIC_REPRODUCIBILITY
scripts/classification_v2/04_baselines_smokes/classification_v2_build_temporal_v2_frame_offset_index.py,1243,55e465d2b78457f47c04d505e274df92f04d86532368cbf8d8a2dde6ab04fe90,PUBLIC_REPRODUCIBILITY
scripts/classification_v2/04_baselines_smokes/classification_v2_hash_pre_s1_rgb_source.py,1496,6088e4610e2cefa4ce4cae0aa906b3f075babaadeaeb4a631e174cf55835d32e,PUBLIC_REPRODUCIBILITY
scripts/classification_v2/04_baselines_smokes/classification_v2_materialize_pre_s1_rgb_binding.py,2947,02dfc8fcf8583394dd937f7ab5ac054fd6c787aa463ac39db53d7cfaf75bd008,PUBLIC_REPRODUCIBILITY
scripts/classification_v2/04_baselines_smokes/classification_v2_materialize_s1_stage1_rgb_bindings.py,8009,69c0560634120b845cc172b2c6d647f1176e72853c6fa74b99bd9fe0abce06d3,PUBLIC_REPRODUCIBILITY
scripts/classification_v2/04_baselines_smokes/classification_v2_multimodal_smoke_train.py,1608,d87cbce1760f91cc766da670e0ab2f3c82c8d1d8987898d277cb7d16d6ad1ed7,PUBLIC_REPRODUCIBILITY
scripts/classification_v2/04_baselines_smokes/classification_v2_multitask_smoke_train.py,984,d7a7ac22c8b20208ae005602f700dad0666b4b7eb098a9319bcce4d5432329af,PUBLIC_REPRODUCIBILITY
scripts/classification_v2/04_baselines_smokes/classification_v2_preflight_lightning_resource_identity.py,1423,23ca8a1d4c0536a7ab58e27f790755fbab2124f79bcdfc0a0971292981339355,PUBLIC_REPRODUCIBILITY
scripts/classification_v2/04_baselines_smokes/classification_v2_preflight_pre_s1_calibration.py,2405,c6590bd9331c6a9522b2fbbed3c293a07a605bd5e49c639e2bed9db955dba27f,PUBLIC_REPRODUCIBILITY
scripts/classification_v2/04_baselines_smokes/classification_v2_preflight_s1_stage1_temporal_screening.py,5771,74833a61472418c68fc3ab8614647c24a310f839b8e679ccec337e7b80a8cf4a,PUBLIC_REPRODUCIBILITY
scripts/classification_v2/04_baselines_smokes/classification_v2_preflight_temporal_v2_consumers.py,3874,092309558060a1f9140e857bda3522f2012f537a2dfd9c88f702fbbc916ff8e6,PUBLIC_REPRODUCIBILITY
scripts/classification_v2/04_baselines_smokes/classification_v2_realize_pre_s1_rgb_binding.py,1465,5ce6abac758e3be2365c529b25304be6bb6dec6156ffcc6ab1594105639052b9,PUBLIC_REPRODUCIBILITY
scripts/classification_v2/04_baselines_smokes/classification_v2_resolve_remote_input_root.py,1062,5895933f985ed7613a5f276cd016e316dffd4776b9fe97db40f1a9007916e9d0,PUBLIC_REPRODUCIBILITY
scripts/classification_v2/04_baselines_smokes/classification_v2_run_e0_inner_only.py,4662,64a63f2450a978aeaca8a5e42f7b438ef78f3e9291b68cdfb9a0cca4fe3afe61,PUBLIC_REPRODUCIBILITY
scripts/classification_v2/04_baselines_smokes/classification_v2_run_multimodal_ablation_pilot.py,6164,d5bdadeeba6a42fb19840b06fe3a091e6593a65a57a66b44ce70e6a81eea0d19,PUBLIC_REPRODUCIBILITY
scripts/classification_v2/04_baselines_smokes/classification_v2_run_native_majority_baseline.py,1596,f6a43c384c7efeee4b5a7ad77a755534d8095b1fc06f4274d9f0701ae26b5e0e,PUBLIC_REPRODUCIBILITY
scripts/classification_v2/04_baselines_smokes/classification_v2_run_post_s1_resolution_screen.py,3518,b725edf991582ba86b771f4fe9bd861ddde7fdff569282761b5c93b4001f411f,PUBLIC_REPRODUCIBILITY
scripts/classification_v2/04_baselines_smokes/classification_v2_run_pre_s1_calibration.py,1995,23df19c88a632891e9d3a3dbda9338ad6e93a3b150a525b94635b1b8baeb0a48,PUBLIC_REPRODUCIBILITY
scripts/classification_v2/04_baselines_smokes/classification_v2_run_q2_baseline_smokes.py,5107,89dead26b5521e7f7b749007072796ba78eccd9b7d50c3c1adde2d0eabdc444a,PUBLIC_REPRODUCIBILITY
scripts/classification_v2/04_baselines_smokes/classification_v2_run_s1_stage1_temporal_screening.py,3043,3fcd0c3e5b6f2e09b88c91910632a9c152006ea2e556511545040bf8b7970b53,PUBLIC_REPRODUCIBILITY
scripts/classification_v2/04_baselines_smokes/classification_v2_run_tabular_linear_baseline.py,1081,55f866eeeceb267b66185a09ffea527691d86e2fe67d63a946c8eae5d299272a,PUBLIC_REPRODUCIBILITY
scripts/classification_v2/04_baselines_smokes/classification_v2_run_tabular_nonlinear_baseline.py,1235,d9a1a5ca43e74dfecb6312e5e4c6e2e6ffb553f6b3b5c2e4c435d30102cf1452,PUBLIC_REPRODUCIBILITY
scripts/classification_v2/04_baselines_smokes/classification_v2_spatial_tcn_smoke_train.py,1878,ddee074c1aa6b9ea0178e1fa018122541dc6b3d11eddb6cfb9f4b61a15569710,PUBLIC_REPRODUCIBILITY
scripts/classification_v2/04_baselines_smokes/classification_v2_train.py,747,bbb9f012b32e76fcac2104a8ecca09d7b15b56c07573893349431295484c4c3d,PUBLIC_REPRODUCIBILITY
scripts/classification_v2/04_baselines_smokes/classification_v2_train_smoke_tabular.py,6869,9211da12bbe7b1f3acb2412b3d93aa83c6c9a58810bfcf85134671f3a805ff32,PUBLIC_REPRODUCIBILITY
scripts/classification_v2/04_baselines_smokes/evaluate_classification_v2_legacy_development_l7_imbalance.py,979,e4d8539bcd27df0f476ba067d377494c46595ad562a5899a7c08c8511d44030a,PUBLIC_REPRODUCIBILITY
scripts/classification_v2/04_baselines_smokes/run_r128_gpu_proof_remote.py,16568,364be8153d46351cc47504f50786a26a9fa31508381bac42d678ff973079fcec,PUBLIC_REPRODUCIBILITY
scripts/classification_v2/04_baselines_smokes/summarize_classification_v2_runtime_benchmark.py,1033,0a742eddd3dd0eb0f686562cdca72f28c3b1fea12db1a1d86a63e244b503d1a4,PUBLIC_REPRODUCIBILITY
scripts/classification_v2/04_baselines_smokes/verify_m0_contract.py,9244,123bd88dd8f818f2dbbfd58b2760940b0cee4228caa51c4dd3ad2cc50a4e593f,PUBLIC_REPRODUCIBILITY
scripts/classification_v2/05_preflight_authorization/check_classification_v2_full_oof_authorization_file.py,6584,1e8636b1075330aa072291e7271bec088a66bea8ad2bfc25ac861b846da5a5d8,PUBLIC_REPRODUCIBILITY
scripts/classification_v2/05_preflight_authorization/check_classification_v2_full_oof_authorization_policy.py,4697,70c09c560c5d8c098d01e43a61f216f7e3179213a77fe9f2d9befaecc5eee3b5,PUBLIC_REPRODUCIBILITY
scripts/classification_v2/05_preflight_authorization/check_classification_v2_full_oof_authorization_template.py,5533,407bc70eb0772abe04658cb292d15b753ee9bf5cb88468b388f860345c46a60e,PUBLIC_REPRODUCIBILITY
scripts/classification_v2/05_preflight_authorization/check_classification_v2_full_oof_authorization_writer.py,7071,d83960e90d48b485d297123e348cdcb62fc94c63d9e2ff579dd82010fa1c4432,PUBLIC_REPRODUCIBILITY
scripts/classification_v2/05_preflight_authorization/check_classification_v2_full_oof_execution_gate.py,6778,ffd152d504ec6a9aff42fff404ef111dbf7fc516eaf5e3b230d8145064c58a55,PUBLIC_REPRODUCIBILITY
scripts/classification_v2/05_preflight_authorization/check_classification_v2_full_oof_launch_packet.py,15285,440ef1998229ca78b5650b6ee0de1bcb0fbb94afd85256470bfa60664fa5f6ee,PUBLIC_REPRODUCIBILITY
scripts/classification_v2/05_preflight_authorization/check_classification_v2_full_oof_postrun_registration_packet.py,18611,551fb884e463b4d619906ff4dbe9b6304320af8008b4cff54c438db3df225fad,PUBLIC_REPRODUCIBILITY
scripts/classification_v2/05_preflight_authorization/check_classification_v2_full_oof_preflight_freshness.py,4542,d1f479bf1b208fae1c685e594017b3f9bfcda9ca8e75f12540cec6aaea20753e,PUBLIC_REPRODUCIBILITY
scripts/classification_v2/05_preflight_authorization/check_classification_v2_full_oof_preflight_policy.py,3585,5cbc90fd3b5c8fa99c07d31560b9ec3c5fd41f3492ac1c4be099fe74c550b0e0,PUBLIC_REPRODUCIBILITY
scripts/classification_v2/05_preflight_authorization/check_classification_v2_reviewed_q2_mixed_finalist_preflight.py,1955,1b4d01513011a20ffb91fadf29ac94a4f2c7b535cf1e2bb16835335b719b43aa,PUBLIC_REPRODUCIBILITY
scripts/classification_v2/05_preflight_authorization/check_classification_v2_reviewed_q2_p0_preflight.py,1688,d086e4f1ec7aac94ebc565ad9d1af105b0985192421bc9d460e0aa3d76857795,PUBLIC_REPRODUCIBILITY
scripts/classification_v2/05_preflight_authorization/preflight_classification_v2_full_multimodal_oof.py,5846,46125d2186bf1e3ea8dcfdfa7a91611974ad17bb017f9b81a56b9858cb9e8e42,PUBLIC_REPRODUCIBILITY
scripts/classification_v2/05_preflight_authorization/write_classification_v2_full_oof_authorization_file.py,5266,bf779e3ec6ddc63aff69e1bb0a76ac6b66357d523d83da2d83ddfc2c8c886190,PUBLIC_REPRODUCIBILITY
scripts/classification_v2/05_preflight_authorization/write_classification_v2_full_oof_authorization_template.py,2658,cea274be1ebf3654db808c9bef8944e73a524bce0aac82f08c0f62478506dee9,PUBLIC_REPRODUCIBILITY
scripts/classification_v2/05_preflight_authorization/write_classification_v2_full_oof_launch_packet.py,16710,3bbd4b9a8ca0c2bccbac440759153f0224c62cf8c7135b316fc24b324ef960fd,PUBLIC_REPRODUCIBILITY
scripts/classification_v2/05_preflight_authorization/write_classification_v2_full_oof_postrun_registration_packet.py,21214,e629904a46c3e4d39dcbe116d7fe7e63d826cdb5a100291f21a0a50d435939b9,PUBLIC_REPRODUCIBILITY
scripts/classification_v2/06_full_oof_training/check_classification_v2_full_learned_oof_contract.py,1113,dbfb330f76fc4f22572c8eb155797912c3835aa77b2c6bacc04137140cfc5f51,PUBLIC_REPRODUCIBILITY
scripts/classification_v2/06_full_oof_training/check_classification_v2_full_multimodal_oof.py,11860,eca01e4daafc8b93884d56d94d450a7c8403d9b8313b8028f3d1a1e5d4da67ab,PUBLIC_REPRODUCIBILITY
scripts/classification_v2/06_full_oof_training/check_classification_v2_full_multimodal_oof_plan.py,5988,1fb2c1ab90dbe9e4b732a9a9ccaf909d9ec605d722b1a1f23e8309aa89707f0e,PUBLIC_REPRODUCIBILITY
scripts/classification_v2/06_full_oof_training/check_classification_v2_full_runner_defaults.py,4327,afdf4e4935852eed5baa30e80059ca72887b968fcb8d02b1831caffcd1a72e35,PUBLIC_REPRODUCIBILITY
scripts/classification_v2/06_full_oof_training/check_classification_v2_prediction_schema.py,940,e82dc04b0f467956f53d3a81413d01250255a7f34ae73ec70cbd158a4e32d96f,PUBLIC_REPRODUCIBILITY
scripts/classification_v2/06_full_oof_training/classification_v2_merge_run_registry.py,1128,018cd1e7ff7fc8ff69e821ee4484eaaaf3f8751e36490181b149582df515f321,PUBLIC_REPRODUCIBILITY
scripts/classification_v2/06_full_oof_training/classification_v2_run_full_multimodal_oof.py,7857,110677e176128e725262a5f6e4fa2659d9eb65f775024fc79ba1fe4b339c559d,PUBLIC_REPRODUCIBILITY
scripts/classification_v2/07_postrun_evaluation/analyze_classification_v2_legacy_l6_pen_context_utility.py,1331,1f3823d2901120cbd71a567458835393b718a3bdfd473f89bb6705b62bc599d5,PUBLIC_REPRODUCIBILITY
scripts/classification_v2/07_postrun_evaluation/check_classification_v2_ablation_matrix.py,4486,3ce6fa705de0b4082c16cd3cfea6dbce902e4866359ae73d376f54fc247cf89b,PUBLIC_REPRODUCIBILITY
scripts/classification_v2/07_postrun_evaluation/check_classification_v2_ablation_reporting.py,1081,9a9a005d01e14091ad3523d3da5d70d33ad8c3b47da5467789cab889b51229c9,PUBLIC_REPRODUCIBILITY
scripts/classification_v2/07_postrun_evaluation/check_classification_v2_ablation_shortcut_contract.py,1065,b53a1858dff4ed73ef3c4963f32d861a522f129e4e8a28c45497ae1dec79fd00,PUBLIC_REPRODUCIBILITY
scripts/classification_v2/07_postrun_evaluation/check_classification_v2_b4_seed_variance.py,3004,81920c99c5cc41ef41aa53507d3013b96120d87691182ce256fe82a56b260546,PUBLIC_REPRODUCIBILITY
scripts/classification_v2/07_postrun_evaluation/check_classification_v2_legacy_development_l5_paired_decision.py,1674,0ba136aae6994ba63fcff787bec895cfdff4c882504a2506912611cecb669216,PUBLIC_REPRODUCIBILITY
scripts/classification_v2/07_postrun_evaluation/check_classification_v2_legacy_l5_temporal_ladder_decision.py,1276,724e961b01b9f2986a4eefbd22e2b4ee50d6a2b84a99cf42ac9646e01b94a630,PUBLIC_REPRODUCIBILITY
scripts/classification_v2/07_postrun_evaluation/check_classification_v2_legacy_l6_full_frame_context_decision.py,1355,5330841d74c63679406a75ca0cac14ded05de1963a3302626ddaf375452edf2a,PUBLIC_REPRODUCIBILITY
scripts/classification_v2/07_postrun_evaluation/check_classification_v2_legacy_l6_full_frame_context_training_gates.py,2215,2a3374d0c9ab750daf8e34fbb014e61ae817adde1621eb0e9dc66e64e518e668,PUBLIC_REPRODUCIBILITY
scripts/classification_v2/07_postrun_evaluation/check_classification_v2_legacy_l6_geometry_cache_repeat.py,1266,64c919ab3d34a713aea065fa0f2735a0a709e04f43b6a024b9b89276ae27c7ac,PUBLIC_REPRODUCIBILITY
scripts/classification_v2/07_postrun_evaluation/check_classification_v2_legacy_l6_geometry_decision.py,1095,a6309e959ce12156e7f5a1dcea1ce1a903d03af8d53c508c20c8d36ad67866af,PUBLIC_REPRODUCIBILITY
scripts/classification_v2/07_postrun_evaluation/check_classification_v2_legacy_l6_geometry_training_gates.py,2196,a9b6a984f0b85f6674a30cf041cc3aaaf9fd88971f139c18187893d72148b46c,PUBLIC_REPRODUCIBILITY
scripts/classification_v2/07_postrun_evaluation/check_classification_v2_legacy_l6_motion_cache_repeat.py,1007,f7a2929ddf7dc475b7e4a96704d80b5274d0648bd2664f10f24167af29701a6a,PUBLIC_REPRODUCIBILITY
scripts/classification_v2/07_postrun_evaluation/check_classification_v2_legacy_l6_motion_decision.py,1332,95b9d712223db57c9ff62e9dfdf441a26d2c05ede4ee594ec1e38e3f9a3668be,PUBLIC_REPRODUCIBILITY
scripts/classification_v2/07_postrun_evaluation/check_classification_v2_legacy_l6_motion_training_gates.py,2178,a5c55d14ed8d6fc1eefad27f53b97fc842b033f1f738711d1d5e3806d20a2cf5,PUBLIC_REPRODUCIBILITY
scripts/classification_v2/07_postrun_evaluation/check_classification_v2_legacy_l6_pen_context_decision.py,1231,d2db6831ff33196b75a97477821b352c36261b567c636b38637fa149fb40f885,PUBLIC_REPRODUCIBILITY
scripts/classification_v2/07_postrun_evaluation/check_classification_v2_legacy_l6_pen_context_training_gates.py,2185,e9f4ac9509b8dce7d61a4b30a6574be3bc4f33eaedee3b6f027a2be9f4e38e57,PUBLIC_REPRODUCIBILITY
scripts/classification_v2/07_postrun_evaluation/check_classification_v2_legacy_l6_roi_relation_cache_repeat.py,1024,69dce025136036966ad3906c9cccddc19f44e69fb89bb07a63922d845fb88534,PUBLIC_REPRODUCIBILITY
scripts/classification_v2/07_postrun_evaluation/check_classification_v2_legacy_l6_roi_relation_decision.py,836,9da76eb8a8c8901f03ffc7c354959963da00df6c97add649dafe4ea016ba53ca,PUBLIC_REPRODUCIBILITY
scripts/classification_v2/07_postrun_evaluation/check_classification_v2_legacy_l6_roi_relation_full_decision.py,844,80ddb76cef88bea50691b674cd34faf030da4218c7d53a1a78fcd8069a89174b,PUBLIC_REPRODUCIBILITY
scripts/classification_v2/07_postrun_evaluation/check_classification_v2_legacy_l6_roi_relation_training_gates.py,2223,19377d22ccaff4fa2e142fdd057f9bf2cc6ce39270754235688537a777989695,PUBLIC_REPRODUCIBILITY
scripts/classification_v2/07_postrun_evaluation/check_classification_v2_legacy_l6_social_relation_cache_repeat.py,1030,f3402fe0d7b37b815d65e651fe9f6b77c253db3bfb3d8fddd1a3bf0357051636,PUBLIC_REPRODUCIBILITY
scripts/classification_v2/07_postrun_evaluation/check_classification_v2_legacy_l6_social_relation_decision.py,1363,7b6f78d2adb7a67ae2af4ef99cfe2805afcde58e18ceecfda0a832dc2e57d349,PUBLIC_REPRODUCIBILITY
scripts/classification_v2/07_postrun_evaluation/check_classification_v2_legacy_l6_social_relation_training_gates.py,2210,ea7e2bda2a1b6913a1b444f2f3eb105bae4175a56a2c5e35bcea291813b725d0,PUBLIC_REPRODUCIBILITY
scripts/classification_v2/07_postrun_evaluation/check_classification_v2_legacy_l6_union_context_decision.py,1352,b864383030e6973103f538c9d701b76e500b81b84c0a0d3063d958e152ae7b11,PUBLIC_REPRODUCIBILITY
scripts/classification_v2/07_postrun_evaluation/check_classification_v2_legacy_l6_union_context_training_gates.py,2193,06a56450a1ab29b5b21886bca7fd4a55c9752d493eec59d06ad002d6b5b2fbe4,PUBLIC_REPRODUCIBILITY
scripts/classification_v2/07_postrun_evaluation/check_classification_v2_legacy_temporal_base_selection_decision.py,1414,ca07d6e3a187f2631982909f47cf643e822277a5858ce4280d5d5032614c082f,PUBLIC_REPRODUCIBILITY
scripts/classification_v2/07_postrun_evaluation/check_classification_v2_legacy_temporal_sampling_decision.py,1229,b5c4ad6f7dfcf15acf6a484ab5324f76e5baed6dbffd54b2819eb3165eb71e15,PUBLIC_REPRODUCIBILITY
scripts/classification_v2/07_postrun_evaluation/check_classification_v2_native_temporal_predictions.py,2185,aa021febad10605438c40f4aef7845c5114c88f1c2c2334f2a2998c4e8525e79,PUBLIC_REPRODUCIBILITY
scripts/classification_v2/07_postrun_evaluation/check_classification_v2_oof_metrics.py,7568,7a36727649bb721892bbab6598d88fb1bf4632d36fda1d2a4087b891ad51b100,PUBLIC_REPRODUCIBILITY
scripts/classification_v2/07_postrun_evaluation/check_classification_v2_q2_oof_metric_contract.py,10400,57fe157aac5dd744c991e00493effbf5aaf5fdba7244077ef44da87ed3850daa,PUBLIC_REPRODUCIBILITY
scripts/classification_v2/07_postrun_evaluation/classification_v2_collapse_window_predictions_to_native_units.py,2275,dc7be37c59744249100f097d0018b78852d0f1c03dbb570b9f94248bec1e2028,PUBLIC_REPRODUCIBILITY
scripts/classification_v2/07_postrun_evaluation/classification_v2_compare_confusion_focus.py,3583,1cb387f8035a3d25e88ed139f5c3264cad64deae0266bf90188e83dd80908377,PUBLIC_REPRODUCIBILITY
scripts/classification_v2/07_postrun_evaluation/classification_v2_cross_fit_calibration.py,1534,22a94a949c89ef99b2aa8f07389a04c3652a9e799442564ada07f7d7ee87b24d,PUBLIC_REPRODUCIBILITY
scripts/classification_v2/07_postrun_evaluation/classification_v2_estimate_b4_seed_variance.py,6949,dc3e95f0b465877fe875f89ea4f3b8b1e30cf969a20ad5c3a80e08bb2877e181,PUBLIC_REPRODUCIBILITY
scripts/classification_v2/07_postrun_evaluation/classification_v2_evaluate_domain_controls.py,9571,f6556117c3590fac549ae34164534f4139b6bdb78dfdc86948f8c3dd75b76d90,PUBLIC_REPRODUCIBILITY
scripts/classification_v2/07_postrun_evaluation/classification_v2_evaluate_legacy_c6_actor_reference.py,6003,786fa21e42e0d960450c169dc28567ec839d53fe6c41adf1cdfeede284f84162,PUBLIC_REPRODUCIBILITY
scripts/classification_v2/07_postrun_evaluation/classification_v2_evaluate_legacy_c6_modality_promotion.py,755,c274fddc094450e36e7eae65a3c216abc8c843fe6098c3c12678674cbe52dc25,PUBLIC_REPRODUCIBILITY
scripts/classification_v2/07_postrun_evaluation/classification_v2_evaluate_legacy_c6_temporal_controls.py,1497,4b719b639cdb06f85f780d32a91de5b2c70fe0a787c0b1169268c234df9bcaaf,PUBLIC_REPRODUCIBILITY
scripts/classification_v2/07_postrun_evaluation/classification_v2_evaluate_oof_predictions.py,3126,d65e73c6d860e15538d00f97cb9f7d2ca9e3af06f5d9100b84c49bc978668e14,PUBLIC_REPRODUCIBILITY
scripts/classification_v2/07_postrun_evaluation/classification_v2_freeze_legacy_c6_full_development.py,775,18ed8a5bc67384546c523dfd427c175bcb9ecd9a62423b6b3035a1fbe3b2612c,PUBLIC_REPRODUCIBILITY
scripts/classification_v2/07_postrun_evaluation/evaluate_classification_v2_confusion_focus.py,2293,3393c6c12046fe8671523c48b12507a07fd1438516c3792caa130dc8e77e9d75,PUBLIC_REPRODUCIBILITY
scripts/classification_v2/08_publication_reporting/check_classification_v2_experiment_registry.py,712,bfd23afe9b75b845db2767414aa22b854a2ca609b045d0232dd8495ed08dc342,PUBLIC_REPRODUCIBILITY
scripts/classification_v2/08_publication_reporting/check_classification_v2_historical_baseline_control.py,908,8e248d777cc2fefb2f5159964401d61087061a6bf26e39858ee824adc038296b,PUBLIC_REPRODUCIBILITY
scripts/classification_v2/08_publication_reporting/check_classification_v2_paper_grade_protocol.py,922,c95a3b0d0e378c226a5914eb1d6ec227f29dd4d9bcf60d8df03a397b9e519e53,PUBLIC_REPRODUCIBILITY
scripts/classification_v2/08_publication_reporting/check_classification_v2_q2_final_package_contract.py,11239,d708529243b2a79ec84e5383f4424966e3c9c8e497d85bed5194308909f19ba2,PUBLIC_REPRODUCIBILITY
scripts/classification_v2/08_publication_reporting/check_classification_v2_q2_final_package_stub.py,4437,3606ae0b3dda82bdf7e9c6d08f9292b633c18f6e43993b8710b8a00fba3ad395,PUBLIC_REPRODUCIBILITY
scripts/classification_v2/08_publication_reporting/check_classification_v2_q2_progress_report.py,7657,675797b41079e2c6342234459acc3098e5e15998cd3b08c32439db7ce42151d1,PUBLIC_REPRODUCIBILITY
scripts/classification_v2/08_publication_reporting/classification_v2_build_source_balanced_report.py,2667,71a5d77bdc6fca3c5113aabc9d0d092c6d9617703073c9739673eca0f1251ebd,PUBLIC_REPRODUCIBILITY
scripts/classification_v2/08_publication_reporting/classification_v2_register_experiment.py,5348,6189788bc9b6fabf0782510318d55c8ca87f9a512c3278c83a962d64cb8477ac,PUBLIC_REPRODUCIBILITY
scripts/classification_v2/08_publication_reporting/classification_v2_register_historical_baseline_control.py,5029,eb754ccf4b2d6b391de7b5b2b2e18e6c04e738d4167f305e2bde0a6d44090495,PUBLIC_REPRODUCIBILITY
scripts/classification_v2/08_publication_reporting/classification_v2_write_model_readiness_report.py,6052,bf1592c990c917af9703f803cb667af2e41569a40b51ebd4202710865e5a65e2,PUBLIC_REPRODUCIBILITY
scripts/classification_v2/08_publication_reporting/classification_v2_write_model_upgrade_blueprint.py,23282,3a0e31171671b3c62f3446a64815d46eb84c75cdee2aa3ae91eb1e69ecde9f89,PUBLIC_REPRODUCIBILITY
scripts/classification_v2/08_publication_reporting/classification_v2_write_q2_final_package_stub.py,7170,c93e079c21a407735f9c7acfbac3159c9f086c613cdb9624855ce3248dcd3475,PUBLIC_REPRODUCIBILITY
scripts/classification_v2/08_publication_reporting/classification_v2_write_q2_progress_report.py,84768,5cd0f13e9b3fd5198eb53ca2f98e12f92b06388040f922eb9ced6967fe971c84,PUBLIC_REPRODUCIBILITY
scripts/classification_v2/08_publication_reporting/lock_classification_v2_legacy_development_l8_candidate.py,885,7535663c9790e2af9de77aec27a79339af049932bb86e7c2e10655cb6a45f165,PUBLIC_REPRODUCIBILITY
scripts/classification_v2/09_final_release_audit/audit_classification_v2_final_status.py,5410,68462955cb637e9df4bf2ba587c814dc2ad603a32bc5ae8ecd7785ffd4074bda,PUBLIC_REPRODUCIBILITY
scripts/classification_v2/09_final_release_audit/audit_t6_h5_feasibility.py,3166,f84fb1e06b55a05948a0e0885e31d84c35a53d76651a6dba387d6552e20699b0,PUBLIC_REPRODUCIBILITY
scripts/classification_v2/09_final_release_audit/check_classification_v2_full_oof_completion_gate.py,23661,100c73a423432a9d619a6b0a00681c9c844d3a5e6d996baedc86b9d2d6910b35,PUBLIC_REPRODUCIBILITY
scripts/classification_v2/09_final_release_audit/check_classification_v2_full_readiness_once.py,15499,fd8a9544f3d91a2db80c4c099a442b245febf02373338c210968d19670d0245b,PUBLIC_REPRODUCIBILITY
scripts/classification_v2/09_final_release_audit/check_classification_v2_identifier_v2_lineage.py,14308,26340c3f5af4e1913f62a54bd9dfa9bb8bddb3fa5a46f4bf715a0e5b91be448f,PUBLIC_REPRODUCIBILITY
scripts/classification_v2/09_final_release_audit/check_classification_v2_technical_smoke_gate.py,10119,44c45a88f742f54fc7efa321d3d883080ed5e581c9c9d21949e8da8015d90f4c,PUBLIC_REPRODUCIBILITY
scripts/classification_v2/09_final_release_audit/check_classification_v2_workflow_layout.py,5358,229bf482bb38b82e76390cd222f93d4e0d9ee19126c3899c54c8561762476634,PUBLIC_REPRODUCIBILITY
scripts/classification_v2/09_final_release_audit/check_legacy_16f_rebuild_completion.py,27146,ae7dee8ad0012b56361e7e214122e3340bd2d33ddde2944510d3746a5eb1aa50,PUBLIC_REPRODUCIBILITY
scripts/classification_v2/09_final_release_audit/finalize_execution_handoff.py,15892,ab31ca82b568cef6c2a03f895ee5c39149fe4bf692939f50efbeebd4996e1d4e,PUBLIC_REPRODUCIBILITY
scripts/classification_v2/09_final_release_audit/generate_next_phase_artifacts.py,36352,99fa6be72f3c661ddb8a445bb69d83cd730dcf48656fd5a94adbd5e9da06e6e7,PUBLIC_REPRODUCIBILITY
scripts/classification_v2/09_final_release_audit/materialize_current_h5_spatial_bundle.py,7997,5bfc9984f9685cec97b1d80a282b28ca092ef94775117df65dc39be112cb74a0,PUBLIC_REPRODUCIBILITY
scripts/classification_v2/09_final_release_audit/prepare_execution_handoff.py,45797,8166745745008816b2dbb93d8540b6f28cf253f061ea384c65db86c154384189,PUBLIC_REPRODUCIBILITY
scripts/classification_v2/09_final_release_audit/print_classification_v2_final_counts.py,1437,b75ea7f0e603c4dc5ff9304a05431c4594c98a29bd41c8e150d5f0d40344da10,PUBLIC_REPRODUCIBILITY
scripts/classification_v2/09_final_release_audit/smoke_current_h5_spatial_bundle.py,3523,b0f15f98528e4cacf75c567d268e4924d36adc43bacc6e619c58f94e10a5e47e,PUBLIC_REPRODUCIBILITY
scripts/classification_v2/09_final_release_audit/validate_corrected_pooled_route.py,20310,b040e48895bd5f30572f5302f184f00c6cd027272ccccaa8d32ffd38ad58818c,PUBLIC_REPRODUCIBILITY
scripts/classification_v2/09_final_release_audit/validate_next_phase.py,10618,babfa8fca6baf9201d042d311603d629fe572bb735be9a7b29678945cf1fd902,PUBLIC_REPRODUCIBILITY
scripts/classification_v2/09_final_release_audit/write_classification_v2_legacy_goal_completion_audit.py,895,7b4ae29e43e16803be0bee9feca45ca8bfbafce2e019d79160a96ec6af481301,PUBLIC_REPRODUCIBILITY
scripts/classification_v2/README.md,2587,fdec79813774e8c9acf147fb4f05ed67f4be8a06dd914e38b2d8b97bf556b378,PUBLIC_REPRODUCIBILITY
scripts/classification_v2/authorize_lineage_stage.py,1717,6f0e0e85bcc103da9f06170320c9801300fac066b9404fcbd5fd4d0ed7576b4a,PUBLIC_REPRODUCIBILITY
scripts/classification_v2/build_full_t6_union_r128.py,1447,ca090d52c5e70dc05a5b6cf8f5a71a71c26482c0050ae0f8c8a95809cb3a0158,PUBLIC_REPRODUCIBILITY
scripts/classification_v2/check_lineage_stage_closure.py,10303,c1f923a0c4cf82477fa64471f81a15cfcd2f2dd9298b93324af9c9ec42ec2f48,PUBLIC_REPRODUCIBILITY
scripts/classification_v2/lineage_preflight.py,5871,be0f2436d52ee77dc591ed3b3f8e15834c3a241ec758b3c567a4df8851fdbc2a,PUBLIC_REPRODUCIBILITY
scripts/classification_v2/model_research/snapshot_completed_run.py,9878,fa24e64f2e199d5392db32ee555472b5e2d2d915d3c246fafc48df396cea8b37,PUBLIC_REPRODUCIBILITY
scripts/classification_v2/run_lineage_stage.py,26353,0e02fa7f5889f170e2b8976beb8a5a834cdf1c3248abb929e98b2eb3c557b3df,PUBLIC_REPRODUCIBILITY
scripts/classification_v2/scientific_contract/check_code_contract_mapping.py,5722,e35b18de3b9d47fb002e960bda0451b7bff3a7f6ef2f4fa830577bca7250a305,PUBLIC_REPRODUCIBILITY
scripts/classification_v2/scientific_contract/check_stage_runtime_dependencies.py,1444,5d23c6de52e8eaaef6b24645355c7b9d054f4a04712aa6ce20adbc8a6e034ed6,PUBLIC_REPRODUCIBILITY
scripts/classification_v2/scientific_contract/phase2_bounded_motion_audit.py,12884,104757c40c5ef188e09c54f9b459517ff88d44d68c9a1cae7dc08656ff955232,PUBLIC_REPRODUCIBILITY
scripts/classification_v2/scientific_contract/phase2_golden_motion_audit.py,6694,8d4453f1162ce0b8155d4a9f435f1c3d2c1a9602d88935a43bd524a798893c7b,PUBLIC_REPRODUCIBILITY
scripts/classification_v2/scientific_contract/phase3_bounded_spatial_audit.py,16291,da3c545a04ddcc5c6a793d44e50b89345103c3d3cbe8ff832c61811a9dfc86e3,PUBLIC_REPRODUCIBILITY
scripts/classification_v2/scientific_contract/phase3_golden_spatial_audit.py,12811,5e7f08d48fd75d447ddc492735a9690f36827f43cfcb515a98b511abdc06c862,PUBLIC_REPRODUCIBILITY
scripts/classification_v2/scientific_contract/phase4_build_semantic_evidence.py,23523,5730d141e4fe4304d130b24b448c55282f0d4f5415d181139617745325d2db9a,PUBLIC_REPRODUCIBILITY
scripts/classification_v2/scientific_contract/phase4_independent_reference_verifier.py,6315,80bd2d5bd1550cddd5c300627c9b7c70faf329b73116a3d9cbf9817d778fc8c3,PUBLIC_REPRODUCIBILITY
scripts/classification_v2/scientific_contract/render_scientific_contract_docs.py,31388,84fc3ecb8a1e74b79d241f5a7447c819b43751c1296452c3245f01a9bf444769,PUBLIC_REPRODUCIBILITY
scripts/classification_v2/scientific_contract/validate_scientific_contract.py,32685,6d58d29250dd667999767ae72475141e740e3b156f366d0193e7ac3f8ab02408,PUBLIC_REPRODUCIBILITY
scripts/classification_v2/validate_lineage_stage.py,5640,37a680baa7906b659bb9d90a2b2208ac57bef559231ee8df0f55923520a57cf2,PUBLIC_REPRODUCIBILITY
scripts/diagnostics/detect_single_frame.py,15208,02ae262afc53b886a72a92edc560accf276c9ee3186aee9ff43ce5cf606a5f4a,PUBLIC_REPRODUCIBILITY
scripts/diagnostics/eval_hard_scenes.py,6518,53cac1564aaec3d570e7a614f2f0871a82cb2a51233ce550f1a8569c1373cbe4,PUBLIC_REPRODUCIBILITY
scripts/evaluate_tracking.py,13921,18b369d0e08b2bcafb32142dfd4a6666e9a0d51699275edb4d70a6b2e7afb11a,PUBLIC_REPRODUCIBILITY
scripts/integrations/run_roboflow_tracking.py,12039,da632190180c0a2cc15999e26b650993c55e74d2e76f8c3da902fbdbe9549fc7,PUBLIC_REPRODUCIBILITY
scripts/lock_tracking_baselines.py,2066,04311b67c835bd7072367b7b86519f83fe9f499e0ceb44f6a863008c2a3195a3,PUBLIC_REPRODUCIBILITY
scripts/optimize_tracking_metrics.py,45917,0022c3fea20491a8ac3be0bb2288356451adf99f1c48704ba0267e0bbb2b5387,PUBLIC_REPRODUCIBILITY
scripts/paper/assemble_master_draft.py,6650,232408780adb0d4931acd09a357894dd6bfc2976a94ea991b9a838f50a66fd96,PUBLIC_REPRODUCIBILITY
scripts/paper/check_claim_numbers.py,3511,710dacc66b7edc44c0a5d0fb5ad5ced8fc8738e1f0349915eeda2b9e04e30e74,PUBLIC_REPRODUCIBILITY
scripts/paper/wrap_markdown.py,2349,224b5dea3a0b68292899b68644162bb4707b207ab326af1b516d3cad4d19c894,PUBLIC_REPRODUCIBILITY
scripts/run_tracking_mode.py,35575,1d884d4b7892aa4e37b666787a18236c980e26872ee346e4c6b335fe3ebbdc9d,PUBLIC_REPRODUCIBILITY
scripts/track_videos.py,4939,028e62bcc32175a6895491d8dec35449285b6a47f209a39a1c9ab762810a28b5,PUBLIC_REPRODUCIBILITY
scripts/tracking/build_development_evidence_defense.py,110588,7aab03176d70d8c22187b3ab3545bb140a6ce837d213d8b61e0dd9ea4bc58443,PUBLIC_REPRODUCIBILITY
scripts/tracking/build_rf_acc23_error_taxonomy.py,29380,8b0f1312f5f110ace4965697455924b273c1b19750f040e37b9f1b895a8387e3,PUBLIC_REPRODUCIBILITY
scripts/tracking/build_tracking_gt_audit_review_manifest.py,8395,e0b6f6b7c259812a5a2aad1430298b929e5504cacaa3448b3c9aa4b75ccbb53e,PUBLIC_REPRODUCIBILITY
scripts/tracking/check_h1_r2_design_contract.py,27853,45009daab5314100d6526ec6195d5feb8d250403d14341464f3f4b45647086e4,PUBLIC_REPRODUCIBILITY
scripts/tracking/check_h1_r3_design_contract.py,30696,75cfbe703be247c0d43e3db348146a5b539c6f5142f4ca32f8dc268fa0d5e425,PUBLIC_REPRODUCIBILITY
scripts/tracking/check_h2_cdsp_design_contract.py,40199,b9fef981bcd77f3eaed16801a50160ddbb26b773d880f8f20e5052a1d2f5513c,PUBLIC_REPRODUCIBILITY
scripts/tracking/check_tracking_gt_audit_coverage.py,1239,319d43901d4cde493af2af277c71dd30772c2f34cdadf3308dd8e9260aa683a9,PUBLIC_REPRODUCIBILITY
scripts/tracking/compare_prediction_xml_sets.py,13306,e77e8215a854ce170d6e62c9c7cc057d5240bac7b0a328e1110889499818ad2e,PUBLIC_REPRODUCIBILITY
scripts/tracking/complete_development_2x2_standard_v2.py,44072,94d80be1421b8a55dae7432afc4c06f60f5be06b0630b14a1165f463ba558f88,PUBLIC_REPRODUCIBILITY
scripts/tracking/complete_full_frame_detector_cache.py,62871,a4835a70ef3d20ad074aa1abafa49944c997f9cb3116fc5be3a0722459929291,PUBLIC_REPRODUCIBILITY
scripts/tracking/evaluate_b0_b1_r0_standard_v2.py,64490,de34cc583b10a85a91ddb331e6da9412902b1c30d7fa282c0df1538590c694e7,PUBLIC_REPRODUCIBILITY
scripts/tracking/evaluate_historical_h5b_h4_standard_v2.py,31048,e640ee89a1727d580b8cb98749fe5fe3faf1428ce326c2f2d5dd4c31c76014bb,PUBLIC_REPRODUCIBILITY
scripts/tracking/evaluate_reconciled_methods_standard_v2.py,41525,9bcd4fe4907c84cb295a8dc790e22da64df667ce78a25193dc1aebb252feb298,PUBLIC_REPRODUCIBILITY
scripts/tracking/generate_b0_b1_frozen_predictions.py,57788,f602125a9cac03ed3cac25b3db256b0ba1f8b3deda3dc721075dd145c3b3ed4d,PUBLIC_REPRODUCIBILITY
scripts/tracking/generate_current_main_baseline_caches.py,27054,d7bc07ed29dcb6ac6f5b7ff930b7c0aaf2bdd82d44e9c14ab0471ff45ad2b72c,PUBLIC_REPRODUCIBILITY
scripts/tracking/generate_r1_rf_hybrid_predictions.py,47050,459b81e27f29310d91ead7a1a0703da661de6bfb53135c2702c1e52e7a0c11e6,PUBLIC_REPRODUCIBILITY
scripts/tracking/lock_rf_acc23_lineage.py,14221,380745c6c662265c976bcc8c2b9e1f56f41f874242bc8c75dc7575e1d68f8c34,PUBLIC_REPRODUCIBILITY
scripts/tracking/reproduce_historical_h5b_h4_detector_cache.py,57784,ef0904309142d60c45cb08c17bb559e01dcdee78cc271b7c37d91e2708586948,PUBLIC_REPRODUCIBILITY
scripts/tracking/reproduce_historical_h5b_h4_executable.py,48091,b1833b209d0e9ad43be2223b39f133462d312b6410b76a36db9a63194a0b4651,PUBLIC_REPRODUCIBILITY
scripts/tracking/review_tracking_gt_audit_gui.py,26498,2224b587374beea3477d2e325949a20d70d181c8c91031d4c52650db93a38cb8,PUBLIC_REPRODUCIBILITY
scripts/tracking/run_current_main_r0_baseline.py,16081,4d5c097f59ef87e0e005d697c4c8299ead0cd9c9d4f9c711e4aac344f2ca88a8,PUBLIC_REPRODUCIBILITY
scripts/tracking/summarize_tracking_gt_audit_decisions.py,3010,d9f1ee0af207cb5b4669e77e24c83a80a07979b60823fb5df77c7aa1c7375bec,PUBLIC_REPRODUCIBILITY
src/legacy_burst_recovery/README_legacy_burst_recovery.md,39379,9fd26ca6c8c6ce2b185db6f0b1773eb276bba2fd790c18e52643f6d5d2950a7f,PUBLIC_CORE
src/legacy_burst_recovery/__init__.py,63,492348e9e64360a34a640463acf38cfb6ad49749b3d59adf3b89cfd8f691db5f,PUBLIC_CORE
src/legacy_burst_recovery/anchor_builder.py,3364,c743da6bed4b92c222f8f1c116012a8424c8a02a28e43e9bcc1db75d47ac15a1,PUBLIC_CORE
src/legacy_burst_recovery/check_duplicate_videos.py,8737,4f52e9c52045399c7c7e93c12c0a39050333c097cd0d70b7cd944030b9fe8540,PUBLIC_CORE
src/legacy_burst_recovery/config.py,1694,db4659bc2c22def1cf70261a0d4b75a579a3d6586ea12489ce6b88d5b9044e6b,PUBLIC_CORE
src/legacy_burst_recovery/csv_loader.py,2104,179c966427bfa287d60b011ad0e634bd1e078d69b88a55350b36843c54303fe4,PUBLIC_CORE
src/legacy_burst_recovery/cvat_anchor_rebuild.py,32544,95412210dfe9bbfd99110c5c9a807d652e320b4d29584cf16d46688205b9725a,PUBLIC_CORE
src/legacy_burst_recovery/cvat_behavior_overlay.py,21469,723c0275eaa2cbcf3313c3e809abfe5e7399ccac0a83cf2f026a0204bf4d7dd2,PUBLIC_CORE
src/legacy_burst_recovery/cvat_recovery_validation.py,14977,a1c9d88a2339fb89f7a7b819180bcdecf799bfa0806600e80c4f6a24711d527b,PUBLIC_CORE
src/legacy_burst_recovery/dense_tracklet_builder.py,26427,d92ec07dcf1fabcf7d2871cd0dadac90230a6535b0967abccd197538fd8be8f5,PUBLIC_CORE
src/legacy_burst_recovery/depth_provenance.py,1999,d25caef795f487a39dbd17b37636cb3b0a75a6f37faa1a67da9f9d78f1b18aa0,PUBLIC_CORE
src/legacy_burst_recovery/detector.py,1836,d13c9c79b369d53d1d9f726591d86903ae57fb04d54836d414353c6ad52102e2,PUBLIC_CORE
src/legacy_burst_recovery/export_legacy_annotations.py,45542,79369ce56d6ebaea5ef4e738ea1fe8da4983b143ccb3f76580cf6bbca8a8e164,PUBLIC_CORE
src/legacy_burst_recovery/extractor.py,1478,6e7205221202b34a3a69d5d6f874f6d60c67f1e5dd95980461bc7c0c814b2227,PUBLIC_CORE
src/legacy_burst_recovery/legacy_gt_loader.py,10689,5c691471403168835a01061a6170528dabf23017da5c7fb88e99af58a5186bd9,PUBLIC_CORE
src/legacy_burst_recovery/main.py,19075,f3424f64e69e01b9ba1fe34232351c01e289e5609523e0e451f6539bf6114ad7,PUBLIC_CORE
src/legacy_burst_recovery/make_nodup_legacy_csvs.py,6850,67936295277ae492e37a5fd420c08ce308dc00325950398a8ef09810411a6050,PUBLIC_CORE
src/legacy_burst_recovery/manifest_writer.py,397,88397881b953b0000eb93454752e3c512e429556170ebc7d9bc4249bf96a57aa,PUBLIC_CORE
src/legacy_burst_recovery/mask_utils.py,2438,c05fe76d0d31b3dbbaa01acfd8e530df01f02af2ceff8c5e41ca78d0bc380194,PUBLIC_CORE
src/legacy_burst_recovery/path_utils.py,3828,fd38f0c5995aa035b85ee3d9c8a1fd4bebff9d9b3682ae3c4d0e0ebdf26ffa3d,PUBLIC_CORE
src/legacy_burst_recovery/qa_report.py,13510,08ac0fad1ca10ab3d9b5d4fb1fc52d26423cd8118e000997726232bd64d436dc,PUBLIC_CORE
src/legacy_burst_recovery/runtime.py,2267,3dfa06e36367a094dbc2c10cba282d36e0d43b2a2441967dbcc2cd0ab5b31049,PUBLIC_CORE
src/legacy_burst_recovery/sequence_view_builder.py,5555,3d05682cc8bc7ca75aca8c773f748d521a77f526d9d45685feac53a2ab6e9101,PUBLIC_CORE
src/legacy_burst_recovery/timestamp_utils.py,10522,ee882aa8e5894b38f0e0d243f0ae55c1ef54066fac51149fdb88ba55bbd2134d,PUBLIC_CORE
src/legacy_burst_recovery/tracker.py,14710,378dc9d8e09b50dbbb3bf803abf43c610f8886964406ea00a3c00130188b4bfd,PUBLIC_CORE
src/legacy_burst_recovery/training_policy.py,19901,bf6d04b5f504b4110bbb304843c9916767b0060377588affcfb3e28736e34021,PUBLIC_CORE
src/legacy_burst_recovery/truy_nguon_multi_bbox.py,61637,3bbf62f54e159647c124225f60087e1c739dfc5dee55e9f3cbfb6e8885651db4,PUBLIC_CORE
src/legacy_burst_recovery/video_utils.py,1125,65d16d6f87810382082d99ca22b977cabe9b3c5034999889b32e7607d7e86113,PUBLIC_CORE
src/pig_behavior/__init__.py,357,735883a27a070c1c2ee4f1fcd0a8803d7bb79b43ae376103210e3639438abfa1,PUBLIC_CORE
src/pig_behavior/__main__.py,192,c808e1306cad54c92cba9a9e77f6dce771050982c665e7aa3a21024b700788f6,PUBLIC_CORE
src/pig_behavior/api/__init__.py,246,d682db94ed2a46413c923ce25ef1f8ef8a4a479ea4f26e6da862bf86f802e492,PUBLIC_CORE
src/pig_behavior/api/app.py,266,b3ddf2ece65069c2f9aa47c8f168d9849a391e055144bee1c88cad5b683cc5dd,PUBLIC_CORE
src/pig_behavior/api/dashboard.py,11626,e9682189f4e27ca16ca58bf40fecc1591b5107e2956ea1926291b308dc7f9360,PUBLIC_CORE
src/pig_behavior/api/dependencies.py,5948,d4ab3f57b91a34d3a45e42e08f14b7f9dd5d19856899821d017d80048468b493,PUBLIC_CORE
src/pig_behavior/api/routes/__init__.py,18,07f20c43e1d16556b3d97e8ea2785d5f592c12d222db13a6b4103b0ec9b7c255,PUBLIC_CORE
src/pig_behavior/api/routes/predict.py,6611,6e17909b9b336ff4ae081ae5ea1f5fa5b2cb46f809aa510b0b3af0ff24e1b612,PUBLIC_CORE
src/pig_behavior/api/routes/system.py,2883,da5a9b20dd6dac3d701cf1023e945b676a1f0578c0ae3b4c9e67e114677455a4,PUBLIC_CORE
src/pig_behavior/api/routes/tracking.py,2636,c7148998691b7c2ce50b8c9029a8329f6592bbe6ac8ddfe2788e45b454cdd620,PUBLIC_CORE
src/pig_behavior/api/schemas.py,1754,3fa84b255f039b1b9901e0717385af2b4115103b1d67525b970ada384afd9aac,PUBLIC_CORE
src/pig_behavior/api/server.py,1511,97794717ede51889583a8ad92f2bf9de22517eca6566a376f47bbbd5bd5cbed6,PUBLIC_CORE
src/pig_behavior/behavior_sequence.py,302,d05abc70854ee48b6e33f5fe2d8d58d18b695abe77f6d9a3f9046ea59c1edf4f,PUBLIC_CORE
src/pig_behavior/classification_v2/__init__.py,1212,44d69574ad256e8b30d2c595b299efb2dc78a1a8b047bc3e2627fcf111f894bd,PUBLIC_CORE
src/pig_behavior/classification_v2/build_dataset.py,5686,c1db68fde74acd3023f1ddef12a72d5bdf5193ed2035e2f9b3cd03b3abb4334d,PUBLIC_CORE
src/pig_behavior/classification_v2/config.py,6106,a91a8825aafe6c94e55d234e2f5b34dcbaf81959026aa7021cd88344f6231f98,PUBLIC_CORE
src/pig_behavior/classification_v2/contracts/__init__.py,80,1df9d8acd30d1b297627709191871b6b3e55d728dcd139ae59d28b7be5d810d3,PUBLIC_CORE
src/pig_behavior/classification_v2/contracts/behavior_posture.py,14619,807b0cccb6dd5807ce9530fb0a1d0ec93b10486db11a9d7b38e55c717a0a27de,PUBLIC_CORE
src/pig_behavior/classification_v2/contracts/candidate_manifest.py,74810,3764aa58750b3c8bc0dc0f660401b377051eb748f80d058b3fcb78b914eb6f53,PUBLIC_CORE
src/pig_behavior/classification_v2/contracts/feature_semantics.py,12227,6f97ba63e6c17d13ebd3b4e829b9bd49c153543c5ae858d2c76b169833073a5e,PUBLIC_CORE
src/pig_behavior/classification_v2/contracts/identifiers.py,11196,f0b162d192c3e5ff4b465d7b9229ddfbb5fb219ccbdee0116e7768b8bd43ede3,PUBLIC_CORE
src/pig_behavior/classification_v2/contracts/legacy_development_l1.py,34760,6a49a83fa80b3f6fed9e5f7ffc6f6d2d25eb3393a2be02f00b729979777b63f2,PUBLIC_CORE
src/pig_behavior/classification_v2/contracts/legacy_development_l3.py,29115,3e72a62fad44674b0b89d617b4edb0a2af7614e82b07741eea3583336da9052c,PUBLIC_CORE
src/pig_behavior/classification_v2/contracts/lineage_claims.py,6025,93cba0e31ff5b2e4239125f5a875d09d4e004cf276253cfa6d508a63e19278c0,PUBLIC_CORE
src/pig_behavior/classification_v2/contracts/merged_source_lineage.py,4598,d53522fd281dda39518428840f86ce8f034afc25f06e921c1c095e9ac5aca3a6,PUBLIC_CORE
src/pig_behavior/classification_v2/contracts/model_input_manifest.py,17947,ca5c0183439dbf2753b6993bc391f3e2d21ad3ee2d1ab41b02783c6a5bae6272,PUBLIC_CORE
src/pig_behavior/classification_v2/contracts/model_io.py,2500,a636050b3675672fe90a79e05000095d80c39d92424be63f2a87df9cd4ab3162,PUBLIC_CORE
src/pig_behavior/classification_v2/contracts/output_safety.py,637,25d416a59236cb0df3b60070552f66bf7cc894ee5a31e698bbdb07129fbe72ca,PUBLIC_CORE
src/pig_behavior/classification_v2/contracts/pig_strenet_artifact_run.py,5317,ecac82a6b08f9c7ba6d5060f64fdce16661179ede7319dd9cea0427d7355d4b0,PUBLIC_CORE
src/pig_behavior/classification_v2/contracts/posture_proposal.py,16505,111e5696044038790fb293f4f33bfdb369b559edb800cd438ef8de16ae111ccb,PUBLIC_CORE
src/pig_behavior/classification_v2/contracts/reviewed_q2_artifact_map.py,11566,94fa5913729efbc7f7327853de9fff9d35dc9a417e991a21a83ecb288ca0a894,PUBLIC_CORE
src/pig_behavior/classification_v2/contracts/runtime_dependencies.py,16689,ed00949e42806760415acdde873dadf05acf37a72063c6b228fcf2e1d3289769,PUBLIC_CORE
src/pig_behavior/classification_v2/contracts/semantic_lineage.py,108366,d473c77b224c435cdf97e10097601f8d7c2d043a087fba5849a60c29de8e3930,PUBLIC_CORE
src/pig_behavior/classification_v2/contracts/source_to_window_lineage.py,21554,bbd2c1ef4bd68bb2c7272434cf70fdec10a10eaaf6b2095aca4acece9942c7a3,PUBLIC_CORE
src/pig_behavior/classification_v2/contracts/target_roi_policy.py,4242,de0e64273eb574107f614cd5268e07483346b000ff4e9ab706191617cf40cb5b,PUBLIC_CORE
src/pig_behavior/classification_v2/contracts/technical_smoke_gate.py,10744,c82263824ec1a82d4dc89b8c004133105fc30223ced849acaa166aadbe530d20,PUBLIC_CORE
src/pig_behavior/classification_v2/contracts/temporal_evidence.py,12582,6b553f67deee78b8ed4277da58671a96bb5f142d8d58110abba0586e59143e69,PUBLIC_CORE
src/pig_behavior/classification_v2/contracts/temporal_tier_contract.py,1771,7ffc42e9131f5f0d9623319102f6ebcac1fc26829d94494e2dcb646fd0c3d348,PUBLIC_CORE
src/pig_behavior/classification_v2/contracts/text_canonicalization.py,2061,cca3a917d1640b78c633908493f6e791721f3256dc125b53c5b8d2df31b77943,PUBLIC_CORE
src/pig_behavior/classification_v2/contracts/timestamp_fps.py,9065,bc5a888e869b1b83e2ab305b584914aca248ead91802939dee1590d45fd29b37,PUBLIC_CORE
src/pig_behavior/classification_v2/contracts/training_lineage.py,9212,6dfe92fd1d6707b042328ee4b29ab1cf3e5e123d87ed2ef040c5be7f8da1e392,PUBLIC_CORE
src/pig_behavior/classification_v2/contracts/training_snapshot.py,27214,2dc8278fecbf003949c06c13a94ca2da874766f48aaa7c39b3e09dd021627ed8,PUBLIC_CORE
src/pig_behavior/classification_v2/contracts/versioned_data_contract.py,29522,7e2328d25c6202a6af0b71ced73fc6b03f14b2393c13bfc37a421a76d1e2e5e9,PUBLIC_CORE
src/pig_behavior/classification_v2/contracts/window_alignment.py,3897,0e6a4dab575e6d61567d22b305900eddffe854b3bd5de3a076b7301ffb82d8c3,PUBLIC_CORE
src/pig_behavior/classification_v2/datasets/__init__.py,183,c1f5b2b7d64f3867b01b8168887ef027623ca52bcff80007c7d4191d72c65af1,PUBLIC_CORE
src/pig_behavior/classification_v2/datasets/event_weights.py,17064,396ef7b7aae1db30543b0fbef17046478d65004c7a7f1af113115172d2caf80e,PUBLIC_CORE
src/pig_behavior/classification_v2/datasets/fold_event_weights.py,32554,b8ad4dd47969a2c36bfa1af85b23fae43b9c270ec410f9f303cb9422ca56f0fa,PUBLIC_CORE
src/pig_behavior/classification_v2/datasets/image_context_index.py,34963,f5f5e17f996d1bccccce1586c27cb2a70b929b989909254b99939fa9aa516b7d,PUBLIC_CORE
src/pig_behavior/classification_v2/datasets/image_sequence_dataset.py,26735,c5c75961ed98806bc9af10f5a89d5728771a875613a956935c795a07c26f738b,PUBLIC_CORE
src/pig_behavior/classification_v2/datasets/interaction_context_index.py,20139,b09d4d1728a4172d08b88df7075cf81dcded01d1a8569302bb1856be9d472fec,PUBLIC_CORE
src/pig_behavior/classification_v2/datasets/interaction_context_loader.py,5873,d218e7730c4360e0c69fde5599ee1092f905e181ca25a82569ec2c72e0206cf6,PUBLIC_CORE
src/pig_behavior/classification_v2/datasets/legacy_c6_screening_source.py,11692,0b396f9d4655525a889db45290deb50282e7904e4718f584a15f3c6f7d1e3f23,PUBLIC_CORE
src/pig_behavior/classification_v2/datasets/legacy_unreviewed_development.py,45101,13409681af9524b9a635382b9bc370f648bbb766b0f111a22163547f99025219,PUBLIC_CORE
src/pig_behavior/classification_v2/datasets/native_temporal_units.py,17767,946f2928d73205875741da71fff4e8d5a425dbe3bd23014b34424a243647555d,PUBLIC_CORE
src/pig_behavior/classification_v2/datasets/pig_strenet_media.py,20773,7882933262a1ec23f8970f492d8bc931c4ae86d8d15e5e03f870f46786e7d230,PUBLIC_CORE
src/pig_behavior/classification_v2/datasets/pig_strenet_publication.py,20732,e33309766b365ce3b6073127fd358fed5f78098e7115e7ec8715326d6774259f,PUBLIC_CORE
src/pig_behavior/classification_v2/datasets/primary_temporal_eligibility.py,20506,3c915acadd585e67a1003373547f72b4ff0aae812687651096890268a6b6a3da,PUBLIC_CORE
src/pig_behavior/classification_v2/datasets/resolution_pipeline.py,30645,cc573a99ba7cce177b9e7306d9b3fefabee4af9a271fabded00b15d9b4b2e8c8,PUBLIC_CORE
src/pig_behavior/classification_v2/datasets/temporal_smoke_scope.py,14760,25eb415d1ca06be10e6f783bef2583e55a0f70322c4494c53317b965f5f286bc,PUBLIC_CORE
src/pig_behavior/classification_v2/datasets/tf_sequence_dataset.py,10476,03e802005d82c58a4576cc36c396c7c39ab05158fa29149e6d8c4a30b67e0b98,PUBLIC_CORE
src/pig_behavior/classification_v2/datasets/visual_interaction_context.py,27451,b9f592a9eee5f60f51bf6aa755399fd182e94fc98f3720abcd06045d1e16e98c,PUBLIC_CORE
src/pig_behavior/classification_v2/datasets/visual_interaction_loader.py,10353,8fbc5e26b87d87364637ee83a3f0e6167fc7b55bdd16f61478a0892b097026f3,PUBLIC_CORE
src/pig_behavior/classification_v2/datasets/visual_interaction_selection.py,28145,7a089ad5fb52e8e8d718c4216e78864c4a14d349513048ccb1cb9f51afdf3220,PUBLIC_CORE
src/pig_behavior/classification_v2/datasets/window_major_rgb_cache.py,5839,d24dbf6ae59ac5e38dfd8b96bb8ff1adbcf20ba69d6fc8eea8e683e8e59390b1,PUBLIC_CORE
src/pig_behavior/classification_v2/evaluation/__init__.py,238,8d9d3b03df20775e8eefde7990f656954671e94e53881a5cd37a4b9026a24a09,PUBLIC_CORE
src/pig_behavior/classification_v2/evaluation/ablation_reporting.py,9941,db31bc745b4ba3dca38ad65b3b8f41ab27376bce9f31d2fc325220307813a520,PUBLIC_CORE
src/pig_behavior/classification_v2/evaluation/ablation_shortcut_contract.py,8845,0bab22fce4d29e7a159b9eefd9f535a4beb45fd15c5b26fbc180ea25c68a9727,PUBLIC_CORE
src/pig_behavior/classification_v2/evaluation/behavior_oof.py,15813,e937f85bacf067e86ff3c3316f6c3713a214282120507d9670f9c8b27d845fc7,PUBLIC_CORE
src/pig_behavior/classification_v2/evaluation/calibration.py,10331,3db5a7d17272675660d0c3e557df73bbb447b627b2473336da0b7ea5a479d8e6,PUBLIC_CORE
src/pig_behavior/classification_v2/evaluation/confusion_comparison.py,15272,7244c337e98d253747d276e8fedac857605916598790ef232e5965ae4fe1e9c4,PUBLIC_CORE
src/pig_behavior/classification_v2/evaluation/domain_controls.py,38570,478c5b307aff2ef26fab6c79978de20da62209400e49e392fff854fcbce41e02,PUBLIC_CORE
src/pig_behavior/classification_v2/evaluation/evaluate_jpbnew_b_ensemble.py,25305,5dbb0155ee8a88b0d06d37806ddbce145077185fff44ddb64adb86c6422d801b,PUBLIC_CORE
src/pig_behavior/classification_v2/evaluation/final_view_contract_audit.py,14432,732b97531ed4ff02042772288e0a1f930f3ad5ef2d713c647eade444d8847ebe,PUBLIC_CORE
src/pig_behavior/classification_v2/evaluation/full_learned_oof_contract.py,8002,568a8262d43ac15e4b8fd752cdc11b61f9d7c4d559a2ef64eb07ce2aff2787ad,PUBLIC_CORE
src/pig_behavior/classification_v2/evaluation/grouped_folds.py,11478,5ce56e792295ab5baa4230307c06a79bd63b397728aa22445601ea6d865d7248,PUBLIC_CORE
src/pig_behavior/classification_v2/evaluation/legacy_c6_full_development_freeze.py,18827,02f21bf9932fe2bf3633e5db417958fef1596d03bc4f97db20147bca1db102c3,PUBLIC_CORE
src/pig_behavior/classification_v2/evaluation/legacy_c6_modality_promotion.py,17264,b99d8a60069dea1da030e43908398f1dd614e9249abffb32ad4ab674860334c5,PUBLIC_CORE
src/pig_behavior/classification_v2/evaluation/legacy_c6_temporal_freeze.py,15416,1d0985bd0164293b00970773dc99250828d1023ddc23efd306cffb020318faac,PUBLIC_CORE
src/pig_behavior/classification_v2/evaluation/legacy_development_goal_completion.py,40063,a1a00d672aa015507a62f9fde485253fb3743f43d45ecd8439fc73435ebd15c8,PUBLIC_CORE
src/pig_behavior/classification_v2/evaluation/legacy_development_l5_paired_decision.py,43173,e384b5d2221de6983efd565f8a6b789413e25c5f15a5dd141e2c84d44be99f9f,PUBLIC_CORE
src/pig_behavior/classification_v2/evaluation/legacy_development_l5_temporal_ladder_decision.py,42677,4da2fe587cec07747cea877be15fa700067d6b4ddd7c6c897c19319864e13fd2,PUBLIC_CORE
src/pig_behavior/classification_v2/evaluation/legacy_development_l6_full_frame_context_decision.py,21302,e1a2c342e9b938114a93e4fc808f4a186731f0dd553aba43dddea058aa97bded,PUBLIC_CORE
src/pig_behavior/classification_v2/evaluation/legacy_development_l6_geometry_cache_repeat.py,14843,3040ca4753e6461b7ceb7f74255d954b8c071ea677da2aa4d682291ef50e6eea,PUBLIC_CORE
src/pig_behavior/classification_v2/evaluation/legacy_development_l6_geometry_decision.py,38869,1be3231512df000c042bd746747d1456cd0158ac7baaea29ce0b1dabbd49d1cb,PUBLIC_CORE
src/pig_behavior/classification_v2/evaluation/legacy_development_l6_motion_cache_repeat.py,10449,a9bba2e2e22fae504858b4a31011c302777b5aaa95c8a43da82d8b6336ec4604,PUBLIC_CORE
src/pig_behavior/classification_v2/evaluation/legacy_development_l6_motion_decision.py,21259,d49a9556d935135c46a59f144b45bf0ec4a505aa3aa5c2d18df876fccda15552,PUBLIC_CORE
src/pig_behavior/classification_v2/evaluation/legacy_development_l6_pen_context_decision.py,22205,167103d4c6874d632d02253c8b3b0041be12bfcf911d4b15ae2b3e1c9ece056b,PUBLIC_CORE
src/pig_behavior/classification_v2/evaluation/legacy_development_l6_pen_context_diagnostic.py,34349,2888143d7bd228ced0bd8a12f33c65c6d7b084ab4c579fd0f4854fd6c76117ea,PUBLIC_CORE
src/pig_behavior/classification_v2/evaluation/legacy_development_l6_roi_relation_cache_repeat.py,12128,98e2fe85c0d1f483c652ecac6fe36e858dbc1acda868704c34d67776b7b989aa,PUBLIC_CORE
src/pig_behavior/classification_v2/evaluation/legacy_development_l6_roi_relation_decision.py,19886,5bb93bcef8e0ecfcdc72f83ce4c20fbd5861b258db0151793b356dc128d9e08d,PUBLIC_CORE
src/pig_behavior/classification_v2/evaluation/legacy_development_l6_roi_relation_full_decision.py,12173,2f29b547374ba3ede9360c50974397a17d95ff4fe5625edf96fcfd960792ce40,PUBLIC_CORE
src/pig_behavior/classification_v2/evaluation/legacy_development_l6_social_relation_cache_repeat.py,10933,69308cdee45ef42abd4ce4261a9979924bc3a9cc92f8a4f9e82ebba81c93fdf9,PUBLIC_CORE
src/pig_behavior/classification_v2/evaluation/legacy_development_l6_social_relation_decision.py,22329,0a0893b5eb5f3d4a7983dbc34303e4796aab7ec171cb97df6d9fa937a733e93f,PUBLIC_CORE
src/pig_behavior/classification_v2/evaluation/legacy_development_l6_union_context_decision.py,20728,9a545741756b03b9d81f803e88d441b92ea05800a4bd48a363ddf8461fef5639,PUBLIC_CORE
src/pig_behavior/classification_v2/evaluation/legacy_development_l7_imbalance_decision.py,25464,77bd55f7974ca1cd3a2d37ee63d88852a52736251c1e79dfadb4ded8bc48d40b,PUBLIC_CORE
src/pig_behavior/classification_v2/evaluation/legacy_development_l8_candidate_lock.py,41062,9218e36608ab4de9169df528355aa80611c31da432a02773ad808586f364aec4,PUBLIC_CORE
src/pig_behavior/classification_v2/evaluation/legacy_development_temporal_base_selection_decision.py,36605,045aa71aa2e3f07abf7b3fe701d5db0c011db4c79cc5e6abe5b873d2e10f1eee,PUBLIC_CORE
src/pig_behavior/classification_v2/evaluation/legacy_development_temporal_sampling_decision.py,41719,4b704dc321bc1a36d204ba2e76f129dad13f96dff65c19da782e56af62b1b220,PUBLIC_CORE
src/pig_behavior/classification_v2/evaluation/loader_input_audit.py,16023,646eea0a2e9e8c1cab3f8fa8c022e2e0d9fe66131b3b16b919630d3b679669c3,PUBLIC_CORE
src/pig_behavior/classification_v2/evaluation/metrics.py,5112,a881cc605f43aa818b56ce727aff7ace3b02c7ca389aa90e5f5e97f3a20a6b22,PUBLIC_CORE
src/pig_behavior/classification_v2/evaluation/metrics_payload_contract.py,4522,4525886f237ae8a6976a0fc14603d1975a14ceb221b9814187437ae5afd61698,PUBLIC_CORE
src/pig_behavior/classification_v2/evaluation/model_architecture_contract.py,11730,ec9525730a907b2704747f24be6472f1027749432a3bddf12364dd275ff7d12a,PUBLIC_CORE
src/pig_behavior/classification_v2/evaluation/native_oof_folds.py,5032,257aff37159a0e3e837c4b3a65412415ef914cf1f6722aa0c27e5b0aa9ade752,PUBLIC_CORE
src/pig_behavior/classification_v2/evaluation/native_temporal_collapse.py,8581,d1f6622954926a5508ed1e02aa733c99af783d08f3ed2c397595d2f4d8225b0c,PUBLIC_CORE
src/pig_behavior/classification_v2/evaluation/native_temporal_metrics.py,23601,76872f240c450d73a54566546efc5a8a2d1b7f7777590b2f23a6cb1885071a49,PUBLIC_CORE
src/pig_behavior/classification_v2/evaluation/native_temporal_metrics_gate.py,7247,a7b77edb54c91fb336d6113f7ebf76c51cba54316ca96906046894eb7cfb17de,PUBLIC_CORE
src/pig_behavior/classification_v2/evaluation/native_unit_metrics.py,14077,33852983e85d4f27cb75e794b4cf082c81eb0a728734f52e941ec3bbc1276c61,PUBLIC_CORE
src/pig_behavior/classification_v2/evaluation/paper_grade_protocol.py,8635,e5551bddfb1880651d0d898294dcdf610eafc121cfadf4238ebac5511dc63aad,PUBLIC_CORE
src/pig_behavior/classification_v2/evaluation/prediction_schema_contract.py,11636,cd570ab5a3cbd1ea57e1febbc3c979d3f78eecc1e167ff0f3e7266801b586520,PUBLIC_CORE
src/pig_behavior/classification_v2/evaluation/reviewed_q2_mixed_finalist_preflight.py,34180,ffe4239f9802d5183116ce1a5a88562599acf7590e494b62228e075d44175b1f,PUBLIC_CORE
src/pig_behavior/classification_v2/evaluation/reviewed_q2_p0_preflight.py,28204,0b18a93d38f59c71247cfaebd8fe9e0441caab90b77a609475846979866efe99,PUBLIC_CORE
src/pig_behavior/classification_v2/evaluation/s1_primary_native_evaluator.py,3368,00d442255d0665e6f7750966561c0f1e144d349a87bcd8664bfabfaa3cdd1adb,PUBLIC_CORE
src/pig_behavior/classification_v2/evaluation/source_balanced_reporting.py,9711,36f1ba0a2774ab5f2aec4291c2ad7a7e4d7ca214facb0d823add1e19ae5e7b51,PUBLIC_CORE
src/pig_behavior/classification_v2/evaluation/source_domain_controls.py,13370,417f677a92b237d30fb5f5a1ebe7ca0cad263451712ba26a994ac8f2e20ac046,PUBLIC_CORE
src/pig_behavior/classification_v2/evaluation/statistics.py,7345,de90ddea56f78ae61284e1012a8e28cbc2c2d62a4941f2d3a22ed11fc0e093a6,PUBLIC_CORE
src/pig_behavior/classification_v2/evaluation/temporal_shortcut_audit.py,22328,4230ec1eb9f8d2a3894b1514dbcce9acda5e197b0b649ee41e2921bd1642d5b3,PUBLIC_CORE
src/pig_behavior/classification_v2/experiments/__init__.py,60,97fdc6a577e180b6077477b97d43db862993c7e45dcad304664bc3ccc6670bc5,PUBLIC_CORE
src/pig_behavior/classification_v2/experiments/historical_baseline.py,22036,744298e809d26d4e103e25f6590ae3187db735d774cfd65a37605c05baea32ca,PUBLIC_CORE
src/pig_behavior/classification_v2/experiments/native_majority_baseline.py,11712,7828da0c0a954b5d6f6b7e053d9d4cb2ab1e7c1dd1edb63b4ee82acc6eb8e56b,PUBLIC_CORE
src/pig_behavior/classification_v2/experiments/record_contract.py,10797,8eca029d26a8580d5e8114398d286adf9b3828ad0025799a5778bf39586557b0,PUBLIC_CORE
src/pig_behavior/classification_v2/experiments/registry.py,7690,e16cffa267e615d9125c0ac09c462c3a4aa235ef407ad502997e1fc81d6f2568,PUBLIC_CORE
src/pig_behavior/classification_v2/experiments/tabular_linear_baseline.py,11192,881d2731b3363fe8d10df9c32a6797f873a649765e405e9041d955c3c5e130d1,PUBLIC_CORE
src/pig_behavior/classification_v2/experiments/tabular_nonlinear_baseline.py,12313,18a4ff87e4d0fc6de03f103b1e3d6fe45dafd1277cd07753ce53e4b8eb2d506f,PUBLIC_CORE
src/pig_behavior/classification_v2/export.py,0,e3b0c44298fc1c149afbf4c8996fb92427ae41e4649b934ca495991b7852b855,PUBLIC_CORE
src/pig_behavior/classification_v2/features/__init__.py,1266,b903736d8f2c6e6f66f057f7cd848d62c51ac8f7c47749704175d4c4738d7e64,PUBLIC_CORE
src/pig_behavior/classification_v2/features/aggregate.py,0,e3b0c44298fc1c149afbf4c8996fb92427ae41e4649b934ca495991b7852b855,PUBLIC_CORE
src/pig_behavior/classification_v2/features/context_policy.py,22311,1aede3f859d794e56f7bdfc96dc1b4f0fd540c8d606c8651035df0a4a2dec36e,PUBLIC_CORE
src/pig_behavior/classification_v2/features/frame_local.py,12488,bc2e10246b600acbfd57e9bcf7f6d81719b66400ff5d1a69ef28b1a9360b36a5,PUBLIC_CORE
src/pig_behavior/classification_v2/features/geometry.py,8529,da6f197101914007db1ee9497f6dded303999da15b7972520678366bc4786e6b,PUBLIC_CORE
src/pig_behavior/classification_v2/features/motion.py,0,e3b0c44298fc1c149afbf4c8996fb92427ae41e4649b934ca495991b7852b855,PUBLIC_CORE
src/pig_behavior/classification_v2/features/motion_schema.py,9372,4da7aafa7fa48cc63eccf0498b543bd6109d16c345fbfe6ac5cd57dd429d6d18,PUBLIC_CORE
src/pig_behavior/classification_v2/features/native_evidence_contract.py,35942,6f692b9d7d0b2e05f1150259fe5646e0a1c7ec426dc4d54dd1729349a7e1a48f,PUBLIC_CORE
src/pig_behavior/classification_v2/features/partner_tokens.py,12715,a0e866c8e3ace4c7606ab5761c6a2cba48950f8e9b18699b0a59ca50aff1e309,PUBLIC_CORE
src/pig_behavior/classification_v2/features/pb_teacher_f2_extraction.py,3185,bdc6ca6a40aaeeab54fde07b31b466242143c7f52f26c0dc1708d44508c07132,PUBLIC_CORE
src/pig_behavior/classification_v2/features/pen_context.py,35482,2b4eeefd4210aaba978b53d7273549273b734a855cb0e46753302db9de92a749,PUBLIC_CORE
src/pig_behavior/classification_v2/features/pig_strenet_artifacts.py,106006,8dd464279bb13187f35a7f05ed42f0e4f88f1b578bd52e8ca82fa722d955ead5,PUBLIC_CORE
src/pig_behavior/classification_v2/features/pig_strenet_checkpoint.py,11928,e068f02c4e0b4ff026f854513853db2b870841f9346c0dd4368cf1bec955643d,PUBLIC_CORE
src/pig_behavior/classification_v2/features/review_policy.py,21503,b5f0c475c7c65b83c2e0cf40a104e38ef2a24ca55242e0b60d69e33bebc6a14a,PUBLIC_CORE
src/pig_behavior/classification_v2/features/roi.py,17859,736bc2c11d262bb9c346af22c5ad60695836bbadae95830f79305401304d5c42,PUBLIC_CORE
src/pig_behavior/classification_v2/features/sequence.py,0,e3b0c44298fc1c149afbf4c8996fb92427ae41e4649b934ca495991b7852b855,PUBLIC_CORE
src/pig_behavior/classification_v2/features/sequence_windows.py,93682,a4c05812fe4e1929866cbbda27b01bbe52692379eb6aa40ea3fe58796649712f,PUBLIC_CORE
src/pig_behavior/classification_v2/features/social.py,15739,fee127a62afe96bfd47ed9122a03a2faebc97ece9b8e02d8a5e91f2331420830,PUBLIC_CORE
src/pig_behavior/classification_v2/features/spatial_schema.py,22614,2c1c6e356a8309013f15ec335cfbda2d47817be126508c0297bf8d51e0e60960,PUBLIC_CORE
src/pig_behavior/classification_v2/features/spatial_semantics.py,9439,cb0f79f8b3bcd660da3a39599f1ceb7e40ef02677df792993661b4957e96a02d,PUBLIC_CORE
src/pig_behavior/classification_v2/features/spatiotemporal.py,79946,f598760a75c00aeb15a74faba0383f556b20a2811a37b82221063e43a17078ef,PUBLIC_CORE
src/pig_behavior/classification_v2/features/temporal_evidence.py,40081,3b3f282bf6c61693e339a6eae06ae5109dfe8b8af6d7712538f820f4fc1e70ff,PUBLIC_CORE
src/pig_behavior/classification_v2/features/temporal_harmonization.py,33698,a2dd9db2e48398a85b4b3d141971de22d67850c76d6c9013d74eb6fb7c959bcf,PUBLIC_CORE
src/pig_behavior/classification_v2/features/temporal_views.py,43248,6ee51e431c51343537f28a3c75ead1a62dc5c7edbabe38cf8f750f87a9cebeef,PUBLIC_CORE
src/pig_behavior/classification_v2/features/unified_pb_teacher_ej.py,27508,d5b67a95b54e5a13cad49821c260d4b3c2e2a32d16d05fc389a4c56f8ebbb2a4,PUBLIC_CORE
src/pig_behavior/classification_v2/features/unified_pb_teacher_f2.py,32822,bac3892f1aa14c74448d998873f35f4f1a7adf3dd40d128ee30eeb9b8f18aa59,PUBLIC_CORE
src/pig_behavior/classification_v2/lineage_authorization.py,4825,e6b390a76905a6b38731ab5590a90856cfa068b8bf42dc6dc8782edcd057504e,PUBLIC_CORE
src/pig_behavior/classification_v2/lineage_config.py,20110,e46fc8e1c6a8042688133d81ce91bd00c102e315c400af8a1257b4236994e15c,PUBLIC_CORE
src/pig_behavior/classification_v2/merge_sources.py,9146,98ee8e931f807b1a66eba0fd6c7efd215d8e0b9d7d10a6f7d82952d69dd42b4c,PUBLIC_CORE
src/pig_behavior/classification_v2/metadata/__init__.py,77,9c53ea48e666389f5254ca895a1a6a08a754db5106be165e74de78c9433762fb,PUBLIC_CORE
src/pig_behavior/classification_v2/metadata/recording_groups.py,25871,1b48e8c5eb5950a351e3504c9142d201ef20a89cdf73445adeef3928bc15e530,PUBLIC_CORE
src/pig_behavior/classification_v2/models/__init__.py,1241,4f0416c688efab6b9e048d1bc9876a021d38b05b599e3c05136fbe6f8fcee027,PUBLIC_CORE
src/pig_behavior/classification_v2/models/balanced/__init__.py,1479,29ce510e71a7be448d1bf69f8cca0f11f809efa444fd62509c9737c3c8f053f8,PUBLIC_CORE
src/pig_behavior/classification_v2/models/balanced/balanced_model.py,10571,9ebed2976451bc88d23895e34ce81719f7ca84542438d49d1ec573fdf475b8cc,PUBLIC_CORE
src/pig_behavior/classification_v2/models/balanced/baselines.py,5694,5ae62a0787f0a965e75884645e98c4bed1715d54a868507acbf45541f1602f4b,PUBLIC_CORE
src/pig_behavior/classification_v2/models/balanced/contracts.py,29326,e99b3a3b9a1d603a9246690eede034bdfc91c2a724b1777d16535ebcfb6387e9,PUBLIC_CORE
src/pig_behavior/classification_v2/models/balanced/fusion.py,8432,9354a7eebe14a7616bb70bec046bec3df8f62aff79fb09c53b0185837337099c,PUBLIC_CORE
src/pig_behavior/classification_v2/models/balanced/numeric.py,8496,02d6feeaf2f283ec9b391cb07b3492267255036d5b32f3d975e829ed1b1bc457,PUBLIC_CORE
src/pig_behavior/classification_v2/models/balanced/registry.py,4678,4633b591c8ee0cf650ba907714e4a6332760ce020ea778b49e4019e971765d03,PUBLIC_CORE
src/pig_behavior/classification_v2/models/balanced/synthetic.py,9535,fbf9ff1dd8e0b3286927d06f669ca3c87ca28efd1cf683b21eb3fb843c0b118b,PUBLIC_CORE
src/pig_behavior/classification_v2/models/balanced/temporal.py,9632,9912959ce805b5fb05a36d85e7ce76397a06c1efea0e391225d4d93f9b8395f8,PUBLIC_CORE
src/pig_behavior/classification_v2/models/balanced/visual.py,3961,27425d0978fb4aa7df4628e1423a7a5d351b7efddf3c225487d33291a654493b,PUBLIC_CORE
src/pig_behavior/classification_v2/models/date_adversarial.py,3617,bd599074ab9745089aa234b22113617bedce90616178a02ff47686afdb597c14,PUBLIC_CORE
src/pig_behavior/classification_v2/models/deep_local_joint_model.py,6767,f18a85082f628a7c2a14d425551374e9f0f3cc364082c3a13fca57171ea971e2,PUBLIC_CORE
src/pig_behavior/classification_v2/models/deep_local_spatiotemporal.py,11042,1a9a6138bedb7e13e34e6068c91528ba170393de2299b1c7fe31116894e0a2d3,PUBLIC_CORE
src/pig_behavior/classification_v2/models/f2_h5_rgb_model.py,16334,91e2556a31741febb56eccd1adffd76a6921dff6e173cc6ffda4d1055d27427a,PUBLIC_CORE
src/pig_behavior/classification_v2/models/g1_posture_model.py,4760,19a59645c4402d321f9434f707deaadff0986917fe8a8f7f68a90b393e7bc245,PUBLIC_CORE
src/pig_behavior/classification_v2/models/g2_cclsa_model.py,7395,ff08d00bd1bd7e53a3f2374da7be015c37d3d19a3ea35baab2826ede5b373f9e,PUBLIC_CORE
src/pig_behavior/classification_v2/models/history_residual.py,5334,3a50cdc705a3a0b2ce70e9eb4e19aa2abc0e81b27b1672da9faa99feffabb619,PUBLIC_CORE
src/pig_behavior/classification_v2/models/joint_representation_model.py,24241,9bcdb6a4ed243c7a441f5315f4750f3698bf6596a661ed10fa7201e455caf421,PUBLIC_CORE
src/pig_behavior/classification_v2/models/m3_functional_group.py,2503,3973a66430cd54e2b4e880eee65bd5104debca10afc31eef94c65e09d4e44106,PUBLIC_CORE
src/pig_behavior/classification_v2/models/m4_branch_aware.py,9085,01694e95c42e6751536ac0a6b19e6d8df5692743d72da3f3d4a8b35d9cfbcab3,PUBLIC_CORE
src/pig_behavior/classification_v2/models/model_factory.py,13485,dbbf3965ac3e895e8dc02b35e979feacc4f0b62d3a1eab06dcc1ee5e5a46ec39,PUBLIC_CORE
src/pig_behavior/classification_v2/models/model_j_ablation.py,33772,3e5522aca0d49325fd7bf1b6a7f275ab1681afb07848921ce2021df441a38ddc,PUBLIC_CORE
src/pig_behavior/classification_v2/models/multimodal_fusion.py,40747,d1d30466afbc673d0f78e911525ee5cbdb0bd68744c93393da81dc1c3d23fb38,PUBLIC_CORE
src/pig_behavior/classification_v2/models/multitask_fusion.py,3001,d2c1ee563b66294ac4696ba0098af2f6595743e1b4b6d3fd293d191cf418fecb,PUBLIC_CORE
src/pig_behavior/classification_v2/models/multitask_heads.py,2327,98b6f2119794605f248ccde71b3be787999651f383a719a6289bf0639ae553a1,PUBLIC_CORE
src/pig_behavior/classification_v2/models/near_final_model_j.py,17224,140c304a85c4c7c5e6efc1ba69c36fbab68fa68cc19fdeae045da2cb0ab8fec0,PUBLIC_CORE
src/pig_behavior/classification_v2/models/near_final_model_k.py,21182,069fda43f0c746880aabf4f7e06766cd61776b7d7a8633f071757ccdd6062d15,PUBLIC_CORE
src/pig_behavior/classification_v2/models/partner_residual.py,5188,427df1668f3b321da86bbd2ebebcd75cac67760bb2b92246c9f9561f50498bd2,PUBLIC_CORE
src/pig_behavior/classification_v2/models/roi_residual.py,7558,ec7bb687ad9326a5863ecb08c9c4974296eebca3f43293fd8e786a7768c7da5a,PUBLIC_CORE
src/pig_behavior/classification_v2/models/spatial_tcn.py,5535,02f588fcae6ad2e53cd757b759f7195e9210e9b711a40c88d29521b1af078a04,PUBLIC_CORE
src/pig_behavior/classification_v2/models/temporal_encoders.py,9084,f215301bf333f65c760199c3365d2c1c1d7e384181ab53cce8b305ac802e5e91,PUBLIC_CORE
src/pig_behavior/classification_v2/models/visual_backbones.py,5503,cd2858e048be48fed843c8f66ee31439c4e68191ffdc981cff3d96df5c3135f2,PUBLIC_CORE
src/pig_behavior/classification_v2/report.py,0,e3b0c44298fc1c149afbf4c8996fb92427ae41e4649b934ca495991b7852b855,PUBLIC_CORE
src/pig_behavior/classification_v2/review/README_REVIEW_UNIT_DESIGN.txt,2434,14ffd6bde7c808d1025af7759ebb3e3a06630ab514a15f41b3fcb08ae358cf95,PUBLIC_CORE
src/pig_behavior/classification_v2/review/behavior_consistency_audit.py,45873,2ad6cfadaaaa1ddda9083512adfb0cc6031a85809796de01c56c8c9fd19a6b46,PUBLIC_CORE
src/pig_behavior/classification_v2/review/behavior_evidence.py,46198,9c4d62c9c2d1e249ca1a73240d80e93c66b701a224d07a4423cc29b5cb571bdc,PUBLIC_CORE
src/pig_behavior/classification_v2/review/behavior_review_contract.py,23815,23e073e668a6a94c2fa2ace92772d766ed4f9d6db95c5f194bc809893b9c35bd,PUBLIC_CORE
src/pig_behavior/classification_v2/review/behavior_review_science.py,28112,70fe04ecb7ba8037196b505db281a1cb473cbea8a405d845494439ba901fc0e5,PUBLIC_CORE
src/pig_behavior/classification_v2/review/behavior_review_selection.py,48552,fce9fa5846a9a6fda507c3b6be38369e7d5bd119018b0adac3da91aaa036403a,PUBLIC_CORE
src/pig_behavior/classification_v2/review/behavior_threshold_audit.py,11605,9c809aeea3c458cab6183b4f132e072f8b62301e1c8cbe2320d4391a225d775d,PUBLIC_CORE
src/pig_behavior/classification_v2/review/behavior_threshold_registry.py,28354,6db9fdab8a7cd7ce73bd45e792b80ef37bd96509b1bf8eaa4f19520c68ee1686,PUBLIC_CORE
src/pig_behavior/classification_v2/review/blinded_calibration_presentation.py,16101,fecb401c2451caacfa07ea5131bdb68a8a380b95e6a5ce7597de1b717b1a7a79,PUBLIC_CORE
src/pig_behavior/classification_v2/review/composite_review_authority.py,13248,3fc74b6815fcbe4194880459f1df0a3f29254ca923ad592376c4b546a52987f2,PUBLIC_CORE
src/pig_behavior/classification_v2/review/evidence_semantics.py,13747,999f86e1eaa5a6c5ecf79740ed62aef3cd38f24453425635448f359cddc1cf57,PUBLIC_CORE
src/pig_behavior/classification_v2/review/gui_readiness.py,16063,8f19d5486c74f430714d10fc4ae5a37261e4e0b5256c45d073c1f7bfa7bc7c2e,PUBLIC_CORE
src/pig_behavior/classification_v2/review/hidden_review_builder.py,84079,2ccccdcd8365fcd150554df07322671395bcc51c1d795bda737064e48aa35be2,PUBLIC_CORE
src/pig_behavior/classification_v2/review/hidden_review_identifiers.py,5945,78fee95984a43df7d8a5d0e8784f775f5d560ebc765548fffc19fad244465e50,PUBLIC_CORE
src/pig_behavior/classification_v2/review/hidden_review_migration.py,23294,ca8cc904744d26bf911650bcc08afb1c9403f74049a932b4283d35c29ba3e323,PUBLIC_CORE
src/pig_behavior/classification_v2/review/hidden_review_science.py,31445,aa65c3bf87a6b477ba72d6df0f8b0bbb7760e8ebca1a14d72db8c837e6c54750,PUBLIC_CORE
src/pig_behavior/classification_v2/review/identity_continuity_adjudication.py,48053,15a37619e3c196873259980987c984baea37938c6a0d3d891c3e25fb37f2f20d,PUBLIC_CORE
src/pig_behavior/classification_v2/review/identity_continuity_apply.py,41665,3d20b91666115ee0a4c6c849158d263714488ecbb4555a4eaf3a358a01e1a9ab,PUBLIC_CORE
src/pig_behavior/classification_v2/review/interaction_calibration_sampling.py,29258,3aefb509de9d2199e7aebbd243908387d6d0adbc2a239ede40b97a049c7fa642,PUBLIC_CORE
src/pig_behavior/classification_v2/review/media_authority.py,10516,a07837377861447c63224cba6aab625b231ffcd9936f3688dbb2d04db86053f7,PUBLIC_CORE
src/pig_behavior/classification_v2/review/mini_cvat_adjudication.py,12543,8c2fd78869ae64e1fa552355bccb81751b81956d0009ebc10908e92721c77cdc,PUBLIC_CORE
src/pig_behavior/classification_v2/review/mini_cvat_editor.py,20037,c36ffa76c5b6b7154cafa57b9a3eb5493be29a38be510d96c8f9e642b45182b1,PUBLIC_CORE
src/pig_behavior/classification_v2/review/neighborhood_evidence.py,26552,b60901bd1a0fe64097511d5dddbef4fabbbc1e25f45d6f639c3904c018a73630,PUBLIC_CORE
src/pig_behavior/classification_v2/review/pig_strenet_review_evidence.py,20203,e47ada70a7e1263940a6f1ad77b15a346a49cda4cac8454fee49c361eea2737e,PUBLIC_CORE
src/pig_behavior/classification_v2/review/post_review_learning.py,48637,4e4f1713cdf923359340dfc96cf78a1c7f368c364f3162b7b95756d29ebec451,PUBLIC_CORE
src/pig_behavior/classification_v2/review/post_review_residual_discovery.py,16036,b16d696f3a00ef12ece45187f9da9eacf353269ea3dbd0d1070f343cb9032b00,PUBLIC_CORE
src/pig_behavior/classification_v2/review/post_review_selector_candidate.py,43757,bddd60f3c360ab946dc61abf915d0256d9145328ff8c798a821687ee1b2b7eda,PUBLIC_CORE
src/pig_behavior/classification_v2/review/review_authority.py,19178,4e9b69756a75467dcb64bed55b0089b03da91331c1afd2ee587c076d5cbcd4f3,PUBLIC_CORE
src/pig_behavior/classification_v2/review/review_unit_builder.py,45616,ec3144e76b4ed6632c072d7b7d578d14a24e0819ae8ae5316bfbb81962c7042d,PUBLIC_CORE
src/pig_behavior/classification_v2/review/reviewed_rebuild.py,26692,1a964c8a37d8b9db1a32e19466579c63ca020a4467cf580f71504d7b2c442b22,PUBLIC_CORE
src/pig_behavior/classification_v2/review/safe_non_interaction_view.py,17185,94a56c0719e59b3131169603cf0949c253c6a7b413a90f552cd5dbef691fcdf9,PUBLIC_CORE
src/pig_behavior/classification_v2/review/source_specific_blinded_presentation_v2.py,34078,4efe6db5021d33dc1bd5f69574012f0776460827941201aa9c5d5a93316bd1e5,PUBLIC_CORE
src/pig_behavior/classification_v2/schema.py,12913,2ae9eac2ab3ccb0b8a06103516a85f491a652651f1378dff8d9a6d52fd1e557d,PUBLIC_CORE
src/pig_behavior/classification_v2/sources/__init__.py,656,3c3ac8bd6ded27797dc6ecd12e472b7cf9d998d832ad531a28e2c2a8ef015487,PUBLIC_CORE
src/pig_behavior/classification_v2/sources/cvat_annotation_quality.py,61770,3322dfd19f4bce240ab3cef1703c8604ab0431384831fd01594ed09d8ac85dbe,PUBLIC_CORE
src/pig_behavior/classification_v2/sources/cvat_selected_native.py,25701,dc7bfed0c8ee0b86b50f88911095e5678c393c89445d2e8a0f3198b503083c7f,PUBLIC_CORE
src/pig_behavior/classification_v2/sources/cvat_tracking_xml.py,20376,81cbeed515134c6633edfef9b9ed0a485571131792c949dab11ae8bd37a87a60,PUBLIC_CORE
src/pig_behavior/classification_v2/sources/legacy_recovered_csv.py,34425,468e399c211e21498f568732bf8d20dc807d6215cd0003df0729a7340144636d,PUBLIC_CORE
src/pig_behavior/classification_v2/sources/temporal_provenance.py,5049,32baa915527540e1f6f38884652dff264779e68c312c5a05208df438d9cd4bd4,PUBLIC_CORE
src/pig_behavior/classification_v2/spatial_sequence_export.py,82735,f207b250acfa9d4f8e6bc0f8887064ff11d93885888fd1b0a46c3951e854d2b4,PUBLIC_CORE
src/pig_behavior/classification_v2/splits/__init__.py,1052,a873f16b9f0885988b9dd39ab4550f33b378fa459b01348332e418ec0a29aaf8,PUBLIC_CORE
src/pig_behavior/classification_v2/splits/date_grouped_split.py,13383,a83e433c06fa814926dc08b394dd7a82a2ba2bceb6ea94589c9f840423eb2238,PUBLIC_CORE
src/pig_behavior/classification_v2/splits/split_audit.py,6599,b937853c4be9d6e11df025232a9863292a1eb1f16c8bbec81e425c82d74e1308,PUBLIC_CORE
src/pig_behavior/classification_v2/temporal_views/__init__.py,1597,6c18270b3d6b31fe60a9fa3fed1807624e80e3b38916c9eba5465386f979266d,PUBLIC_CORE
src/pig_behavior/classification_v2/temporal_views/builder_contract.py,11841,87dfdd9300f65c047bf49663d6a6303bd223ea31fd500df5c320dd6115e72c14,PUBLIC_CORE
src/pig_behavior/classification_v2/temporal_views/h5_bundle.py,5658,5f65ece08a47312df6be4d8d608a9e2203de4969309300ecc85c3e83f1fc7fbd,PUBLIC_CORE
src/pig_behavior/classification_v2/temporal_views/h5_feasibility.py,11246,88659ec7c99820d11d944c6a9b88da1f44b47eb4ae341fe49a8711898220387c,PUBLIC_CORE
src/pig_behavior/classification_v2/temporal_views/matched_cohort.py,6998,deb887bf405ce4efbf4f0c96897ed79da700ed0bce2d55babf4800ad9e2af511,PUBLIC_CORE
src/pig_behavior/classification_v2/temporal_views/registry.py,10465,e41aeab1a9bc167e8815138b4bd1cfeb4625e949ffa2a11e3bc695ab8ad8f068,PUBLIC_CORE
src/pig_behavior/classification_v2/train_ready_features.py,11374,db6ea4b5d5dff209a568d4f4fb21aacb29e56544f970322299779c20f981d1b5,PUBLIC_CORE
src/pig_behavior/classification_v2/training/__init__.py,75,016ce77545cba641f1016101a71a330e6d1c9f26a151c7a645ac7748ea8c99f7,PUBLIC_CORE
src/pig_behavior/classification_v2/training/balanced/__init__.py,1812,625f5a2333c0bcc1a01a786bbf8cc67755b0d3cb24a6f006a5c3c5a984547d9f,PUBLIC_CORE
src/pig_behavior/classification_v2/training/balanced/class_priors.py,6700,5075f71fbd3221d7280e1feadb5f10de6e4d9b9d12f2b7818ee0aec26c0cce0e,PUBLIC_CORE
src/pig_behavior/classification_v2/training/balanced/losses.py,20587,aa39d302adeb38eebd8a1b5ab3209572d8dccf0e1993ae596d8dd74526c19c89,PUBLIC_CORE
src/pig_behavior/classification_v2/training/balanced/sampling.py,4196,0cbad0e3a3bca7cac34a3d251f56fd10c8c1ae0aeb8e26dcf3babf21d44b085b,PUBLIC_CORE
src/pig_behavior/classification_v2/training/balanced/training_mass.py,11315,600aaa74f94f7cb7cc2549967592bd31431546d8498203bea030a0877e327b37,PUBLIC_CORE
src/pig_behavior/classification_v2/training/checkpoint.py,12886,714b784f84adc5e0a4a706526e7daa8a1edc592d45e718fbd10fdd502cb91e80,PUBLIC_CORE
src/pig_behavior/classification_v2/training/config.py,21866,b90057537559943f027e4d2d6d15ed71c57311f097bcf0ae869fc5acc1c6a27c,PUBLIC_CORE
src/pig_behavior/classification_v2/training/cvat_media_resolution.py,4131,0033688de10054818a6a375b3052b9faf12ade4f446d91d37c6f9c72674f0625,PUBLIC_CORE
src/pig_behavior/classification_v2/training/cvat_source_registration.py,10208,608483243862a792950ba64168df47ca7e8c5243234c06246c740b0af8426faf,PUBLIC_CORE
src/pig_behavior/classification_v2/training/data_module.py,59515,28edac8b9649cf6288e93f2d8f10215b41c4546e38c79eb3bb6a52230c8ecd97,PUBLIC_CORE
src/pig_behavior/classification_v2/training/data_plus_multimodal.py,16835,c55174cd0c64027fe64b1cd9e3433b6204cc2a7832424b855bd035e9e0f32d99,PUBLIC_CORE
src/pig_behavior/classification_v2/training/e0_inner_only.py,49855,1e95eef43337fbdb91b3b2d4958a6d3459b027466c7d1851df3f37a2489cee82,PUBLIC_CORE
src/pig_behavior/classification_v2/training/fold_preprocessing.py,22903,926da6f89a215295ec7d907856cfe774af51b7768ac751d75f97ff076c9a7e10,PUBLIC_CORE
src/pig_behavior/classification_v2/training/full_multimodal_oof.py,75831,3b5bf845dccb388fe5bd299ce2c3a5dedaa90b1deb77e6b0fe8d5cdd449f982e,PUBLIC_CORE
src/pig_behavior/classification_v2/training/full_run_contract.py,7752,00224a8ac89043a5fbd2666d9bb01ae52ed5c6b8b763648e97f5463c883a8762,PUBLIC_CORE
src/pig_behavior/classification_v2/training/full_run_preflight.py,23901,f627dd6b7114f14fc2aae4d78ac99d90aca0d398d27097936c10ffc5c89591e8,PUBLIC_CORE
src/pig_behavior/classification_v2/training/g1_posture_smoke.py,7111,471cc0b0e242f932e3e48b6287c02f0496506d9f6c0518eabefc1a473cf4d80a,PUBLIC_CORE
src/pig_behavior/classification_v2/training/generalization.py,11046,e8ef313268133154938abd67eb717c3d158d7fbef19026cece0e9d6cf132a7e9,PUBLIC_CORE
src/pig_behavior/classification_v2/training/imbalance_losses.py,7307,41b1833968e784b3c20c15f895a9c52ccc348655130f813c61d9c5d9213e79ce,PUBLIC_CORE
src/pig_behavior/classification_v2/training/legacy_c6_modality_inputs.py,18381,870d5e6535fca5e7baca37db905a59983f1e2a253124a4339b051800e3441626,PUBLIC_CORE
src/pig_behavior/classification_v2/training/legacy_c6_prepared_source.py,21972,42bb1b092f046b92e565de2ea618c3282a0da8e553071575334be4569c2a19d0,PUBLIC_CORE
src/pig_behavior/classification_v2/training/legacy_development_c6_modality_matrix.py,98458,f577f5c7374e8c1f2f916604526b9d0b48c42caacfe6a8503f6d8390ef2a72bf,PUBLIC_CORE
src/pig_behavior/classification_v2/training/legacy_development_c6_temporal_controls.py,44055,ecbd409344284463d44f2100887bf39a2f8a611dd6dafe2677eeef38198cedd4,PUBLIC_CORE
src/pig_behavior/classification_v2/training/legacy_development_l4.py,73020,964d25a6a0148e35b8a40db7a867a5d0e5236cd69938ae82b00d4d7cb6b91273,PUBLIC_CORE
src/pig_behavior/classification_v2/training/legacy_development_l5.py,74632,1533dc223f9e852ae4c51d3d8a0b2595b0adcfd4788bb56b82e450153d0d06d6,PUBLIC_CORE
src/pig_behavior/classification_v2/training/legacy_development_l5_cached_data.py,80562,1cafcabd644d7a49369c0bf1d366e7d2d7e08a49f34fd2879e811ecab05f454c,PUBLIC_CORE
src/pig_behavior/classification_v2/training/legacy_development_l5_cached_training.py,173875,f639dd6d1dcdd83172f33054dab11a0c861eb65883f2656c8ed96d0d908fa96c,PUBLIC_CORE
src/pig_behavior/classification_v2/training/legacy_development_l5_feature_cache.py,82029,0536311af70da5de620ebd198fa9af6b03dd7f1fb0f1d17b0dc6d7905e3f260d,PUBLIC_CORE
src/pig_behavior/classification_v2/training/legacy_development_l5_temporal_ladder.py,61326,3081ec21efcdb2f470f7a1889ca57b13c2ed486b20bcb606e1288d32bab61559,PUBLIC_CORE
src/pig_behavior/classification_v2/training/legacy_development_l5_temporal_ladder_runtime.py,41940,0ecdd090909493a2e25f237630a349dadd8b0a53f7d87f1a2dbf82932cc14970,PUBLIC_CORE
src/pig_behavior/classification_v2/training/legacy_development_l5_visual.py,31331,4fbf47af11d487efb417fad26a56fa3c10cc86ea2b1135a47455108500c83b5c,PUBLIC_CORE
src/pig_behavior/classification_v2/training/legacy_development_l6_cached_modality.py,18882,6c367128a26c0a62e6c36ea130c00d6fc23185b146a3145a3e0f991feb76a719,PUBLIC_CORE
src/pig_behavior/classification_v2/training/legacy_development_l6_cached_modality_runtime.py,40865,aab727cfb0c491ab4a00c651f7acbf906896bd57156308576e2186961d60df56,PUBLIC_CORE
src/pig_behavior/classification_v2/training/legacy_development_l6_full_frame_cache.py,20755,ac86e12662233b83c4ddd8401b716f804637352bd66bc2540299572f794061b4,PUBLIC_CORE
src/pig_behavior/classification_v2/training/legacy_development_l6_full_frame_context.py,29665,06211f88e427575b4ae74fbeedae43d75412803ceab424186c23c3ae755f08e5,PUBLIC_CORE
src/pig_behavior/classification_v2/training/legacy_development_l6_full_frame_context_cache.py,19448,6bd03df3f2ab7b0d5b500ed2549f1ca5ed499b1d78a2af5c9e1c665e1b95ccbc,PUBLIC_CORE
src/pig_behavior/classification_v2/training/legacy_development_l6_full_frame_context_runtime.py,5826,6729cedb4d0a1b459bc98fb9e6849402d854e5fad9d7704cfdd8f77a25d8c3fb,PUBLIC_CORE
src/pig_behavior/classification_v2/training/legacy_development_l6_geometry.py,64664,ac101d24b5576636be4329a1ff253aa98e375ffdac9ec58d3e01248029e24986,PUBLIC_CORE
src/pig_behavior/classification_v2/training/legacy_development_l6_geometry_cache.py,51628,9ffcfd69290602917b51e233daf6d95ec375e1e932c054057d217af8cd2ca5f6,PUBLIC_CORE
src/pig_behavior/classification_v2/training/legacy_development_l6_geometry_runtime.py,40286,b6e233a68cb921bf694190e46c46fa6cde80bc0c0126eb5893d41d3626b4fd1c,PUBLIC_CORE
src/pig_behavior/classification_v2/training/legacy_development_l6_motion.py,29994,b7aae2392e903d2f669d9b69235ec7cecaf9aaf1ca7c4a230b3dea89ad2e11d3,PUBLIC_CORE
src/pig_behavior/classification_v2/training/legacy_development_l6_motion_cache.py,52729,c22f953b0212f05ba901833bd4b351a59335f2974e239c0a742b609a1bdda36b,PUBLIC_CORE
src/pig_behavior/classification_v2/training/legacy_development_l6_motion_runtime.py,5141,ffcbbb30cd7a06cf5dd1518b0e008d10d0083552708de2645e235729c815a333,PUBLIC_CORE
src/pig_behavior/classification_v2/training/legacy_development_l6_pen_context.py,53383,df663a1cd305f4317cbf5f63ac2417391e37fc4e89bd6cea157ede68aaa7b55b,PUBLIC_CORE
src/pig_behavior/classification_v2/training/legacy_development_l6_pen_context_cache.py,44420,f189b38599ebcd3942feb586cf079d5d6b1c12dc5d456224dd56f9f8f9c93e9a,PUBLIC_CORE
src/pig_behavior/classification_v2/training/legacy_development_l6_pen_context_runtime.py,5789,25bca0b736af4fe63f3db5222afd1db9af771bc2684546aa3bb2b5551274b110,PUBLIC_CORE
src/pig_behavior/classification_v2/training/legacy_development_l6_roi_relation.py,44637,3f98a6e7bf64eebd76cc5879be216236961e0c609671d86f1969ef03efcbaff1,PUBLIC_CORE
src/pig_behavior/classification_v2/training/legacy_development_l6_roi_relation_cache.py,33471,1d72c2265f98aceee45cf2b55c0bc9568d19ec621c9b90e39f2d79720b309452,PUBLIC_CORE
src/pig_behavior/classification_v2/training/legacy_development_l6_roi_relation_runtime.py,5448,79eda84c1b6ad2c18aca56af248009515c2a3b3434ef0b22cffb37e8f2adea7e,PUBLIC_CORE
src/pig_behavior/classification_v2/training/legacy_development_l6_social_relation.py,33232,7129ba186996fcbec3d56137fcb85c1211af59c8eeb9a83bacd2b3c01432dec6,PUBLIC_CORE
src/pig_behavior/classification_v2/training/legacy_development_l6_social_relation_cache.py,45218,3834c69e6b46b9f9cb83880c94a0bbc4c9c96bf74072b32b142901a37912f4b6,PUBLIC_CORE
src/pig_behavior/classification_v2/training/legacy_development_l6_social_relation_runtime.py,5629,1330259cbe5b6beadeb1649ad16cedbefdcd89b20c93aa3808bfe82b120dcaeb,PUBLIC_CORE
src/pig_behavior/classification_v2/training/legacy_development_l6_union_context.py,28937,0e3bea3c80c44b50aee184fa572f0ad87b8ace2a0ba16eabac2ee961a8788e7b,PUBLIC_CORE
src/pig_behavior/classification_v2/training/legacy_development_l6_union_context_cache.py,20518,a36b90e9e84a69db65e0173b34a94f99bcfa7953a8ce69325e90e8e91753f902,PUBLIC_CORE
src/pig_behavior/classification_v2/training/legacy_development_l6_union_context_runtime.py,5578,34b987bab96e85c131a5f2cc29ab9d538f1a28b3d4ccc29ccfce8b6b1e265b55,PUBLIC_CORE
src/pig_behavior/classification_v2/training/legacy_development_l7_imbalance.py,22458,3348d4e524f1d2bb12293190d8ef75878fe33367da5bb91d9bfb559200e80909,PUBLIC_CORE
src/pig_behavior/classification_v2/training/legacy_development_l7_imbalance_config.py,19630,00e1b83ad838680aad819f51a4f7e808d7992b27b37169a8c2e4752fd79a32f2,PUBLIC_CORE
src/pig_behavior/classification_v2/training/legacy_development_l7_imbalance_runtime.py,33894,c5d2cfd542bfb883eed8b2ff377f260f306d04853424585302fdbf7779763e70,PUBLIC_CORE
src/pig_behavior/classification_v2/training/legacy_development_l7_synthetic.py,8764,b009f33aadf8604b7799ff14289c888d23f2bc0f4eac896755bdf7f446217796,PUBLIC_CORE
src/pig_behavior/classification_v2/training/legacy_development_temporal_base_selection.py,46405,77a9c9a3b0236c874b57fe70da80918e71667f3a9fc5c53a13772c102967b9df,PUBLIC_CORE
src/pig_behavior/classification_v2/training/legacy_development_temporal_sampling.py,44292,954c6d60f9dea0c206538c787eff36e0ec3e8f690dbc75851c2d6f67a3abaa42,PUBLIC_CORE
src/pig_behavior/classification_v2/training/legacy_media_resolution.py,3451,baace9b079a2f630c8c1b638a2d497e1d615e7e0ddc99d8beef1107fcfad8941,PUBLIC_CORE
src/pig_behavior/classification_v2/training/lightning_resource_identity.py,6890,c97dfef1dfbd6980ee8688954db1cdf982bba93680dd9f992ce7c587afb4b800,PUBLIC_CORE
src/pig_behavior/classification_v2/training/lineage_hashing.py,1133,740fd3ff19bec21dfd9b440acbdc58347982a3d798b785b05ed202833b535779,PUBLIC_CORE
src/pig_behavior/classification_v2/training/multimodal_smoke.py,23673,351772d63301ebdd582bd522a7ebf029e1aa99e4051b6b40968287ed1f6a3bfd,PUBLIC_CORE
src/pig_behavior/classification_v2/training/multitask_loss.py,12008,ad6f5368672bcddb17814ebe411cf0cbae3a97008cab4ba4c5037c3a235cec37,PUBLIC_CORE
src/pig_behavior/classification_v2/training/multitask_smoke.py,12559,beec57da727a6a3b914d690d367affb8535685f825451deb88711a4b7f737495,PUBLIC_CORE
src/pig_behavior/classification_v2/training/post_s1_host_binding.py,17323,a5b36e95c7a74b21d3c69a39377ec79483e20daaf5623f31b9c9c522a3e0192c,PUBLIC_CORE
src/pig_behavior/classification_v2/training/post_s1_resolution_screening.py,30346,c9327c72b0caa79d8965ad7acc4b7367ba0a5bf00a94cbca793ba015c09fdc8b,PUBLIC_CORE
src/pig_behavior/classification_v2/training/pre_s1_calibration.py,44904,144fa669de06dd5dde4ee5a055505d6ed944083d17b864c52f7f40fe0014997b,PUBLIC_CORE
src/pig_behavior/classification_v2/training/pre_s1_rgb_binding.py,44172,93bd9de2798e0ec56e48d9cfff8ad11fec0a66f94d77d4c001c29b2f73919e5c,PUBLIC_CORE
src/pig_behavior/classification_v2/training/remote_code_bundle.py,9269,9dd9e2225c6a111fdbf0304cd22e54f6034c0a972444fafb893f5ffb20ac6723,PUBLIC_CORE
src/pig_behavior/classification_v2/training/remote_input_resolution.py,9891,803c22fd2887b60078b6aa7b08eb0535ebe844c1138d3fab58539df2815beab7,PUBLIC_CORE
src/pig_behavior/classification_v2/training/run_f2_h5rgb_5fold.py,21948,bc33b75a3a5d59ddac3e1e5e2a732f2b25572a20decb768c0ae326f05729158d,PUBLIC_CORE
src/pig_behavior/classification_v2/training/run_g1_posture_5fold.py,25213,3351b972141b88f7810f1087ee66595f1938da5738457733ebe9ee5c2e0dc7c9,PUBLIC_CORE
src/pig_behavior/classification_v2/training/run_g2_cclsa_5fold.py,24542,f34cccc52a43617c7a0bcd9abed9eece65e6954025d94c53922d2a1b384bafe6,PUBLIC_CORE
src/pig_behavior/classification_v2/training/run_identity.py,17784,fec8e3eaab5195957ec785206b9216f26a585c15576914b07c21fb7c475dd1da,PUBLIC_CORE
src/pig_behavior/classification_v2/training/run_joint_representation_5fold.py,80138,d6ce14427d50da51f5f7e8dc546495366d0aa26fb22446cfb1bb8ff703965cdc,PUBLIC_CORE
src/pig_behavior/classification_v2/training/run_lineage.py,30781,05b176545f1405d07190ec7c1e65375524354715ffd00f60fcba5e576c1e2833,PUBLIC_CORE
src/pig_behavior/classification_v2/training/run_lineage_audit.py,8585,d006c31c7044f0622db32758976147aa7d628df759446d3c3b48712f9ae7fde5,PUBLIC_CORE
src/pig_behavior/classification_v2/training/run_model_j_factor_ablation_5fold.py,32491,ddf7ddd0a37b4fd549a8a9e5387d893a77dcd8584aac76ecee53c144d4a8e957,PUBLIC_CORE
src/pig_behavior/classification_v2/training/run_model_j_pbnew_5fold.py,26371,b8d61ca75162ca154675cedf272d788639a53874359f86e790eb1924388785df,PUBLIC_CORE
src/pig_behavior/classification_v2/training/run_registry.py,9058,708d411291806afdf3657f0b8b3625dbbe06c8b3a1c401798178ae50263b05f0,PUBLIC_CORE
src/pig_behavior/classification_v2/training/run_true_final_maxperf_campaign.py,29476,f9585802e62baa05d02d73cdfb7e363421238c94d9eca73235379b8c5e4f2cda,PUBLIC_CORE
src/pig_behavior/classification_v2/training/runtime_benchmark.py,6710,ac64e2693de23f56078fc9f53293a16d3fd518e7a8ef5a6a06c345ec7eabdf5d,PUBLIC_CORE
src/pig_behavior/classification_v2/training/samplers.py,2804,feeaf9caf3ea77f9cc996b09317869d84982bdba198722c1074c37f8bfe1ba95,PUBLIC_CORE
src/pig_behavior/classification_v2/training/spatial_tcn_smoke.py,11968,2dbdfb758738dff692c7459173942d53a5c7c759f5d1f67316201f11b7b2b759,PUBLIC_CORE
src/pig_behavior/classification_v2/training/stage1_execution_authorization.py,54740,a3487bfc36a1882c64f10be3d0b1298a68439ba5eb93d960c087794b249f4c30,PUBLIC_CORE
src/pig_behavior/classification_v2/training/stage1_rgb_binding.py,33875,45c4579e4d6e0bd844838de7858bebc15910cca16597e0e6b75b423c9bc8c699,PUBLIC_CORE
src/pig_behavior/classification_v2/training/stage1_temporal_screening.py,66753,858797d5734aea59fe362fc89fcedc949685062e0e5f712a187a86149125c2e5,PUBLIC_CORE
src/pig_behavior/classification_v2/training/temporal_perturbation_controls.py,22817,8810313cf6fb5f76cf3df18bb8bb8068e412712a7fbfa36e803b5c9affe998dd,PUBLIC_CORE
src/pig_behavior/classification_v2/training/temporal_v2_consumer.py,20963,b60cad5f502367a6f1fecb68238bc51fa5ba3664999eb33993244d06cab30b44,PUBLIC_CORE
src/pig_behavior/classification_v2/training/temporal_view_loader.py,11071,bd3a400aa25de81524b3649cad1dc5411f208091e6a0461d47d88168f6068074,PUBLIC_CORE
src/pig_behavior/classification_v2/training/trainer.py,40098,75458a8ac1478ae51fea1d3a01ed31427d9e9a789723eef1004a2ca1d61568a1,PUBLIC_CORE
src/pig_behavior/classification_v2/training/trainer_contract.py,2981,1e12ce1e5a14be126aad1916130bbddffe4c09f89e0233030ab4855e940d5273,PUBLIC_CORE
src/pig_behavior/classification_v2/training/validation_selection.py,14571,1bac239e44c8d931306d6a4a9cf064e1a1aa4edb3df80932c1634dc6e07041ce,PUBLIC_CORE
src/pig_behavior/classification_v2/training/visual_backbone_smoke.py,17717,016d229f2340cdf521d8df34ba688434cac45715eff57f538740c2496a534530,PUBLIC_CORE
src/pig_behavior/classification_v2/training/visual_freeze.py,17112,099d9a12ee1bd665e222bb474e5289f17d0a5151fc149871b2894c4803504aaf,PUBLIC_CORE
src/pig_behavior/classification_v2/validation.py,2307,87a7aa83536ea7dd706cab48423690ab64fa1038d8f01afbe64801c14acf93c7,PUBLIC_CORE
src/pig_behavior/cli.py,6597,6b84e839550785a86c12d1ef3fddd68a532634a1d93b6981b1d89cf6fda7a4f0,PUBLIC_CORE
src/pig_behavior/config.py,5625,db2207ca6f761b8916e1af77250e161bef3a0c63253a4a4328b018019e08901a,PUBLIC_CORE
src/pig_behavior/dashboard.py,146,97c0006db3f82734ff0c355eba7ffe15b6cbe6393a025abf9a2ffcfd894f8638,PUBLIC_CORE
src/pig_behavior/data/classification_dataset.py,15301,8f175eaf46aee49fe73cccc60c8918569d211234e1ad8e69097639f9e2d9de98,PUBLIC_CORE
src/pig_behavior/data/classification_features.py,13110,93022e46acc753415d22444d9f18821e7ad6d440f5351d97412e6f39da0bbb57,PUBLIC_CORE
src/pig_behavior/data/cvat_native.py,10274,cc4a6f4ab10a24032ffb3e043b78968e4e0edd797289121ff09c36844ebf74c7,PUBLIC_CORE
src/pig_behavior/data/tf_dataset.py,7699,b3b39a63f99d38947cc8371f7c2f3e9f8d09e4fc77bcdb34f95d618bfcaad2d9,PUBLIC_CORE
src/pig_behavior/data/validation.py,1034,9cf65b0c0565f69d2cf203a600a428bcf35f2d004692e9ba648e0fa95726aaf4,PUBLIC_CORE
src/pig_behavior/data_loader.py,299,95f51878702460bdd2eb5baa93c81452af8e51dc93e8ddbf01a55862d8e48dee,PUBLIC_CORE
src/pig_behavior/evaluation/__init__.py,99,fac76a38d35ca746586e177b66d53aa68bf14e1f379207134723e74a8eb380e8,PUBLIC_CORE
src/pig_behavior/evaluation/tracking/__init__.py,572,45c3ca32a995342d39fbdc1d1429c3d8b4db42b6e706f5ec8589d440fff75a56,PUBLIC_CORE
src/pig_behavior/evaluation/tracking/api.py,3088,fecef277c0a276ad16ccad4da1f7fea81013d909e2c14d9ab3436b21e428976e,PUBLIC_CORE
src/pig_behavior/evaluation/tracking/artifact_guard.py,961,d224cf2df977271ed4a728c2617f0b92969b99ed2eaa5209a98dd6594bd98400,PUBLIC_CORE
src/pig_behavior/evaluation/tracking/assets.py,5521,004a71d98df5e5b3528f8f4924ee65a3989f7dfacd4cbcbc098a72b4afc4e104,PUBLIC_CORE
src/pig_behavior/evaluation/tracking/baseline_lock.py,10817,8c748fea811442a84a9fec81fe9febfce27dee842cc4c25dda194924cf63ecfd,PUBLIC_CORE
src/pig_behavior/evaluation/tracking/benchmarking.py,20513,b36406369c901bb041c3ea9d01789e991cb3ee37e32dd18f40668263e4f3b007,PUBLIC_CORE
src/pig_behavior/evaluation/tracking/cli.py,14587,b5e9ad011b0b877cb2f0303b87bf34bd8698afe2206d07c888e6194b36925242,PUBLIC_CORE
src/pig_behavior/evaluation/tracking/config.py,2389,9237ee36e2e5957f47dbce8a9130b5273ff8d5da4dc52eb2d3619a7c98671a54,PUBLIC_CORE
src/pig_behavior/evaluation/tracking/contracts.py,6065,bcfb4ad42c3a5ca98238b7d4148f35033bbe8726c2818d77a3dd584544dbcf1a,PUBLIC_CORE
src/pig_behavior/evaluation/tracking/cvat_io.py,3824,ad0c14a1823abfe7705f2940da98755f665d72ff4ab8572a9e2ba2700f5f9748,PUBLIC_CORE
src/pig_behavior/evaluation/tracking/diagnostics.py,9524,66af9077df825b18a9c7b9bfaeec8c76745c7ca5b9df153836c5930ac9443a5d,PUBLIC_CORE
src/pig_behavior/evaluation/tracking/evaluator.py,15348,52faf1afcf4213322bbfb6d565b8ba75b3d0ea090d5465bd8202689956ac073c,PUBLIC_CORE
src/pig_behavior/evaluation/tracking/evaluator_standard_v2.py,21246,43c6828eeedd037ecbea8c1adf0db982f86abad69d3a6e8cdcdb180cadfc28fd,PUBLIC_CORE
src/pig_behavior/evaluation/tracking/frame_window.py,2623,92b4a2cce1d98ec9086ffd5bdd6dad11af9ced446a92c917cced7d995e1d2dbe,PUBLIC_CORE
src/pig_behavior/evaluation/tracking/hard_scene.py,68369,a9e7bbc541a71d436f4a202ddb8fa68c69003ea8e7d16914aba42e5eb2058ad8,PUBLIC_CORE
src/pig_behavior/evaluation/tracking/hota_standard_v2.py,13195,a82cc907bce5c81265d92388c009592bf33a8c0b91f3787fddd9c0012cfc8a3f,PUBLIC_CORE
src/pig_behavior/evaluation/tracking/identity_episodes_v2.py,23945,f1937650466b29ee1d3293e139151e9227d4a86896cd474241ece5a749add01d,PUBLIC_CORE
src/pig_behavior/evaluation/tracking/identity_standard_v2.py,12104,29a48a4e979e68448a0c5dd2034baad22e54ea3eaea34f9b7643055fb6212fbb,PUBLIC_CORE
src/pig_behavior/evaluation/tracking/lineage.py,14628,8681eb846f6f896233eae5c5117ad42838a7dc3340b7838f973e1024b6eb03f9,PUBLIC_CORE
src/pig_behavior/evaluation/tracking/matching.py,1575,e2f883931662e2f08799b7be4449b804251b7fb090409ff7914696734055257b,PUBLIC_CORE
src/pig_behavior/evaluation/tracking/matching_standard_v2.py,7485,64f70d2ebce66855ddaf225a1c041229c728eef7563c100880797c44367ca818,PUBLIC_CORE
src/pig_behavior/evaluation/tracking/metrics.py,15685,2e0e132cba961bd0dd3b791e3f90bfa515af3606b42a6b8c15ac990b3e8932e8,PUBLIC_CORE
src/pig_behavior/evaluation/tracking/pipeline.py,8756,1bd57456bba6516b2c017f6496ea8aa4024b2dc2b0cbfe92dbb56a9f17601f45,PUBLIC_CORE
src/pig_behavior/evaluation/tracking/pipeline_standard_v2.py,8880,adf9c963b5042e19f98685d6c964963faba1702723d399067a9aeb3cdbb05a00,PUBLIC_CORE
src/pig_behavior/evaluation/tracking/repeatability.py,27963,642381a3ce7111c9b9e6d3617e6cde32bd916e5c29555393dfd4d90cab567d61,PUBLIC_CORE
src/pig_behavior/evaluation/tracking/reporting.py,9889,0d9dfcac89825a9683b87d4e7ce02fabb1836a09f94b9c7b2f4fbec6d3406814,PUBLIC_CORE
src/pig_behavior/evaluation/tracking/reporting_standard_v2.py,6102,31b2fc12cefa5dd91f1abe43ce480606a707960a0f8eba69869b36becca17aa0,PUBLIC_CORE
src/pig_behavior/evaluation/tracking/spatial_strata.py,12642,3236d02443d1979e35f78e63d953a3dd1e167aa8a60d6c9ca6507d64d9fcbdb2,PUBLIC_CORE
src/pig_behavior/export.py,5594,08b578a99e8f629e4966dd16ee2aebc8181dfe51b0739d2364eaf2b730a55927,PUBLIC_CORE
src/pig_behavior/inference.py,571,53e1c8b558a9bcf8c38eb2af4e08c8b319e68599e1ec96224903db116616ebaf,PUBLIC_CORE
src/pig_behavior/inference/__init__.py,565,d89bab2efb6a88802cfb40be625edc41c37a7a433daeb59cd5c4f71a1509ad3e,PUBLIC_CORE
src/pig_behavior/inference/pt_predictor.py,5528,f428118acfa66c9b690a6ffb257d767746367faf162b354e51bbe46b6e157ae0,PUBLIC_CORE
src/pig_behavior/inference/tflite_predictor.py,5808,f079dd4509ecf9e6cd9bc0c4d5db6bdd15d5672774358ce554ebb40763cf8aef,PUBLIC_CORE
src/pig_behavior/model.py,352,f795d2e77d17119d35016c68a1e1effef97afbe7965967bd72dcdf6e8d1bf361,PUBLIC_CORE
src/pig_behavior/models/__init__.py,564,2c093e4b1a8c781e57865c2fe5e1635728b1c309e7439e588f31344fd7422cca,PUBLIC_CORE
src/pig_behavior/models/behavior_sequence.py,335,0bb4bdefe1d2cb8dae115f9bd88efaa8a5cc4b7a899d3462fffb66514ab42b98,PUBLIC_CORE
src/pig_behavior/models/keras.py,402,da4de10e56b67b2ec615405bf37a7a15e1e116fb583834958d9301e3bd9b8e5d,PUBLIC_CORE
src/pig_behavior/models/keras_classifier.py,3708,c6aad9b109f827ac4bbefd929ed7f015241b52c82f3b93bb7340b0f0a200bb3e,PUBLIC_CORE
src/pig_behavior/models/sequence_architecture.py,5894,7fe9a03df41d3b374fb9cdf4bbb389229a7e5ca24cd1d91139eb9cc00e563d7a,PUBLIC_CORE
src/pig_behavior/models/sequence_classifier.py,5197,636d5e70699c1b2946560776c14d51bd77683e54293bd7098da3c55a89024c87,PUBLIC_CORE
src/pig_behavior/output_layout.py,2213,caab40a8e296bc3b9a53c375e2e6c9e4e2580fbbe3f8af96849f5857c548a0d2,PUBLIC_CORE
src/pig_behavior/pt_inference.py,347,8e00372b344c19f4803a09f21f194c70039cae20fba9d0f985343302634edc32,PUBLIC_CORE
src/pig_behavior/roboflow_client.py,6319,0d7d223055233de5975fcef4ffc2d9155743e9d3e72576900b12494c18129764,PUBLIC_CORE
src/pig_behavior/services/__init__.py,485,78e43a59a0f74e0fcb3f27be39416abcad08edc86ddd7f670bf4692a3d450347,PUBLIC_CORE
src/pig_behavior/services/pt_inference.py,5474,d0b3b9cd09aa5a7f35551857411fcd070c9d1582e0628d7c7d203e28bc48d45d,PUBLIC_CORE
src/pig_behavior/services/video_tracking.py,22845,fec9c05e176edd574fb0e4588ce318b18d790c7c31ed609676d4a8d5f4ede4ea,PUBLIC_CORE
src/pig_behavior/tracking/__init__.py,9046,cdf7eaa9da91fc12ccc44ac1eccb633abd6ad6b16bb1c0278cdb4a91578c4273,PUBLIC_CORE
src/pig_behavior/tracking/association.py,92912,2c60344028de20784028d625790e63cf12e2c470795ec4192e90a5b95d1f4b05,PUBLIC_CORE
src/pig_behavior/tracking/cli.py,38159,bf7aada9f42185a1102da9a0dd2bc6af9593630da6468b12a034cb23476fad2d,PUBLIC_CORE
src/pig_behavior/tracking/config.py,42871,7f92e5f0be3eaec280f239fbed0a0201d4a72da909d4b239d061db45bf82d9f6,PUBLIC_CORE
src/pig_behavior/tracking/constants.py,8014,5aa768eff8d5135babdb0434d22cc4e2180a72c9cb6dc704df0c371bbb85c655,PUBLIC_CORE
src/pig_behavior/tracking/detections.py,10552,bed95f626d8ae5ce7b12d431e8c3108c8239823613a57ee852c05a46fa760971,PUBLIC_CORE
src/pig_behavior/tracking/detector_cache.py,23302,d6d8efabeac114c12325e95a5e1832c43821d1c1b542d4c7973bddaeb3357482,PUBLIC_CORE
src/pig_behavior/tracking/exporters/__init__.py,958,663c57e9b63156c67a5ab5c767a2a78afa08e0a125f0beb8054534f50ae94487,PUBLIC_CORE
src/pig_behavior/tracking/exporters/annotation.py,779,ad9387fe3119a78e8942c409f8473a41d59bb2d423bd0869336dc097b35b5418,PUBLIC_CORE
src/pig_behavior/tracking/exporters/coco.py,3662,3e420233706492890e2c0da434140eacda85236fdf1fe32203897e8809bbb12b,PUBLIC_CORE
src/pig_behavior/tracking/exporters/cvat_xml.py,4661,a319c4449ed1eef4f3d77b8a185a0cdc3e2f31aeb04fc600d85bc08ba368faaa,PUBLIC_CORE
src/pig_behavior/tracking/exporters/labels.py,393,2148be9d1bbd6b4c55135c7e1b3b1adb3576d803c47118835fd93b29eeb846a3,PUBLIC_CORE
src/pig_behavior/tracking/exporters/quality.py,22827,0df0fc7f2c75681d2a78e70783614f3e876b7d4319a865dedfae6805249a1879,PUBLIC_CORE
src/pig_behavior/tracking/geometry.py,7565,cf7e4cbd0298bd4674df71ba92bd5c5a021c67d54b74f0e40e3ff3325363fd56,PUBLIC_CORE
src/pig_behavior/tracking/gt_audit_review.py,23124,8deabfd1142e33090ec3ee18d8fb85f6dc72299f7bc387ef23e2b34ff6b83812,PUBLIC_CORE
src/pig_behavior/tracking/masks.py,7111,78a592c617d406fd3d356192e816d460318896269a5e6cc522ec1460786c76da,PUBLIC_CORE
src/pig_behavior/tracking/method_registry.py,16384,623f5de3932276641ed7f07be8817bb8f1ef4e95ef32d251942fb125cb104f02,PUBLIC_CORE
src/pig_behavior/tracking/occlusion.py,31044,b03553105beeb4f79dd61b3f8c5cf27663fa4ce48a38a5f1cad68df7ef2bdbbb,PUBLIC_CORE
src/pig_behavior/tracking/profiles/__init__.py,3526,4d898b33cc2c68c9e8bcfe63cca2e0f71a394ef00440046fd3f4407edf4c12c4,PUBLIC_CORE
src/pig_behavior/tracking/profiles/bytetrack_raw.py,1141,e89f30d794479e77bd4314448a6c6cccebb1781ad47bb8df888bd972ab516820,PUBLIC_CORE
src/pig_behavior/tracking/profiles/hybrid_bytetrack.py,4201,d273879843a18f2a6e7c1b5ed167b7aed1beaa9c5ab3b659701e339f178b7d7b,PUBLIC_CORE
src/pig_behavior/tracking/profiles/realtime.py,1899,6b20268229799d828dbd92ddfb7ef6bdd08ce5b466accc9d7fc32fc6cf47e089,PUBLIC_CORE
src/pig_behavior/tracking/profiles/rf_hybrid.py,659,7d478afa14fe32dd90cd6567a744d269794cb0677ecb1d44980c898c3173a457,PUBLIC_CORE
src/pig_behavior/tracking/refinement.py,76206,12b2106140fe89f24a2dec656e51168360cf856e7c054baa5692e1e8d8a4e8bd,PUBLIC_CORE
src/pig_behavior/tracking/rf_hybrid_transfer.py,20468,42d2ec2bca02815356cf3dfb64d7a4b8e27f7958d8f24ec97f3342155756ce4a,PUBLIC_CORE
src/pig_behavior/tracking/rgbd/__init__.py,2609,3e0e86bd5f9fe11f78f8bba4055b58c00257ce35f0ef0b4bc54a2a3b5ffc7c4e,PUBLIC_CORE
src/pig_behavior/tracking/rgbd/association_bev.py,10483,5634157777400d1e3b212791bb784e5f313bd7b0ab1c5619f1e4aecd35eefcd7,PUBLIC_CORE
src/pig_behavior/tracking/rgbd/config.py,5489,ee25783cf8a591e3ed0f934b751b560d47b13e04ba32ba27f3e82c2b090c0bf0,PUBLIC_CORE
src/pig_behavior/tracking/rgbd/depth.py,12289,c2fe410039fa4965a53a8c85385ad5e8cbc96e6f6ef884c1102dbceb62b7f4c8,PUBLIC_CORE
src/pig_behavior/tracking/rgbd/kalman.py,5104,571c4728047519289f59dc2be1c915c61d524c0400aed4a6f4beba5c55d40c9a,PUBLIC_CORE
src/pig_behavior/tracking/rgbd/occlusion.py,3581,740d659398eea256758d8b1d8d7ef5628234d5b4c2e0017d8a2d14123bfc958b,PUBLIC_CORE
src/pig_behavior/tracking/rgbd/projector.py,9923,9732c09182e7d1ab9c62be4a3620c3fed9143f46269e65b5bb28e2ecbcdba12f,PUBLIC_CORE
src/pig_behavior/tracking/rgbd/reporting.py,7554,759e5693465b86884c098b9848c7ef5cd077a0d064f95605a55d48b9c6e1c565,PUBLIC_CORE
src/pig_behavior/tracking/rgbd/runner_rgbd.py,27926,dc2fbcd840918d7f235465d3d88682403b6a28339141c4c250c3a42600391b06,PUBLIC_CORE
src/pig_behavior/tracking/rgbd/sanity.py,8319,ee47c93d88d4a4c34479680358bfba815edd5bfb1b222fabbc1c76f15894e3cd,PUBLIC_CORE
src/pig_behavior/tracking/rgbd/schemas.py,4927,0f411d6728e9628e1cb9f53b7dbc8e98bd8c18765f143e853f577fbe7da2be54,PUBLIC_CORE
src/pig_behavior/tracking/rgbd/sync.py,9352,2ffb5e1d7a4e5d0e927fe759f3d219fa9d50ca7ddcbfd3afcde1c52d9aba50c5,PUBLIC_CORE
src/pig_behavior/tracking/runner.py,23519,a624064f41a5212eb29a654b27bbf51e5716e2b419b9bcdf24a9cb29166cb5ab,PUBLIC_CORE
src/pig_behavior/tracking/schemas.py,19829,549b18315150a6a39caadf802cad6639523452c953054ad3d096f24c0d9f0290,PUBLIC_CORE
src/pig_behavior/tracking/stabilization/__init__.py,312,44881c1a086785d72b78f5eb30f0d40c7fb32b1a6a2d4f9402c444a81f2c5d67,PUBLIC_CORE
src/pig_behavior/tracking/stabilization/bbox_smoothing.py,2680,247151a5e34632e312371d1b38fdda2762ea6cb6a931d4e4f6160dc721380504,PUBLIC_CORE
src/pig_behavior/tracking/stabilization/config.py,2373,ba39427a434f4afa429d02d5fb7797e1cf81cda9715794ce611349b50b0d1858,PUBLIC_CORE
src/pig_behavior/tracking/stabilization/cvat_export.py,7971,3fbcee3cd82c71aacdf7bc29f13e887b051c7ec379619bdae8ceb5d1b72d3c2a,PUBLIC_CORE
src/pig_behavior/tracking/stabilization/diagnostics.py,6013,dc0af447182332d8131452435211c51961fca78fe5df0c0b80ee558d7c0ea720,PUBLIC_CORE
src/pig_behavior/tracking/stabilization/stable_tracker.py,35147,38e0677503bfc915eec7119cbb001fb77939f9a4a714ce4783e3be7ad54b9f9e,PUBLIC_CORE
src/pig_behavior/tracking/stabilization/swap_detection.py,8709,d6898089c3c2b717d0de504e23547b486055f0b920d197d1b059b7463ccebdb9,PUBLIC_CORE
src/pig_behavior/tracking/stabilization/tracklet_stitching.py,9216,e6196808270d7143fd4917dcacccbfbd759ded116fa042005dbbb96d3db54d27,PUBLIC_CORE
src/pig_behavior/tracking/telemetry.py,11222,9f27b5fa967831350a3857429f38555390b7afba66ddf84499683eb51277b98c,PUBLIC_CORE
src/pig_behavior/tracking/tracks.py,10513,7efd776709445eed1cab5cbda36ca252e15d184d591d73e9794af7d16e2fbd34,PUBLIC_CORE
src/pig_behavior/tracking/visualization.py,8239,064f08310d33218363b57ede4826c5d41ca422fa098724786054f71020c21912,PUBLIC_CORE
src/pig_behavior/tracking_path_config.py,4295,f5efaa99e7f7d5920f0fd9e7ad2a8f37a431dc09dc27c0408a17f9b217fed63a,PUBLIC_CORE
src/pig_behavior/train.py,185,0e2483c987b8674e2cab5415f5a075edd9ff90c7130e7731a21e9d8c09a1690e,PUBLIC_CORE
src/pig_behavior/training/classification_trainer.py,4794,6ac2315e2f413057608342cd162319a50b5b3424c549c74181f3ad76c0c74f60,PUBLIC_CORE
src/pig_behavior/video_tracking.py,228,d19b06d35dc93da54433a4a2e48884d65883f7e811c626797812508a28972580,PUBLIC_CORE
tests/classification_v2_acceleration_reference.py,4481,c8c5cf6ffc1624efb9851471056a98df949cd3793571cf2e1c072c170f2f92e9,PUBLIC_CORE
tests/forensic/tracking/README.md,345,6c5a612027d4acbea3223cdad76a0da18bd20fe97ce18d7779498d72ce3aba7c,PUBLIC_CORE
tests/forensic/tracking/forensic_complete_full_frame_detector_cache.py,11307,4ce1d74ae5e631e316ae1a642fecf631d201d23512d5f22466cfe94b05511605,PUBLIC_CORE
tests/forensic/tracking/forensic_evaluate_b0_b1_r0_standard_v2.py,5376,478ff9a533f4b96a948c921928682fa46e135bf49e84e5633f120ba6e71cae51,PUBLIC_CORE
tests/forensic/tracking/forensic_evaluate_historical_h5b_h4_standard_v2.py,2134,e6a96b699646cdecede881ffc2a1431bb4f88795e27e46af65f772af7335b95a,PUBLIC_CORE
tests/forensic/tracking/forensic_generate_b0_b1_frozen_predictions.py,8806,2741769503d097323e5fd56d8b654896cd475ede1233dd500ef791709648b0c5,PUBLIC_CORE
tests/forensic/tracking/forensic_reproduce_historical_h5b_h4_detector_cache.py,2767,cd6973008098c0759046b165dfe2eae613af23081cd485ac2553d8390f983e4d,PUBLIC_CORE
tests/forensic/tracking/forensic_reproduce_historical_h5b_h4_executable.py,2481,a6186430e8a82259c141ed2909d736de76216b79d63a9787ec3a8a93df1a26e0,PUBLIC_CORE
tests/forensic/tracking/forensic_tracking_h1_r2_design_contract.py,4125,740363e07af60db434b8e022042bcdd93f8dfe0da75192933c1c59921d1602a6,PUBLIC_CORE
tests/forensic/tracking/forensic_tracking_h1_r3_design_contract.py,4219,391162d43a6c26ba6837c1f54d5acbe30b491d0bef0adc8f0c709cee5c7d726c,PUBLIC_CORE
tests/forensic/tracking/forensic_tracking_h2_cdsp_design_contract.py,9565,da02fc39674be580c411698ba73c59dac36743ab066dcbe99fc92bf9fe7e5bc8,PUBLIC_CORE
tests/forensic/tracking/forensic_tracking_identity_replay.py,9681,7b4402ead8d8fbec0a0e7a561d488b4ba07158ab5700093045417fae07705263,PUBLIC_CORE
tests/forensic/tracking/forensic_tracking_scientific_grounding_authority.py,6284,262526ff0eb2df1ed060eafb4fbd3daedc1dc55aa3cf657cd53b9f61066161f3,PUBLIC_CORE
tests/test_association_lost_reacquire.py,11718,d2647b25d64049bdffac6359a8be338a92d17c50d99feb7af5a1950c039fb140,PUBLIC_CORE
tests/test_canonical_behavior_oof_evaluator.py,8567,649a81824c4910fd0b130a042d590e76082a9c891c1b19774b87a5757487140e,PUBLIC_CORE
tests/test_check_duplicate_videos.py,4445,7b205be0860f958c5810d2b6abde70693b8d12f19a30d089597a4093e6558af3,PUBLIC_CORE
tests/test_classification_dataset_rebuild.py,8064,03a356f398aae55f6b6fc3250a74e2f15bf45c35410fbbb69420d9a78d72609e,PUBLIC_CORE
tests/test_classification_v2_acceleration_semantics.py,9643,361e7cf8b49d8014e55ad8c64bd80afaef1e211c4008f88e338709e513aa4540,PUBLIC_CORE
tests/test_classification_v2_balanced_date_grouped_split.py,7834,73f4b7c4c39e7a7eda4b88d429e5fd887cbf5087f99a3195235fda7f17cc2971,PUBLIC_CORE
tests/test_classification_v2_balanced_imbalance_losses.py,8929,b8d83f9c76b742ab0234c27eecc7bf0a154e6eab7ab4aca6034c0af09a9adca2,PUBLIC_CORE
tests/test_classification_v2_balanced_model_baselines.py,5138,157c54071d05907b133004a1d4fcbdf9f706fe11b60ce65b8e461d3395f8f82d,PUBLIC_CORE
tests/test_classification_v2_balanced_model_causality.py,5015,ceeae55edf7119ba522fc786a1e39fd9e7e4d548d91fafef9af3a4d89c5d85af,PUBLIC_CORE
tests/test_classification_v2_balanced_model_tensor_contract.py,8168,03417542fc00028c17c0b8eb3f0e90f779454a03e27d15feee5273ef6de48989,PUBLIC_CORE
tests/test_classification_v2_balanced_motion_schema_binding.py,3641,b62882f69accab292f11a6f8ac8a47a1b249b67ef1cd41db2e1e5e1a3c0df628,PUBLIC_CORE
tests/test_classification_v2_balanced_native_unit_training_mass.py,5851,0deab0e77fbddf37231209e1926fd7735d9ca017b2540090781a01d2d85ca62a,PUBLIC_CORE
tests/test_classification_v2_balanced_run_snapshot.py,5362,e7245c28c4b7e8368bf9fb1c98fc6785748c1f4a5945ea741adbc57b3ac7666f,PUBLIC_CORE
tests/test_classification_v2_balanced_synthetic_tiny_overfit.py,5337,ad59fa50e5a06087de4d063e0bff5597a1260232f48dc67e0d49292e46c4c422,PUBLIC_CORE
tests/test_classification_v2_balanced_temporal_matched_cohort.py,5046,1c50568cdac7fec148d491efe13b3c58597c3171b05f2f540ef11ea8b61c0b0c,PUBLIC_CORE
tests/test_classification_v2_balanced_temporal_view_contract.py,9459,9c759f7b177ce1d3d742d3807f73dfa35941520f5e3ea65c847da3a4e3745776,PUBLIC_CORE
tests/test_classification_v2_behavior_consistency_audit.py,16787,313ff974538bf1e58e728adb6f6b3cab64bc7b7fcbc60886f47a89fff9d7e529,PUBLIC_CORE
tests/test_classification_v2_behavior_evidence.py,15538,8f108238308e3ebd67b548824c356ff70fafc181dc0984f2dd50113e4f227206,PUBLIC_CORE
tests/test_classification_v2_behavior_gui_readiness.py,16510,3657b18d286017942bf824dd07ea93a4e53d5f9b9c2b3309977b0a941a11eacb,PUBLIC_CORE
tests/test_classification_v2_behavior_posture_contract.py,12263,16394e3ee13ef3b13c897fc39292c840c4a391a3e7d1598ad52c9ec2d8ed8f4a,PUBLIC_CORE
tests/test_classification_v2_behavior_review_science.py,6068,d77da2f1638e642219815c0780741f995466c4f72300b028fa8bf832f466dee7,PUBLIC_CORE
tests/test_classification_v2_behavior_review_selection.py,8635,74e1f7c6257fd71e00518217175a02c9aab41e757850dc1fdc4dde9a52b430de,PUBLIC_CORE
tests/test_classification_v2_behavior_review_semantics.py,19178,841ba473e3509906cab5481d2a7296545da403cfd56d43b9893bf3bf97965b3f,PUBLIC_CORE
tests/test_classification_v2_behavior_threshold_audit.py,3521,b90a711e754eb56d6f4d3c6ceec0e6112c058552546207d95114873b4337cafe,PUBLIC_CORE
tests/test_classification_v2_behavior_threshold_registry.py,5552,808cf13c205ffe84b149318f6718107421e490a0c4e7a29561e704a512c1cc9c,PUBLIC_CORE
tests/test_classification_v2_blinded_calibration_presentation.py,6682,61db9930ddc35f7f9f95ab1698ed5ffc0266b1100e3857b0bfd3907180bd53fa,PUBLIC_CORE
tests/test_classification_v2_calibration.py,3067,3890b95b92b37bca7ad9084e00c87995b1b68ed62245d08c44c23821ee22780c,PUBLIC_CORE
tests/test_classification_v2_candidate_manifest_builder.py,36758,5e9a873333e225e880891d10118ad4434f252c0c8c77dfc65e7fafd859aff65a,PUBLIC_CORE
tests/test_classification_v2_close_posture_review_500.py,2137,23c32b5cf2c6f07f801fcfdf13d124e423075d6a7f5ecaec38860637ddf399a9,PUBLIC_CORE
tests/test_classification_v2_composite_review_authority.py,4362,395c6871e592e50665bf51e3b58581866bb1f543fa9ac1136a0890076a1ce1e5,PUBLIC_CORE
tests/test_classification_v2_confusion_comparison.py,2799,5b9ce5aac014372ee7f5cc4013bbb3208073878423f8ed12cd5473d3701fa907,PUBLIC_CORE
tests/test_classification_v2_corrected_pooled_route.py,4611,23e344845ab28173a65a76d9da60d46b81e3562f15cb5b3528440e8ad2c5c16b,PUBLIC_CORE
tests/test_classification_v2_cvat_media_resolution.py,3234,cd6990df1ac07a88dbdbfff6e9de2a92f9785beaba626f8b28e8367db3cc31a5,PUBLIC_CORE
tests/test_classification_v2_cvat_source_policy.py,1830,b4e52baeba99b10bed4fda004df3bb906a0a792b43d0b8df519b8163fbe8b421,PUBLIC_CORE
tests/test_classification_v2_cvat_source_registration.py,5956,7816ae43ebcb6d6cacdc146dd4dcfaaddc4768d69e3b95bc1810bec3c5f63030,PUBLIC_CORE
tests/test_classification_v2_data_plus_supplemental_t6.py,17760,6a3b5b05200cf86d458f0d4a13daf41c0749ebc031fb4c367644a6b4e0c5ae31,PUBLIC_CORE
tests/test_classification_v2_domain_controls.py,12123,891a26f2b0a2407b994cd7c48a94879b09478585dd49dd58275e053387a582de,PUBLIC_CORE
tests/test_classification_v2_e0_inner_only_contract.py,18048,a47a7c0b90e85d5171b0e4b0bf3c020e06eb9ecfc34bd0d2af71ca06f28f589d,PUBLIC_CORE
tests/test_classification_v2_event_weight_contract.py,3490,a777d5ffed50eef3035fe0bebd3d575fd0e58b1c61f117087b5cb4b626dd9960,PUBLIC_CORE
tests/test_classification_v2_experiment_registry_v2.py,2430,3ad5f73374a35e42e77b7285c0f444e2a01e4a90cff0beff3f2cfc485f8e90d0,PUBLIC_CORE
tests/test_classification_v2_feature_semantics_contract.py,4422,c116f4937517b04834b4c84afca2ebaf93ea4e155de79a2b4812dfb625ad910a,PUBLIC_CORE
tests/test_classification_v2_final_behavior_review.py,35222,2a6dca57d246b5b10ce325177755cbd46c6448948b6388c3be93310d10dc9912,PUBLIC_CORE
tests/test_classification_v2_fold_event_weights.py,12597,f6a9d85c8ff89b5c13bbb37acea8cdd9b68ff3576dd2fad8ed084cd86d051bba,PUBLIC_CORE
tests/test_classification_v2_fold_preprocessing.py,15143,001524243c085080dd688d9f0185e1c5b7003b25f6d60217206b45717c21a449,PUBLIC_CORE
tests/test_classification_v2_frame_review_merge_contract.py,1819,e816fb424b44a58cd587f336f1b242fb2e1599062816dd4658cf4711cb15ac93,PUBLIC_CORE
tests/test_classification_v2_full_oof_training_contract.py,8684,951c2d887a2eaa458625376314c7122adf8352efd83c7b8666eed28240cf6f3f,PUBLIC_CORE
tests/test_classification_v2_full_run_preflight.py,6643,28972cd75cbd9a69d642e6dab5e0a30f3fe6851ac5b061d65f29a488e480348f,PUBLIC_CORE
tests/test_classification_v2_group_a_authority_production.py,22363,a624d4271ecbf11b7ec54271e81aab0dbfa1f24c8083e68d2ca40af68eb32c0e,PUBLIC_CORE
tests/test_classification_v2_gui_launcher.py,5411,73120e9e79fa9dd0db6fce36d293535657e73bc9ef4e370b7f6e925e44c568e7,PUBLIC_CORE
tests/test_classification_v2_h5_bundle.py,5783,dc00d8b36567eb6880635a0c04d61609822fe64ea0da02d6e752031b58e9b6d3,PUBLIC_CORE
tests/test_classification_v2_h5_feasibility.py,3309,473228af212edef70bf53c60fe6da7c3640669bbea5061d872079fe0fde4fec8,PUBLIC_CORE
tests/test_classification_v2_hidden_apply_contract.py,6997,e34c67f36202d3811663b375340ae9705460ce03de16ca000ab7262d5bd68494,PUBLIC_CORE
tests/test_classification_v2_hidden_carry_forward_production.py,9440,909a3a591e248664255ceb423a460f9211635e17b35941a0dbb3082f8afbdf8c,PUBLIC_CORE
tests/test_classification_v2_hidden_metadata_drift_policy.py,9839,7c8e11970bb9d376521498e3cfd0f3aa41579d72c216c4c7be5c173d6531aeee,PUBLIC_CORE
tests/test_classification_v2_hidden_review.py,44812,9c7c26947628a410c2a547a810e5ed45a8996a8e8a1d31119c40dae6a4f6bb69,PUBLIC_CORE
tests/test_classification_v2_hidden_review_builder_contract.py,13844,06fd1aaf57a9b74a5f320b36b64755f2c98ea85d3529e24812ef6bf38a9ecbd4,PUBLIC_CORE
tests/test_classification_v2_hidden_review_science.py,11018,b6c00f6a0a282bfdbe2aec2201a3478e6de518ea2740419a96a149a72c7beb5b,PUBLIC_CORE
tests/test_classification_v2_historical_baseline_control.py,6830,763378355075ece3d2a0c33895f4a921f6add98f22e691d7f39e0e4065da7b1b,PUBLIC_CORE
tests/test_classification_v2_identifier_contract.py,10775,e3d84f99a9b096502d142d60e59ee62ebcae39423c0e0e81d8a64f0281cc0b1b,PUBLIC_CORE
tests/test_classification_v2_identity_continuity_adjudication.py,19230,6ab72100ab38bd2444d8eabdfc3748710072323a657f2916bbbbcff3a15314c2,PUBLIC_CORE
tests/test_classification_v2_identity_continuity_apply.py,16428,858af5c4af91a12c6506b6b3f509f35f550404c11646b694e734fb07501b0128,PUBLIC_CORE
tests/test_classification_v2_image_cache_lineage.py,4037,a6612a75f9b0ad8c2f83af8398322d29cedce5004e572188ae23ad50a32dbfb0,PUBLIC_CORE
tests/test_classification_v2_image_context_index.py,10814,88cdf874b995fcee24ad2b0571c48eef658459b78f60d72aaf814155b99ede0d,PUBLIC_CORE
tests/test_classification_v2_image_loader_audit.py,1857,0ed09485e4ed6e86f2e88ad25ccede0e1ab4d9650d26bb394db53084d66af408,PUBLIC_CORE
tests/test_classification_v2_imbalance_losses.py,3485,31cefb8f0f42547297c14657de35312967f952d80a0628591c39c4efed9e64af,PUBLIC_CORE
tests/test_classification_v2_interaction_calibration_development_analysis.py,7377,b6e8465808ab951fed0f03186d9325c43fcb609b8c2c1fd01a44becb8f23292c,PUBLIC_CORE
tests/test_classification_v2_interaction_calibration_sampling.py,6697,e653da68670d28b0afa0d48f536ed6a0cf9cc3e63a88317a83ee280696eac133,PUBLIC_CORE
tests/test_classification_v2_interaction_context_index_contract.py,5238,2ec26575ce983dc4d4202b8e1b6cf7de91b253abf4dbc928258c155d333d79b7,PUBLIC_CORE
tests/test_classification_v2_legacy_c6_full_development_freeze.py,4145,f89e246d57902b0536d8f682a1e7b6634784a78bf395bdbf7278e4cf8d2ce6d4,PUBLIC_CORE
tests/test_classification_v2_legacy_c6_modality_inputs.py,4282,1db60cc05bdc1d74b3378a1db6928aec897741c4e8cda5444e5e23eb36ba5ae5,PUBLIC_CORE
tests/test_classification_v2_legacy_c6_modality_matrix.py,21061,12787a9cb7e3a2f48991c069a3f96452ec5ffc22a351d6af5fb2b7fad39fd16f,PUBLIC_CORE
tests/test_classification_v2_legacy_c6_modality_promotion.py,4470,a5f1a7be876a629e88583761663abee1a9b1b79389e68efe7adf3f5bddcd147b,PUBLIC_CORE
tests/test_classification_v2_legacy_c6_prepared_source.py,6431,f7dd3719e05d1a06926c2d65ba440dbe2a1314a136de01660537b77c1ef4a3ca,PUBLIC_CORE
tests/test_classification_v2_legacy_c6_screening_source.py,3905,c2350ed26fdea2aa07d26e809c8c49b3c7d30572be408115d2ed91d3e7e6b3de,PUBLIC_CORE
tests/test_classification_v2_legacy_c6_temporal_freeze.py,2977,1a4623c79f6c58dfb37c131b9e5d329d1e3137f131e65ef791cf39c8a13116e8,PUBLIC_CORE
tests/test_classification_v2_legacy_development_l1.py,11906,cdfad59a69e1fed13184357ef944135ba045a239ead7829d834fe8d96271b2f0,PUBLIC_CORE
tests/test_classification_v2_legacy_development_l2.py,5318,650f686d1fc17d738c17f9ec17019ed2acd2db48fb8271d72ba9760b655945a5,PUBLIC_CORE
tests/test_classification_v2_legacy_development_l3.py,12679,134c6b587c6d5855a569219f2856f80182966b403bb2e6f602e96b60a7507227,PUBLIC_CORE
tests/test_classification_v2_legacy_development_l4.py,13219,332e42ec2633239a38d045e68c096a01af967661bdac267c229983885d74cf91,PUBLIC_CORE
tests/test_classification_v2_legacy_development_l5.py,8888,d9473ae0f23a59e8f7e59f7b1c1d5abdce2dce2f82ff92c646ca9b88ba81d30e,PUBLIC_CORE
tests/test_classification_v2_legacy_development_l5_cached_data.py,25771,2f753e60b55cd5dd9fbf4fc4056080e046ffe9e35a63d5926369c5e8ab1ef66d,PUBLIC_CORE
tests/test_classification_v2_legacy_development_l5_cached_training.py,44978,5c56aa9abe22d7a2dffe8ced613a1e62bd4873262392b7ba3b1620048678d1e2,PUBLIC_CORE
tests/test_classification_v2_legacy_development_l5_feature_cache.py,17219,6eae00885b6b55f37821b41798179307f9d8d0cd00173dbb86cfb1e141908195,PUBLIC_CORE
tests/test_classification_v2_legacy_development_l5_visual.py,6630,3d8c957fe488ee0648f16d8e7a203254d04d41780f2f6baba645081bd71b5239,PUBLIC_CORE
tests/test_classification_v2_legacy_goal_completion.py,3879,7e2a805b1abb0ed26100720eb6d391c79b25204c1a9541d5e6c570bdf2584c8c,PUBLIC_CORE
tests/test_classification_v2_legacy_l5_paired_decision.py,10509,e4006352607cdef7eed883a7870337c2d60528f02ec260c02fd54ccff55ed7b9,PUBLIC_CORE
tests/test_classification_v2_legacy_l5_temporal_ladder.py,21225,6a79f0072a0bcf8562b8b69e868a3bfcd126735f6b117b154877792e33be4bfc,PUBLIC_CORE
tests/test_classification_v2_legacy_l5_temporal_ladder_decision.py,6856,49c2f34caf886ad651f733c3dae7a82b76f958d31ad020ca03f7497b8e8483e5,PUBLIC_CORE
tests/test_classification_v2_legacy_l6_full_frame_cache.py,2065,7c6f53b6afe27a3b2faad9a5fd63e9731e646ea88dc50588b1e427e68a8dc2c0,PUBLIC_CORE
tests/test_classification_v2_legacy_l6_full_frame_context_decision.py,3042,6734a600e9b09aa58e05c6d91de386781bd7a1eae2cbddc12cfa4f77cb1268eb,PUBLIC_CORE
tests/test_classification_v2_legacy_l6_full_frame_context_training.py,9140,6aed5a47e4ac6a109a2ddc001375b3d1f5de71e99ba2b24fc2ba6325e1939736,PUBLIC_CORE
tests/test_classification_v2_legacy_l6_geometry_cache.py,3740,60195681d6b63ba5d00b89c3a131b5b44d5a03e2e73b24c6b89de87fd42f2230,PUBLIC_CORE
tests/test_classification_v2_legacy_l6_geometry_cache_repeat.py,3410,6f1002ad493fea82aea82a1eccb17c2debabc4b63a1d03e6cf735f47b8b59a8c,PUBLIC_CORE
tests/test_classification_v2_legacy_l6_geometry_decision.py,4588,04728064510ceba3eb414ae430e666a0dbf9086d75f1bafa5b0c1e325922b92e,PUBLIC_CORE
tests/test_classification_v2_legacy_l6_geometry_runtime.py,7205,10e581b98152fc2943b99fac91e471191d8da24d39bcc7dc8aefb10e354b60f1,PUBLIC_CORE
tests/test_classification_v2_legacy_l6_geometry_training.py,9421,a0d9c42a1a69f811604b857d14decaecbf49e6beff770c53719b2fc397c20400,PUBLIC_CORE
tests/test_classification_v2_legacy_l6_motion_cache.py,7198,a0e7051d4afb7d97414fa9c5385e64e8062f9f3708fe8e389f4d2e00e6124701,PUBLIC_CORE
tests/test_classification_v2_legacy_l6_motion_cache_repeat.py,2464,52f196a9d183e996d8a23108cfb81dcfa5639821c9604f7d3d471084aa001f86,PUBLIC_CORE
tests/test_classification_v2_legacy_l6_motion_decision.py,2909,68a69674fdea065817d30764d92e036d84ae9159c89143c8296ae3f458fe6b1c,PUBLIC_CORE
tests/test_classification_v2_legacy_l6_motion_runtime.py,7466,40c82927b3409bd843fa06b658d149de01cca2f3c459119a0ff146c94ce9921a,PUBLIC_CORE
tests/test_classification_v2_legacy_l6_motion_training.py,7997,969d32cb97e6ea005454fcb65bf304ea29a48492294382c6dbbd514d7cff19bf,PUBLIC_CORE
tests/test_classification_v2_legacy_l6_pen_context_cache.py,5290,6789bda310591bbd01b2b27345af052db8c20303e5d3e21e7c45f876c682f64c,PUBLIC_CORE
tests/test_classification_v2_legacy_l6_pen_context_decision.py,3404,55cc6663c8943b1e469e678e24de7924a9fe56b481629874b8c59cfc83686cf1,PUBLIC_CORE
tests/test_classification_v2_legacy_l6_pen_context_diagnostic.py,4127,eb604d03b52e409845291d06960639fe12cf2b7bb45de65c61e3684e4c45aacc,PUBLIC_CORE
tests/test_classification_v2_legacy_l6_pen_context_training.py,17018,e4bb1a69812cef545c3811358e91818ffb068cb5f82822382701e94f97facaa7,PUBLIC_CORE
tests/test_classification_v2_legacy_l6_roi_relation_cache.py,7650,e3723bd7386eb60a508da142d2be30d0058772a01a8ede5eec454ec9601dd978,PUBLIC_CORE
tests/test_classification_v2_legacy_l6_roi_relation_cache_repeat.py,3659,5150b38f2b050b6ee07932762322ae0138f5824e6397a19031104e4d7d26b8d4,PUBLIC_CORE
tests/test_classification_v2_legacy_l6_roi_relation_training.py,10828,270c809dad3153ee54b574711d2f63f441a109fd4ea22bc338b163ed72d38604,PUBLIC_CORE
tests/test_classification_v2_legacy_l6_social_relation_cache.py,6779,a65b4c6f6df16925d8d1d33117d48171cef0e26737932884b01b84380bfd8323,PUBLIC_CORE
tests/test_classification_v2_legacy_l6_social_relation_decision.py,2642,77600b215f0e3f6db7ec69fd3379e75f3003ad6bdbd0470e5250831762e7dd93,PUBLIC_CORE
tests/test_classification_v2_legacy_l6_social_relation_training.py,8803,1d906265b8b6aa22d4206e03b834adfa0672b07ae1dcf2e9f716b35c775f5864,PUBLIC_CORE
tests/test_classification_v2_legacy_l6_union_context_decision.py,2934,15d60018337304da40f7582f37cdaa03e9a16ecd4c03711e782e9a56d854253c,PUBLIC_CORE
tests/test_classification_v2_legacy_l6_union_context_training.py,9093,b5a9a808eaf929acbc50c8bfd05669f65d21faad0afaf06e52ec2e0254d4f87b,PUBLIC_CORE
tests/test_classification_v2_legacy_l7_imbalance.py,5703,275c9113c5ba682153da59676b9cf41a38974e01f8954ddead74e6cdec8fbb19,PUBLIC_CORE
tests/test_classification_v2_legacy_l7_imbalance_decision.py,2826,a36ec6f3839cafa0e6efdca5a961ac271b3c09e5b05d79bacb0dae2472cba152,PUBLIC_CORE
tests/test_classification_v2_legacy_l7_runtime.py,2736,0e74b7f04495179da20bac23df646b5f1abac9723e796dc5e825c04f65a735a5,PUBLIC_CORE
tests/test_classification_v2_legacy_l7_synthetic.py,1804,0d1cf5b4880727b4f883fbe92f7e1b0a6060629f4b9ad83f1e94db3cc1935884,PUBLIC_CORE
tests/test_classification_v2_legacy_l8_candidate_lock.py,11951,c0d7cde639a9c49727041b23583d237d6d02585b61c1afd0c1a06aea84510e5a,PUBLIC_CORE
tests/test_classification_v2_legacy_media_resolution.py,1764,310f65fcb18af8ad48e837a9a0b8289c100262881001e86d5ad326be624fc1f6,PUBLIC_CORE
tests/test_classification_v2_legacy_noninteraction_scope.py,8196,5f47dfcf51d679f374069624cfcf6cbd4540affaac6423fe21963ded6887568d,PUBLIC_CORE
tests/test_classification_v2_legacy_temporal_base_selection.py,9597,660cffc31a69d8cb49cbe5903f96ee9d7e014c195f30df12c841a802375d9ac8,PUBLIC_CORE
tests/test_classification_v2_legacy_temporal_base_selection_decision.py,7538,277fb90db517713a8bb5102eb9670a375c0bfe025d8391284d0cf474a4eb3161,PUBLIC_CORE
tests/test_classification_v2_legacy_temporal_sampling.py,6154,b2a1eadb4822ac1a0384aaecabfc19862061819d9e6952a0938730fd61294c2e,PUBLIC_CORE
tests/test_classification_v2_legacy_temporal_sampling_decision.py,4917,9d82e55fc31ecaf457b9a649617cb7c9e86ee1d3a0450ee303d4777b007be46e,PUBLIC_CORE
tests/test_classification_v2_legacy_unreviewed_development.py,16243,3356c2b1f808b1074a0b38a526de242e389f45b239e22ae13430fd6895f742ab,PUBLIC_CORE
tests/test_classification_v2_lightning_resource_identity.py,3086,532bb5a4895603ab4361ce229f555d1cb30cda261b419f820c17aa8fd2c05cd7,PUBLIC_CORE
tests/test_classification_v2_loader_input_audit_v2.py,7507,0ffb8415068aab10ab06cfd553548dcca0b8f6d3efcb8747a9f55b7bb5bc88bd,PUBLIC_CORE
tests/test_classification_v2_m0_training_contract.py,3370,bbad6a9cc00d69e3d332c8fb465914763dc710df20fdfb06bc0d8116c9a95352,PUBLIC_CORE
tests/test_classification_v2_merge_contract.py,2828,ce4eb48c6535202d1f09c7b264aacb29eaa3bca8df8fe59b6e58059d9016b9b5,PUBLIC_CORE
tests/test_classification_v2_metrics_payload_contract.py,1193,8b29aeafe648cf208fdb12723522b57544a090c2282a8b886a396c84b8e9d2c3,PUBLIC_CORE
tests/test_classification_v2_mini_cvat_adjudication.py,4109,8759887abe816e3bf00e8a0daacebe934f69ca057e9335b24fc60c8a670dde83,PUBLIC_CORE
tests/test_classification_v2_mini_cvat_editor.py,3882,b487d0dc77dd948192196139a974182343afa9d79fbd2841e9681b25f4ea8ec0,PUBLIC_CORE
tests/test_classification_v2_mini_cvat_gui_v2.py,5751,de466f1c132a8e4453ba79ea6423e6d84fd5a1f5d7bbd947951ed9498efe2133,PUBLIC_CORE
tests/test_classification_v2_mixed_source_lineage.py,2726,a85fcdc1b5718aa1a85262101a839bf67ba2e87bb86b58b6fe540ab3efaf630a,PUBLIC_CORE
tests/test_classification_v2_model_factory.py,15384,f5508609430dc8468f915307de267afc44fb6e72691962963d6616980e5ccf16,PUBLIC_CORE
tests/test_classification_v2_model_input_manifest.py,10526,3e2c06f8262918bcbd9703d1ad0a22c2a8114b3c0fc2e8c0b7495644a0d6813c,PUBLIC_CORE
tests/test_classification_v2_motion_time_contracts.py,29505,89b96f3d2d4d19e63fc39fc63a44cfc7f1dc210f7b4b2160da7367e086a45402,PUBLIC_CORE
tests/test_classification_v2_native_evaluation_contract.py,10185,fd7e04d43aec404478383c6996ad10f1d1eebd2435af4b748113e1afa745c1ad,PUBLIC_CORE
tests/test_classification_v2_native_majority_contract.py,2459,46352fe823f3a61a652c5864321ad0d07a98451ee78db000daa6e1484d55230c,PUBLIC_CORE
tests/test_classification_v2_native_temporal_cluster_bootstrap.py,1966,5240b24f0fc7853b14ecce7a6dc9d1192f542d681827141069093446b8584d0b,PUBLIC_CORE
tests/test_classification_v2_native_temporal_unit_contract.py,4926,e42551ecd466513267537e8488cd14768a70724739179a5aa042caedfdb371d9,PUBLIC_CORE
tests/test_classification_v2_next_phase.py,5645,ace9e15d75c8a0c8363042dc5a488ec12a773cda7406b204cac2324789c57674,PUBLIC_CORE
tests/test_classification_v2_object_track_key_authority.py,14691,8ceb583cd6588bfdad923ada35b0923da0c09fe847b2bd9b63569cc4b671317f,PUBLIC_CORE
tests/test_classification_v2_operational_lineage.py,25131,5685688b53bfcb384c5426822618ca0758de9cbc9410fc356d4fbdd4caee1529,PUBLIC_CORE
tests/test_classification_v2_pen_context.py,9285,e8e6b065a9a263aec0f9313204ead63b2199ca03f84332d542ca9f973260c915,PUBLIC_CORE
tests/test_classification_v2_phase1_pair_contract.py,17934,36894e1895bed60f7702d2cadc8ad354cec8b06d030187ab13e3d34316f0647b,PUBLIC_CORE
tests/test_classification_v2_phase2_motion_schema.py,13442,3b09c714655285d92a7f3854263203cda8f73fae9607ae67f6375af77164e3da,PUBLIC_CORE
tests/test_classification_v2_phase3_spatial_semantics.py,19679,84ca6658d294b52a31bd1a66d054767c9dc843b6884fccdb35383d1b686500ff,PUBLIC_CORE
tests/test_classification_v2_phase4_runtime_dependencies.py,5249,19df3b124675491b09a021c985818797c6877aa170cd75e63a19501cae0b5df7,PUBLIC_CORE
tests/test_classification_v2_phase4_semantic_lineage.py,30477,7eedf5d227362bd7d1d14f4f20a80d338011d621481c57c1e2eb0df9eb6d3711,PUBLIC_CORE
tests/test_classification_v2_pig_strenet_artifact_gate.py,3799,703115bd22d26f11d8eb8f146d036e628b7f3cb7a1bfe1cff5486f5829341b94,PUBLIC_CORE
tests/test_classification_v2_pig_strenet_artifacts.py,16026,d3c33782c94b89837658805d7a129f8f0de5f067d741bfa43d6602d8a005c608,PUBLIC_CORE
tests/test_classification_v2_pig_strenet_media.py,17716,70a64b34483c9e9d74c1a8dca019f3dbcdd2119a2d51f71e28fc2041a8114635,PUBLIC_CORE
tests/test_classification_v2_post_review_pipeline.py,14426,7a9dda31e175526ae968919c745385d496416b83a6f8bbe8578cdde93894ce34,PUBLIC_CORE
tests/test_classification_v2_post_review_residual_discovery.py,5484,6b0e90f52ea5e24d1db51a4a78f12b96b46078bcd05b01f019a9a0182cfbc9da,PUBLIC_CORE
tests/test_classification_v2_post_review_selector_candidate.py,7929,8a9d09a1a177eb9c8e68894448b12bcc40d1ce36e10786cb6089dc2a016bf0c9,PUBLIC_CORE
tests/test_classification_v2_post_s1_host_binding.py,8412,31a82d09c02ca9c7704a5a2deab4d61f976d7b73587582d6f8fe9712b21344b7,PUBLIC_CORE
tests/test_classification_v2_posture_proposal.py,11756,29db0877d3e46c0f5f3795e807ea56a44a60909ce68f303ecc6936f6dade55c7,PUBLIC_CORE
tests/test_classification_v2_pre_behavior_review_gate.py,16511,06024d387ff642a4ed812e720393a8eef28b5a3793e72dab297d69738bf62882,PUBLIC_CORE
tests/test_classification_v2_pre_review_science.py,11973,738688115e069e9874145088e5044e0caa003230de1d31651df882bf499f7ffa,PUBLIC_CORE
tests/test_classification_v2_pre_s1_calibration.py,14331,f1ce4b0c1fd60a498264109868041c93ca62ac960ea8f106c4316aea99f8e0b3,PUBLIC_CORE
tests/test_classification_v2_pre_s1_rgb_binding.py,15944,71aeb3056867618785aabda479d055a8c4e88d27a71be7f173c5b362cd339ad8,PUBLIC_CORE
tests/test_classification_v2_prediction_schema_contract.py,1208,ed5a76f9fcc59f474d8bd3811ab90b2cebe359151ae8c53c5979a74c208f85bc,PUBLIC_CORE
tests/test_classification_v2_recording_group_contract.py,4189,19c8f6c3a365ee38e1752158f361791c3690157755beca045b212f6fdf89794f,PUBLIC_CORE
tests/test_classification_v2_remote_code_bundle.py,4380,2d0b0a272d7b97c8206201ed16247bbf437237a45537a00b5562a45e03f9132c,PUBLIC_CORE
tests/test_classification_v2_resolution_pipeline.py,23553,549b1a665ebc82fb1ebcccca48dc2414a9d1a6bf0ce5b537581067f6c36f3c93,PUBLIC_CORE
tests/test_classification_v2_review_neighborhood_evidence.py,11755,32471953fd3b434767106caa15a660b55477079335b70813154a3ae2728ae3d4,PUBLIC_CORE
tests/test_classification_v2_review_pig_integration.py,4992,6bb79a01925470dd82dc8316161504e6ff1ebc07155b449f5c57210b5675d7a4,PUBLIC_CORE
tests/test_classification_v2_review_rebuild_safety.py,31052,d2693e12ee4c50a3b9c9c2105f1da6161e458eb809af94280aa7f876b1301580,PUBLIC_CORE
tests/test_classification_v2_review_unit_window_contract.py,1564,a4e019a0b7eb27c30f273bfc436ba8d6c9123e8a2739f90a2590de1aedee8d57,PUBLIC_CORE
tests/test_classification_v2_reviewed_q2_artifact_map.py,6280,4a3caa8392900359a5f4c44f7bc9813eae4e00f49ba3c1c25bf034c3bfe301b5,PUBLIC_CORE
tests/test_classification_v2_reviewed_q2_contract_template.py,8623,8d3e1e0fb676cee227b4eb72db02e2b7ba88ab876c7a1b9e460f74820b813e74,PUBLIC_CORE
tests/test_classification_v2_reviewed_q2_mixed_finalist_preflight.py,14325,86a69bf0596d518a6a972ae39e1dcec696d9adedb4fe3efac93d0039a4f8aa88,PUBLIC_CORE
tests/test_classification_v2_reviewed_q2_p0_preflight.py,6385,e911527bce1378815a772efb0dcb76db4f1b432edca3713220b464fc4b23324f,PUBLIC_CORE
tests/test_classification_v2_reviewed_q2_train_ready_export.py,10759,3e56af7a9f3852a8fa909232b2ba5348bb235e1665c425b415723173907be528,PUBLIC_CORE
tests/test_classification_v2_reviewed_rebuild.py,11099,13a8445c53880185e4756b49dce05403a5f417a2c9a91ed741ed27546c18af44,PUBLIC_CORE
tests/test_classification_v2_run_lineage.py,26513,98d914dce43b6aba747b1623f25543a80fd211a92804f0b4ca14252494c89472,PUBLIC_CORE
tests/test_classification_v2_runtime_benchmark.py,2917,d1ff8b8b47a3ceeb0e7c1026e4be8773fd458600ad6da8b88f9f44599cb25df0,PUBLIC_CORE
tests/test_classification_v2_s1_control_and_calibration_authority.py,18630,3b2768a9b387b9f840654549ce0cbce4a0dca90190a8b3086c60acad22e7e517,PUBLIC_CORE
tests/test_classification_v2_s1_primary_temporal_semantics.py,8919,9657f86829d7e6e2f2c0d427121a367e327fccf0ffbc49fe0590d85e0f64d859,PUBLIC_CORE
tests/test_classification_v2_s1_stage1_rgb_materializer.py,2308,eb52824cce24b168ae5a81af5e6cbdaa59bab1808908962155a20875ebecf95b,PUBLIC_CORE
tests/test_classification_v2_safe_non_interaction_view.py,8045,57cda4f6d420f6d62ab0a83837344c1d1e855395aa7f97ca8ef0e73b053e32c2,PUBLIC_CORE
tests/test_classification_v2_scientific_contract.py,6313,9148a80c55698583ab00b3f3f863916aa1ba7d94736a342685b492da0f4803ea,PUBLIC_CORE
tests/test_classification_v2_social_context.py,4313,c0938d9e72ba4bac916a3a83ddb39503ef2f7d5ab68275578808f9cd359dddad,PUBLIC_CORE
tests/test_classification_v2_source_balanced_reporting.py,3081,5da076d236ced548a7b518a5234a3cb36a0273fc0653ecbf08e2d365bbdcb7d0,PUBLIC_CORE
tests/test_classification_v2_source_specific_presentation_v2.py,20717,708a771185b84e04bbc06bc24a60d171411dfbbaedd2c34e0b86578515f2d848,PUBLIC_CORE
tests/test_classification_v2_source_to_window_lineage.py,7759,80b9c7f8ff2cc5eb4a52c5ac45a371705a667c2a911feafb44a48cf41996aecd,PUBLIC_CORE
tests/test_classification_v2_source_verification_cache.py,9140,52ede0482d44cfd56e70220085ae4fc29401c63afc16a827dd8584c626104b08,PUBLIC_CORE
tests/test_classification_v2_spatial_mask_contract.py,9796,5fc70f4f6d6ae201b215d17c17eff9fd2e7ff45ee735e21f760ef352d438a3b9,PUBLIC_CORE
tests/test_classification_v2_spatial_sequence_cli.py,15000,7bbda9415cfcb27d2237956917b3aa2e83f89f8ed22dee9fa3d97dab7d6e3f63,PUBLIC_CORE
tests/test_classification_v2_spatial_sequence_export.py,23811,b8e5709660c80d190e02c5b825d24957a55c1edde17116e78998a65b30853b51,PUBLIC_CORE
tests/test_classification_v2_stage1_execution_authorization.py,43164,cfd8382677211cbb4a0fc73f4d5cc13074a06d0110270381c96f90de29c2a632,PUBLIC_CORE
tests/test_classification_v2_stage1_rgb_binding.py,13893,42a4f164b7c241a3ae1d32b1851ec48e0d0f760df345c34762987b40fc07a16f,PUBLIC_CORE
tests/test_classification_v2_stage1_temporal_screening.py,13851,c727c4fb328c74dbc0c506027e6a89e322e7f70fdd96721e470109ad7bf38197,PUBLIC_CORE
tests/test_classification_v2_stage_closure.py,3115,8a0760f3fa2fdef2a03db42c08014ebf38f2e2e56b71fe317085f946f18c4455,PUBLIC_CORE
tests/test_classification_v2_technical_smoke_gate.py,4020,9f4b75b91644550f6bf048eb44c652855be218e553cd7f4c27b1c0331dd645ad,PUBLIC_CORE
tests/test_classification_v2_temporal_evidence.py,12159,9ca0bee70085f3cbff079ca8731ae6e389b0e65012e83ab29beffc95a78e68f1,PUBLIC_CORE
tests/test_classification_v2_temporal_fusion.py,1310,34d0454f6ee480facf91513688a45f6b9c87afe7ab863ddf4ad8d7b91e959413,PUBLIC_CORE
tests/test_classification_v2_temporal_perturbation_controls.py,11983,114703a18feb2f4c11a19debb236fa4cdcb58ec95e96a4b1f32b632d85cb1919,PUBLIC_CORE
tests/test_classification_v2_temporal_smoke_scope.py,7321,9542f9ac5c0046670c44381d25e9b422c1309449c14f69cecc066537792caf80,PUBLIC_CORE
tests/test_classification_v2_temporal_v2_consumer.py,13307,555a23db241456d78cb023cb1355a53d7b67ca54c6123fdf2d1659580d15465e,PUBLIC_CORE
tests/test_classification_v2_temporal_view_loader.py,14022,c99892ec289d591afbd4b83d776bdfd70d955f9e60d1307e8e5233671977217a,PUBLIC_CORE
tests/test_classification_v2_temporal_views.py,20119,0b933632d23fde479dce47fbbba64ef60fe6e55b41e7a10b48af768313235459,PUBLIC_CORE
tests/test_classification_v2_training_lineage.py,7491,caeb43ae6d50496cfd2950c3936a27f6694691721f7e9b5ad2e593d2e7a78af7,PUBLIC_CORE
tests/test_classification_v2_training_snapshot.py,8666,ec41127648e99698932b8dd6ff0ae81dc5e60c933695bfd87f31254d280183cc,PUBLIC_CORE
tests/test_classification_v2_validation_selection.py,16126,299953dc50a8468a2c8ca8e0d9219cd12b1ab0f862ff028efdd79add45d1c9a7,PUBLIC_CORE
tests/test_classification_v2_versioned_data_contract.py,12466,bfc7c50bc9d4675393f877120c0e9baf420f02b8229eb0dfa3a5ef7f103197ea,PUBLIC_CORE
tests/test_classification_v2_versioned_training_snapshot.py,8397,246f73b6fc94df87f3c860f49fc20839032c6360ccd5f1c894df7d4c512bb249,PUBLIC_CORE
tests/test_classification_v2_visual_backbone_smoke.py,2601,a118c8b86837760e624402c6e197c847c3d8b5a91dadb09f8454ef63fdc2dddb,PUBLIC_CORE
tests/test_classification_v2_visual_freeze.py,12808,3655e79dc0fcc5c4a9351f8df07a713c541bd3c1d7527ee5ba1ed634bb9d60cd,PUBLIC_CORE
tests/test_classification_v2_visual_interaction_context.py,9121,647cb21f76238f04cb012af33c1bc0434b4e1ef688f729b281f8ad9cb47c722d,PUBLIC_CORE
tests/test_classification_v2_visual_interaction_selection.py,8514,ce1cf9b4a4601750058c465d6f47263b66552a287b450b57d46c66f0e6327a69,PUBLIC_CORE
tests/test_classification_v2_window_major_cache.py,4631,1aee62d3efb6c867f8df3d0bf6f90fcca871ba3037be0b181bedf387edf5f3bb,PUBLIC_CORE
tests/test_compare_prediction_xml_sets.py,2289,bf7ca0a4688ebeab3dcbf98f942d5b3e0200d53e1d74ce831f2179e98287b686,PUBLIC_CORE
tests/test_complete_development_2x2_standard_v2.py,4230,07c36d41b97d26c872fc682b9564b160485f70b4dee0d72f5625ccf0c9cd5f9a,PUBLIC_CORE
tests/test_config.py,2703,9db2868563a893e89a04c1e0ce3ecd2868af9e4f74dc0a397da3b75981f5b97f,PUBLIC_CORE
tests/test_current_main_baseline_cache_tool.py,3500,b7cc38fc4cd8a9b3e38e7de34cc85eff559af7808e0faf244c467cfa893789e8,PUBLIC_CORE
tests/test_current_main_r0_baseline.py,1236,94ee351521c6bad94aaa4efb070a0c4a5580f6667ae08243da083ee2b5ee77f2,PUBLIC_CORE
tests/test_cvat_annotation_quality.py,10007,33f35252f83e8943509464d3e7ff75e75acc09ea1b41710d90af76f791c8c98b,PUBLIC_CORE
tests/test_cvat_native_mixed_formats.py,5254,de76e42ae0fac9554693cebc10ad612b164ca0e94a64bc14cf618657736efe35,PUBLIC_CORE
tests/test_data_plus_multimodal_alignment.py,6228,4526adbecb8707d03906ffb95a352b4e36998dac1d2e16d4220950fdbbf25050,PUBLIC_CORE
tests/test_deep_local_joint_model.py,4722,9a82041c654d535699a00fefe38509e9c0cba2a1747599a732be0f65a694f51c,PUBLIC_CORE
tests/test_development_evidence_defense.py,9986,97a2f22ee2adf78c2cb92df6f332b2a242b6fa9069697b564580e30b1a263206,PUBLIC_CORE
tests/test_final_generalization_recipe.py,4202,63ab34444972f5b11b877fddc1955eb3d048c0def828e4a11f88777146c1eafb,PUBLIC_CORE
tests/test_final_joint_integration.py,8537,e28c0436e6f801ebc4d14955b09e0a7d56abc788f5c70872d9df978b098ed484,PUBLIC_CORE
tests/test_g1_posture_auxiliary.py,5004,08175c9b9bdb31f2bedc25e6e17193e8252692c5d8895b76f40ccb08564e71cb,PUBLIC_CORE
tests/test_g2_cclsa_model.py,19181,0aec7461e59ed5e9c3b0ba3fb241be902354cb481fbeff9b4e9c0a2746f4b38e,PUBLIC_CORE
tests/test_hard_scene_evaluator.py,20438,4c533af9c5d11dba7e37050159d4f535d2a4510cb8f40ab2b8b3854e4e559492,PUBLIC_CORE
tests/test_hidden_review_gui_production_worklist.py,6443,b331234f53dabccb44e06bd587648f69f07fe6bce8cae771c505fe6732c3e1fb,PUBLIC_CORE
tests/test_hidden_review_gui_resume.py,10939,100e201d002c4c29b55ed4e424dcbbb37d25b716ff4497ea1bdd1e4675641ece,PUBLIC_CORE
tests/test_history_residual.py,2300,6e3b8303ea3975e64249b7dcf82690166e199b9168228b78f208df39389713fe,PUBLIC_CORE
tests/test_joint_representation_model.py,16617,a23bcd751c63f7a2e14a6ae3cf70cff0fe60fbbb58107287eec32ca38f334e38,PUBLIC_CORE
tests/test_legacy_burst_multi_gt.py,6752,8fa3e5eea0e114d0ea2986171a85890e17055f20b4c6777772b08aa680ecb159,PUBLIC_CORE
tests/test_legacy_burst_timestamp_utils.py,4002,e821068794aedf0300864c047cb268c60086fd3ad7f1899ed79de15a50f5f536,PUBLIC_CORE
tests/test_legacy_burst_training_policy.py,10242,0ef7c0a53df4b875eb3a82a82e237c6410c40e2bddfd85ec7386c391f1eb2699,PUBLIC_CORE
tests/test_legacy_cvat_behavior_overlay.py,37879,61980f0ba5ab8cbd5703c33e1934e5f03d662f4c6fffdac37117cf3e5c9a7ff6,PUBLIC_CORE
tests/test_m1_dg1_date_adversarial.py,7496,7d3866fbbead3d98cccdb2d4fe2904c55e24406ff2e9c6678bc2b1da3bb46ecb,PUBLIC_CORE
tests/test_m1_model_integration.py,7802,f34189b1dfdac37e254799f4ef845b6fe9000daaa0ea5d463e3b056977c3c97f,PUBLIC_CORE
tests/test_output_layout.py,2291,8fbf0919d3347710557e7c24cc74af14f8da36f4d4b8e04b2eb986c691cf6a35,PUBLIC_CORE
tests/test_partner_residual_pb2.py,2013,92e893de13d75328c4c452136752fe8c7cf397dd1f673f3f42453031e04a4b4f,PUBLIC_CORE
tests/test_partner_tokens.py,5730,ffe6b16f96539a1e6e1ae2711b81e1dc05ac5ab6cdc84a84493997fe01405187,PUBLIC_CORE
tests/test_pb_teacher_f2_semantic_repair.py,6980,16dc838527c27aa76ffa8f8eb51b17f236453a7b69b06f2e63f3d824536c96af,PUBLIC_CORE
tests/test_pb_teacher_f2_v1.py,6957,74badf5e0725b6a8484189f7518fc1b13979337cc7217187cab451a0d2e9bf3e,PUBLIC_CORE
tests/test_pig_autoresearch.py,13231,74df47ab8170725850580c905288659ba89e031461194840763c9bf6397ea63b,PUBLIC_CORE
tests/test_production_wiring.py,16057,2f2c6a44ff1cf776c299fb300957c3e0ae5339f0f7e3f6df9b5be8b9989e2c47,PUBLIC_CORE
tests/test_reconciled_methods_standard_v2.py,2643,7b3c4947b4414aedb40c6e3a0efcc0b09c0ef133f133faf8ddce339f277d4041,PUBLIC_CORE
tests/test_rf_hybrid_transfer.py,6150,aad7f257f2c925a06d88ed4393b85d817fdb1cbe6f94c8b4e71aa77d08feab74,PUBLIC_CORE
tests/test_rgbd_association_bev.py,4271,f9e4cb72e026b1aec79b001d5323f8a36451bdc5d3704a4af7f9187965431cde,PUBLIC_CORE
tests/test_rgbd_depth.py,5038,fc7491523e5ff9ddba64c2e51b8467fd0f4973b62197fdd96ae11c091a319960,PUBLIC_CORE
tests/test_rgbd_kalman.py,2933,2f0b2f5fb7cc984d591d0d197b70e577333a62fd8bc5423081dd1b38791e4095,PUBLIC_CORE
tests/test_rgbd_occlusion.py,2744,105018faca4671e9d7ba6b911b991ab01bf2462c472772c23ad1ec8fa17898fe,PUBLIC_CORE
tests/test_rgbd_projector.py,4381,1f5ee258a140002127006acf50ab1f4715aa678384f3efe684ebd8186213ccd2,PUBLIC_CORE
tests/test_rgbd_runner_smoke.py,2663,9758bcb75ff0abd1a04fc3660dbbe510d72be4b50d60e1eb53b605938b494249,PUBLIC_CORE
tests/test_rgbd_sanity.py,5910,a2b9b4be93a38878f4446f69a0e87c04bdad6e44de35062cf430bb47cb2d73dd,PUBLIC_CORE
tests/test_roboflow_integration.py,2422,2e83425aa5863674189c3b464ab2eaedb4fdd5ae78ba2ecb0b4d23c53eb9d8ac,PUBLIC_CORE
tests/test_roi_residual.py,3196,8535c080ef2fab1692802ffa51d65c32b624ffc9278f9e8a661176868963ba60,PUBLIC_CORE
tests/test_skill_inventory_views.py,8011,4aa2caead2c311171b01fb97cde4a29e3783f0ee8cc0a2187327e70449f566eb,PUBLIC_CORE
tests/test_tracking_baseline_lock.py,5811,678d1dddc4f0e350277049bb207ad1588386987af22e724507962fce2caed14b,PUBLIC_CORE
tests/test_tracking_detector_cache.py,9066,b91e06480d1093dcc9509c5a5902f38de1486766984f509e93e044b1d6acc1ed,PUBLIC_CORE
tests/test_tracking_error_taxonomy.py,3193,5804ad40380ccf67c5d34e29ce6959fe659eea0960b9dcb6339d049da416f603,PUBLIC_CORE
tests/test_tracking_eval_config_overrides.py,5473,b6f109b3589cd226432d37e17c4d9b25445c80e3e0daf1d6af9f2524d45c7216,PUBLIC_CORE
tests/test_tracking_evaluator_standard_v2.py,8514,6bed6a925e79fbf392b23769e5f062e36694ef46f00a2c79774225bb25c900f7,PUBLIC_CORE
tests/test_tracking_evaluator_standard_v2_contract.py,3285,48a52ed79d68c185a4a1568391c52a74f42dbec406789cf39e17ba94807b9b5b,PUBLIC_CORE
tests/test_tracking_evaluator_trackeval_parity.py,9996,023d1784aff232cc2a3a7d8434bf950b005836bcc8d2cc37b59c44ed668945ac,PUBLIC_CORE
tests/test_tracking_gt_audit_gui.py,9581,451b667ab2bb43b217b2046417dd7476e939107b7b361877f2691a7f6b8d2597,PUBLIC_CORE
tests/test_tracking_hota_standard_v2.py,8050,7807fbfb1233346eae64be7ac53a9c19fdd4071100626d3c0743518d0c065071,PUBLIC_CORE
tests/test_tracking_identity_episodes_v2.py,11904,89bbcb04cdd7890ca4a71636ed22f190f1842e4352a0add3c0e20d4e164abb2f,PUBLIC_CORE
tests/test_tracking_identity_standard_v2.py,7862,ed8be3bc012217f09d5a82de618f6dc374c8662fa822b300ade346d2fff12e84,PUBLIC_CORE
tests/test_tracking_improvements.py,135578,78a201c98bd3e10865bcbf6575c4c3a39a8248826b12fdac16dc7cc42e281f1f,PUBLIC_CORE
tests/test_tracking_lineage.py,7164,0f43e5e465adb81867ba3b7de09123fd6006a401ccc3c97c846c323f1f2829ca,PUBLIC_CORE
tests/test_tracking_method_contracts.py,6594,df4516621e303adf4c3989421ea24ddd2e2aea8c1c691e838b64b3d9f28751ea,PUBLIC_CORE
tests/test_tracking_metric_mathematical_audit.py,12656,f58fd2d48f9db07dfd73cc7dd9dbaac9d20a54cda3ea0acdb2d92a2aa29639ac,PUBLIC_CORE
tests/test_tracking_no_mp4.py,5833,808cb3c982d4ede48b672071183ed6ced4bf345a184fef56142114b6facf8f94,PUBLIC_CORE
tests/test_tracking_pipeline.py,5892,83fb8f87f0f697a7ef6a6d78d19f8dab06a2c4a24294d0da74bbceda604f3a54,PUBLIC_CORE
tests/test_tracking_prefix_invariance.py,3061,8377de4de79c020eb064f33da3e2e82940afe3ed1d3e5bcb265cd998597a0301,PUBLIC_CORE
tests/test_tracking_profiles.py,24502,5e02b9413f7e2424e573d080d8a3a8f2d38e0e377f9cee2348bf2f8673ca3b0e,PUBLIC_CORE
tests/test_tracking_repeatability.py,16570,a2e19f2de2ade33737117e6bb0b15db7be27f8a177d5b14982dbcf38ba005a20,PUBLIC_CORE
tests/test_tracking_repeatability_cli.py,919,73bd480577a70c1f2fb708f25497f1acab6a6f6085e68c769abce54d04b31b7d,PUBLIC_CORE
tests/test_tracking_spatial_strata.py,7361,bd6b115c493c482603885ac42d7f44d36ca3cc4f0975239b8211e247f34da45c,PUBLIC_CORE
tests/test_tracking_telemetry.py,21095,27e43813e5f175d7eaa765d7d5f0a1ecf01a21d8fd74cf2f9d649395e2f345d3,PUBLIC_CORE
tests/test_tracking_window_evaluation.py,7419,2f5fcf56d29cb7a8835e648ced401c091b219f9bbba9dc7f3aca4e9424f79e63,PUBLIC_CORE
tests/test_truy_nguon_multi_bbox.py,12714,39cdc64d30dc46f667d8ee5fd2ed92ec8b56e73f0ccf04be32477b35003c03ec,PUBLIC_CORE
tests/test_unified_pb_teacher_f2.py,4633,066ec35d7ab18a32fd3e222a47e15d2bafb908141c9ff7a98c7d0a85f910744a,PUBLIC_CORE
uv.lock,503777,6b783d5296094e0be94b0e553e3c83376a462eec3278285b076b35761bc103ca,PUBLIC_REPRODUCIBILITY
docs/repo_audit/release_provenance.md,1515,425be9e6ebcbf3bcb4cb007a11c84296de92397808bc097232a77e2f1579910d,PUBLIC_PAPER
