method_id,parameter,operation_controlled,unit,meaningful_range,effective_value,selection_basis,value_provenance,data_visible_at_selection,selected_before_or_after_metric_inspection,selection_scope,scientific_effects,sensitivity_study,frozen_status,scientific_rationale,rationale_status,evidence_class,support_class,per_video_parameter
B0_CURRENT_STANDARD_V2_20260728,USE_AREA_OCCLUSION_FREEZE,Hidden_state,boolean,"{false,true}",false,PREDECLARED_DEVELOPMENT_SELECTION,src/pig_behavior/tracking/profiles/bytetrack_raw.py sha256=fe62045b5e260e45cd735f8be70726d3cf8c3f7fc2ea1159f22b968728f522e0,13-video development evidence,frozen before authority execution; earlier development data visible,global profile; not per-video,Hidden_state,authority/ablation record may exist; not universal,YES,Profile override frozen by a development authority before its authority run.,SUFFICIENT_WITH_DEVELOPMENT_SCOPE_LIMITATION,BOUND_BY_EFFECTIVE_CONFIG,FULLY_GROUNDED,NO
B0_CURRENT_STANDARD_V2_20260728,USE_CONDITIONAL_AREA_OCCLUSION_FREEZE,Hidden_state,boolean,"{false,true}",false,PREDECLARED_DEVELOPMENT_SELECTION,src/pig_behavior/tracking/profiles/bytetrack_raw.py sha256=fe62045b5e260e45cd735f8be70726d3cf8c3f7fc2ea1159f22b968728f522e0,13-video development evidence,frozen before authority execution; earlier development data visible,global profile; not per-video,Hidden_state,authority/ablation record may exist; not universal,YES,Profile override frozen by a development authority before its authority run.,SUFFICIENT_WITH_DEVELOPMENT_SCOPE_LIMITATION,BOUND_BY_EFFECTIVE_CONFIG,FULLY_GROUNDED,NO
B0_CURRENT_STANDARD_V2_20260728,USE_IOU_FALLBACK,association,boolean,"{false,true}",false,PREDECLARED_DEVELOPMENT_SELECTION,src/pig_behavior/tracking/profiles/bytetrack_raw.py sha256=fe62045b5e260e45cd735f8be70726d3cf8c3f7fc2ea1159f22b968728f522e0,13-video development evidence,frozen before authority execution; earlier development data visible,global profile; not per-video,association,authority/ablation record may exist; not universal,YES,Profile override frozen by a development authority before its authority run.,SUFFICIENT_WITH_DEVELOPMENT_SCOPE_LIMITATION,BOUND_BY_EFFECTIVE_CONFIG,FULLY_GROUNDED,NO
B0_CURRENT_STANDARD_V2_20260728,USE_MERGED_BOX_SPLIT,bbox_geometry,boolean,"{false,true}",false,PREDECLARED_DEVELOPMENT_SELECTION,src/pig_behavior/tracking/profiles/bytetrack_raw.py sha256=fe62045b5e260e45cd735f8be70726d3cf8c3f7fc2ea1159f22b968728f522e0,13-video development evidence,frozen before authority execution; earlier development data visible,global profile; not per-video,bbox_geometry,authority/ablation record may exist; not universal,YES,Profile override frozen by a development authority before its authority run.,SUFFICIENT_WITH_DEVELOPMENT_SCOPE_LIMITATION,BOUND_BY_EFFECTIVE_CONFIG,FULLY_GROUNDED,NO
B0_CURRENT_STANDARD_V2_20260728,adaptive_conf_step,engineering_or_indirect,unitless,source-defined numeric domain,0.05,INHERITED_DEFAULT_WITH_PROVENANCE,src/pig_behavior/tracking/config.py sha256=52c5f54ad44b6f76a8d143d168bdc942542d5fd263903cbf630f9c58ecf1cdd0,not a separate empirical selection,not separately selected,global profile; not per-video,engineering_or_indirect,not established,YES,Inherited from the hashed TrackingConfig source; no separate sensitivity claim.,PARTIAL_NO_METHOD_SPECIFIC_SENSITIVITY,BOUND_BY_SOURCE_CODE,PARTIALLY_GROUNDED,NO
B0_CURRENT_STANDARD_V2_20260728,allowed_class_name,detection,not applicable,None or source-defined value,null,INHERITED_DEFAULT_WITH_PROVENANCE,src/pig_behavior/tracking/config.py sha256=52c5f54ad44b6f76a8d143d168bdc942542d5fd263903cbf630f9c58ecf1cdd0,not a separate empirical selection,not separately selected,global profile; not per-video,detection,not established,YES,Inherited from the hashed TrackingConfig source; no separate sensitivity claim.,PARTIAL_NO_METHOD_SPECIFIC_SENSITIVITY,BOUND_BY_SOURCE_CODE,PARTIALLY_GROUNDED,NO
B0_CURRENT_STANDARD_V2_20260728,ambiguity_owner_guard,identity_repair,boolean,"{false,true}",false,INHERITED_DEFAULT_WITH_PROVENANCE,src/pig_behavior/tracking/config.py sha256=52c5f54ad44b6f76a8d143d168bdc942542d5fd263903cbf630f9c58ecf1cdd0,not a separate empirical selection,not separately selected,global profile; not per-video,identity_repair,not established,YES,Inherited from the hashed TrackingConfig source; no separate sensitivity claim.,PARTIAL_NO_METHOD_SPECIFIC_SENSITIVITY,BOUND_BY_SOURCE_CODE,PARTIALLY_GROUNDED,NO
B0_CURRENT_STANDARD_V2_20260728,ambiguity_owner_guard_cost_margin,association|identity_repair,unitless,source-defined numeric domain,0.04,INHERITED_DEFAULT_WITH_PROVENANCE,src/pig_behavior/tracking/config.py sha256=52c5f54ad44b6f76a8d143d168bdc942542d5fd263903cbf630f9c58ecf1cdd0,not a separate empirical selection,not separately selected,global profile; not per-video,association|identity_repair,not established,YES,Inherited from the hashed TrackingConfig source; no separate sensitivity claim.,PARTIAL_NO_METHOD_SPECIFIC_SENSITIVITY,BOUND_BY_SOURCE_CODE,PARTIALLY_GROUNDED,NO
B0_CURRENT_STANDARD_V2_20260728,annotations_json,engineering_or_indirect,not applicable,None or source-defined value,null,INHERITED_DEFAULT_WITH_PROVENANCE,src/pig_behavior/tracking/config.py sha256=52c5f54ad44b6f76a8d143d168bdc942542d5fd263903cbf630f9c58ecf1cdd0,not a separate empirical selection,not separately selected,global profile; not per-video,engineering_or_indirect,not established,YES,Inherited from the hashed TrackingConfig source; no separate sensitivity claim.,PARTIAL_NO_METHOD_SPECIFIC_SENSITIVITY,BOUND_BY_SOURCE_CODE,PARTIALLY_GROUNDED,NO
B0_CURRENT_STANDARD_V2_20260728,appearance_hist_foreground_core,association,boolean,"{false,true}",false,INHERITED_DEFAULT_WITH_PROVENANCE,src/pig_behavior/tracking/config.py sha256=52c5f54ad44b6f76a8d143d168bdc942542d5fd263903cbf630f9c58ecf1cdd0,not a separate empirical selection,not separately selected,global profile; not per-video,association,not established,YES,Inherited from the hashed TrackingConfig source; no separate sensitivity claim.,PARTIAL_NO_METHOD_SPECIFIC_SENSITIVITY,BOUND_BY_SOURCE_CODE,PARTIALLY_GROUNDED,NO
B0_CURRENT_STANDARD_V2_20260728,area_occlusion_freeze_frames,Hidden_state|runtime,frames,non-negative integer unless sentinel documented,15,INHERITED_DEFAULT_WITH_PROVENANCE,src/pig_behavior/tracking/config.py sha256=52c5f54ad44b6f76a8d143d168bdc942542d5fd263903cbf630f9c58ecf1cdd0,not a separate empirical selection,not separately selected,global profile; not per-video,Hidden_state|runtime,not established,YES,Inherited from the hashed TrackingConfig source; no separate sensitivity claim.,PARTIAL_NO_METHOD_SPECIFIC_SENSITIVITY,BOUND_BY_SOURCE_CODE,PARTIALLY_GROUNDED,NO
B0_CURRENT_STANDARD_V2_20260728,area_occlusion_shrink_ratio,Hidden_state,unitless,source-defined numeric domain,0.6,INHERITED_DEFAULT_WITH_PROVENANCE,src/pig_behavior/tracking/config.py sha256=52c5f54ad44b6f76a8d143d168bdc942542d5fd263903cbf630f9c58ecf1cdd0,not a separate empirical selection,not separately selected,global profile; not per-video,Hidden_state,not established,YES,Inherited from the hashed TrackingConfig source; no separate sensitivity claim.,PARTIAL_NO_METHOD_SPECIFIC_SENSITIVITY,BOUND_BY_SOURCE_CODE,PARTIALLY_GROUNDED,NO
B0_CURRENT_STANDARD_V2_20260728,association_debug,association,boolean,"{false,true}",false,INHERITED_DEFAULT_WITH_PROVENANCE,src/pig_behavior/tracking/config.py sha256=52c5f54ad44b6f76a8d143d168bdc942542d5fd263903cbf630f9c58ecf1cdd0,not a separate empirical selection,not separately selected,global profile; not per-video,association,not established,YES,Inherited from the hashed TrackingConfig source; no separate sensitivity claim.,PARTIAL_NO_METHOD_SPECIFIC_SENSITIVITY,BOUND_BY_SOURCE_CODE,PARTIALLY_GROUNDED,NO
B0_CURRENT_STANDARD_V2_20260728,causal_hidden_detection_reservation,detection|Hidden_state,boolean,"{false,true}",false,INHERITED_DEFAULT_WITH_PROVENANCE,src/pig_behavior/tracking/config.py sha256=52c5f54ad44b6f76a8d143d168bdc942542d5fd263903cbf630f9c58ecf1cdd0,not a separate empirical selection,not separately selected,global profile; not per-video,detection|Hidden_state,not established,YES,Inherited from the hashed TrackingConfig source; no separate sensitivity claim.,PARTIAL_NO_METHOD_SPECIFIC_SENSITIVITY,BOUND_BY_SOURCE_CODE,PARTIALLY_GROUNDED,NO
B0_CURRENT_STANDARD_V2_20260728,causal_hidden_detection_reservation_allow_visible_hold,detection|Hidden_state,boolean,"{false,true}",false,INHERITED_DEFAULT_WITH_PROVENANCE,src/pig_behavior/tracking/config.py sha256=52c5f54ad44b6f76a8d143d168bdc942542d5fd263903cbf630f9c58ecf1cdd0,not a separate empirical selection,not separately selected,global profile; not per-video,detection|Hidden_state,not established,YES,Inherited from the hashed TrackingConfig source; no separate sensitivity claim.,PARTIAL_NO_METHOD_SPECIFIC_SENSITIVITY,BOUND_BY_SOURCE_CODE,PARTIALLY_GROUNDED,NO
B0_CURRENT_STANDARD_V2_20260728,causal_hidden_detection_reservation_hold_max_claim_cost,detection|association|Hidden_state,unitless,source-defined numeric domain,0.1,INHERITED_DEFAULT_WITH_PROVENANCE,src/pig_behavior/tracking/config.py sha256=52c5f54ad44b6f76a8d143d168bdc942542d5fd263903cbf630f9c58ecf1cdd0,not a separate empirical selection,not separately selected,global profile; not per-video,detection|association|Hidden_state,not established,YES,Inherited from the hashed TrackingConfig source; no separate sensitivity claim.,PARTIAL_NO_METHOD_SPECIFIC_SENSITIVITY,BOUND_BY_SOURCE_CODE,PARTIALLY_GROUNDED,NO
B0_CURRENT_STANDARD_V2_20260728,causal_hidden_detection_reservation_hold_min_gain,detection|Hidden_state,unitless,source-defined numeric domain,0.1,INHERITED_DEFAULT_WITH_PROVENANCE,src/pig_behavior/tracking/config.py sha256=52c5f54ad44b6f76a8d143d168bdc942542d5fd263903cbf630f9c58ecf1cdd0,not a separate empirical selection,not separately selected,global profile; not per-video,detection|Hidden_state,not established,YES,Inherited from the hashed TrackingConfig source; no separate sensitivity claim.,PARTIAL_NO_METHOD_SPECIFIC_SENSITIVITY,BOUND_BY_SOURCE_CODE,PARTIALLY_GROUNDED,NO
B0_CURRENT_STANDARD_V2_20260728,causal_hidden_detection_reservation_hold_min_iom,detection|Hidden_state,unitless,source-defined numeric domain,0.96,INHERITED_DEFAULT_WITH_PROVENANCE,src/pig_behavior/tracking/config.py sha256=52c5f54ad44b6f76a8d143d168bdc942542d5fd263903cbf630f9c58ecf1cdd0,not a separate empirical selection,not separately selected,global profile; not per-video,detection|Hidden_state,not established,YES,Inherited from the hashed TrackingConfig source; no separate sensitivity claim.,PARTIAL_NO_METHOD_SPECIFIC_SENSITIVITY,BOUND_BY_SOURCE_CODE,PARTIALLY_GROUNDED,NO
B0_CURRENT_STANDARD_V2_20260728,causal_hidden_detection_reservation_hold_min_visible_cost,detection|association|Hidden_state,unitless,source-defined numeric domain,0.2,INHERITED_DEFAULT_WITH_PROVENANCE,src/pig_behavior/tracking/config.py sha256=52c5f54ad44b6f76a8d143d168bdc942542d5fd263903cbf630f9c58ecf1cdd0,not a separate empirical selection,not separately selected,global profile; not per-video,detection|association|Hidden_state,not established,YES,Inherited from the hashed TrackingConfig source; no separate sensitivity claim.,PARTIAL_NO_METHOD_SPECIFIC_SENSITIVITY,BOUND_BY_SOURCE_CODE,PARTIALLY_GROUNDED,NO
B0_CURRENT_STANDARD_V2_20260728,causal_hidden_detection_reservation_hold_reserved_reid,detection|Hidden_state,boolean,"{false,true}",false,INHERITED_DEFAULT_WITH_PROVENANCE,src/pig_behavior/tracking/config.py sha256=52c5f54ad44b6f76a8d143d168bdc942542d5fd263903cbf630f9c58ecf1cdd0,not a separate empirical selection,not separately selected,global profile; not per-video,detection|Hidden_state,not established,YES,Inherited from the hashed TrackingConfig source; no separate sensitivity claim.,PARTIAL_NO_METHOD_SPECIFIC_SENSITIVITY,BOUND_BY_SOURCE_CODE,PARTIALLY_GROUNDED,NO
B0_CURRENT_STANDARD_V2_20260728,causal_hidden_detection_reservation_max_alternative_cost,detection|association|Hidden_state,unitless,source-defined numeric domain,0.78,INHERITED_DEFAULT_WITH_PROVENANCE,src/pig_behavior/tracking/config.py sha256=52c5f54ad44b6f76a8d143d168bdc942542d5fd263903cbf630f9c58ecf1cdd0,not a separate empirical selection,not separately selected,global profile; not per-video,detection|association|Hidden_state,not established,YES,Inherited from the hashed TrackingConfig source; no separate sensitivity claim.,PARTIAL_NO_METHOD_SPECIFIC_SENSITIVITY,BOUND_BY_SOURCE_CODE,PARTIALLY_GROUNDED,NO
B0_CURRENT_STANDARD_V2_20260728,causal_hidden_detection_reservation_max_center_distance,detection|Hidden_state,unitless,source-defined numeric domain,0.09,INHERITED_DEFAULT_WITH_PROVENANCE,src/pig_behavior/tracking/config.py sha256=52c5f54ad44b6f76a8d143d168bdc942542d5fd263903cbf630f9c58ecf1cdd0,not a separate empirical selection,not separately selected,global profile; not per-video,detection|Hidden_state,not established,YES,Inherited from the hashed TrackingConfig source; no separate sensitivity claim.,PARTIAL_NO_METHOD_SPECIFIC_SENSITIVITY,BOUND_BY_SOURCE_CODE,PARTIALLY_GROUNDED,NO
B0_CURRENT_STANDARD_V2_20260728,causal_hidden_detection_reservation_max_claim_cost,detection|association|Hidden_state,unitless,source-defined numeric domain,0.25,INHERITED_DEFAULT_WITH_PROVENANCE,src/pig_behavior/tracking/config.py sha256=52c5f54ad44b6f76a8d143d168bdc942542d5fd263903cbf630f9c58ecf1cdd0,not a separate empirical selection,not separately selected,global profile; not per-video,detection|association|Hidden_state,not established,YES,Inherited from the hashed TrackingConfig source; no separate sensitivity claim.,PARTIAL_NO_METHOD_SPECIFIC_SENSITIVITY,BOUND_BY_SOURCE_CODE,PARTIALLY_GROUNDED,NO
B0_CURRENT_STANDARD_V2_20260728,causal_hidden_detection_reservation_max_missed,detection|lifecycle|Hidden_state,frames,non-negative integer unless sentinel documented,5,INHERITED_DEFAULT_WITH_PROVENANCE,src/pig_behavior/tracking/config.py sha256=52c5f54ad44b6f76a8d143d168bdc942542d5fd263903cbf630f9c58ecf1cdd0,not a separate empirical selection,not separately selected,global profile; not per-video,detection|lifecycle|Hidden_state,not established,YES,Inherited from the hashed TrackingConfig source; no separate sensitivity claim.,PARTIAL_NO_METHOD_SPECIFIC_SENSITIVITY,BOUND_BY_SOURCE_CODE,PARTIALLY_GROUNDED,NO
B0_CURRENT_STANDARD_V2_20260728,causal_hidden_detection_reservation_min_gain,detection|Hidden_state,unitless,source-defined numeric domain,0.08,INHERITED_DEFAULT_WITH_PROVENANCE,src/pig_behavior/tracking/config.py sha256=52c5f54ad44b6f76a8d143d168bdc942542d5fd263903cbf630f9c58ecf1cdd0,not a separate empirical selection,not separately selected,global profile; not per-video,detection|Hidden_state,not established,YES,Inherited from the hashed TrackingConfig source; no separate sensitivity claim.,PARTIAL_NO_METHOD_SPECIFIC_SENSITIVITY,BOUND_BY_SOURCE_CODE,PARTIALLY_GROUNDED,NO
B0_CURRENT_STANDARD_V2_20260728,causal_hidden_detection_reservation_min_iom,detection|Hidden_state,unitless,source-defined numeric domain,0.55,INHERITED_DEFAULT_WITH_PROVENANCE,src/pig_behavior/tracking/config.py sha256=52c5f54ad44b6f76a8d143d168bdc942542d5fd263903cbf630f9c58ecf1cdd0,not a separate empirical selection,not separately selected,global profile; not per-video,detection|Hidden_state,not established,YES,Inherited from the hashed TrackingConfig source; no separate sensitivity claim.,PARTIAL_NO_METHOD_SPECIFIC_SENSITIVITY,BOUND_BY_SOURCE_CODE,PARTIALLY_GROUNDED,NO
B0_CURRENT_STANDARD_V2_20260728,class_id,detection,not applicable,None or source-defined value,null,DATA_SCHEMA_CONSTRAINT,src/pig_behavior/tracking/config.py sha256=52c5f54ad44b6f76a8d143d168bdc942542d5fd263903cbf630f9c58ecf1cdd0,not a separate empirical selection,not separately selected,global profile; not per-video,detection,not established,YES,Bound to the repository data/cache/export schema.,SUFFICIENT,BOUND_BY_SOURCE_CODE,FULLY_GROUNDED,NO
B0_CURRENT_STANDARD_V2_20260728,clean_coco_annotations_json,engineering_or_indirect,not applicable,None or source-defined value,null,INHERITED_DEFAULT_WITH_PROVENANCE,src/pig_behavior/tracking/config.py sha256=52c5f54ad44b6f76a8d143d168bdc942542d5fd263903cbf630f9c58ecf1cdd0,not a separate empirical selection,not separately selected,global profile; not per-video,engineering_or_indirect,not established,YES,Inherited from the hashed TrackingConfig source; no separate sensitivity claim.,PARTIAL_NO_METHOD_SPECIFIC_SENSITIVITY,BOUND_BY_SOURCE_CODE,PARTIALLY_GROUNDED,NO
B0_CURRENT_STANDARD_V2_20260728,coco_annotations_json,engineering_or_indirect,not applicable,None or source-defined value,null,INHERITED_DEFAULT_WITH_PROVENANCE,src/pig_behavior/tracking/config.py sha256=52c5f54ad44b6f76a8d143d168bdc942542d5fd263903cbf630f9c58ecf1cdd0,not a separate empirical selection,not separately selected,global profile; not per-video,engineering_or_indirect,not established,YES,Inherited from the hashed TrackingConfig source; no separate sensitivity claim.,PARTIAL_NO_METHOD_SPECIFIC_SENSITIVITY,BOUND_BY_SOURCE_CODE,PARTIALLY_GROUNDED,NO
B0_CURRENT_STANDARD_V2_20260728,conf,engineering_or_indirect,not applicable,None or source-defined value,null,INHERITED_DEFAULT_WITH_PROVENANCE,src/pig_behavior/tracking/config.py sha256=52c5f54ad44b6f76a8d143d168bdc942542d5fd263903cbf630f9c58ecf1cdd0,not a separate empirical selection,not separately selected,global profile; not per-video,engineering_or_indirect,not established,YES,Inherited from the hashed TrackingConfig source; no separate sensitivity claim.,PARTIAL_NO_METHOD_SPECIFIC_SENSITIVITY,BOUND_BY_SOURCE_CODE,PARTIALLY_GROUNDED,NO
B0_CURRENT_STANDARD_V2_20260728,cvat_video_xml,runtime,not applicable,None or source-defined value,null,INHERITED_DEFAULT_WITH_PROVENANCE,src/pig_behavior/tracking/config.py sha256=52c5f54ad44b6f76a8d143d168bdc942542d5fd263903cbf630f9c58ecf1cdd0,not a separate empirical selection,not separately selected,global profile; not per-video,runtime,not established,YES,Inherited from the hashed TrackingConfig source; no separate sensitivity claim.,PARTIAL_NO_METHOD_SPECIFIC_SENSITIVITY,BOUND_BY_SOURCE_CODE,PARTIALLY_GROUNDED,NO
B0_CURRENT_STANDARD_V2_20260728,default_behavior,engineering_or_indirect,categorical/path,source-defined allowed values,"""lying""",INHERITED_DEFAULT_WITH_PROVENANCE,src/pig_behavior/tracking/config.py sha256=52c5f54ad44b6f76a8d143d168bdc942542d5fd263903cbf630f9c58ecf1cdd0,not a separate empirical selection,not separately selected,global profile; not per-video,engineering_or_indirect,not established,YES,Inherited from the hashed TrackingConfig source; no separate sensitivity claim.,PARTIAL_NO_METHOD_SPECIFIC_SENSITIVITY,BOUND_BY_SOURCE_CODE,PARTIALLY_GROUNDED,NO
B0_CURRENT_STANDARD_V2_20260728,det_conf,detection,unitless ratio,"[0,1] unless source contract states otherwise",0.2,INHERITED_DEFAULT_WITH_PROVENANCE,src/pig_behavior/tracking/config.py sha256=52c5f54ad44b6f76a8d143d168bdc942542d5fd263903cbf630f9c58ecf1cdd0,not a separate empirical selection,not separately selected,global profile; not per-video,detection,not established,YES,Inherited from the hashed TrackingConfig source; no separate sensitivity claim.,PARTIAL_NO_METHOD_SPECIFIC_SENSITIVITY,BOUND_BY_SOURCE_CODE,PARTIALLY_GROUNDED,NO
B0_CURRENT_STANDARD_V2_20260728,detect_every_n_frames,detection|runtime,frames,non-negative integer unless sentinel documented,1,PREDECLARED_DEVELOPMENT_SELECTION,src/pig_behavior/tracking/profiles/bytetrack_raw.py sha256=fe62045b5e260e45cd735f8be70726d3cf8c3f7fc2ea1159f22b968728f522e0,13-video development evidence,frozen before authority execution; earlier development data visible,global profile; not per-video,detection|runtime,authority/ablation record may exist; not universal,YES,Profile override frozen by a development authority before its authority run.,SUFFICIENT_WITH_DEVELOPMENT_SCOPE_LIMITATION,BOUND_BY_EFFECTIVE_CONFIG,FULLY_GROUNDED,NO
B0_CURRENT_STANDARD_V2_20260728,device,runtime,not applicable,None or source-defined value,null,HARDWARE_OR_RUNTIME_CONSTRAINT,src/pig_behavior/tracking/config.py sha256=52c5f54ad44b6f76a8d143d168bdc942542d5fd263903cbf630f9c58ecf1cdd0,not a separate empirical selection,not separately selected,global profile; not per-video,runtime,not established,YES,Execution/safety constraint rather than a quality claim.,SUFFICIENT,BOUND_BY_SOURCE_CODE,FULLY_GROUNDED,NO
B0_CURRENT_STANDARD_V2_20260728,directional_y_margin_px,engineering_or_indirect,unitless,source-defined numeric domain,5.0,INHERITED_DEFAULT_WITH_PROVENANCE,src/pig_behavior/tracking/config.py sha256=52c5f54ad44b6f76a8d143d168bdc942542d5fd263903cbf630f9c58ecf1cdd0,not a separate empirical selection,not separately selected,global profile; not per-video,engineering_or_indirect,not established,YES,Inherited from the hashed TrackingConfig source; no separate sensitivity claim.,PARTIAL_NO_METHOD_SPECIFIC_SENSITIVITY,BOUND_BY_SOURCE_CODE,PARTIALLY_GROUNDED,NO
B0_CURRENT_STANDARD_V2_20260728,directional_y_penalty_weight,engineering_or_indirect,unitless,source-defined numeric domain,0.12,INHERITED_DEFAULT_WITH_PROVENANCE,src/pig_behavior/tracking/config.py sha256=52c5f54ad44b6f76a8d143d168bdc942542d5fd263903cbf630f9c58ecf1cdd0,not a separate empirical selection,not separately selected,global profile; not per-video,engineering_or_indirect,not established,YES,Inherited from the hashed TrackingConfig source; no separate sensitivity claim.,PARTIAL_NO_METHOD_SPECIFIC_SENSITIVITY,BOUND_BY_SOURCE_CODE,PARTIALLY_GROUNDED,NO
B0_CURRENT_STANDARD_V2_20260728,directional_y_prior,engineering_or_indirect,boolean,"{false,true}",true,INHERITED_DEFAULT_WITH_PROVENANCE,src/pig_behavior/tracking/config.py sha256=52c5f54ad44b6f76a8d143d168bdc942542d5fd263903cbf630f9c58ecf1cdd0,not a separate empirical selection,not separately selected,global profile; not per-video,engineering_or_indirect,not established,YES,Inherited from the hashed TrackingConfig source; no separate sensitivity claim.,PARTIAL_NO_METHOD_SPECIFIC_SENSITIVITY,BOUND_BY_SOURCE_CODE,PARTIALLY_GROUNDED,NO
B0_CURRENT_STANDARD_V2_20260728,directional_y_velocity_epsilon_px,engineering_or_indirect,unitless,source-defined numeric domain,3.0,INHERITED_DEFAULT_WITH_PROVENANCE,src/pig_behavior/tracking/config.py sha256=52c5f54ad44b6f76a8d143d168bdc942542d5fd263903cbf630f9c58ecf1cdd0,not a separate empirical selection,not separately selected,global profile; not per-video,engineering_or_indirect,not established,YES,Inherited from the hashed TrackingConfig source; no separate sensitivity claim.,PARTIAL_NO_METHOD_SPECIFIC_SENSITIVITY,BOUND_BY_SOURCE_CODE,PARTIALLY_GROUNDED,NO
B0_CURRENT_STANDARD_V2_20260728,display_inline,engineering_or_indirect,boolean,"{false,true}",false,INHERITED_DEFAULT_WITH_PROVENANCE,src/pig_behavior/tracking/config.py sha256=52c5f54ad44b6f76a8d143d168bdc942542d5fd263903cbf630f9c58ecf1cdd0,not a separate empirical selection,not separately selected,global profile; not per-video,engineering_or_indirect,not established,YES,Inherited from the hashed TrackingConfig source; no separate sensitivity claim.,PARTIAL_NO_METHOD_SPECIFIC_SENSITIVITY,BOUND_BY_SOURCE_CODE,PARTIALLY_GROUNDED,NO
B0_CURRENT_STANDARD_V2_20260728,draw_mask_outline,detection,boolean,"{false,true}",true,INHERITED_DEFAULT_WITH_PROVENANCE,src/pig_behavior/tracking/config.py sha256=52c5f54ad44b6f76a8d143d168bdc942542d5fd263903cbf630f9c58ecf1cdd0,not a separate empirical selection,not separately selected,global profile; not per-video,detection,not established,YES,Inherited from the hashed TrackingConfig source; no separate sensitivity claim.,PARTIAL_NO_METHOD_SPECIFIC_SENSITIVITY,BOUND_BY_SOURCE_CODE,PARTIALLY_GROUNDED,NO
B0_CURRENT_STANDARD_V2_20260728,dup_area_ratio_threshold,engineering_or_indirect,unitless,source-defined numeric domain,0.8,INHERITED_DEFAULT_WITH_PROVENANCE,src/pig_behavior/tracking/config.py sha256=52c5f54ad44b6f76a8d143d168bdc942542d5fd263903cbf630f9c58ecf1cdd0,not a separate empirical selection,not separately selected,global profile; not per-video,engineering_or_indirect,not established,YES,Inherited from the hashed TrackingConfig source; no separate sensitivity claim.,PARTIAL_NO_METHOD_SPECIFIC_SENSITIVITY,BOUND_BY_SOURCE_CODE,PARTIALLY_GROUNDED,NO
B0_CURRENT_STANDARD_V2_20260728,dup_center_threshold,engineering_or_indirect,unitless,source-defined numeric domain,0.35,INHERITED_DEFAULT_WITH_PROVENANCE,src/pig_behavior/tracking/config.py sha256=52c5f54ad44b6f76a8d143d168bdc942542d5fd263903cbf630f9c58ecf1cdd0,not a separate empirical selection,not separately selected,global profile; not per-video,engineering_or_indirect,not established,YES,Inherited from the hashed TrackingConfig source; no separate sensitivity claim.,PARTIAL_NO_METHOD_SPECIFIC_SENSITIVITY,BOUND_BY_SOURCE_CODE,PARTIALLY_GROUNDED,NO
B0_CURRENT_STANDARD_V2_20260728,dup_containment_threshold,engineering_or_indirect,unitless,source-defined numeric domain,0.85,INHERITED_DEFAULT_WITH_PROVENANCE,src/pig_behavior/tracking/config.py sha256=52c5f54ad44b6f76a8d143d168bdc942542d5fd263903cbf630f9c58ecf1cdd0,not a separate empirical selection,not separately selected,global profile; not per-video,engineering_or_indirect,not established,YES,Inherited from the hashed TrackingConfig source; no separate sensitivity claim.,PARTIAL_NO_METHOD_SPECIFIC_SENSITIVITY,BOUND_BY_SOURCE_CODE,PARTIALLY_GROUNDED,NO
B0_CURRENT_STANDARD_V2_20260728,dup_iou_threshold,association,unitless ratio,"[0,1] unless source contract states otherwise",0.6,INHERITED_DEFAULT_WITH_PROVENANCE,src/pig_behavior/tracking/config.py sha256=52c5f54ad44b6f76a8d143d168bdc942542d5fd263903cbf630f9c58ecf1cdd0,not a separate empirical selection,not separately selected,global profile; not per-video,association,not established,YES,Inherited from the hashed TrackingConfig source; no separate sensitivity claim.,PARTIAL_NO_METHOD_SPECIFIC_SENSITIVITY,BOUND_BY_SOURCE_CODE,PARTIALLY_GROUNDED,NO
B0_CURRENT_STANDARD_V2_20260728,emit_hidden_tracks,Hidden_state,boolean,"{false,true}",true,INHERITED_DEFAULT_WITH_PROVENANCE,src/pig_behavior/tracking/config.py sha256=52c5f54ad44b6f76a8d143d168bdc942542d5fd263903cbf630f9c58ecf1cdd0,not a separate empirical selection,not separately selected,global profile; not per-video,Hidden_state,not established,YES,Inherited from the hashed TrackingConfig source; no separate sensitivity claim.,PARTIAL_NO_METHOD_SPECIFIC_SENSITIVITY,BOUND_BY_SOURCE_CODE,PARTIALLY_GROUNDED,NO
B0_CURRENT_STANDARD_V2_20260728,enable_offline_smoothing,bbox_geometry,boolean,"{false,true}",false,PREDECLARED_DEVELOPMENT_SELECTION,src/pig_behavior/tracking/profiles/bytetrack_raw.py sha256=fe62045b5e260e45cd735f8be70726d3cf8c3f7fc2ea1159f22b968728f522e0,13-video development evidence,frozen before authority execution; earlier development data visible,global profile; not per-video,bbox_geometry,authority/ablation record may exist; not universal,YES,Profile override frozen by a development authority before its authority run.,SUFFICIENT_WITH_DEVELOPMENT_SCOPE_LIMITATION,BOUND_BY_EFFECTIVE_CONFIG,FULLY_GROUNDED,NO
B0_CURRENT_STANDARD_V2_20260728,episode_pair_swap_anchor_window_frames,identity_repair|runtime,frames,non-negative integer unless sentinel documented,8,INHERITED_DEFAULT_WITH_PROVENANCE,src/pig_behavior/tracking/config.py sha256=52c5f54ad44b6f76a8d143d168bdc942542d5fd263903cbf630f9c58ecf1cdd0,not a separate empirical selection,not separately selected,global profile; not per-video,identity_repair|runtime,not established,YES,Inherited from the hashed TrackingConfig source; no separate sensitivity claim.,PARTIAL_NO_METHOD_SPECIFIC_SENSITIVITY,BOUND_BY_SOURCE_CODE,PARTIALLY_GROUNDED,NO
B0_CURRENT_STANDARD_V2_20260728,episode_pair_swap_max_frames,identity_repair|runtime,frames,non-negative integer unless sentinel documented,12,HARDWARE_OR_RUNTIME_CONSTRAINT,src/pig_behavior/tracking/config.py sha256=52c5f54ad44b6f76a8d143d168bdc942542d5fd263903cbf630f9c58ecf1cdd0,not a separate empirical selection,not separately selected,global profile; not per-video,identity_repair|runtime,not established,YES,Execution/safety constraint rather than a quality claim.,SUFFICIENT,BOUND_BY_SOURCE_CODE,FULLY_GROUNDED,NO
B0_CURRENT_STANDARD_V2_20260728,episode_pair_swap_min_motion_gain,identity_repair,unitless,source-defined numeric domain,0.1,INHERITED_DEFAULT_WITH_PROVENANCE,src/pig_behavior/tracking/config.py sha256=52c5f54ad44b6f76a8d143d168bdc942542d5fd263903cbf630f9c58ecf1cdd0,not a separate empirical selection,not separately selected,global profile; not per-video,identity_repair,not established,YES,Inherited from the hashed TrackingConfig source; no separate sensitivity claim.,PARTIAL_NO_METHOD_SPECIFIC_SENSITIVITY,BOUND_BY_SOURCE_CODE,PARTIALLY_GROUNDED,NO
B0_CURRENT_STANDARD_V2_20260728,episode_pair_swap_min_overlap_iou,association|identity_repair,unitless ratio,"[0,1] unless source contract states otherwise",0.2,INHERITED_DEFAULT_WITH_PROVENANCE,src/pig_behavior/tracking/config.py sha256=52c5f54ad44b6f76a8d143d168bdc942542d5fd263903cbf630f9c58ecf1cdd0,not a separate empirical selection,not separately selected,global profile; not per-video,association|identity_repair,not established,YES,Inherited from the hashed TrackingConfig source; no separate sensitivity claim.,PARTIAL_NO_METHOD_SPECIFIC_SENSITIVITY,BOUND_BY_SOURCE_CODE,PARTIALLY_GROUNDED,NO
B0_CURRENT_STANDARD_V2_20260728,episode_pair_swap_repair,identity_repair,boolean,"{false,true}",false,INHERITED_DEFAULT_WITH_PROVENANCE,src/pig_behavior/tracking/config.py sha256=52c5f54ad44b6f76a8d143d168bdc942542d5fd263903cbf630f9c58ecf1cdd0,not a separate empirical selection,not separately selected,global profile; not per-video,identity_repair,not established,YES,Inherited from the hashed TrackingConfig source; no separate sensitivity claim.,PARTIAL_NO_METHOD_SPECIFIC_SENSITIVITY,BOUND_BY_SOURCE_CODE,PARTIALLY_GROUNDED,NO
B0_CURRENT_STANDARD_V2_20260728,expected_pigs,engineering_or_indirect,count,source-defined integer domain,8,ORIGINAL_METHOD_SPECIFICATION,src/pig_behavior/tracking/config.py sha256=52c5f54ad44b6f76a8d143d168bdc942542d5fd263903cbf630f9c58ecf1cdd0,not a separate empirical selection,not separately selected,global profile; not per-video,engineering_or_indirect,not established,YES,Defines the method family or locked eight-animal task.,SUFFICIENT,BOUND_BY_SOURCE_CODE,FULLY_GROUNDED,NO
B0_CURRENT_STANDARD_V2_20260728,far_camera_hidden_geometry_max_center_shift,Hidden_state|bbox_geometry,unitless,source-defined numeric domain,0.12,INHERITED_DEFAULT_WITH_PROVENANCE,src/pig_behavior/tracking/config.py sha256=52c5f54ad44b6f76a8d143d168bdc942542d5fd263903cbf630f9c58ecf1cdd0,not a separate empirical selection,not separately selected,global profile; not per-video,Hidden_state|bbox_geometry,not established,YES,Inherited from the hashed TrackingConfig source; no separate sensitivity claim.,PARTIAL_NO_METHOD_SPECIFIC_SENSITIVITY,BOUND_BY_SOURCE_CODE,PARTIALLY_GROUNDED,NO
B0_CURRENT_STANDARD_V2_20260728,far_camera_hidden_geometry_max_future_gap_frames,Hidden_state|bbox_geometry|runtime,frames,non-negative integer unless sentinel documented,15,INHERITED_DEFAULT_WITH_PROVENANCE,src/pig_behavior/tracking/config.py sha256=52c5f54ad44b6f76a8d143d168bdc942542d5fd263903cbf630f9c58ecf1cdd0,not a separate empirical selection,not separately selected,global profile; not per-video,Hidden_state|bbox_geometry|runtime,not established,YES,Inherited from the hashed TrackingConfig source; no separate sensitivity claim.,PARTIAL_NO_METHOD_SPECIFIC_SENSITIVITY,BOUND_BY_SOURCE_CODE,PARTIALLY_GROUNDED,NO
B0_CURRENT_STANDARD_V2_20260728,far_camera_hidden_geometry_min_height_excess,Hidden_state|bbox_geometry,unitless,source-defined numeric domain,0.15,INHERITED_DEFAULT_WITH_PROVENANCE,src/pig_behavior/tracking/config.py sha256=52c5f54ad44b6f76a8d143d168bdc942542d5fd263903cbf630f9c58ecf1cdd0,not a separate empirical selection,not separately selected,global profile; not per-video,Hidden_state|bbox_geometry,not established,YES,Inherited from the hashed TrackingConfig source; no separate sensitivity claim.,PARTIAL_NO_METHOD_SPECIFIC_SENSITIVITY,BOUND_BY_SOURCE_CODE,PARTIALLY_GROUNDED,NO
B0_CURRENT_STANDARD_V2_20260728,far_camera_hidden_geometry_min_overlap_reduction,Hidden_state|bbox_geometry,unitless,source-defined numeric domain,0.1,INHERITED_DEFAULT_WITH_PROVENANCE,src/pig_behavior/tracking/config.py sha256=52c5f54ad44b6f76a8d143d168bdc942542d5fd263903cbf630f9c58ecf1cdd0,not a separate empirical selection,not separately selected,global profile; not per-video,Hidden_state|bbox_geometry,not established,YES,Inherited from the hashed TrackingConfig source; no separate sensitivity claim.,PARTIAL_NO_METHOD_SPECIFIC_SENSITIVITY,BOUND_BY_SOURCE_CODE,PARTIALLY_GROUNDED,NO
B0_CURRENT_STANDARD_V2_20260728,far_camera_hidden_geometry_min_visible_overlap_iou,association|Hidden_state|bbox_geometry,unitless ratio,"[0,1] unless source contract states otherwise",0.65,INHERITED_DEFAULT_WITH_PROVENANCE,src/pig_behavior/tracking/config.py sha256=52c5f54ad44b6f76a8d143d168bdc942542d5fd263903cbf630f9c58ecf1cdd0,not a separate empirical selection,not separately selected,global profile; not per-video,association|Hidden_state|bbox_geometry,not established,YES,Inherited from the hashed TrackingConfig source; no separate sensitivity claim.,PARTIAL_NO_METHOD_SPECIFIC_SENSITIVITY,BOUND_BY_SOURCE_CODE,PARTIALLY_GROUNDED,NO
B0_CURRENT_STANDARD_V2_20260728,far_camera_hidden_geometry_original_weight,Hidden_state|bbox_geometry,unitless,source-defined numeric domain,0.1,INHERITED_DEFAULT_WITH_PROVENANCE,src/pig_behavior/tracking/config.py sha256=52c5f54ad44b6f76a8d143d168bdc942542d5fd263903cbf630f9c58ecf1cdd0,not a separate empirical selection,not separately selected,global profile; not per-video,Hidden_state|bbox_geometry,not established,YES,Inherited from the hashed TrackingConfig source; no separate sensitivity claim.,PARTIAL_NO_METHOD_SPECIFIC_SENSITIVITY,BOUND_BY_SOURCE_CODE,PARTIALLY_GROUNDED,NO
B0_CURRENT_STANDARD_V2_20260728,far_camera_hidden_geometry_refine,Hidden_state|bbox_geometry,boolean,"{false,true}",false,INHERITED_DEFAULT_WITH_PROVENANCE,src/pig_behavior/tracking/config.py sha256=52c5f54ad44b6f76a8d143d168bdc942542d5fd263903cbf630f9c58ecf1cdd0,not a separate empirical selection,not separately selected,global profile; not per-video,Hidden_state|bbox_geometry,not established,YES,Inherited from the hashed TrackingConfig source; no separate sensitivity claim.,PARTIAL_NO_METHOD_SPECIFIC_SENSITIVITY,BOUND_BY_SOURCE_CODE,PARTIALLY_GROUNDED,NO
B0_CURRENT_STANDARD_V2_20260728,far_camera_hidden_geometry_x_threshold,Hidden_state|bbox_geometry,unitless,source-defined numeric domain,0.67,INHERITED_DEFAULT_WITH_PROVENANCE,src/pig_behavior/tracking/config.py sha256=52c5f54ad44b6f76a8d143d168bdc942542d5fd263903cbf630f9c58ecf1cdd0,not a separate empirical selection,not separately selected,global profile; not per-video,Hidden_state|bbox_geometry,not established,YES,Inherited from the hashed TrackingConfig source; no separate sensitivity claim.,PARTIAL_NO_METHOD_SPECIFIC_SENSITIVITY,BOUND_BY_SOURCE_CODE,PARTIALLY_GROUNDED,NO
B0_CURRENT_STANDARD_V2_20260728,freeze_identity_in_occlusion,Hidden_state,boolean,"{false,true}",true,INHERITED_DEFAULT_WITH_PROVENANCE,src/pig_behavior/tracking/config.py sha256=52c5f54ad44b6f76a8d143d168bdc942542d5fd263903cbf630f9c58ecf1cdd0,not a separate empirical selection,not separately selected,global profile; not per-video,Hidden_state,not established,YES,Inherited from the hashed TrackingConfig source; no separate sensitivity claim.,PARTIAL_NO_METHOD_SPECIFIC_SENSITIVITY,BOUND_BY_SOURCE_CODE,PARTIALLY_GROUNDED,NO
B0_CURRENT_STANDARD_V2_20260728,half,runtime,boolean,"{false,true}",false,HARDWARE_OR_RUNTIME_CONSTRAINT,src/pig_behavior/tracking/config.py sha256=52c5f54ad44b6f76a8d143d168bdc942542d5fd263903cbf630f9c58ecf1cdd0,not a separate empirical selection,not separately selected,global profile; not per-video,runtime,not established,YES,Execution/safety constraint rather than a quality claim.,SUFFICIENT,BOUND_BY_SOURCE_CODE,FULLY_GROUNDED,NO
B0_CURRENT_STANDARD_V2_20260728,hard_occlusion_detection_iom_threshold,detection|Hidden_state,unitless,source-defined numeric domain,0.45,INHERITED_DEFAULT_WITH_PROVENANCE,src/pig_behavior/tracking/config.py sha256=52c5f54ad44b6f76a8d143d168bdc942542d5fd263903cbf630f9c58ecf1cdd0,not a separate empirical selection,not separately selected,global profile; not per-video,detection|Hidden_state,not established,YES,Inherited from the hashed TrackingConfig source; no separate sensitivity claim.,PARTIAL_NO_METHOD_SPECIFIC_SENSITIVITY,BOUND_BY_SOURCE_CODE,PARTIALLY_GROUNDED,NO
B0_CURRENT_STANDARD_V2_20260728,hard_occlusion_min_frames,Hidden_state|runtime,frames,non-negative integer unless sentinel documented,2,INHERITED_DEFAULT_WITH_PROVENANCE,src/pig_behavior/tracking/config.py sha256=52c5f54ad44b6f76a8d143d168bdc942542d5fd263903cbf630f9c58ecf1cdd0,not a separate empirical selection,not separately selected,global profile; not per-video,Hidden_state|runtime,not established,YES,Inherited from the hashed TrackingConfig source; no separate sensitivity claim.,PARTIAL_NO_METHOD_SPECIFIC_SENSITIVITY,BOUND_BY_SOURCE_CODE,PARTIALLY_GROUNDED,NO
B0_CURRENT_STANDARD_V2_20260728,hard_occlusion_recovery_frames,Hidden_state|runtime,frames,non-negative integer unless sentinel documented,10,INHERITED_DEFAULT_WITH_PROVENANCE,src/pig_behavior/tracking/config.py sha256=52c5f54ad44b6f76a8d143d168bdc942542d5fd263903cbf630f9c58ecf1cdd0,not a separate empirical selection,not separately selected,global profile; not per-video,Hidden_state|runtime,not established,YES,Inherited from the hashed TrackingConfig source; no separate sensitivity claim.,PARTIAL_NO_METHOD_SPECIFIC_SENSITIVITY,BOUND_BY_SOURCE_CODE,PARTIALLY_GROUNDED,NO
B0_CURRENT_STANDARD_V2_20260728,hard_occlusion_score_threshold,Hidden_state,unitless,source-defined numeric domain,0.65,INHERITED_DEFAULT_WITH_PROVENANCE,src/pig_behavior/tracking/config.py sha256=52c5f54ad44b6f76a8d143d168bdc942542d5fd263903cbf630f9c58ecf1cdd0,not a separate empirical selection,not separately selected,global profile; not per-video,Hidden_state,not established,YES,Inherited from the hashed TrackingConfig source; no separate sensitivity claim.,PARTIAL_NO_METHOD_SPECIFIC_SENSITIVITY,BOUND_BY_SOURCE_CODE,PARTIALLY_GROUNDED,NO
B0_CURRENT_STANDARD_V2_20260728,hard_occlusion_track_iom_threshold,Hidden_state,unitless,source-defined numeric domain,0.35,INHERITED_DEFAULT_WITH_PROVENANCE,src/pig_behavior/tracking/config.py sha256=52c5f54ad44b6f76a8d143d168bdc942542d5fd263903cbf630f9c58ecf1cdd0,not a separate empirical selection,not separately selected,global profile; not per-video,Hidden_state,not established,YES,Inherited from the hashed TrackingConfig source; no separate sensitivity claim.,PARTIAL_NO_METHOD_SPECIFIC_SENSITIVITY,BOUND_BY_SOURCE_CODE,PARTIALLY_GROUNDED,NO
B0_CURRENT_STANDARD_V2_20260728,hidden_acceleration_alpha,Hidden_state|evaluator_only,unitless,source-defined numeric domain,0.35,INHERITED_DEFAULT_WITH_PROVENANCE,src/pig_behavior/tracking/config.py sha256=52c5f54ad44b6f76a8d143d168bdc942542d5fd263903cbf630f9c58ecf1cdd0,not a separate empirical selection,not separately selected,global profile; not per-video,Hidden_state|evaluator_only,not established,YES,Inherited from the hashed TrackingConfig source; no separate sensitivity claim.,PARTIAL_NO_METHOD_SPECIFIC_SENSITIVITY,BOUND_BY_SOURCE_CODE,PARTIALLY_GROUNDED,NO
B0_CURRENT_STANDARD_V2_20260728,hidden_max_motion_step_box_scale,Hidden_state|bbox_geometry,unitless,source-defined numeric domain,1.5,INHERITED_DEFAULT_WITH_PROVENANCE,src/pig_behavior/tracking/config.py sha256=52c5f54ad44b6f76a8d143d168bdc942542d5fd263903cbf630f9c58ecf1cdd0,not a separate empirical selection,not separately selected,global profile; not per-video,Hidden_state|bbox_geometry,not established,YES,Inherited from the hashed TrackingConfig source; no separate sensitivity claim.,PARTIAL_NO_METHOD_SPECIFIC_SENSITIVITY,BOUND_BY_SOURCE_CODE,PARTIALLY_GROUNDED,NO
B0_CURRENT_STANDARD_V2_20260728,hidden_min_motion_history,Hidden_state,count,source-defined integer domain,4,INHERITED_DEFAULT_WITH_PROVENANCE,src/pig_behavior/tracking/config.py sha256=52c5f54ad44b6f76a8d143d168bdc942542d5fd263903cbf630f9c58ecf1cdd0,not a separate empirical selection,not separately selected,global profile; not per-video,Hidden_state,not established,YES,Inherited from the hashed TrackingConfig source; no separate sensitivity claim.,PARTIAL_NO_METHOD_SPECIFIC_SENSITIVITY,BOUND_BY_SOURCE_CODE,PARTIALLY_GROUNDED,NO
B0_CURRENT_STANDARD_V2_20260728,hidden_missed_frames,lifecycle|Hidden_state|runtime,frames,non-negative integer unless sentinel documented,5,INHERITED_DEFAULT_WITH_PROVENANCE,src/pig_behavior/tracking/config.py sha256=52c5f54ad44b6f76a8d143d168bdc942542d5fd263903cbf630f9c58ecf1cdd0,not a separate empirical selection,not separately selected,global profile; not per-video,lifecycle|Hidden_state|runtime,not established,YES,Inherited from the hashed TrackingConfig source; no separate sensitivity claim.,PARTIAL_NO_METHOD_SPECIFIC_SENSITIVITY,BOUND_BY_SOURCE_CODE,PARTIALLY_GROUNDED,NO
B0_CURRENT_STANDARD_V2_20260728,hidden_motion_consistency,Hidden_state,unitless,source-defined numeric domain,0.55,INHERITED_DEFAULT_WITH_PROVENANCE,src/pig_behavior/tracking/config.py sha256=52c5f54ad44b6f76a8d143d168bdc942542d5fd263903cbf630f9c58ecf1cdd0,not a separate empirical selection,not separately selected,global profile; not per-video,Hidden_state,not established,YES,Inherited from the hashed TrackingConfig source; no separate sensitivity claim.,PARTIAL_NO_METHOD_SPECIFIC_SENSITIVITY,BOUND_BY_SOURCE_CODE,PARTIALLY_GROUNDED,NO
B0_CURRENT_STANDARD_V2_20260728,hidden_motion_history,Hidden_state,count,source-defined integer domain,8,INHERITED_DEFAULT_WITH_PROVENANCE,src/pig_behavior/tracking/config.py sha256=52c5f54ad44b6f76a8d143d168bdc942542d5fd263903cbf630f9c58ecf1cdd0,not a separate empirical selection,not separately selected,global profile; not per-video,Hidden_state,not established,YES,Inherited from the hashed TrackingConfig source; no separate sensitivity claim.,PARTIAL_NO_METHOD_SPECIFIC_SENSITIVITY,BOUND_BY_SOURCE_CODE,PARTIALLY_GROUNDED,NO
B0_CURRENT_STANDARD_V2_20260728,hidden_motion_model,Hidden_state,boolean,"{false,true}",false,PREDECLARED_DEVELOPMENT_SELECTION,src/pig_behavior/tracking/profiles/bytetrack_raw.py sha256=fe62045b5e260e45cd735f8be70726d3cf8c3f7fc2ea1159f22b968728f522e0,13-video development evidence,frozen before authority execution; earlier development data visible,global profile; not per-video,Hidden_state,authority/ablation record may exist; not universal,YES,Profile override frozen by a development authority before its authority run.,SUFFICIENT_WITH_DEVELOPMENT_SCOPE_LIMITATION,BOUND_BY_EFFECTIVE_CONFIG,FULLY_GROUNDED,NO
B0_CURRENT_STANDARD_V2_20260728,hidden_moving_displacement,Hidden_state,unitless,source-defined numeric domain,0.035,INHERITED_DEFAULT_WITH_PROVENANCE,src/pig_behavior/tracking/config.py sha256=52c5f54ad44b6f76a8d143d168bdc942542d5fd263903cbf630f9c58ecf1cdd0,not a separate empirical selection,not separately selected,global profile; not per-video,Hidden_state,not established,YES,Inherited from the hashed TrackingConfig source; no separate sensitivity claim.,PARTIAL_NO_METHOD_SPECIFIC_SENSITIVITY,BOUND_BY_SOURCE_CODE,PARTIALLY_GROUNDED,NO
B0_CURRENT_STANDARD_V2_20260728,hidden_overlap_iou_threshold,association|Hidden_state,unitless ratio,"[0,1] unless source contract states otherwise",0.65,INHERITED_DEFAULT_WITH_PROVENANCE,src/pig_behavior/tracking/config.py sha256=52c5f54ad44b6f76a8d143d168bdc942542d5fd263903cbf630f9c58ecf1cdd0,not a separate empirical selection,not separately selected,global profile; not per-video,association|Hidden_state,not established,YES,Inherited from the hashed TrackingConfig source; no separate sensitivity claim.,PARTIAL_NO_METHOD_SPECIFIC_SENSITIVITY,BOUND_BY_SOURCE_CODE,PARTIALLY_GROUNDED,NO
B0_CURRENT_STANDARD_V2_20260728,hidden_overlap_window_frames,Hidden_state|runtime,frames,non-negative integer unless sentinel documented,2,INHERITED_DEFAULT_WITH_PROVENANCE,src/pig_behavior/tracking/config.py sha256=52c5f54ad44b6f76a8d143d168bdc942542d5fd263903cbf630f9c58ecf1cdd0,not a separate empirical selection,not separately selected,global profile; not per-video,Hidden_state|runtime,not established,YES,Inherited from the hashed TrackingConfig source; no separate sensitivity claim.,PARTIAL_NO_METHOD_SPECIFIC_SENSITIVITY,BOUND_BY_SOURCE_CODE,PARTIALLY_GROUNDED,NO
B0_CURRENT_STANDARD_V2_20260728,hidden_owner_guard,identity_repair|Hidden_state,boolean,"{false,true}",false,INHERITED_DEFAULT_WITH_PROVENANCE,src/pig_behavior/tracking/config.py sha256=52c5f54ad44b6f76a8d143d168bdc942542d5fd263903cbf630f9c58ecf1cdd0,not a separate empirical selection,not separately selected,global profile; not per-video,identity_repair|Hidden_state,not established,YES,Inherited from the hashed TrackingConfig source; no separate sensitivity claim.,PARTIAL_NO_METHOD_SPECIFIC_SENSITIVITY,BOUND_BY_SOURCE_CODE,PARTIALLY_GROUNDED,NO
B0_CURRENT_STANDARD_V2_20260728,hidden_owner_guard_cost_margin,association|identity_repair|Hidden_state,unitless,source-defined numeric domain,0.08,INHERITED_DEFAULT_WITH_PROVENANCE,src/pig_behavior/tracking/config.py sha256=52c5f54ad44b6f76a8d143d168bdc942542d5fd263903cbf630f9c58ecf1cdd0,not a separate empirical selection,not separately selected,global profile; not per-video,association|identity_repair|Hidden_state,not established,YES,Inherited from the hashed TrackingConfig source; no separate sensitivity claim.,PARTIAL_NO_METHOD_SPECIFIC_SENSITIVITY,BOUND_BY_SOURCE_CODE,PARTIALLY_GROUNDED,NO
B0_CURRENT_STANDARD_V2_20260728,hidden_owner_guard_hold_assignment,identity_repair|Hidden_state,boolean,"{false,true}",false,INHERITED_DEFAULT_WITH_PROVENANCE,src/pig_behavior/tracking/config.py sha256=52c5f54ad44b6f76a8d143d168bdc942542d5fd263903cbf630f9c58ecf1cdd0,not a separate empirical selection,not separately selected,global profile; not per-video,identity_repair|Hidden_state,not established,YES,Inherited from the hashed TrackingConfig source; no separate sensitivity claim.,PARTIAL_NO_METHOD_SPECIFIC_SENSITIVITY,BOUND_BY_SOURCE_CODE,PARTIALLY_GROUNDED,NO
B0_CURRENT_STANDARD_V2_20260728,hidden_owner_guard_min_missed,lifecycle|identity_repair|Hidden_state,frames,non-negative integer unless sentinel documented,2,INHERITED_DEFAULT_WITH_PROVENANCE,src/pig_behavior/tracking/config.py sha256=52c5f54ad44b6f76a8d143d168bdc942542d5fd263903cbf630f9c58ecf1cdd0,not a separate empirical selection,not separately selected,global profile; not per-video,lifecycle|identity_repair|Hidden_state,not established,YES,Inherited from the hashed TrackingConfig source; no separate sensitivity claim.,PARTIAL_NO_METHOD_SPECIFIC_SENSITIVITY,BOUND_BY_SOURCE_CODE,PARTIALLY_GROUNDED,NO
B0_CURRENT_STANDARD_V2_20260728,hidden_score_threshold,Hidden_state,unitless,source-defined numeric domain,0.15,INHERITED_DEFAULT_WITH_PROVENANCE,src/pig_behavior/tracking/config.py sha256=52c5f54ad44b6f76a8d143d168bdc942542d5fd263903cbf630f9c58ecf1cdd0,not a separate empirical selection,not separately selected,global profile; not per-video,Hidden_state,not established,YES,Inherited from the hashed TrackingConfig source; no separate sensitivity claim.,PARTIAL_NO_METHOD_SPECIFIC_SENSITIVITY,BOUND_BY_SOURCE_CODE,PARTIALLY_GROUNDED,NO
B0_CURRENT_STANDARD_V2_20260728,hidden_stationary_displacement,Hidden_state,unitless,source-defined numeric domain,0.015,INHERITED_DEFAULT_WITH_PROVENANCE,src/pig_behavior/tracking/config.py sha256=52c5f54ad44b6f76a8d143d168bdc942542d5fd263903cbf630f9c58ecf1cdd0,not a separate empirical selection,not separately selected,global profile; not per-video,Hidden_state,not established,YES,Inherited from the hashed TrackingConfig source; no separate sensitivity claim.,PARTIAL_NO_METHOD_SPECIFIC_SENSITIVITY,BOUND_BY_SOURCE_CODE,PARTIALLY_GROUNDED,NO
B0_CURRENT_STANDARD_V2_20260728,hidden_stationary_lock_frames,Hidden_state|runtime,frames,non-negative integer unless sentinel documented,8,INHERITED_DEFAULT_WITH_PROVENANCE,src/pig_behavior/tracking/config.py sha256=52c5f54ad44b6f76a8d143d168bdc942542d5fd263903cbf630f9c58ecf1cdd0,not a separate empirical selection,not separately selected,global profile; not per-video,Hidden_state|runtime,not established,YES,Inherited from the hashed TrackingConfig source; no separate sensitivity claim.,PARTIAL_NO_METHOD_SPECIFIC_SENSITIVITY,BOUND_BY_SOURCE_CODE,PARTIALLY_GROUNDED,NO
B0_CURRENT_STANDARD_V2_20260728,hidden_stationary_speed,Hidden_state,unitless,source-defined numeric domain,0.006,INHERITED_DEFAULT_WITH_PROVENANCE,src/pig_behavior/tracking/config.py sha256=52c5f54ad44b6f76a8d143d168bdc942542d5fd263903cbf630f9c58ecf1cdd0,not a separate empirical selection,not separately selected,global profile; not per-video,Hidden_state,not established,YES,Inherited from the hashed TrackingConfig source; no separate sensitivity claim.,PARTIAL_NO_METHOD_SPECIFIC_SENSITIVITY,BOUND_BY_SOURCE_CODE,PARTIALLY_GROUNDED,NO
B0_CURRENT_STANDARD_V2_20260728,hidden_suffix_id_swap_max_hidden_frames,identity_repair|Hidden_state|runtime,frames,non-negative integer unless sentinel documented,15,INHERITED_DEFAULT_WITH_PROVENANCE,src/pig_behavior/tracking/config.py sha256=52c5f54ad44b6f76a8d143d168bdc942542d5fd263903cbf630f9c58ecf1cdd0,not a separate empirical selection,not separately selected,global profile; not per-video,identity_repair|Hidden_state|runtime,not established,YES,Inherited from the hashed TrackingConfig source; no separate sensitivity claim.,PARTIAL_NO_METHOD_SPECIFIC_SENSITIVITY,BOUND_BY_SOURCE_CODE,PARTIALLY_GROUNDED,NO
B0_CURRENT_STANDARD_V2_20260728,hidden_suffix_id_swap_max_hidden_median_score,identity_repair|Hidden_state,unitless,source-defined numeric domain,0.5,INHERITED_DEFAULT_WITH_PROVENANCE,src/pig_behavior/tracking/config.py sha256=52c5f54ad44b6f76a8d143d168bdc942542d5fd263903cbf630f9c58ecf1cdd0,not a separate empirical selection,not separately selected,global profile; not per-video,identity_repair|Hidden_state,not established,YES,Inherited from the hashed TrackingConfig source; no separate sensitivity claim.,PARTIAL_NO_METHOD_SPECIFIC_SENSITIVITY,BOUND_BY_SOURCE_CODE,PARTIALLY_GROUNDED,NO
B0_CURRENT_STANDARD_V2_20260728,hidden_suffix_id_swap_min_hidden_frames,identity_repair|Hidden_state|runtime,frames,non-negative integer unless sentinel documented,8,INHERITED_DEFAULT_WITH_PROVENANCE,src/pig_behavior/tracking/config.py sha256=52c5f54ad44b6f76a8d143d168bdc942542d5fd263903cbf630f9c58ecf1cdd0,not a separate empirical selection,not separately selected,global profile; not per-video,identity_repair|Hidden_state|runtime,not established,YES,Inherited from the hashed TrackingConfig source; no separate sensitivity claim.,PARTIAL_NO_METHOD_SPECIFIC_SENSITIVITY,BOUND_BY_SOURCE_CODE,PARTIALLY_GROUNDED,NO
B0_CURRENT_STANDARD_V2_20260728,hidden_suffix_id_swap_min_overlap_iou,association|identity_repair|Hidden_state,unitless ratio,"[0,1] unless source contract states otherwise",0.7,INHERITED_DEFAULT_WITH_PROVENANCE,src/pig_behavior/tracking/config.py sha256=52c5f54ad44b6f76a8d143d168bdc942542d5fd263903cbf630f9c58ecf1cdd0,not a separate empirical selection,not separately selected,global profile; not per-video,association|identity_repair|Hidden_state,not established,YES,Inherited from the hashed TrackingConfig source; no separate sensitivity claim.,PARTIAL_NO_METHOD_SPECIFIC_SENSITIVITY,BOUND_BY_SOURCE_CODE,PARTIALLY_GROUNDED,NO
B0_CURRENT_STANDARD_V2_20260728,hidden_suffix_id_swap_min_overlap_persistence_frames,identity_repair|Hidden_state|runtime,frames,non-negative integer unless sentinel documented,2,INHERITED_DEFAULT_WITH_PROVENANCE,src/pig_behavior/tracking/config.py sha256=52c5f54ad44b6f76a8d143d168bdc942542d5fd263903cbf630f9c58ecf1cdd0,not a separate empirical selection,not separately selected,global profile; not per-video,identity_repair|Hidden_state|runtime,not established,YES,Inherited from the hashed TrackingConfig source; no separate sensitivity claim.,PARTIAL_NO_METHOD_SPECIFIC_SENSITIVITY,BOUND_BY_SOURCE_CODE,PARTIALLY_GROUNDED,NO
B0_CURRENT_STANDARD_V2_20260728,hidden_suffix_id_swap_min_suffix_frames,identity_repair|Hidden_state|runtime,frames,non-negative integer unless sentinel documented,600,INHERITED_DEFAULT_WITH_PROVENANCE,src/pig_behavior/tracking/config.py sha256=52c5f54ad44b6f76a8d143d168bdc942542d5fd263903cbf630f9c58ecf1cdd0,not a separate empirical selection,not separately selected,global profile; not per-video,identity_repair|Hidden_state|runtime,not established,YES,Inherited from the hashed TrackingConfig source; no separate sensitivity claim.,PARTIAL_NO_METHOD_SPECIFIC_SENSITIVITY,BOUND_BY_SOURCE_CODE,PARTIALLY_GROUNDED,NO
B0_CURRENT_STANDARD_V2_20260728,hidden_suffix_id_swap_repair,identity_repair|Hidden_state,boolean,"{false,true}",false,PREDECLARED_DEVELOPMENT_SELECTION,src/pig_behavior/tracking/profiles/bytetrack_raw.py sha256=fe62045b5e260e45cd735f8be70726d3cf8c3f7fc2ea1159f22b968728f522e0,13-video development evidence,frozen before authority execution; earlier development data visible,global profile; not per-video,identity_repair|Hidden_state,authority/ablation record may exist; not universal,YES,Profile override frozen by a development authority before its authority run.,SUFFICIENT_WITH_DEVELOPMENT_SCOPE_LIMITATION,BOUND_BY_EFFECTIVE_CONFIG,FULLY_GROUNDED,NO
B0_CURRENT_STANDARD_V2_20260728,hidden_suffix_id_swap_start_back_frames,identity_repair|Hidden_state|runtime,frames,non-negative integer unless sentinel documented,7,INHERITED_DEFAULT_WITH_PROVENANCE,src/pig_behavior/tracking/config.py sha256=52c5f54ad44b6f76a8d143d168bdc942542d5fd263903cbf630f9c58ecf1cdd0,not a separate empirical selection,not separately selected,global profile; not per-video,identity_repair|Hidden_state|runtime,not established,YES,Inherited from the hashed TrackingConfig source; no separate sensitivity claim.,PARTIAL_NO_METHOD_SPECIFIC_SENSITIVITY,BOUND_BY_SOURCE_CODE,PARTIALLY_GROUNDED,NO
B0_CURRENT_STANDARD_V2_20260728,hidden_suffix_id_swap_use_overlap_persistence,identity_repair|Hidden_state,boolean,"{false,true}",false,INHERITED_DEFAULT_WITH_PROVENANCE,src/pig_behavior/tracking/config.py sha256=52c5f54ad44b6f76a8d143d168bdc942542d5fd263903cbf630f9c58ecf1cdd0,not a separate empirical selection,not separately selected,global profile; not per-video,identity_repair|Hidden_state,not established,YES,Inherited from the hashed TrackingConfig source; no separate sensitivity claim.,PARTIAL_NO_METHOD_SPECIFIC_SENSITIVITY,BOUND_BY_SOURCE_CODE,PARTIALLY_GROUNDED,NO
B0_CURRENT_STANDARD_V2_20260728,hidden_velocity_alpha,Hidden_state|evaluator_only,unitless,source-defined numeric domain,0.65,INHERITED_DEFAULT_WITH_PROVENANCE,src/pig_behavior/tracking/config.py sha256=52c5f54ad44b6f76a8d143d168bdc942542d5fd263903cbf630f9c58ecf1cdd0,not a separate empirical selection,not separately selected,global profile; not per-video,Hidden_state|evaluator_only,not established,YES,Inherited from the hashed TrackingConfig source; no separate sensitivity claim.,PARTIAL_NO_METHOD_SPECIFIC_SENSITIVITY,BOUND_BY_SOURCE_CODE,PARTIALLY_GROUNDED,NO
B0_CURRENT_STANDARD_V2_20260728,high_conf_smooth_alpha,bbox_geometry|evaluator_only,unitless,source-defined numeric domain,0.75,INHERITED_DEFAULT_WITH_PROVENANCE,src/pig_behavior/tracking/config.py sha256=52c5f54ad44b6f76a8d143d168bdc942542d5fd263903cbf630f9c58ecf1cdd0,not a separate empirical selection,not separately selected,global profile; not per-video,bbox_geometry|evaluator_only,not established,YES,Inherited from the hashed TrackingConfig source; no separate sensitivity claim.,PARTIAL_NO_METHOD_SPECIFIC_SENSITIVITY,BOUND_BY_SOURCE_CODE,PARTIALLY_GROUNDED,NO
B0_CURRENT_STANDARD_V2_20260728,hold_occluded_box,Hidden_state|bbox_geometry,boolean,"{false,true}",true,INHERITED_DEFAULT_WITH_PROVENANCE,src/pig_behavior/tracking/config.py sha256=52c5f54ad44b6f76a8d143d168bdc942542d5fd263903cbf630f9c58ecf1cdd0,not a separate empirical selection,not separately selected,global profile; not per-video,Hidden_state|bbox_geometry,not established,YES,Inherited from the hashed TrackingConfig source; no separate sensitivity claim.,PARTIAL_NO_METHOD_SPECIFIC_SENSITIVITY,BOUND_BY_SOURCE_CODE,PARTIALLY_GROUNDED,NO
B0_CURRENT_STANDARD_V2_20260728,identity_swap_guard,identity_repair,boolean,"{false,true}",false,PREDECLARED_DEVELOPMENT_SELECTION,src/pig_behavior/tracking/profiles/bytetrack_raw.py sha256=fe62045b5e260e45cd735f8be70726d3cf8c3f7fc2ea1159f22b968728f522e0,13-video development evidence,frozen before authority execution; earlier development data visible,global profile; not per-video,identity_repair,authority/ablation record may exist; not universal,YES,Profile override frozen by a development authority before its authority run.,SUFFICIENT_WITH_DEVELOPMENT_SCOPE_LIMITATION,BOUND_BY_EFFECTIVE_CONFIG,FULLY_GROUNDED,NO
B0_CURRENT_STANDARD_V2_20260728,identity_swap_guard_far_x_threshold,identity_repair,unitless,source-defined numeric domain,0.67,INHERITED_DEFAULT_WITH_PROVENANCE,src/pig_behavior/tracking/config.py sha256=52c5f54ad44b6f76a8d143d168bdc942542d5fd263903cbf630f9c58ecf1cdd0,not a separate empirical selection,not separately selected,global profile; not per-video,identity_repair,not established,YES,Inherited from the hashed TrackingConfig source; no separate sensitivity claim.,PARTIAL_NO_METHOD_SPECIFIC_SENSITIVITY,BOUND_BY_SOURCE_CODE,PARTIALLY_GROUNDED,NO
B0_CURRENT_STANDARD_V2_20260728,identity_swap_guard_skip_mixed_occlusion_hold,identity_repair|Hidden_state,boolean,"{false,true}",false,INHERITED_DEFAULT_WITH_PROVENANCE,src/pig_behavior/tracking/config.py sha256=52c5f54ad44b6f76a8d143d168bdc942542d5fd263903cbf630f9c58ecf1cdd0,not a separate empirical selection,not separately selected,global profile; not per-video,identity_repair|Hidden_state,not established,YES,Inherited from the hashed TrackingConfig source; no separate sensitivity claim.,PARTIAL_NO_METHOD_SPECIFIC_SENSITIVITY,BOUND_BY_SOURCE_CODE,PARTIALLY_GROUNDED,NO
B0_CURRENT_STANDARD_V2_20260728,identity_swap_guard_skip_mixed_occlusion_hold_far_only,identity_repair|Hidden_state,boolean,"{false,true}",false,INHERITED_DEFAULT_WITH_PROVENANCE,src/pig_behavior/tracking/config.py sha256=52c5f54ad44b6f76a8d143d168bdc942542d5fd263903cbf630f9c58ecf1cdd0,not a separate empirical selection,not separately selected,global profile; not per-video,identity_repair|Hidden_state,not established,YES,Inherited from the hashed TrackingConfig source; no separate sensitivity claim.,PARTIAL_NO_METHOD_SPECIFIC_SENSITIVITY,BOUND_BY_SOURCE_CODE,PARTIALLY_GROUNDED,NO
B0_CURRENT_STANDARD_V2_20260728,identity_swap_iom_threshold,identity_repair,unitless,source-defined numeric domain,0.1,INHERITED_DEFAULT_WITH_PROVENANCE,src/pig_behavior/tracking/config.py sha256=52c5f54ad44b6f76a8d143d168bdc942542d5fd263903cbf630f9c58ecf1cdd0,not a separate empirical selection,not separately selected,global profile; not per-video,identity_repair,not established,YES,Inherited from the hashed TrackingConfig source; no separate sensitivity claim.,PARTIAL_NO_METHOD_SPECIFIC_SENSITIVITY,BOUND_BY_SOURCE_CODE,PARTIALLY_GROUNDED,NO
B0_CURRENT_STANDARD_V2_20260728,identity_swap_min_gain,identity_repair,unitless,source-defined numeric domain,0.015,INHERITED_DEFAULT_WITH_PROVENANCE,src/pig_behavior/tracking/config.py sha256=52c5f54ad44b6f76a8d143d168bdc942542d5fd263903cbf630f9c58ecf1cdd0,not a separate empirical selection,not separately selected,global profile; not per-video,identity_repair,not established,YES,Inherited from the hashed TrackingConfig source; no separate sensitivity claim.,PARTIAL_NO_METHOD_SPECIFIC_SENSITIVITY,BOUND_BY_SOURCE_CODE,PARTIALLY_GROUNDED,NO
B0_CURRENT_STANDARD_V2_20260728,imgsz,detection,count,source-defined integer domain,640,INHERITED_DEFAULT_WITH_PROVENANCE,src/pig_behavior/tracking/config.py sha256=52c5f54ad44b6f76a8d143d168bdc942542d5fd263903cbf630f9c58ecf1cdd0,not a separate empirical selection,not separately selected,global profile; not per-video,detection,not established,YES,Inherited from the hashed TrackingConfig source; no separate sensitivity claim.,PARTIAL_NO_METHOD_SPECIFIC_SENSITIVITY,BOUND_BY_SOURCE_CODE,PARTIALLY_GROUNDED,NO
B0_CURRENT_STANDARD_V2_20260728,initial_track_conf,engineering_or_indirect,unitless ratio,"[0,1] unless source contract states otherwise",0.45,INHERITED_DEFAULT_WITH_PROVENANCE,src/pig_behavior/tracking/config.py sha256=52c5f54ad44b6f76a8d143d168bdc942542d5fd263903cbf630f9c58ecf1cdd0,not a separate empirical selection,not separately selected,global profile; not per-video,engineering_or_indirect,not established,YES,Inherited from the hashed TrackingConfig source; no separate sensitivity claim.,PARTIAL_NO_METHOD_SPECIFIC_SENSITIVITY,BOUND_BY_SOURCE_CODE,PARTIALLY_GROUNDED,NO
B0_CURRENT_STANDARD_V2_20260728,iou,association,unitless ratio,"[0,1] unless source contract states otherwise",null,INHERITED_DEFAULT_WITH_PROVENANCE,src/pig_behavior/tracking/config.py sha256=52c5f54ad44b6f76a8d143d168bdc942542d5fd263903cbf630f9c58ecf1cdd0,not a separate empirical selection,not separately selected,global profile; not per-video,association,not established,YES,Inherited from the hashed TrackingConfig source; no separate sensitivity claim.,PARTIAL_NO_METHOD_SPECIFIC_SENSITIVITY,BOUND_BY_SOURCE_CODE,PARTIALLY_GROUNDED,NO
B0_CURRENT_STANDARD_V2_20260728,iou_fallback_threshold,association,unitless ratio,"[0,1] unless source contract states otherwise",0.45,INHERITED_DEFAULT_WITH_PROVENANCE,src/pig_behavior/tracking/config.py sha256=52c5f54ad44b6f76a8d143d168bdc942542d5fd263903cbf630f9c58ecf1cdd0,not a separate empirical selection,not separately selected,global profile; not per-video,association,not established,YES,Inherited from the hashed TrackingConfig source; no separate sensitivity claim.,PARTIAL_NO_METHOD_SPECIFIC_SENSITIVITY,BOUND_BY_SOURCE_CODE,PARTIALLY_GROUNDED,NO
B0_CURRENT_STANDARD_V2_20260728,labels_json,engineering_or_indirect,not applicable,None or source-defined value,null,INHERITED_DEFAULT_WITH_PROVENANCE,src/pig_behavior/tracking/config.py sha256=52c5f54ad44b6f76a8d143d168bdc942542d5fd263903cbf630f9c58ecf1cdd0,not a separate empirical selection,not separately selected,global profile; not per-video,engineering_or_indirect,not established,YES,Inherited from the hashed TrackingConfig source; no separate sensitivity claim.,PARTIAL_NO_METHOD_SPECIFIC_SENSITIVITY,BOUND_BY_SOURCE_CODE,PARTIALLY_GROUNDED,NO
B0_CURRENT_STANDARD_V2_20260728,local_pair_swap_max_gap_frames,identity_repair|runtime,frames,non-negative integer unless sentinel documented,2,INHERITED_DEFAULT_WITH_PROVENANCE,src/pig_behavior/tracking/config.py sha256=52c5f54ad44b6f76a8d143d168bdc942542d5fd263903cbf630f9c58ecf1cdd0,not a separate empirical selection,not separately selected,global profile; not per-video,identity_repair|runtime,not established,YES,Inherited from the hashed TrackingConfig source; no separate sensitivity claim.,PARTIAL_NO_METHOD_SPECIFIC_SENSITIVITY,BOUND_BY_SOURCE_CODE,PARTIALLY_GROUNDED,NO
B0_CURRENT_STANDARD_V2_20260728,local_pair_swap_min_motion_gain,identity_repair,unitless,source-defined numeric domain,0.08,INHERITED_DEFAULT_WITH_PROVENANCE,src/pig_behavior/tracking/config.py sha256=52c5f54ad44b6f76a8d143d168bdc942542d5fd263903cbf630f9c58ecf1cdd0,not a separate empirical selection,not separately selected,global profile; not per-video,identity_repair,not established,YES,Inherited from the hashed TrackingConfig source; no separate sensitivity claim.,PARTIAL_NO_METHOD_SPECIFIC_SENSITIVITY,BOUND_BY_SOURCE_CODE,PARTIALLY_GROUNDED,NO
B0_CURRENT_STANDARD_V2_20260728,local_pair_swap_min_overlap_iou,association|identity_repair,unitless ratio,"[0,1] unless source contract states otherwise",0.2,INHERITED_DEFAULT_WITH_PROVENANCE,src/pig_behavior/tracking/config.py sha256=52c5f54ad44b6f76a8d143d168bdc942542d5fd263903cbf630f9c58ecf1cdd0,not a separate empirical selection,not separately selected,global profile; not per-video,association|identity_repair,not established,YES,Inherited from the hashed TrackingConfig source; no separate sensitivity claim.,PARTIAL_NO_METHOD_SPECIFIC_SENSITIVITY,BOUND_BY_SOURCE_CODE,PARTIALLY_GROUNDED,NO
B0_CURRENT_STANDARD_V2_20260728,local_pair_swap_repair,identity_repair,boolean,"{false,true}",false,PREDECLARED_DEVELOPMENT_SELECTION,src/pig_behavior/tracking/profiles/bytetrack_raw.py sha256=fe62045b5e260e45cd735f8be70726d3cf8c3f7fc2ea1159f22b968728f522e0,13-video development evidence,frozen before authority execution; earlier development data visible,global profile; not per-video,identity_repair,authority/ablation record may exist; not universal,YES,Profile override frozen by a development authority before its authority run.,SUFFICIENT_WITH_DEVELOPMENT_SCOPE_LIMITATION,BOUND_BY_EFFECTIVE_CONFIG,FULLY_GROUNDED,NO
B0_CURRENT_STANDARD_V2_20260728,local_pair_swap_window_frames,identity_repair|runtime,frames,non-negative integer unless sentinel documented,8,INHERITED_DEFAULT_WITH_PROVENANCE,src/pig_behavior/tracking/config.py sha256=52c5f54ad44b6f76a8d143d168bdc942542d5fd263903cbf630f9c58ecf1cdd0,not a separate empirical selection,not separately selected,global profile; not per-video,identity_repair|runtime,not established,YES,Inherited from the hashed TrackingConfig source; no separate sensitivity claim.,PARTIAL_NO_METHOD_SPECIFIC_SENSITIVITY,BOUND_BY_SOURCE_CODE,PARTIALLY_GROUNDED,NO
B0_CURRENT_STANDARD_V2_20260728,long_pair_swap_max_gap_frames,identity_repair|runtime,frames,non-negative integer unless sentinel documented,2,INHERITED_DEFAULT_WITH_PROVENANCE,src/pig_behavior/tracking/config.py sha256=52c5f54ad44b6f76a8d143d168bdc942542d5fd263903cbf630f9c58ecf1cdd0,not a separate empirical selection,not separately selected,global profile; not per-video,identity_repair|runtime,not established,YES,Inherited from the hashed TrackingConfig source; no separate sensitivity claim.,PARTIAL_NO_METHOD_SPECIFIC_SENSITIVITY,BOUND_BY_SOURCE_CODE,PARTIALLY_GROUNDED,NO
B0_CURRENT_STANDARD_V2_20260728,long_pair_swap_min_frames,identity_repair|runtime,frames,non-negative integer unless sentinel documented,24,INHERITED_DEFAULT_WITH_PROVENANCE,src/pig_behavior/tracking/config.py sha256=52c5f54ad44b6f76a8d143d168bdc942542d5fd263903cbf630f9c58ecf1cdd0,not a separate empirical selection,not separately selected,global profile; not per-video,identity_repair|runtime,not established,YES,Inherited from the hashed TrackingConfig source; no separate sensitivity claim.,PARTIAL_NO_METHOD_SPECIFIC_SENSITIVITY,BOUND_BY_SOURCE_CODE,PARTIALLY_GROUNDED,NO
B0_CURRENT_STANDARD_V2_20260728,long_pair_swap_min_median_separation,identity_repair,unitless,source-defined numeric domain,0.04,INHERITED_DEFAULT_WITH_PROVENANCE,src/pig_behavior/tracking/config.py sha256=52c5f54ad44b6f76a8d143d168bdc942542d5fd263903cbf630f9c58ecf1cdd0,not a separate empirical selection,not separately selected,global profile; not per-video,identity_repair,not established,YES,Inherited from the hashed TrackingConfig source; no separate sensitivity claim.,PARTIAL_NO_METHOD_SPECIFIC_SENSITIVITY,BOUND_BY_SOURCE_CODE,PARTIALLY_GROUNDED,NO
B0_CURRENT_STANDARD_V2_20260728,long_pair_swap_min_start_gain,identity_repair,unitless,source-defined numeric domain,0.08,INHERITED_DEFAULT_WITH_PROVENANCE,src/pig_behavior/tracking/config.py sha256=52c5f54ad44b6f76a8d143d168bdc942542d5fd263903cbf630f9c58ecf1cdd0,not a separate empirical selection,not separately selected,global profile; not per-video,identity_repair,not established,YES,Inherited from the hashed TrackingConfig source; no separate sensitivity claim.,PARTIAL_NO_METHOD_SPECIFIC_SENSITIVITY,BOUND_BY_SOURCE_CODE,PARTIALLY_GROUNDED,NO
B0_CURRENT_STANDARD_V2_20260728,long_pair_swap_repair,identity_repair,boolean,"{false,true}",false,INHERITED_DEFAULT_WITH_PROVENANCE,src/pig_behavior/tracking/config.py sha256=52c5f54ad44b6f76a8d143d168bdc942542d5fd263903cbf630f9c58ecf1cdd0,not a separate empirical selection,not separately selected,global profile; not per-video,identity_repair,not established,YES,Inherited from the hashed TrackingConfig source; no separate sensitivity claim.,PARTIAL_NO_METHOD_SPECIFIC_SENSITIVITY,BOUND_BY_SOURCE_CODE,PARTIALLY_GROUNDED,NO
B0_CURRENT_STANDARD_V2_20260728,lost_track_cost_threshold,association|lifecycle,unitless,source-defined numeric domain,0.95,INHERITED_DEFAULT_WITH_PROVENANCE,src/pig_behavior/tracking/config.py sha256=52c5f54ad44b6f76a8d143d168bdc942542d5fd263903cbf630f9c58ecf1cdd0,not a separate empirical selection,not separately selected,global profile; not per-video,association|lifecycle,not established,YES,Inherited from the hashed TrackingConfig source; no separate sensitivity claim.,PARTIAL_NO_METHOD_SPECIFIC_SENSITIVITY,BOUND_BY_SOURCE_CODE,PARTIALLY_GROUNDED,NO
B0_CURRENT_STANDARD_V2_20260728,lost_track_different_raw_hidden_owner_appearance_threshold,association|lifecycle|identity_repair|Hidden_state,unitless,source-defined numeric domain,0.25,INHERITED_DEFAULT_WITH_PROVENANCE,src/pig_behavior/tracking/config.py sha256=52c5f54ad44b6f76a8d143d168bdc942542d5fd263903cbf630f9c58ecf1cdd0,not a separate empirical selection,not separately selected,global profile; not per-video,association|lifecycle|identity_repair|Hidden_state,not established,YES,Inherited from the hashed TrackingConfig source; no separate sensitivity claim.,PARTIAL_NO_METHOD_SPECIFIC_SENSITIVITY,BOUND_BY_SOURCE_CODE,PARTIALLY_GROUNDED,NO
B0_CURRENT_STANDARD_V2_20260728,lost_track_different_raw_hidden_owner_bypass,lifecycle|identity_repair|Hidden_state,boolean,"{false,true}",true,INHERITED_DEFAULT_WITH_PROVENANCE,src/pig_behavior/tracking/config.py sha256=52c5f54ad44b6f76a8d143d168bdc942542d5fd263903cbf630f9c58ecf1cdd0,not a separate empirical selection,not separately selected,global profile; not per-video,lifecycle|identity_repair|Hidden_state,not established,YES,Inherited from the hashed TrackingConfig source; no separate sensitivity claim.,PARTIAL_NO_METHOD_SPECIFIC_SENSITIVITY,BOUND_BY_SOURCE_CODE,PARTIALLY_GROUNDED,NO
B0_CURRENT_STANDARD_V2_20260728,lost_track_different_raw_hidden_owner_min_center_gain,lifecycle|identity_repair|Hidden_state,unitless,source-defined numeric domain,0.03,INHERITED_DEFAULT_WITH_PROVENANCE,src/pig_behavior/tracking/config.py sha256=52c5f54ad44b6f76a8d143d168bdc942542d5fd263903cbf630f9c58ecf1cdd0,not a separate empirical selection,not separately selected,global profile; not per-video,lifecycle|identity_repair|Hidden_state,not established,YES,Inherited from the hashed TrackingConfig source; no separate sensitivity claim.,PARTIAL_NO_METHOD_SPECIFIC_SENSITIVITY,BOUND_BY_SOURCE_CODE,PARTIALLY_GROUNDED,NO
B0_CURRENT_STANDARD_V2_20260728,lost_track_different_raw_hidden_owner_min_missed,lifecycle|identity_repair|Hidden_state,frames,non-negative integer unless sentinel documented,2,INHERITED_DEFAULT_WITH_PROVENANCE,src/pig_behavior/tracking/config.py sha256=52c5f54ad44b6f76a8d143d168bdc942542d5fd263903cbf630f9c58ecf1cdd0,not a separate empirical selection,not separately selected,global profile; not per-video,lifecycle|identity_repair|Hidden_state,not established,YES,Inherited from the hashed TrackingConfig source; no separate sensitivity claim.,PARTIAL_NO_METHOD_SPECIFIC_SENSITIVITY,BOUND_BY_SOURCE_CODE,PARTIALLY_GROUNDED,NO
B0_CURRENT_STANDARD_V2_20260728,lost_track_fast_motion_appearance_threshold,association|lifecycle,unitless,source-defined numeric domain,0.3,INHERITED_DEFAULT_WITH_PROVENANCE,src/pig_behavior/tracking/config.py sha256=52c5f54ad44b6f76a8d143d168bdc942542d5fd263903cbf630f9c58ecf1cdd0,not a separate empirical selection,not separately selected,global profile; not per-video,association|lifecycle,not established,YES,Inherited from the hashed TrackingConfig source; no separate sensitivity claim.,PARTIAL_NO_METHOD_SPECIFIC_SENSITIVITY,BOUND_BY_SOURCE_CODE,PARTIALLY_GROUNDED,NO
B0_CURRENT_STANDARD_V2_20260728,lost_track_fast_motion_max_center_jump,lifecycle,unitless,source-defined numeric domain,0.42,INHERITED_DEFAULT_WITH_PROVENANCE,src/pig_behavior/tracking/config.py sha256=52c5f54ad44b6f76a8d143d168bdc942542d5fd263903cbf630f9c58ecf1cdd0,not a separate empirical selection,not separately selected,global profile; not per-video,lifecycle,not established,YES,Inherited from the hashed TrackingConfig source; no separate sensitivity claim.,PARTIAL_NO_METHOD_SPECIFIC_SENSITIVITY,BOUND_BY_SOURCE_CODE,PARTIALLY_GROUNDED,NO
B0_CURRENT_STANDARD_V2_20260728,lost_track_fast_motion_min_center_jump,lifecycle,unitless,source-defined numeric domain,0.06,INHERITED_DEFAULT_WITH_PROVENANCE,src/pig_behavior/tracking/config.py sha256=52c5f54ad44b6f76a8d143d168bdc942542d5fd263903cbf630f9c58ecf1cdd0,not a separate empirical selection,not separately selected,global profile; not per-video,lifecycle,not established,YES,Inherited from the hashed TrackingConfig source; no separate sensitivity claim.,PARTIAL_NO_METHOD_SPECIFIC_SENSITIVITY,BOUND_BY_SOURCE_CODE,PARTIALLY_GROUNDED,NO
B0_CURRENT_STANDARD_V2_20260728,lost_track_fast_motion_owner_grace,lifecycle|identity_repair,count,source-defined integer domain,3,INHERITED_DEFAULT_WITH_PROVENANCE,src/pig_behavior/tracking/config.py sha256=52c5f54ad44b6f76a8d143d168bdc942542d5fd263903cbf630f9c58ecf1cdd0,not a separate empirical selection,not separately selected,global profile; not per-video,lifecycle|identity_repair,not established,YES,Inherited from the hashed TrackingConfig source; no separate sensitivity claim.,PARTIAL_NO_METHOD_SPECIFIC_SENSITIVITY,BOUND_BY_SOURCE_CODE,PARTIALLY_GROUNDED,NO
B0_CURRENT_STANDARD_V2_20260728,lost_track_fast_motion_owner_max_gap,lifecycle|identity_repair,unitless,source-defined numeric domain,0.14,INHERITED_DEFAULT_WITH_PROVENANCE,src/pig_behavior/tracking/config.py sha256=52c5f54ad44b6f76a8d143d168bdc942542d5fd263903cbf630f9c58ecf1cdd0,not a separate empirical selection,not separately selected,global profile; not per-video,lifecycle|identity_repair,not established,YES,Inherited from the hashed TrackingConfig source; no separate sensitivity claim.,PARTIAL_NO_METHOD_SPECIFIC_SENSITIVITY,BOUND_BY_SOURCE_CODE,PARTIALLY_GROUNDED,NO
B0_CURRENT_STANDARD_V2_20260728,lost_track_raw_owner_transfer_appearance_threshold,association|lifecycle|identity_repair,unitless,source-defined numeric domain,0.25,INHERITED_DEFAULT_WITH_PROVENANCE,src/pig_behavior/tracking/config.py sha256=52c5f54ad44b6f76a8d143d168bdc942542d5fd263903cbf630f9c58ecf1cdd0,not a separate empirical selection,not separately selected,global profile; not per-video,association|lifecycle|identity_repair,not established,YES,Inherited from the hashed TrackingConfig source; no separate sensitivity claim.,PARTIAL_NO_METHOD_SPECIFIC_SENSITIVITY,BOUND_BY_SOURCE_CODE,PARTIALLY_GROUNDED,NO
B0_CURRENT_STANDARD_V2_20260728,lost_track_raw_owner_transfer_min_appearance_gain,association|lifecycle|identity_repair,unitless,source-defined numeric domain,0.05,INHERITED_DEFAULT_WITH_PROVENANCE,src/pig_behavior/tracking/config.py sha256=52c5f54ad44b6f76a8d143d168bdc942542d5fd263903cbf630f9c58ecf1cdd0,not a separate empirical selection,not separately selected,global profile; not per-video,association|lifecycle|identity_repair,not established,YES,Inherited from the hashed TrackingConfig source; no separate sensitivity claim.,PARTIAL_NO_METHOD_SPECIFIC_SENSITIVITY,BOUND_BY_SOURCE_CODE,PARTIALLY_GROUNDED,NO
B0_CURRENT_STANDARD_V2_20260728,lost_track_raw_owner_transfer_min_center_gain,lifecycle|identity_repair,unitless,source-defined numeric domain,0.04,INHERITED_DEFAULT_WITH_PROVENANCE,src/pig_behavior/tracking/config.py sha256=52c5f54ad44b6f76a8d143d168bdc942542d5fd263903cbf630f9c58ecf1cdd0,not a separate empirical selection,not separately selected,global profile; not per-video,lifecycle|identity_repair,not established,YES,Inherited from the hashed TrackingConfig source; no separate sensitivity claim.,PARTIAL_NO_METHOD_SPECIFIC_SENSITIVITY,BOUND_BY_SOURCE_CODE,PARTIALLY_GROUNDED,NO
B0_CURRENT_STANDARD_V2_20260728,lost_track_reacquire_different_raw_owner_guard,lifecycle|identity_repair,boolean,"{false,true}",true,INHERITED_DEFAULT_WITH_PROVENANCE,src/pig_behavior/tracking/config.py sha256=52c5f54ad44b6f76a8d143d168bdc942542d5fd263903cbf630f9c58ecf1cdd0,not a separate empirical selection,not separately selected,global profile; not per-video,lifecycle|identity_repair,not established,YES,Inherited from the hashed TrackingConfig source; no separate sensitivity claim.,PARTIAL_NO_METHOD_SPECIFIC_SENSITIVITY,BOUND_BY_SOURCE_CODE,PARTIALLY_GROUNDED,NO
B0_CURRENT_STANDARD_V2_20260728,lost_track_reacquire_guard,lifecycle,boolean,"{false,true}",true,INHERITED_DEFAULT_WITH_PROVENANCE,src/pig_behavior/tracking/config.py sha256=52c5f54ad44b6f76a8d143d168bdc942542d5fd263903cbf630f9c58ecf1cdd0,not a separate empirical selection,not separately selected,global profile; not per-video,lifecycle,not established,YES,Inherited from the hashed TrackingConfig source; no separate sensitivity claim.,PARTIAL_NO_METHOD_SPECIFIC_SENSITIVITY,BOUND_BY_SOURCE_CODE,PARTIALLY_GROUNDED,NO
B0_CURRENT_STANDARD_V2_20260728,lost_track_reacquire_max_center_jump,lifecycle,unitless,source-defined numeric domain,0.22,INHERITED_DEFAULT_WITH_PROVENANCE,src/pig_behavior/tracking/config.py sha256=52c5f54ad44b6f76a8d143d168bdc942542d5fd263903cbf630f9c58ecf1cdd0,not a separate empirical selection,not separately selected,global profile; not per-video,lifecycle,not established,YES,Inherited from the hashed TrackingConfig source; no separate sensitivity claim.,PARTIAL_NO_METHOD_SPECIFIC_SENSITIVITY,BOUND_BY_SOURCE_CODE,PARTIALLY_GROUNDED,NO
B0_CURRENT_STANDARD_V2_20260728,lost_track_reacquire_non_same_raw_distance_guard,lifecycle,boolean,"{false,true}",false,INHERITED_DEFAULT_WITH_PROVENANCE,src/pig_behavior/tracking/config.py sha256=52c5f54ad44b6f76a8d143d168bdc942542d5fd263903cbf630f9c58ecf1cdd0,not a separate empirical selection,not separately selected,global profile; not per-video,lifecycle,not established,YES,Inherited from the hashed TrackingConfig source; no separate sensitivity claim.,PARTIAL_NO_METHOD_SPECIFIC_SENSITIVITY,BOUND_BY_SOURCE_CODE,PARTIALLY_GROUNDED,NO
B0_CURRENT_STANDARD_V2_20260728,lost_track_reacquire_raw_owner_guard,lifecycle|identity_repair,boolean,"{false,true}",true,INHERITED_DEFAULT_WITH_PROVENANCE,src/pig_behavior/tracking/config.py sha256=52c5f54ad44b6f76a8d143d168bdc942542d5fd263903cbf630f9c58ecf1cdd0,not a separate empirical selection,not separately selected,global profile; not per-video,lifecycle|identity_repair,not established,YES,Inherited from the hashed TrackingConfig source; no separate sensitivity claim.,PARTIAL_NO_METHOD_SPECIFIC_SENSITIVITY,BOUND_BY_SOURCE_CODE,PARTIALLY_GROUNDED,NO
B0_CURRENT_STANDARD_V2_20260728,lost_track_reacquire_same_raw_appearance_bypass,association|lifecycle,boolean,"{false,true}",true,INHERITED_DEFAULT_WITH_PROVENANCE,src/pig_behavior/tracking/config.py sha256=52c5f54ad44b6f76a8d143d168bdc942542d5fd263903cbf630f9c58ecf1cdd0,not a separate empirical selection,not separately selected,global profile; not per-video,association|lifecycle,not established,YES,Inherited from the hashed TrackingConfig source; no separate sensitivity claim.,PARTIAL_NO_METHOD_SPECIFIC_SENSITIVITY,BOUND_BY_SOURCE_CODE,PARTIALLY_GROUNDED,NO
B0_CURRENT_STANDARD_V2_20260728,lost_track_reacquire_same_raw_appearance_threshold,association|lifecycle,unitless,source-defined numeric domain,0.25,INHERITED_DEFAULT_WITH_PROVENANCE,src/pig_behavior/tracking/config.py sha256=52c5f54ad44b6f76a8d143d168bdc942542d5fd263903cbf630f9c58ecf1cdd0,not a separate empirical selection,not separately selected,global profile; not per-video,association|lifecycle,not established,YES,Inherited from the hashed TrackingConfig source; no separate sensitivity claim.,PARTIAL_NO_METHOD_SPECIFIC_SENSITIVITY,BOUND_BY_SOURCE_CODE,PARTIALLY_GROUNDED,NO
B0_CURRENT_STANDARD_V2_20260728,lost_track_reacquire_same_raw_distance_guard,lifecycle,boolean,"{false,true}",true,INHERITED_DEFAULT_WITH_PROVENANCE,src/pig_behavior/tracking/config.py sha256=52c5f54ad44b6f76a8d143d168bdc942542d5fd263903cbf630f9c58ecf1cdd0,not a separate empirical selection,not separately selected,global profile; not per-video,lifecycle,not established,YES,Inherited from the hashed TrackingConfig source; no separate sensitivity claim.,PARTIAL_NO_METHOD_SPECIFIC_SENSITIVITY,BOUND_BY_SOURCE_CODE,PARTIALLY_GROUNDED,NO
B0_CURRENT_STANDARD_V2_20260728,lost_track_reacquire_same_raw_max_center_jump,lifecycle,unitless,source-defined numeric domain,0.34,INHERITED_DEFAULT_WITH_PROVENANCE,src/pig_behavior/tracking/config.py sha256=52c5f54ad44b6f76a8d143d168bdc942542d5fd263903cbf630f9c58ecf1cdd0,not a separate empirical selection,not separately selected,global profile; not per-video,lifecycle,not established,YES,Inherited from the hashed TrackingConfig source; no separate sensitivity claim.,PARTIAL_NO_METHOD_SPECIFIC_SENSITIVITY,BOUND_BY_SOURCE_CODE,PARTIALLY_GROUNDED,NO
B0_CURRENT_STANDARD_V2_20260728,lost_track_reacquire_same_raw_owner_guard,lifecycle|identity_repair,boolean,"{false,true}",true,INHERITED_DEFAULT_WITH_PROVENANCE,src/pig_behavior/tracking/config.py sha256=52c5f54ad44b6f76a8d143d168bdc942542d5fd263903cbf630f9c58ecf1cdd0,not a separate empirical selection,not separately selected,global profile; not per-video,lifecycle|identity_repair,not established,YES,Inherited from the hashed TrackingConfig source; no separate sensitivity claim.,PARTIAL_NO_METHOD_SPECIFIC_SENSITIVITY,BOUND_BY_SOURCE_CODE,PARTIALLY_GROUNDED,NO
B0_CURRENT_STANDARD_V2_20260728,lost_track_reid_appearance_threshold,association|lifecycle,unitless,source-defined numeric domain,0.25,INHERITED_DEFAULT_WITH_PROVENANCE,src/pig_behavior/tracking/config.py sha256=52c5f54ad44b6f76a8d143d168bdc942542d5fd263903cbf630f9c58ecf1cdd0,not a separate empirical selection,not separately selected,global profile; not per-video,association|lifecycle,not established,YES,Inherited from the hashed TrackingConfig source; no separate sensitivity claim.,PARTIAL_NO_METHOD_SPECIFIC_SENSITIVITY,BOUND_BY_SOURCE_CODE,PARTIALLY_GROUNDED,NO
B0_CURRENT_STANDARD_V2_20260728,low_conf_max_box_jump_scale,bbox_geometry,unitless,source-defined numeric domain,1.75,INHERITED_DEFAULT_WITH_PROVENANCE,src/pig_behavior/tracking/config.py sha256=52c5f54ad44b6f76a8d143d168bdc942542d5fd263903cbf630f9c58ecf1cdd0,not a separate empirical selection,not separately selected,global profile; not per-video,bbox_geometry,not established,YES,Inherited from the hashed TrackingConfig source; no separate sensitivity claim.,PARTIAL_NO_METHOD_SPECIFIC_SENSITIVITY,BOUND_BY_SOURCE_CODE,PARTIALLY_GROUNDED,NO
B0_CURRENT_STANDARD_V2_20260728,low_conf_max_center_jump,engineering_or_indirect,unitless,source-defined numeric domain,0.08,INHERITED_DEFAULT_WITH_PROVENANCE,src/pig_behavior/tracking/config.py sha256=52c5f54ad44b6f76a8d143d168bdc942542d5fd263903cbf630f9c58ecf1cdd0,not a separate empirical selection,not separately selected,global profile; not per-video,engineering_or_indirect,not established,YES,Inherited from the hashed TrackingConfig source; no separate sensitivity claim.,PARTIAL_NO_METHOD_SPECIFIC_SENSITIVITY,BOUND_BY_SOURCE_CODE,PARTIALLY_GROUNDED,NO
B0_CURRENT_STANDARD_V2_20260728,low_conf_min_iou,association,unitless ratio,"[0,1] unless source contract states otherwise",0.01,INHERITED_DEFAULT_WITH_PROVENANCE,src/pig_behavior/tracking/config.py sha256=52c5f54ad44b6f76a8d143d168bdc942542d5fd263903cbf630f9c58ecf1cdd0,not a separate empirical selection,not separately selected,global profile; not per-video,association,not established,YES,Inherited from the hashed TrackingConfig source; no separate sensitivity claim.,PARTIAL_NO_METHOD_SPECIFIC_SENSITIVITY,BOUND_BY_SOURCE_CODE,PARTIALLY_GROUNDED,NO
B0_CURRENT_STANDARD_V2_20260728,low_conf_motion_gate,engineering_or_indirect,boolean,"{false,true}",true,INHERITED_DEFAULT_WITH_PROVENANCE,src/pig_behavior/tracking/config.py sha256=52c5f54ad44b6f76a8d143d168bdc942542d5fd263903cbf630f9c58ecf1cdd0,not a separate empirical selection,not separately selected,global profile; not per-video,engineering_or_indirect,not established,YES,Inherited from the hashed TrackingConfig source; no separate sensitivity claim.,PARTIAL_NO_METHOD_SPECIFIC_SENSITIVITY,BOUND_BY_SOURCE_CODE,PARTIALLY_GROUNDED,NO
B0_CURRENT_STANDARD_V2_20260728,low_conf_smooth_alpha,bbox_geometry|evaluator_only,unitless,source-defined numeric domain,0.35,INHERITED_DEFAULT_WITH_PROVENANCE,src/pig_behavior/tracking/config.py sha256=52c5f54ad44b6f76a8d143d168bdc942542d5fd263903cbf630f9c58ecf1cdd0,not a separate empirical selection,not separately selected,global profile; not per-video,bbox_geometry|evaluator_only,not established,YES,Inherited from the hashed TrackingConfig source; no separate sensitivity claim.,PARTIAL_NO_METHOD_SPECIFIC_SENSITIVITY,BOUND_BY_SOURCE_CODE,PARTIALLY_GROUNDED,NO
B0_CURRENT_STANDARD_V2_20260728,mark_interpolated_review,engineering_or_indirect,boolean,"{false,true}",true,INHERITED_DEFAULT_WITH_PROVENANCE,src/pig_behavior/tracking/config.py sha256=52c5f54ad44b6f76a8d143d168bdc942542d5fd263903cbf630f9c58ecf1cdd0,not a separate empirical selection,not separately selected,global profile; not per-video,engineering_or_indirect,not established,YES,Inherited from the hashed TrackingConfig source; no separate sensitivity claim.,PARTIAL_NO_METHOD_SPECIFIC_SENSITIVITY,BOUND_BY_SOURCE_CODE,PARTIALLY_GROUNDED,NO
B0_CURRENT_STANDARD_V2_20260728,mask_input_frame,detection|runtime,boolean,"{false,true}",true,INHERITED_DEFAULT_WITH_PROVENANCE,src/pig_behavior/tracking/config.py sha256=52c5f54ad44b6f76a8d143d168bdc942542d5fd263903cbf630f9c58ecf1cdd0,not a separate empirical selection,not separately selected,global profile; not per-video,detection|runtime,not established,YES,Inherited from the hashed TrackingConfig source; no separate sensitivity claim.,PARTIAL_NO_METHOD_SPECIFIC_SENSITIVITY,BOUND_BY_SOURCE_CODE,PARTIALLY_GROUNDED,NO
B0_CURRENT_STANDARD_V2_20260728,mask_iou_max_missed,detection|association|lifecycle,unitless ratio,"[0,1] unless source contract states otherwise",10,INHERITED_DEFAULT_WITH_PROVENANCE,src/pig_behavior/tracking/config.py sha256=52c5f54ad44b6f76a8d143d168bdc942542d5fd263903cbf630f9c58ecf1cdd0,not a separate empirical selection,not separately selected,global profile; not per-video,detection|association|lifecycle,not established,YES,Inherited from the hashed TrackingConfig source; no separate sensitivity claim.,PARTIAL_NO_METHOD_SPECIFIC_SENSITIVITY,BOUND_BY_SOURCE_CODE,PARTIALLY_GROUNDED,NO
B0_CURRENT_STANDARD_V2_20260728,mask_iou_min_area,detection|association,unitless ratio,"[0,1] unless source contract states otherwise",64,INHERITED_DEFAULT_WITH_PROVENANCE,src/pig_behavior/tracking/config.py sha256=52c5f54ad44b6f76a8d143d168bdc942542d5fd263903cbf630f9c58ecf1cdd0,not a separate empirical selection,not separately selected,global profile; not per-video,detection|association,not established,YES,Inherited from the hashed TrackingConfig source; no separate sensitivity claim.,PARTIAL_NO_METHOD_SPECIFIC_SENSITIVITY,BOUND_BY_SOURCE_CODE,PARTIALLY_GROUNDED,NO
B0_CURRENT_STANDARD_V2_20260728,mask_path,detection,categorical/path,source-defined allowed values,"""C:\\Users\\ironh\\Downloads\\PIG_Behavior_Project\\.codex_tmp\\worktrees\\tracking_scientific_grounding_authority\\data\\annotations\\scene\\mask.png""",DATA_SCHEMA_CONSTRAINT,src/pig_behavior/tracking/config.py sha256=52c5f54ad44b6f76a8d143d168bdc942542d5fd263903cbf630f9c58ecf1cdd0,not a separate empirical selection,not separately selected,global profile; not per-video,detection,not established,YES,Bound to the repository data/cache/export schema.,SUFFICIENT,BOUND_BY_SOURCE_CODE,FULLY_GROUNDED,NO
B0_CURRENT_STANDARD_V2_20260728,match_cost_threshold,association,unitless,source-defined numeric domain,0.78,INHERITED_DEFAULT_WITH_PROVENANCE,src/pig_behavior/tracking/config.py sha256=52c5f54ad44b6f76a8d143d168bdc942542d5fd263903cbf630f9c58ecf1cdd0,not a separate empirical selection,not separately selected,global profile; not per-video,association,not established,YES,Inherited from the hashed TrackingConfig source; no separate sensitivity claim.,PARTIAL_NO_METHOD_SPECIFIC_SENSITIVITY,BOUND_BY_SOURCE_CODE,PARTIALLY_GROUNDED,NO
B0_CURRENT_STANDARD_V2_20260728,max_box_scale_change_after_gap,bbox_geometry,unitless,source-defined numeric domain,0.75,INHERITED_DEFAULT_WITH_PROVENANCE,src/pig_behavior/tracking/config.py sha256=52c5f54ad44b6f76a8d143d168bdc942542d5fd263903cbf630f9c58ecf1cdd0,not a separate empirical selection,not separately selected,global profile; not per-video,bbox_geometry,not established,YES,Inherited from the hashed TrackingConfig source; no separate sensitivity claim.,PARTIAL_NO_METHOD_SPECIFIC_SENSITIVITY,BOUND_BY_SOURCE_CODE,PARTIALLY_GROUNDED,NO
B0_CURRENT_STANDARD_V2_20260728,max_box_scale_change_per_frame,bbox_geometry|runtime,frames,non-negative integer unless sentinel documented,0.25,INHERITED_DEFAULT_WITH_PROVENANCE,src/pig_behavior/tracking/config.py sha256=52c5f54ad44b6f76a8d143d168bdc942542d5fd263903cbf630f9c58ecf1cdd0,not a separate empirical selection,not separately selected,global profile; not per-video,bbox_geometry|runtime,not established,YES,Inherited from the hashed TrackingConfig source; no separate sensitivity claim.,PARTIAL_NO_METHOD_SPECIFIC_SENSITIVITY,BOUND_BY_SOURCE_CODE,PARTIALLY_GROUNDED,NO
B0_CURRENT_STANDARD_V2_20260728,max_frames,runtime,frames,non-negative integer unless sentinel documented,null,HARDWARE_OR_RUNTIME_CONSTRAINT,src/pig_behavior/tracking/config.py sha256=52c5f54ad44b6f76a8d143d168bdc942542d5fd263903cbf630f9c58ecf1cdd0,not a separate empirical selection,not separately selected,global profile; not per-video,runtime,not established,YES,Execution/safety constraint rather than a quality claim.,SUFFICIENT,BOUND_BY_SOURCE_CODE,FULLY_GROUNDED,NO
B0_CURRENT_STANDARD_V2_20260728,max_interpolation_gap,engineering_or_indirect,count,source-defined integer domain,30,INHERITED_DEFAULT_WITH_PROVENANCE,src/pig_behavior/tracking/config.py sha256=52c5f54ad44b6f76a8d143d168bdc942542d5fd263903cbf630f9c58ecf1cdd0,not a separate empirical selection,not separately selected,global profile; not per-video,engineering_or_indirect,not established,YES,Inherited from the hashed TrackingConfig source; no separate sensitivity claim.,PARTIAL_NO_METHOD_SPECIFIC_SENSITIVITY,BOUND_BY_SOURCE_CODE,PARTIALLY_GROUNDED,NO
B0_CURRENT_STANDARD_V2_20260728,max_lost_frames,lifecycle|runtime,frames,non-negative integer unless sentinel documented,30,INHERITED_DEFAULT_WITH_PROVENANCE,src/pig_behavior/tracking/config.py sha256=52c5f54ad44b6f76a8d143d168bdc942542d5fd263903cbf630f9c58ecf1cdd0,not a separate empirical selection,not separately selected,global profile; not per-video,lifecycle|runtime,not established,YES,Inherited from the hashed TrackingConfig source; no separate sensitivity claim.,PARTIAL_NO_METHOD_SPECIFIC_SENSITIVITY,BOUND_BY_SOURCE_CODE,PARTIALLY_GROUNDED,NO
B0_CURRENT_STANDARD_V2_20260728,max_missing_frames,runtime,frames,non-negative integer unless sentinel documented,30,INHERITED_DEFAULT_WITH_PROVENANCE,src/pig_behavior/tracking/config.py sha256=52c5f54ad44b6f76a8d143d168bdc942542d5fd263903cbf630f9c58ecf1cdd0,not a separate empirical selection,not separately selected,global profile; not per-video,runtime,not established,YES,Inherited from the hashed TrackingConfig source; no separate sensitivity claim.,PARTIAL_NO_METHOD_SPECIFIC_SENSITIVITY,BOUND_BY_SOURCE_CODE,PARTIALLY_GROUNDED,NO
B0_CURRENT_STANDARD_V2_20260728,max_raw_detections,detection,count,source-defined integer domain,20,INHERITED_DEFAULT_WITH_PROVENANCE,src/pig_behavior/tracking/config.py sha256=52c5f54ad44b6f76a8d143d168bdc942542d5fd263903cbf630f9c58ecf1cdd0,not a separate empirical selection,not separately selected,global profile; not per-video,detection,not established,YES,Inherited from the hashed TrackingConfig source; no separate sensitivity claim.,PARTIAL_NO_METHOD_SPECIFIC_SENSITIVITY,BOUND_BY_SOURCE_CODE,PARTIALLY_GROUNDED,NO
B0_CURRENT_STANDARD_V2_20260728,merged_box_growth_ratio,bbox_geometry,unitless,source-defined numeric domain,1.5,INHERITED_DEFAULT_WITH_PROVENANCE,src/pig_behavior/tracking/config.py sha256=52c5f54ad44b6f76a8d143d168bdc942542d5fd263903cbf630f9c58ecf1cdd0,not a separate empirical selection,not separately selected,global profile; not per-video,bbox_geometry,not established,YES,Inherited from the hashed TrackingConfig source; no separate sensitivity claim.,PARTIAL_NO_METHOD_SPECIFIC_SENSITIVITY,BOUND_BY_SOURCE_CODE,PARTIALLY_GROUNDED,NO
B0_CURRENT_STANDARD_V2_20260728,merged_box_neighbor_distance,bbox_geometry,unitless,source-defined numeric domain,0.12,INHERITED_DEFAULT_WITH_PROVENANCE,src/pig_behavior/tracking/config.py sha256=52c5f54ad44b6f76a8d143d168bdc942542d5fd263903cbf630f9c58ecf1cdd0,not a separate empirical selection,not separately selected,global profile; not per-video,bbox_geometry,not established,YES,Inherited from the hashed TrackingConfig source; no separate sensitivity claim.,PARTIAL_NO_METHOD_SPECIFIC_SENSITIVITY,BOUND_BY_SOURCE_CODE,PARTIALLY_GROUNDED,NO
B0_CURRENT_STANDARD_V2_20260728,merged_box_split_max_tracks,bbox_geometry,count,source-defined integer domain,2,INHERITED_DEFAULT_WITH_PROVENANCE,src/pig_behavior/tracking/config.py sha256=52c5f54ad44b6f76a8d143d168bdc942542d5fd263903cbf630f9c58ecf1cdd0,not a separate empirical selection,not separately selected,global profile; not per-video,bbox_geometry,not established,YES,Inherited from the hashed TrackingConfig source; no separate sensitivity claim.,PARTIAL_NO_METHOD_SPECIFIC_SENSITIVITY,BOUND_BY_SOURCE_CODE,PARTIALLY_GROUNDED,NO
B0_CURRENT_STANDARD_V2_20260728,mid_conf_smooth_alpha,bbox_geometry|evaluator_only,unitless,source-defined numeric domain,0.55,INHERITED_DEFAULT_WITH_PROVENANCE,src/pig_behavior/tracking/config.py sha256=52c5f54ad44b6f76a8d143d168bdc942542d5fd263903cbf630f9c58ecf1cdd0,not a separate empirical selection,not separately selected,global profile; not per-video,bbox_geometry|evaluator_only,not established,YES,Inherited from the hashed TrackingConfig source; no separate sensitivity claim.,PARTIAL_NO_METHOD_SPECIFIC_SENSITIVITY,BOUND_BY_SOURCE_CODE,PARTIALLY_GROUNDED,NO
B0_CURRENT_STANDARD_V2_20260728,mode,engineering_or_indirect,categorical/path,source-defined allowed values,"""bytetrack_raw""",ORIGINAL_METHOD_SPECIFICATION,src/pig_behavior/tracking/profiles/bytetrack_raw.py sha256=fe62045b5e260e45cd735f8be70726d3cf8c3f7fc2ea1159f22b968728f522e0,13-video development evidence,frozen before authority execution; earlier development data visible,global profile; not per-video,engineering_or_indirect,authority/ablation record may exist; not universal,YES,Defines the method family or locked eight-animal task.,SUFFICIENT,BOUND_BY_EFFECTIVE_CONFIG,FULLY_GROUNDED,NO
B0_CURRENT_STANDARD_V2_20260728,motion_gate_confidence,engineering_or_indirect,unitless ratio,"[0,1] unless source contract states otherwise",0.45,INHERITED_DEFAULT_WITH_PROVENANCE,src/pig_behavior/tracking/config.py sha256=52c5f54ad44b6f76a8d143d168bdc942542d5fd263903cbf630f9c58ecf1cdd0,not a separate empirical selection,not separately selected,global profile; not per-video,engineering_or_indirect,not established,YES,Inherited from the hashed TrackingConfig source; no separate sensitivity claim.,PARTIAL_NO_METHOD_SPECIFIC_SENSITIVITY,BOUND_BY_SOURCE_CODE,PARTIALLY_GROUNDED,NO
B0_CURRENT_STANDARD_V2_20260728,near_wall_hidden_geometry_distance_bbox_scale,Hidden_state|bbox_geometry,unitless,source-defined numeric domain,0.25,INHERITED_DEFAULT_WITH_PROVENANCE,src/pig_behavior/tracking/config.py sha256=52c5f54ad44b6f76a8d143d168bdc942542d5fd263903cbf630f9c58ecf1cdd0,not a separate empirical selection,not separately selected,global profile; not per-video,Hidden_state|bbox_geometry,not established,YES,Inherited from the hashed TrackingConfig source; no separate sensitivity claim.,PARTIAL_NO_METHOD_SPECIFIC_SENSITIVITY,BOUND_BY_SOURCE_CODE,PARTIALLY_GROUNDED,NO
B0_CURRENT_STANDARD_V2_20260728,near_wall_hidden_geometry_max_center_shift,Hidden_state|bbox_geometry,unitless,source-defined numeric domain,0.04,INHERITED_DEFAULT_WITH_PROVENANCE,src/pig_behavior/tracking/config.py sha256=52c5f54ad44b6f76a8d143d168bdc942542d5fd263903cbf630f9c58ecf1cdd0,not a separate empirical selection,not separately selected,global profile; not per-video,Hidden_state|bbox_geometry,not established,YES,Inherited from the hashed TrackingConfig source; no separate sensitivity claim.,PARTIAL_NO_METHOD_SPECIFIC_SENSITIVITY,BOUND_BY_SOURCE_CODE,PARTIALLY_GROUNDED,NO
B0_CURRENT_STANDARD_V2_20260728,near_wall_hidden_geometry_max_gap_frames,Hidden_state|bbox_geometry|runtime,frames,non-negative integer unless sentinel documented,30,INHERITED_DEFAULT_WITH_PROVENANCE,src/pig_behavior/tracking/config.py sha256=52c5f54ad44b6f76a8d143d168bdc942542d5fd263903cbf630f9c58ecf1cdd0,not a separate empirical selection,not separately selected,global profile; not per-video,Hidden_state|bbox_geometry|runtime,not established,YES,Inherited from the hashed TrackingConfig source; no separate sensitivity claim.,PARTIAL_NO_METHOD_SPECIFIC_SENSITIVITY,BOUND_BY_SOURCE_CODE,PARTIALLY_GROUNDED,NO
B0_CURRENT_STANDARD_V2_20260728,near_wall_hidden_geometry_min_width_excess,Hidden_state|bbox_geometry,unitless,source-defined numeric domain,0.08,INHERITED_DEFAULT_WITH_PROVENANCE,src/pig_behavior/tracking/config.py sha256=52c5f54ad44b6f76a8d143d168bdc942542d5fd263903cbf630f9c58ecf1cdd0,not a separate empirical selection,not separately selected,global profile; not per-video,Hidden_state|bbox_geometry,not established,YES,Inherited from the hashed TrackingConfig source; no separate sensitivity claim.,PARTIAL_NO_METHOD_SPECIFIC_SENSITIVITY,BOUND_BY_SOURCE_CODE,PARTIALLY_GROUNDED,NO
B0_CURRENT_STANDARD_V2_20260728,near_wall_hidden_geometry_original_weight,Hidden_state|bbox_geometry,unitless,source-defined numeric domain,0.5,INHERITED_DEFAULT_WITH_PROVENANCE,src/pig_behavior/tracking/config.py sha256=52c5f54ad44b6f76a8d143d168bdc942542d5fd263903cbf630f9c58ecf1cdd0,not a separate empirical selection,not separately selected,global profile; not per-video,Hidden_state|bbox_geometry,not established,YES,Inherited from the hashed TrackingConfig source; no separate sensitivity claim.,PARTIAL_NO_METHOD_SPECIFIC_SENSITIVITY,BOUND_BY_SOURCE_CODE,PARTIALLY_GROUNDED,NO
B0_CURRENT_STANDARD_V2_20260728,near_wall_hidden_geometry_refine,Hidden_state|bbox_geometry,boolean,"{false,true}",false,INHERITED_DEFAULT_WITH_PROVENANCE,src/pig_behavior/tracking/config.py sha256=52c5f54ad44b6f76a8d143d168bdc942542d5fd263903cbf630f9c58ecf1cdd0,not a separate empirical selection,not separately selected,global profile; not per-video,Hidden_state|bbox_geometry,not established,YES,Inherited from the hashed TrackingConfig source; no separate sensitivity claim.,PARTIAL_NO_METHOD_SPECIFIC_SENSITIVITY,BOUND_BY_SOURCE_CODE,PARTIALLY_GROUNDED,NO
B0_CURRENT_STANDARD_V2_20260728,nms_iou,detection|association,unitless ratio,"[0,1] unless source contract states otherwise",0.5,INHERITED_DEFAULT_WITH_PROVENANCE,src/pig_behavior/tracking/config.py sha256=52c5f54ad44b6f76a8d143d168bdc942542d5fd263903cbf630f9c58ecf1cdd0,not a separate empirical selection,not separately selected,global profile; not per-video,detection|association,not established,YES,Inherited from the hashed TrackingConfig source; no separate sensitivity claim.,PARTIAL_NO_METHOD_SPECIFIC_SENSITIVITY,BOUND_BY_SOURCE_CODE,PARTIALLY_GROUNDED,NO
B0_CURRENT_STANDARD_V2_20260728,occlusion_appearance_margin,association|Hidden_state,unitless,source-defined numeric domain,0.08,INHERITED_DEFAULT_WITH_PROVENANCE,src/pig_behavior/tracking/config.py sha256=52c5f54ad44b6f76a8d143d168bdc942542d5fd263903cbf630f9c58ecf1cdd0,not a separate empirical selection,not separately selected,global profile; not per-video,association|Hidden_state,not established,YES,Inherited from the hashed TrackingConfig source; no separate sensitivity claim.,PARTIAL_NO_METHOD_SPECIFIC_SENSITIVITY,BOUND_BY_SOURCE_CODE,PARTIALLY_GROUNDED,NO
B0_CURRENT_STANDARD_V2_20260728,occlusion_appearance_penalty,association|Hidden_state,unitless,source-defined numeric domain,0.3,INHERITED_DEFAULT_WITH_PROVENANCE,src/pig_behavior/tracking/config.py sha256=52c5f54ad44b6f76a8d143d168bdc942542d5fd263903cbf630f9c58ecf1cdd0,not a separate empirical selection,not separately selected,global profile; not per-video,association|Hidden_state,not established,YES,Inherited from the hashed TrackingConfig source; no separate sensitivity claim.,PARTIAL_NO_METHOD_SPECIFIC_SENSITIVITY,BOUND_BY_SOURCE_CODE,PARTIALLY_GROUNDED,NO
B0_CURRENT_STANDARD_V2_20260728,occlusion_aware_matching,association|Hidden_state,boolean,"{false,true}",false,PREDECLARED_DEVELOPMENT_SELECTION,src/pig_behavior/tracking/profiles/bytetrack_raw.py sha256=fe62045b5e260e45cd735f8be70726d3cf8c3f7fc2ea1159f22b968728f522e0,13-video development evidence,frozen before authority execution; earlier development data visible,global profile; not per-video,association|Hidden_state,authority/ablation record may exist; not universal,YES,Profile override frozen by a development authority before its authority run.,SUFFICIENT_WITH_DEVELOPMENT_SCOPE_LIMITATION,BOUND_BY_EFFECTIVE_CONFIG,FULLY_GROUNDED,NO
B0_CURRENT_STANDARD_V2_20260728,occlusion_competitor_margin,Hidden_state,unitless,source-defined numeric domain,0.12,INHERITED_DEFAULT_WITH_PROVENANCE,src/pig_behavior/tracking/config.py sha256=52c5f54ad44b6f76a8d143d168bdc942542d5fd263903cbf630f9c58ecf1cdd0,not a separate empirical selection,not separately selected,global profile; not per-video,Hidden_state,not established,YES,Inherited from the hashed TrackingConfig source; no separate sensitivity claim.,PARTIAL_NO_METHOD_SPECIFIC_SENSITIVITY,BOUND_BY_SOURCE_CODE,PARTIALLY_GROUNDED,NO
B0_CURRENT_STANDARD_V2_20260728,occlusion_detection_iom_threshold,detection|Hidden_state,unitless,source-defined numeric domain,0.3,INHERITED_DEFAULT_WITH_PROVENANCE,src/pig_behavior/tracking/config.py sha256=52c5f54ad44b6f76a8d143d168bdc942542d5fd263903cbf630f9c58ecf1cdd0,not a separate empirical selection,not separately selected,global profile; not per-video,detection|Hidden_state,not established,YES,Inherited from the hashed TrackingConfig source; no separate sensitivity claim.,PARTIAL_NO_METHOD_SPECIFIC_SENSITIVITY,BOUND_BY_SOURCE_CODE,PARTIALLY_GROUNDED,NO
B0_CURRENT_STANDARD_V2_20260728,occlusion_hold_hidden_frames,Hidden_state|runtime,frames,non-negative integer unless sentinel documented,2,INHERITED_DEFAULT_WITH_PROVENANCE,src/pig_behavior/tracking/config.py sha256=52c5f54ad44b6f76a8d143d168bdc942542d5fd263903cbf630f9c58ecf1cdd0,not a separate empirical selection,not separately selected,global profile; not per-video,Hidden_state|runtime,not established,YES,Inherited from the hashed TrackingConfig source; no separate sensitivity claim.,PARTIAL_NO_METHOD_SPECIFIC_SENSITIVITY,BOUND_BY_SOURCE_CODE,PARTIALLY_GROUNDED,NO
B0_CURRENT_STANDARD_V2_20260728,occlusion_hold_max_frames,Hidden_state|runtime,frames,non-negative integer unless sentinel documented,30,HARDWARE_OR_RUNTIME_CONSTRAINT,src/pig_behavior/tracking/config.py sha256=52c5f54ad44b6f76a8d143d168bdc942542d5fd263903cbf630f9c58ecf1cdd0,not a separate empirical selection,not separately selected,global profile; not per-video,Hidden_state|runtime,not established,YES,Execution/safety constraint rather than a quality claim.,SUFFICIENT,BOUND_BY_SOURCE_CODE,FULLY_GROUNDED,NO
B0_CURRENT_STANDARD_V2_20260728,occlusion_reid_bad_match_action,association|Hidden_state,categorical/path,source-defined allowed values,"""hold""",INHERITED_DEFAULT_WITH_PROVENANCE,src/pig_behavior/tracking/config.py sha256=52c5f54ad44b6f76a8d143d168bdc942542d5fd263903cbf630f9c58ecf1cdd0,not a separate empirical selection,not separately selected,global profile; not per-video,association|Hidden_state,not established,YES,Inherited from the hashed TrackingConfig source; no separate sensitivity claim.,PARTIAL_NO_METHOD_SPECIFIC_SENSITIVITY,BOUND_BY_SOURCE_CODE,PARTIALLY_GROUNDED,NO
B0_CURRENT_STANDARD_V2_20260728,occlusion_reid_bad_match_include_recent_visible,association|Hidden_state,boolean,"{false,true}",false,INHERITED_DEFAULT_WITH_PROVENANCE,src/pig_behavior/tracking/config.py sha256=52c5f54ad44b6f76a8d143d168bdc942542d5fd263903cbf630f9c58ecf1cdd0,not a separate empirical selection,not separately selected,global profile; not per-video,association|Hidden_state,not established,YES,Inherited from the hashed TrackingConfig source; no separate sensitivity claim.,PARTIAL_NO_METHOD_SPECIFIC_SENSITIVITY,BOUND_BY_SOURCE_CODE,PARTIALLY_GROUNDED,NO
B0_CURRENT_STANDARD_V2_20260728,occlusion_reid_bad_match_max_cost,association|Hidden_state,unitless,source-defined numeric domain,1.0,INHERITED_DEFAULT_WITH_PROVENANCE,src/pig_behavior/tracking/config.py sha256=52c5f54ad44b6f76a8d143d168bdc942542d5fd263903cbf630f9c58ecf1cdd0,not a separate empirical selection,not separately selected,global profile; not per-video,association|Hidden_state,not established,YES,Inherited from the hashed TrackingConfig source; no separate sensitivity claim.,PARTIAL_NO_METHOD_SPECIFIC_SENSITIVITY,BOUND_BY_SOURCE_CODE,PARTIALLY_GROUNDED,NO
B0_CURRENT_STANDARD_V2_20260728,occlusion_reid_bad_match_max_missed,association|lifecycle|Hidden_state,frames,non-negative integer unless sentinel documented,3,INHERITED_DEFAULT_WITH_PROVENANCE,src/pig_behavior/tracking/config.py sha256=52c5f54ad44b6f76a8d143d168bdc942542d5fd263903cbf630f9c58ecf1cdd0,not a separate empirical selection,not separately selected,global profile; not per-video,association|lifecycle|Hidden_state,not established,YES,Inherited from the hashed TrackingConfig source; no separate sensitivity claim.,PARTIAL_NO_METHOD_SPECIFIC_SENSITIVITY,BOUND_BY_SOURCE_CODE,PARTIALLY_GROUNDED,NO
B0_CURRENT_STANDARD_V2_20260728,occlusion_reid_bad_match_min_cost,association|Hidden_state,unitless,source-defined numeric domain,0.6,INHERITED_DEFAULT_WITH_PROVENANCE,src/pig_behavior/tracking/config.py sha256=52c5f54ad44b6f76a8d143d168bdc942542d5fd263903cbf630f9c58ecf1cdd0,not a separate empirical selection,not separately selected,global profile; not per-video,association|Hidden_state,not established,YES,Inherited from the hashed TrackingConfig source; no separate sensitivity claim.,PARTIAL_NO_METHOD_SPECIFIC_SENSITIVITY,BOUND_BY_SOURCE_CODE,PARTIALLY_GROUNDED,NO
B0_CURRENT_STANDARD_V2_20260728,occlusion_reid_bad_match_min_missed,association|lifecycle|Hidden_state,frames,non-negative integer unless sentinel documented,0,INHERITED_DEFAULT_WITH_PROVENANCE,src/pig_behavior/tracking/config.py sha256=52c5f54ad44b6f76a8d143d168bdc942542d5fd263903cbf630f9c58ecf1cdd0,not a separate empirical selection,not separately selected,global profile; not per-video,association|lifecycle|Hidden_state,not established,YES,Inherited from the hashed TrackingConfig source; no separate sensitivity claim.,PARTIAL_NO_METHOD_SPECIFIC_SENSITIVITY,BOUND_BY_SOURCE_CODE,PARTIALLY_GROUNDED,NO
B0_CURRENT_STANDARD_V2_20260728,occlusion_reid_bad_match_occlusion_hold_only,association|Hidden_state,boolean,"{false,true}",false,INHERITED_DEFAULT_WITH_PROVENANCE,src/pig_behavior/tracking/config.py sha256=52c5f54ad44b6f76a8d143d168bdc942542d5fd263903cbf630f9c58ecf1cdd0,not a separate empirical selection,not separately selected,global profile; not per-video,association|Hidden_state,not established,YES,Inherited from the hashed TrackingConfig source; no separate sensitivity claim.,PARTIAL_NO_METHOD_SPECIFIC_SENSITIVITY,BOUND_BY_SOURCE_CODE,PARTIALLY_GROUNDED,NO
B0_CURRENT_STANDARD_V2_20260728,occlusion_reid_bad_match_once_per_episode,association|Hidden_state,boolean,"{false,true}",false,INHERITED_DEFAULT_WITH_PROVENANCE,src/pig_behavior/tracking/config.py sha256=52c5f54ad44b6f76a8d143d168bdc942542d5fd263903cbf630f9c58ecf1cdd0,not a separate empirical selection,not separately selected,global profile; not per-video,association|Hidden_state,not established,YES,Inherited from the hashed TrackingConfig source; no separate sensitivity claim.,PARTIAL_NO_METHOD_SPECIFIC_SENSITIVITY,BOUND_BY_SOURCE_CODE,PARTIALLY_GROUNDED,NO
B0_CURRENT_STANDARD_V2_20260728,occlusion_reid_bad_match_raw_mismatch_only,association|Hidden_state,boolean,"{false,true}",false,INHERITED_DEFAULT_WITH_PROVENANCE,src/pig_behavior/tracking/config.py sha256=52c5f54ad44b6f76a8d143d168bdc942542d5fd263903cbf630f9c58ecf1cdd0,not a separate empirical selection,not separately selected,global profile; not per-video,association|Hidden_state,not established,YES,Inherited from the hashed TrackingConfig source; no separate sensitivity claim.,PARTIAL_NO_METHOD_SPECIFIC_SENSITIVITY,BOUND_BY_SOURCE_CODE,PARTIALLY_GROUNDED,NO
B0_CURRENT_STANDARD_V2_20260728,occlusion_reid_bad_match_same_raw_only,association|Hidden_state,boolean,"{false,true}",true,INHERITED_DEFAULT_WITH_PROVENANCE,src/pig_behavior/tracking/config.py sha256=52c5f54ad44b6f76a8d143d168bdc942542d5fd263903cbf630f9c58ecf1cdd0,not a separate empirical selection,not separately selected,global profile; not per-video,association|Hidden_state,not established,YES,Inherited from the hashed TrackingConfig source; no separate sensitivity claim.,PARTIAL_NO_METHOD_SPECIFIC_SENSITIVITY,BOUND_BY_SOURCE_CODE,PARTIALLY_GROUNDED,NO
B0_CURRENT_STANDARD_V2_20260728,occlusion_reid_bad_match_unowned_raw_only,association|Hidden_state,boolean,"{false,true}",false,INHERITED_DEFAULT_WITH_PROVENANCE,src/pig_behavior/tracking/config.py sha256=52c5f54ad44b6f76a8d143d168bdc942542d5fd263903cbf630f9c58ecf1cdd0,not a separate empirical selection,not separately selected,global profile; not per-video,association|Hidden_state,not established,YES,Inherited from the hashed TrackingConfig source; no separate sensitivity claim.,PARTIAL_NO_METHOD_SPECIFIC_SENSITIVITY,BOUND_BY_SOURCE_CODE,PARTIALLY_GROUNDED,NO
B0_CURRENT_STANDARD_V2_20260728,occlusion_reid_bad_match_visible_min_cost,association|Hidden_state,unitless,source-defined numeric domain,0.7,INHERITED_DEFAULT_WITH_PROVENANCE,src/pig_behavior/tracking/config.py sha256=52c5f54ad44b6f76a8d143d168bdc942542d5fd263903cbf630f9c58ecf1cdd0,not a separate empirical selection,not separately selected,global profile; not per-video,association|Hidden_state,not established,YES,Inherited from the hashed TrackingConfig source; no separate sensitivity claim.,PARTIAL_NO_METHOD_SPECIFIC_SENSITIVITY,BOUND_BY_SOURCE_CODE,PARTIALLY_GROUNDED,NO
B0_CURRENT_STANDARD_V2_20260728,occlusion_reid_prefer_gap_over_bad_match,association|Hidden_state,boolean,"{false,true}",false,INHERITED_DEFAULT_WITH_PROVENANCE,src/pig_behavior/tracking/config.py sha256=52c5f54ad44b6f76a8d143d168bdc942542d5fd263903cbf630f9c58ecf1cdd0,not a separate empirical selection,not separately selected,global profile; not per-video,association|Hidden_state,not established,YES,Inherited from the hashed TrackingConfig source; no separate sensitivity claim.,PARTIAL_NO_METHOD_SPECIFIC_SENSITIVITY,BOUND_BY_SOURCE_CODE,PARTIALLY_GROUNDED,NO
B0_CURRENT_STANDARD_V2_20260728,occlusion_stationary_lock,Hidden_state,boolean,"{false,true}",true,INHERITED_DEFAULT_WITH_PROVENANCE,src/pig_behavior/tracking/config.py sha256=52c5f54ad44b6f76a8d143d168bdc942542d5fd263903cbf630f9c58ecf1cdd0,not a separate empirical selection,not separately selected,global profile; not per-video,Hidden_state,not established,YES,Inherited from the hashed TrackingConfig source; no separate sensitivity claim.,PARTIAL_NO_METHOD_SPECIFIC_SENSITIVITY,BOUND_BY_SOURCE_CODE,PARTIALLY_GROUNDED,NO
B0_CURRENT_STANDARD_V2_20260728,occlusion_stationary_max_center_jump,Hidden_state,unitless,source-defined numeric domain,0.045,INHERITED_DEFAULT_WITH_PROVENANCE,src/pig_behavior/tracking/config.py sha256=52c5f54ad44b6f76a8d143d168bdc942542d5fd263903cbf630f9c58ecf1cdd0,not a separate empirical selection,not separately selected,global profile; not per-video,Hidden_state,not established,YES,Inherited from the hashed TrackingConfig source; no separate sensitivity claim.,PARTIAL_NO_METHOD_SPECIFIC_SENSITIVITY,BOUND_BY_SOURCE_CODE,PARTIALLY_GROUNDED,NO
B0_CURRENT_STANDARD_V2_20260728,occlusion_stationary_speed,Hidden_state,unitless,source-defined numeric domain,0.006,INHERITED_DEFAULT_WITH_PROVENANCE,src/pig_behavior/tracking/config.py sha256=52c5f54ad44b6f76a8d143d168bdc942542d5fd263903cbf630f9c58ecf1cdd0,not a separate empirical selection,not separately selected,global profile; not per-video,Hidden_state,not established,YES,Inherited from the hashed TrackingConfig source; no separate sensitivity claim.,PARTIAL_NO_METHOD_SPECIFIC_SENSITIVITY,BOUND_BY_SOURCE_CODE,PARTIALLY_GROUNDED,NO
B0_CURRENT_STANDARD_V2_20260728,occlusion_switch_penalty,Hidden_state,unitless,source-defined numeric domain,0.45,INHERITED_DEFAULT_WITH_PROVENANCE,src/pig_behavior/tracking/config.py sha256=52c5f54ad44b6f76a8d143d168bdc942542d5fd263903cbf630f9c58ecf1cdd0,not a separate empirical selection,not separately selected,global profile; not per-video,Hidden_state,not established,YES,Inherited from the hashed TrackingConfig source; no separate sensitivity claim.,PARTIAL_NO_METHOD_SPECIFIC_SENSITIVITY,BOUND_BY_SOURCE_CODE,PARTIALLY_GROUNDED,NO
B0_CURRENT_STANDARD_V2_20260728,occlusion_track_iom_threshold,Hidden_state,unitless,source-defined numeric domain,0.3,INHERITED_DEFAULT_WITH_PROVENANCE,src/pig_behavior/tracking/config.py sha256=52c5f54ad44b6f76a8d143d168bdc942542d5fd263903cbf630f9c58ecf1cdd0,not a separate empirical selection,not separately selected,global profile; not per-video,Hidden_state,not established,YES,Inherited from the hashed TrackingConfig source; no separate sensitivity claim.,PARTIAL_NO_METHOD_SPECIFIC_SENSITIVITY,BOUND_BY_SOURCE_CODE,PARTIALLY_GROUNDED,NO
B0_CURRENT_STANDARD_V2_20260728,output_dir,engineering_or_indirect,categorical/path,source-defined allowed values,"""C:\\Users\\ironh\\Downloads\\PIG_Behavior_Project\\.codex_tmp\\worktrees\\tracking_scientific_grounding_authority\\outputs\\pred""",INHERITED_DEFAULT_WITH_PROVENANCE,src/pig_behavior/tracking/config.py sha256=52c5f54ad44b6f76a8d143d168bdc942542d5fd263903cbf630f9c58ecf1cdd0,not a separate empirical selection,not separately selected,global profile; not per-video,engineering_or_indirect,not established,YES,Inherited from the hashed TrackingConfig source; no separate sensitivity claim.,PARTIAL_NO_METHOD_SPECIFIC_SENSITIVITY,BOUND_BY_SOURCE_CODE,PARTIALLY_GROUNDED,NO
B0_CURRENT_STANDARD_V2_20260728,output_fps,engineering_or_indirect,unitless,source-defined numeric domain,30.0,INHERITED_DEFAULT_WITH_PROVENANCE,src/pig_behavior/tracking/config.py sha256=52c5f54ad44b6f76a8d143d168bdc942542d5fd263903cbf630f9c58ecf1cdd0,not a separate empirical selection,not separately selected,global profile; not per-video,engineering_or_indirect,not established,YES,Inherited from the hashed TrackingConfig source; no separate sensitivity claim.,PARTIAL_NO_METHOD_SPECIFIC_SENSITIVITY,BOUND_BY_SOURCE_CODE,PARTIALLY_GROUNDED,NO
B0_CURRENT_STANDARD_V2_20260728,output_video,runtime,not applicable,None or source-defined value,null,INHERITED_DEFAULT_WITH_PROVENANCE,src/pig_behavior/tracking/config.py sha256=52c5f54ad44b6f76a8d143d168bdc942542d5fd263903cbf630f9c58ecf1cdd0,not a separate empirical selection,not separately selected,global profile; not per-video,runtime,not established,YES,Inherited from the hashed TrackingConfig source; no separate sensitivity claim.,PARTIAL_NO_METHOD_SPECIFIC_SENSITIVITY,BOUND_BY_SOURCE_CODE,PARTIALLY_GROUNDED,NO
B0_CURRENT_STANDARD_V2_20260728,overlap_small_box_max_area_ratio,bbox_geometry,unitless,source-defined numeric domain,0.65,INHERITED_DEFAULT_WITH_PROVENANCE,src/pig_behavior/tracking/config.py sha256=52c5f54ad44b6f76a8d143d168bdc942542d5fd263903cbf630f9c58ecf1cdd0,not a separate empirical selection,not separately selected,global profile; not per-video,bbox_geometry,not established,YES,Inherited from the hashed TrackingConfig source; no separate sensitivity claim.,PARTIAL_NO_METHOD_SPECIFIC_SENSITIVITY,BOUND_BY_SOURCE_CODE,PARTIALLY_GROUNDED,NO
B0_CURRENT_STANDARD_V2_20260728,overlap_small_box_max_score,bbox_geometry,unitless,source-defined numeric domain,0.75,INHERITED_DEFAULT_WITH_PROVENANCE,src/pig_behavior/tracking/config.py sha256=52c5f54ad44b6f76a8d143d168bdc942542d5fd263903cbf630f9c58ecf1cdd0,not a separate empirical selection,not separately selected,global profile; not per-video,bbox_geometry,not established,YES,Inherited from the hashed TrackingConfig source; no separate sensitivity claim.,PARTIAL_NO_METHOD_SPECIFIC_SENSITIVITY,BOUND_BY_SOURCE_CODE,PARTIALLY_GROUNDED,NO
B0_CURRENT_STANDARD_V2_20260728,overlap_small_box_min_iou,association|bbox_geometry,unitless ratio,"[0,1] unless source contract states otherwise",0.4,INHERITED_DEFAULT_WITH_PROVENANCE,src/pig_behavior/tracking/config.py sha256=52c5f54ad44b6f76a8d143d168bdc942542d5fd263903cbf630f9c58ecf1cdd0,not a separate empirical selection,not separately selected,global profile; not per-video,association|bbox_geometry,not established,YES,Inherited from the hashed TrackingConfig source; no separate sensitivity claim.,PARTIAL_NO_METHOD_SPECIFIC_SENSITIVITY,BOUND_BY_SOURCE_CODE,PARTIALLY_GROUNDED,NO
B0_CURRENT_STANDARD_V2_20260728,overlap_small_box_suppression,bbox_geometry,boolean,"{false,true}",false,PREDECLARED_DEVELOPMENT_SELECTION,src/pig_behavior/tracking/profiles/bytetrack_raw.py sha256=fe62045b5e260e45cd735f8be70726d3cf8c3f7fc2ea1159f22b968728f522e0,13-video development evidence,frozen before authority execution; earlier development data visible,global profile; not per-video,bbox_geometry,authority/ablation record may exist; not universal,YES,Profile override frozen by a development authority before its authority run.,SUFFICIENT_WITH_DEVELOPMENT_SCOPE_LIMITATION,BOUND_BY_EFFECTIVE_CONFIG,FULLY_GROUNDED,NO
B0_CURRENT_STANDARD_V2_20260728,overrides,engineering_or_indirect,categorical/path,source-defined allowed values,"""set()""",INHERITED_DEFAULT_WITH_PROVENANCE,src/pig_behavior/tracking/config.py sha256=52c5f54ad44b6f76a8d143d168bdc942542d5fd263903cbf630f9c58ecf1cdd0,not a separate empirical selection,not separately selected,global profile; not per-video,engineering_or_indirect,not established,YES,Inherited from the hashed TrackingConfig source; no separate sensitivity claim.,PARTIAL_NO_METHOD_SPECIFIC_SENSITIVITY,BOUND_BY_SOURCE_CODE,PARTIALLY_GROUNDED,NO
B0_CURRENT_STANDARD_V2_20260728,quality_report_csv,engineering_or_indirect,not applicable,None or source-defined value,null,INHERITED_DEFAULT_WITH_PROVENANCE,src/pig_behavior/tracking/config.py sha256=52c5f54ad44b6f76a8d143d168bdc942542d5fd263903cbf630f9c58ecf1cdd0,not a separate empirical selection,not separately selected,global profile; not per-video,engineering_or_indirect,not established,YES,Inherited from the hashed TrackingConfig source; no separate sensitivity claim.,PARTIAL_NO_METHOD_SPECIFIC_SENSITIVITY,BOUND_BY_SOURCE_CODE,PARTIALLY_GROUNDED,NO
B0_CURRENT_STANDARD_V2_20260728,quality_report_json,engineering_or_indirect,not applicable,None or source-defined value,null,INHERITED_DEFAULT_WITH_PROVENANCE,src/pig_behavior/tracking/config.py sha256=52c5f54ad44b6f76a8d143d168bdc942542d5fd263903cbf630f9c58ecf1cdd0,not a separate empirical selection,not separately selected,global profile; not per-video,engineering_or_indirect,not established,YES,Inherited from the hashed TrackingConfig source; no separate sensitivity claim.,PARTIAL_NO_METHOD_SPECIFIC_SENSITIVITY,BOUND_BY_SOURCE_CODE,PARTIALLY_GROUNDED,NO
B0_CURRENT_STANDARD_V2_20260728,realtime_core_pairwise_max_total_cost_increase,association,unitless,source-defined numeric domain,0.05,INHERITED_DEFAULT_WITH_PROVENANCE,src/pig_behavior/tracking/config.py sha256=52c5f54ad44b6f76a8d143d168bdc942542d5fd263903cbf630f9c58ecf1cdd0,not a separate empirical selection,not separately selected,global profile; not per-video,association,not established,YES,Inherited from the hashed TrackingConfig source; no separate sensitivity claim.,PARTIAL_NO_METHOD_SPECIFIC_SENSITIVITY,BOUND_BY_SOURCE_CODE,PARTIALLY_GROUNDED,NO
B0_CURRENT_STANDARD_V2_20260728,realtime_core_pairwise_min_detection_iou,detection|association,unitless ratio,"[0,1] unless source contract states otherwise",0.3,INHERITED_DEFAULT_WITH_PROVENANCE,src/pig_behavior/tracking/config.py sha256=52c5f54ad44b6f76a8d143d168bdc942542d5fd263903cbf630f9c58ecf1cdd0,not a separate empirical selection,not separately selected,global profile; not per-video,detection|association,not established,YES,Inherited from the hashed TrackingConfig source; no separate sensitivity claim.,PARTIAL_NO_METHOD_SPECIFIC_SENSITIVITY,BOUND_BY_SOURCE_CODE,PARTIALLY_GROUNDED,NO
B0_CURRENT_STANDARD_V2_20260728,realtime_core_pairwise_min_total_appearance_gain,association,unitless,source-defined numeric domain,0.1,INHERITED_DEFAULT_WITH_PROVENANCE,src/pig_behavior/tracking/config.py sha256=52c5f54ad44b6f76a8d143d168bdc942542d5fd263903cbf630f9c58ecf1cdd0,not a separate empirical selection,not separately selected,global profile; not per-video,association,not established,YES,Inherited from the hashed TrackingConfig source; no separate sensitivity claim.,PARTIAL_NO_METHOD_SPECIFIC_SENSITIVITY,BOUND_BY_SOURCE_CODE,PARTIALLY_GROUNDED,NO
B0_CURRENT_STANDARD_V2_20260728,realtime_core_pairwise_tiebreak,engineering_or_indirect,boolean,"{false,true}",false,INHERITED_DEFAULT_WITH_PROVENANCE,src/pig_behavior/tracking/config.py sha256=52c5f54ad44b6f76a8d143d168bdc942542d5fd263903cbf630f9c58ecf1cdd0,not a separate empirical selection,not separately selected,global profile; not per-video,engineering_or_indirect,not established,YES,Inherited from the hashed TrackingConfig source; no separate sensitivity claim.,PARTIAL_NO_METHOD_SPECIFIC_SENSITIVITY,BOUND_BY_SOURCE_CODE,PARTIALLY_GROUNDED,NO
B0_CURRENT_STANDARD_V2_20260728,realtime_core_unassigned_max_cost_delta,association,unitless,source-defined numeric domain,0.01,INHERITED_DEFAULT_WITH_PROVENANCE,src/pig_behavior/tracking/config.py sha256=52c5f54ad44b6f76a8d143d168bdc942542d5fd263903cbf630f9c58ecf1cdd0,not a separate empirical selection,not separately selected,global profile; not per-video,association,not established,YES,Inherited from the hashed TrackingConfig source; no separate sensitivity claim.,PARTIAL_NO_METHOD_SPECIFIC_SENSITIVITY,BOUND_BY_SOURCE_CODE,PARTIALLY_GROUNDED,NO
B0_CURRENT_STANDARD_V2_20260728,realtime_core_unassigned_max_selected_cost,association,unitless,source-defined numeric domain,0.4,INHERITED_DEFAULT_WITH_PROVENANCE,src/pig_behavior/tracking/config.py sha256=52c5f54ad44b6f76a8d143d168bdc942542d5fd263903cbf630f9c58ecf1cdd0,not a separate empirical selection,not separately selected,global profile; not per-video,association,not established,YES,Inherited from the hashed TrackingConfig source; no separate sensitivity claim.,PARTIAL_NO_METHOD_SPECIFIC_SENSITIVITY,BOUND_BY_SOURCE_CODE,PARTIALLY_GROUNDED,NO
B0_CURRENT_STANDARD_V2_20260728,realtime_core_unassigned_min_appearance_gain,association,unitless,source-defined numeric domain,0.01,INHERITED_DEFAULT_WITH_PROVENANCE,src/pig_behavior/tracking/config.py sha256=52c5f54ad44b6f76a8d143d168bdc942542d5fd263903cbf630f9c58ecf1cdd0,not a separate empirical selection,not separately selected,global profile; not per-video,association,not established,YES,Inherited from the hashed TrackingConfig source; no separate sensitivity claim.,PARTIAL_NO_METHOD_SPECIFIC_SENSITIVITY,BOUND_BY_SOURCE_CODE,PARTIALLY_GROUNDED,NO
B0_CURRENT_STANDARD_V2_20260728,realtime_core_unassigned_min_detection_iou,detection|association,unitless ratio,"[0,1] unless source contract states otherwise",0.3,INHERITED_DEFAULT_WITH_PROVENANCE,src/pig_behavior/tracking/config.py sha256=52c5f54ad44b6f76a8d143d168bdc942542d5fd263903cbf630f9c58ecf1cdd0,not a separate empirical selection,not separately selected,global profile; not per-video,detection|association,not established,YES,Inherited from the hashed TrackingConfig source; no separate sensitivity claim.,PARTIAL_NO_METHOD_SPECIFIC_SENSITIVITY,BOUND_BY_SOURCE_CODE,PARTIALLY_GROUNDED,NO
B0_CURRENT_STANDARD_V2_20260728,realtime_core_unassigned_require_score_nondecrease,engineering_or_indirect,boolean,"{false,true}",false,INHERITED_DEFAULT_WITH_PROVENANCE,src/pig_behavior/tracking/config.py sha256=52c5f54ad44b6f76a8d143d168bdc942542d5fd263903cbf630f9c58ecf1cdd0,not a separate empirical selection,not separately selected,global profile; not per-video,engineering_or_indirect,not established,YES,Inherited from the hashed TrackingConfig source; no separate sensitivity claim.,PARTIAL_NO_METHOD_SPECIFIC_SENSITIVITY,BOUND_BY_SOURCE_CODE,PARTIALLY_GROUNDED,NO
B0_CURRENT_STANDARD_V2_20260728,realtime_core_unassigned_tiebreak,engineering_or_indirect,boolean,"{false,true}",false,INHERITED_DEFAULT_WITH_PROVENANCE,src/pig_behavior/tracking/config.py sha256=52c5f54ad44b6f76a8d143d168bdc942542d5fd263903cbf630f9c58ecf1cdd0,not a separate empirical selection,not separately selected,global profile; not per-video,engineering_or_indirect,not established,YES,Inherited from the hashed TrackingConfig source; no separate sensitivity claim.,PARTIAL_NO_METHOD_SPECIFIC_SENSITIVITY,BOUND_BY_SOURCE_CODE,PARTIALLY_GROUNDED,NO
B0_CURRENT_STANDARD_V2_20260728,realtime_lk_point_batching,engineering_or_indirect,boolean,"{false,true}",false,INHERITED_DEFAULT_WITH_PROVENANCE,src/pig_behavior/tracking/config.py sha256=52c5f54ad44b6f76a8d143d168bdc942542d5fd263903cbf630f9c58ecf1cdd0,not a separate empirical selection,not separately selected,global profile; not per-video,engineering_or_indirect,not established,YES,Inherited from the hashed TrackingConfig source; no separate sensitivity claim.,PARTIAL_NO_METHOD_SPECIFIC_SENSITIVITY,BOUND_BY_SOURCE_CODE,PARTIALLY_GROUNDED,NO
B0_CURRENT_STANDARD_V2_20260728,realtime_low_conf_recovery_guard,engineering_or_indirect,boolean,"{false,true}",false,INHERITED_DEFAULT_WITH_PROVENANCE,src/pig_behavior/tracking/config.py sha256=52c5f54ad44b6f76a8d143d168bdc942542d5fd263903cbf630f9c58ecf1cdd0,not a separate empirical selection,not separately selected,global profile; not per-video,engineering_or_indirect,not established,YES,Inherited from the hashed TrackingConfig source; no separate sensitivity claim.,PARTIAL_NO_METHOD_SPECIFIC_SENSITIVITY,BOUND_BY_SOURCE_CODE,PARTIALLY_GROUNDED,NO
B0_CURRENT_STANDARD_V2_20260728,realtime_low_conf_recovery_max_missed,lifecycle,frames,non-negative integer unless sentinel documented,20,INHERITED_DEFAULT_WITH_PROVENANCE,src/pig_behavior/tracking/config.py sha256=52c5f54ad44b6f76a8d143d168bdc942542d5fd263903cbf630f9c58ecf1cdd0,not a separate empirical selection,not separately selected,global profile; not per-video,lifecycle,not established,YES,Inherited from the hashed TrackingConfig source; no separate sensitivity claim.,PARTIAL_NO_METHOD_SPECIFIC_SENSITIVITY,BOUND_BY_SOURCE_CODE,PARTIALLY_GROUNDED,NO
B0_CURRENT_STANDARD_V2_20260728,realtime_low_conf_recovery_min_missed,lifecycle,frames,non-negative integer unless sentinel documented,3,INHERITED_DEFAULT_WITH_PROVENANCE,src/pig_behavior/tracking/config.py sha256=52c5f54ad44b6f76a8d143d168bdc942542d5fd263903cbf630f9c58ecf1cdd0,not a separate empirical selection,not separately selected,global profile; not per-video,lifecycle,not established,YES,Inherited from the hashed TrackingConfig source; no separate sensitivity claim.,PARTIAL_NO_METHOD_SPECIFIC_SENSITIVITY,BOUND_BY_SOURCE_CODE,PARTIALLY_GROUNDED,NO
B0_CURRENT_STANDARD_V2_20260728,realtime_low_conf_recovery_min_score,engineering_or_indirect,unitless,source-defined numeric domain,0.5,INHERITED_DEFAULT_WITH_PROVENANCE,src/pig_behavior/tracking/config.py sha256=52c5f54ad44b6f76a8d143d168bdc942542d5fd263903cbf630f9c58ecf1cdd0,not a separate empirical selection,not separately selected,global profile; not per-video,engineering_or_indirect,not established,YES,Inherited from the hashed TrackingConfig source; no separate sensitivity claim.,PARTIAL_NO_METHOD_SPECIFIC_SENSITIVITY,BOUND_BY_SOURCE_CODE,PARTIALLY_GROUNDED,NO
B0_CURRENT_STANDARD_V2_20260728,realtime_motion_pair_dense_fallback_max_edges,engineering_or_indirect,count,source-defined integer domain,3,INHERITED_DEFAULT_WITH_PROVENANCE,src/pig_behavior/tracking/config.py sha256=52c5f54ad44b6f76a8d143d168bdc942542d5fd263903cbf630f9c58ecf1cdd0,not a separate empirical selection,not separately selected,global profile; not per-video,engineering_or_indirect,not established,YES,Inherited from the hashed TrackingConfig source; no separate sensitivity claim.,PARTIAL_NO_METHOD_SPECIFIC_SENSITIVITY,BOUND_BY_SOURCE_CODE,PARTIALLY_GROUNDED,NO
B0_CURRENT_STANDARD_V2_20260728,realtime_motion_pair_dense_fallback_max_support_ratio,engineering_or_indirect,unitless,source-defined numeric domain,0.35,INHERITED_DEFAULT_WITH_PROVENANCE,src/pig_behavior/tracking/config.py sha256=52c5f54ad44b6f76a8d143d168bdc942542d5fd263903cbf630f9c58ecf1cdd0,not a separate empirical selection,not separately selected,global profile; not per-video,engineering_or_indirect,not established,YES,Inherited from the hashed TrackingConfig source; no separate sensitivity claim.,PARTIAL_NO_METHOD_SPECIFIC_SENSITIVITY,BOUND_BY_SOURCE_CODE,PARTIALLY_GROUNDED,NO
B0_CURRENT_STANDARD_V2_20260728,realtime_motion_pair_dense_fallback_min_edge_gain,engineering_or_indirect,unitless,source-defined numeric domain,0.0,INHERITED_DEFAULT_WITH_PROVENANCE,src/pig_behavior/tracking/config.py sha256=52c5f54ad44b6f76a8d143d168bdc942542d5fd263903cbf630f9c58ecf1cdd0,not a separate empirical selection,not separately selected,global profile; not per-video,engineering_or_indirect,not established,YES,Inherited from the hashed TrackingConfig source; no separate sensitivity claim.,PARTIAL_NO_METHOD_SPECIFIC_SENSITIVITY,BOUND_BY_SOURCE_CODE,PARTIALLY_GROUNDED,NO
B0_CURRENT_STANDARD_V2_20260728,realtime_motion_pair_dense_fallback_min_median_gain,engineering_or_indirect,unitless,source-defined numeric domain,0.0,INHERITED_DEFAULT_WITH_PROVENANCE,src/pig_behavior/tracking/config.py sha256=52c5f54ad44b6f76a8d143d168bdc942542d5fd263903cbf630f9c58ecf1cdd0,not a separate empirical selection,not separately selected,global profile; not per-video,engineering_or_indirect,not established,YES,Inherited from the hashed TrackingConfig source; no separate sensitivity claim.,PARTIAL_NO_METHOD_SPECIFIC_SENSITIVITY,BOUND_BY_SOURCE_CODE,PARTIALLY_GROUNDED,NO
B0_CURRENT_STANDARD_V2_20260728,realtime_motion_pair_fixed_lag_frames,runtime,frames,non-negative integer unless sentinel documented,0,INHERITED_DEFAULT_WITH_PROVENANCE,src/pig_behavior/tracking/config.py sha256=52c5f54ad44b6f76a8d143d168bdc942542d5fd263903cbf630f9c58ecf1cdd0,not a separate empirical selection,not separately selected,global profile; not per-video,runtime,not established,YES,Inherited from the hashed TrackingConfig source; no separate sensitivity claim.,PARTIAL_NO_METHOD_SPECIFIC_SENSITIVITY,BOUND_BY_SOURCE_CODE,PARTIALLY_GROUNDED,NO
B0_CURRENT_STANDARD_V2_20260728,realtime_motion_pair_max_component_edges,engineering_or_indirect,count,source-defined integer domain,3,INHERITED_DEFAULT_WITH_PROVENANCE,src/pig_behavior/tracking/config.py sha256=52c5f54ad44b6f76a8d143d168bdc942542d5fd263903cbf630f9c58ecf1cdd0,not a separate empirical selection,not separately selected,global profile; not per-video,engineering_or_indirect,not established,YES,Inherited from the hashed TrackingConfig source; no separate sensitivity claim.,PARTIAL_NO_METHOD_SPECIFIC_SENSITIVITY,BOUND_BY_SOURCE_CODE,PARTIALLY_GROUNDED,NO
B0_CURRENT_STANDARD_V2_20260728,realtime_motion_pair_max_component_size,engineering_or_indirect,count,source-defined integer domain,4,INHERITED_DEFAULT_WITH_PROVENANCE,src/pig_behavior/tracking/config.py sha256=52c5f54ad44b6f76a8d143d168bdc942542d5fd263903cbf630f9c58ecf1cdd0,not a separate empirical selection,not separately selected,global profile; not per-video,engineering_or_indirect,not established,YES,Inherited from the hashed TrackingConfig source; no separate sensitivity claim.,PARTIAL_NO_METHOD_SPECIFIC_SENSITIVITY,BOUND_BY_SOURCE_CODE,PARTIALLY_GROUNDED,NO
B0_CURRENT_STANDARD_V2_20260728,realtime_motion_pair_max_jump,engineering_or_indirect,unitless,source-defined numeric domain,0.1,INHERITED_DEFAULT_WITH_PROVENANCE,src/pig_behavior/tracking/config.py sha256=52c5f54ad44b6f76a8d143d168bdc942542d5fd263903cbf630f9c58ecf1cdd0,not a separate empirical selection,not separately selected,global profile; not per-video,engineering_or_indirect,not established,YES,Inherited from the hashed TrackingConfig source; no separate sensitivity claim.,PARTIAL_NO_METHOD_SPECIFIC_SENSITIVITY,BOUND_BY_SOURCE_CODE,PARTIALLY_GROUNDED,NO
B0_CURRENT_STANDARD_V2_20260728,realtime_motion_pair_memory_frames,runtime,frames,non-negative integer unless sentinel documented,30,INHERITED_DEFAULT_WITH_PROVENANCE,src/pig_behavior/tracking/config.py sha256=52c5f54ad44b6f76a8d143d168bdc942542d5fd263903cbf630f9c58ecf1cdd0,not a separate empirical selection,not separately selected,global profile; not per-video,runtime,not established,YES,Inherited from the hashed TrackingConfig source; no separate sensitivity claim.,PARTIAL_NO_METHOD_SPECIFIC_SENSITIVITY,BOUND_BY_SOURCE_CODE,PARTIALLY_GROUNDED,NO
B0_CURRENT_STANDARD_V2_20260728,realtime_motion_pair_min_gain,engineering_or_indirect,unitless,source-defined numeric domain,0.01,INHERITED_DEFAULT_WITH_PROVENANCE,src/pig_behavior/tracking/config.py sha256=52c5f54ad44b6f76a8d143d168bdc942542d5fd263903cbf630f9c58ecf1cdd0,not a separate empirical selection,not separately selected,global profile; not per-video,engineering_or_indirect,not established,YES,Inherited from the hashed TrackingConfig source; no separate sensitivity claim.,PARTIAL_NO_METHOD_SPECIFIC_SENSITIVITY,BOUND_BY_SOURCE_CODE,PARTIALLY_GROUNDED,NO
B0_CURRENT_STANDARD_V2_20260728,realtime_motion_pair_simple_max_component_size,engineering_or_indirect,count,source-defined integer domain,2,INHERITED_DEFAULT_WITH_PROVENANCE,src/pig_behavior/tracking/config.py sha256=52c5f54ad44b6f76a8d143d168bdc942542d5fd263903cbf630f9c58ecf1cdd0,not a separate empirical selection,not separately selected,global profile; not per-video,engineering_or_indirect,not established,YES,Inherited from the hashed TrackingConfig source; no separate sensitivity claim.,PARTIAL_NO_METHOD_SPECIFIC_SENSITIVITY,BOUND_BY_SOURCE_CODE,PARTIALLY_GROUNDED,NO
B0_CURRENT_STANDARD_V2_20260728,realtime_motion_pair_simple_min_gain,engineering_or_indirect,unitless,source-defined numeric domain,0.0,INHERITED_DEFAULT_WITH_PROVENANCE,src/pig_behavior/tracking/config.py sha256=52c5f54ad44b6f76a8d143d168bdc942542d5fd263903cbf630f9c58ecf1cdd0,not a separate empirical selection,not separately selected,global profile; not per-video,engineering_or_indirect,not established,YES,Inherited from the hashed TrackingConfig source; no separate sensitivity claim.,PARTIAL_NO_METHOD_SPECIFIC_SENSITIVITY,BOUND_BY_SOURCE_CODE,PARTIALLY_GROUNDED,NO
B0_CURRENT_STANDARD_V2_20260728,realtime_motion_pair_stabilizer,engineering_or_indirect,boolean,"{false,true}",false,PREDECLARED_DEVELOPMENT_SELECTION,src/pig_behavior/tracking/profiles/bytetrack_raw.py sha256=fe62045b5e260e45cd735f8be70726d3cf8c3f7fc2ea1159f22b968728f522e0,13-video development evidence,frozen before authority execution; earlier development data visible,global profile; not per-video,engineering_or_indirect,authority/ablation record may exist; not universal,YES,Profile override frozen by a development authority before its authority run.,SUFFICIENT_WITH_DEVELOPMENT_SCOPE_LIMITATION,BOUND_BY_EFFECTIVE_CONFIG,FULLY_GROUNDED,NO
B0_CURRENT_STANDARD_V2_20260728,realtime_visible_better_competitor_min_cost,association,unitless,source-defined numeric domain,0.5,INHERITED_DEFAULT_WITH_PROVENANCE,src/pig_behavior/tracking/config.py sha256=52c5f54ad44b6f76a8d143d168bdc942542d5fd263903cbf630f9c58ecf1cdd0,not a separate empirical selection,not separately selected,global profile; not per-video,association,not established,YES,Inherited from the hashed TrackingConfig source; no separate sensitivity claim.,PARTIAL_NO_METHOD_SPECIFIC_SENSITIVITY,BOUND_BY_SOURCE_CODE,PARTIALLY_GROUNDED,NO
B0_CURRENT_STANDARD_V2_20260728,realtime_visible_better_competitor_min_gain,engineering_or_indirect,unitless,source-defined numeric domain,0.2,INHERITED_DEFAULT_WITH_PROVENANCE,src/pig_behavior/tracking/config.py sha256=52c5f54ad44b6f76a8d143d168bdc942542d5fd263903cbf630f9c58ecf1cdd0,not a separate empirical selection,not separately selected,global profile; not per-video,engineering_or_indirect,not established,YES,Inherited from the hashed TrackingConfig source; no separate sensitivity claim.,PARTIAL_NO_METHOD_SPECIFIC_SENSITIVITY,BOUND_BY_SOURCE_CODE,PARTIALLY_GROUNDED,NO
B0_CURRENT_STANDARD_V2_20260728,realtime_visible_better_competitor_prefer,engineering_or_indirect,boolean,"{false,true}",false,INHERITED_DEFAULT_WITH_PROVENANCE,src/pig_behavior/tracking/config.py sha256=52c5f54ad44b6f76a8d143d168bdc942542d5fd263903cbf630f9c58ecf1cdd0,not a separate empirical selection,not separately selected,global profile; not per-video,engineering_or_indirect,not established,YES,Inherited from the hashed TrackingConfig source; no separate sensitivity claim.,PARTIAL_NO_METHOD_SPECIFIC_SENSITIVITY,BOUND_BY_SOURCE_CODE,PARTIALLY_GROUNDED,NO
B0_CURRENT_STANDARD_V2_20260728,realtime_visible_better_competitor_reject,engineering_or_indirect,boolean,"{false,true}",false,INHERITED_DEFAULT_WITH_PROVENANCE,src/pig_behavior/tracking/config.py sha256=52c5f54ad44b6f76a8d143d168bdc942542d5fd263903cbf630f9c58ecf1cdd0,not a separate empirical selection,not separately selected,global profile; not per-video,engineering_or_indirect,not established,YES,Inherited from the hashed TrackingConfig source; no separate sensitivity claim.,PARTIAL_NO_METHOD_SPECIFIC_SENSITIVITY,BOUND_BY_SOURCE_CODE,PARTIALLY_GROUNDED,NO
B0_CURRENT_STANDARD_V2_20260728,realtime_visible_close_competitor_guard,engineering_or_indirect,boolean,"{false,true}",false,INHERITED_DEFAULT_WITH_PROVENANCE,src/pig_behavior/tracking/config.py sha256=52c5f54ad44b6f76a8d143d168bdc942542d5fd263903cbf630f9c58ecf1cdd0,not a separate empirical selection,not separately selected,global profile; not per-video,engineering_or_indirect,not established,YES,Inherited from the hashed TrackingConfig source; no separate sensitivity claim.,PARTIAL_NO_METHOD_SPECIFIC_SENSITIVITY,BOUND_BY_SOURCE_CODE,PARTIALLY_GROUNDED,NO
B0_CURRENT_STANDARD_V2_20260728,realtime_visible_close_competitor_margin,engineering_or_indirect,unitless,source-defined numeric domain,0.012,INHERITED_DEFAULT_WITH_PROVENANCE,src/pig_behavior/tracking/config.py sha256=52c5f54ad44b6f76a8d143d168bdc942542d5fd263903cbf630f9c58ecf1cdd0,not a separate empirical selection,not separately selected,global profile; not per-video,engineering_or_indirect,not established,YES,Inherited from the hashed TrackingConfig source; no separate sensitivity claim.,PARTIAL_NO_METHOD_SPECIFIC_SENSITIVITY,BOUND_BY_SOURCE_CODE,PARTIALLY_GROUNDED,NO
B0_CURRENT_STANDARD_V2_20260728,realtime_visible_close_competitor_max_cost,association,unitless,source-defined numeric domain,0.35,INHERITED_DEFAULT_WITH_PROVENANCE,src/pig_behavior/tracking/config.py sha256=52c5f54ad44b6f76a8d143d168bdc942542d5fd263903cbf630f9c58ecf1cdd0,not a separate empirical selection,not separately selected,global profile; not per-video,association,not established,YES,Inherited from the hashed TrackingConfig source; no separate sensitivity claim.,PARTIAL_NO_METHOD_SPECIFIC_SENSITIVITY,BOUND_BY_SOURCE_CODE,PARTIALLY_GROUNDED,NO
B0_CURRENT_STANDARD_V2_20260728,realtime_visible_close_competitor_min_center_x_ratio,engineering_or_indirect,unitless,source-defined numeric domain,0.0,INHERITED_DEFAULT_WITH_PROVENANCE,src/pig_behavior/tracking/config.py sha256=52c5f54ad44b6f76a8d143d168bdc942542d5fd263903cbf630f9c58ecf1cdd0,not a separate empirical selection,not separately selected,global profile; not per-video,engineering_or_indirect,not established,YES,Inherited from the hashed TrackingConfig source; no separate sensitivity claim.,PARTIAL_NO_METHOD_SPECIFIC_SENSITIVITY,BOUND_BY_SOURCE_CODE,PARTIALLY_GROUNDED,NO
B0_CURRENT_STANDARD_V2_20260728,realtime_visible_close_competitor_min_hits,engineering_or_indirect,count,source-defined integer domain,3,INHERITED_DEFAULT_WITH_PROVENANCE,src/pig_behavior/tracking/config.py sha256=52c5f54ad44b6f76a8d143d168bdc942542d5fd263903cbf630f9c58ecf1cdd0,not a separate empirical selection,not separately selected,global profile; not per-video,engineering_or_indirect,not established,YES,Inherited from the hashed TrackingConfig source; no separate sensitivity claim.,PARTIAL_NO_METHOD_SPECIFIC_SENSITIVITY,BOUND_BY_SOURCE_CODE,PARTIALLY_GROUNDED,NO
B0_CURRENT_STANDARD_V2_20260728,reentry_ambiguous_hold,lifecycle,boolean,"{false,true}",false,INHERITED_DEFAULT_WITH_PROVENANCE,src/pig_behavior/tracking/config.py sha256=52c5f54ad44b6f76a8d143d168bdc942542d5fd263903cbf630f9c58ecf1cdd0,not a separate empirical selection,not separately selected,global profile; not per-video,lifecycle,not established,YES,Inherited from the hashed TrackingConfig source; no separate sensitivity claim.,PARTIAL_NO_METHOD_SPECIFIC_SENSITIVITY,BOUND_BY_SOURCE_CODE,PARTIALLY_GROUNDED,NO
B0_CURRENT_STANDARD_V2_20260728,reentry_ambiguous_hold_frame_windows,lifecycle|runtime,frames,non-negative integer unless sentinel documented,"""""",INHERITED_DEFAULT_WITH_PROVENANCE,src/pig_behavior/tracking/config.py sha256=52c5f54ad44b6f76a8d143d168bdc942542d5fd263903cbf630f9c58ecf1cdd0,not a separate empirical selection,not separately selected,global profile; not per-video,lifecycle|runtime,not established,YES,Inherited from the hashed TrackingConfig source; no separate sensitivity claim.,PARTIAL_NO_METHOD_SPECIFIC_SENSITIVITY,BOUND_BY_SOURCE_CODE,PARTIALLY_GROUNDED,NO
B0_CURRENT_STANDARD_V2_20260728,reentry_ambiguous_hold_max_cost,association|lifecycle,unitless,source-defined numeric domain,1.0,INHERITED_DEFAULT_WITH_PROVENANCE,src/pig_behavior/tracking/config.py sha256=52c5f54ad44b6f76a8d143d168bdc942542d5fd263903cbf630f9c58ecf1cdd0,not a separate empirical selection,not separately selected,global profile; not per-video,association|lifecycle,not established,YES,Inherited from the hashed TrackingConfig source; no separate sensitivity claim.,PARTIAL_NO_METHOD_SPECIFIC_SENSITIVITY,BOUND_BY_SOURCE_CODE,PARTIALLY_GROUNDED,NO
B0_CURRENT_STANDARD_V2_20260728,reentry_ambiguous_hold_max_missed,lifecycle,frames,non-negative integer unless sentinel documented,0,INHERITED_DEFAULT_WITH_PROVENANCE,src/pig_behavior/tracking/config.py sha256=52c5f54ad44b6f76a8d143d168bdc942542d5fd263903cbf630f9c58ecf1cdd0,not a separate empirical selection,not separately selected,global profile; not per-video,lifecycle,not established,YES,Inherited from the hashed TrackingConfig source; no separate sensitivity claim.,PARTIAL_NO_METHOD_SPECIFIC_SENSITIVITY,BOUND_BY_SOURCE_CODE,PARTIALLY_GROUNDED,NO
B0_CURRENT_STANDARD_V2_20260728,reentry_ambiguous_hold_min_cost,association|lifecycle,unitless,source-defined numeric domain,0.0,INHERITED_DEFAULT_WITH_PROVENANCE,src/pig_behavior/tracking/config.py sha256=52c5f54ad44b6f76a8d143d168bdc942542d5fd263903cbf630f9c58ecf1cdd0,not a separate empirical selection,not separately selected,global profile; not per-video,association|lifecycle,not established,YES,Inherited from the hashed TrackingConfig source; no separate sensitivity claim.,PARTIAL_NO_METHOD_SPECIFIC_SENSITIVITY,BOUND_BY_SOURCE_CODE,PARTIALLY_GROUNDED,NO
B0_CURRENT_STANDARD_V2_20260728,reentry_ambiguous_hold_min_hits,lifecycle,count,source-defined integer domain,3,INHERITED_DEFAULT_WITH_PROVENANCE,src/pig_behavior/tracking/config.py sha256=52c5f54ad44b6f76a8d143d168bdc942542d5fd263903cbf630f9c58ecf1cdd0,not a separate empirical selection,not separately selected,global profile; not per-video,lifecycle,not established,YES,Inherited from the hashed TrackingConfig source; no separate sensitivity claim.,PARTIAL_NO_METHOD_SPECIFIC_SENSITIVITY,BOUND_BY_SOURCE_CODE,PARTIALLY_GROUNDED,NO
B0_CURRENT_STANDARD_V2_20260728,reentry_ambiguous_hold_min_missed,lifecycle,frames,non-negative integer unless sentinel documented,2,INHERITED_DEFAULT_WITH_PROVENANCE,src/pig_behavior/tracking/config.py sha256=52c5f54ad44b6f76a8d143d168bdc942542d5fd263903cbf630f9c58ecf1cdd0,not a separate empirical selection,not separately selected,global profile; not per-video,lifecycle,not established,YES,Inherited from the hashed TrackingConfig source; no separate sensitivity claim.,PARTIAL_NO_METHOD_SPECIFIC_SENSITIVITY,BOUND_BY_SOURCE_CODE,PARTIALLY_GROUNDED,NO
B0_CURRENT_STANDARD_V2_20260728,reentry_ambiguous_hold_raw_evidence_only,lifecycle,boolean,"{false,true}",false,INHERITED_DEFAULT_WITH_PROVENANCE,src/pig_behavior/tracking/config.py sha256=52c5f54ad44b6f76a8d143d168bdc942542d5fd263903cbf630f9c58ecf1cdd0,not a separate empirical selection,not separately selected,global profile; not per-video,lifecycle,not established,YES,Inherited from the hashed TrackingConfig source; no separate sensitivity claim.,PARTIAL_NO_METHOD_SPECIFIC_SENSITIVITY,BOUND_BY_SOURCE_CODE,PARTIALLY_GROUNDED,NO
B0_CURRENT_STANDARD_V2_20260728,reentry_ambiguous_hold_video_stems,lifecycle|runtime,categorical/path,source-defined allowed values,"""""",INHERITED_DEFAULT_WITH_PROVENANCE,src/pig_behavior/tracking/config.py sha256=52c5f54ad44b6f76a8d143d168bdc942542d5fd263903cbf630f9c58ecf1cdd0,not a separate empirical selection,not separately selected,global profile; not per-video,lifecycle|runtime,not established,YES,Inherited from the hashed TrackingConfig source; no separate sensitivity claim.,PARTIAL_NO_METHOD_SPECIFIC_SENSITIVITY,BOUND_BY_SOURCE_CODE,PARTIALLY_GROUNDED,NO
B0_CURRENT_STANDARD_V2_20260728,reentry_unowned_raw_mismatch_episode_action,association|lifecycle,categorical/path,source-defined allowed values,"""reject""",INHERITED_DEFAULT_WITH_PROVENANCE,src/pig_behavior/tracking/config.py sha256=52c5f54ad44b6f76a8d143d168bdc942542d5fd263903cbf630f9c58ecf1cdd0,not a separate empirical selection,not separately selected,global profile; not per-video,association|lifecycle,not established,YES,Inherited from the hashed TrackingConfig source; no separate sensitivity claim.,PARTIAL_NO_METHOD_SPECIFIC_SENSITIVITY,BOUND_BY_SOURCE_CODE,PARTIALLY_GROUNDED,NO
B0_CURRENT_STANDARD_V2_20260728,reentry_unowned_raw_mismatch_episode_max_cost,association|lifecycle,unitless,source-defined numeric domain,0.36,INHERITED_DEFAULT_WITH_PROVENANCE,src/pig_behavior/tracking/config.py sha256=52c5f54ad44b6f76a8d143d168bdc942542d5fd263903cbf630f9c58ecf1cdd0,not a separate empirical selection,not separately selected,global profile; not per-video,association|lifecycle,not established,YES,Inherited from the hashed TrackingConfig source; no separate sensitivity claim.,PARTIAL_NO_METHOD_SPECIFIC_SENSITIVITY,BOUND_BY_SOURCE_CODE,PARTIALLY_GROUNDED,NO
B0_CURRENT_STANDARD_V2_20260728,reentry_unowned_raw_mismatch_episode_max_events,association|lifecycle,count,source-defined integer domain,8,INHERITED_DEFAULT_WITH_PROVENANCE,src/pig_behavior/tracking/config.py sha256=52c5f54ad44b6f76a8d143d168bdc942542d5fd263903cbf630f9c58ecf1cdd0,not a separate empirical selection,not separately selected,global profile; not per-video,association|lifecycle,not established,YES,Inherited from the hashed TrackingConfig source; no separate sensitivity claim.,PARTIAL_NO_METHOD_SPECIFIC_SENSITIVITY,BOUND_BY_SOURCE_CODE,PARTIALLY_GROUNDED,NO
B0_CURRENT_STANDARD_V2_20260728,reentry_unowned_raw_mismatch_episode_max_missed,association|lifecycle,frames,non-negative integer unless sentinel documented,20,INHERITED_DEFAULT_WITH_PROVENANCE,src/pig_behavior/tracking/config.py sha256=52c5f54ad44b6f76a8d143d168bdc942542d5fd263903cbf630f9c58ecf1cdd0,not a separate empirical selection,not separately selected,global profile; not per-video,association|lifecycle,not established,YES,Inherited from the hashed TrackingConfig source; no separate sensitivity claim.,PARTIAL_NO_METHOD_SPECIFIC_SENSITIVITY,BOUND_BY_SOURCE_CODE,PARTIALLY_GROUNDED,NO
B0_CURRENT_STANDARD_V2_20260728,reentry_unowned_raw_mismatch_episode_min_cost,association|lifecycle,unitless,source-defined numeric domain,0.0,INHERITED_DEFAULT_WITH_PROVENANCE,src/pig_behavior/tracking/config.py sha256=52c5f54ad44b6f76a8d143d168bdc942542d5fd263903cbf630f9c58ecf1cdd0,not a separate empirical selection,not separately selected,global profile; not per-video,association|lifecycle,not established,YES,Inherited from the hashed TrackingConfig source; no separate sensitivity claim.,PARTIAL_NO_METHOD_SPECIFIC_SENSITIVITY,BOUND_BY_SOURCE_CODE,PARTIALLY_GROUNDED,NO
B0_CURRENT_STANDARD_V2_20260728,reentry_unowned_raw_mismatch_episode_min_events,association|lifecycle,count,source-defined integer domain,3,INHERITED_DEFAULT_WITH_PROVENANCE,src/pig_behavior/tracking/config.py sha256=52c5f54ad44b6f76a8d143d168bdc942542d5fd263903cbf630f9c58ecf1cdd0,not a separate empirical selection,not separately selected,global profile; not per-video,association|lifecycle,not established,YES,Inherited from the hashed TrackingConfig source; no separate sensitivity claim.,PARTIAL_NO_METHOD_SPECIFIC_SENSITIVITY,BOUND_BY_SOURCE_CODE,PARTIALLY_GROUNDED,NO
B0_CURRENT_STANDARD_V2_20260728,reentry_unowned_raw_mismatch_episode_min_missed,association|lifecycle,frames,non-negative integer unless sentinel documented,1,INHERITED_DEFAULT_WITH_PROVENANCE,src/pig_behavior/tracking/config.py sha256=52c5f54ad44b6f76a8d143d168bdc942542d5fd263903cbf630f9c58ecf1cdd0,not a separate empirical selection,not separately selected,global profile; not per-video,association|lifecycle,not established,YES,Inherited from the hashed TrackingConfig source; no separate sensitivity claim.,PARTIAL_NO_METHOD_SPECIFIC_SENSITIVITY,BOUND_BY_SOURCE_CODE,PARTIALLY_GROUNDED,NO
B0_CURRENT_STANDARD_V2_20260728,reentry_unowned_raw_mismatch_episode_phases,association|lifecycle,categorical/path,source-defined allowed values,"""reid""",INHERITED_DEFAULT_WITH_PROVENANCE,src/pig_behavior/tracking/config.py sha256=52c5f54ad44b6f76a8d143d168bdc942542d5fd263903cbf630f9c58ecf1cdd0,not a separate empirical selection,not separately selected,global profile; not per-video,association|lifecycle,not established,YES,Inherited from the hashed TrackingConfig source; no separate sensitivity claim.,PARTIAL_NO_METHOD_SPECIFIC_SENSITIVITY,BOUND_BY_SOURCE_CODE,PARTIALLY_GROUNDED,NO
B0_CURRENT_STANDARD_V2_20260728,reentry_unowned_raw_mismatch_episode_reject,association|lifecycle,boolean,"{false,true}",false,INHERITED_DEFAULT_WITH_PROVENANCE,src/pig_behavior/tracking/config.py sha256=52c5f54ad44b6f76a8d143d168bdc942542d5fd263903cbf630f9c58ecf1cdd0,not a separate empirical selection,not separately selected,global profile; not per-video,association|lifecycle,not established,YES,Inherited from the hashed TrackingConfig source; no separate sensitivity claim.,PARTIAL_NO_METHOD_SPECIFIC_SENSITIVITY,BOUND_BY_SOURCE_CODE,PARTIALLY_GROUNDED,NO
B0_CURRENT_STANDARD_V2_20260728,reentry_unowned_raw_mismatch_episode_window_frames,association|lifecycle|runtime,frames,non-negative integer unless sentinel documented,24,INHERITED_DEFAULT_WITH_PROVENANCE,src/pig_behavior/tracking/config.py sha256=52c5f54ad44b6f76a8d143d168bdc942542d5fd263903cbf630f9c58ecf1cdd0,not a separate empirical selection,not separately selected,global profile; not per-video,association|lifecycle|runtime,not established,YES,Inherited from the hashed TrackingConfig source; no separate sensitivity claim.,PARTIAL_NO_METHOD_SPECIFIC_SENSITIVITY,BOUND_BY_SOURCE_CODE,PARTIALLY_GROUNDED,NO
B0_CURRENT_STANDARD_V2_20260728,reentry_unowned_raw_mismatch_max_cost,association|lifecycle,unitless,source-defined numeric domain,0.3,INHERITED_DEFAULT_WITH_PROVENANCE,src/pig_behavior/tracking/config.py sha256=52c5f54ad44b6f76a8d143d168bdc942542d5fd263903cbf630f9c58ecf1cdd0,not a separate empirical selection,not separately selected,global profile; not per-video,association|lifecycle,not established,YES,Inherited from the hashed TrackingConfig source; no separate sensitivity claim.,PARTIAL_NO_METHOD_SPECIFIC_SENSITIVITY,BOUND_BY_SOURCE_CODE,PARTIALLY_GROUNDED,NO
B0_CURRENT_STANDARD_V2_20260728,reentry_unowned_raw_mismatch_max_missed,association|lifecycle,frames,non-negative integer unless sentinel documented,5,INHERITED_DEFAULT_WITH_PROVENANCE,src/pig_behavior/tracking/config.py sha256=52c5f54ad44b6f76a8d143d168bdc942542d5fd263903cbf630f9c58ecf1cdd0,not a separate empirical selection,not separately selected,global profile; not per-video,association|lifecycle,not established,YES,Inherited from the hashed TrackingConfig source; no separate sensitivity claim.,PARTIAL_NO_METHOD_SPECIFIC_SENSITIVITY,BOUND_BY_SOURCE_CODE,PARTIALLY_GROUNDED,NO
B0_CURRENT_STANDARD_V2_20260728,reentry_unowned_raw_mismatch_min_missed,association|lifecycle,frames,non-negative integer unless sentinel documented,1,INHERITED_DEFAULT_WITH_PROVENANCE,src/pig_behavior/tracking/config.py sha256=52c5f54ad44b6f76a8d143d168bdc942542d5fd263903cbf630f9c58ecf1cdd0,not a separate empirical selection,not separately selected,global profile; not per-video,association|lifecycle,not established,YES,Inherited from the hashed TrackingConfig source; no separate sensitivity claim.,PARTIAL_NO_METHOD_SPECIFIC_SENSITIVITY,BOUND_BY_SOURCE_CODE,PARTIALLY_GROUNDED,NO
B0_CURRENT_STANDARD_V2_20260728,reentry_unowned_raw_mismatch_quarantine_frames,association|lifecycle|runtime,frames,non-negative integer unless sentinel documented,0,INHERITED_DEFAULT_WITH_PROVENANCE,src/pig_behavior/tracking/config.py sha256=52c5f54ad44b6f76a8d143d168bdc942542d5fd263903cbf630f9c58ecf1cdd0,not a separate empirical selection,not separately selected,global profile; not per-video,association|lifecycle|runtime,not established,YES,Inherited from the hashed TrackingConfig source; no separate sensitivity claim.,PARTIAL_NO_METHOD_SPECIFIC_SENSITIVITY,BOUND_BY_SOURCE_CODE,PARTIALLY_GROUNDED,NO
B0_CURRENT_STANDARD_V2_20260728,reentry_unowned_raw_mismatch_quarantine_max_cost,association|lifecycle,unitless,source-defined numeric domain,0.35,INHERITED_DEFAULT_WITH_PROVENANCE,src/pig_behavior/tracking/config.py sha256=52c5f54ad44b6f76a8d143d168bdc942542d5fd263903cbf630f9c58ecf1cdd0,not a separate empirical selection,not separately selected,global profile; not per-video,association|lifecycle,not established,YES,Inherited from the hashed TrackingConfig source; no separate sensitivity claim.,PARTIAL_NO_METHOD_SPECIFIC_SENSITIVITY,BOUND_BY_SOURCE_CODE,PARTIALLY_GROUNDED,NO
B0_CURRENT_STANDARD_V2_20260728,reentry_unowned_raw_mismatch_quarantine_min_seed_cost,association|lifecycle,unitless,source-defined numeric domain,0.0,INHERITED_DEFAULT_WITH_PROVENANCE,src/pig_behavior/tracking/config.py sha256=52c5f54ad44b6f76a8d143d168bdc942542d5fd263903cbf630f9c58ecf1cdd0,not a separate empirical selection,not separately selected,global profile; not per-video,association|lifecycle,not established,YES,Inherited from the hashed TrackingConfig source; no separate sensitivity claim.,PARTIAL_NO_METHOD_SPECIFIC_SENSITIVITY,BOUND_BY_SOURCE_CODE,PARTIALLY_GROUNDED,NO
B0_CURRENT_STANDARD_V2_20260728,reentry_unowned_raw_mismatch_reject,association|lifecycle,boolean,"{false,true}",false,INHERITED_DEFAULT_WITH_PROVENANCE,src/pig_behavior/tracking/config.py sha256=52c5f54ad44b6f76a8d143d168bdc942542d5fd263903cbf630f9c58ecf1cdd0,not a separate empirical selection,not separately selected,global profile; not per-video,association|lifecycle,not established,YES,Inherited from the hashed TrackingConfig source; no separate sensitivity claim.,PARTIAL_NO_METHOD_SPECIFIC_SENSITIVITY,BOUND_BY_SOURCE_CODE,PARTIALLY_GROUNDED,NO
B0_CURRENT_STANDARD_V2_20260728,refine_boxes,bbox_geometry,boolean,"{false,true}",false,PREDECLARED_DEVELOPMENT_SELECTION,src/pig_behavior/tracking/profiles/bytetrack_raw.py sha256=fe62045b5e260e45cd735f8be70726d3cf8c3f7fc2ea1159f22b968728f522e0,13-video development evidence,frozen before authority execution; earlier development data visible,global profile; not per-video,bbox_geometry,authority/ablation record may exist; not universal,YES,Profile override frozen by a development authority before its authority run.,SUFFICIENT_WITH_DEVELOPMENT_SCOPE_LIMITATION,BOUND_BY_EFFECTIVE_CONFIG,FULLY_GROUNDED,NO
B0_CURRENT_STANDARD_V2_20260728,refine_max_gap_frames,bbox_geometry|runtime,frames,non-negative integer unless sentinel documented,15,INHERITED_DEFAULT_WITH_PROVENANCE,src/pig_behavior/tracking/config.py sha256=52c5f54ad44b6f76a8d143d168bdc942542d5fd263903cbf630f9c58ecf1cdd0,not a separate empirical selection,not separately selected,global profile; not per-video,bbox_geometry|runtime,not established,YES,Inherited from the hashed TrackingConfig source; no separate sensitivity claim.,PARTIAL_NO_METHOD_SPECIFIC_SENSITIVITY,BOUND_BY_SOURCE_CODE,PARTIALLY_GROUNDED,NO
B0_CURRENT_STANDARD_V2_20260728,refine_max_previous_gap_frames,association|bbox_geometry|runtime,unitless ratio,"[0,1] unless source contract states otherwise",0,INHERITED_DEFAULT_WITH_PROVENANCE,src/pig_behavior/tracking/config.py sha256=52c5f54ad44b6f76a8d143d168bdc942542d5fd263903cbf630f9c58ecf1cdd0,not a separate empirical selection,not separately selected,global profile; not per-video,association|bbox_geometry|runtime,not established,YES,Inherited from the hashed TrackingConfig source; no separate sensitivity claim.,PARTIAL_NO_METHOD_SPECIFIC_SENSITIVITY,BOUND_BY_SOURCE_CODE,PARTIALLY_GROUNDED,NO
B0_CURRENT_STANDARD_V2_20260728,refine_size_jump_threshold,bbox_geometry,unitless,source-defined numeric domain,0.45,INHERITED_DEFAULT_WITH_PROVENANCE,src/pig_behavior/tracking/config.py sha256=52c5f54ad44b6f76a8d143d168bdc942542d5fd263903cbf630f9c58ecf1cdd0,not a separate empirical selection,not separately selected,global profile; not per-video,bbox_geometry,not established,YES,Inherited from the hashed TrackingConfig source; no separate sensitivity claim.,PARTIAL_NO_METHOD_SPECIFIC_SENSITIVITY,BOUND_BY_SOURCE_CODE,PARTIALLY_GROUNDED,NO
B0_CURRENT_STANDARD_V2_20260728,reid_unowned_competing_candidate_hold,engineering_or_indirect,boolean,"{false,true}",false,INHERITED_DEFAULT_WITH_PROVENANCE,src/pig_behavior/tracking/config.py sha256=52c5f54ad44b6f76a8d143d168bdc942542d5fd263903cbf630f9c58ecf1cdd0,not a separate empirical selection,not separately selected,global profile; not per-video,engineering_or_indirect,not established,YES,Inherited from the hashed TrackingConfig source; no separate sensitivity claim.,PARTIAL_NO_METHOD_SPECIFIC_SENSITIVITY,BOUND_BY_SOURCE_CODE,PARTIALLY_GROUNDED,NO
B0_CURRENT_STANDARD_V2_20260728,reid_unowned_competing_candidate_min_cost,association,unitless,source-defined numeric domain,0.55,INHERITED_DEFAULT_WITH_PROVENANCE,src/pig_behavior/tracking/config.py sha256=52c5f54ad44b6f76a8d143d168bdc942542d5fd263903cbf630f9c58ecf1cdd0,not a separate empirical selection,not separately selected,global profile; not per-video,association,not established,YES,Inherited from the hashed TrackingConfig source; no separate sensitivity claim.,PARTIAL_NO_METHOD_SPECIFIC_SENSITIVITY,BOUND_BY_SOURCE_CODE,PARTIALLY_GROUNDED,NO
B0_CURRENT_STANDARD_V2_20260728,reid_unowned_competing_candidate_min_gap,engineering_or_indirect,unitless,source-defined numeric domain,0.15,INHERITED_DEFAULT_WITH_PROVENANCE,src/pig_behavior/tracking/config.py sha256=52c5f54ad44b6f76a8d143d168bdc942542d5fd263903cbf630f9c58ecf1cdd0,not a separate empirical selection,not separately selected,global profile; not per-video,engineering_or_indirect,not established,YES,Inherited from the hashed TrackingConfig source; no separate sensitivity claim.,PARTIAL_NO_METHOD_SPECIFIC_SENSITIVITY,BOUND_BY_SOURCE_CODE,PARTIALLY_GROUNDED,NO
B0_CURRENT_STANDARD_V2_20260728,reid_unowned_competing_candidate_min_missed,lifecycle,frames,non-negative integer unless sentinel documented,1,INHERITED_DEFAULT_WITH_PROVENANCE,src/pig_behavior/tracking/config.py sha256=52c5f54ad44b6f76a8d143d168bdc942542d5fd263903cbf630f9c58ecf1cdd0,not a separate empirical selection,not separately selected,global profile; not per-video,lifecycle,not established,YES,Inherited from the hashed TrackingConfig source; no separate sensitivity claim.,PARTIAL_NO_METHOD_SPECIFIC_SENSITIVITY,BOUND_BY_SOURCE_CODE,PARTIALLY_GROUNDED,NO
B0_CURRENT_STANDARD_V2_20260728,reid_unowned_competing_candidate_occlusion_hold_only,Hidden_state,boolean,"{false,true}",true,INHERITED_DEFAULT_WITH_PROVENANCE,src/pig_behavior/tracking/config.py sha256=52c5f54ad44b6f76a8d143d168bdc942542d5fd263903cbf630f9c58ecf1cdd0,not a separate empirical selection,not separately selected,global profile; not per-video,Hidden_state,not established,YES,Inherited from the hashed TrackingConfig source; no separate sensitivity claim.,PARTIAL_NO_METHOD_SPECIFIC_SENSITIVITY,BOUND_BY_SOURCE_CODE,PARTIALLY_GROUNDED,NO
B0_CURRENT_STANDARD_V2_20260728,review_conf,engineering_or_indirect,unitless ratio,"[0,1] unless source contract states otherwise",0.5,INHERITED_DEFAULT_WITH_PROVENANCE,src/pig_behavior/tracking/config.py sha256=52c5f54ad44b6f76a8d143d168bdc942542d5fd263903cbf630f9c58ecf1cdd0,not a separate empirical selection,not separately selected,global profile; not per-video,engineering_or_indirect,not established,YES,Inherited from the hashed TrackingConfig source; no separate sensitivity claim.,PARTIAL_NO_METHOD_SPECIFIC_SENSITIVITY,BOUND_BY_SOURCE_CODE,PARTIALLY_GROUNDED,NO
B0_CURRENT_STANDARD_V2_20260728,rf_hybrid_offline,engineering_or_indirect,boolean,"{false,true}",false,INHERITED_DEFAULT_WITH_PROVENANCE,src/pig_behavior/tracking/config.py sha256=52c5f54ad44b6f76a8d143d168bdc942542d5fd263903cbf630f9c58ecf1cdd0,not a separate empirical selection,not separately selected,global profile; not per-video,engineering_or_indirect,not established,YES,Inherited from the hashed TrackingConfig source; no separate sensitivity claim.,PARTIAL_NO_METHOD_SPECIFIC_SENSITIVITY,BOUND_BY_SOURCE_CODE,PARTIALLY_GROUNDED,NO
B0_CURRENT_STANDARD_V2_20260728,roi_dilate_px,engineering_or_indirect,count,source-defined integer domain,8,INHERITED_DEFAULT_WITH_PROVENANCE,src/pig_behavior/tracking/config.py sha256=52c5f54ad44b6f76a8d143d168bdc942542d5fd263903cbf630f9c58ecf1cdd0,not a separate empirical selection,not separately selected,global profile; not per-video,engineering_or_indirect,not established,YES,Inherited from the hashed TrackingConfig source; no separate sensitivity claim.,PARTIAL_NO_METHOD_SPECIFIC_SENSITIVITY,BOUND_BY_SOURCE_CODE,PARTIALLY_GROUNDED,NO
B0_CURRENT_STANDARD_V2_20260728,roi_min_cover,engineering_or_indirect,unitless,source-defined numeric domain,0.1,INHERITED_DEFAULT_WITH_PROVENANCE,src/pig_behavior/tracking/config.py sha256=52c5f54ad44b6f76a8d143d168bdc942542d5fd263903cbf630f9c58ecf1cdd0,not a separate empirical selection,not separately selected,global profile; not per-video,engineering_or_indirect,not established,YES,Inherited from the hashed TrackingConfig source; no separate sensitivity claim.,PARTIAL_NO_METHOD_SPECIFIC_SENSITIVITY,BOUND_BY_SOURCE_CODE,PARTIALLY_GROUNDED,NO
B0_CURRENT_STANDARD_V2_20260728,roi_mode,engineering_or_indirect,categorical/path,source-defined allowed values,"""center""",INHERITED_DEFAULT_WITH_PROVENANCE,src/pig_behavior/tracking/config.py sha256=52c5f54ad44b6f76a8d143d168bdc942542d5fd263903cbf630f9c58ecf1cdd0,not a separate empirical selection,not separately selected,global profile; not per-video,engineering_or_indirect,not established,YES,Inherited from the hashed TrackingConfig source; no separate sensitivity claim.,PARTIAL_NO_METHOD_SPECIFIC_SENSITIVITY,BOUND_BY_SOURCE_CODE,PARTIALLY_GROUNDED,NO
B0_CURRENT_STANDARD_V2_20260728,shade_outside_mask,detection,boolean,"{false,true}",true,INHERITED_DEFAULT_WITH_PROVENANCE,src/pig_behavior/tracking/config.py sha256=52c5f54ad44b6f76a8d143d168bdc942542d5fd263903cbf630f9c58ecf1cdd0,not a separate empirical selection,not separately selected,global profile; not per-video,detection,not established,YES,Inherited from the hashed TrackingConfig source; no separate sensitivity claim.,PARTIAL_NO_METHOD_SPECIFIC_SENSITIVITY,BOUND_BY_SOURCE_CODE,PARTIALLY_GROUNDED,NO
B0_CURRENT_STANDARD_V2_20260728,show,engineering_or_indirect,boolean,"{false,true}",false,INHERITED_DEFAULT_WITH_PROVENANCE,src/pig_behavior/tracking/config.py sha256=52c5f54ad44b6f76a8d143d168bdc942542d5fd263903cbf630f9c58ecf1cdd0,not a separate empirical selection,not separately selected,global profile; not per-video,engineering_or_indirect,not established,YES,Inherited from the hashed TrackingConfig source; no separate sensitivity claim.,PARTIAL_NO_METHOD_SPECIFIC_SENSITIVITY,BOUND_BY_SOURCE_CODE,PARTIALLY_GROUNDED,NO
B0_CURRENT_STANDARD_V2_20260728,smooth_boxes,bbox_geometry,boolean,"{false,true}",false,PREDECLARED_DEVELOPMENT_SELECTION,src/pig_behavior/tracking/profiles/bytetrack_raw.py sha256=fe62045b5e260e45cd735f8be70726d3cf8c3f7fc2ea1159f22b968728f522e0,13-video development evidence,frozen before authority execution; earlier development data visible,global profile; not per-video,bbox_geometry,authority/ablation record may exist; not universal,YES,Profile override frozen by a development authority before its authority run.,SUFFICIENT_WITH_DEVELOPMENT_SCOPE_LIMITATION,BOUND_BY_EFFECTIVE_CONFIG,FULLY_GROUNDED,NO
B0_CURRENT_STANDARD_V2_20260728,start_frame,runtime,frames,non-negative integer unless sentinel documented,0,INHERITED_DEFAULT_WITH_PROVENANCE,src/pig_behavior/tracking/config.py sha256=52c5f54ad44b6f76a8d143d168bdc942542d5fd263903cbf630f9c58ecf1cdd0,not a separate empirical selection,not separately selected,global profile; not per-video,runtime,not established,YES,Inherited from the hashed TrackingConfig source; no separate sensitivity claim.,PARTIAL_NO_METHOD_SPECIFIC_SENSITIVITY,BOUND_BY_SOURCE_CODE,PARTIALLY_GROUNDED,NO
B0_CURRENT_STANDARD_V2_20260728,suffix_pair_swap_max_overlap_frames,identity_repair|runtime,frames,non-negative integer unless sentinel documented,8,INHERITED_DEFAULT_WITH_PROVENANCE,src/pig_behavior/tracking/config.py sha256=52c5f54ad44b6f76a8d143d168bdc942542d5fd263903cbf630f9c58ecf1cdd0,not a separate empirical selection,not separately selected,global profile; not per-video,identity_repair|runtime,not established,YES,Inherited from the hashed TrackingConfig source; no separate sensitivity claim.,PARTIAL_NO_METHOD_SPECIFIC_SENSITIVITY,BOUND_BY_SOURCE_CODE,PARTIALLY_GROUNDED,NO
B0_CURRENT_STANDARD_V2_20260728,suffix_pair_swap_max_suffix_overlap_iou,association|identity_repair,unitless ratio,"[0,1] unless source contract states otherwise",0.3,INHERITED_DEFAULT_WITH_PROVENANCE,src/pig_behavior/tracking/config.py sha256=52c5f54ad44b6f76a8d143d168bdc942542d5fd263903cbf630f9c58ecf1cdd0,not a separate empirical selection,not separately selected,global profile; not per-video,association|identity_repair,not established,YES,Inherited from the hashed TrackingConfig source; no separate sensitivity claim.,PARTIAL_NO_METHOD_SPECIFIC_SENSITIVITY,BOUND_BY_SOURCE_CODE,PARTIALLY_GROUNDED,NO
B0_CURRENT_STANDARD_V2_20260728,suffix_pair_swap_min_overlap_iou,association|identity_repair,unitless ratio,"[0,1] unless source contract states otherwise",0.45,INHERITED_DEFAULT_WITH_PROVENANCE,src/pig_behavior/tracking/config.py sha256=52c5f54ad44b6f76a8d143d168bdc942542d5fd263903cbf630f9c58ecf1cdd0,not a separate empirical selection,not separately selected,global profile; not per-video,association|identity_repair,not established,YES,Inherited from the hashed TrackingConfig source; no separate sensitivity claim.,PARTIAL_NO_METHOD_SPECIFIC_SENSITIVITY,BOUND_BY_SOURCE_CODE,PARTIALLY_GROUNDED,NO
B0_CURRENT_STANDARD_V2_20260728,suffix_pair_swap_min_suffix_frames,identity_repair|runtime,frames,non-negative integer unless sentinel documented,1500,INHERITED_DEFAULT_WITH_PROVENANCE,src/pig_behavior/tracking/config.py sha256=52c5f54ad44b6f76a8d143d168bdc942542d5fd263903cbf630f9c58ecf1cdd0,not a separate empirical selection,not separately selected,global profile; not per-video,identity_repair|runtime,not established,YES,Inherited from the hashed TrackingConfig source; no separate sensitivity claim.,PARTIAL_NO_METHOD_SPECIFIC_SENSITIVITY,BOUND_BY_SOURCE_CODE,PARTIALLY_GROUNDED,NO
B0_CURRENT_STANDARD_V2_20260728,suffix_pair_swap_repair,identity_repair,boolean,"{false,true}",false,PREDECLARED_DEVELOPMENT_SELECTION,src/pig_behavior/tracking/profiles/bytetrack_raw.py sha256=fe62045b5e260e45cd735f8be70726d3cf8c3f7fc2ea1159f22b968728f522e0,13-video development evidence,frozen before authority execution; earlier development data visible,global profile; not per-video,identity_repair,authority/ablation record may exist; not universal,YES,Profile override frozen by a development authority before its authority run.,SUFFICIENT_WITH_DEVELOPMENT_SCOPE_LIMITATION,BOUND_BY_EFFECTIVE_CONFIG,FULLY_GROUNDED,NO
B0_CURRENT_STANDARD_V2_20260728,target_fps,engineering_or_indirect,count,source-defined integer domain,15,INHERITED_DEFAULT_WITH_PROVENANCE,src/pig_behavior/tracking/config.py sha256=52c5f54ad44b6f76a8d143d168bdc942542d5fd263903cbf630f9c58ecf1cdd0,not a separate empirical selection,not separately selected,global profile; not per-video,engineering_or_indirect,not established,YES,Inherited from the hashed TrackingConfig source; no separate sensitivity claim.,PARTIAL_NO_METHOD_SPECIFIC_SENSITIVITY,BOUND_BY_SOURCE_CODE,PARTIALLY_GROUNDED,NO
B0_CURRENT_STANDARD_V2_20260728,track_high_conf,engineering_or_indirect,unitless ratio,"[0,1] unless source contract states otherwise",0.45,INHERITED_DEFAULT_WITH_PROVENANCE,src/pig_behavior/tracking/config.py sha256=52c5f54ad44b6f76a8d143d168bdc942542d5fd263903cbf630f9c58ecf1cdd0,not a separate empirical selection,not separately selected,global profile; not per-video,engineering_or_indirect,not established,YES,Inherited from the hashed TrackingConfig source; no separate sensitivity claim.,PARTIAL_NO_METHOD_SPECIFIC_SENSITIVITY,BOUND_BY_SOURCE_CODE,PARTIALLY_GROUNDED,NO
B0_CURRENT_STANDARD_V2_20260728,track_match_iou,association,unitless ratio,"[0,1] unless source contract states otherwise",0.75,INHERITED_DEFAULT_WITH_PROVENANCE,src/pig_behavior/tracking/config.py sha256=52c5f54ad44b6f76a8d143d168bdc942542d5fd263903cbf630f9c58ecf1cdd0,not a separate empirical selection,not separately selected,global profile; not per-video,association,not established,YES,Inherited from the hashed TrackingConfig source; no separate sensitivity claim.,PARTIAL_NO_METHOD_SPECIFIC_SENSITIVITY,BOUND_BY_SOURCE_CODE,PARTIALLY_GROUNDED,NO
B0_CURRENT_STANDARD_V2_20260728,tracker_type,engineering_or_indirect,categorical/path,source-defined allowed values,"""bytetrack""",ORIGINAL_METHOD_SPECIFICATION,src/pig_behavior/tracking/config.py sha256=52c5f54ad44b6f76a8d143d168bdc942542d5fd263903cbf630f9c58ecf1cdd0,not a separate empirical selection,not separately selected,global profile; not per-video,engineering_or_indirect,not established,YES,Defines the method family or locked eight-animal task.,SUFFICIENT,BOUND_BY_SOURCE_CODE,FULLY_GROUNDED,NO
B0_CURRENT_STANDARD_V2_20260728,tracker_yaml,engineering_or_indirect,not applicable,None or source-defined value,null,INHERITED_DEFAULT_WITH_PROVENANCE,src/pig_behavior/tracking/config.py sha256=52c5f54ad44b6f76a8d143d168bdc942542d5fd263903cbf630f9c58ecf1cdd0,not a separate empirical selection,not separately selected,global profile; not per-video,engineering_or_indirect,not established,YES,Inherited from the hashed TrackingConfig source; no separate sensitivity claim.,PARTIAL_NO_METHOD_SPECIFIC_SENSITIVITY,BOUND_BY_SOURCE_CODE,PARTIALLY_GROUNDED,NO
B0_CURRENT_STANDARD_V2_20260728,unseen_track_cost_threshold,association,unitless,source-defined numeric domain,1.1,INHERITED_DEFAULT_WITH_PROVENANCE,src/pig_behavior/tracking/config.py sha256=52c5f54ad44b6f76a8d143d168bdc942542d5fd263903cbf630f9c58ecf1cdd0,not a separate empirical selection,not separately selected,global profile; not per-video,association,not established,YES,Inherited from the hashed TrackingConfig source; no separate sensitivity claim.,PARTIAL_NO_METHOD_SPECIFIC_SENSITIVITY,BOUND_BY_SOURCE_CODE,PARTIALLY_GROUNDED,NO
B0_CURRENT_STANDARD_V2_20260728,use_mask,detection,boolean,"{false,true}",true,INHERITED_DEFAULT_WITH_PROVENANCE,src/pig_behavior/tracking/config.py sha256=52c5f54ad44b6f76a8d143d168bdc942542d5fd263903cbf630f9c58ecf1cdd0,not a separate empirical selection,not separately selected,global profile; not per-video,detection,not established,YES,Inherited from the hashed TrackingConfig source; no separate sensitivity claim.,PARTIAL_NO_METHOD_SPECIFIC_SENSITIVITY,BOUND_BY_SOURCE_CODE,PARTIALLY_GROUNDED,NO
B0_CURRENT_STANDARD_V2_20260728,use_mask_iou,detection|association,boolean,"{false,true}",true,INHERITED_DEFAULT_WITH_PROVENANCE,src/pig_behavior/tracking/config.py sha256=52c5f54ad44b6f76a8d143d168bdc942542d5fd263903cbf630f9c58ecf1cdd0,not a separate empirical selection,not separately selected,global profile; not per-video,detection|association,not established,YES,Inherited from the hashed TrackingConfig source; no separate sensitivity claim.,PARTIAL_NO_METHOD_SPECIFIC_SENSITIVITY,BOUND_BY_SOURCE_CODE,PARTIALLY_GROUNDED,NO
B0_CURRENT_STANDARD_V2_20260728,video_path,runtime,categorical/path,source-defined allowed values,"""C:\\Users\\ironh\\Downloads\\PIG_Behavior_Project\\.codex_tmp\\worktrees\\tracking_scientific_grounding_authority\\data\\videos\\Pigs281119_000085_30fps.mp4""",DATA_SCHEMA_CONSTRAINT,src/pig_behavior/tracking/config.py sha256=52c5f54ad44b6f76a8d143d168bdc942542d5fd263903cbf630f9c58ecf1cdd0,not a separate empirical selection,not separately selected,global profile; not per-video,runtime,not established,YES,Bound to the repository data/cache/export schema.,SUFFICIENT,BOUND_BY_SOURCE_CODE,FULLY_GROUNDED,NO
B0_CURRENT_STANDARD_V2_20260728,visible_raw_owner_transfer_min_gain,identity_repair,unitless,source-defined numeric domain,0.04,INHERITED_DEFAULT_WITH_PROVENANCE,src/pig_behavior/tracking/config.py sha256=52c5f54ad44b6f76a8d143d168bdc942542d5fd263903cbf630f9c58ecf1cdd0,not a separate empirical selection,not separately selected,global profile; not per-video,identity_repair,not established,YES,Inherited from the hashed TrackingConfig source; no separate sensitivity claim.,PARTIAL_NO_METHOD_SPECIFIC_SENSITIVITY,BOUND_BY_SOURCE_CODE,PARTIALLY_GROUNDED,NO
B0_CURRENT_STANDARD_V2_20260728,visual_opacity,engineering_or_indirect,unitless,source-defined numeric domain,0.75,INHERITED_DEFAULT_WITH_PROVENANCE,src/pig_behavior/tracking/config.py sha256=52c5f54ad44b6f76a8d143d168bdc942542d5fd263903cbf630f9c58ecf1cdd0,not a separate empirical selection,not separately selected,global profile; not per-video,engineering_or_indirect,not established,YES,Inherited from the hashed TrackingConfig source; no separate sensitivity claim.,PARTIAL_NO_METHOD_SPECIFIC_SENSITIVITY,BOUND_BY_SOURCE_CODE,PARTIALLY_GROUNDED,NO
B0_CURRENT_STANDARD_V2_20260728,weights_path,engineering_or_indirect,categorical/path,source-defined allowed values,"""C:\\Users\\ironh\\Downloads\\PIG_Behavior_Project\\.codex_tmp\\worktrees\\tracking_scientific_grounding_authority\\models\\detector\\pig_detector_yolov8.pt""",DATA_SCHEMA_CONSTRAINT,src/pig_behavior/tracking/config.py sha256=52c5f54ad44b6f76a8d143d168bdc942542d5fd263903cbf630f9c58ecf1cdd0,not a separate empirical selection,not separately selected,global profile; not per-video,engineering_or_indirect,not established,YES,Bound to the repository data/cache/export schema.,SUFFICIENT,BOUND_BY_SOURCE_CODE,FULLY_GROUNDED,NO
B0_CURRENT_STANDARD_V2_20260728,write_output_video,runtime,boolean,"{false,true}",true,HARDWARE_OR_RUNTIME_CONSTRAINT,src/pig_behavior/tracking/config.py sha256=52c5f54ad44b6f76a8d143d168bdc942542d5fd263903cbf630f9c58ecf1cdd0,not a separate empirical selection,not separately selected,global profile; not per-video,runtime,not established,YES,Execution/safety constraint rather than a quality claim.,SUFFICIENT,BOUND_BY_SOURCE_CODE,FULLY_GROUNDED,NO
B1_CURRENT_STANDARD_V2_20260728,USE_AREA_OCCLUSION_FREEZE,Hidden_state,boolean,"{false,true}",false,PREDECLARED_DEVELOPMENT_SELECTION,src/pig_behavior/tracking/profiles/hybrid_bytetrack.py sha256=b3c63faffa705915e2e9e9b7823068af229ceedd9b263a68579e7d7b384500e6,13-video development evidence,frozen before authority execution; earlier development data visible,global profile; not per-video,Hidden_state,authority/ablation record may exist; not universal,YES,Profile override frozen by a development authority before its authority run.,SUFFICIENT_WITH_DEVELOPMENT_SCOPE_LIMITATION,BOUND_BY_EFFECTIVE_CONFIG,FULLY_GROUNDED,NO
B1_CURRENT_STANDARD_V2_20260728,USE_CONDITIONAL_AREA_OCCLUSION_FREEZE,Hidden_state,boolean,"{false,true}",false,PREDECLARED_DEVELOPMENT_SELECTION,src/pig_behavior/tracking/profiles/hybrid_bytetrack.py sha256=b3c63faffa705915e2e9e9b7823068af229ceedd9b263a68579e7d7b384500e6,13-video development evidence,frozen before authority execution; earlier development data visible,global profile; not per-video,Hidden_state,authority/ablation record may exist; not universal,YES,Profile override frozen by a development authority before its authority run.,SUFFICIENT_WITH_DEVELOPMENT_SCOPE_LIMITATION,BOUND_BY_EFFECTIVE_CONFIG,FULLY_GROUNDED,NO
B1_CURRENT_STANDARD_V2_20260728,USE_IOU_FALLBACK,association,boolean,"{false,true}",false,PREDECLARED_DEVELOPMENT_SELECTION,src/pig_behavior/tracking/profiles/hybrid_bytetrack.py sha256=b3c63faffa705915e2e9e9b7823068af229ceedd9b263a68579e7d7b384500e6,13-video development evidence,frozen before authority execution; earlier development data visible,global profile; not per-video,association,authority/ablation record may exist; not universal,YES,Profile override frozen by a development authority before its authority run.,SUFFICIENT_WITH_DEVELOPMENT_SCOPE_LIMITATION,BOUND_BY_EFFECTIVE_CONFIG,FULLY_GROUNDED,NO
B1_CURRENT_STANDARD_V2_20260728,USE_MERGED_BOX_SPLIT,bbox_geometry,boolean,"{false,true}",false,PREDECLARED_DEVELOPMENT_SELECTION,src/pig_behavior/tracking/profiles/hybrid_bytetrack.py sha256=b3c63faffa705915e2e9e9b7823068af229ceedd9b263a68579e7d7b384500e6,13-video development evidence,frozen before authority execution; earlier development data visible,global profile; not per-video,bbox_geometry,authority/ablation record may exist; not universal,YES,Profile override frozen by a development authority before its authority run.,SUFFICIENT_WITH_DEVELOPMENT_SCOPE_LIMITATION,BOUND_BY_EFFECTIVE_CONFIG,FULLY_GROUNDED,NO
B1_CURRENT_STANDARD_V2_20260728,adaptive_conf_step,engineering_or_indirect,unitless,source-defined numeric domain,0.05,INHERITED_DEFAULT_WITH_PROVENANCE,src/pig_behavior/tracking/config.py sha256=52c5f54ad44b6f76a8d143d168bdc942542d5fd263903cbf630f9c58ecf1cdd0,not a separate empirical selection,not separately selected,global profile; not per-video,engineering_or_indirect,not established,YES,Inherited from the hashed TrackingConfig source; no separate sensitivity claim.,PARTIAL_NO_METHOD_SPECIFIC_SENSITIVITY,BOUND_BY_SOURCE_CODE,PARTIALLY_GROUNDED,NO
B1_CURRENT_STANDARD_V2_20260728,allowed_class_name,detection,not applicable,None or source-defined value,null,INHERITED_DEFAULT_WITH_PROVENANCE,src/pig_behavior/tracking/config.py sha256=52c5f54ad44b6f76a8d143d168bdc942542d5fd263903cbf630f9c58ecf1cdd0,not a separate empirical selection,not separately selected,global profile; not per-video,detection,not established,YES,Inherited from the hashed TrackingConfig source; no separate sensitivity claim.,PARTIAL_NO_METHOD_SPECIFIC_SENSITIVITY,BOUND_BY_SOURCE_CODE,PARTIALLY_GROUNDED,NO
B1_CURRENT_STANDARD_V2_20260728,ambiguity_owner_guard,identity_repair,boolean,"{false,true}",false,INHERITED_DEFAULT_WITH_PROVENANCE,src/pig_behavior/tracking/config.py sha256=52c5f54ad44b6f76a8d143d168bdc942542d5fd263903cbf630f9c58ecf1cdd0,not a separate empirical selection,not separately selected,global profile; not per-video,identity_repair,not established,YES,Inherited from the hashed TrackingConfig source; no separate sensitivity claim.,PARTIAL_NO_METHOD_SPECIFIC_SENSITIVITY,BOUND_BY_SOURCE_CODE,PARTIALLY_GROUNDED,NO
B1_CURRENT_STANDARD_V2_20260728,ambiguity_owner_guard_cost_margin,association|identity_repair,unitless,source-defined numeric domain,0.04,INHERITED_DEFAULT_WITH_PROVENANCE,src/pig_behavior/tracking/config.py sha256=52c5f54ad44b6f76a8d143d168bdc942542d5fd263903cbf630f9c58ecf1cdd0,not a separate empirical selection,not separately selected,global profile; not per-video,association|identity_repair,not established,YES,Inherited from the hashed TrackingConfig source; no separate sensitivity claim.,PARTIAL_NO_METHOD_SPECIFIC_SENSITIVITY,BOUND_BY_SOURCE_CODE,PARTIALLY_GROUNDED,NO
B1_CURRENT_STANDARD_V2_20260728,annotations_json,engineering_or_indirect,not applicable,None or source-defined value,null,INHERITED_DEFAULT_WITH_PROVENANCE,src/pig_behavior/tracking/config.py sha256=52c5f54ad44b6f76a8d143d168bdc942542d5fd263903cbf630f9c58ecf1cdd0,not a separate empirical selection,not separately selected,global profile; not per-video,engineering_or_indirect,not established,YES,Inherited from the hashed TrackingConfig source; no separate sensitivity claim.,PARTIAL_NO_METHOD_SPECIFIC_SENSITIVITY,BOUND_BY_SOURCE_CODE,PARTIALLY_GROUNDED,NO
B1_CURRENT_STANDARD_V2_20260728,appearance_hist_foreground_core,association,boolean,"{false,true}",false,INHERITED_DEFAULT_WITH_PROVENANCE,src/pig_behavior/tracking/config.py sha256=52c5f54ad44b6f76a8d143d168bdc942542d5fd263903cbf630f9c58ecf1cdd0,not a separate empirical selection,not separately selected,global profile; not per-video,association,not established,YES,Inherited from the hashed TrackingConfig source; no separate sensitivity claim.,PARTIAL_NO_METHOD_SPECIFIC_SENSITIVITY,BOUND_BY_SOURCE_CODE,PARTIALLY_GROUNDED,NO
B1_CURRENT_STANDARD_V2_20260728,area_occlusion_freeze_frames,Hidden_state|runtime,frames,non-negative integer unless sentinel documented,15,INHERITED_DEFAULT_WITH_PROVENANCE,src/pig_behavior/tracking/config.py sha256=52c5f54ad44b6f76a8d143d168bdc942542d5fd263903cbf630f9c58ecf1cdd0,not a separate empirical selection,not separately selected,global profile; not per-video,Hidden_state|runtime,not established,YES,Inherited from the hashed TrackingConfig source; no separate sensitivity claim.,PARTIAL_NO_METHOD_SPECIFIC_SENSITIVITY,BOUND_BY_SOURCE_CODE,PARTIALLY_GROUNDED,NO
B1_CURRENT_STANDARD_V2_20260728,area_occlusion_shrink_ratio,Hidden_state,unitless,source-defined numeric domain,0.6,INHERITED_DEFAULT_WITH_PROVENANCE,src/pig_behavior/tracking/config.py sha256=52c5f54ad44b6f76a8d143d168bdc942542d5fd263903cbf630f9c58ecf1cdd0,not a separate empirical selection,not separately selected,global profile; not per-video,Hidden_state,not established,YES,Inherited from the hashed TrackingConfig source; no separate sensitivity claim.,PARTIAL_NO_METHOD_SPECIFIC_SENSITIVITY,BOUND_BY_SOURCE_CODE,PARTIALLY_GROUNDED,NO
B1_CURRENT_STANDARD_V2_20260728,association_debug,association,boolean,"{false,true}",false,INHERITED_DEFAULT_WITH_PROVENANCE,src/pig_behavior/tracking/config.py sha256=52c5f54ad44b6f76a8d143d168bdc942542d5fd263903cbf630f9c58ecf1cdd0,not a separate empirical selection,not separately selected,global profile; not per-video,association,not established,YES,Inherited from the hashed TrackingConfig source; no separate sensitivity claim.,PARTIAL_NO_METHOD_SPECIFIC_SENSITIVITY,BOUND_BY_SOURCE_CODE,PARTIALLY_GROUNDED,NO
B1_CURRENT_STANDARD_V2_20260728,causal_hidden_detection_reservation,detection|Hidden_state,boolean,"{false,true}",false,INHERITED_DEFAULT_WITH_PROVENANCE,src/pig_behavior/tracking/config.py sha256=52c5f54ad44b6f76a8d143d168bdc942542d5fd263903cbf630f9c58ecf1cdd0,not a separate empirical selection,not separately selected,global profile; not per-video,detection|Hidden_state,not established,YES,Inherited from the hashed TrackingConfig source; no separate sensitivity claim.,PARTIAL_NO_METHOD_SPECIFIC_SENSITIVITY,BOUND_BY_SOURCE_CODE,PARTIALLY_GROUNDED,NO
B1_CURRENT_STANDARD_V2_20260728,causal_hidden_detection_reservation_allow_visible_hold,detection|Hidden_state,boolean,"{false,true}",false,INHERITED_DEFAULT_WITH_PROVENANCE,src/pig_behavior/tracking/config.py sha256=52c5f54ad44b6f76a8d143d168bdc942542d5fd263903cbf630f9c58ecf1cdd0,not a separate empirical selection,not separately selected,global profile; not per-video,detection|Hidden_state,not established,YES,Inherited from the hashed TrackingConfig source; no separate sensitivity claim.,PARTIAL_NO_METHOD_SPECIFIC_SENSITIVITY,BOUND_BY_SOURCE_CODE,PARTIALLY_GROUNDED,NO
B1_CURRENT_STANDARD_V2_20260728,causal_hidden_detection_reservation_hold_max_claim_cost,detection|association|Hidden_state,unitless,source-defined numeric domain,0.1,INHERITED_DEFAULT_WITH_PROVENANCE,src/pig_behavior/tracking/config.py sha256=52c5f54ad44b6f76a8d143d168bdc942542d5fd263903cbf630f9c58ecf1cdd0,not a separate empirical selection,not separately selected,global profile; not per-video,detection|association|Hidden_state,not established,YES,Inherited from the hashed TrackingConfig source; no separate sensitivity claim.,PARTIAL_NO_METHOD_SPECIFIC_SENSITIVITY,BOUND_BY_SOURCE_CODE,PARTIALLY_GROUNDED,NO
B1_CURRENT_STANDARD_V2_20260728,causal_hidden_detection_reservation_hold_min_gain,detection|Hidden_state,unitless,source-defined numeric domain,0.1,INHERITED_DEFAULT_WITH_PROVENANCE,src/pig_behavior/tracking/config.py sha256=52c5f54ad44b6f76a8d143d168bdc942542d5fd263903cbf630f9c58ecf1cdd0,not a separate empirical selection,not separately selected,global profile; not per-video,detection|Hidden_state,not established,YES,Inherited from the hashed TrackingConfig source; no separate sensitivity claim.,PARTIAL_NO_METHOD_SPECIFIC_SENSITIVITY,BOUND_BY_SOURCE_CODE,PARTIALLY_GROUNDED,NO
B1_CURRENT_STANDARD_V2_20260728,causal_hidden_detection_reservation_hold_min_iom,detection|Hidden_state,unitless,source-defined numeric domain,0.96,INHERITED_DEFAULT_WITH_PROVENANCE,src/pig_behavior/tracking/config.py sha256=52c5f54ad44b6f76a8d143d168bdc942542d5fd263903cbf630f9c58ecf1cdd0,not a separate empirical selection,not separately selected,global profile; not per-video,detection|Hidden_state,not established,YES,Inherited from the hashed TrackingConfig source; no separate sensitivity claim.,PARTIAL_NO_METHOD_SPECIFIC_SENSITIVITY,BOUND_BY_SOURCE_CODE,PARTIALLY_GROUNDED,NO
B1_CURRENT_STANDARD_V2_20260728,causal_hidden_detection_reservation_hold_min_visible_cost,detection|association|Hidden_state,unitless,source-defined numeric domain,0.2,INHERITED_DEFAULT_WITH_PROVENANCE,src/pig_behavior/tracking/config.py sha256=52c5f54ad44b6f76a8d143d168bdc942542d5fd263903cbf630f9c58ecf1cdd0,not a separate empirical selection,not separately selected,global profile; not per-video,detection|association|Hidden_state,not established,YES,Inherited from the hashed TrackingConfig source; no separate sensitivity claim.,PARTIAL_NO_METHOD_SPECIFIC_SENSITIVITY,BOUND_BY_SOURCE_CODE,PARTIALLY_GROUNDED,NO
B1_CURRENT_STANDARD_V2_20260728,causal_hidden_detection_reservation_hold_reserved_reid,detection|Hidden_state,boolean,"{false,true}",false,INHERITED_DEFAULT_WITH_PROVENANCE,src/pig_behavior/tracking/config.py sha256=52c5f54ad44b6f76a8d143d168bdc942542d5fd263903cbf630f9c58ecf1cdd0,not a separate empirical selection,not separately selected,global profile; not per-video,detection|Hidden_state,not established,YES,Inherited from the hashed TrackingConfig source; no separate sensitivity claim.,PARTIAL_NO_METHOD_SPECIFIC_SENSITIVITY,BOUND_BY_SOURCE_CODE,PARTIALLY_GROUNDED,NO
B1_CURRENT_STANDARD_V2_20260728,causal_hidden_detection_reservation_max_alternative_cost,detection|association|Hidden_state,unitless,source-defined numeric domain,0.78,INHERITED_DEFAULT_WITH_PROVENANCE,src/pig_behavior/tracking/config.py sha256=52c5f54ad44b6f76a8d143d168bdc942542d5fd263903cbf630f9c58ecf1cdd0,not a separate empirical selection,not separately selected,global profile; not per-video,detection|association|Hidden_state,not established,YES,Inherited from the hashed TrackingConfig source; no separate sensitivity claim.,PARTIAL_NO_METHOD_SPECIFIC_SENSITIVITY,BOUND_BY_SOURCE_CODE,PARTIALLY_GROUNDED,NO
B1_CURRENT_STANDARD_V2_20260728,causal_hidden_detection_reservation_max_center_distance,detection|Hidden_state,unitless,source-defined numeric domain,0.09,INHERITED_DEFAULT_WITH_PROVENANCE,src/pig_behavior/tracking/config.py sha256=52c5f54ad44b6f76a8d143d168bdc942542d5fd263903cbf630f9c58ecf1cdd0,not a separate empirical selection,not separately selected,global profile; not per-video,detection|Hidden_state,not established,YES,Inherited from the hashed TrackingConfig source; no separate sensitivity claim.,PARTIAL_NO_METHOD_SPECIFIC_SENSITIVITY,BOUND_BY_SOURCE_CODE,PARTIALLY_GROUNDED,NO
B1_CURRENT_STANDARD_V2_20260728,causal_hidden_detection_reservation_max_claim_cost,detection|association|Hidden_state,unitless,source-defined numeric domain,0.25,INHERITED_DEFAULT_WITH_PROVENANCE,src/pig_behavior/tracking/config.py sha256=52c5f54ad44b6f76a8d143d168bdc942542d5fd263903cbf630f9c58ecf1cdd0,not a separate empirical selection,not separately selected,global profile; not per-video,detection|association|Hidden_state,not established,YES,Inherited from the hashed TrackingConfig source; no separate sensitivity claim.,PARTIAL_NO_METHOD_SPECIFIC_SENSITIVITY,BOUND_BY_SOURCE_CODE,PARTIALLY_GROUNDED,NO
B1_CURRENT_STANDARD_V2_20260728,causal_hidden_detection_reservation_max_missed,detection|lifecycle|Hidden_state,frames,non-negative integer unless sentinel documented,5,INHERITED_DEFAULT_WITH_PROVENANCE,src/pig_behavior/tracking/config.py sha256=52c5f54ad44b6f76a8d143d168bdc942542d5fd263903cbf630f9c58ecf1cdd0,not a separate empirical selection,not separately selected,global profile; not per-video,detection|lifecycle|Hidden_state,not established,YES,Inherited from the hashed TrackingConfig source; no separate sensitivity claim.,PARTIAL_NO_METHOD_SPECIFIC_SENSITIVITY,BOUND_BY_SOURCE_CODE,PARTIALLY_GROUNDED,NO
B1_CURRENT_STANDARD_V2_20260728,causal_hidden_detection_reservation_min_gain,detection|Hidden_state,unitless,source-defined numeric domain,0.08,INHERITED_DEFAULT_WITH_PROVENANCE,src/pig_behavior/tracking/config.py sha256=52c5f54ad44b6f76a8d143d168bdc942542d5fd263903cbf630f9c58ecf1cdd0,not a separate empirical selection,not separately selected,global profile; not per-video,detection|Hidden_state,not established,YES,Inherited from the hashed TrackingConfig source; no separate sensitivity claim.,PARTIAL_NO_METHOD_SPECIFIC_SENSITIVITY,BOUND_BY_SOURCE_CODE,PARTIALLY_GROUNDED,NO
B1_CURRENT_STANDARD_V2_20260728,causal_hidden_detection_reservation_min_iom,detection|Hidden_state,unitless,source-defined numeric domain,0.55,INHERITED_DEFAULT_WITH_PROVENANCE,src/pig_behavior/tracking/config.py sha256=52c5f54ad44b6f76a8d143d168bdc942542d5fd263903cbf630f9c58ecf1cdd0,not a separate empirical selection,not separately selected,global profile; not per-video,detection|Hidden_state,not established,YES,Inherited from the hashed TrackingConfig source; no separate sensitivity claim.,PARTIAL_NO_METHOD_SPECIFIC_SENSITIVITY,BOUND_BY_SOURCE_CODE,PARTIALLY_GROUNDED,NO
B1_CURRENT_STANDARD_V2_20260728,class_id,detection,not applicable,None or source-defined value,null,DATA_SCHEMA_CONSTRAINT,src/pig_behavior/tracking/config.py sha256=52c5f54ad44b6f76a8d143d168bdc942542d5fd263903cbf630f9c58ecf1cdd0,not a separate empirical selection,not separately selected,global profile; not per-video,detection,not established,YES,Bound to the repository data/cache/export schema.,SUFFICIENT,BOUND_BY_SOURCE_CODE,FULLY_GROUNDED,NO
B1_CURRENT_STANDARD_V2_20260728,clean_coco_annotations_json,engineering_or_indirect,not applicable,None or source-defined value,null,INHERITED_DEFAULT_WITH_PROVENANCE,src/pig_behavior/tracking/config.py sha256=52c5f54ad44b6f76a8d143d168bdc942542d5fd263903cbf630f9c58ecf1cdd0,not a separate empirical selection,not separately selected,global profile; not per-video,engineering_or_indirect,not established,YES,Inherited from the hashed TrackingConfig source; no separate sensitivity claim.,PARTIAL_NO_METHOD_SPECIFIC_SENSITIVITY,BOUND_BY_SOURCE_CODE,PARTIALLY_GROUNDED,NO
B1_CURRENT_STANDARD_V2_20260728,coco_annotations_json,engineering_or_indirect,not applicable,None or source-defined value,null,INHERITED_DEFAULT_WITH_PROVENANCE,src/pig_behavior/tracking/config.py sha256=52c5f54ad44b6f76a8d143d168bdc942542d5fd263903cbf630f9c58ecf1cdd0,not a separate empirical selection,not separately selected,global profile; not per-video,engineering_or_indirect,not established,YES,Inherited from the hashed TrackingConfig source; no separate sensitivity claim.,PARTIAL_NO_METHOD_SPECIFIC_SENSITIVITY,BOUND_BY_SOURCE_CODE,PARTIALLY_GROUNDED,NO
B1_CURRENT_STANDARD_V2_20260728,conf,engineering_or_indirect,not applicable,None or source-defined value,null,INHERITED_DEFAULT_WITH_PROVENANCE,src/pig_behavior/tracking/config.py sha256=52c5f54ad44b6f76a8d143d168bdc942542d5fd263903cbf630f9c58ecf1cdd0,not a separate empirical selection,not separately selected,global profile; not per-video,engineering_or_indirect,not established,YES,Inherited from the hashed TrackingConfig source; no separate sensitivity claim.,PARTIAL_NO_METHOD_SPECIFIC_SENSITIVITY,BOUND_BY_SOURCE_CODE,PARTIALLY_GROUNDED,NO
B1_CURRENT_STANDARD_V2_20260728,cvat_video_xml,runtime,not applicable,None or source-defined value,null,INHERITED_DEFAULT_WITH_PROVENANCE,src/pig_behavior/tracking/config.py sha256=52c5f54ad44b6f76a8d143d168bdc942542d5fd263903cbf630f9c58ecf1cdd0,not a separate empirical selection,not separately selected,global profile; not per-video,runtime,not established,YES,Inherited from the hashed TrackingConfig source; no separate sensitivity claim.,PARTIAL_NO_METHOD_SPECIFIC_SENSITIVITY,BOUND_BY_SOURCE_CODE,PARTIALLY_GROUNDED,NO
B1_CURRENT_STANDARD_V2_20260728,default_behavior,engineering_or_indirect,categorical/path,source-defined allowed values,"""lying""",INHERITED_DEFAULT_WITH_PROVENANCE,src/pig_behavior/tracking/config.py sha256=52c5f54ad44b6f76a8d143d168bdc942542d5fd263903cbf630f9c58ecf1cdd0,not a separate empirical selection,not separately selected,global profile; not per-video,engineering_or_indirect,not established,YES,Inherited from the hashed TrackingConfig source; no separate sensitivity claim.,PARTIAL_NO_METHOD_SPECIFIC_SENSITIVITY,BOUND_BY_SOURCE_CODE,PARTIALLY_GROUNDED,NO
B1_CURRENT_STANDARD_V2_20260728,det_conf,detection,unitless ratio,"[0,1] unless source contract states otherwise",0.2,PREDECLARED_DEVELOPMENT_SELECTION,src/pig_behavior/tracking/profiles/hybrid_bytetrack.py sha256=b3c63faffa705915e2e9e9b7823068af229ceedd9b263a68579e7d7b384500e6,13-video development evidence,frozen before authority execution; earlier development data visible,global profile; not per-video,detection,authority/ablation record may exist; not universal,YES,Profile override frozen by a development authority before its authority run.,SUFFICIENT_WITH_DEVELOPMENT_SCOPE_LIMITATION,BOUND_BY_EFFECTIVE_CONFIG,FULLY_GROUNDED,NO
B1_CURRENT_STANDARD_V2_20260728,detect_every_n_frames,detection|runtime,frames,non-negative integer unless sentinel documented,1,INHERITED_DEFAULT_WITH_PROVENANCE,src/pig_behavior/tracking/config.py sha256=52c5f54ad44b6f76a8d143d168bdc942542d5fd263903cbf630f9c58ecf1cdd0,not a separate empirical selection,not separately selected,global profile; not per-video,detection|runtime,not established,YES,Inherited from the hashed TrackingConfig source; no separate sensitivity claim.,PARTIAL_NO_METHOD_SPECIFIC_SENSITIVITY,BOUND_BY_SOURCE_CODE,PARTIALLY_GROUNDED,NO
B1_CURRENT_STANDARD_V2_20260728,device,runtime,not applicable,None or source-defined value,null,HARDWARE_OR_RUNTIME_CONSTRAINT,src/pig_behavior/tracking/config.py sha256=52c5f54ad44b6f76a8d143d168bdc942542d5fd263903cbf630f9c58ecf1cdd0,not a separate empirical selection,not separately selected,global profile; not per-video,runtime,not established,YES,Execution/safety constraint rather than a quality claim.,SUFFICIENT,BOUND_BY_SOURCE_CODE,FULLY_GROUNDED,NO
B1_CURRENT_STANDARD_V2_20260728,directional_y_margin_px,engineering_or_indirect,unitless,source-defined numeric domain,5.0,INHERITED_DEFAULT_WITH_PROVENANCE,src/pig_behavior/tracking/config.py sha256=52c5f54ad44b6f76a8d143d168bdc942542d5fd263903cbf630f9c58ecf1cdd0,not a separate empirical selection,not separately selected,global profile; not per-video,engineering_or_indirect,not established,YES,Inherited from the hashed TrackingConfig source; no separate sensitivity claim.,PARTIAL_NO_METHOD_SPECIFIC_SENSITIVITY,BOUND_BY_SOURCE_CODE,PARTIALLY_GROUNDED,NO
B1_CURRENT_STANDARD_V2_20260728,directional_y_penalty_weight,engineering_or_indirect,unitless,source-defined numeric domain,0.12,INHERITED_DEFAULT_WITH_PROVENANCE,src/pig_behavior/tracking/config.py sha256=52c5f54ad44b6f76a8d143d168bdc942542d5fd263903cbf630f9c58ecf1cdd0,not a separate empirical selection,not separately selected,global profile; not per-video,engineering_or_indirect,not established,YES,Inherited from the hashed TrackingConfig source; no separate sensitivity claim.,PARTIAL_NO_METHOD_SPECIFIC_SENSITIVITY,BOUND_BY_SOURCE_CODE,PARTIALLY_GROUNDED,NO
B1_CURRENT_STANDARD_V2_20260728,directional_y_prior,engineering_or_indirect,boolean,"{false,true}",true,INHERITED_DEFAULT_WITH_PROVENANCE,src/pig_behavior/tracking/config.py sha256=52c5f54ad44b6f76a8d143d168bdc942542d5fd263903cbf630f9c58ecf1cdd0,not a separate empirical selection,not separately selected,global profile; not per-video,engineering_or_indirect,not established,YES,Inherited from the hashed TrackingConfig source; no separate sensitivity claim.,PARTIAL_NO_METHOD_SPECIFIC_SENSITIVITY,BOUND_BY_SOURCE_CODE,PARTIALLY_GROUNDED,NO
B1_CURRENT_STANDARD_V2_20260728,directional_y_velocity_epsilon_px,engineering_or_indirect,unitless,source-defined numeric domain,3.0,INHERITED_DEFAULT_WITH_PROVENANCE,src/pig_behavior/tracking/config.py sha256=52c5f54ad44b6f76a8d143d168bdc942542d5fd263903cbf630f9c58ecf1cdd0,not a separate empirical selection,not separately selected,global profile; not per-video,engineering_or_indirect,not established,YES,Inherited from the hashed TrackingConfig source; no separate sensitivity claim.,PARTIAL_NO_METHOD_SPECIFIC_SENSITIVITY,BOUND_BY_SOURCE_CODE,PARTIALLY_GROUNDED,NO
B1_CURRENT_STANDARD_V2_20260728,display_inline,engineering_or_indirect,boolean,"{false,true}",false,INHERITED_DEFAULT_WITH_PROVENANCE,src/pig_behavior/tracking/config.py sha256=52c5f54ad44b6f76a8d143d168bdc942542d5fd263903cbf630f9c58ecf1cdd0,not a separate empirical selection,not separately selected,global profile; not per-video,engineering_or_indirect,not established,YES,Inherited from the hashed TrackingConfig source; no separate sensitivity claim.,PARTIAL_NO_METHOD_SPECIFIC_SENSITIVITY,BOUND_BY_SOURCE_CODE,PARTIALLY_GROUNDED,NO
B1_CURRENT_STANDARD_V2_20260728,draw_mask_outline,detection,boolean,"{false,true}",true,INHERITED_DEFAULT_WITH_PROVENANCE,src/pig_behavior/tracking/config.py sha256=52c5f54ad44b6f76a8d143d168bdc942542d5fd263903cbf630f9c58ecf1cdd0,not a separate empirical selection,not separately selected,global profile; not per-video,detection,not established,YES,Inherited from the hashed TrackingConfig source; no separate sensitivity claim.,PARTIAL_NO_METHOD_SPECIFIC_SENSITIVITY,BOUND_BY_SOURCE_CODE,PARTIALLY_GROUNDED,NO
B1_CURRENT_STANDARD_V2_20260728,dup_area_ratio_threshold,engineering_or_indirect,unitless,source-defined numeric domain,0.8,INHERITED_DEFAULT_WITH_PROVENANCE,src/pig_behavior/tracking/config.py sha256=52c5f54ad44b6f76a8d143d168bdc942542d5fd263903cbf630f9c58ecf1cdd0,not a separate empirical selection,not separately selected,global profile; not per-video,engineering_or_indirect,not established,YES,Inherited from the hashed TrackingConfig source; no separate sensitivity claim.,PARTIAL_NO_METHOD_SPECIFIC_SENSITIVITY,BOUND_BY_SOURCE_CODE,PARTIALLY_GROUNDED,NO
B1_CURRENT_STANDARD_V2_20260728,dup_center_threshold,engineering_or_indirect,unitless,source-defined numeric domain,0.35,INHERITED_DEFAULT_WITH_PROVENANCE,src/pig_behavior/tracking/config.py sha256=52c5f54ad44b6f76a8d143d168bdc942542d5fd263903cbf630f9c58ecf1cdd0,not a separate empirical selection,not separately selected,global profile; not per-video,engineering_or_indirect,not established,YES,Inherited from the hashed TrackingConfig source; no separate sensitivity claim.,PARTIAL_NO_METHOD_SPECIFIC_SENSITIVITY,BOUND_BY_SOURCE_CODE,PARTIALLY_GROUNDED,NO
B1_CURRENT_STANDARD_V2_20260728,dup_containment_threshold,engineering_or_indirect,unitless,source-defined numeric domain,0.85,INHERITED_DEFAULT_WITH_PROVENANCE,src/pig_behavior/tracking/config.py sha256=52c5f54ad44b6f76a8d143d168bdc942542d5fd263903cbf630f9c58ecf1cdd0,not a separate empirical selection,not separately selected,global profile; not per-video,engineering_or_indirect,not established,YES,Inherited from the hashed TrackingConfig source; no separate sensitivity claim.,PARTIAL_NO_METHOD_SPECIFIC_SENSITIVITY,BOUND_BY_SOURCE_CODE,PARTIALLY_GROUNDED,NO
B1_CURRENT_STANDARD_V2_20260728,dup_iou_threshold,association,unitless ratio,"[0,1] unless source contract states otherwise",0.6,INHERITED_DEFAULT_WITH_PROVENANCE,src/pig_behavior/tracking/config.py sha256=52c5f54ad44b6f76a8d143d168bdc942542d5fd263903cbf630f9c58ecf1cdd0,not a separate empirical selection,not separately selected,global profile; not per-video,association,not established,YES,Inherited from the hashed TrackingConfig source; no separate sensitivity claim.,PARTIAL_NO_METHOD_SPECIFIC_SENSITIVITY,BOUND_BY_SOURCE_CODE,PARTIALLY_GROUNDED,NO
B1_CURRENT_STANDARD_V2_20260728,emit_hidden_tracks,Hidden_state,boolean,"{false,true}",true,INHERITED_DEFAULT_WITH_PROVENANCE,src/pig_behavior/tracking/config.py sha256=52c5f54ad44b6f76a8d143d168bdc942542d5fd263903cbf630f9c58ecf1cdd0,not a separate empirical selection,not separately selected,global profile; not per-video,Hidden_state,not established,YES,Inherited from the hashed TrackingConfig source; no separate sensitivity claim.,PARTIAL_NO_METHOD_SPECIFIC_SENSITIVITY,BOUND_BY_SOURCE_CODE,PARTIALLY_GROUNDED,NO
B1_CURRENT_STANDARD_V2_20260728,enable_offline_smoothing,bbox_geometry,boolean,"{false,true}",true,PREDECLARED_DEVELOPMENT_SELECTION,src/pig_behavior/tracking/profiles/hybrid_bytetrack.py sha256=b3c63faffa705915e2e9e9b7823068af229ceedd9b263a68579e7d7b384500e6,13-video development evidence,frozen before authority execution; earlier development data visible,global profile; not per-video,bbox_geometry,authority/ablation record may exist; not universal,YES,Profile override frozen by a development authority before its authority run.,SUFFICIENT_WITH_DEVELOPMENT_SCOPE_LIMITATION,BOUND_BY_EFFECTIVE_CONFIG,FULLY_GROUNDED,NO
B1_CURRENT_STANDARD_V2_20260728,episode_pair_swap_anchor_window_frames,identity_repair|runtime,frames,non-negative integer unless sentinel documented,8,INHERITED_DEFAULT_WITH_PROVENANCE,src/pig_behavior/tracking/config.py sha256=52c5f54ad44b6f76a8d143d168bdc942542d5fd263903cbf630f9c58ecf1cdd0,not a separate empirical selection,not separately selected,global profile; not per-video,identity_repair|runtime,not established,YES,Inherited from the hashed TrackingConfig source; no separate sensitivity claim.,PARTIAL_NO_METHOD_SPECIFIC_SENSITIVITY,BOUND_BY_SOURCE_CODE,PARTIALLY_GROUNDED,NO
B1_CURRENT_STANDARD_V2_20260728,episode_pair_swap_max_frames,identity_repair|runtime,frames,non-negative integer unless sentinel documented,12,HARDWARE_OR_RUNTIME_CONSTRAINT,src/pig_behavior/tracking/config.py sha256=52c5f54ad44b6f76a8d143d168bdc942542d5fd263903cbf630f9c58ecf1cdd0,not a separate empirical selection,not separately selected,global profile; not per-video,identity_repair|runtime,not established,YES,Execution/safety constraint rather than a quality claim.,SUFFICIENT,BOUND_BY_SOURCE_CODE,FULLY_GROUNDED,NO
B1_CURRENT_STANDARD_V2_20260728,episode_pair_swap_min_motion_gain,identity_repair,unitless,source-defined numeric domain,0.1,INHERITED_DEFAULT_WITH_PROVENANCE,src/pig_behavior/tracking/config.py sha256=52c5f54ad44b6f76a8d143d168bdc942542d5fd263903cbf630f9c58ecf1cdd0,not a separate empirical selection,not separately selected,global profile; not per-video,identity_repair,not established,YES,Inherited from the hashed TrackingConfig source; no separate sensitivity claim.,PARTIAL_NO_METHOD_SPECIFIC_SENSITIVITY,BOUND_BY_SOURCE_CODE,PARTIALLY_GROUNDED,NO
B1_CURRENT_STANDARD_V2_20260728,episode_pair_swap_min_overlap_iou,association|identity_repair,unitless ratio,"[0,1] unless source contract states otherwise",0.2,INHERITED_DEFAULT_WITH_PROVENANCE,src/pig_behavior/tracking/config.py sha256=52c5f54ad44b6f76a8d143d168bdc942542d5fd263903cbf630f9c58ecf1cdd0,not a separate empirical selection,not separately selected,global profile; not per-video,association|identity_repair,not established,YES,Inherited from the hashed TrackingConfig source; no separate sensitivity claim.,PARTIAL_NO_METHOD_SPECIFIC_SENSITIVITY,BOUND_BY_SOURCE_CODE,PARTIALLY_GROUNDED,NO
B1_CURRENT_STANDARD_V2_20260728,episode_pair_swap_repair,identity_repair,boolean,"{false,true}",false,INHERITED_DEFAULT_WITH_PROVENANCE,src/pig_behavior/tracking/config.py sha256=52c5f54ad44b6f76a8d143d168bdc942542d5fd263903cbf630f9c58ecf1cdd0,not a separate empirical selection,not separately selected,global profile; not per-video,identity_repair,not established,YES,Inherited from the hashed TrackingConfig source; no separate sensitivity claim.,PARTIAL_NO_METHOD_SPECIFIC_SENSITIVITY,BOUND_BY_SOURCE_CODE,PARTIALLY_GROUNDED,NO
B1_CURRENT_STANDARD_V2_20260728,expected_pigs,engineering_or_indirect,count,source-defined integer domain,8,ORIGINAL_METHOD_SPECIFICATION,src/pig_behavior/tracking/config.py sha256=52c5f54ad44b6f76a8d143d168bdc942542d5fd263903cbf630f9c58ecf1cdd0,not a separate empirical selection,not separately selected,global profile; not per-video,engineering_or_indirect,not established,YES,Defines the method family or locked eight-animal task.,SUFFICIENT,BOUND_BY_SOURCE_CODE,FULLY_GROUNDED,NO
B1_CURRENT_STANDARD_V2_20260728,far_camera_hidden_geometry_max_center_shift,Hidden_state|bbox_geometry,unitless,source-defined numeric domain,0.12,PREDECLARED_DEVELOPMENT_SELECTION,src/pig_behavior/tracking/profiles/hybrid_bytetrack.py sha256=b3c63faffa705915e2e9e9b7823068af229ceedd9b263a68579e7d7b384500e6,13-video development evidence,frozen before authority execution; earlier development data visible,global profile; not per-video,Hidden_state|bbox_geometry,authority/ablation record may exist; not universal,YES,Profile override frozen by a development authority before its authority run.,SUFFICIENT_WITH_DEVELOPMENT_SCOPE_LIMITATION,BOUND_BY_EFFECTIVE_CONFIG,FULLY_GROUNDED,NO
B1_CURRENT_STANDARD_V2_20260728,far_camera_hidden_geometry_max_future_gap_frames,Hidden_state|bbox_geometry|runtime,frames,non-negative integer unless sentinel documented,15,PREDECLARED_DEVELOPMENT_SELECTION,src/pig_behavior/tracking/profiles/hybrid_bytetrack.py sha256=b3c63faffa705915e2e9e9b7823068af229ceedd9b263a68579e7d7b384500e6,13-video development evidence,frozen before authority execution; earlier development data visible,global profile; not per-video,Hidden_state|bbox_geometry|runtime,authority/ablation record may exist; not universal,YES,Profile override frozen by a development authority before its authority run.,SUFFICIENT_WITH_DEVELOPMENT_SCOPE_LIMITATION,BOUND_BY_EFFECTIVE_CONFIG,FULLY_GROUNDED,NO
B1_CURRENT_STANDARD_V2_20260728,far_camera_hidden_geometry_min_height_excess,Hidden_state|bbox_geometry,unitless,source-defined numeric domain,0.15,PREDECLARED_DEVELOPMENT_SELECTION,src/pig_behavior/tracking/profiles/hybrid_bytetrack.py sha256=b3c63faffa705915e2e9e9b7823068af229ceedd9b263a68579e7d7b384500e6,13-video development evidence,frozen before authority execution; earlier development data visible,global profile; not per-video,Hidden_state|bbox_geometry,authority/ablation record may exist; not universal,YES,Profile override frozen by a development authority before its authority run.,SUFFICIENT_WITH_DEVELOPMENT_SCOPE_LIMITATION,BOUND_BY_EFFECTIVE_CONFIG,FULLY_GROUNDED,NO
B1_CURRENT_STANDARD_V2_20260728,far_camera_hidden_geometry_min_overlap_reduction,Hidden_state|bbox_geometry,unitless,source-defined numeric domain,0.1,PREDECLARED_DEVELOPMENT_SELECTION,src/pig_behavior/tracking/profiles/hybrid_bytetrack.py sha256=b3c63faffa705915e2e9e9b7823068af229ceedd9b263a68579e7d7b384500e6,13-video development evidence,frozen before authority execution; earlier development data visible,global profile; not per-video,Hidden_state|bbox_geometry,authority/ablation record may exist; not universal,YES,Profile override frozen by a development authority before its authority run.,SUFFICIENT_WITH_DEVELOPMENT_SCOPE_LIMITATION,BOUND_BY_EFFECTIVE_CONFIG,FULLY_GROUNDED,NO
B1_CURRENT_STANDARD_V2_20260728,far_camera_hidden_geometry_min_visible_overlap_iou,association|Hidden_state|bbox_geometry,unitless ratio,"[0,1] unless source contract states otherwise",0.65,PREDECLARED_DEVELOPMENT_SELECTION,src/pig_behavior/tracking/profiles/hybrid_bytetrack.py sha256=b3c63faffa705915e2e9e9b7823068af229ceedd9b263a68579e7d7b384500e6,13-video development evidence,frozen before authority execution; earlier development data visible,global profile; not per-video,association|Hidden_state|bbox_geometry,authority/ablation record may exist; not universal,YES,Profile override frozen by a development authority before its authority run.,SUFFICIENT_WITH_DEVELOPMENT_SCOPE_LIMITATION,BOUND_BY_EFFECTIVE_CONFIG,FULLY_GROUNDED,NO
B1_CURRENT_STANDARD_V2_20260728,far_camera_hidden_geometry_original_weight,Hidden_state|bbox_geometry,unitless,source-defined numeric domain,0.1,PREDECLARED_DEVELOPMENT_SELECTION,src/pig_behavior/tracking/profiles/hybrid_bytetrack.py sha256=b3c63faffa705915e2e9e9b7823068af229ceedd9b263a68579e7d7b384500e6,13-video development evidence,frozen before authority execution; earlier development data visible,global profile; not per-video,Hidden_state|bbox_geometry,authority/ablation record may exist; not universal,YES,Profile override frozen by a development authority before its authority run.,SUFFICIENT_WITH_DEVELOPMENT_SCOPE_LIMITATION,BOUND_BY_EFFECTIVE_CONFIG,FULLY_GROUNDED,NO
B1_CURRENT_STANDARD_V2_20260728,far_camera_hidden_geometry_refine,Hidden_state|bbox_geometry,boolean,"{false,true}",true,PREDECLARED_DEVELOPMENT_SELECTION,src/pig_behavior/tracking/profiles/hybrid_bytetrack.py sha256=b3c63faffa705915e2e9e9b7823068af229ceedd9b263a68579e7d7b384500e6,13-video development evidence,frozen before authority execution; earlier development data visible,global profile; not per-video,Hidden_state|bbox_geometry,authority/ablation record may exist; not universal,YES,Profile override frozen by a development authority before its authority run.,SUFFICIENT_WITH_DEVELOPMENT_SCOPE_LIMITATION,BOUND_BY_EFFECTIVE_CONFIG,FULLY_GROUNDED,NO
B1_CURRENT_STANDARD_V2_20260728,far_camera_hidden_geometry_x_threshold,Hidden_state|bbox_geometry,unitless,source-defined numeric domain,0.67,PREDECLARED_DEVELOPMENT_SELECTION,src/pig_behavior/tracking/profiles/hybrid_bytetrack.py sha256=b3c63faffa705915e2e9e9b7823068af229ceedd9b263a68579e7d7b384500e6,13-video development evidence,frozen before authority execution; earlier development data visible,global profile; not per-video,Hidden_state|bbox_geometry,authority/ablation record may exist; not universal,YES,Profile override frozen by a development authority before its authority run.,SUFFICIENT_WITH_DEVELOPMENT_SCOPE_LIMITATION,BOUND_BY_EFFECTIVE_CONFIG,FULLY_GROUNDED,NO
B1_CURRENT_STANDARD_V2_20260728,freeze_identity_in_occlusion,Hidden_state,boolean,"{false,true}",true,INHERITED_DEFAULT_WITH_PROVENANCE,src/pig_behavior/tracking/config.py sha256=52c5f54ad44b6f76a8d143d168bdc942542d5fd263903cbf630f9c58ecf1cdd0,not a separate empirical selection,not separately selected,global profile; not per-video,Hidden_state,not established,YES,Inherited from the hashed TrackingConfig source; no separate sensitivity claim.,PARTIAL_NO_METHOD_SPECIFIC_SENSITIVITY,BOUND_BY_SOURCE_CODE,PARTIALLY_GROUNDED,NO
B1_CURRENT_STANDARD_V2_20260728,half,runtime,boolean,"{false,true}",false,HARDWARE_OR_RUNTIME_CONSTRAINT,src/pig_behavior/tracking/config.py sha256=52c5f54ad44b6f76a8d143d168bdc942542d5fd263903cbf630f9c58ecf1cdd0,not a separate empirical selection,not separately selected,global profile; not per-video,runtime,not established,YES,Execution/safety constraint rather than a quality claim.,SUFFICIENT,BOUND_BY_SOURCE_CODE,FULLY_GROUNDED,NO
B1_CURRENT_STANDARD_V2_20260728,hard_occlusion_detection_iom_threshold,detection|Hidden_state,unitless,source-defined numeric domain,0.45,INHERITED_DEFAULT_WITH_PROVENANCE,src/pig_behavior/tracking/config.py sha256=52c5f54ad44b6f76a8d143d168bdc942542d5fd263903cbf630f9c58ecf1cdd0,not a separate empirical selection,not separately selected,global profile; not per-video,detection|Hidden_state,not established,YES,Inherited from the hashed TrackingConfig source; no separate sensitivity claim.,PARTIAL_NO_METHOD_SPECIFIC_SENSITIVITY,BOUND_BY_SOURCE_CODE,PARTIALLY_GROUNDED,NO
B1_CURRENT_STANDARD_V2_20260728,hard_occlusion_min_frames,Hidden_state|runtime,frames,non-negative integer unless sentinel documented,2,INHERITED_DEFAULT_WITH_PROVENANCE,src/pig_behavior/tracking/config.py sha256=52c5f54ad44b6f76a8d143d168bdc942542d5fd263903cbf630f9c58ecf1cdd0,not a separate empirical selection,not separately selected,global profile; not per-video,Hidden_state|runtime,not established,YES,Inherited from the hashed TrackingConfig source; no separate sensitivity claim.,PARTIAL_NO_METHOD_SPECIFIC_SENSITIVITY,BOUND_BY_SOURCE_CODE,PARTIALLY_GROUNDED,NO
B1_CURRENT_STANDARD_V2_20260728,hard_occlusion_recovery_frames,Hidden_state|runtime,frames,non-negative integer unless sentinel documented,10,INHERITED_DEFAULT_WITH_PROVENANCE,src/pig_behavior/tracking/config.py sha256=52c5f54ad44b6f76a8d143d168bdc942542d5fd263903cbf630f9c58ecf1cdd0,not a separate empirical selection,not separately selected,global profile; not per-video,Hidden_state|runtime,not established,YES,Inherited from the hashed TrackingConfig source; no separate sensitivity claim.,PARTIAL_NO_METHOD_SPECIFIC_SENSITIVITY,BOUND_BY_SOURCE_CODE,PARTIALLY_GROUNDED,NO
B1_CURRENT_STANDARD_V2_20260728,hard_occlusion_score_threshold,Hidden_state,unitless,source-defined numeric domain,0.65,INHERITED_DEFAULT_WITH_PROVENANCE,src/pig_behavior/tracking/config.py sha256=52c5f54ad44b6f76a8d143d168bdc942542d5fd263903cbf630f9c58ecf1cdd0,not a separate empirical selection,not separately selected,global profile; not per-video,Hidden_state,not established,YES,Inherited from the hashed TrackingConfig source; no separate sensitivity claim.,PARTIAL_NO_METHOD_SPECIFIC_SENSITIVITY,BOUND_BY_SOURCE_CODE,PARTIALLY_GROUNDED,NO
B1_CURRENT_STANDARD_V2_20260728,hard_occlusion_track_iom_threshold,Hidden_state,unitless,source-defined numeric domain,0.35,INHERITED_DEFAULT_WITH_PROVENANCE,src/pig_behavior/tracking/config.py sha256=52c5f54ad44b6f76a8d143d168bdc942542d5fd263903cbf630f9c58ecf1cdd0,not a separate empirical selection,not separately selected,global profile; not per-video,Hidden_state,not established,YES,Inherited from the hashed TrackingConfig source; no separate sensitivity claim.,PARTIAL_NO_METHOD_SPECIFIC_SENSITIVITY,BOUND_BY_SOURCE_CODE,PARTIALLY_GROUNDED,NO
B1_CURRENT_STANDARD_V2_20260728,hidden_acceleration_alpha,Hidden_state|evaluator_only,unitless,source-defined numeric domain,0.35,INHERITED_DEFAULT_WITH_PROVENANCE,src/pig_behavior/tracking/config.py sha256=52c5f54ad44b6f76a8d143d168bdc942542d5fd263903cbf630f9c58ecf1cdd0,not a separate empirical selection,not separately selected,global profile; not per-video,Hidden_state|evaluator_only,not established,YES,Inherited from the hashed TrackingConfig source; no separate sensitivity claim.,PARTIAL_NO_METHOD_SPECIFIC_SENSITIVITY,BOUND_BY_SOURCE_CODE,PARTIALLY_GROUNDED,NO
B1_CURRENT_STANDARD_V2_20260728,hidden_max_motion_step_box_scale,Hidden_state|bbox_geometry,unitless,source-defined numeric domain,1.5,INHERITED_DEFAULT_WITH_PROVENANCE,src/pig_behavior/tracking/config.py sha256=52c5f54ad44b6f76a8d143d168bdc942542d5fd263903cbf630f9c58ecf1cdd0,not a separate empirical selection,not separately selected,global profile; not per-video,Hidden_state|bbox_geometry,not established,YES,Inherited from the hashed TrackingConfig source; no separate sensitivity claim.,PARTIAL_NO_METHOD_SPECIFIC_SENSITIVITY,BOUND_BY_SOURCE_CODE,PARTIALLY_GROUNDED,NO
B1_CURRENT_STANDARD_V2_20260728,hidden_min_motion_history,Hidden_state,count,source-defined integer domain,4,INHERITED_DEFAULT_WITH_PROVENANCE,src/pig_behavior/tracking/config.py sha256=52c5f54ad44b6f76a8d143d168bdc942542d5fd263903cbf630f9c58ecf1cdd0,not a separate empirical selection,not separately selected,global profile; not per-video,Hidden_state,not established,YES,Inherited from the hashed TrackingConfig source; no separate sensitivity claim.,PARTIAL_NO_METHOD_SPECIFIC_SENSITIVITY,BOUND_BY_SOURCE_CODE,PARTIALLY_GROUNDED,NO
B1_CURRENT_STANDARD_V2_20260728,hidden_missed_frames,lifecycle|Hidden_state|runtime,frames,non-negative integer unless sentinel documented,5,INHERITED_DEFAULT_WITH_PROVENANCE,src/pig_behavior/tracking/config.py sha256=52c5f54ad44b6f76a8d143d168bdc942542d5fd263903cbf630f9c58ecf1cdd0,not a separate empirical selection,not separately selected,global profile; not per-video,lifecycle|Hidden_state|runtime,not established,YES,Inherited from the hashed TrackingConfig source; no separate sensitivity claim.,PARTIAL_NO_METHOD_SPECIFIC_SENSITIVITY,BOUND_BY_SOURCE_CODE,PARTIALLY_GROUNDED,NO
B1_CURRENT_STANDARD_V2_20260728,hidden_motion_consistency,Hidden_state,unitless,source-defined numeric domain,0.55,INHERITED_DEFAULT_WITH_PROVENANCE,src/pig_behavior/tracking/config.py sha256=52c5f54ad44b6f76a8d143d168bdc942542d5fd263903cbf630f9c58ecf1cdd0,not a separate empirical selection,not separately selected,global profile; not per-video,Hidden_state,not established,YES,Inherited from the hashed TrackingConfig source; no separate sensitivity claim.,PARTIAL_NO_METHOD_SPECIFIC_SENSITIVITY,BOUND_BY_SOURCE_CODE,PARTIALLY_GROUNDED,NO
B1_CURRENT_STANDARD_V2_20260728,hidden_motion_history,Hidden_state,count,source-defined integer domain,8,INHERITED_DEFAULT_WITH_PROVENANCE,src/pig_behavior/tracking/config.py sha256=52c5f54ad44b6f76a8d143d168bdc942542d5fd263903cbf630f9c58ecf1cdd0,not a separate empirical selection,not separately selected,global profile; not per-video,Hidden_state,not established,YES,Inherited from the hashed TrackingConfig source; no separate sensitivity claim.,PARTIAL_NO_METHOD_SPECIFIC_SENSITIVITY,BOUND_BY_SOURCE_CODE,PARTIALLY_GROUNDED,NO
B1_CURRENT_STANDARD_V2_20260728,hidden_motion_model,Hidden_state,boolean,"{false,true}",true,INHERITED_DEFAULT_WITH_PROVENANCE,src/pig_behavior/tracking/config.py sha256=52c5f54ad44b6f76a8d143d168bdc942542d5fd263903cbf630f9c58ecf1cdd0,not a separate empirical selection,not separately selected,global profile; not per-video,Hidden_state,not established,YES,Inherited from the hashed TrackingConfig source; no separate sensitivity claim.,PARTIAL_NO_METHOD_SPECIFIC_SENSITIVITY,BOUND_BY_SOURCE_CODE,PARTIALLY_GROUNDED,NO
B1_CURRENT_STANDARD_V2_20260728,hidden_moving_displacement,Hidden_state,unitless,source-defined numeric domain,0.035,INHERITED_DEFAULT_WITH_PROVENANCE,src/pig_behavior/tracking/config.py sha256=52c5f54ad44b6f76a8d143d168bdc942542d5fd263903cbf630f9c58ecf1cdd0,not a separate empirical selection,not separately selected,global profile; not per-video,Hidden_state,not established,YES,Inherited from the hashed TrackingConfig source; no separate sensitivity claim.,PARTIAL_NO_METHOD_SPECIFIC_SENSITIVITY,BOUND_BY_SOURCE_CODE,PARTIALLY_GROUNDED,NO
B1_CURRENT_STANDARD_V2_20260728,hidden_overlap_iou_threshold,association|Hidden_state,unitless ratio,"[0,1] unless source contract states otherwise",0.65,INHERITED_DEFAULT_WITH_PROVENANCE,src/pig_behavior/tracking/config.py sha256=52c5f54ad44b6f76a8d143d168bdc942542d5fd263903cbf630f9c58ecf1cdd0,not a separate empirical selection,not separately selected,global profile; not per-video,association|Hidden_state,not established,YES,Inherited from the hashed TrackingConfig source; no separate sensitivity claim.,PARTIAL_NO_METHOD_SPECIFIC_SENSITIVITY,BOUND_BY_SOURCE_CODE,PARTIALLY_GROUNDED,NO
B1_CURRENT_STANDARD_V2_20260728,hidden_overlap_window_frames,Hidden_state|runtime,frames,non-negative integer unless sentinel documented,2,INHERITED_DEFAULT_WITH_PROVENANCE,src/pig_behavior/tracking/config.py sha256=52c5f54ad44b6f76a8d143d168bdc942542d5fd263903cbf630f9c58ecf1cdd0,not a separate empirical selection,not separately selected,global profile; not per-video,Hidden_state|runtime,not established,YES,Inherited from the hashed TrackingConfig source; no separate sensitivity claim.,PARTIAL_NO_METHOD_SPECIFIC_SENSITIVITY,BOUND_BY_SOURCE_CODE,PARTIALLY_GROUNDED,NO
B1_CURRENT_STANDARD_V2_20260728,hidden_owner_guard,identity_repair|Hidden_state,boolean,"{false,true}",true,PREDECLARED_DEVELOPMENT_SELECTION,src/pig_behavior/tracking/profiles/hybrid_bytetrack.py sha256=b3c63faffa705915e2e9e9b7823068af229ceedd9b263a68579e7d7b384500e6,13-video development evidence,frozen before authority execution; earlier development data visible,global profile; not per-video,identity_repair|Hidden_state,authority/ablation record may exist; not universal,YES,Profile override frozen by a development authority before its authority run.,SUFFICIENT_WITH_DEVELOPMENT_SCOPE_LIMITATION,BOUND_BY_EFFECTIVE_CONFIG,FULLY_GROUNDED,NO
B1_CURRENT_STANDARD_V2_20260728,hidden_owner_guard_cost_margin,association|identity_repair|Hidden_state,unitless,source-defined numeric domain,0.08,INHERITED_DEFAULT_WITH_PROVENANCE,src/pig_behavior/tracking/config.py sha256=52c5f54ad44b6f76a8d143d168bdc942542d5fd263903cbf630f9c58ecf1cdd0,not a separate empirical selection,not separately selected,global profile; not per-video,association|identity_repair|Hidden_state,not established,YES,Inherited from the hashed TrackingConfig source; no separate sensitivity claim.,PARTIAL_NO_METHOD_SPECIFIC_SENSITIVITY,BOUND_BY_SOURCE_CODE,PARTIALLY_GROUNDED,NO
B1_CURRENT_STANDARD_V2_20260728,hidden_owner_guard_hold_assignment,identity_repair|Hidden_state,boolean,"{false,true}",true,PREDECLARED_DEVELOPMENT_SELECTION,src/pig_behavior/tracking/profiles/hybrid_bytetrack.py sha256=b3c63faffa705915e2e9e9b7823068af229ceedd9b263a68579e7d7b384500e6,13-video development evidence,frozen before authority execution; earlier development data visible,global profile; not per-video,identity_repair|Hidden_state,authority/ablation record may exist; not universal,YES,Profile override frozen by a development authority before its authority run.,SUFFICIENT_WITH_DEVELOPMENT_SCOPE_LIMITATION,BOUND_BY_EFFECTIVE_CONFIG,FULLY_GROUNDED,NO
B1_CURRENT_STANDARD_V2_20260728,hidden_owner_guard_min_missed,lifecycle|identity_repair|Hidden_state,frames,non-negative integer unless sentinel documented,2,INHERITED_DEFAULT_WITH_PROVENANCE,src/pig_behavior/tracking/config.py sha256=52c5f54ad44b6f76a8d143d168bdc942542d5fd263903cbf630f9c58ecf1cdd0,not a separate empirical selection,not separately selected,global profile; not per-video,lifecycle|identity_repair|Hidden_state,not established,YES,Inherited from the hashed TrackingConfig source; no separate sensitivity claim.,PARTIAL_NO_METHOD_SPECIFIC_SENSITIVITY,BOUND_BY_SOURCE_CODE,PARTIALLY_GROUNDED,NO
B1_CURRENT_STANDARD_V2_20260728,hidden_score_threshold,Hidden_state,unitless,source-defined numeric domain,0.15,INHERITED_DEFAULT_WITH_PROVENANCE,src/pig_behavior/tracking/config.py sha256=52c5f54ad44b6f76a8d143d168bdc942542d5fd263903cbf630f9c58ecf1cdd0,not a separate empirical selection,not separately selected,global profile; not per-video,Hidden_state,not established,YES,Inherited from the hashed TrackingConfig source; no separate sensitivity claim.,PARTIAL_NO_METHOD_SPECIFIC_SENSITIVITY,BOUND_BY_SOURCE_CODE,PARTIALLY_GROUNDED,NO
B1_CURRENT_STANDARD_V2_20260728,hidden_stationary_displacement,Hidden_state,unitless,source-defined numeric domain,0.015,INHERITED_DEFAULT_WITH_PROVENANCE,src/pig_behavior/tracking/config.py sha256=52c5f54ad44b6f76a8d143d168bdc942542d5fd263903cbf630f9c58ecf1cdd0,not a separate empirical selection,not separately selected,global profile; not per-video,Hidden_state,not established,YES,Inherited from the hashed TrackingConfig source; no separate sensitivity claim.,PARTIAL_NO_METHOD_SPECIFIC_SENSITIVITY,BOUND_BY_SOURCE_CODE,PARTIALLY_GROUNDED,NO
B1_CURRENT_STANDARD_V2_20260728,hidden_stationary_lock_frames,Hidden_state|runtime,frames,non-negative integer unless sentinel documented,8,INHERITED_DEFAULT_WITH_PROVENANCE,src/pig_behavior/tracking/config.py sha256=52c5f54ad44b6f76a8d143d168bdc942542d5fd263903cbf630f9c58ecf1cdd0,not a separate empirical selection,not separately selected,global profile; not per-video,Hidden_state|runtime,not established,YES,Inherited from the hashed TrackingConfig source; no separate sensitivity claim.,PARTIAL_NO_METHOD_SPECIFIC_SENSITIVITY,BOUND_BY_SOURCE_CODE,PARTIALLY_GROUNDED,NO
B1_CURRENT_STANDARD_V2_20260728,hidden_stationary_speed,Hidden_state,unitless,source-defined numeric domain,0.006,INHERITED_DEFAULT_WITH_PROVENANCE,src/pig_behavior/tracking/config.py sha256=52c5f54ad44b6f76a8d143d168bdc942542d5fd263903cbf630f9c58ecf1cdd0,not a separate empirical selection,not separately selected,global profile; not per-video,Hidden_state,not established,YES,Inherited from the hashed TrackingConfig source; no separate sensitivity claim.,PARTIAL_NO_METHOD_SPECIFIC_SENSITIVITY,BOUND_BY_SOURCE_CODE,PARTIALLY_GROUNDED,NO
B1_CURRENT_STANDARD_V2_20260728,hidden_suffix_id_swap_max_hidden_frames,identity_repair|Hidden_state|runtime,frames,non-negative integer unless sentinel documented,15,INHERITED_DEFAULT_WITH_PROVENANCE,src/pig_behavior/tracking/config.py sha256=52c5f54ad44b6f76a8d143d168bdc942542d5fd263903cbf630f9c58ecf1cdd0,not a separate empirical selection,not separately selected,global profile; not per-video,identity_repair|Hidden_state|runtime,not established,YES,Inherited from the hashed TrackingConfig source; no separate sensitivity claim.,PARTIAL_NO_METHOD_SPECIFIC_SENSITIVITY,BOUND_BY_SOURCE_CODE,PARTIALLY_GROUNDED,NO
B1_CURRENT_STANDARD_V2_20260728,hidden_suffix_id_swap_max_hidden_median_score,identity_repair|Hidden_state,unitless,source-defined numeric domain,0.5,INHERITED_DEFAULT_WITH_PROVENANCE,src/pig_behavior/tracking/config.py sha256=52c5f54ad44b6f76a8d143d168bdc942542d5fd263903cbf630f9c58ecf1cdd0,not a separate empirical selection,not separately selected,global profile; not per-video,identity_repair|Hidden_state,not established,YES,Inherited from the hashed TrackingConfig source; no separate sensitivity claim.,PARTIAL_NO_METHOD_SPECIFIC_SENSITIVITY,BOUND_BY_SOURCE_CODE,PARTIALLY_GROUNDED,NO
B1_CURRENT_STANDARD_V2_20260728,hidden_suffix_id_swap_min_hidden_frames,identity_repair|Hidden_state|runtime,frames,non-negative integer unless sentinel documented,8,INHERITED_DEFAULT_WITH_PROVENANCE,src/pig_behavior/tracking/config.py sha256=52c5f54ad44b6f76a8d143d168bdc942542d5fd263903cbf630f9c58ecf1cdd0,not a separate empirical selection,not separately selected,global profile; not per-video,identity_repair|Hidden_state|runtime,not established,YES,Inherited from the hashed TrackingConfig source; no separate sensitivity claim.,PARTIAL_NO_METHOD_SPECIFIC_SENSITIVITY,BOUND_BY_SOURCE_CODE,PARTIALLY_GROUNDED,NO
B1_CURRENT_STANDARD_V2_20260728,hidden_suffix_id_swap_min_overlap_iou,association|identity_repair|Hidden_state,unitless ratio,"[0,1] unless source contract states otherwise",0.7,INHERITED_DEFAULT_WITH_PROVENANCE,src/pig_behavior/tracking/config.py sha256=52c5f54ad44b6f76a8d143d168bdc942542d5fd263903cbf630f9c58ecf1cdd0,not a separate empirical selection,not separately selected,global profile; not per-video,association|identity_repair|Hidden_state,not established,YES,Inherited from the hashed TrackingConfig source; no separate sensitivity claim.,PARTIAL_NO_METHOD_SPECIFIC_SENSITIVITY,BOUND_BY_SOURCE_CODE,PARTIALLY_GROUNDED,NO
B1_CURRENT_STANDARD_V2_20260728,hidden_suffix_id_swap_min_overlap_persistence_frames,identity_repair|Hidden_state|runtime,frames,non-negative integer unless sentinel documented,2,PREDECLARED_DEVELOPMENT_SELECTION,src/pig_behavior/tracking/profiles/hybrid_bytetrack.py sha256=b3c63faffa705915e2e9e9b7823068af229ceedd9b263a68579e7d7b384500e6,13-video development evidence,frozen before authority execution; earlier development data visible,global profile; not per-video,identity_repair|Hidden_state|runtime,authority/ablation record may exist; not universal,YES,Profile override frozen by a development authority before its authority run.,SUFFICIENT_WITH_DEVELOPMENT_SCOPE_LIMITATION,BOUND_BY_EFFECTIVE_CONFIG,FULLY_GROUNDED,NO
B1_CURRENT_STANDARD_V2_20260728,hidden_suffix_id_swap_min_suffix_frames,identity_repair|Hidden_state|runtime,frames,non-negative integer unless sentinel documented,600,INHERITED_DEFAULT_WITH_PROVENANCE,src/pig_behavior/tracking/config.py sha256=52c5f54ad44b6f76a8d143d168bdc942542d5fd263903cbf630f9c58ecf1cdd0,not a separate empirical selection,not separately selected,global profile; not per-video,identity_repair|Hidden_state|runtime,not established,YES,Inherited from the hashed TrackingConfig source; no separate sensitivity claim.,PARTIAL_NO_METHOD_SPECIFIC_SENSITIVITY,BOUND_BY_SOURCE_CODE,PARTIALLY_GROUNDED,NO
B1_CURRENT_STANDARD_V2_20260728,hidden_suffix_id_swap_repair,identity_repair|Hidden_state,boolean,"{false,true}",true,PREDECLARED_DEVELOPMENT_SELECTION,src/pig_behavior/tracking/profiles/hybrid_bytetrack.py sha256=b3c63faffa705915e2e9e9b7823068af229ceedd9b263a68579e7d7b384500e6,13-video development evidence,frozen before authority execution; earlier development data visible,global profile; not per-video,identity_repair|Hidden_state,authority/ablation record may exist; not universal,YES,Profile override frozen by a development authority before its authority run.,SUFFICIENT_WITH_DEVELOPMENT_SCOPE_LIMITATION,BOUND_BY_EFFECTIVE_CONFIG,FULLY_GROUNDED,NO
B1_CURRENT_STANDARD_V2_20260728,hidden_suffix_id_swap_start_back_frames,identity_repair|Hidden_state|runtime,frames,non-negative integer unless sentinel documented,7,INHERITED_DEFAULT_WITH_PROVENANCE,src/pig_behavior/tracking/config.py sha256=52c5f54ad44b6f76a8d143d168bdc942542d5fd263903cbf630f9c58ecf1cdd0,not a separate empirical selection,not separately selected,global profile; not per-video,identity_repair|Hidden_state|runtime,not established,YES,Inherited from the hashed TrackingConfig source; no separate sensitivity claim.,PARTIAL_NO_METHOD_SPECIFIC_SENSITIVITY,BOUND_BY_SOURCE_CODE,PARTIALLY_GROUNDED,NO
B1_CURRENT_STANDARD_V2_20260728,hidden_suffix_id_swap_use_overlap_persistence,identity_repair|Hidden_state,boolean,"{false,true}",true,PREDECLARED_DEVELOPMENT_SELECTION,src/pig_behavior/tracking/profiles/hybrid_bytetrack.py sha256=b3c63faffa705915e2e9e9b7823068af229ceedd9b263a68579e7d7b384500e6,13-video development evidence,frozen before authority execution; earlier development data visible,global profile; not per-video,identity_repair|Hidden_state,authority/ablation record may exist; not universal,YES,Profile override frozen by a development authority before its authority run.,SUFFICIENT_WITH_DEVELOPMENT_SCOPE_LIMITATION,BOUND_BY_EFFECTIVE_CONFIG,FULLY_GROUNDED,NO
B1_CURRENT_STANDARD_V2_20260728,hidden_velocity_alpha,Hidden_state|evaluator_only,unitless,source-defined numeric domain,0.65,INHERITED_DEFAULT_WITH_PROVENANCE,src/pig_behavior/tracking/config.py sha256=52c5f54ad44b6f76a8d143d168bdc942542d5fd263903cbf630f9c58ecf1cdd0,not a separate empirical selection,not separately selected,global profile; not per-video,Hidden_state|evaluator_only,not established,YES,Inherited from the hashed TrackingConfig source; no separate sensitivity claim.,PARTIAL_NO_METHOD_SPECIFIC_SENSITIVITY,BOUND_BY_SOURCE_CODE,PARTIALLY_GROUNDED,NO
B1_CURRENT_STANDARD_V2_20260728,high_conf_smooth_alpha,bbox_geometry|evaluator_only,unitless,source-defined numeric domain,0.75,INHERITED_DEFAULT_WITH_PROVENANCE,src/pig_behavior/tracking/config.py sha256=52c5f54ad44b6f76a8d143d168bdc942542d5fd263903cbf630f9c58ecf1cdd0,not a separate empirical selection,not separately selected,global profile; not per-video,bbox_geometry|evaluator_only,not established,YES,Inherited from the hashed TrackingConfig source; no separate sensitivity claim.,PARTIAL_NO_METHOD_SPECIFIC_SENSITIVITY,BOUND_BY_SOURCE_CODE,PARTIALLY_GROUNDED,NO
B1_CURRENT_STANDARD_V2_20260728,hold_occluded_box,Hidden_state|bbox_geometry,boolean,"{false,true}",true,INHERITED_DEFAULT_WITH_PROVENANCE,src/pig_behavior/tracking/config.py sha256=52c5f54ad44b6f76a8d143d168bdc942542d5fd263903cbf630f9c58ecf1cdd0,not a separate empirical selection,not separately selected,global profile; not per-video,Hidden_state|bbox_geometry,not established,YES,Inherited from the hashed TrackingConfig source; no separate sensitivity claim.,PARTIAL_NO_METHOD_SPECIFIC_SENSITIVITY,BOUND_BY_SOURCE_CODE,PARTIALLY_GROUNDED,NO
B1_CURRENT_STANDARD_V2_20260728,identity_swap_guard,identity_repair,boolean,"{false,true}",true,PREDECLARED_DEVELOPMENT_SELECTION,src/pig_behavior/tracking/profiles/hybrid_bytetrack.py sha256=b3c63faffa705915e2e9e9b7823068af229ceedd9b263a68579e7d7b384500e6,13-video development evidence,frozen before authority execution; earlier development data visible,global profile; not per-video,identity_repair,authority/ablation record may exist; not universal,YES,Profile override frozen by a development authority before its authority run.,SUFFICIENT_WITH_DEVELOPMENT_SCOPE_LIMITATION,BOUND_BY_EFFECTIVE_CONFIG,FULLY_GROUNDED,NO
B1_CURRENT_STANDARD_V2_20260728,identity_swap_guard_far_x_threshold,identity_repair,unitless,source-defined numeric domain,0.67,PREDECLARED_DEVELOPMENT_SELECTION,src/pig_behavior/tracking/profiles/hybrid_bytetrack.py sha256=b3c63faffa705915e2e9e9b7823068af229ceedd9b263a68579e7d7b384500e6,13-video development evidence,frozen before authority execution; earlier development data visible,global profile; not per-video,identity_repair,authority/ablation record may exist; not universal,YES,Profile override frozen by a development authority before its authority run.,SUFFICIENT_WITH_DEVELOPMENT_SCOPE_LIMITATION,BOUND_BY_EFFECTIVE_CONFIG,FULLY_GROUNDED,NO
B1_CURRENT_STANDARD_V2_20260728,identity_swap_guard_skip_mixed_occlusion_hold,identity_repair|Hidden_state,boolean,"{false,true}",true,PREDECLARED_DEVELOPMENT_SELECTION,src/pig_behavior/tracking/profiles/hybrid_bytetrack.py sha256=b3c63faffa705915e2e9e9b7823068af229ceedd9b263a68579e7d7b384500e6,13-video development evidence,frozen before authority execution; earlier development data visible,global profile; not per-video,identity_repair|Hidden_state,authority/ablation record may exist; not universal,YES,Profile override frozen by a development authority before its authority run.,SUFFICIENT_WITH_DEVELOPMENT_SCOPE_LIMITATION,BOUND_BY_EFFECTIVE_CONFIG,FULLY_GROUNDED,NO
B1_CURRENT_STANDARD_V2_20260728,identity_swap_guard_skip_mixed_occlusion_hold_far_only,identity_repair|Hidden_state,boolean,"{false,true}",true,PREDECLARED_DEVELOPMENT_SELECTION,src/pig_behavior/tracking/profiles/hybrid_bytetrack.py sha256=b3c63faffa705915e2e9e9b7823068af229ceedd9b263a68579e7d7b384500e6,13-video development evidence,frozen before authority execution; earlier development data visible,global profile; not per-video,identity_repair|Hidden_state,authority/ablation record may exist; not universal,YES,Profile override frozen by a development authority before its authority run.,SUFFICIENT_WITH_DEVELOPMENT_SCOPE_LIMITATION,BOUND_BY_EFFECTIVE_CONFIG,FULLY_GROUNDED,NO
B1_CURRENT_STANDARD_V2_20260728,identity_swap_iom_threshold,identity_repair,unitless,source-defined numeric domain,0.1,INHERITED_DEFAULT_WITH_PROVENANCE,src/pig_behavior/tracking/config.py sha256=52c5f54ad44b6f76a8d143d168bdc942542d5fd263903cbf630f9c58ecf1cdd0,not a separate empirical selection,not separately selected,global profile; not per-video,identity_repair,not established,YES,Inherited from the hashed TrackingConfig source; no separate sensitivity claim.,PARTIAL_NO_METHOD_SPECIFIC_SENSITIVITY,BOUND_BY_SOURCE_CODE,PARTIALLY_GROUNDED,NO
B1_CURRENT_STANDARD_V2_20260728,identity_swap_min_gain,identity_repair,unitless,source-defined numeric domain,0.015,INHERITED_DEFAULT_WITH_PROVENANCE,src/pig_behavior/tracking/config.py sha256=52c5f54ad44b6f76a8d143d168bdc942542d5fd263903cbf630f9c58ecf1cdd0,not a separate empirical selection,not separately selected,global profile; not per-video,identity_repair,not established,YES,Inherited from the hashed TrackingConfig source; no separate sensitivity claim.,PARTIAL_NO_METHOD_SPECIFIC_SENSITIVITY,BOUND_BY_SOURCE_CODE,PARTIALLY_GROUNDED,NO
B1_CURRENT_STANDARD_V2_20260728,imgsz,detection,count,source-defined integer domain,640,INHERITED_DEFAULT_WITH_PROVENANCE,src/pig_behavior/tracking/config.py sha256=52c5f54ad44b6f76a8d143d168bdc942542d5fd263903cbf630f9c58ecf1cdd0,not a separate empirical selection,not separately selected,global profile; not per-video,detection,not established,YES,Inherited from the hashed TrackingConfig source; no separate sensitivity claim.,PARTIAL_NO_METHOD_SPECIFIC_SENSITIVITY,BOUND_BY_SOURCE_CODE,PARTIALLY_GROUNDED,NO
B1_CURRENT_STANDARD_V2_20260728,initial_track_conf,engineering_or_indirect,unitless ratio,"[0,1] unless source contract states otherwise",0.45,INHERITED_DEFAULT_WITH_PROVENANCE,src/pig_behavior/tracking/config.py sha256=52c5f54ad44b6f76a8d143d168bdc942542d5fd263903cbf630f9c58ecf1cdd0,not a separate empirical selection,not separately selected,global profile; not per-video,engineering_or_indirect,not established,YES,Inherited from the hashed TrackingConfig source; no separate sensitivity claim.,PARTIAL_NO_METHOD_SPECIFIC_SENSITIVITY,BOUND_BY_SOURCE_CODE,PARTIALLY_GROUNDED,NO
B1_CURRENT_STANDARD_V2_20260728,iou,association,unitless ratio,"[0,1] unless source contract states otherwise",null,INHERITED_DEFAULT_WITH_PROVENANCE,src/pig_behavior/tracking/config.py sha256=52c5f54ad44b6f76a8d143d168bdc942542d5fd263903cbf630f9c58ecf1cdd0,not a separate empirical selection,not separately selected,global profile; not per-video,association,not established,YES,Inherited from the hashed TrackingConfig source; no separate sensitivity claim.,PARTIAL_NO_METHOD_SPECIFIC_SENSITIVITY,BOUND_BY_SOURCE_CODE,PARTIALLY_GROUNDED,NO
B1_CURRENT_STANDARD_V2_20260728,iou_fallback_threshold,association,unitless ratio,"[0,1] unless source contract states otherwise",0.45,INHERITED_DEFAULT_WITH_PROVENANCE,src/pig_behavior/tracking/config.py sha256=52c5f54ad44b6f76a8d143d168bdc942542d5fd263903cbf630f9c58ecf1cdd0,not a separate empirical selection,not separately selected,global profile; not per-video,association,not established,YES,Inherited from the hashed TrackingConfig source; no separate sensitivity claim.,PARTIAL_NO_METHOD_SPECIFIC_SENSITIVITY,BOUND_BY_SOURCE_CODE,PARTIALLY_GROUNDED,NO
B1_CURRENT_STANDARD_V2_20260728,labels_json,engineering_or_indirect,not applicable,None or source-defined value,null,INHERITED_DEFAULT_WITH_PROVENANCE,src/pig_behavior/tracking/config.py sha256=52c5f54ad44b6f76a8d143d168bdc942542d5fd263903cbf630f9c58ecf1cdd0,not a separate empirical selection,not separately selected,global profile; not per-video,engineering_or_indirect,not established,YES,Inherited from the hashed TrackingConfig source; no separate sensitivity claim.,PARTIAL_NO_METHOD_SPECIFIC_SENSITIVITY,BOUND_BY_SOURCE_CODE,PARTIALLY_GROUNDED,NO
B1_CURRENT_STANDARD_V2_20260728,local_pair_swap_max_gap_frames,identity_repair|runtime,frames,non-negative integer unless sentinel documented,2,INHERITED_DEFAULT_WITH_PROVENANCE,src/pig_behavior/tracking/config.py sha256=52c5f54ad44b6f76a8d143d168bdc942542d5fd263903cbf630f9c58ecf1cdd0,not a separate empirical selection,not separately selected,global profile; not per-video,identity_repair|runtime,not established,YES,Inherited from the hashed TrackingConfig source; no separate sensitivity claim.,PARTIAL_NO_METHOD_SPECIFIC_SENSITIVITY,BOUND_BY_SOURCE_CODE,PARTIALLY_GROUNDED,NO
B1_CURRENT_STANDARD_V2_20260728,local_pair_swap_min_motion_gain,identity_repair,unitless,source-defined numeric domain,0.08,INHERITED_DEFAULT_WITH_PROVENANCE,src/pig_behavior/tracking/config.py sha256=52c5f54ad44b6f76a8d143d168bdc942542d5fd263903cbf630f9c58ecf1cdd0,not a separate empirical selection,not separately selected,global profile; not per-video,identity_repair,not established,YES,Inherited from the hashed TrackingConfig source; no separate sensitivity claim.,PARTIAL_NO_METHOD_SPECIFIC_SENSITIVITY,BOUND_BY_SOURCE_CODE,PARTIALLY_GROUNDED,NO
B1_CURRENT_STANDARD_V2_20260728,local_pair_swap_min_overlap_iou,association|identity_repair,unitless ratio,"[0,1] unless source contract states otherwise",0.2,INHERITED_DEFAULT_WITH_PROVENANCE,src/pig_behavior/tracking/config.py sha256=52c5f54ad44b6f76a8d143d168bdc942542d5fd263903cbf630f9c58ecf1cdd0,not a separate empirical selection,not separately selected,global profile; not per-video,association|identity_repair,not established,YES,Inherited from the hashed TrackingConfig source; no separate sensitivity claim.,PARTIAL_NO_METHOD_SPECIFIC_SENSITIVITY,BOUND_BY_SOURCE_CODE,PARTIALLY_GROUNDED,NO
B1_CURRENT_STANDARD_V2_20260728,local_pair_swap_repair,identity_repair,boolean,"{false,true}",false,INHERITED_DEFAULT_WITH_PROVENANCE,src/pig_behavior/tracking/config.py sha256=52c5f54ad44b6f76a8d143d168bdc942542d5fd263903cbf630f9c58ecf1cdd0,not a separate empirical selection,not separately selected,global profile; not per-video,identity_repair,not established,YES,Inherited from the hashed TrackingConfig source; no separate sensitivity claim.,PARTIAL_NO_METHOD_SPECIFIC_SENSITIVITY,BOUND_BY_SOURCE_CODE,PARTIALLY_GROUNDED,NO
B1_CURRENT_STANDARD_V2_20260728,local_pair_swap_window_frames,identity_repair|runtime,frames,non-negative integer unless sentinel documented,8,INHERITED_DEFAULT_WITH_PROVENANCE,src/pig_behavior/tracking/config.py sha256=52c5f54ad44b6f76a8d143d168bdc942542d5fd263903cbf630f9c58ecf1cdd0,not a separate empirical selection,not separately selected,global profile; not per-video,identity_repair|runtime,not established,YES,Inherited from the hashed TrackingConfig source; no separate sensitivity claim.,PARTIAL_NO_METHOD_SPECIFIC_SENSITIVITY,BOUND_BY_SOURCE_CODE,PARTIALLY_GROUNDED,NO
B1_CURRENT_STANDARD_V2_20260728,long_pair_swap_max_gap_frames,identity_repair|runtime,frames,non-negative integer unless sentinel documented,2,INHERITED_DEFAULT_WITH_PROVENANCE,src/pig_behavior/tracking/config.py sha256=52c5f54ad44b6f76a8d143d168bdc942542d5fd263903cbf630f9c58ecf1cdd0,not a separate empirical selection,not separately selected,global profile; not per-video,identity_repair|runtime,not established,YES,Inherited from the hashed TrackingConfig source; no separate sensitivity claim.,PARTIAL_NO_METHOD_SPECIFIC_SENSITIVITY,BOUND_BY_SOURCE_CODE,PARTIALLY_GROUNDED,NO
B1_CURRENT_STANDARD_V2_20260728,long_pair_swap_min_frames,identity_repair|runtime,frames,non-negative integer unless sentinel documented,24,INHERITED_DEFAULT_WITH_PROVENANCE,src/pig_behavior/tracking/config.py sha256=52c5f54ad44b6f76a8d143d168bdc942542d5fd263903cbf630f9c58ecf1cdd0,not a separate empirical selection,not separately selected,global profile; not per-video,identity_repair|runtime,not established,YES,Inherited from the hashed TrackingConfig source; no separate sensitivity claim.,PARTIAL_NO_METHOD_SPECIFIC_SENSITIVITY,BOUND_BY_SOURCE_CODE,PARTIALLY_GROUNDED,NO
B1_CURRENT_STANDARD_V2_20260728,long_pair_swap_min_median_separation,identity_repair,unitless,source-defined numeric domain,0.04,INHERITED_DEFAULT_WITH_PROVENANCE,src/pig_behavior/tracking/config.py sha256=52c5f54ad44b6f76a8d143d168bdc942542d5fd263903cbf630f9c58ecf1cdd0,not a separate empirical selection,not separately selected,global profile; not per-video,identity_repair,not established,YES,Inherited from the hashed TrackingConfig source; no separate sensitivity claim.,PARTIAL_NO_METHOD_SPECIFIC_SENSITIVITY,BOUND_BY_SOURCE_CODE,PARTIALLY_GROUNDED,NO
B1_CURRENT_STANDARD_V2_20260728,long_pair_swap_min_start_gain,identity_repair,unitless,source-defined numeric domain,0.08,INHERITED_DEFAULT_WITH_PROVENANCE,src/pig_behavior/tracking/config.py sha256=52c5f54ad44b6f76a8d143d168bdc942542d5fd263903cbf630f9c58ecf1cdd0,not a separate empirical selection,not separately selected,global profile; not per-video,identity_repair,not established,YES,Inherited from the hashed TrackingConfig source; no separate sensitivity claim.,PARTIAL_NO_METHOD_SPECIFIC_SENSITIVITY,BOUND_BY_SOURCE_CODE,PARTIALLY_GROUNDED,NO
B1_CURRENT_STANDARD_V2_20260728,long_pair_swap_repair,identity_repair,boolean,"{false,true}",false,INHERITED_DEFAULT_WITH_PROVENANCE,src/pig_behavior/tracking/config.py sha256=52c5f54ad44b6f76a8d143d168bdc942542d5fd263903cbf630f9c58ecf1cdd0,not a separate empirical selection,not separately selected,global profile; not per-video,identity_repair,not established,YES,Inherited from the hashed TrackingConfig source; no separate sensitivity claim.,PARTIAL_NO_METHOD_SPECIFIC_SENSITIVITY,BOUND_BY_SOURCE_CODE,PARTIALLY_GROUNDED,NO
B1_CURRENT_STANDARD_V2_20260728,lost_track_cost_threshold,association|lifecycle,unitless,source-defined numeric domain,0.95,INHERITED_DEFAULT_WITH_PROVENANCE,src/pig_behavior/tracking/config.py sha256=52c5f54ad44b6f76a8d143d168bdc942542d5fd263903cbf630f9c58ecf1cdd0,not a separate empirical selection,not separately selected,global profile; not per-video,association|lifecycle,not established,YES,Inherited from the hashed TrackingConfig source; no separate sensitivity claim.,PARTIAL_NO_METHOD_SPECIFIC_SENSITIVITY,BOUND_BY_SOURCE_CODE,PARTIALLY_GROUNDED,NO
B1_CURRENT_STANDARD_V2_20260728,lost_track_different_raw_hidden_owner_appearance_threshold,association|lifecycle|identity_repair|Hidden_state,unitless,source-defined numeric domain,0.25,INHERITED_DEFAULT_WITH_PROVENANCE,src/pig_behavior/tracking/config.py sha256=52c5f54ad44b6f76a8d143d168bdc942542d5fd263903cbf630f9c58ecf1cdd0,not a separate empirical selection,not separately selected,global profile; not per-video,association|lifecycle|identity_repair|Hidden_state,not established,YES,Inherited from the hashed TrackingConfig source; no separate sensitivity claim.,PARTIAL_NO_METHOD_SPECIFIC_SENSITIVITY,BOUND_BY_SOURCE_CODE,PARTIALLY_GROUNDED,NO
B1_CURRENT_STANDARD_V2_20260728,lost_track_different_raw_hidden_owner_bypass,lifecycle|identity_repair|Hidden_state,boolean,"{false,true}",true,INHERITED_DEFAULT_WITH_PROVENANCE,src/pig_behavior/tracking/config.py sha256=52c5f54ad44b6f76a8d143d168bdc942542d5fd263903cbf630f9c58ecf1cdd0,not a separate empirical selection,not separately selected,global profile; not per-video,lifecycle|identity_repair|Hidden_state,not established,YES,Inherited from the hashed TrackingConfig source; no separate sensitivity claim.,PARTIAL_NO_METHOD_SPECIFIC_SENSITIVITY,BOUND_BY_SOURCE_CODE,PARTIALLY_GROUNDED,NO
B1_CURRENT_STANDARD_V2_20260728,lost_track_different_raw_hidden_owner_min_center_gain,lifecycle|identity_repair|Hidden_state,unitless,source-defined numeric domain,0.03,INHERITED_DEFAULT_WITH_PROVENANCE,src/pig_behavior/tracking/config.py sha256=52c5f54ad44b6f76a8d143d168bdc942542d5fd263903cbf630f9c58ecf1cdd0,not a separate empirical selection,not separately selected,global profile; not per-video,lifecycle|identity_repair|Hidden_state,not established,YES,Inherited from the hashed TrackingConfig source; no separate sensitivity claim.,PARTIAL_NO_METHOD_SPECIFIC_SENSITIVITY,BOUND_BY_SOURCE_CODE,PARTIALLY_GROUNDED,NO
B1_CURRENT_STANDARD_V2_20260728,lost_track_different_raw_hidden_owner_min_missed,lifecycle|identity_repair|Hidden_state,frames,non-negative integer unless sentinel documented,2,INHERITED_DEFAULT_WITH_PROVENANCE,src/pig_behavior/tracking/config.py sha256=52c5f54ad44b6f76a8d143d168bdc942542d5fd263903cbf630f9c58ecf1cdd0,not a separate empirical selection,not separately selected,global profile; not per-video,lifecycle|identity_repair|Hidden_state,not established,YES,Inherited from the hashed TrackingConfig source; no separate sensitivity claim.,PARTIAL_NO_METHOD_SPECIFIC_SENSITIVITY,BOUND_BY_SOURCE_CODE,PARTIALLY_GROUNDED,NO
B1_CURRENT_STANDARD_V2_20260728,lost_track_fast_motion_appearance_threshold,association|lifecycle,unitless,source-defined numeric domain,0.3,INHERITED_DEFAULT_WITH_PROVENANCE,src/pig_behavior/tracking/config.py sha256=52c5f54ad44b6f76a8d143d168bdc942542d5fd263903cbf630f9c58ecf1cdd0,not a separate empirical selection,not separately selected,global profile; not per-video,association|lifecycle,not established,YES,Inherited from the hashed TrackingConfig source; no separate sensitivity claim.,PARTIAL_NO_METHOD_SPECIFIC_SENSITIVITY,BOUND_BY_SOURCE_CODE,PARTIALLY_GROUNDED,NO
B1_CURRENT_STANDARD_V2_20260728,lost_track_fast_motion_max_center_jump,lifecycle,unitless,source-defined numeric domain,0.42,INHERITED_DEFAULT_WITH_PROVENANCE,src/pig_behavior/tracking/config.py sha256=52c5f54ad44b6f76a8d143d168bdc942542d5fd263903cbf630f9c58ecf1cdd0,not a separate empirical selection,not separately selected,global profile; not per-video,lifecycle,not established,YES,Inherited from the hashed TrackingConfig source; no separate sensitivity claim.,PARTIAL_NO_METHOD_SPECIFIC_SENSITIVITY,BOUND_BY_SOURCE_CODE,PARTIALLY_GROUNDED,NO
B1_CURRENT_STANDARD_V2_20260728,lost_track_fast_motion_min_center_jump,lifecycle,unitless,source-defined numeric domain,0.06,INHERITED_DEFAULT_WITH_PROVENANCE,src/pig_behavior/tracking/config.py sha256=52c5f54ad44b6f76a8d143d168bdc942542d5fd263903cbf630f9c58ecf1cdd0,not a separate empirical selection,not separately selected,global profile; not per-video,lifecycle,not established,YES,Inherited from the hashed TrackingConfig source; no separate sensitivity claim.,PARTIAL_NO_METHOD_SPECIFIC_SENSITIVITY,BOUND_BY_SOURCE_CODE,PARTIALLY_GROUNDED,NO
B1_CURRENT_STANDARD_V2_20260728,lost_track_fast_motion_owner_grace,lifecycle|identity_repair,count,source-defined integer domain,3,INHERITED_DEFAULT_WITH_PROVENANCE,src/pig_behavior/tracking/config.py sha256=52c5f54ad44b6f76a8d143d168bdc942542d5fd263903cbf630f9c58ecf1cdd0,not a separate empirical selection,not separately selected,global profile; not per-video,lifecycle|identity_repair,not established,YES,Inherited from the hashed TrackingConfig source; no separate sensitivity claim.,PARTIAL_NO_METHOD_SPECIFIC_SENSITIVITY,BOUND_BY_SOURCE_CODE,PARTIALLY_GROUNDED,NO
B1_CURRENT_STANDARD_V2_20260728,lost_track_fast_motion_owner_max_gap,lifecycle|identity_repair,unitless,source-defined numeric domain,0.14,INHERITED_DEFAULT_WITH_PROVENANCE,src/pig_behavior/tracking/config.py sha256=52c5f54ad44b6f76a8d143d168bdc942542d5fd263903cbf630f9c58ecf1cdd0,not a separate empirical selection,not separately selected,global profile; not per-video,lifecycle|identity_repair,not established,YES,Inherited from the hashed TrackingConfig source; no separate sensitivity claim.,PARTIAL_NO_METHOD_SPECIFIC_SENSITIVITY,BOUND_BY_SOURCE_CODE,PARTIALLY_GROUNDED,NO
B1_CURRENT_STANDARD_V2_20260728,lost_track_raw_owner_transfer_appearance_threshold,association|lifecycle|identity_repair,unitless,source-defined numeric domain,0.25,INHERITED_DEFAULT_WITH_PROVENANCE,src/pig_behavior/tracking/config.py sha256=52c5f54ad44b6f76a8d143d168bdc942542d5fd263903cbf630f9c58ecf1cdd0,not a separate empirical selection,not separately selected,global profile; not per-video,association|lifecycle|identity_repair,not established,YES,Inherited from the hashed TrackingConfig source; no separate sensitivity claim.,PARTIAL_NO_METHOD_SPECIFIC_SENSITIVITY,BOUND_BY_SOURCE_CODE,PARTIALLY_GROUNDED,NO
B1_CURRENT_STANDARD_V2_20260728,lost_track_raw_owner_transfer_min_appearance_gain,association|lifecycle|identity_repair,unitless,source-defined numeric domain,0.05,INHERITED_DEFAULT_WITH_PROVENANCE,src/pig_behavior/tracking/config.py sha256=52c5f54ad44b6f76a8d143d168bdc942542d5fd263903cbf630f9c58ecf1cdd0,not a separate empirical selection,not separately selected,global profile; not per-video,association|lifecycle|identity_repair,not established,YES,Inherited from the hashed TrackingConfig source; no separate sensitivity claim.,PARTIAL_NO_METHOD_SPECIFIC_SENSITIVITY,BOUND_BY_SOURCE_CODE,PARTIALLY_GROUNDED,NO
B1_CURRENT_STANDARD_V2_20260728,lost_track_raw_owner_transfer_min_center_gain,lifecycle|identity_repair,unitless,source-defined numeric domain,0.04,INHERITED_DEFAULT_WITH_PROVENANCE,src/pig_behavior/tracking/config.py sha256=52c5f54ad44b6f76a8d143d168bdc942542d5fd263903cbf630f9c58ecf1cdd0,not a separate empirical selection,not separately selected,global profile; not per-video,lifecycle|identity_repair,not established,YES,Inherited from the hashed TrackingConfig source; no separate sensitivity claim.,PARTIAL_NO_METHOD_SPECIFIC_SENSITIVITY,BOUND_BY_SOURCE_CODE,PARTIALLY_GROUNDED,NO
B1_CURRENT_STANDARD_V2_20260728,lost_track_reacquire_different_raw_owner_guard,lifecycle|identity_repair,boolean,"{false,true}",true,INHERITED_DEFAULT_WITH_PROVENANCE,src/pig_behavior/tracking/config.py sha256=52c5f54ad44b6f76a8d143d168bdc942542d5fd263903cbf630f9c58ecf1cdd0,not a separate empirical selection,not separately selected,global profile; not per-video,lifecycle|identity_repair,not established,YES,Inherited from the hashed TrackingConfig source; no separate sensitivity claim.,PARTIAL_NO_METHOD_SPECIFIC_SENSITIVITY,BOUND_BY_SOURCE_CODE,PARTIALLY_GROUNDED,NO
B1_CURRENT_STANDARD_V2_20260728,lost_track_reacquire_guard,lifecycle,boolean,"{false,true}",true,INHERITED_DEFAULT_WITH_PROVENANCE,src/pig_behavior/tracking/config.py sha256=52c5f54ad44b6f76a8d143d168bdc942542d5fd263903cbf630f9c58ecf1cdd0,not a separate empirical selection,not separately selected,global profile; not per-video,lifecycle,not established,YES,Inherited from the hashed TrackingConfig source; no separate sensitivity claim.,PARTIAL_NO_METHOD_SPECIFIC_SENSITIVITY,BOUND_BY_SOURCE_CODE,PARTIALLY_GROUNDED,NO
B1_CURRENT_STANDARD_V2_20260728,lost_track_reacquire_max_center_jump,lifecycle,unitless,source-defined numeric domain,0.22,INHERITED_DEFAULT_WITH_PROVENANCE,src/pig_behavior/tracking/config.py sha256=52c5f54ad44b6f76a8d143d168bdc942542d5fd263903cbf630f9c58ecf1cdd0,not a separate empirical selection,not separately selected,global profile; not per-video,lifecycle,not established,YES,Inherited from the hashed TrackingConfig source; no separate sensitivity claim.,PARTIAL_NO_METHOD_SPECIFIC_SENSITIVITY,BOUND_BY_SOURCE_CODE,PARTIALLY_GROUNDED,NO
B1_CURRENT_STANDARD_V2_20260728,lost_track_reacquire_non_same_raw_distance_guard,lifecycle,boolean,"{false,true}",false,INHERITED_DEFAULT_WITH_PROVENANCE,src/pig_behavior/tracking/config.py sha256=52c5f54ad44b6f76a8d143d168bdc942542d5fd263903cbf630f9c58ecf1cdd0,not a separate empirical selection,not separately selected,global profile; not per-video,lifecycle,not established,YES,Inherited from the hashed TrackingConfig source; no separate sensitivity claim.,PARTIAL_NO_METHOD_SPECIFIC_SENSITIVITY,BOUND_BY_SOURCE_CODE,PARTIALLY_GROUNDED,NO
B1_CURRENT_STANDARD_V2_20260728,lost_track_reacquire_raw_owner_guard,lifecycle|identity_repair,boolean,"{false,true}",true,INHERITED_DEFAULT_WITH_PROVENANCE,src/pig_behavior/tracking/config.py sha256=52c5f54ad44b6f76a8d143d168bdc942542d5fd263903cbf630f9c58ecf1cdd0,not a separate empirical selection,not separately selected,global profile; not per-video,lifecycle|identity_repair,not established,YES,Inherited from the hashed TrackingConfig source; no separate sensitivity claim.,PARTIAL_NO_METHOD_SPECIFIC_SENSITIVITY,BOUND_BY_SOURCE_CODE,PARTIALLY_GROUNDED,NO
B1_CURRENT_STANDARD_V2_20260728,lost_track_reacquire_same_raw_appearance_bypass,association|lifecycle,boolean,"{false,true}",true,INHERITED_DEFAULT_WITH_PROVENANCE,src/pig_behavior/tracking/config.py sha256=52c5f54ad44b6f76a8d143d168bdc942542d5fd263903cbf630f9c58ecf1cdd0,not a separate empirical selection,not separately selected,global profile; not per-video,association|lifecycle,not established,YES,Inherited from the hashed TrackingConfig source; no separate sensitivity claim.,PARTIAL_NO_METHOD_SPECIFIC_SENSITIVITY,BOUND_BY_SOURCE_CODE,PARTIALLY_GROUNDED,NO
B1_CURRENT_STANDARD_V2_20260728,lost_track_reacquire_same_raw_appearance_threshold,association|lifecycle,unitless,source-defined numeric domain,0.25,INHERITED_DEFAULT_WITH_PROVENANCE,src/pig_behavior/tracking/config.py sha256=52c5f54ad44b6f76a8d143d168bdc942542d5fd263903cbf630f9c58ecf1cdd0,not a separate empirical selection,not separately selected,global profile; not per-video,association|lifecycle,not established,YES,Inherited from the hashed TrackingConfig source; no separate sensitivity claim.,PARTIAL_NO_METHOD_SPECIFIC_SENSITIVITY,BOUND_BY_SOURCE_CODE,PARTIALLY_GROUNDED,NO
B1_CURRENT_STANDARD_V2_20260728,lost_track_reacquire_same_raw_distance_guard,lifecycle,boolean,"{false,true}",true,INHERITED_DEFAULT_WITH_PROVENANCE,src/pig_behavior/tracking/config.py sha256=52c5f54ad44b6f76a8d143d168bdc942542d5fd263903cbf630f9c58ecf1cdd0,not a separate empirical selection,not separately selected,global profile; not per-video,lifecycle,not established,YES,Inherited from the hashed TrackingConfig source; no separate sensitivity claim.,PARTIAL_NO_METHOD_SPECIFIC_SENSITIVITY,BOUND_BY_SOURCE_CODE,PARTIALLY_GROUNDED,NO
B1_CURRENT_STANDARD_V2_20260728,lost_track_reacquire_same_raw_max_center_jump,lifecycle,unitless,source-defined numeric domain,0.34,INHERITED_DEFAULT_WITH_PROVENANCE,src/pig_behavior/tracking/config.py sha256=52c5f54ad44b6f76a8d143d168bdc942542d5fd263903cbf630f9c58ecf1cdd0,not a separate empirical selection,not separately selected,global profile; not per-video,lifecycle,not established,YES,Inherited from the hashed TrackingConfig source; no separate sensitivity claim.,PARTIAL_NO_METHOD_SPECIFIC_SENSITIVITY,BOUND_BY_SOURCE_CODE,PARTIALLY_GROUNDED,NO
B1_CURRENT_STANDARD_V2_20260728,lost_track_reacquire_same_raw_owner_guard,lifecycle|identity_repair,boolean,"{false,true}",true,INHERITED_DEFAULT_WITH_PROVENANCE,src/pig_behavior/tracking/config.py sha256=52c5f54ad44b6f76a8d143d168bdc942542d5fd263903cbf630f9c58ecf1cdd0,not a separate empirical selection,not separately selected,global profile; not per-video,lifecycle|identity_repair,not established,YES,Inherited from the hashed TrackingConfig source; no separate sensitivity claim.,PARTIAL_NO_METHOD_SPECIFIC_SENSITIVITY,BOUND_BY_SOURCE_CODE,PARTIALLY_GROUNDED,NO
B1_CURRENT_STANDARD_V2_20260728,lost_track_reid_appearance_threshold,association|lifecycle,unitless,source-defined numeric domain,0.25,INHERITED_DEFAULT_WITH_PROVENANCE,src/pig_behavior/tracking/config.py sha256=52c5f54ad44b6f76a8d143d168bdc942542d5fd263903cbf630f9c58ecf1cdd0,not a separate empirical selection,not separately selected,global profile; not per-video,association|lifecycle,not established,YES,Inherited from the hashed TrackingConfig source; no separate sensitivity claim.,PARTIAL_NO_METHOD_SPECIFIC_SENSITIVITY,BOUND_BY_SOURCE_CODE,PARTIALLY_GROUNDED,NO
B1_CURRENT_STANDARD_V2_20260728,low_conf_max_box_jump_scale,bbox_geometry,unitless,source-defined numeric domain,2.0,PREDECLARED_DEVELOPMENT_SELECTION,src/pig_behavior/tracking/profiles/hybrid_bytetrack.py sha256=b3c63faffa705915e2e9e9b7823068af229ceedd9b263a68579e7d7b384500e6,13-video development evidence,frozen before authority execution; earlier development data visible,global profile; not per-video,bbox_geometry,authority/ablation record may exist; not universal,YES,Profile override frozen by a development authority before its authority run.,SUFFICIENT_WITH_DEVELOPMENT_SCOPE_LIMITATION,BOUND_BY_EFFECTIVE_CONFIG,FULLY_GROUNDED,NO
B1_CURRENT_STANDARD_V2_20260728,low_conf_max_center_jump,engineering_or_indirect,unitless,source-defined numeric domain,0.1,PREDECLARED_DEVELOPMENT_SELECTION,src/pig_behavior/tracking/profiles/hybrid_bytetrack.py sha256=b3c63faffa705915e2e9e9b7823068af229ceedd9b263a68579e7d7b384500e6,13-video development evidence,frozen before authority execution; earlier development data visible,global profile; not per-video,engineering_or_indirect,authority/ablation record may exist; not universal,YES,Profile override frozen by a development authority before its authority run.,SUFFICIENT_WITH_DEVELOPMENT_SCOPE_LIMITATION,BOUND_BY_EFFECTIVE_CONFIG,FULLY_GROUNDED,NO
B1_CURRENT_STANDARD_V2_20260728,low_conf_min_iou,association,unitless ratio,"[0,1] unless source contract states otherwise",0.01,INHERITED_DEFAULT_WITH_PROVENANCE,src/pig_behavior/tracking/config.py sha256=52c5f54ad44b6f76a8d143d168bdc942542d5fd263903cbf630f9c58ecf1cdd0,not a separate empirical selection,not separately selected,global profile; not per-video,association,not established,YES,Inherited from the hashed TrackingConfig source; no separate sensitivity claim.,PARTIAL_NO_METHOD_SPECIFIC_SENSITIVITY,BOUND_BY_SOURCE_CODE,PARTIALLY_GROUNDED,NO
B1_CURRENT_STANDARD_V2_20260728,low_conf_motion_gate,engineering_or_indirect,boolean,"{false,true}",true,INHERITED_DEFAULT_WITH_PROVENANCE,src/pig_behavior/tracking/config.py sha256=52c5f54ad44b6f76a8d143d168bdc942542d5fd263903cbf630f9c58ecf1cdd0,not a separate empirical selection,not separately selected,global profile; not per-video,engineering_or_indirect,not established,YES,Inherited from the hashed TrackingConfig source; no separate sensitivity claim.,PARTIAL_NO_METHOD_SPECIFIC_SENSITIVITY,BOUND_BY_SOURCE_CODE,PARTIALLY_GROUNDED,NO
B1_CURRENT_STANDARD_V2_20260728,low_conf_smooth_alpha,bbox_geometry|evaluator_only,unitless,source-defined numeric domain,0.35,INHERITED_DEFAULT_WITH_PROVENANCE,src/pig_behavior/tracking/config.py sha256=52c5f54ad44b6f76a8d143d168bdc942542d5fd263903cbf630f9c58ecf1cdd0,not a separate empirical selection,not separately selected,global profile; not per-video,bbox_geometry|evaluator_only,not established,YES,Inherited from the hashed TrackingConfig source; no separate sensitivity claim.,PARTIAL_NO_METHOD_SPECIFIC_SENSITIVITY,BOUND_BY_SOURCE_CODE,PARTIALLY_GROUNDED,NO
B1_CURRENT_STANDARD_V2_20260728,mark_interpolated_review,engineering_or_indirect,boolean,"{false,true}",true,INHERITED_DEFAULT_WITH_PROVENANCE,src/pig_behavior/tracking/config.py sha256=52c5f54ad44b6f76a8d143d168bdc942542d5fd263903cbf630f9c58ecf1cdd0,not a separate empirical selection,not separately selected,global profile; not per-video,engineering_or_indirect,not established,YES,Inherited from the hashed TrackingConfig source; no separate sensitivity claim.,PARTIAL_NO_METHOD_SPECIFIC_SENSITIVITY,BOUND_BY_SOURCE_CODE,PARTIALLY_GROUNDED,NO
B1_CURRENT_STANDARD_V2_20260728,mask_input_frame,detection|runtime,boolean,"{false,true}",true,INHERITED_DEFAULT_WITH_PROVENANCE,src/pig_behavior/tracking/config.py sha256=52c5f54ad44b6f76a8d143d168bdc942542d5fd263903cbf630f9c58ecf1cdd0,not a separate empirical selection,not separately selected,global profile; not per-video,detection|runtime,not established,YES,Inherited from the hashed TrackingConfig source; no separate sensitivity claim.,PARTIAL_NO_METHOD_SPECIFIC_SENSITIVITY,BOUND_BY_SOURCE_CODE,PARTIALLY_GROUNDED,NO
B1_CURRENT_STANDARD_V2_20260728,mask_iou_max_missed,detection|association|lifecycle,unitless ratio,"[0,1] unless source contract states otherwise",10,INHERITED_DEFAULT_WITH_PROVENANCE,src/pig_behavior/tracking/config.py sha256=52c5f54ad44b6f76a8d143d168bdc942542d5fd263903cbf630f9c58ecf1cdd0,not a separate empirical selection,not separately selected,global profile; not per-video,detection|association|lifecycle,not established,YES,Inherited from the hashed TrackingConfig source; no separate sensitivity claim.,PARTIAL_NO_METHOD_SPECIFIC_SENSITIVITY,BOUND_BY_SOURCE_CODE,PARTIALLY_GROUNDED,NO
B1_CURRENT_STANDARD_V2_20260728,mask_iou_min_area,detection|association,unitless ratio,"[0,1] unless source contract states otherwise",64,INHERITED_DEFAULT_WITH_PROVENANCE,src/pig_behavior/tracking/config.py sha256=52c5f54ad44b6f76a8d143d168bdc942542d5fd263903cbf630f9c58ecf1cdd0,not a separate empirical selection,not separately selected,global profile; not per-video,detection|association,not established,YES,Inherited from the hashed TrackingConfig source; no separate sensitivity claim.,PARTIAL_NO_METHOD_SPECIFIC_SENSITIVITY,BOUND_BY_SOURCE_CODE,PARTIALLY_GROUNDED,NO
B1_CURRENT_STANDARD_V2_20260728,mask_path,detection,categorical/path,source-defined allowed values,"""C:\\Users\\ironh\\Downloads\\PIG_Behavior_Project\\.codex_tmp\\worktrees\\tracking_scientific_grounding_authority\\data\\annotations\\scene\\mask.png""",DATA_SCHEMA_CONSTRAINT,src/pig_behavior/tracking/config.py sha256=52c5f54ad44b6f76a8d143d168bdc942542d5fd263903cbf630f9c58ecf1cdd0,not a separate empirical selection,not separately selected,global profile; not per-video,detection,not established,YES,Bound to the repository data/cache/export schema.,SUFFICIENT,BOUND_BY_SOURCE_CODE,FULLY_GROUNDED,NO
B1_CURRENT_STANDARD_V2_20260728,match_cost_threshold,association,unitless,source-defined numeric domain,0.78,INHERITED_DEFAULT_WITH_PROVENANCE,src/pig_behavior/tracking/config.py sha256=52c5f54ad44b6f76a8d143d168bdc942542d5fd263903cbf630f9c58ecf1cdd0,not a separate empirical selection,not separately selected,global profile; not per-video,association,not established,YES,Inherited from the hashed TrackingConfig source; no separate sensitivity claim.,PARTIAL_NO_METHOD_SPECIFIC_SENSITIVITY,BOUND_BY_SOURCE_CODE,PARTIALLY_GROUNDED,NO
B1_CURRENT_STANDARD_V2_20260728,max_box_scale_change_after_gap,bbox_geometry,unitless,source-defined numeric domain,0.75,INHERITED_DEFAULT_WITH_PROVENANCE,src/pig_behavior/tracking/config.py sha256=52c5f54ad44b6f76a8d143d168bdc942542d5fd263903cbf630f9c58ecf1cdd0,not a separate empirical selection,not separately selected,global profile; not per-video,bbox_geometry,not established,YES,Inherited from the hashed TrackingConfig source; no separate sensitivity claim.,PARTIAL_NO_METHOD_SPECIFIC_SENSITIVITY,BOUND_BY_SOURCE_CODE,PARTIALLY_GROUNDED,NO
B1_CURRENT_STANDARD_V2_20260728,max_box_scale_change_per_frame,bbox_geometry|runtime,frames,non-negative integer unless sentinel documented,0.25,INHERITED_DEFAULT_WITH_PROVENANCE,src/pig_behavior/tracking/config.py sha256=52c5f54ad44b6f76a8d143d168bdc942542d5fd263903cbf630f9c58ecf1cdd0,not a separate empirical selection,not separately selected,global profile; not per-video,bbox_geometry|runtime,not established,YES,Inherited from the hashed TrackingConfig source; no separate sensitivity claim.,PARTIAL_NO_METHOD_SPECIFIC_SENSITIVITY,BOUND_BY_SOURCE_CODE,PARTIALLY_GROUNDED,NO
B1_CURRENT_STANDARD_V2_20260728,max_frames,runtime,frames,non-negative integer unless sentinel documented,null,HARDWARE_OR_RUNTIME_CONSTRAINT,src/pig_behavior/tracking/config.py sha256=52c5f54ad44b6f76a8d143d168bdc942542d5fd263903cbf630f9c58ecf1cdd0,not a separate empirical selection,not separately selected,global profile; not per-video,runtime,not established,YES,Execution/safety constraint rather than a quality claim.,SUFFICIENT,BOUND_BY_SOURCE_CODE,FULLY_GROUNDED,NO
B1_CURRENT_STANDARD_V2_20260728,max_interpolation_gap,engineering_or_indirect,count,source-defined integer domain,30,INHERITED_DEFAULT_WITH_PROVENANCE,src/pig_behavior/tracking/config.py sha256=52c5f54ad44b6f76a8d143d168bdc942542d5fd263903cbf630f9c58ecf1cdd0,not a separate empirical selection,not separately selected,global profile; not per-video,engineering_or_indirect,not established,YES,Inherited from the hashed TrackingConfig source; no separate sensitivity claim.,PARTIAL_NO_METHOD_SPECIFIC_SENSITIVITY,BOUND_BY_SOURCE_CODE,PARTIALLY_GROUNDED,NO
B1_CURRENT_STANDARD_V2_20260728,max_lost_frames,lifecycle|runtime,frames,non-negative integer unless sentinel documented,30,INHERITED_DEFAULT_WITH_PROVENANCE,src/pig_behavior/tracking/config.py sha256=52c5f54ad44b6f76a8d143d168bdc942542d5fd263903cbf630f9c58ecf1cdd0,not a separate empirical selection,not separately selected,global profile; not per-video,lifecycle|runtime,not established,YES,Inherited from the hashed TrackingConfig source; no separate sensitivity claim.,PARTIAL_NO_METHOD_SPECIFIC_SENSITIVITY,BOUND_BY_SOURCE_CODE,PARTIALLY_GROUNDED,NO
B1_CURRENT_STANDARD_V2_20260728,max_missing_frames,runtime,frames,non-negative integer unless sentinel documented,30,INHERITED_DEFAULT_WITH_PROVENANCE,src/pig_behavior/tracking/config.py sha256=52c5f54ad44b6f76a8d143d168bdc942542d5fd263903cbf630f9c58ecf1cdd0,not a separate empirical selection,not separately selected,global profile; not per-video,runtime,not established,YES,Inherited from the hashed TrackingConfig source; no separate sensitivity claim.,PARTIAL_NO_METHOD_SPECIFIC_SENSITIVITY,BOUND_BY_SOURCE_CODE,PARTIALLY_GROUNDED,NO
B1_CURRENT_STANDARD_V2_20260728,max_raw_detections,detection,count,source-defined integer domain,64,PREDECLARED_DEVELOPMENT_SELECTION,src/pig_behavior/tracking/profiles/hybrid_bytetrack.py sha256=b3c63faffa705915e2e9e9b7823068af229ceedd9b263a68579e7d7b384500e6,13-video development evidence,frozen before authority execution; earlier development data visible,global profile; not per-video,detection,authority/ablation record may exist; not universal,YES,Profile override frozen by a development authority before its authority run.,SUFFICIENT_WITH_DEVELOPMENT_SCOPE_LIMITATION,BOUND_BY_EFFECTIVE_CONFIG,FULLY_GROUNDED,NO
B1_CURRENT_STANDARD_V2_20260728,merged_box_growth_ratio,bbox_geometry,unitless,source-defined numeric domain,1.5,INHERITED_DEFAULT_WITH_PROVENANCE,src/pig_behavior/tracking/config.py sha256=52c5f54ad44b6f76a8d143d168bdc942542d5fd263903cbf630f9c58ecf1cdd0,not a separate empirical selection,not separately selected,global profile; not per-video,bbox_geometry,not established,YES,Inherited from the hashed TrackingConfig source; no separate sensitivity claim.,PARTIAL_NO_METHOD_SPECIFIC_SENSITIVITY,BOUND_BY_SOURCE_CODE,PARTIALLY_GROUNDED,NO
B1_CURRENT_STANDARD_V2_20260728,merged_box_neighbor_distance,bbox_geometry,unitless,source-defined numeric domain,0.12,INHERITED_DEFAULT_WITH_PROVENANCE,src/pig_behavior/tracking/config.py sha256=52c5f54ad44b6f76a8d143d168bdc942542d5fd263903cbf630f9c58ecf1cdd0,not a separate empirical selection,not separately selected,global profile; not per-video,bbox_geometry,not established,YES,Inherited from the hashed TrackingConfig source; no separate sensitivity claim.,PARTIAL_NO_METHOD_SPECIFIC_SENSITIVITY,BOUND_BY_SOURCE_CODE,PARTIALLY_GROUNDED,NO
B1_CURRENT_STANDARD_V2_20260728,merged_box_split_max_tracks,bbox_geometry,count,source-defined integer domain,2,INHERITED_DEFAULT_WITH_PROVENANCE,src/pig_behavior/tracking/config.py sha256=52c5f54ad44b6f76a8d143d168bdc942542d5fd263903cbf630f9c58ecf1cdd0,not a separate empirical selection,not separately selected,global profile; not per-video,bbox_geometry,not established,YES,Inherited from the hashed TrackingConfig source; no separate sensitivity claim.,PARTIAL_NO_METHOD_SPECIFIC_SENSITIVITY,BOUND_BY_SOURCE_CODE,PARTIALLY_GROUNDED,NO
B1_CURRENT_STANDARD_V2_20260728,mid_conf_smooth_alpha,bbox_geometry|evaluator_only,unitless,source-defined numeric domain,0.55,INHERITED_DEFAULT_WITH_PROVENANCE,src/pig_behavior/tracking/config.py sha256=52c5f54ad44b6f76a8d143d168bdc942542d5fd263903cbf630f9c58ecf1cdd0,not a separate empirical selection,not separately selected,global profile; not per-video,bbox_geometry|evaluator_only,not established,YES,Inherited from the hashed TrackingConfig source; no separate sensitivity claim.,PARTIAL_NO_METHOD_SPECIFIC_SENSITIVITY,BOUND_BY_SOURCE_CODE,PARTIALLY_GROUNDED,NO
B1_CURRENT_STANDARD_V2_20260728,mode,engineering_or_indirect,categorical/path,source-defined allowed values,"""realtime""",ORIGINAL_METHOD_SPECIFICATION,src/pig_behavior/tracking/config.py sha256=52c5f54ad44b6f76a8d143d168bdc942542d5fd263903cbf630f9c58ecf1cdd0,not a separate empirical selection,not separately selected,global profile; not per-video,engineering_or_indirect,not established,YES,Defines the method family or locked eight-animal task.,SUFFICIENT,BOUND_BY_SOURCE_CODE,FULLY_GROUNDED,NO
B1_CURRENT_STANDARD_V2_20260728,motion_gate_confidence,engineering_or_indirect,unitless ratio,"[0,1] unless source contract states otherwise",0.45,INHERITED_DEFAULT_WITH_PROVENANCE,src/pig_behavior/tracking/config.py sha256=52c5f54ad44b6f76a8d143d168bdc942542d5fd263903cbf630f9c58ecf1cdd0,not a separate empirical selection,not separately selected,global profile; not per-video,engineering_or_indirect,not established,YES,Inherited from the hashed TrackingConfig source; no separate sensitivity claim.,PARTIAL_NO_METHOD_SPECIFIC_SENSITIVITY,BOUND_BY_SOURCE_CODE,PARTIALLY_GROUNDED,NO
B1_CURRENT_STANDARD_V2_20260728,near_wall_hidden_geometry_distance_bbox_scale,Hidden_state|bbox_geometry,unitless,source-defined numeric domain,0.25,PREDECLARED_DEVELOPMENT_SELECTION,src/pig_behavior/tracking/profiles/hybrid_bytetrack.py sha256=b3c63faffa705915e2e9e9b7823068af229ceedd9b263a68579e7d7b384500e6,13-video development evidence,frozen before authority execution; earlier development data visible,global profile; not per-video,Hidden_state|bbox_geometry,authority/ablation record may exist; not universal,YES,Profile override frozen by a development authority before its authority run.,SUFFICIENT_WITH_DEVELOPMENT_SCOPE_LIMITATION,BOUND_BY_EFFECTIVE_CONFIG,FULLY_GROUNDED,NO
B1_CURRENT_STANDARD_V2_20260728,near_wall_hidden_geometry_max_center_shift,Hidden_state|bbox_geometry,unitless,source-defined numeric domain,0.04,PREDECLARED_DEVELOPMENT_SELECTION,src/pig_behavior/tracking/profiles/hybrid_bytetrack.py sha256=b3c63faffa705915e2e9e9b7823068af229ceedd9b263a68579e7d7b384500e6,13-video development evidence,frozen before authority execution; earlier development data visible,global profile; not per-video,Hidden_state|bbox_geometry,authority/ablation record may exist; not universal,YES,Profile override frozen by a development authority before its authority run.,SUFFICIENT_WITH_DEVELOPMENT_SCOPE_LIMITATION,BOUND_BY_EFFECTIVE_CONFIG,FULLY_GROUNDED,NO
B1_CURRENT_STANDARD_V2_20260728,near_wall_hidden_geometry_max_gap_frames,Hidden_state|bbox_geometry|runtime,frames,non-negative integer unless sentinel documented,30,PREDECLARED_DEVELOPMENT_SELECTION,src/pig_behavior/tracking/profiles/hybrid_bytetrack.py sha256=b3c63faffa705915e2e9e9b7823068af229ceedd9b263a68579e7d7b384500e6,13-video development evidence,frozen before authority execution; earlier development data visible,global profile; not per-video,Hidden_state|bbox_geometry|runtime,authority/ablation record may exist; not universal,YES,Profile override frozen by a development authority before its authority run.,SUFFICIENT_WITH_DEVELOPMENT_SCOPE_LIMITATION,BOUND_BY_EFFECTIVE_CONFIG,FULLY_GROUNDED,NO
B1_CURRENT_STANDARD_V2_20260728,near_wall_hidden_geometry_min_width_excess,Hidden_state|bbox_geometry,unitless,source-defined numeric domain,0.08,PREDECLARED_DEVELOPMENT_SELECTION,src/pig_behavior/tracking/profiles/hybrid_bytetrack.py sha256=b3c63faffa705915e2e9e9b7823068af229ceedd9b263a68579e7d7b384500e6,13-video development evidence,frozen before authority execution; earlier development data visible,global profile; not per-video,Hidden_state|bbox_geometry,authority/ablation record may exist; not universal,YES,Profile override frozen by a development authority before its authority run.,SUFFICIENT_WITH_DEVELOPMENT_SCOPE_LIMITATION,BOUND_BY_EFFECTIVE_CONFIG,FULLY_GROUNDED,NO
B1_CURRENT_STANDARD_V2_20260728,near_wall_hidden_geometry_original_weight,Hidden_state|bbox_geometry,unitless,source-defined numeric domain,0.5,PREDECLARED_DEVELOPMENT_SELECTION,src/pig_behavior/tracking/profiles/hybrid_bytetrack.py sha256=b3c63faffa705915e2e9e9b7823068af229ceedd9b263a68579e7d7b384500e6,13-video development evidence,frozen before authority execution; earlier development data visible,global profile; not per-video,Hidden_state|bbox_geometry,authority/ablation record may exist; not universal,YES,Profile override frozen by a development authority before its authority run.,SUFFICIENT_WITH_DEVELOPMENT_SCOPE_LIMITATION,BOUND_BY_EFFECTIVE_CONFIG,FULLY_GROUNDED,NO
B1_CURRENT_STANDARD_V2_20260728,near_wall_hidden_geometry_refine,Hidden_state|bbox_geometry,boolean,"{false,true}",true,PREDECLARED_DEVELOPMENT_SELECTION,src/pig_behavior/tracking/profiles/hybrid_bytetrack.py sha256=b3c63faffa705915e2e9e9b7823068af229ceedd9b263a68579e7d7b384500e6,13-video development evidence,frozen before authority execution; earlier development data visible,global profile; not per-video,Hidden_state|bbox_geometry,authority/ablation record may exist; not universal,YES,Profile override frozen by a development authority before its authority run.,SUFFICIENT_WITH_DEVELOPMENT_SCOPE_LIMITATION,BOUND_BY_EFFECTIVE_CONFIG,FULLY_GROUNDED,NO
B1_CURRENT_STANDARD_V2_20260728,nms_iou,detection|association,unitless ratio,"[0,1] unless source contract states otherwise",0.5,INHERITED_DEFAULT_WITH_PROVENANCE,src/pig_behavior/tracking/config.py sha256=52c5f54ad44b6f76a8d143d168bdc942542d5fd263903cbf630f9c58ecf1cdd0,not a separate empirical selection,not separately selected,global profile; not per-video,detection|association,not established,YES,Inherited from the hashed TrackingConfig source; no separate sensitivity claim.,PARTIAL_NO_METHOD_SPECIFIC_SENSITIVITY,BOUND_BY_SOURCE_CODE,PARTIALLY_GROUNDED,NO
B1_CURRENT_STANDARD_V2_20260728,occlusion_appearance_margin,association|Hidden_state,unitless,source-defined numeric domain,0.08,INHERITED_DEFAULT_WITH_PROVENANCE,src/pig_behavior/tracking/config.py sha256=52c5f54ad44b6f76a8d143d168bdc942542d5fd263903cbf630f9c58ecf1cdd0,not a separate empirical selection,not separately selected,global profile; not per-video,association|Hidden_state,not established,YES,Inherited from the hashed TrackingConfig source; no separate sensitivity claim.,PARTIAL_NO_METHOD_SPECIFIC_SENSITIVITY,BOUND_BY_SOURCE_CODE,PARTIALLY_GROUNDED,NO
B1_CURRENT_STANDARD_V2_20260728,occlusion_appearance_penalty,association|Hidden_state,unitless,source-defined numeric domain,0.3,INHERITED_DEFAULT_WITH_PROVENANCE,src/pig_behavior/tracking/config.py sha256=52c5f54ad44b6f76a8d143d168bdc942542d5fd263903cbf630f9c58ecf1cdd0,not a separate empirical selection,not separately selected,global profile; not per-video,association|Hidden_state,not established,YES,Inherited from the hashed TrackingConfig source; no separate sensitivity claim.,PARTIAL_NO_METHOD_SPECIFIC_SENSITIVITY,BOUND_BY_SOURCE_CODE,PARTIALLY_GROUNDED,NO
B1_CURRENT_STANDARD_V2_20260728,occlusion_aware_matching,association|Hidden_state,boolean,"{false,true}",true,INHERITED_DEFAULT_WITH_PROVENANCE,src/pig_behavior/tracking/config.py sha256=52c5f54ad44b6f76a8d143d168bdc942542d5fd263903cbf630f9c58ecf1cdd0,not a separate empirical selection,not separately selected,global profile; not per-video,association|Hidden_state,not established,YES,Inherited from the hashed TrackingConfig source; no separate sensitivity claim.,PARTIAL_NO_METHOD_SPECIFIC_SENSITIVITY,BOUND_BY_SOURCE_CODE,PARTIALLY_GROUNDED,NO
B1_CURRENT_STANDARD_V2_20260728,occlusion_competitor_margin,Hidden_state,unitless,source-defined numeric domain,0.12,INHERITED_DEFAULT_WITH_PROVENANCE,src/pig_behavior/tracking/config.py sha256=52c5f54ad44b6f76a8d143d168bdc942542d5fd263903cbf630f9c58ecf1cdd0,not a separate empirical selection,not separately selected,global profile; not per-video,Hidden_state,not established,YES,Inherited from the hashed TrackingConfig source; no separate sensitivity claim.,PARTIAL_NO_METHOD_SPECIFIC_SENSITIVITY,BOUND_BY_SOURCE_CODE,PARTIALLY_GROUNDED,NO
B1_CURRENT_STANDARD_V2_20260728,occlusion_detection_iom_threshold,detection|Hidden_state,unitless,source-defined numeric domain,0.3,INHERITED_DEFAULT_WITH_PROVENANCE,src/pig_behavior/tracking/config.py sha256=52c5f54ad44b6f76a8d143d168bdc942542d5fd263903cbf630f9c58ecf1cdd0,not a separate empirical selection,not separately selected,global profile; not per-video,detection|Hidden_state,not established,YES,Inherited from the hashed TrackingConfig source; no separate sensitivity claim.,PARTIAL_NO_METHOD_SPECIFIC_SENSITIVITY,BOUND_BY_SOURCE_CODE,PARTIALLY_GROUNDED,NO
B1_CURRENT_STANDARD_V2_20260728,occlusion_hold_hidden_frames,Hidden_state|runtime,frames,non-negative integer unless sentinel documented,2,INHERITED_DEFAULT_WITH_PROVENANCE,src/pig_behavior/tracking/config.py sha256=52c5f54ad44b6f76a8d143d168bdc942542d5fd263903cbf630f9c58ecf1cdd0,not a separate empirical selection,not separately selected,global profile; not per-video,Hidden_state|runtime,not established,YES,Inherited from the hashed TrackingConfig source; no separate sensitivity claim.,PARTIAL_NO_METHOD_SPECIFIC_SENSITIVITY,BOUND_BY_SOURCE_CODE,PARTIALLY_GROUNDED,NO
B1_CURRENT_STANDARD_V2_20260728,occlusion_hold_max_frames,Hidden_state|runtime,frames,non-negative integer unless sentinel documented,30,HARDWARE_OR_RUNTIME_CONSTRAINT,src/pig_behavior/tracking/config.py sha256=52c5f54ad44b6f76a8d143d168bdc942542d5fd263903cbf630f9c58ecf1cdd0,not a separate empirical selection,not separately selected,global profile; not per-video,Hidden_state|runtime,not established,YES,Execution/safety constraint rather than a quality claim.,SUFFICIENT,BOUND_BY_SOURCE_CODE,FULLY_GROUNDED,NO
B1_CURRENT_STANDARD_V2_20260728,occlusion_reid_bad_match_action,association|Hidden_state,categorical/path,source-defined allowed values,"""reject""",PREDECLARED_DEVELOPMENT_SELECTION,src/pig_behavior/tracking/profiles/hybrid_bytetrack.py sha256=b3c63faffa705915e2e9e9b7823068af229ceedd9b263a68579e7d7b384500e6,13-video development evidence,frozen before authority execution; earlier development data visible,global profile; not per-video,association|Hidden_state,authority/ablation record may exist; not universal,YES,Profile override frozen by a development authority before its authority run.,SUFFICIENT_WITH_DEVELOPMENT_SCOPE_LIMITATION,BOUND_BY_EFFECTIVE_CONFIG,FULLY_GROUNDED,NO
B1_CURRENT_STANDARD_V2_20260728,occlusion_reid_bad_match_include_recent_visible,association|Hidden_state,boolean,"{false,true}",false,INHERITED_DEFAULT_WITH_PROVENANCE,src/pig_behavior/tracking/config.py sha256=52c5f54ad44b6f76a8d143d168bdc942542d5fd263903cbf630f9c58ecf1cdd0,not a separate empirical selection,not separately selected,global profile; not per-video,association|Hidden_state,not established,YES,Inherited from the hashed TrackingConfig source; no separate sensitivity claim.,PARTIAL_NO_METHOD_SPECIFIC_SENSITIVITY,BOUND_BY_SOURCE_CODE,PARTIALLY_GROUNDED,NO
B1_CURRENT_STANDARD_V2_20260728,occlusion_reid_bad_match_max_cost,association|Hidden_state,unitless,source-defined numeric domain,0.7,PREDECLARED_DEVELOPMENT_SELECTION,src/pig_behavior/tracking/profiles/hybrid_bytetrack.py sha256=b3c63faffa705915e2e9e9b7823068af229ceedd9b263a68579e7d7b384500e6,13-video development evidence,frozen before authority execution; earlier development data visible,global profile; not per-video,association|Hidden_state,authority/ablation record may exist; not universal,YES,Profile override frozen by a development authority before its authority run.,SUFFICIENT_WITH_DEVELOPMENT_SCOPE_LIMITATION,BOUND_BY_EFFECTIVE_CONFIG,FULLY_GROUNDED,NO
B1_CURRENT_STANDARD_V2_20260728,occlusion_reid_bad_match_max_missed,association|lifecycle|Hidden_state,frames,non-negative integer unless sentinel documented,12,PREDECLARED_DEVELOPMENT_SELECTION,src/pig_behavior/tracking/profiles/hybrid_bytetrack.py sha256=b3c63faffa705915e2e9e9b7823068af229ceedd9b263a68579e7d7b384500e6,13-video development evidence,frozen before authority execution; earlier development data visible,global profile; not per-video,association|lifecycle|Hidden_state,authority/ablation record may exist; not universal,YES,Profile override frozen by a development authority before its authority run.,SUFFICIENT_WITH_DEVELOPMENT_SCOPE_LIMITATION,BOUND_BY_EFFECTIVE_CONFIG,FULLY_GROUNDED,NO
B1_CURRENT_STANDARD_V2_20260728,occlusion_reid_bad_match_min_cost,association|Hidden_state,unitless,source-defined numeric domain,0.55,PREDECLARED_DEVELOPMENT_SELECTION,src/pig_behavior/tracking/profiles/hybrid_bytetrack.py sha256=b3c63faffa705915e2e9e9b7823068af229ceedd9b263a68579e7d7b384500e6,13-video development evidence,frozen before authority execution; earlier development data visible,global profile; not per-video,association|Hidden_state,authority/ablation record may exist; not universal,YES,Profile override frozen by a development authority before its authority run.,SUFFICIENT_WITH_DEVELOPMENT_SCOPE_LIMITATION,BOUND_BY_EFFECTIVE_CONFIG,FULLY_GROUNDED,NO
B1_CURRENT_STANDARD_V2_20260728,occlusion_reid_bad_match_min_missed,association|lifecycle|Hidden_state,frames,non-negative integer unless sentinel documented,7,PREDECLARED_DEVELOPMENT_SELECTION,src/pig_behavior/tracking/profiles/hybrid_bytetrack.py sha256=b3c63faffa705915e2e9e9b7823068af229ceedd9b263a68579e7d7b384500e6,13-video development evidence,frozen before authority execution; earlier development data visible,global profile; not per-video,association|lifecycle|Hidden_state,authority/ablation record may exist; not universal,YES,Profile override frozen by a development authority before its authority run.,SUFFICIENT_WITH_DEVELOPMENT_SCOPE_LIMITATION,BOUND_BY_EFFECTIVE_CONFIG,FULLY_GROUNDED,NO
B1_CURRENT_STANDARD_V2_20260728,occlusion_reid_bad_match_occlusion_hold_only,association|Hidden_state,boolean,"{false,true}",true,PREDECLARED_DEVELOPMENT_SELECTION,src/pig_behavior/tracking/profiles/hybrid_bytetrack.py sha256=b3c63faffa705915e2e9e9b7823068af229ceedd9b263a68579e7d7b384500e6,13-video development evidence,frozen before authority execution; earlier development data visible,global profile; not per-video,association|Hidden_state,authority/ablation record may exist; not universal,YES,Profile override frozen by a development authority before its authority run.,SUFFICIENT_WITH_DEVELOPMENT_SCOPE_LIMITATION,BOUND_BY_EFFECTIVE_CONFIG,FULLY_GROUNDED,NO
B1_CURRENT_STANDARD_V2_20260728,occlusion_reid_bad_match_once_per_episode,association|Hidden_state,boolean,"{false,true}",false,INHERITED_DEFAULT_WITH_PROVENANCE,src/pig_behavior/tracking/config.py sha256=52c5f54ad44b6f76a8d143d168bdc942542d5fd263903cbf630f9c58ecf1cdd0,not a separate empirical selection,not separately selected,global profile; not per-video,association|Hidden_state,not established,YES,Inherited from the hashed TrackingConfig source; no separate sensitivity claim.,PARTIAL_NO_METHOD_SPECIFIC_SENSITIVITY,BOUND_BY_SOURCE_CODE,PARTIALLY_GROUNDED,NO
B1_CURRENT_STANDARD_V2_20260728,occlusion_reid_bad_match_raw_mismatch_only,association|Hidden_state,boolean,"{false,true}",true,PREDECLARED_DEVELOPMENT_SELECTION,src/pig_behavior/tracking/profiles/hybrid_bytetrack.py sha256=b3c63faffa705915e2e9e9b7823068af229ceedd9b263a68579e7d7b384500e6,13-video development evidence,frozen before authority execution; earlier development data visible,global profile; not per-video,association|Hidden_state,authority/ablation record may exist; not universal,YES,Profile override frozen by a development authority before its authority run.,SUFFICIENT_WITH_DEVELOPMENT_SCOPE_LIMITATION,BOUND_BY_EFFECTIVE_CONFIG,FULLY_GROUNDED,NO
B1_CURRENT_STANDARD_V2_20260728,occlusion_reid_bad_match_same_raw_only,association|Hidden_state,boolean,"{false,true}",false,PREDECLARED_DEVELOPMENT_SELECTION,src/pig_behavior/tracking/profiles/hybrid_bytetrack.py sha256=b3c63faffa705915e2e9e9b7823068af229ceedd9b263a68579e7d7b384500e6,13-video development evidence,frozen before authority execution; earlier development data visible,global profile; not per-video,association|Hidden_state,authority/ablation record may exist; not universal,YES,Profile override frozen by a development authority before its authority run.,SUFFICIENT_WITH_DEVELOPMENT_SCOPE_LIMITATION,BOUND_BY_EFFECTIVE_CONFIG,FULLY_GROUNDED,NO
B1_CURRENT_STANDARD_V2_20260728,occlusion_reid_bad_match_unowned_raw_only,association|Hidden_state,boolean,"{false,true}",true,PREDECLARED_DEVELOPMENT_SELECTION,src/pig_behavior/tracking/profiles/hybrid_bytetrack.py sha256=b3c63faffa705915e2e9e9b7823068af229ceedd9b263a68579e7d7b384500e6,13-video development evidence,frozen before authority execution; earlier development data visible,global profile; not per-video,association|Hidden_state,authority/ablation record may exist; not universal,YES,Profile override frozen by a development authority before its authority run.,SUFFICIENT_WITH_DEVELOPMENT_SCOPE_LIMITATION,BOUND_BY_EFFECTIVE_CONFIG,FULLY_GROUNDED,NO
B1_CURRENT_STANDARD_V2_20260728,occlusion_reid_bad_match_visible_min_cost,association|Hidden_state,unitless,source-defined numeric domain,0.7,INHERITED_DEFAULT_WITH_PROVENANCE,src/pig_behavior/tracking/config.py sha256=52c5f54ad44b6f76a8d143d168bdc942542d5fd263903cbf630f9c58ecf1cdd0,not a separate empirical selection,not separately selected,global profile; not per-video,association|Hidden_state,not established,YES,Inherited from the hashed TrackingConfig source; no separate sensitivity claim.,PARTIAL_NO_METHOD_SPECIFIC_SENSITIVITY,BOUND_BY_SOURCE_CODE,PARTIALLY_GROUNDED,NO
B1_CURRENT_STANDARD_V2_20260728,occlusion_reid_prefer_gap_over_bad_match,association|Hidden_state,boolean,"{false,true}",true,PREDECLARED_DEVELOPMENT_SELECTION,src/pig_behavior/tracking/profiles/hybrid_bytetrack.py sha256=b3c63faffa705915e2e9e9b7823068af229ceedd9b263a68579e7d7b384500e6,13-video development evidence,frozen before authority execution; earlier development data visible,global profile; not per-video,association|Hidden_state,authority/ablation record may exist; not universal,YES,Profile override frozen by a development authority before its authority run.,SUFFICIENT_WITH_DEVELOPMENT_SCOPE_LIMITATION,BOUND_BY_EFFECTIVE_CONFIG,FULLY_GROUNDED,NO
B1_CURRENT_STANDARD_V2_20260728,occlusion_stationary_lock,Hidden_state,boolean,"{false,true}",true,INHERITED_DEFAULT_WITH_PROVENANCE,src/pig_behavior/tracking/config.py sha256=52c5f54ad44b6f76a8d143d168bdc942542d5fd263903cbf630f9c58ecf1cdd0,not a separate empirical selection,not separately selected,global profile; not per-video,Hidden_state,not established,YES,Inherited from the hashed TrackingConfig source; no separate sensitivity claim.,PARTIAL_NO_METHOD_SPECIFIC_SENSITIVITY,BOUND_BY_SOURCE_CODE,PARTIALLY_GROUNDED,NO
B1_CURRENT_STANDARD_V2_20260728,occlusion_stationary_max_center_jump,Hidden_state,unitless,source-defined numeric domain,0.045,INHERITED_DEFAULT_WITH_PROVENANCE,src/pig_behavior/tracking/config.py sha256=52c5f54ad44b6f76a8d143d168bdc942542d5fd263903cbf630f9c58ecf1cdd0,not a separate empirical selection,not separately selected,global profile; not per-video,Hidden_state,not established,YES,Inherited from the hashed TrackingConfig source; no separate sensitivity claim.,PARTIAL_NO_METHOD_SPECIFIC_SENSITIVITY,BOUND_BY_SOURCE_CODE,PARTIALLY_GROUNDED,NO
B1_CURRENT_STANDARD_V2_20260728,occlusion_stationary_speed,Hidden_state,unitless,source-defined numeric domain,0.006,INHERITED_DEFAULT_WITH_PROVENANCE,src/pig_behavior/tracking/config.py sha256=52c5f54ad44b6f76a8d143d168bdc942542d5fd263903cbf630f9c58ecf1cdd0,not a separate empirical selection,not separately selected,global profile; not per-video,Hidden_state,not established,YES,Inherited from the hashed TrackingConfig source; no separate sensitivity claim.,PARTIAL_NO_METHOD_SPECIFIC_SENSITIVITY,BOUND_BY_SOURCE_CODE,PARTIALLY_GROUNDED,NO
B1_CURRENT_STANDARD_V2_20260728,occlusion_switch_penalty,Hidden_state,unitless,source-defined numeric domain,0.45,INHERITED_DEFAULT_WITH_PROVENANCE,src/pig_behavior/tracking/config.py sha256=52c5f54ad44b6f76a8d143d168bdc942542d5fd263903cbf630f9c58ecf1cdd0,not a separate empirical selection,not separately selected,global profile; not per-video,Hidden_state,not established,YES,Inherited from the hashed TrackingConfig source; no separate sensitivity claim.,PARTIAL_NO_METHOD_SPECIFIC_SENSITIVITY,BOUND_BY_SOURCE_CODE,PARTIALLY_GROUNDED,NO
B1_CURRENT_STANDARD_V2_20260728,occlusion_track_iom_threshold,Hidden_state,unitless,source-defined numeric domain,0.3,INHERITED_DEFAULT_WITH_PROVENANCE,src/pig_behavior/tracking/config.py sha256=52c5f54ad44b6f76a8d143d168bdc942542d5fd263903cbf630f9c58ecf1cdd0,not a separate empirical selection,not separately selected,global profile; not per-video,Hidden_state,not established,YES,Inherited from the hashed TrackingConfig source; no separate sensitivity claim.,PARTIAL_NO_METHOD_SPECIFIC_SENSITIVITY,BOUND_BY_SOURCE_CODE,PARTIALLY_GROUNDED,NO
B1_CURRENT_STANDARD_V2_20260728,output_dir,engineering_or_indirect,categorical/path,source-defined allowed values,"""C:\\Users\\ironh\\Downloads\\PIG_Behavior_Project\\.codex_tmp\\worktrees\\tracking_scientific_grounding_authority\\outputs\\pred""",INHERITED_DEFAULT_WITH_PROVENANCE,src/pig_behavior/tracking/config.py sha256=52c5f54ad44b6f76a8d143d168bdc942542d5fd263903cbf630f9c58ecf1cdd0,not a separate empirical selection,not separately selected,global profile; not per-video,engineering_or_indirect,not established,YES,Inherited from the hashed TrackingConfig source; no separate sensitivity claim.,PARTIAL_NO_METHOD_SPECIFIC_SENSITIVITY,BOUND_BY_SOURCE_CODE,PARTIALLY_GROUNDED,NO
B1_CURRENT_STANDARD_V2_20260728,output_fps,engineering_or_indirect,unitless,source-defined numeric domain,30.0,INHERITED_DEFAULT_WITH_PROVENANCE,src/pig_behavior/tracking/config.py sha256=52c5f54ad44b6f76a8d143d168bdc942542d5fd263903cbf630f9c58ecf1cdd0,not a separate empirical selection,not separately selected,global profile; not per-video,engineering_or_indirect,not established,YES,Inherited from the hashed TrackingConfig source; no separate sensitivity claim.,PARTIAL_NO_METHOD_SPECIFIC_SENSITIVITY,BOUND_BY_SOURCE_CODE,PARTIALLY_GROUNDED,NO
B1_CURRENT_STANDARD_V2_20260728,output_video,runtime,not applicable,None or source-defined value,null,INHERITED_DEFAULT_WITH_PROVENANCE,src/pig_behavior/tracking/config.py sha256=52c5f54ad44b6f76a8d143d168bdc942542d5fd263903cbf630f9c58ecf1cdd0,not a separate empirical selection,not separately selected,global profile; not per-video,runtime,not established,YES,Inherited from the hashed TrackingConfig source; no separate sensitivity claim.,PARTIAL_NO_METHOD_SPECIFIC_SENSITIVITY,BOUND_BY_SOURCE_CODE,PARTIALLY_GROUNDED,NO
B1_CURRENT_STANDARD_V2_20260728,overlap_small_box_max_area_ratio,bbox_geometry,unitless,source-defined numeric domain,0.65,INHERITED_DEFAULT_WITH_PROVENANCE,src/pig_behavior/tracking/config.py sha256=52c5f54ad44b6f76a8d143d168bdc942542d5fd263903cbf630f9c58ecf1cdd0,not a separate empirical selection,not separately selected,global profile; not per-video,bbox_geometry,not established,YES,Inherited from the hashed TrackingConfig source; no separate sensitivity claim.,PARTIAL_NO_METHOD_SPECIFIC_SENSITIVITY,BOUND_BY_SOURCE_CODE,PARTIALLY_GROUNDED,NO
B1_CURRENT_STANDARD_V2_20260728,overlap_small_box_max_score,bbox_geometry,unitless,source-defined numeric domain,0.75,INHERITED_DEFAULT_WITH_PROVENANCE,src/pig_behavior/tracking/config.py sha256=52c5f54ad44b6f76a8d143d168bdc942542d5fd263903cbf630f9c58ecf1cdd0,not a separate empirical selection,not separately selected,global profile; not per-video,bbox_geometry,not established,YES,Inherited from the hashed TrackingConfig source; no separate sensitivity claim.,PARTIAL_NO_METHOD_SPECIFIC_SENSITIVITY,BOUND_BY_SOURCE_CODE,PARTIALLY_GROUNDED,NO
B1_CURRENT_STANDARD_V2_20260728,overlap_small_box_min_iou,association|bbox_geometry,unitless ratio,"[0,1] unless source contract states otherwise",0.4,INHERITED_DEFAULT_WITH_PROVENANCE,src/pig_behavior/tracking/config.py sha256=52c5f54ad44b6f76a8d143d168bdc942542d5fd263903cbf630f9c58ecf1cdd0,not a separate empirical selection,not separately selected,global profile; not per-video,association|bbox_geometry,not established,YES,Inherited from the hashed TrackingConfig source; no separate sensitivity claim.,PARTIAL_NO_METHOD_SPECIFIC_SENSITIVITY,BOUND_BY_SOURCE_CODE,PARTIALLY_GROUNDED,NO
B1_CURRENT_STANDARD_V2_20260728,overlap_small_box_suppression,bbox_geometry,boolean,"{false,true}",true,PREDECLARED_DEVELOPMENT_SELECTION,src/pig_behavior/tracking/profiles/hybrid_bytetrack.py sha256=b3c63faffa705915e2e9e9b7823068af229ceedd9b263a68579e7d7b384500e6,13-video development evidence,frozen before authority execution; earlier development data visible,global profile; not per-video,bbox_geometry,authority/ablation record may exist; not universal,YES,Profile override frozen by a development authority before its authority run.,SUFFICIENT_WITH_DEVELOPMENT_SCOPE_LIMITATION,BOUND_BY_EFFECTIVE_CONFIG,FULLY_GROUNDED,NO
B1_CURRENT_STANDARD_V2_20260728,overrides,engineering_or_indirect,categorical/path,source-defined allowed values,"""set()""",INHERITED_DEFAULT_WITH_PROVENANCE,src/pig_behavior/tracking/config.py sha256=52c5f54ad44b6f76a8d143d168bdc942542d5fd263903cbf630f9c58ecf1cdd0,not a separate empirical selection,not separately selected,global profile; not per-video,engineering_or_indirect,not established,YES,Inherited from the hashed TrackingConfig source; no separate sensitivity claim.,PARTIAL_NO_METHOD_SPECIFIC_SENSITIVITY,BOUND_BY_SOURCE_CODE,PARTIALLY_GROUNDED,NO
B1_CURRENT_STANDARD_V2_20260728,quality_report_csv,engineering_or_indirect,not applicable,None or source-defined value,null,INHERITED_DEFAULT_WITH_PROVENANCE,src/pig_behavior/tracking/config.py sha256=52c5f54ad44b6f76a8d143d168bdc942542d5fd263903cbf630f9c58ecf1cdd0,not a separate empirical selection,not separately selected,global profile; not per-video,engineering_or_indirect,not established,YES,Inherited from the hashed TrackingConfig source; no separate sensitivity claim.,PARTIAL_NO_METHOD_SPECIFIC_SENSITIVITY,BOUND_BY_SOURCE_CODE,PARTIALLY_GROUNDED,NO
B1_CURRENT_STANDARD_V2_20260728,quality_report_json,engineering_or_indirect,not applicable,None or source-defined value,null,INHERITED_DEFAULT_WITH_PROVENANCE,src/pig_behavior/tracking/config.py sha256=52c5f54ad44b6f76a8d143d168bdc942542d5fd263903cbf630f9c58ecf1cdd0,not a separate empirical selection,not separately selected,global profile; not per-video,engineering_or_indirect,not established,YES,Inherited from the hashed TrackingConfig source; no separate sensitivity claim.,PARTIAL_NO_METHOD_SPECIFIC_SENSITIVITY,BOUND_BY_SOURCE_CODE,PARTIALLY_GROUNDED,NO
B1_CURRENT_STANDARD_V2_20260728,realtime_core_pairwise_max_total_cost_increase,association,unitless,source-defined numeric domain,0.05,INHERITED_DEFAULT_WITH_PROVENANCE,src/pig_behavior/tracking/config.py sha256=52c5f54ad44b6f76a8d143d168bdc942542d5fd263903cbf630f9c58ecf1cdd0,not a separate empirical selection,not separately selected,global profile; not per-video,association,not established,YES,Inherited from the hashed TrackingConfig source; no separate sensitivity claim.,PARTIAL_NO_METHOD_SPECIFIC_SENSITIVITY,BOUND_BY_SOURCE_CODE,PARTIALLY_GROUNDED,NO
B1_CURRENT_STANDARD_V2_20260728,realtime_core_pairwise_min_detection_iou,detection|association,unitless ratio,"[0,1] unless source contract states otherwise",0.3,INHERITED_DEFAULT_WITH_PROVENANCE,src/pig_behavior/tracking/config.py sha256=52c5f54ad44b6f76a8d143d168bdc942542d5fd263903cbf630f9c58ecf1cdd0,not a separate empirical selection,not separately selected,global profile; not per-video,detection|association,not established,YES,Inherited from the hashed TrackingConfig source; no separate sensitivity claim.,PARTIAL_NO_METHOD_SPECIFIC_SENSITIVITY,BOUND_BY_SOURCE_CODE,PARTIALLY_GROUNDED,NO
B1_CURRENT_STANDARD_V2_20260728,realtime_core_pairwise_min_total_appearance_gain,association,unitless,source-defined numeric domain,0.1,INHERITED_DEFAULT_WITH_PROVENANCE,src/pig_behavior/tracking/config.py sha256=52c5f54ad44b6f76a8d143d168bdc942542d5fd263903cbf630f9c58ecf1cdd0,not a separate empirical selection,not separately selected,global profile; not per-video,association,not established,YES,Inherited from the hashed TrackingConfig source; no separate sensitivity claim.,PARTIAL_NO_METHOD_SPECIFIC_SENSITIVITY,BOUND_BY_SOURCE_CODE,PARTIALLY_GROUNDED,NO
B1_CURRENT_STANDARD_V2_20260728,realtime_core_pairwise_tiebreak,engineering_or_indirect,boolean,"{false,true}",false,INHERITED_DEFAULT_WITH_PROVENANCE,src/pig_behavior/tracking/config.py sha256=52c5f54ad44b6f76a8d143d168bdc942542d5fd263903cbf630f9c58ecf1cdd0,not a separate empirical selection,not separately selected,global profile; not per-video,engineering_or_indirect,not established,YES,Inherited from the hashed TrackingConfig source; no separate sensitivity claim.,PARTIAL_NO_METHOD_SPECIFIC_SENSITIVITY,BOUND_BY_SOURCE_CODE,PARTIALLY_GROUNDED,NO
B1_CURRENT_STANDARD_V2_20260728,realtime_core_unassigned_max_cost_delta,association,unitless,source-defined numeric domain,0.01,INHERITED_DEFAULT_WITH_PROVENANCE,src/pig_behavior/tracking/config.py sha256=52c5f54ad44b6f76a8d143d168bdc942542d5fd263903cbf630f9c58ecf1cdd0,not a separate empirical selection,not separately selected,global profile; not per-video,association,not established,YES,Inherited from the hashed TrackingConfig source; no separate sensitivity claim.,PARTIAL_NO_METHOD_SPECIFIC_SENSITIVITY,BOUND_BY_SOURCE_CODE,PARTIALLY_GROUNDED,NO
B1_CURRENT_STANDARD_V2_20260728,realtime_core_unassigned_max_selected_cost,association,unitless,source-defined numeric domain,0.4,INHERITED_DEFAULT_WITH_PROVENANCE,src/pig_behavior/tracking/config.py sha256=52c5f54ad44b6f76a8d143d168bdc942542d5fd263903cbf630f9c58ecf1cdd0,not a separate empirical selection,not separately selected,global profile; not per-video,association,not established,YES,Inherited from the hashed TrackingConfig source; no separate sensitivity claim.,PARTIAL_NO_METHOD_SPECIFIC_SENSITIVITY,BOUND_BY_SOURCE_CODE,PARTIALLY_GROUNDED,NO
B1_CURRENT_STANDARD_V2_20260728,realtime_core_unassigned_min_appearance_gain,association,unitless,source-defined numeric domain,0.01,INHERITED_DEFAULT_WITH_PROVENANCE,src/pig_behavior/tracking/config.py sha256=52c5f54ad44b6f76a8d143d168bdc942542d5fd263903cbf630f9c58ecf1cdd0,not a separate empirical selection,not separately selected,global profile; not per-video,association,not established,YES,Inherited from the hashed TrackingConfig source; no separate sensitivity claim.,PARTIAL_NO_METHOD_SPECIFIC_SENSITIVITY,BOUND_BY_SOURCE_CODE,PARTIALLY_GROUNDED,NO
B1_CURRENT_STANDARD_V2_20260728,realtime_core_unassigned_min_detection_iou,detection|association,unitless ratio,"[0,1] unless source contract states otherwise",0.3,INHERITED_DEFAULT_WITH_PROVENANCE,src/pig_behavior/tracking/config.py sha256=52c5f54ad44b6f76a8d143d168bdc942542d5fd263903cbf630f9c58ecf1cdd0,not a separate empirical selection,not separately selected,global profile; not per-video,detection|association,not established,YES,Inherited from the hashed TrackingConfig source; no separate sensitivity claim.,PARTIAL_NO_METHOD_SPECIFIC_SENSITIVITY,BOUND_BY_SOURCE_CODE,PARTIALLY_GROUNDED,NO
B1_CURRENT_STANDARD_V2_20260728,realtime_core_unassigned_require_score_nondecrease,engineering_or_indirect,boolean,"{false,true}",false,INHERITED_DEFAULT_WITH_PROVENANCE,src/pig_behavior/tracking/config.py sha256=52c5f54ad44b6f76a8d143d168bdc942542d5fd263903cbf630f9c58ecf1cdd0,not a separate empirical selection,not separately selected,global profile; not per-video,engineering_or_indirect,not established,YES,Inherited from the hashed TrackingConfig source; no separate sensitivity claim.,PARTIAL_NO_METHOD_SPECIFIC_SENSITIVITY,BOUND_BY_SOURCE_CODE,PARTIALLY_GROUNDED,NO
B1_CURRENT_STANDARD_V2_20260728,realtime_core_unassigned_tiebreak,engineering_or_indirect,boolean,"{false,true}",false,INHERITED_DEFAULT_WITH_PROVENANCE,src/pig_behavior/tracking/config.py sha256=52c5f54ad44b6f76a8d143d168bdc942542d5fd263903cbf630f9c58ecf1cdd0,not a separate empirical selection,not separately selected,global profile; not per-video,engineering_or_indirect,not established,YES,Inherited from the hashed TrackingConfig source; no separate sensitivity claim.,PARTIAL_NO_METHOD_SPECIFIC_SENSITIVITY,BOUND_BY_SOURCE_CODE,PARTIALLY_GROUNDED,NO
B1_CURRENT_STANDARD_V2_20260728,realtime_lk_point_batching,engineering_or_indirect,boolean,"{false,true}",false,INHERITED_DEFAULT_WITH_PROVENANCE,src/pig_behavior/tracking/config.py sha256=52c5f54ad44b6f76a8d143d168bdc942542d5fd263903cbf630f9c58ecf1cdd0,not a separate empirical selection,not separately selected,global profile; not per-video,engineering_or_indirect,not established,YES,Inherited from the hashed TrackingConfig source; no separate sensitivity claim.,PARTIAL_NO_METHOD_SPECIFIC_SENSITIVITY,BOUND_BY_SOURCE_CODE,PARTIALLY_GROUNDED,NO
B1_CURRENT_STANDARD_V2_20260728,realtime_low_conf_recovery_guard,engineering_or_indirect,boolean,"{false,true}",false,INHERITED_DEFAULT_WITH_PROVENANCE,src/pig_behavior/tracking/config.py sha256=52c5f54ad44b6f76a8d143d168bdc942542d5fd263903cbf630f9c58ecf1cdd0,not a separate empirical selection,not separately selected,global profile; not per-video,engineering_or_indirect,not established,YES,Inherited from the hashed TrackingConfig source; no separate sensitivity claim.,PARTIAL_NO_METHOD_SPECIFIC_SENSITIVITY,BOUND_BY_SOURCE_CODE,PARTIALLY_GROUNDED,NO
B1_CURRENT_STANDARD_V2_20260728,realtime_low_conf_recovery_max_missed,lifecycle,frames,non-negative integer unless sentinel documented,20,INHERITED_DEFAULT_WITH_PROVENANCE,src/pig_behavior/tracking/config.py sha256=52c5f54ad44b6f76a8d143d168bdc942542d5fd263903cbf630f9c58ecf1cdd0,not a separate empirical selection,not separately selected,global profile; not per-video,lifecycle,not established,YES,Inherited from the hashed TrackingConfig source; no separate sensitivity claim.,PARTIAL_NO_METHOD_SPECIFIC_SENSITIVITY,BOUND_BY_SOURCE_CODE,PARTIALLY_GROUNDED,NO
B1_CURRENT_STANDARD_V2_20260728,realtime_low_conf_recovery_min_missed,lifecycle,frames,non-negative integer unless sentinel documented,3,INHERITED_DEFAULT_WITH_PROVENANCE,src/pig_behavior/tracking/config.py sha256=52c5f54ad44b6f76a8d143d168bdc942542d5fd263903cbf630f9c58ecf1cdd0,not a separate empirical selection,not separately selected,global profile; not per-video,lifecycle,not established,YES,Inherited from the hashed TrackingConfig source; no separate sensitivity claim.,PARTIAL_NO_METHOD_SPECIFIC_SENSITIVITY,BOUND_BY_SOURCE_CODE,PARTIALLY_GROUNDED,NO
B1_CURRENT_STANDARD_V2_20260728,realtime_low_conf_recovery_min_score,engineering_or_indirect,unitless,source-defined numeric domain,0.5,INHERITED_DEFAULT_WITH_PROVENANCE,src/pig_behavior/tracking/config.py sha256=52c5f54ad44b6f76a8d143d168bdc942542d5fd263903cbf630f9c58ecf1cdd0,not a separate empirical selection,not separately selected,global profile; not per-video,engineering_or_indirect,not established,YES,Inherited from the hashed TrackingConfig source; no separate sensitivity claim.,PARTIAL_NO_METHOD_SPECIFIC_SENSITIVITY,BOUND_BY_SOURCE_CODE,PARTIALLY_GROUNDED,NO
B1_CURRENT_STANDARD_V2_20260728,realtime_motion_pair_dense_fallback_max_edges,engineering_or_indirect,count,source-defined integer domain,3,INHERITED_DEFAULT_WITH_PROVENANCE,src/pig_behavior/tracking/config.py sha256=52c5f54ad44b6f76a8d143d168bdc942542d5fd263903cbf630f9c58ecf1cdd0,not a separate empirical selection,not separately selected,global profile; not per-video,engineering_or_indirect,not established,YES,Inherited from the hashed TrackingConfig source; no separate sensitivity claim.,PARTIAL_NO_METHOD_SPECIFIC_SENSITIVITY,BOUND_BY_SOURCE_CODE,PARTIALLY_GROUNDED,NO
B1_CURRENT_STANDARD_V2_20260728,realtime_motion_pair_dense_fallback_max_support_ratio,engineering_or_indirect,unitless,source-defined numeric domain,0.35,INHERITED_DEFAULT_WITH_PROVENANCE,src/pig_behavior/tracking/config.py sha256=52c5f54ad44b6f76a8d143d168bdc942542d5fd263903cbf630f9c58ecf1cdd0,not a separate empirical selection,not separately selected,global profile; not per-video,engineering_or_indirect,not established,YES,Inherited from the hashed TrackingConfig source; no separate sensitivity claim.,PARTIAL_NO_METHOD_SPECIFIC_SENSITIVITY,BOUND_BY_SOURCE_CODE,PARTIALLY_GROUNDED,NO
B1_CURRENT_STANDARD_V2_20260728,realtime_motion_pair_dense_fallback_min_edge_gain,engineering_or_indirect,unitless,source-defined numeric domain,0.0,INHERITED_DEFAULT_WITH_PROVENANCE,src/pig_behavior/tracking/config.py sha256=52c5f54ad44b6f76a8d143d168bdc942542d5fd263903cbf630f9c58ecf1cdd0,not a separate empirical selection,not separately selected,global profile; not per-video,engineering_or_indirect,not established,YES,Inherited from the hashed TrackingConfig source; no separate sensitivity claim.,PARTIAL_NO_METHOD_SPECIFIC_SENSITIVITY,BOUND_BY_SOURCE_CODE,PARTIALLY_GROUNDED,NO
B1_CURRENT_STANDARD_V2_20260728,realtime_motion_pair_dense_fallback_min_median_gain,engineering_or_indirect,unitless,source-defined numeric domain,0.0,INHERITED_DEFAULT_WITH_PROVENANCE,src/pig_behavior/tracking/config.py sha256=52c5f54ad44b6f76a8d143d168bdc942542d5fd263903cbf630f9c58ecf1cdd0,not a separate empirical selection,not separately selected,global profile; not per-video,engineering_or_indirect,not established,YES,Inherited from the hashed TrackingConfig source; no separate sensitivity claim.,PARTIAL_NO_METHOD_SPECIFIC_SENSITIVITY,BOUND_BY_SOURCE_CODE,PARTIALLY_GROUNDED,NO
B1_CURRENT_STANDARD_V2_20260728,realtime_motion_pair_fixed_lag_frames,runtime,frames,non-negative integer unless sentinel documented,0,INHERITED_DEFAULT_WITH_PROVENANCE,src/pig_behavior/tracking/config.py sha256=52c5f54ad44b6f76a8d143d168bdc942542d5fd263903cbf630f9c58ecf1cdd0,not a separate empirical selection,not separately selected,global profile; not per-video,runtime,not established,YES,Inherited from the hashed TrackingConfig source; no separate sensitivity claim.,PARTIAL_NO_METHOD_SPECIFIC_SENSITIVITY,BOUND_BY_SOURCE_CODE,PARTIALLY_GROUNDED,NO
B1_CURRENT_STANDARD_V2_20260728,realtime_motion_pair_max_component_edges,engineering_or_indirect,count,source-defined integer domain,3,INHERITED_DEFAULT_WITH_PROVENANCE,src/pig_behavior/tracking/config.py sha256=52c5f54ad44b6f76a8d143d168bdc942542d5fd263903cbf630f9c58ecf1cdd0,not a separate empirical selection,not separately selected,global profile; not per-video,engineering_or_indirect,not established,YES,Inherited from the hashed TrackingConfig source; no separate sensitivity claim.,PARTIAL_NO_METHOD_SPECIFIC_SENSITIVITY,BOUND_BY_SOURCE_CODE,PARTIALLY_GROUNDED,NO
B1_CURRENT_STANDARD_V2_20260728,realtime_motion_pair_max_component_size,engineering_or_indirect,count,source-defined integer domain,4,INHERITED_DEFAULT_WITH_PROVENANCE,src/pig_behavior/tracking/config.py sha256=52c5f54ad44b6f76a8d143d168bdc942542d5fd263903cbf630f9c58ecf1cdd0,not a separate empirical selection,not separately selected,global profile; not per-video,engineering_or_indirect,not established,YES,Inherited from the hashed TrackingConfig source; no separate sensitivity claim.,PARTIAL_NO_METHOD_SPECIFIC_SENSITIVITY,BOUND_BY_SOURCE_CODE,PARTIALLY_GROUNDED,NO
B1_CURRENT_STANDARD_V2_20260728,realtime_motion_pair_max_jump,engineering_or_indirect,unitless,source-defined numeric domain,0.1,INHERITED_DEFAULT_WITH_PROVENANCE,src/pig_behavior/tracking/config.py sha256=52c5f54ad44b6f76a8d143d168bdc942542d5fd263903cbf630f9c58ecf1cdd0,not a separate empirical selection,not separately selected,global profile; not per-video,engineering_or_indirect,not established,YES,Inherited from the hashed TrackingConfig source; no separate sensitivity claim.,PARTIAL_NO_METHOD_SPECIFIC_SENSITIVITY,BOUND_BY_SOURCE_CODE,PARTIALLY_GROUNDED,NO
B1_CURRENT_STANDARD_V2_20260728,realtime_motion_pair_memory_frames,runtime,frames,non-negative integer unless sentinel documented,30,INHERITED_DEFAULT_WITH_PROVENANCE,src/pig_behavior/tracking/config.py sha256=52c5f54ad44b6f76a8d143d168bdc942542d5fd263903cbf630f9c58ecf1cdd0,not a separate empirical selection,not separately selected,global profile; not per-video,runtime,not established,YES,Inherited from the hashed TrackingConfig source; no separate sensitivity claim.,PARTIAL_NO_METHOD_SPECIFIC_SENSITIVITY,BOUND_BY_SOURCE_CODE,PARTIALLY_GROUNDED,NO
B1_CURRENT_STANDARD_V2_20260728,realtime_motion_pair_min_gain,engineering_or_indirect,unitless,source-defined numeric domain,0.01,INHERITED_DEFAULT_WITH_PROVENANCE,src/pig_behavior/tracking/config.py sha256=52c5f54ad44b6f76a8d143d168bdc942542d5fd263903cbf630f9c58ecf1cdd0,not a separate empirical selection,not separately selected,global profile; not per-video,engineering_or_indirect,not established,YES,Inherited from the hashed TrackingConfig source; no separate sensitivity claim.,PARTIAL_NO_METHOD_SPECIFIC_SENSITIVITY,BOUND_BY_SOURCE_CODE,PARTIALLY_GROUNDED,NO
B1_CURRENT_STANDARD_V2_20260728,realtime_motion_pair_simple_max_component_size,engineering_or_indirect,count,source-defined integer domain,2,INHERITED_DEFAULT_WITH_PROVENANCE,src/pig_behavior/tracking/config.py sha256=52c5f54ad44b6f76a8d143d168bdc942542d5fd263903cbf630f9c58ecf1cdd0,not a separate empirical selection,not separately selected,global profile; not per-video,engineering_or_indirect,not established,YES,Inherited from the hashed TrackingConfig source; no separate sensitivity claim.,PARTIAL_NO_METHOD_SPECIFIC_SENSITIVITY,BOUND_BY_SOURCE_CODE,PARTIALLY_GROUNDED,NO
B1_CURRENT_STANDARD_V2_20260728,realtime_motion_pair_simple_min_gain,engineering_or_indirect,unitless,source-defined numeric domain,0.0,INHERITED_DEFAULT_WITH_PROVENANCE,src/pig_behavior/tracking/config.py sha256=52c5f54ad44b6f76a8d143d168bdc942542d5fd263903cbf630f9c58ecf1cdd0,not a separate empirical selection,not separately selected,global profile; not per-video,engineering_or_indirect,not established,YES,Inherited from the hashed TrackingConfig source; no separate sensitivity claim.,PARTIAL_NO_METHOD_SPECIFIC_SENSITIVITY,BOUND_BY_SOURCE_CODE,PARTIALLY_GROUNDED,NO
B1_CURRENT_STANDARD_V2_20260728,realtime_motion_pair_stabilizer,engineering_or_indirect,boolean,"{false,true}",false,INHERITED_DEFAULT_WITH_PROVENANCE,src/pig_behavior/tracking/config.py sha256=52c5f54ad44b6f76a8d143d168bdc942542d5fd263903cbf630f9c58ecf1cdd0,not a separate empirical selection,not separately selected,global profile; not per-video,engineering_or_indirect,not established,YES,Inherited from the hashed TrackingConfig source; no separate sensitivity claim.,PARTIAL_NO_METHOD_SPECIFIC_SENSITIVITY,BOUND_BY_SOURCE_CODE,PARTIALLY_GROUNDED,NO
B1_CURRENT_STANDARD_V2_20260728,realtime_visible_better_competitor_min_cost,association,unitless,source-defined numeric domain,0.5,INHERITED_DEFAULT_WITH_PROVENANCE,src/pig_behavior/tracking/config.py sha256=52c5f54ad44b6f76a8d143d168bdc942542d5fd263903cbf630f9c58ecf1cdd0,not a separate empirical selection,not separately selected,global profile; not per-video,association,not established,YES,Inherited from the hashed TrackingConfig source; no separate sensitivity claim.,PARTIAL_NO_METHOD_SPECIFIC_SENSITIVITY,BOUND_BY_SOURCE_CODE,PARTIALLY_GROUNDED,NO
B1_CURRENT_STANDARD_V2_20260728,realtime_visible_better_competitor_min_gain,engineering_or_indirect,unitless,source-defined numeric domain,0.2,INHERITED_DEFAULT_WITH_PROVENANCE,src/pig_behavior/tracking/config.py sha256=52c5f54ad44b6f76a8d143d168bdc942542d5fd263903cbf630f9c58ecf1cdd0,not a separate empirical selection,not separately selected,global profile; not per-video,engineering_or_indirect,not established,YES,Inherited from the hashed TrackingConfig source; no separate sensitivity claim.,PARTIAL_NO_METHOD_SPECIFIC_SENSITIVITY,BOUND_BY_SOURCE_CODE,PARTIALLY_GROUNDED,NO
B1_CURRENT_STANDARD_V2_20260728,realtime_visible_better_competitor_prefer,engineering_or_indirect,boolean,"{false,true}",false,INHERITED_DEFAULT_WITH_PROVENANCE,src/pig_behavior/tracking/config.py sha256=52c5f54ad44b6f76a8d143d168bdc942542d5fd263903cbf630f9c58ecf1cdd0,not a separate empirical selection,not separately selected,global profile; not per-video,engineering_or_indirect,not established,YES,Inherited from the hashed TrackingConfig source; no separate sensitivity claim.,PARTIAL_NO_METHOD_SPECIFIC_SENSITIVITY,BOUND_BY_SOURCE_CODE,PARTIALLY_GROUNDED,NO
B1_CURRENT_STANDARD_V2_20260728,realtime_visible_better_competitor_reject,engineering_or_indirect,boolean,"{false,true}",false,INHERITED_DEFAULT_WITH_PROVENANCE,src/pig_behavior/tracking/config.py sha256=52c5f54ad44b6f76a8d143d168bdc942542d5fd263903cbf630f9c58ecf1cdd0,not a separate empirical selection,not separately selected,global profile; not per-video,engineering_or_indirect,not established,YES,Inherited from the hashed TrackingConfig source; no separate sensitivity claim.,PARTIAL_NO_METHOD_SPECIFIC_SENSITIVITY,BOUND_BY_SOURCE_CODE,PARTIALLY_GROUNDED,NO
B1_CURRENT_STANDARD_V2_20260728,realtime_visible_close_competitor_guard,engineering_or_indirect,boolean,"{false,true}",false,INHERITED_DEFAULT_WITH_PROVENANCE,src/pig_behavior/tracking/config.py sha256=52c5f54ad44b6f76a8d143d168bdc942542d5fd263903cbf630f9c58ecf1cdd0,not a separate empirical selection,not separately selected,global profile; not per-video,engineering_or_indirect,not established,YES,Inherited from the hashed TrackingConfig source; no separate sensitivity claim.,PARTIAL_NO_METHOD_SPECIFIC_SENSITIVITY,BOUND_BY_SOURCE_CODE,PARTIALLY_GROUNDED,NO
B1_CURRENT_STANDARD_V2_20260728,realtime_visible_close_competitor_margin,engineering_or_indirect,unitless,source-defined numeric domain,0.012,INHERITED_DEFAULT_WITH_PROVENANCE,src/pig_behavior/tracking/config.py sha256=52c5f54ad44b6f76a8d143d168bdc942542d5fd263903cbf630f9c58ecf1cdd0,not a separate empirical selection,not separately selected,global profile; not per-video,engineering_or_indirect,not established,YES,Inherited from the hashed TrackingConfig source; no separate sensitivity claim.,PARTIAL_NO_METHOD_SPECIFIC_SENSITIVITY,BOUND_BY_SOURCE_CODE,PARTIALLY_GROUNDED,NO
B1_CURRENT_STANDARD_V2_20260728,realtime_visible_close_competitor_max_cost,association,unitless,source-defined numeric domain,0.35,INHERITED_DEFAULT_WITH_PROVENANCE,src/pig_behavior/tracking/config.py sha256=52c5f54ad44b6f76a8d143d168bdc942542d5fd263903cbf630f9c58ecf1cdd0,not a separate empirical selection,not separately selected,global profile; not per-video,association,not established,YES,Inherited from the hashed TrackingConfig source; no separate sensitivity claim.,PARTIAL_NO_METHOD_SPECIFIC_SENSITIVITY,BOUND_BY_SOURCE_CODE,PARTIALLY_GROUNDED,NO
B1_CURRENT_STANDARD_V2_20260728,realtime_visible_close_competitor_min_center_x_ratio,engineering_or_indirect,unitless,source-defined numeric domain,0.0,INHERITED_DEFAULT_WITH_PROVENANCE,src/pig_behavior/tracking/config.py sha256=52c5f54ad44b6f76a8d143d168bdc942542d5fd263903cbf630f9c58ecf1cdd0,not a separate empirical selection,not separately selected,global profile; not per-video,engineering_or_indirect,not established,YES,Inherited from the hashed TrackingConfig source; no separate sensitivity claim.,PARTIAL_NO_METHOD_SPECIFIC_SENSITIVITY,BOUND_BY_SOURCE_CODE,PARTIALLY_GROUNDED,NO
B1_CURRENT_STANDARD_V2_20260728,realtime_visible_close_competitor_min_hits,engineering_or_indirect,count,source-defined integer domain,3,INHERITED_DEFAULT_WITH_PROVENANCE,src/pig_behavior/tracking/config.py sha256=52c5f54ad44b6f76a8d143d168bdc942542d5fd263903cbf630f9c58ecf1cdd0,not a separate empirical selection,not separately selected,global profile; not per-video,engineering_or_indirect,not established,YES,Inherited from the hashed TrackingConfig source; no separate sensitivity claim.,PARTIAL_NO_METHOD_SPECIFIC_SENSITIVITY,BOUND_BY_SOURCE_CODE,PARTIALLY_GROUNDED,NO
B1_CURRENT_STANDARD_V2_20260728,reentry_ambiguous_hold,lifecycle,boolean,"{false,true}",false,INHERITED_DEFAULT_WITH_PROVENANCE,src/pig_behavior/tracking/config.py sha256=52c5f54ad44b6f76a8d143d168bdc942542d5fd263903cbf630f9c58ecf1cdd0,not a separate empirical selection,not separately selected,global profile; not per-video,lifecycle,not established,YES,Inherited from the hashed TrackingConfig source; no separate sensitivity claim.,PARTIAL_NO_METHOD_SPECIFIC_SENSITIVITY,BOUND_BY_SOURCE_CODE,PARTIALLY_GROUNDED,NO
B1_CURRENT_STANDARD_V2_20260728,reentry_ambiguous_hold_frame_windows,lifecycle|runtime,frames,non-negative integer unless sentinel documented,"""""",INHERITED_DEFAULT_WITH_PROVENANCE,src/pig_behavior/tracking/config.py sha256=52c5f54ad44b6f76a8d143d168bdc942542d5fd263903cbf630f9c58ecf1cdd0,not a separate empirical selection,not separately selected,global profile; not per-video,lifecycle|runtime,not established,YES,Inherited from the hashed TrackingConfig source; no separate sensitivity claim.,PARTIAL_NO_METHOD_SPECIFIC_SENSITIVITY,BOUND_BY_SOURCE_CODE,PARTIALLY_GROUNDED,NO
B1_CURRENT_STANDARD_V2_20260728,reentry_ambiguous_hold_max_cost,association|lifecycle,unitless,source-defined numeric domain,1.0,INHERITED_DEFAULT_WITH_PROVENANCE,src/pig_behavior/tracking/config.py sha256=52c5f54ad44b6f76a8d143d168bdc942542d5fd263903cbf630f9c58ecf1cdd0,not a separate empirical selection,not separately selected,global profile; not per-video,association|lifecycle,not established,YES,Inherited from the hashed TrackingConfig source; no separate sensitivity claim.,PARTIAL_NO_METHOD_SPECIFIC_SENSITIVITY,BOUND_BY_SOURCE_CODE,PARTIALLY_GROUNDED,NO
B1_CURRENT_STANDARD_V2_20260728,reentry_ambiguous_hold_max_missed,lifecycle,frames,non-negative integer unless sentinel documented,0,INHERITED_DEFAULT_WITH_PROVENANCE,src/pig_behavior/tracking/config.py sha256=52c5f54ad44b6f76a8d143d168bdc942542d5fd263903cbf630f9c58ecf1cdd0,not a separate empirical selection,not separately selected,global profile; not per-video,lifecycle,not established,YES,Inherited from the hashed TrackingConfig source; no separate sensitivity claim.,PARTIAL_NO_METHOD_SPECIFIC_SENSITIVITY,BOUND_BY_SOURCE_CODE,PARTIALLY_GROUNDED,NO
B1_CURRENT_STANDARD_V2_20260728,reentry_ambiguous_hold_min_cost,association|lifecycle,unitless,source-defined numeric domain,0.0,INHERITED_DEFAULT_WITH_PROVENANCE,src/pig_behavior/tracking/config.py sha256=52c5f54ad44b6f76a8d143d168bdc942542d5fd263903cbf630f9c58ecf1cdd0,not a separate empirical selection,not separately selected,global profile; not per-video,association|lifecycle,not established,YES,Inherited from the hashed TrackingConfig source; no separate sensitivity claim.,PARTIAL_NO_METHOD_SPECIFIC_SENSITIVITY,BOUND_BY_SOURCE_CODE,PARTIALLY_GROUNDED,NO
B1_CURRENT_STANDARD_V2_20260728,reentry_ambiguous_hold_min_hits,lifecycle,count,source-defined integer domain,3,INHERITED_DEFAULT_WITH_PROVENANCE,src/pig_behavior/tracking/config.py sha256=52c5f54ad44b6f76a8d143d168bdc942542d5fd263903cbf630f9c58ecf1cdd0,not a separate empirical selection,not separately selected,global profile; not per-video,lifecycle,not established,YES,Inherited from the hashed TrackingConfig source; no separate sensitivity claim.,PARTIAL_NO_METHOD_SPECIFIC_SENSITIVITY,BOUND_BY_SOURCE_CODE,PARTIALLY_GROUNDED,NO
B1_CURRENT_STANDARD_V2_20260728,reentry_ambiguous_hold_min_missed,lifecycle,frames,non-negative integer unless sentinel documented,2,INHERITED_DEFAULT_WITH_PROVENANCE,src/pig_behavior/tracking/config.py sha256=52c5f54ad44b6f76a8d143d168bdc942542d5fd263903cbf630f9c58ecf1cdd0,not a separate empirical selection,not separately selected,global profile; not per-video,lifecycle,not established,YES,Inherited from the hashed TrackingConfig source; no separate sensitivity claim.,PARTIAL_NO_METHOD_SPECIFIC_SENSITIVITY,BOUND_BY_SOURCE_CODE,PARTIALLY_GROUNDED,NO
B1_CURRENT_STANDARD_V2_20260728,reentry_ambiguous_hold_raw_evidence_only,lifecycle,boolean,"{false,true}",false,INHERITED_DEFAULT_WITH_PROVENANCE,src/pig_behavior/tracking/config.py sha256=52c5f54ad44b6f76a8d143d168bdc942542d5fd263903cbf630f9c58ecf1cdd0,not a separate empirical selection,not separately selected,global profile; not per-video,lifecycle,not established,YES,Inherited from the hashed TrackingConfig source; no separate sensitivity claim.,PARTIAL_NO_METHOD_SPECIFIC_SENSITIVITY,BOUND_BY_SOURCE_CODE,PARTIALLY_GROUNDED,NO
B1_CURRENT_STANDARD_V2_20260728,reentry_ambiguous_hold_video_stems,lifecycle|runtime,categorical/path,source-defined allowed values,"""""",INHERITED_DEFAULT_WITH_PROVENANCE,src/pig_behavior/tracking/config.py sha256=52c5f54ad44b6f76a8d143d168bdc942542d5fd263903cbf630f9c58ecf1cdd0,not a separate empirical selection,not separately selected,global profile; not per-video,lifecycle|runtime,not established,YES,Inherited from the hashed TrackingConfig source; no separate sensitivity claim.,PARTIAL_NO_METHOD_SPECIFIC_SENSITIVITY,BOUND_BY_SOURCE_CODE,PARTIALLY_GROUNDED,NO
B1_CURRENT_STANDARD_V2_20260728,reentry_unowned_raw_mismatch_episode_action,association|lifecycle,categorical/path,source-defined allowed values,"""hold""",PREDECLARED_DEVELOPMENT_SELECTION,src/pig_behavior/tracking/profiles/hybrid_bytetrack.py sha256=b3c63faffa705915e2e9e9b7823068af229ceedd9b263a68579e7d7b384500e6,13-video development evidence,frozen before authority execution; earlier development data visible,global profile; not per-video,association|lifecycle,authority/ablation record may exist; not universal,YES,Profile override frozen by a development authority before its authority run.,SUFFICIENT_WITH_DEVELOPMENT_SCOPE_LIMITATION,BOUND_BY_EFFECTIVE_CONFIG,FULLY_GROUNDED,NO
B1_CURRENT_STANDARD_V2_20260728,reentry_unowned_raw_mismatch_episode_max_cost,association|lifecycle,unitless,source-defined numeric domain,0.36,PREDECLARED_DEVELOPMENT_SELECTION,src/pig_behavior/tracking/profiles/hybrid_bytetrack.py sha256=b3c63faffa705915e2e9e9b7823068af229ceedd9b263a68579e7d7b384500e6,13-video development evidence,frozen before authority execution; earlier development data visible,global profile; not per-video,association|lifecycle,authority/ablation record may exist; not universal,YES,Profile override frozen by a development authority before its authority run.,SUFFICIENT_WITH_DEVELOPMENT_SCOPE_LIMITATION,BOUND_BY_EFFECTIVE_CONFIG,FULLY_GROUNDED,NO
B1_CURRENT_STANDARD_V2_20260728,reentry_unowned_raw_mismatch_episode_max_events,association|lifecycle,count,source-defined integer domain,8,PREDECLARED_DEVELOPMENT_SELECTION,src/pig_behavior/tracking/profiles/hybrid_bytetrack.py sha256=b3c63faffa705915e2e9e9b7823068af229ceedd9b263a68579e7d7b384500e6,13-video development evidence,frozen before authority execution; earlier development data visible,global profile; not per-video,association|lifecycle,authority/ablation record may exist; not universal,YES,Profile override frozen by a development authority before its authority run.,SUFFICIENT_WITH_DEVELOPMENT_SCOPE_LIMITATION,BOUND_BY_EFFECTIVE_CONFIG,FULLY_GROUNDED,NO
B1_CURRENT_STANDARD_V2_20260728,reentry_unowned_raw_mismatch_episode_max_missed,association|lifecycle,frames,non-negative integer unless sentinel documented,20,PREDECLARED_DEVELOPMENT_SELECTION,src/pig_behavior/tracking/profiles/hybrid_bytetrack.py sha256=b3c63faffa705915e2e9e9b7823068af229ceedd9b263a68579e7d7b384500e6,13-video development evidence,frozen before authority execution; earlier development data visible,global profile; not per-video,association|lifecycle,authority/ablation record may exist; not universal,YES,Profile override frozen by a development authority before its authority run.,SUFFICIENT_WITH_DEVELOPMENT_SCOPE_LIMITATION,BOUND_BY_EFFECTIVE_CONFIG,FULLY_GROUNDED,NO
B1_CURRENT_STANDARD_V2_20260728,reentry_unowned_raw_mismatch_episode_min_cost,association|lifecycle,unitless,source-defined numeric domain,0.0,INHERITED_DEFAULT_WITH_PROVENANCE,src/pig_behavior/tracking/config.py sha256=52c5f54ad44b6f76a8d143d168bdc942542d5fd263903cbf630f9c58ecf1cdd0,not a separate empirical selection,not separately selected,global profile; not per-video,association|lifecycle,not established,YES,Inherited from the hashed TrackingConfig source; no separate sensitivity claim.,PARTIAL_NO_METHOD_SPECIFIC_SENSITIVITY,BOUND_BY_SOURCE_CODE,PARTIALLY_GROUNDED,NO
B1_CURRENT_STANDARD_V2_20260728,reentry_unowned_raw_mismatch_episode_min_events,association|lifecycle,count,source-defined integer domain,3,INHERITED_DEFAULT_WITH_PROVENANCE,src/pig_behavior/tracking/config.py sha256=52c5f54ad44b6f76a8d143d168bdc942542d5fd263903cbf630f9c58ecf1cdd0,not a separate empirical selection,not separately selected,global profile; not per-video,association|lifecycle,not established,YES,Inherited from the hashed TrackingConfig source; no separate sensitivity claim.,PARTIAL_NO_METHOD_SPECIFIC_SENSITIVITY,BOUND_BY_SOURCE_CODE,PARTIALLY_GROUNDED,NO
B1_CURRENT_STANDARD_V2_20260728,reentry_unowned_raw_mismatch_episode_min_missed,association|lifecycle,frames,non-negative integer unless sentinel documented,1,PREDECLARED_DEVELOPMENT_SELECTION,src/pig_behavior/tracking/profiles/hybrid_bytetrack.py sha256=b3c63faffa705915e2e9e9b7823068af229ceedd9b263a68579e7d7b384500e6,13-video development evidence,frozen before authority execution; earlier development data visible,global profile; not per-video,association|lifecycle,authority/ablation record may exist; not universal,YES,Profile override frozen by a development authority before its authority run.,SUFFICIENT_WITH_DEVELOPMENT_SCOPE_LIMITATION,BOUND_BY_EFFECTIVE_CONFIG,FULLY_GROUNDED,NO
B1_CURRENT_STANDARD_V2_20260728,reentry_unowned_raw_mismatch_episode_phases,association|lifecycle,categorical/path,source-defined allowed values,"""reid""",INHERITED_DEFAULT_WITH_PROVENANCE,src/pig_behavior/tracking/config.py sha256=52c5f54ad44b6f76a8d143d168bdc942542d5fd263903cbf630f9c58ecf1cdd0,not a separate empirical selection,not separately selected,global profile; not per-video,association|lifecycle,not established,YES,Inherited from the hashed TrackingConfig source; no separate sensitivity claim.,PARTIAL_NO_METHOD_SPECIFIC_SENSITIVITY,BOUND_BY_SOURCE_CODE,PARTIALLY_GROUNDED,NO
B1_CURRENT_STANDARD_V2_20260728,reentry_unowned_raw_mismatch_episode_reject,association|lifecycle,boolean,"{false,true}",true,PREDECLARED_DEVELOPMENT_SELECTION,src/pig_behavior/tracking/profiles/hybrid_bytetrack.py sha256=b3c63faffa705915e2e9e9b7823068af229ceedd9b263a68579e7d7b384500e6,13-video development evidence,frozen before authority execution; earlier development data visible,global profile; not per-video,association|lifecycle,authority/ablation record may exist; not universal,YES,Profile override frozen by a development authority before its authority run.,SUFFICIENT_WITH_DEVELOPMENT_SCOPE_LIMITATION,BOUND_BY_EFFECTIVE_CONFIG,FULLY_GROUNDED,NO
B1_CURRENT_STANDARD_V2_20260728,reentry_unowned_raw_mismatch_episode_window_frames,association|lifecycle|runtime,frames,non-negative integer unless sentinel documented,24,INHERITED_DEFAULT_WITH_PROVENANCE,src/pig_behavior/tracking/config.py sha256=52c5f54ad44b6f76a8d143d168bdc942542d5fd263903cbf630f9c58ecf1cdd0,not a separate empirical selection,not separately selected,global profile; not per-video,association|lifecycle|runtime,not established,YES,Inherited from the hashed TrackingConfig source; no separate sensitivity claim.,PARTIAL_NO_METHOD_SPECIFIC_SENSITIVITY,BOUND_BY_SOURCE_CODE,PARTIALLY_GROUNDED,NO
B1_CURRENT_STANDARD_V2_20260728,reentry_unowned_raw_mismatch_max_cost,association|lifecycle,unitless,source-defined numeric domain,0.3,INHERITED_DEFAULT_WITH_PROVENANCE,src/pig_behavior/tracking/config.py sha256=52c5f54ad44b6f76a8d143d168bdc942542d5fd263903cbf630f9c58ecf1cdd0,not a separate empirical selection,not separately selected,global profile; not per-video,association|lifecycle,not established,YES,Inherited from the hashed TrackingConfig source; no separate sensitivity claim.,PARTIAL_NO_METHOD_SPECIFIC_SENSITIVITY,BOUND_BY_SOURCE_CODE,PARTIALLY_GROUNDED,NO
B1_CURRENT_STANDARD_V2_20260728,reentry_unowned_raw_mismatch_max_missed,association|lifecycle,frames,non-negative integer unless sentinel documented,5,INHERITED_DEFAULT_WITH_PROVENANCE,src/pig_behavior/tracking/config.py sha256=52c5f54ad44b6f76a8d143d168bdc942542d5fd263903cbf630f9c58ecf1cdd0,not a separate empirical selection,not separately selected,global profile; not per-video,association|lifecycle,not established,YES,Inherited from the hashed TrackingConfig source; no separate sensitivity claim.,PARTIAL_NO_METHOD_SPECIFIC_SENSITIVITY,BOUND_BY_SOURCE_CODE,PARTIALLY_GROUNDED,NO
B1_CURRENT_STANDARD_V2_20260728,reentry_unowned_raw_mismatch_min_missed,association|lifecycle,frames,non-negative integer unless sentinel documented,1,INHERITED_DEFAULT_WITH_PROVENANCE,src/pig_behavior/tracking/config.py sha256=52c5f54ad44b6f76a8d143d168bdc942542d5fd263903cbf630f9c58ecf1cdd0,not a separate empirical selection,not separately selected,global profile; not per-video,association|lifecycle,not established,YES,Inherited from the hashed TrackingConfig source; no separate sensitivity claim.,PARTIAL_NO_METHOD_SPECIFIC_SENSITIVITY,BOUND_BY_SOURCE_CODE,PARTIALLY_GROUNDED,NO
B1_CURRENT_STANDARD_V2_20260728,reentry_unowned_raw_mismatch_quarantine_frames,association|lifecycle|runtime,frames,non-negative integer unless sentinel documented,0,INHERITED_DEFAULT_WITH_PROVENANCE,src/pig_behavior/tracking/config.py sha256=52c5f54ad44b6f76a8d143d168bdc942542d5fd263903cbf630f9c58ecf1cdd0,not a separate empirical selection,not separately selected,global profile; not per-video,association|lifecycle|runtime,not established,YES,Inherited from the hashed TrackingConfig source; no separate sensitivity claim.,PARTIAL_NO_METHOD_SPECIFIC_SENSITIVITY,BOUND_BY_SOURCE_CODE,PARTIALLY_GROUNDED,NO
B1_CURRENT_STANDARD_V2_20260728,reentry_unowned_raw_mismatch_quarantine_max_cost,association|lifecycle,unitless,source-defined numeric domain,0.35,INHERITED_DEFAULT_WITH_PROVENANCE,src/pig_behavior/tracking/config.py sha256=52c5f54ad44b6f76a8d143d168bdc942542d5fd263903cbf630f9c58ecf1cdd0,not a separate empirical selection,not separately selected,global profile; not per-video,association|lifecycle,not established,YES,Inherited from the hashed TrackingConfig source; no separate sensitivity claim.,PARTIAL_NO_METHOD_SPECIFIC_SENSITIVITY,BOUND_BY_SOURCE_CODE,PARTIALLY_GROUNDED,NO
B1_CURRENT_STANDARD_V2_20260728,reentry_unowned_raw_mismatch_quarantine_min_seed_cost,association|lifecycle,unitless,source-defined numeric domain,0.0,INHERITED_DEFAULT_WITH_PROVENANCE,src/pig_behavior/tracking/config.py sha256=52c5f54ad44b6f76a8d143d168bdc942542d5fd263903cbf630f9c58ecf1cdd0,not a separate empirical selection,not separately selected,global profile; not per-video,association|lifecycle,not established,YES,Inherited from the hashed TrackingConfig source; no separate sensitivity claim.,PARTIAL_NO_METHOD_SPECIFIC_SENSITIVITY,BOUND_BY_SOURCE_CODE,PARTIALLY_GROUNDED,NO
B1_CURRENT_STANDARD_V2_20260728,reentry_unowned_raw_mismatch_reject,association|lifecycle,boolean,"{false,true}",false,INHERITED_DEFAULT_WITH_PROVENANCE,src/pig_behavior/tracking/config.py sha256=52c5f54ad44b6f76a8d143d168bdc942542d5fd263903cbf630f9c58ecf1cdd0,not a separate empirical selection,not separately selected,global profile; not per-video,association|lifecycle,not established,YES,Inherited from the hashed TrackingConfig source; no separate sensitivity claim.,PARTIAL_NO_METHOD_SPECIFIC_SENSITIVITY,BOUND_BY_SOURCE_CODE,PARTIALLY_GROUNDED,NO
B1_CURRENT_STANDARD_V2_20260728,refine_boxes,bbox_geometry,boolean,"{false,true}",true,PREDECLARED_DEVELOPMENT_SELECTION,src/pig_behavior/tracking/profiles/hybrid_bytetrack.py sha256=b3c63faffa705915e2e9e9b7823068af229ceedd9b263a68579e7d7b384500e6,13-video development evidence,frozen before authority execution; earlier development data visible,global profile; not per-video,bbox_geometry,authority/ablation record may exist; not universal,YES,Profile override frozen by a development authority before its authority run.,SUFFICIENT_WITH_DEVELOPMENT_SCOPE_LIMITATION,BOUND_BY_EFFECTIVE_CONFIG,FULLY_GROUNDED,NO
B1_CURRENT_STANDARD_V2_20260728,refine_max_gap_frames,bbox_geometry|runtime,frames,non-negative integer unless sentinel documented,15,INHERITED_DEFAULT_WITH_PROVENANCE,src/pig_behavior/tracking/config.py sha256=52c5f54ad44b6f76a8d143d168bdc942542d5fd263903cbf630f9c58ecf1cdd0,not a separate empirical selection,not separately selected,global profile; not per-video,bbox_geometry|runtime,not established,YES,Inherited from the hashed TrackingConfig source; no separate sensitivity claim.,PARTIAL_NO_METHOD_SPECIFIC_SENSITIVITY,BOUND_BY_SOURCE_CODE,PARTIALLY_GROUNDED,NO
B1_CURRENT_STANDARD_V2_20260728,refine_max_previous_gap_frames,association|bbox_geometry|runtime,unitless ratio,"[0,1] unless source contract states otherwise",0,INHERITED_DEFAULT_WITH_PROVENANCE,src/pig_behavior/tracking/config.py sha256=52c5f54ad44b6f76a8d143d168bdc942542d5fd263903cbf630f9c58ecf1cdd0,not a separate empirical selection,not separately selected,global profile; not per-video,association|bbox_geometry|runtime,not established,YES,Inherited from the hashed TrackingConfig source; no separate sensitivity claim.,PARTIAL_NO_METHOD_SPECIFIC_SENSITIVITY,BOUND_BY_SOURCE_CODE,PARTIALLY_GROUNDED,NO
B1_CURRENT_STANDARD_V2_20260728,refine_size_jump_threshold,bbox_geometry,unitless,source-defined numeric domain,0.45,INHERITED_DEFAULT_WITH_PROVENANCE,src/pig_behavior/tracking/config.py sha256=52c5f54ad44b6f76a8d143d168bdc942542d5fd263903cbf630f9c58ecf1cdd0,not a separate empirical selection,not separately selected,global profile; not per-video,bbox_geometry,not established,YES,Inherited from the hashed TrackingConfig source; no separate sensitivity claim.,PARTIAL_NO_METHOD_SPECIFIC_SENSITIVITY,BOUND_BY_SOURCE_CODE,PARTIALLY_GROUNDED,NO
B1_CURRENT_STANDARD_V2_20260728,reid_unowned_competing_candidate_hold,engineering_or_indirect,boolean,"{false,true}",false,INHERITED_DEFAULT_WITH_PROVENANCE,src/pig_behavior/tracking/config.py sha256=52c5f54ad44b6f76a8d143d168bdc942542d5fd263903cbf630f9c58ecf1cdd0,not a separate empirical selection,not separately selected,global profile; not per-video,engineering_or_indirect,not established,YES,Inherited from the hashed TrackingConfig source; no separate sensitivity claim.,PARTIAL_NO_METHOD_SPECIFIC_SENSITIVITY,BOUND_BY_SOURCE_CODE,PARTIALLY_GROUNDED,NO
B1_CURRENT_STANDARD_V2_20260728,reid_unowned_competing_candidate_min_cost,association,unitless,source-defined numeric domain,0.55,INHERITED_DEFAULT_WITH_PROVENANCE,src/pig_behavior/tracking/config.py sha256=52c5f54ad44b6f76a8d143d168bdc942542d5fd263903cbf630f9c58ecf1cdd0,not a separate empirical selection,not separately selected,global profile; not per-video,association,not established,YES,Inherited from the hashed TrackingConfig source; no separate sensitivity claim.,PARTIAL_NO_METHOD_SPECIFIC_SENSITIVITY,BOUND_BY_SOURCE_CODE,PARTIALLY_GROUNDED,NO
B1_CURRENT_STANDARD_V2_20260728,reid_unowned_competing_candidate_min_gap,engineering_or_indirect,unitless,source-defined numeric domain,0.15,INHERITED_DEFAULT_WITH_PROVENANCE,src/pig_behavior/tracking/config.py sha256=52c5f54ad44b6f76a8d143d168bdc942542d5fd263903cbf630f9c58ecf1cdd0,not a separate empirical selection,not separately selected,global profile; not per-video,engineering_or_indirect,not established,YES,Inherited from the hashed TrackingConfig source; no separate sensitivity claim.,PARTIAL_NO_METHOD_SPECIFIC_SENSITIVITY,BOUND_BY_SOURCE_CODE,PARTIALLY_GROUNDED,NO
B1_CURRENT_STANDARD_V2_20260728,reid_unowned_competing_candidate_min_missed,lifecycle,frames,non-negative integer unless sentinel documented,1,INHERITED_DEFAULT_WITH_PROVENANCE,src/pig_behavior/tracking/config.py sha256=52c5f54ad44b6f76a8d143d168bdc942542d5fd263903cbf630f9c58ecf1cdd0,not a separate empirical selection,not separately selected,global profile; not per-video,lifecycle,not established,YES,Inherited from the hashed TrackingConfig source; no separate sensitivity claim.,PARTIAL_NO_METHOD_SPECIFIC_SENSITIVITY,BOUND_BY_SOURCE_CODE,PARTIALLY_GROUNDED,NO
B1_CURRENT_STANDARD_V2_20260728,reid_unowned_competing_candidate_occlusion_hold_only,Hidden_state,boolean,"{false,true}",true,INHERITED_DEFAULT_WITH_PROVENANCE,src/pig_behavior/tracking/config.py sha256=52c5f54ad44b6f76a8d143d168bdc942542d5fd263903cbf630f9c58ecf1cdd0,not a separate empirical selection,not separately selected,global profile; not per-video,Hidden_state,not established,YES,Inherited from the hashed TrackingConfig source; no separate sensitivity claim.,PARTIAL_NO_METHOD_SPECIFIC_SENSITIVITY,BOUND_BY_SOURCE_CODE,PARTIALLY_GROUNDED,NO
B1_CURRENT_STANDARD_V2_20260728,review_conf,engineering_or_indirect,unitless ratio,"[0,1] unless source contract states otherwise",0.5,INHERITED_DEFAULT_WITH_PROVENANCE,src/pig_behavior/tracking/config.py sha256=52c5f54ad44b6f76a8d143d168bdc942542d5fd263903cbf630f9c58ecf1cdd0,not a separate empirical selection,not separately selected,global profile; not per-video,engineering_or_indirect,not established,YES,Inherited from the hashed TrackingConfig source; no separate sensitivity claim.,PARTIAL_NO_METHOD_SPECIFIC_SENSITIVITY,BOUND_BY_SOURCE_CODE,PARTIALLY_GROUNDED,NO
B1_CURRENT_STANDARD_V2_20260728,rf_hybrid_offline,engineering_or_indirect,boolean,"{false,true}",false,INHERITED_DEFAULT_WITH_PROVENANCE,src/pig_behavior/tracking/config.py sha256=52c5f54ad44b6f76a8d143d168bdc942542d5fd263903cbf630f9c58ecf1cdd0,not a separate empirical selection,not separately selected,global profile; not per-video,engineering_or_indirect,not established,YES,Inherited from the hashed TrackingConfig source; no separate sensitivity claim.,PARTIAL_NO_METHOD_SPECIFIC_SENSITIVITY,BOUND_BY_SOURCE_CODE,PARTIALLY_GROUNDED,NO
B1_CURRENT_STANDARD_V2_20260728,roi_dilate_px,engineering_or_indirect,count,source-defined integer domain,8,INHERITED_DEFAULT_WITH_PROVENANCE,src/pig_behavior/tracking/config.py sha256=52c5f54ad44b6f76a8d143d168bdc942542d5fd263903cbf630f9c58ecf1cdd0,not a separate empirical selection,not separately selected,global profile; not per-video,engineering_or_indirect,not established,YES,Inherited from the hashed TrackingConfig source; no separate sensitivity claim.,PARTIAL_NO_METHOD_SPECIFIC_SENSITIVITY,BOUND_BY_SOURCE_CODE,PARTIALLY_GROUNDED,NO
B1_CURRENT_STANDARD_V2_20260728,roi_min_cover,engineering_or_indirect,unitless,source-defined numeric domain,0.1,INHERITED_DEFAULT_WITH_PROVENANCE,src/pig_behavior/tracking/config.py sha256=52c5f54ad44b6f76a8d143d168bdc942542d5fd263903cbf630f9c58ecf1cdd0,not a separate empirical selection,not separately selected,global profile; not per-video,engineering_or_indirect,not established,YES,Inherited from the hashed TrackingConfig source; no separate sensitivity claim.,PARTIAL_NO_METHOD_SPECIFIC_SENSITIVITY,BOUND_BY_SOURCE_CODE,PARTIALLY_GROUNDED,NO
B1_CURRENT_STANDARD_V2_20260728,roi_mode,engineering_or_indirect,categorical/path,source-defined allowed values,"""center""",INHERITED_DEFAULT_WITH_PROVENANCE,src/pig_behavior/tracking/config.py sha256=52c5f54ad44b6f76a8d143d168bdc942542d5fd263903cbf630f9c58ecf1cdd0,not a separate empirical selection,not separately selected,global profile; not per-video,engineering_or_indirect,not established,YES,Inherited from the hashed TrackingConfig source; no separate sensitivity claim.,PARTIAL_NO_METHOD_SPECIFIC_SENSITIVITY,BOUND_BY_SOURCE_CODE,PARTIALLY_GROUNDED,NO
B1_CURRENT_STANDARD_V2_20260728,shade_outside_mask,detection,boolean,"{false,true}",true,INHERITED_DEFAULT_WITH_PROVENANCE,src/pig_behavior/tracking/config.py sha256=52c5f54ad44b6f76a8d143d168bdc942542d5fd263903cbf630f9c58ecf1cdd0,not a separate empirical selection,not separately selected,global profile; not per-video,detection,not established,YES,Inherited from the hashed TrackingConfig source; no separate sensitivity claim.,PARTIAL_NO_METHOD_SPECIFIC_SENSITIVITY,BOUND_BY_SOURCE_CODE,PARTIALLY_GROUNDED,NO
B1_CURRENT_STANDARD_V2_20260728,show,engineering_or_indirect,boolean,"{false,true}",false,INHERITED_DEFAULT_WITH_PROVENANCE,src/pig_behavior/tracking/config.py sha256=52c5f54ad44b6f76a8d143d168bdc942542d5fd263903cbf630f9c58ecf1cdd0,not a separate empirical selection,not separately selected,global profile; not per-video,engineering_or_indirect,not established,YES,Inherited from the hashed TrackingConfig source; no separate sensitivity claim.,PARTIAL_NO_METHOD_SPECIFIC_SENSITIVITY,BOUND_BY_SOURCE_CODE,PARTIALLY_GROUNDED,NO
B1_CURRENT_STANDARD_V2_20260728,smooth_boxes,bbox_geometry,boolean,"{false,true}",true,PREDECLARED_DEVELOPMENT_SELECTION,src/pig_behavior/tracking/profiles/hybrid_bytetrack.py sha256=b3c63faffa705915e2e9e9b7823068af229ceedd9b263a68579e7d7b384500e6,13-video development evidence,frozen before authority execution; earlier development data visible,global profile; not per-video,bbox_geometry,authority/ablation record may exist; not universal,YES,Profile override frozen by a development authority before its authority run.,SUFFICIENT_WITH_DEVELOPMENT_SCOPE_LIMITATION,BOUND_BY_EFFECTIVE_CONFIG,FULLY_GROUNDED,NO
B1_CURRENT_STANDARD_V2_20260728,start_frame,runtime,frames,non-negative integer unless sentinel documented,0,INHERITED_DEFAULT_WITH_PROVENANCE,src/pig_behavior/tracking/config.py sha256=52c5f54ad44b6f76a8d143d168bdc942542d5fd263903cbf630f9c58ecf1cdd0,not a separate empirical selection,not separately selected,global profile; not per-video,runtime,not established,YES,Inherited from the hashed TrackingConfig source; no separate sensitivity claim.,PARTIAL_NO_METHOD_SPECIFIC_SENSITIVITY,BOUND_BY_SOURCE_CODE,PARTIALLY_GROUNDED,NO
B1_CURRENT_STANDARD_V2_20260728,suffix_pair_swap_max_overlap_frames,identity_repair|runtime,frames,non-negative integer unless sentinel documented,8,INHERITED_DEFAULT_WITH_PROVENANCE,src/pig_behavior/tracking/config.py sha256=52c5f54ad44b6f76a8d143d168bdc942542d5fd263903cbf630f9c58ecf1cdd0,not a separate empirical selection,not separately selected,global profile; not per-video,identity_repair|runtime,not established,YES,Inherited from the hashed TrackingConfig source; no separate sensitivity claim.,PARTIAL_NO_METHOD_SPECIFIC_SENSITIVITY,BOUND_BY_SOURCE_CODE,PARTIALLY_GROUNDED,NO
B1_CURRENT_STANDARD_V2_20260728,suffix_pair_swap_max_suffix_overlap_iou,association|identity_repair,unitless ratio,"[0,1] unless source contract states otherwise",0.3,INHERITED_DEFAULT_WITH_PROVENANCE,src/pig_behavior/tracking/config.py sha256=52c5f54ad44b6f76a8d143d168bdc942542d5fd263903cbf630f9c58ecf1cdd0,not a separate empirical selection,not separately selected,global profile; not per-video,association|identity_repair,not established,YES,Inherited from the hashed TrackingConfig source; no separate sensitivity claim.,PARTIAL_NO_METHOD_SPECIFIC_SENSITIVITY,BOUND_BY_SOURCE_CODE,PARTIALLY_GROUNDED,NO
B1_CURRENT_STANDARD_V2_20260728,suffix_pair_swap_min_overlap_iou,association|identity_repair,unitless ratio,"[0,1] unless source contract states otherwise",0.45,INHERITED_DEFAULT_WITH_PROVENANCE,src/pig_behavior/tracking/config.py sha256=52c5f54ad44b6f76a8d143d168bdc942542d5fd263903cbf630f9c58ecf1cdd0,not a separate empirical selection,not separately selected,global profile; not per-video,association|identity_repair,not established,YES,Inherited from the hashed TrackingConfig source; no separate sensitivity claim.,PARTIAL_NO_METHOD_SPECIFIC_SENSITIVITY,BOUND_BY_SOURCE_CODE,PARTIALLY_GROUNDED,NO
B1_CURRENT_STANDARD_V2_20260728,suffix_pair_swap_min_suffix_frames,identity_repair|runtime,frames,non-negative integer unless sentinel documented,1500,PREDECLARED_DEVELOPMENT_SELECTION,src/pig_behavior/tracking/profiles/hybrid_bytetrack.py sha256=b3c63faffa705915e2e9e9b7823068af229ceedd9b263a68579e7d7b384500e6,13-video development evidence,frozen before authority execution; earlier development data visible,global profile; not per-video,identity_repair|runtime,authority/ablation record may exist; not universal,YES,Profile override frozen by a development authority before its authority run.,SUFFICIENT_WITH_DEVELOPMENT_SCOPE_LIMITATION,BOUND_BY_EFFECTIVE_CONFIG,FULLY_GROUNDED,NO
B1_CURRENT_STANDARD_V2_20260728,suffix_pair_swap_repair,identity_repair,boolean,"{false,true}",true,PREDECLARED_DEVELOPMENT_SELECTION,src/pig_behavior/tracking/profiles/hybrid_bytetrack.py sha256=b3c63faffa705915e2e9e9b7823068af229ceedd9b263a68579e7d7b384500e6,13-video development evidence,frozen before authority execution; earlier development data visible,global profile; not per-video,identity_repair,authority/ablation record may exist; not universal,YES,Profile override frozen by a development authority before its authority run.,SUFFICIENT_WITH_DEVELOPMENT_SCOPE_LIMITATION,BOUND_BY_EFFECTIVE_CONFIG,FULLY_GROUNDED,NO
B1_CURRENT_STANDARD_V2_20260728,target_fps,engineering_or_indirect,count,source-defined integer domain,15,INHERITED_DEFAULT_WITH_PROVENANCE,src/pig_behavior/tracking/config.py sha256=52c5f54ad44b6f76a8d143d168bdc942542d5fd263903cbf630f9c58ecf1cdd0,not a separate empirical selection,not separately selected,global profile; not per-video,engineering_or_indirect,not established,YES,Inherited from the hashed TrackingConfig source; no separate sensitivity claim.,PARTIAL_NO_METHOD_SPECIFIC_SENSITIVITY,BOUND_BY_SOURCE_CODE,PARTIALLY_GROUNDED,NO
B1_CURRENT_STANDARD_V2_20260728,track_high_conf,engineering_or_indirect,unitless ratio,"[0,1] unless source contract states otherwise",0.45,INHERITED_DEFAULT_WITH_PROVENANCE,src/pig_behavior/tracking/config.py sha256=52c5f54ad44b6f76a8d143d168bdc942542d5fd263903cbf630f9c58ecf1cdd0,not a separate empirical selection,not separately selected,global profile; not per-video,engineering_or_indirect,not established,YES,Inherited from the hashed TrackingConfig source; no separate sensitivity claim.,PARTIAL_NO_METHOD_SPECIFIC_SENSITIVITY,BOUND_BY_SOURCE_CODE,PARTIALLY_GROUNDED,NO
B1_CURRENT_STANDARD_V2_20260728,track_match_iou,association,unitless ratio,"[0,1] unless source contract states otherwise",0.75,INHERITED_DEFAULT_WITH_PROVENANCE,src/pig_behavior/tracking/config.py sha256=52c5f54ad44b6f76a8d143d168bdc942542d5fd263903cbf630f9c58ecf1cdd0,not a separate empirical selection,not separately selected,global profile; not per-video,association,not established,YES,Inherited from the hashed TrackingConfig source; no separate sensitivity claim.,PARTIAL_NO_METHOD_SPECIFIC_SENSITIVITY,BOUND_BY_SOURCE_CODE,PARTIALLY_GROUNDED,NO
B1_CURRENT_STANDARD_V2_20260728,tracker_type,engineering_or_indirect,categorical/path,source-defined allowed values,"""bytetrack""",ORIGINAL_METHOD_SPECIFICATION,src/pig_behavior/tracking/config.py sha256=52c5f54ad44b6f76a8d143d168bdc942542d5fd263903cbf630f9c58ecf1cdd0,not a separate empirical selection,not separately selected,global profile; not per-video,engineering_or_indirect,not established,YES,Defines the method family or locked eight-animal task.,SUFFICIENT,BOUND_BY_SOURCE_CODE,FULLY_GROUNDED,NO
B1_CURRENT_STANDARD_V2_20260728,tracker_yaml,engineering_or_indirect,not applicable,None or source-defined value,null,INHERITED_DEFAULT_WITH_PROVENANCE,src/pig_behavior/tracking/config.py sha256=52c5f54ad44b6f76a8d143d168bdc942542d5fd263903cbf630f9c58ecf1cdd0,not a separate empirical selection,not separately selected,global profile; not per-video,engineering_or_indirect,not established,YES,Inherited from the hashed TrackingConfig source; no separate sensitivity claim.,PARTIAL_NO_METHOD_SPECIFIC_SENSITIVITY,BOUND_BY_SOURCE_CODE,PARTIALLY_GROUNDED,NO
B1_CURRENT_STANDARD_V2_20260728,unseen_track_cost_threshold,association,unitless,source-defined numeric domain,1.1,INHERITED_DEFAULT_WITH_PROVENANCE,src/pig_behavior/tracking/config.py sha256=52c5f54ad44b6f76a8d143d168bdc942542d5fd263903cbf630f9c58ecf1cdd0,not a separate empirical selection,not separately selected,global profile; not per-video,association,not established,YES,Inherited from the hashed TrackingConfig source; no separate sensitivity claim.,PARTIAL_NO_METHOD_SPECIFIC_SENSITIVITY,BOUND_BY_SOURCE_CODE,PARTIALLY_GROUNDED,NO
B1_CURRENT_STANDARD_V2_20260728,use_mask,detection,boolean,"{false,true}",true,INHERITED_DEFAULT_WITH_PROVENANCE,src/pig_behavior/tracking/config.py sha256=52c5f54ad44b6f76a8d143d168bdc942542d5fd263903cbf630f9c58ecf1cdd0,not a separate empirical selection,not separately selected,global profile; not per-video,detection,not established,YES,Inherited from the hashed TrackingConfig source; no separate sensitivity claim.,PARTIAL_NO_METHOD_SPECIFIC_SENSITIVITY,BOUND_BY_SOURCE_CODE,PARTIALLY_GROUNDED,NO
B1_CURRENT_STANDARD_V2_20260728,use_mask_iou,detection|association,boolean,"{false,true}",true,INHERITED_DEFAULT_WITH_PROVENANCE,src/pig_behavior/tracking/config.py sha256=52c5f54ad44b6f76a8d143d168bdc942542d5fd263903cbf630f9c58ecf1cdd0,not a separate empirical selection,not separately selected,global profile; not per-video,detection|association,not established,YES,Inherited from the hashed TrackingConfig source; no separate sensitivity claim.,PARTIAL_NO_METHOD_SPECIFIC_SENSITIVITY,BOUND_BY_SOURCE_CODE,PARTIALLY_GROUNDED,NO
B1_CURRENT_STANDARD_V2_20260728,video_path,runtime,categorical/path,source-defined allowed values,"""C:\\Users\\ironh\\Downloads\\PIG_Behavior_Project\\.codex_tmp\\worktrees\\tracking_scientific_grounding_authority\\data\\videos\\Pigs281119_000085_30fps.mp4""",DATA_SCHEMA_CONSTRAINT,src/pig_behavior/tracking/config.py sha256=52c5f54ad44b6f76a8d143d168bdc942542d5fd263903cbf630f9c58ecf1cdd0,not a separate empirical selection,not separately selected,global profile; not per-video,runtime,not established,YES,Bound to the repository data/cache/export schema.,SUFFICIENT,BOUND_BY_SOURCE_CODE,FULLY_GROUNDED,NO
B1_CURRENT_STANDARD_V2_20260728,visible_raw_owner_transfer_min_gain,identity_repair,unitless,source-defined numeric domain,0.04,INHERITED_DEFAULT_WITH_PROVENANCE,src/pig_behavior/tracking/config.py sha256=52c5f54ad44b6f76a8d143d168bdc942542d5fd263903cbf630f9c58ecf1cdd0,not a separate empirical selection,not separately selected,global profile; not per-video,identity_repair,not established,YES,Inherited from the hashed TrackingConfig source; no separate sensitivity claim.,PARTIAL_NO_METHOD_SPECIFIC_SENSITIVITY,BOUND_BY_SOURCE_CODE,PARTIALLY_GROUNDED,NO
B1_CURRENT_STANDARD_V2_20260728,visual_opacity,engineering_or_indirect,unitless,source-defined numeric domain,0.75,INHERITED_DEFAULT_WITH_PROVENANCE,src/pig_behavior/tracking/config.py sha256=52c5f54ad44b6f76a8d143d168bdc942542d5fd263903cbf630f9c58ecf1cdd0,not a separate empirical selection,not separately selected,global profile; not per-video,engineering_or_indirect,not established,YES,Inherited from the hashed TrackingConfig source; no separate sensitivity claim.,PARTIAL_NO_METHOD_SPECIFIC_SENSITIVITY,BOUND_BY_SOURCE_CODE,PARTIALLY_GROUNDED,NO
B1_CURRENT_STANDARD_V2_20260728,weights_path,engineering_or_indirect,categorical/path,source-defined allowed values,"""C:\\Users\\ironh\\Downloads\\PIG_Behavior_Project\\.codex_tmp\\worktrees\\tracking_scientific_grounding_authority\\models\\detector\\pig_detector_yolov8.pt""",DATA_SCHEMA_CONSTRAINT,src/pig_behavior/tracking/config.py sha256=52c5f54ad44b6f76a8d143d168bdc942542d5fd263903cbf630f9c58ecf1cdd0,not a separate empirical selection,not separately selected,global profile; not per-video,engineering_or_indirect,not established,YES,Bound to the repository data/cache/export schema.,SUFFICIENT,BOUND_BY_SOURCE_CODE,FULLY_GROUNDED,NO
B1_CURRENT_STANDARD_V2_20260728,write_output_video,runtime,boolean,"{false,true}",true,HARDWARE_OR_RUNTIME_CONSTRAINT,src/pig_behavior/tracking/config.py sha256=52c5f54ad44b6f76a8d143d168bdc942542d5fd263903cbf630f9c58ecf1cdd0,not a separate empirical selection,not separately selected,global profile; not per-video,runtime,not established,YES,Execution/safety constraint rather than a quality claim.,SUFFICIENT,BOUND_BY_SOURCE_CODE,FULLY_GROUNDED,NO
R0_CURRENT_STANDARD_V2_20260728,USE_AREA_OCCLUSION_FREEZE,Hidden_state,boolean,"{false,true}",false,PREDECLARED_DEVELOPMENT_SELECTION,src/pig_behavior/tracking/profiles/realtime.py sha256=c7f63149f4577a8b5285f9387b46c75cd0fbbcabcc4c585ec89f319a06b8a496,13-video development evidence,frozen before authority execution; earlier development data visible,global profile; not per-video,Hidden_state,authority/ablation record may exist; not universal,YES,Profile override frozen by a development authority before its authority run.,SUFFICIENT_WITH_DEVELOPMENT_SCOPE_LIMITATION,BOUND_BY_EFFECTIVE_CONFIG,FULLY_GROUNDED,NO
R0_CURRENT_STANDARD_V2_20260728,USE_CONDITIONAL_AREA_OCCLUSION_FREEZE,Hidden_state,boolean,"{false,true}",false,PREDECLARED_DEVELOPMENT_SELECTION,src/pig_behavior/tracking/profiles/realtime.py sha256=c7f63149f4577a8b5285f9387b46c75cd0fbbcabcc4c585ec89f319a06b8a496,13-video development evidence,frozen before authority execution; earlier development data visible,global profile; not per-video,Hidden_state,authority/ablation record may exist; not universal,YES,Profile override frozen by a development authority before its authority run.,SUFFICIENT_WITH_DEVELOPMENT_SCOPE_LIMITATION,BOUND_BY_EFFECTIVE_CONFIG,FULLY_GROUNDED,NO
R0_CURRENT_STANDARD_V2_20260728,USE_IOU_FALLBACK,association,boolean,"{false,true}",false,PREDECLARED_DEVELOPMENT_SELECTION,src/pig_behavior/tracking/profiles/realtime.py sha256=c7f63149f4577a8b5285f9387b46c75cd0fbbcabcc4c585ec89f319a06b8a496,13-video development evidence,frozen before authority execution; earlier development data visible,global profile; not per-video,association,authority/ablation record may exist; not universal,YES,Profile override frozen by a development authority before its authority run.,SUFFICIENT_WITH_DEVELOPMENT_SCOPE_LIMITATION,BOUND_BY_EFFECTIVE_CONFIG,FULLY_GROUNDED,NO
R0_CURRENT_STANDARD_V2_20260728,USE_MERGED_BOX_SPLIT,bbox_geometry,boolean,"{false,true}",false,PREDECLARED_DEVELOPMENT_SELECTION,src/pig_behavior/tracking/profiles/realtime.py sha256=c7f63149f4577a8b5285f9387b46c75cd0fbbcabcc4c585ec89f319a06b8a496,13-video development evidence,frozen before authority execution; earlier development data visible,global profile; not per-video,bbox_geometry,authority/ablation record may exist; not universal,YES,Profile override frozen by a development authority before its authority run.,SUFFICIENT_WITH_DEVELOPMENT_SCOPE_LIMITATION,BOUND_BY_EFFECTIVE_CONFIG,FULLY_GROUNDED,NO
R0_CURRENT_STANDARD_V2_20260728,adaptive_conf_step,engineering_or_indirect,unitless,source-defined numeric domain,0.05,INHERITED_DEFAULT_WITH_PROVENANCE,src/pig_behavior/tracking/config.py sha256=52c5f54ad44b6f76a8d143d168bdc942542d5fd263903cbf630f9c58ecf1cdd0,not a separate empirical selection,not separately selected,global profile; not per-video,engineering_or_indirect,not established,YES,Inherited from the hashed TrackingConfig source; no separate sensitivity claim.,PARTIAL_NO_METHOD_SPECIFIC_SENSITIVITY,BOUND_BY_SOURCE_CODE,PARTIALLY_GROUNDED,NO
R0_CURRENT_STANDARD_V2_20260728,allowed_class_name,detection,not applicable,None or source-defined value,null,INHERITED_DEFAULT_WITH_PROVENANCE,src/pig_behavior/tracking/config.py sha256=52c5f54ad44b6f76a8d143d168bdc942542d5fd263903cbf630f9c58ecf1cdd0,not a separate empirical selection,not separately selected,global profile; not per-video,detection,not established,YES,Inherited from the hashed TrackingConfig source; no separate sensitivity claim.,PARTIAL_NO_METHOD_SPECIFIC_SENSITIVITY,BOUND_BY_SOURCE_CODE,PARTIALLY_GROUNDED,NO
R0_CURRENT_STANDARD_V2_20260728,ambiguity_owner_guard,identity_repair,boolean,"{false,true}",false,INHERITED_DEFAULT_WITH_PROVENANCE,src/pig_behavior/tracking/config.py sha256=52c5f54ad44b6f76a8d143d168bdc942542d5fd263903cbf630f9c58ecf1cdd0,not a separate empirical selection,not separately selected,global profile; not per-video,identity_repair,not established,YES,Inherited from the hashed TrackingConfig source; no separate sensitivity claim.,PARTIAL_NO_METHOD_SPECIFIC_SENSITIVITY,BOUND_BY_SOURCE_CODE,PARTIALLY_GROUNDED,NO
R0_CURRENT_STANDARD_V2_20260728,ambiguity_owner_guard_cost_margin,association|identity_repair,unitless,source-defined numeric domain,0.04,INHERITED_DEFAULT_WITH_PROVENANCE,src/pig_behavior/tracking/config.py sha256=52c5f54ad44b6f76a8d143d168bdc942542d5fd263903cbf630f9c58ecf1cdd0,not a separate empirical selection,not separately selected,global profile; not per-video,association|identity_repair,not established,YES,Inherited from the hashed TrackingConfig source; no separate sensitivity claim.,PARTIAL_NO_METHOD_SPECIFIC_SENSITIVITY,BOUND_BY_SOURCE_CODE,PARTIALLY_GROUNDED,NO
R0_CURRENT_STANDARD_V2_20260728,annotations_json,engineering_or_indirect,not applicable,None or source-defined value,null,INHERITED_DEFAULT_WITH_PROVENANCE,src/pig_behavior/tracking/config.py sha256=52c5f54ad44b6f76a8d143d168bdc942542d5fd263903cbf630f9c58ecf1cdd0,not a separate empirical selection,not separately selected,global profile; not per-video,engineering_or_indirect,not established,YES,Inherited from the hashed TrackingConfig source; no separate sensitivity claim.,PARTIAL_NO_METHOD_SPECIFIC_SENSITIVITY,BOUND_BY_SOURCE_CODE,PARTIALLY_GROUNDED,NO
R0_CURRENT_STANDARD_V2_20260728,appearance_hist_foreground_core,association,boolean,"{false,true}",false,INHERITED_DEFAULT_WITH_PROVENANCE,src/pig_behavior/tracking/config.py sha256=52c5f54ad44b6f76a8d143d168bdc942542d5fd263903cbf630f9c58ecf1cdd0,not a separate empirical selection,not separately selected,global profile; not per-video,association,not established,YES,Inherited from the hashed TrackingConfig source; no separate sensitivity claim.,PARTIAL_NO_METHOD_SPECIFIC_SENSITIVITY,BOUND_BY_SOURCE_CODE,PARTIALLY_GROUNDED,NO
R0_CURRENT_STANDARD_V2_20260728,area_occlusion_freeze_frames,Hidden_state|runtime,frames,non-negative integer unless sentinel documented,15,INHERITED_DEFAULT_WITH_PROVENANCE,src/pig_behavior/tracking/config.py sha256=52c5f54ad44b6f76a8d143d168bdc942542d5fd263903cbf630f9c58ecf1cdd0,not a separate empirical selection,not separately selected,global profile; not per-video,Hidden_state|runtime,not established,YES,Inherited from the hashed TrackingConfig source; no separate sensitivity claim.,PARTIAL_NO_METHOD_SPECIFIC_SENSITIVITY,BOUND_BY_SOURCE_CODE,PARTIALLY_GROUNDED,NO
R0_CURRENT_STANDARD_V2_20260728,area_occlusion_shrink_ratio,Hidden_state,unitless,source-defined numeric domain,0.6,INHERITED_DEFAULT_WITH_PROVENANCE,src/pig_behavior/tracking/config.py sha256=52c5f54ad44b6f76a8d143d168bdc942542d5fd263903cbf630f9c58ecf1cdd0,not a separate empirical selection,not separately selected,global profile; not per-video,Hidden_state,not established,YES,Inherited from the hashed TrackingConfig source; no separate sensitivity claim.,PARTIAL_NO_METHOD_SPECIFIC_SENSITIVITY,BOUND_BY_SOURCE_CODE,PARTIALLY_GROUNDED,NO
R0_CURRENT_STANDARD_V2_20260728,association_debug,association,boolean,"{false,true}",false,INHERITED_DEFAULT_WITH_PROVENANCE,src/pig_behavior/tracking/config.py sha256=52c5f54ad44b6f76a8d143d168bdc942542d5fd263903cbf630f9c58ecf1cdd0,not a separate empirical selection,not separately selected,global profile; not per-video,association,not established,YES,Inherited from the hashed TrackingConfig source; no separate sensitivity claim.,PARTIAL_NO_METHOD_SPECIFIC_SENSITIVITY,BOUND_BY_SOURCE_CODE,PARTIALLY_GROUNDED,NO
R0_CURRENT_STANDARD_V2_20260728,causal_hidden_detection_reservation,detection|Hidden_state,boolean,"{false,true}",false,INHERITED_DEFAULT_WITH_PROVENANCE,src/pig_behavior/tracking/config.py sha256=52c5f54ad44b6f76a8d143d168bdc942542d5fd263903cbf630f9c58ecf1cdd0,not a separate empirical selection,not separately selected,global profile; not per-video,detection|Hidden_state,not established,YES,Inherited from the hashed TrackingConfig source; no separate sensitivity claim.,PARTIAL_NO_METHOD_SPECIFIC_SENSITIVITY,BOUND_BY_SOURCE_CODE,PARTIALLY_GROUNDED,NO
R0_CURRENT_STANDARD_V2_20260728,causal_hidden_detection_reservation_allow_visible_hold,detection|Hidden_state,boolean,"{false,true}",false,INHERITED_DEFAULT_WITH_PROVENANCE,src/pig_behavior/tracking/config.py sha256=52c5f54ad44b6f76a8d143d168bdc942542d5fd263903cbf630f9c58ecf1cdd0,not a separate empirical selection,not separately selected,global profile; not per-video,detection|Hidden_state,not established,YES,Inherited from the hashed TrackingConfig source; no separate sensitivity claim.,PARTIAL_NO_METHOD_SPECIFIC_SENSITIVITY,BOUND_BY_SOURCE_CODE,PARTIALLY_GROUNDED,NO
R0_CURRENT_STANDARD_V2_20260728,causal_hidden_detection_reservation_hold_max_claim_cost,detection|association|Hidden_state,unitless,source-defined numeric domain,0.1,INHERITED_DEFAULT_WITH_PROVENANCE,src/pig_behavior/tracking/config.py sha256=52c5f54ad44b6f76a8d143d168bdc942542d5fd263903cbf630f9c58ecf1cdd0,not a separate empirical selection,not separately selected,global profile; not per-video,detection|association|Hidden_state,not established,YES,Inherited from the hashed TrackingConfig source; no separate sensitivity claim.,PARTIAL_NO_METHOD_SPECIFIC_SENSITIVITY,BOUND_BY_SOURCE_CODE,PARTIALLY_GROUNDED,NO
R0_CURRENT_STANDARD_V2_20260728,causal_hidden_detection_reservation_hold_min_gain,detection|Hidden_state,unitless,source-defined numeric domain,0.1,INHERITED_DEFAULT_WITH_PROVENANCE,src/pig_behavior/tracking/config.py sha256=52c5f54ad44b6f76a8d143d168bdc942542d5fd263903cbf630f9c58ecf1cdd0,not a separate empirical selection,not separately selected,global profile; not per-video,detection|Hidden_state,not established,YES,Inherited from the hashed TrackingConfig source; no separate sensitivity claim.,PARTIAL_NO_METHOD_SPECIFIC_SENSITIVITY,BOUND_BY_SOURCE_CODE,PARTIALLY_GROUNDED,NO
R0_CURRENT_STANDARD_V2_20260728,causal_hidden_detection_reservation_hold_min_iom,detection|Hidden_state,unitless,source-defined numeric domain,0.96,INHERITED_DEFAULT_WITH_PROVENANCE,src/pig_behavior/tracking/config.py sha256=52c5f54ad44b6f76a8d143d168bdc942542d5fd263903cbf630f9c58ecf1cdd0,not a separate empirical selection,not separately selected,global profile; not per-video,detection|Hidden_state,not established,YES,Inherited from the hashed TrackingConfig source; no separate sensitivity claim.,PARTIAL_NO_METHOD_SPECIFIC_SENSITIVITY,BOUND_BY_SOURCE_CODE,PARTIALLY_GROUNDED,NO
R0_CURRENT_STANDARD_V2_20260728,causal_hidden_detection_reservation_hold_min_visible_cost,detection|association|Hidden_state,unitless,source-defined numeric domain,0.2,INHERITED_DEFAULT_WITH_PROVENANCE,src/pig_behavior/tracking/config.py sha256=52c5f54ad44b6f76a8d143d168bdc942542d5fd263903cbf630f9c58ecf1cdd0,not a separate empirical selection,not separately selected,global profile; not per-video,detection|association|Hidden_state,not established,YES,Inherited from the hashed TrackingConfig source; no separate sensitivity claim.,PARTIAL_NO_METHOD_SPECIFIC_SENSITIVITY,BOUND_BY_SOURCE_CODE,PARTIALLY_GROUNDED,NO
R0_CURRENT_STANDARD_V2_20260728,causal_hidden_detection_reservation_hold_reserved_reid,detection|Hidden_state,boolean,"{false,true}",false,INHERITED_DEFAULT_WITH_PROVENANCE,src/pig_behavior/tracking/config.py sha256=52c5f54ad44b6f76a8d143d168bdc942542d5fd263903cbf630f9c58ecf1cdd0,not a separate empirical selection,not separately selected,global profile; not per-video,detection|Hidden_state,not established,YES,Inherited from the hashed TrackingConfig source; no separate sensitivity claim.,PARTIAL_NO_METHOD_SPECIFIC_SENSITIVITY,BOUND_BY_SOURCE_CODE,PARTIALLY_GROUNDED,NO
R0_CURRENT_STANDARD_V2_20260728,causal_hidden_detection_reservation_max_alternative_cost,detection|association|Hidden_state,unitless,source-defined numeric domain,0.78,INHERITED_DEFAULT_WITH_PROVENANCE,src/pig_behavior/tracking/config.py sha256=52c5f54ad44b6f76a8d143d168bdc942542d5fd263903cbf630f9c58ecf1cdd0,not a separate empirical selection,not separately selected,global profile; not per-video,detection|association|Hidden_state,not established,YES,Inherited from the hashed TrackingConfig source; no separate sensitivity claim.,PARTIAL_NO_METHOD_SPECIFIC_SENSITIVITY,BOUND_BY_SOURCE_CODE,PARTIALLY_GROUNDED,NO
R0_CURRENT_STANDARD_V2_20260728,causal_hidden_detection_reservation_max_center_distance,detection|Hidden_state,unitless,source-defined numeric domain,0.09,INHERITED_DEFAULT_WITH_PROVENANCE,src/pig_behavior/tracking/config.py sha256=52c5f54ad44b6f76a8d143d168bdc942542d5fd263903cbf630f9c58ecf1cdd0,not a separate empirical selection,not separately selected,global profile; not per-video,detection|Hidden_state,not established,YES,Inherited from the hashed TrackingConfig source; no separate sensitivity claim.,PARTIAL_NO_METHOD_SPECIFIC_SENSITIVITY,BOUND_BY_SOURCE_CODE,PARTIALLY_GROUNDED,NO
R0_CURRENT_STANDARD_V2_20260728,causal_hidden_detection_reservation_max_claim_cost,detection|association|Hidden_state,unitless,source-defined numeric domain,0.25,INHERITED_DEFAULT_WITH_PROVENANCE,src/pig_behavior/tracking/config.py sha256=52c5f54ad44b6f76a8d143d168bdc942542d5fd263903cbf630f9c58ecf1cdd0,not a separate empirical selection,not separately selected,global profile; not per-video,detection|association|Hidden_state,not established,YES,Inherited from the hashed TrackingConfig source; no separate sensitivity claim.,PARTIAL_NO_METHOD_SPECIFIC_SENSITIVITY,BOUND_BY_SOURCE_CODE,PARTIALLY_GROUNDED,NO
R0_CURRENT_STANDARD_V2_20260728,causal_hidden_detection_reservation_max_missed,detection|lifecycle|Hidden_state,frames,non-negative integer unless sentinel documented,5,INHERITED_DEFAULT_WITH_PROVENANCE,src/pig_behavior/tracking/config.py sha256=52c5f54ad44b6f76a8d143d168bdc942542d5fd263903cbf630f9c58ecf1cdd0,not a separate empirical selection,not separately selected,global profile; not per-video,detection|lifecycle|Hidden_state,not established,YES,Inherited from the hashed TrackingConfig source; no separate sensitivity claim.,PARTIAL_NO_METHOD_SPECIFIC_SENSITIVITY,BOUND_BY_SOURCE_CODE,PARTIALLY_GROUNDED,NO
R0_CURRENT_STANDARD_V2_20260728,causal_hidden_detection_reservation_min_gain,detection|Hidden_state,unitless,source-defined numeric domain,0.08,INHERITED_DEFAULT_WITH_PROVENANCE,src/pig_behavior/tracking/config.py sha256=52c5f54ad44b6f76a8d143d168bdc942542d5fd263903cbf630f9c58ecf1cdd0,not a separate empirical selection,not separately selected,global profile; not per-video,detection|Hidden_state,not established,YES,Inherited from the hashed TrackingConfig source; no separate sensitivity claim.,PARTIAL_NO_METHOD_SPECIFIC_SENSITIVITY,BOUND_BY_SOURCE_CODE,PARTIALLY_GROUNDED,NO
R0_CURRENT_STANDARD_V2_20260728,causal_hidden_detection_reservation_min_iom,detection|Hidden_state,unitless,source-defined numeric domain,0.55,INHERITED_DEFAULT_WITH_PROVENANCE,src/pig_behavior/tracking/config.py sha256=52c5f54ad44b6f76a8d143d168bdc942542d5fd263903cbf630f9c58ecf1cdd0,not a separate empirical selection,not separately selected,global profile; not per-video,detection|Hidden_state,not established,YES,Inherited from the hashed TrackingConfig source; no separate sensitivity claim.,PARTIAL_NO_METHOD_SPECIFIC_SENSITIVITY,BOUND_BY_SOURCE_CODE,PARTIALLY_GROUNDED,NO
R0_CURRENT_STANDARD_V2_20260728,class_id,detection,not applicable,None or source-defined value,null,DATA_SCHEMA_CONSTRAINT,src/pig_behavior/tracking/config.py sha256=52c5f54ad44b6f76a8d143d168bdc942542d5fd263903cbf630f9c58ecf1cdd0,not a separate empirical selection,not separately selected,global profile; not per-video,detection,not established,YES,Bound to the repository data/cache/export schema.,SUFFICIENT,BOUND_BY_SOURCE_CODE,FULLY_GROUNDED,NO
R0_CURRENT_STANDARD_V2_20260728,clean_coco_annotations_json,engineering_or_indirect,not applicable,None or source-defined value,null,INHERITED_DEFAULT_WITH_PROVENANCE,src/pig_behavior/tracking/config.py sha256=52c5f54ad44b6f76a8d143d168bdc942542d5fd263903cbf630f9c58ecf1cdd0,not a separate empirical selection,not separately selected,global profile; not per-video,engineering_or_indirect,not established,YES,Inherited from the hashed TrackingConfig source; no separate sensitivity claim.,PARTIAL_NO_METHOD_SPECIFIC_SENSITIVITY,BOUND_BY_SOURCE_CODE,PARTIALLY_GROUNDED,NO
R0_CURRENT_STANDARD_V2_20260728,coco_annotations_json,engineering_or_indirect,not applicable,None or source-defined value,null,INHERITED_DEFAULT_WITH_PROVENANCE,src/pig_behavior/tracking/config.py sha256=52c5f54ad44b6f76a8d143d168bdc942542d5fd263903cbf630f9c58ecf1cdd0,not a separate empirical selection,not separately selected,global profile; not per-video,engineering_or_indirect,not established,YES,Inherited from the hashed TrackingConfig source; no separate sensitivity claim.,PARTIAL_NO_METHOD_SPECIFIC_SENSITIVITY,BOUND_BY_SOURCE_CODE,PARTIALLY_GROUNDED,NO
R0_CURRENT_STANDARD_V2_20260728,conf,engineering_or_indirect,not applicable,None or source-defined value,null,INHERITED_DEFAULT_WITH_PROVENANCE,src/pig_behavior/tracking/config.py sha256=52c5f54ad44b6f76a8d143d168bdc942542d5fd263903cbf630f9c58ecf1cdd0,not a separate empirical selection,not separately selected,global profile; not per-video,engineering_or_indirect,not established,YES,Inherited from the hashed TrackingConfig source; no separate sensitivity claim.,PARTIAL_NO_METHOD_SPECIFIC_SENSITIVITY,BOUND_BY_SOURCE_CODE,PARTIALLY_GROUNDED,NO
R0_CURRENT_STANDARD_V2_20260728,cvat_video_xml,runtime,not applicable,None or source-defined value,null,INHERITED_DEFAULT_WITH_PROVENANCE,src/pig_behavior/tracking/config.py sha256=52c5f54ad44b6f76a8d143d168bdc942542d5fd263903cbf630f9c58ecf1cdd0,not a separate empirical selection,not separately selected,global profile; not per-video,runtime,not established,YES,Inherited from the hashed TrackingConfig source; no separate sensitivity claim.,PARTIAL_NO_METHOD_SPECIFIC_SENSITIVITY,BOUND_BY_SOURCE_CODE,PARTIALLY_GROUNDED,NO
R0_CURRENT_STANDARD_V2_20260728,default_behavior,engineering_or_indirect,categorical/path,source-defined allowed values,"""lying""",INHERITED_DEFAULT_WITH_PROVENANCE,src/pig_behavior/tracking/config.py sha256=52c5f54ad44b6f76a8d143d168bdc942542d5fd263903cbf630f9c58ecf1cdd0,not a separate empirical selection,not separately selected,global profile; not per-video,engineering_or_indirect,not established,YES,Inherited from the hashed TrackingConfig source; no separate sensitivity claim.,PARTIAL_NO_METHOD_SPECIFIC_SENSITIVITY,BOUND_BY_SOURCE_CODE,PARTIALLY_GROUNDED,NO
R0_CURRENT_STANDARD_V2_20260728,det_conf,detection,unitless ratio,"[0,1] unless source contract states otherwise",0.25,PREDECLARED_DEVELOPMENT_SELECTION,src/pig_behavior/tracking/profiles/realtime.py sha256=c7f63149f4577a8b5285f9387b46c75cd0fbbcabcc4c585ec89f319a06b8a496,13-video development evidence,frozen before authority execution; earlier development data visible,global profile; not per-video,detection,authority/ablation record may exist; not universal,YES,Profile override frozen by a development authority before its authority run.,SUFFICIENT_WITH_DEVELOPMENT_SCOPE_LIMITATION,BOUND_BY_EFFECTIVE_CONFIG,FULLY_GROUNDED,NO
R0_CURRENT_STANDARD_V2_20260728,detect_every_n_frames,detection|runtime,frames,non-negative integer unless sentinel documented,2,PREDECLARED_DEVELOPMENT_SELECTION,src/pig_behavior/tracking/profiles/realtime.py sha256=c7f63149f4577a8b5285f9387b46c75cd0fbbcabcc4c585ec89f319a06b8a496,13-video development evidence,frozen before authority execution; earlier development data visible,global profile; not per-video,detection|runtime,authority/ablation record may exist; not universal,YES,Profile override frozen by a development authority before its authority run.,SUFFICIENT_WITH_DEVELOPMENT_SCOPE_LIMITATION,BOUND_BY_EFFECTIVE_CONFIG,FULLY_GROUNDED,NO
R0_CURRENT_STANDARD_V2_20260728,device,runtime,not applicable,None or source-defined value,null,HARDWARE_OR_RUNTIME_CONSTRAINT,src/pig_behavior/tracking/config.py sha256=52c5f54ad44b6f76a8d143d168bdc942542d5fd263903cbf630f9c58ecf1cdd0,not a separate empirical selection,not separately selected,global profile; not per-video,runtime,not established,YES,Execution/safety constraint rather than a quality claim.,SUFFICIENT,BOUND_BY_SOURCE_CODE,FULLY_GROUNDED,NO
R0_CURRENT_STANDARD_V2_20260728,directional_y_margin_px,engineering_or_indirect,unitless,source-defined numeric domain,5.0,INHERITED_DEFAULT_WITH_PROVENANCE,src/pig_behavior/tracking/config.py sha256=52c5f54ad44b6f76a8d143d168bdc942542d5fd263903cbf630f9c58ecf1cdd0,not a separate empirical selection,not separately selected,global profile; not per-video,engineering_or_indirect,not established,YES,Inherited from the hashed TrackingConfig source; no separate sensitivity claim.,PARTIAL_NO_METHOD_SPECIFIC_SENSITIVITY,BOUND_BY_SOURCE_CODE,PARTIALLY_GROUNDED,NO
R0_CURRENT_STANDARD_V2_20260728,directional_y_penalty_weight,engineering_or_indirect,unitless,source-defined numeric domain,0.12,INHERITED_DEFAULT_WITH_PROVENANCE,src/pig_behavior/tracking/config.py sha256=52c5f54ad44b6f76a8d143d168bdc942542d5fd263903cbf630f9c58ecf1cdd0,not a separate empirical selection,not separately selected,global profile; not per-video,engineering_or_indirect,not established,YES,Inherited from the hashed TrackingConfig source; no separate sensitivity claim.,PARTIAL_NO_METHOD_SPECIFIC_SENSITIVITY,BOUND_BY_SOURCE_CODE,PARTIALLY_GROUNDED,NO
R0_CURRENT_STANDARD_V2_20260728,directional_y_prior,engineering_or_indirect,boolean,"{false,true}",true,INHERITED_DEFAULT_WITH_PROVENANCE,src/pig_behavior/tracking/config.py sha256=52c5f54ad44b6f76a8d143d168bdc942542d5fd263903cbf630f9c58ecf1cdd0,not a separate empirical selection,not separately selected,global profile; not per-video,engineering_or_indirect,not established,YES,Inherited from the hashed TrackingConfig source; no separate sensitivity claim.,PARTIAL_NO_METHOD_SPECIFIC_SENSITIVITY,BOUND_BY_SOURCE_CODE,PARTIALLY_GROUNDED,NO
R0_CURRENT_STANDARD_V2_20260728,directional_y_velocity_epsilon_px,engineering_or_indirect,unitless,source-defined numeric domain,3.0,INHERITED_DEFAULT_WITH_PROVENANCE,src/pig_behavior/tracking/config.py sha256=52c5f54ad44b6f76a8d143d168bdc942542d5fd263903cbf630f9c58ecf1cdd0,not a separate empirical selection,not separately selected,global profile; not per-video,engineering_or_indirect,not established,YES,Inherited from the hashed TrackingConfig source; no separate sensitivity claim.,PARTIAL_NO_METHOD_SPECIFIC_SENSITIVITY,BOUND_BY_SOURCE_CODE,PARTIALLY_GROUNDED,NO
R0_CURRENT_STANDARD_V2_20260728,display_inline,engineering_or_indirect,boolean,"{false,true}",false,INHERITED_DEFAULT_WITH_PROVENANCE,src/pig_behavior/tracking/config.py sha256=52c5f54ad44b6f76a8d143d168bdc942542d5fd263903cbf630f9c58ecf1cdd0,not a separate empirical selection,not separately selected,global profile; not per-video,engineering_or_indirect,not established,YES,Inherited from the hashed TrackingConfig source; no separate sensitivity claim.,PARTIAL_NO_METHOD_SPECIFIC_SENSITIVITY,BOUND_BY_SOURCE_CODE,PARTIALLY_GROUNDED,NO
R0_CURRENT_STANDARD_V2_20260728,draw_mask_outline,detection,boolean,"{false,true}",true,INHERITED_DEFAULT_WITH_PROVENANCE,src/pig_behavior/tracking/config.py sha256=52c5f54ad44b6f76a8d143d168bdc942542d5fd263903cbf630f9c58ecf1cdd0,not a separate empirical selection,not separately selected,global profile; not per-video,detection,not established,YES,Inherited from the hashed TrackingConfig source; no separate sensitivity claim.,PARTIAL_NO_METHOD_SPECIFIC_SENSITIVITY,BOUND_BY_SOURCE_CODE,PARTIALLY_GROUNDED,NO
R0_CURRENT_STANDARD_V2_20260728,dup_area_ratio_threshold,engineering_or_indirect,unitless,source-defined numeric domain,0.8,INHERITED_DEFAULT_WITH_PROVENANCE,src/pig_behavior/tracking/config.py sha256=52c5f54ad44b6f76a8d143d168bdc942542d5fd263903cbf630f9c58ecf1cdd0,not a separate empirical selection,not separately selected,global profile; not per-video,engineering_or_indirect,not established,YES,Inherited from the hashed TrackingConfig source; no separate sensitivity claim.,PARTIAL_NO_METHOD_SPECIFIC_SENSITIVITY,BOUND_BY_SOURCE_CODE,PARTIALLY_GROUNDED,NO
R0_CURRENT_STANDARD_V2_20260728,dup_center_threshold,engineering_or_indirect,unitless,source-defined numeric domain,0.35,INHERITED_DEFAULT_WITH_PROVENANCE,src/pig_behavior/tracking/config.py sha256=52c5f54ad44b6f76a8d143d168bdc942542d5fd263903cbf630f9c58ecf1cdd0,not a separate empirical selection,not separately selected,global profile; not per-video,engineering_or_indirect,not established,YES,Inherited from the hashed TrackingConfig source; no separate sensitivity claim.,PARTIAL_NO_METHOD_SPECIFIC_SENSITIVITY,BOUND_BY_SOURCE_CODE,PARTIALLY_GROUNDED,NO
R0_CURRENT_STANDARD_V2_20260728,dup_containment_threshold,engineering_or_indirect,unitless,source-defined numeric domain,0.85,INHERITED_DEFAULT_WITH_PROVENANCE,src/pig_behavior/tracking/config.py sha256=52c5f54ad44b6f76a8d143d168bdc942542d5fd263903cbf630f9c58ecf1cdd0,not a separate empirical selection,not separately selected,global profile; not per-video,engineering_or_indirect,not established,YES,Inherited from the hashed TrackingConfig source; no separate sensitivity claim.,PARTIAL_NO_METHOD_SPECIFIC_SENSITIVITY,BOUND_BY_SOURCE_CODE,PARTIALLY_GROUNDED,NO
R0_CURRENT_STANDARD_V2_20260728,dup_iou_threshold,association,unitless ratio,"[0,1] unless source contract states otherwise",0.6,INHERITED_DEFAULT_WITH_PROVENANCE,src/pig_behavior/tracking/config.py sha256=52c5f54ad44b6f76a8d143d168bdc942542d5fd263903cbf630f9c58ecf1cdd0,not a separate empirical selection,not separately selected,global profile; not per-video,association,not established,YES,Inherited from the hashed TrackingConfig source; no separate sensitivity claim.,PARTIAL_NO_METHOD_SPECIFIC_SENSITIVITY,BOUND_BY_SOURCE_CODE,PARTIALLY_GROUNDED,NO
R0_CURRENT_STANDARD_V2_20260728,emit_hidden_tracks,Hidden_state,boolean,"{false,true}",true,INHERITED_DEFAULT_WITH_PROVENANCE,src/pig_behavior/tracking/config.py sha256=52c5f54ad44b6f76a8d143d168bdc942542d5fd263903cbf630f9c58ecf1cdd0,not a separate empirical selection,not separately selected,global profile; not per-video,Hidden_state,not established,YES,Inherited from the hashed TrackingConfig source; no separate sensitivity claim.,PARTIAL_NO_METHOD_SPECIFIC_SENSITIVITY,BOUND_BY_SOURCE_CODE,PARTIALLY_GROUNDED,NO
R0_CURRENT_STANDARD_V2_20260728,enable_offline_smoothing,bbox_geometry,boolean,"{false,true}",false,PREDECLARED_DEVELOPMENT_SELECTION,src/pig_behavior/tracking/profiles/realtime.py sha256=c7f63149f4577a8b5285f9387b46c75cd0fbbcabcc4c585ec89f319a06b8a496,13-video development evidence,frozen before authority execution; earlier development data visible,global profile; not per-video,bbox_geometry,authority/ablation record may exist; not universal,YES,Profile override frozen by a development authority before its authority run.,SUFFICIENT_WITH_DEVELOPMENT_SCOPE_LIMITATION,BOUND_BY_EFFECTIVE_CONFIG,FULLY_GROUNDED,NO
R0_CURRENT_STANDARD_V2_20260728,episode_pair_swap_anchor_window_frames,identity_repair|runtime,frames,non-negative integer unless sentinel documented,8,INHERITED_DEFAULT_WITH_PROVENANCE,src/pig_behavior/tracking/config.py sha256=52c5f54ad44b6f76a8d143d168bdc942542d5fd263903cbf630f9c58ecf1cdd0,not a separate empirical selection,not separately selected,global profile; not per-video,identity_repair|runtime,not established,YES,Inherited from the hashed TrackingConfig source; no separate sensitivity claim.,PARTIAL_NO_METHOD_SPECIFIC_SENSITIVITY,BOUND_BY_SOURCE_CODE,PARTIALLY_GROUNDED,NO
R0_CURRENT_STANDARD_V2_20260728,episode_pair_swap_max_frames,identity_repair|runtime,frames,non-negative integer unless sentinel documented,12,HARDWARE_OR_RUNTIME_CONSTRAINT,src/pig_behavior/tracking/config.py sha256=52c5f54ad44b6f76a8d143d168bdc942542d5fd263903cbf630f9c58ecf1cdd0,not a separate empirical selection,not separately selected,global profile; not per-video,identity_repair|runtime,not established,YES,Execution/safety constraint rather than a quality claim.,SUFFICIENT,BOUND_BY_SOURCE_CODE,FULLY_GROUNDED,NO
R0_CURRENT_STANDARD_V2_20260728,episode_pair_swap_min_motion_gain,identity_repair,unitless,source-defined numeric domain,0.1,INHERITED_DEFAULT_WITH_PROVENANCE,src/pig_behavior/tracking/config.py sha256=52c5f54ad44b6f76a8d143d168bdc942542d5fd263903cbf630f9c58ecf1cdd0,not a separate empirical selection,not separately selected,global profile; not per-video,identity_repair,not established,YES,Inherited from the hashed TrackingConfig source; no separate sensitivity claim.,PARTIAL_NO_METHOD_SPECIFIC_SENSITIVITY,BOUND_BY_SOURCE_CODE,PARTIALLY_GROUNDED,NO
R0_CURRENT_STANDARD_V2_20260728,episode_pair_swap_min_overlap_iou,association|identity_repair,unitless ratio,"[0,1] unless source contract states otherwise",0.2,INHERITED_DEFAULT_WITH_PROVENANCE,src/pig_behavior/tracking/config.py sha256=52c5f54ad44b6f76a8d143d168bdc942542d5fd263903cbf630f9c58ecf1cdd0,not a separate empirical selection,not separately selected,global profile; not per-video,association|identity_repair,not established,YES,Inherited from the hashed TrackingConfig source; no separate sensitivity claim.,PARTIAL_NO_METHOD_SPECIFIC_SENSITIVITY,BOUND_BY_SOURCE_CODE,PARTIALLY_GROUNDED,NO
R0_CURRENT_STANDARD_V2_20260728,episode_pair_swap_repair,identity_repair,boolean,"{false,true}",false,INHERITED_DEFAULT_WITH_PROVENANCE,src/pig_behavior/tracking/config.py sha256=52c5f54ad44b6f76a8d143d168bdc942542d5fd263903cbf630f9c58ecf1cdd0,not a separate empirical selection,not separately selected,global profile; not per-video,identity_repair,not established,YES,Inherited from the hashed TrackingConfig source; no separate sensitivity claim.,PARTIAL_NO_METHOD_SPECIFIC_SENSITIVITY,BOUND_BY_SOURCE_CODE,PARTIALLY_GROUNDED,NO
R0_CURRENT_STANDARD_V2_20260728,expected_pigs,engineering_or_indirect,count,source-defined integer domain,8,ORIGINAL_METHOD_SPECIFICATION,src/pig_behavior/tracking/config.py sha256=52c5f54ad44b6f76a8d143d168bdc942542d5fd263903cbf630f9c58ecf1cdd0,not a separate empirical selection,not separately selected,global profile; not per-video,engineering_or_indirect,not established,YES,Defines the method family or locked eight-animal task.,SUFFICIENT,BOUND_BY_SOURCE_CODE,FULLY_GROUNDED,NO
R0_CURRENT_STANDARD_V2_20260728,far_camera_hidden_geometry_max_center_shift,Hidden_state|bbox_geometry,unitless,source-defined numeric domain,0.12,INHERITED_DEFAULT_WITH_PROVENANCE,src/pig_behavior/tracking/config.py sha256=52c5f54ad44b6f76a8d143d168bdc942542d5fd263903cbf630f9c58ecf1cdd0,not a separate empirical selection,not separately selected,global profile; not per-video,Hidden_state|bbox_geometry,not established,YES,Inherited from the hashed TrackingConfig source; no separate sensitivity claim.,PARTIAL_NO_METHOD_SPECIFIC_SENSITIVITY,BOUND_BY_SOURCE_CODE,PARTIALLY_GROUNDED,NO
R0_CURRENT_STANDARD_V2_20260728,far_camera_hidden_geometry_max_future_gap_frames,Hidden_state|bbox_geometry|runtime,frames,non-negative integer unless sentinel documented,15,INHERITED_DEFAULT_WITH_PROVENANCE,src/pig_behavior/tracking/config.py sha256=52c5f54ad44b6f76a8d143d168bdc942542d5fd263903cbf630f9c58ecf1cdd0,not a separate empirical selection,not separately selected,global profile; not per-video,Hidden_state|bbox_geometry|runtime,not established,YES,Inherited from the hashed TrackingConfig source; no separate sensitivity claim.,PARTIAL_NO_METHOD_SPECIFIC_SENSITIVITY,BOUND_BY_SOURCE_CODE,PARTIALLY_GROUNDED,NO
R0_CURRENT_STANDARD_V2_20260728,far_camera_hidden_geometry_min_height_excess,Hidden_state|bbox_geometry,unitless,source-defined numeric domain,0.15,INHERITED_DEFAULT_WITH_PROVENANCE,src/pig_behavior/tracking/config.py sha256=52c5f54ad44b6f76a8d143d168bdc942542d5fd263903cbf630f9c58ecf1cdd0,not a separate empirical selection,not separately selected,global profile; not per-video,Hidden_state|bbox_geometry,not established,YES,Inherited from the hashed TrackingConfig source; no separate sensitivity claim.,PARTIAL_NO_METHOD_SPECIFIC_SENSITIVITY,BOUND_BY_SOURCE_CODE,PARTIALLY_GROUNDED,NO
R0_CURRENT_STANDARD_V2_20260728,far_camera_hidden_geometry_min_overlap_reduction,Hidden_state|bbox_geometry,unitless,source-defined numeric domain,0.1,INHERITED_DEFAULT_WITH_PROVENANCE,src/pig_behavior/tracking/config.py sha256=52c5f54ad44b6f76a8d143d168bdc942542d5fd263903cbf630f9c58ecf1cdd0,not a separate empirical selection,not separately selected,global profile; not per-video,Hidden_state|bbox_geometry,not established,YES,Inherited from the hashed TrackingConfig source; no separate sensitivity claim.,PARTIAL_NO_METHOD_SPECIFIC_SENSITIVITY,BOUND_BY_SOURCE_CODE,PARTIALLY_GROUNDED,NO
R0_CURRENT_STANDARD_V2_20260728,far_camera_hidden_geometry_min_visible_overlap_iou,association|Hidden_state|bbox_geometry,unitless ratio,"[0,1] unless source contract states otherwise",0.65,INHERITED_DEFAULT_WITH_PROVENANCE,src/pig_behavior/tracking/config.py sha256=52c5f54ad44b6f76a8d143d168bdc942542d5fd263903cbf630f9c58ecf1cdd0,not a separate empirical selection,not separately selected,global profile; not per-video,association|Hidden_state|bbox_geometry,not established,YES,Inherited from the hashed TrackingConfig source; no separate sensitivity claim.,PARTIAL_NO_METHOD_SPECIFIC_SENSITIVITY,BOUND_BY_SOURCE_CODE,PARTIALLY_GROUNDED,NO
R0_CURRENT_STANDARD_V2_20260728,far_camera_hidden_geometry_original_weight,Hidden_state|bbox_geometry,unitless,source-defined numeric domain,0.1,INHERITED_DEFAULT_WITH_PROVENANCE,src/pig_behavior/tracking/config.py sha256=52c5f54ad44b6f76a8d143d168bdc942542d5fd263903cbf630f9c58ecf1cdd0,not a separate empirical selection,not separately selected,global profile; not per-video,Hidden_state|bbox_geometry,not established,YES,Inherited from the hashed TrackingConfig source; no separate sensitivity claim.,PARTIAL_NO_METHOD_SPECIFIC_SENSITIVITY,BOUND_BY_SOURCE_CODE,PARTIALLY_GROUNDED,NO
R0_CURRENT_STANDARD_V2_20260728,far_camera_hidden_geometry_refine,Hidden_state|bbox_geometry,boolean,"{false,true}",false,INHERITED_DEFAULT_WITH_PROVENANCE,src/pig_behavior/tracking/config.py sha256=52c5f54ad44b6f76a8d143d168bdc942542d5fd263903cbf630f9c58ecf1cdd0,not a separate empirical selection,not separately selected,global profile; not per-video,Hidden_state|bbox_geometry,not established,YES,Inherited from the hashed TrackingConfig source; no separate sensitivity claim.,PARTIAL_NO_METHOD_SPECIFIC_SENSITIVITY,BOUND_BY_SOURCE_CODE,PARTIALLY_GROUNDED,NO
R0_CURRENT_STANDARD_V2_20260728,far_camera_hidden_geometry_x_threshold,Hidden_state|bbox_geometry,unitless,source-defined numeric domain,0.67,INHERITED_DEFAULT_WITH_PROVENANCE,src/pig_behavior/tracking/config.py sha256=52c5f54ad44b6f76a8d143d168bdc942542d5fd263903cbf630f9c58ecf1cdd0,not a separate empirical selection,not separately selected,global profile; not per-video,Hidden_state|bbox_geometry,not established,YES,Inherited from the hashed TrackingConfig source; no separate sensitivity claim.,PARTIAL_NO_METHOD_SPECIFIC_SENSITIVITY,BOUND_BY_SOURCE_CODE,PARTIALLY_GROUNDED,NO
R0_CURRENT_STANDARD_V2_20260728,freeze_identity_in_occlusion,Hidden_state,boolean,"{false,true}",true,INHERITED_DEFAULT_WITH_PROVENANCE,src/pig_behavior/tracking/config.py sha256=52c5f54ad44b6f76a8d143d168bdc942542d5fd263903cbf630f9c58ecf1cdd0,not a separate empirical selection,not separately selected,global profile; not per-video,Hidden_state,not established,YES,Inherited from the hashed TrackingConfig source; no separate sensitivity claim.,PARTIAL_NO_METHOD_SPECIFIC_SENSITIVITY,BOUND_BY_SOURCE_CODE,PARTIALLY_GROUNDED,NO
R0_CURRENT_STANDARD_V2_20260728,half,runtime,boolean,"{false,true}",false,HARDWARE_OR_RUNTIME_CONSTRAINT,src/pig_behavior/tracking/config.py sha256=52c5f54ad44b6f76a8d143d168bdc942542d5fd263903cbf630f9c58ecf1cdd0,not a separate empirical selection,not separately selected,global profile; not per-video,runtime,not established,YES,Execution/safety constraint rather than a quality claim.,SUFFICIENT,BOUND_BY_SOURCE_CODE,FULLY_GROUNDED,NO
R0_CURRENT_STANDARD_V2_20260728,hard_occlusion_detection_iom_threshold,detection|Hidden_state,unitless,source-defined numeric domain,0.45,INHERITED_DEFAULT_WITH_PROVENANCE,src/pig_behavior/tracking/config.py sha256=52c5f54ad44b6f76a8d143d168bdc942542d5fd263903cbf630f9c58ecf1cdd0,not a separate empirical selection,not separately selected,global profile; not per-video,detection|Hidden_state,not established,YES,Inherited from the hashed TrackingConfig source; no separate sensitivity claim.,PARTIAL_NO_METHOD_SPECIFIC_SENSITIVITY,BOUND_BY_SOURCE_CODE,PARTIALLY_GROUNDED,NO
R0_CURRENT_STANDARD_V2_20260728,hard_occlusion_min_frames,Hidden_state|runtime,frames,non-negative integer unless sentinel documented,2,INHERITED_DEFAULT_WITH_PROVENANCE,src/pig_behavior/tracking/config.py sha256=52c5f54ad44b6f76a8d143d168bdc942542d5fd263903cbf630f9c58ecf1cdd0,not a separate empirical selection,not separately selected,global profile; not per-video,Hidden_state|runtime,not established,YES,Inherited from the hashed TrackingConfig source; no separate sensitivity claim.,PARTIAL_NO_METHOD_SPECIFIC_SENSITIVITY,BOUND_BY_SOURCE_CODE,PARTIALLY_GROUNDED,NO
R0_CURRENT_STANDARD_V2_20260728,hard_occlusion_recovery_frames,Hidden_state|runtime,frames,non-negative integer unless sentinel documented,10,INHERITED_DEFAULT_WITH_PROVENANCE,src/pig_behavior/tracking/config.py sha256=52c5f54ad44b6f76a8d143d168bdc942542d5fd263903cbf630f9c58ecf1cdd0,not a separate empirical selection,not separately selected,global profile; not per-video,Hidden_state|runtime,not established,YES,Inherited from the hashed TrackingConfig source; no separate sensitivity claim.,PARTIAL_NO_METHOD_SPECIFIC_SENSITIVITY,BOUND_BY_SOURCE_CODE,PARTIALLY_GROUNDED,NO
R0_CURRENT_STANDARD_V2_20260728,hard_occlusion_score_threshold,Hidden_state,unitless,source-defined numeric domain,0.65,INHERITED_DEFAULT_WITH_PROVENANCE,src/pig_behavior/tracking/config.py sha256=52c5f54ad44b6f76a8d143d168bdc942542d5fd263903cbf630f9c58ecf1cdd0,not a separate empirical selection,not separately selected,global profile; not per-video,Hidden_state,not established,YES,Inherited from the hashed TrackingConfig source; no separate sensitivity claim.,PARTIAL_NO_METHOD_SPECIFIC_SENSITIVITY,BOUND_BY_SOURCE_CODE,PARTIALLY_GROUNDED,NO
R0_CURRENT_STANDARD_V2_20260728,hard_occlusion_track_iom_threshold,Hidden_state,unitless,source-defined numeric domain,0.35,INHERITED_DEFAULT_WITH_PROVENANCE,src/pig_behavior/tracking/config.py sha256=52c5f54ad44b6f76a8d143d168bdc942542d5fd263903cbf630f9c58ecf1cdd0,not a separate empirical selection,not separately selected,global profile; not per-video,Hidden_state,not established,YES,Inherited from the hashed TrackingConfig source; no separate sensitivity claim.,PARTIAL_NO_METHOD_SPECIFIC_SENSITIVITY,BOUND_BY_SOURCE_CODE,PARTIALLY_GROUNDED,NO
R0_CURRENT_STANDARD_V2_20260728,hidden_acceleration_alpha,Hidden_state|evaluator_only,unitless,source-defined numeric domain,0.35,INHERITED_DEFAULT_WITH_PROVENANCE,src/pig_behavior/tracking/config.py sha256=52c5f54ad44b6f76a8d143d168bdc942542d5fd263903cbf630f9c58ecf1cdd0,not a separate empirical selection,not separately selected,global profile; not per-video,Hidden_state|evaluator_only,not established,YES,Inherited from the hashed TrackingConfig source; no separate sensitivity claim.,PARTIAL_NO_METHOD_SPECIFIC_SENSITIVITY,BOUND_BY_SOURCE_CODE,PARTIALLY_GROUNDED,NO
R0_CURRENT_STANDARD_V2_20260728,hidden_max_motion_step_box_scale,Hidden_state|bbox_geometry,unitless,source-defined numeric domain,1.5,INHERITED_DEFAULT_WITH_PROVENANCE,src/pig_behavior/tracking/config.py sha256=52c5f54ad44b6f76a8d143d168bdc942542d5fd263903cbf630f9c58ecf1cdd0,not a separate empirical selection,not separately selected,global profile; not per-video,Hidden_state|bbox_geometry,not established,YES,Inherited from the hashed TrackingConfig source; no separate sensitivity claim.,PARTIAL_NO_METHOD_SPECIFIC_SENSITIVITY,BOUND_BY_SOURCE_CODE,PARTIALLY_GROUNDED,NO
R0_CURRENT_STANDARD_V2_20260728,hidden_min_motion_history,Hidden_state,count,source-defined integer domain,4,INHERITED_DEFAULT_WITH_PROVENANCE,src/pig_behavior/tracking/config.py sha256=52c5f54ad44b6f76a8d143d168bdc942542d5fd263903cbf630f9c58ecf1cdd0,not a separate empirical selection,not separately selected,global profile; not per-video,Hidden_state,not established,YES,Inherited from the hashed TrackingConfig source; no separate sensitivity claim.,PARTIAL_NO_METHOD_SPECIFIC_SENSITIVITY,BOUND_BY_SOURCE_CODE,PARTIALLY_GROUNDED,NO
R0_CURRENT_STANDARD_V2_20260728,hidden_missed_frames,lifecycle|Hidden_state|runtime,frames,non-negative integer unless sentinel documented,5,INHERITED_DEFAULT_WITH_PROVENANCE,src/pig_behavior/tracking/config.py sha256=52c5f54ad44b6f76a8d143d168bdc942542d5fd263903cbf630f9c58ecf1cdd0,not a separate empirical selection,not separately selected,global profile; not per-video,lifecycle|Hidden_state|runtime,not established,YES,Inherited from the hashed TrackingConfig source; no separate sensitivity claim.,PARTIAL_NO_METHOD_SPECIFIC_SENSITIVITY,BOUND_BY_SOURCE_CODE,PARTIALLY_GROUNDED,NO
R0_CURRENT_STANDARD_V2_20260728,hidden_motion_consistency,Hidden_state,unitless,source-defined numeric domain,0.55,INHERITED_DEFAULT_WITH_PROVENANCE,src/pig_behavior/tracking/config.py sha256=52c5f54ad44b6f76a8d143d168bdc942542d5fd263903cbf630f9c58ecf1cdd0,not a separate empirical selection,not separately selected,global profile; not per-video,Hidden_state,not established,YES,Inherited from the hashed TrackingConfig source; no separate sensitivity claim.,PARTIAL_NO_METHOD_SPECIFIC_SENSITIVITY,BOUND_BY_SOURCE_CODE,PARTIALLY_GROUNDED,NO
R0_CURRENT_STANDARD_V2_20260728,hidden_motion_history,Hidden_state,count,source-defined integer domain,8,INHERITED_DEFAULT_WITH_PROVENANCE,src/pig_behavior/tracking/config.py sha256=52c5f54ad44b6f76a8d143d168bdc942542d5fd263903cbf630f9c58ecf1cdd0,not a separate empirical selection,not separately selected,global profile; not per-video,Hidden_state,not established,YES,Inherited from the hashed TrackingConfig source; no separate sensitivity claim.,PARTIAL_NO_METHOD_SPECIFIC_SENSITIVITY,BOUND_BY_SOURCE_CODE,PARTIALLY_GROUNDED,NO
R0_CURRENT_STANDARD_V2_20260728,hidden_motion_model,Hidden_state,boolean,"{false,true}",true,INHERITED_DEFAULT_WITH_PROVENANCE,src/pig_behavior/tracking/config.py sha256=52c5f54ad44b6f76a8d143d168bdc942542d5fd263903cbf630f9c58ecf1cdd0,not a separate empirical selection,not separately selected,global profile; not per-video,Hidden_state,not established,YES,Inherited from the hashed TrackingConfig source; no separate sensitivity claim.,PARTIAL_NO_METHOD_SPECIFIC_SENSITIVITY,BOUND_BY_SOURCE_CODE,PARTIALLY_GROUNDED,NO
R0_CURRENT_STANDARD_V2_20260728,hidden_moving_displacement,Hidden_state,unitless,source-defined numeric domain,0.035,INHERITED_DEFAULT_WITH_PROVENANCE,src/pig_behavior/tracking/config.py sha256=52c5f54ad44b6f76a8d143d168bdc942542d5fd263903cbf630f9c58ecf1cdd0,not a separate empirical selection,not separately selected,global profile; not per-video,Hidden_state,not established,YES,Inherited from the hashed TrackingConfig source; no separate sensitivity claim.,PARTIAL_NO_METHOD_SPECIFIC_SENSITIVITY,BOUND_BY_SOURCE_CODE,PARTIALLY_GROUNDED,NO
R0_CURRENT_STANDARD_V2_20260728,hidden_overlap_iou_threshold,association|Hidden_state,unitless ratio,"[0,1] unless source contract states otherwise",0.65,INHERITED_DEFAULT_WITH_PROVENANCE,src/pig_behavior/tracking/config.py sha256=52c5f54ad44b6f76a8d143d168bdc942542d5fd263903cbf630f9c58ecf1cdd0,not a separate empirical selection,not separately selected,global profile; not per-video,association|Hidden_state,not established,YES,Inherited from the hashed TrackingConfig source; no separate sensitivity claim.,PARTIAL_NO_METHOD_SPECIFIC_SENSITIVITY,BOUND_BY_SOURCE_CODE,PARTIALLY_GROUNDED,NO
R0_CURRENT_STANDARD_V2_20260728,hidden_overlap_window_frames,Hidden_state|runtime,frames,non-negative integer unless sentinel documented,2,INHERITED_DEFAULT_WITH_PROVENANCE,src/pig_behavior/tracking/config.py sha256=52c5f54ad44b6f76a8d143d168bdc942542d5fd263903cbf630f9c58ecf1cdd0,not a separate empirical selection,not separately selected,global profile; not per-video,Hidden_state|runtime,not established,YES,Inherited from the hashed TrackingConfig source; no separate sensitivity claim.,PARTIAL_NO_METHOD_SPECIFIC_SENSITIVITY,BOUND_BY_SOURCE_CODE,PARTIALLY_GROUNDED,NO
R0_CURRENT_STANDARD_V2_20260728,hidden_owner_guard,identity_repair|Hidden_state,boolean,"{false,true}",false,INHERITED_DEFAULT_WITH_PROVENANCE,src/pig_behavior/tracking/config.py sha256=52c5f54ad44b6f76a8d143d168bdc942542d5fd263903cbf630f9c58ecf1cdd0,not a separate empirical selection,not separately selected,global profile; not per-video,identity_repair|Hidden_state,not established,YES,Inherited from the hashed TrackingConfig source; no separate sensitivity claim.,PARTIAL_NO_METHOD_SPECIFIC_SENSITIVITY,BOUND_BY_SOURCE_CODE,PARTIALLY_GROUNDED,NO
R0_CURRENT_STANDARD_V2_20260728,hidden_owner_guard_cost_margin,association|identity_repair|Hidden_state,unitless,source-defined numeric domain,0.08,INHERITED_DEFAULT_WITH_PROVENANCE,src/pig_behavior/tracking/config.py sha256=52c5f54ad44b6f76a8d143d168bdc942542d5fd263903cbf630f9c58ecf1cdd0,not a separate empirical selection,not separately selected,global profile; not per-video,association|identity_repair|Hidden_state,not established,YES,Inherited from the hashed TrackingConfig source; no separate sensitivity claim.,PARTIAL_NO_METHOD_SPECIFIC_SENSITIVITY,BOUND_BY_SOURCE_CODE,PARTIALLY_GROUNDED,NO
R0_CURRENT_STANDARD_V2_20260728,hidden_owner_guard_hold_assignment,identity_repair|Hidden_state,boolean,"{false,true}",false,INHERITED_DEFAULT_WITH_PROVENANCE,src/pig_behavior/tracking/config.py sha256=52c5f54ad44b6f76a8d143d168bdc942542d5fd263903cbf630f9c58ecf1cdd0,not a separate empirical selection,not separately selected,global profile; not per-video,identity_repair|Hidden_state,not established,YES,Inherited from the hashed TrackingConfig source; no separate sensitivity claim.,PARTIAL_NO_METHOD_SPECIFIC_SENSITIVITY,BOUND_BY_SOURCE_CODE,PARTIALLY_GROUNDED,NO
R0_CURRENT_STANDARD_V2_20260728,hidden_owner_guard_min_missed,lifecycle|identity_repair|Hidden_state,frames,non-negative integer unless sentinel documented,2,INHERITED_DEFAULT_WITH_PROVENANCE,src/pig_behavior/tracking/config.py sha256=52c5f54ad44b6f76a8d143d168bdc942542d5fd263903cbf630f9c58ecf1cdd0,not a separate empirical selection,not separately selected,global profile; not per-video,lifecycle|identity_repair|Hidden_state,not established,YES,Inherited from the hashed TrackingConfig source; no separate sensitivity claim.,PARTIAL_NO_METHOD_SPECIFIC_SENSITIVITY,BOUND_BY_SOURCE_CODE,PARTIALLY_GROUNDED,NO
R0_CURRENT_STANDARD_V2_20260728,hidden_score_threshold,Hidden_state,unitless,source-defined numeric domain,0.15,INHERITED_DEFAULT_WITH_PROVENANCE,src/pig_behavior/tracking/config.py sha256=52c5f54ad44b6f76a8d143d168bdc942542d5fd263903cbf630f9c58ecf1cdd0,not a separate empirical selection,not separately selected,global profile; not per-video,Hidden_state,not established,YES,Inherited from the hashed TrackingConfig source; no separate sensitivity claim.,PARTIAL_NO_METHOD_SPECIFIC_SENSITIVITY,BOUND_BY_SOURCE_CODE,PARTIALLY_GROUNDED,NO
R0_CURRENT_STANDARD_V2_20260728,hidden_stationary_displacement,Hidden_state,unitless,source-defined numeric domain,0.015,INHERITED_DEFAULT_WITH_PROVENANCE,src/pig_behavior/tracking/config.py sha256=52c5f54ad44b6f76a8d143d168bdc942542d5fd263903cbf630f9c58ecf1cdd0,not a separate empirical selection,not separately selected,global profile; not per-video,Hidden_state,not established,YES,Inherited from the hashed TrackingConfig source; no separate sensitivity claim.,PARTIAL_NO_METHOD_SPECIFIC_SENSITIVITY,BOUND_BY_SOURCE_CODE,PARTIALLY_GROUNDED,NO
R0_CURRENT_STANDARD_V2_20260728,hidden_stationary_lock_frames,Hidden_state|runtime,frames,non-negative integer unless sentinel documented,8,INHERITED_DEFAULT_WITH_PROVENANCE,src/pig_behavior/tracking/config.py sha256=52c5f54ad44b6f76a8d143d168bdc942542d5fd263903cbf630f9c58ecf1cdd0,not a separate empirical selection,not separately selected,global profile; not per-video,Hidden_state|runtime,not established,YES,Inherited from the hashed TrackingConfig source; no separate sensitivity claim.,PARTIAL_NO_METHOD_SPECIFIC_SENSITIVITY,BOUND_BY_SOURCE_CODE,PARTIALLY_GROUNDED,NO
R0_CURRENT_STANDARD_V2_20260728,hidden_stationary_speed,Hidden_state,unitless,source-defined numeric domain,0.006,INHERITED_DEFAULT_WITH_PROVENANCE,src/pig_behavior/tracking/config.py sha256=52c5f54ad44b6f76a8d143d168bdc942542d5fd263903cbf630f9c58ecf1cdd0,not a separate empirical selection,not separately selected,global profile; not per-video,Hidden_state,not established,YES,Inherited from the hashed TrackingConfig source; no separate sensitivity claim.,PARTIAL_NO_METHOD_SPECIFIC_SENSITIVITY,BOUND_BY_SOURCE_CODE,PARTIALLY_GROUNDED,NO
R0_CURRENT_STANDARD_V2_20260728,hidden_suffix_id_swap_max_hidden_frames,identity_repair|Hidden_state|runtime,frames,non-negative integer unless sentinel documented,15,INHERITED_DEFAULT_WITH_PROVENANCE,src/pig_behavior/tracking/config.py sha256=52c5f54ad44b6f76a8d143d168bdc942542d5fd263903cbf630f9c58ecf1cdd0,not a separate empirical selection,not separately selected,global profile; not per-video,identity_repair|Hidden_state|runtime,not established,YES,Inherited from the hashed TrackingConfig source; no separate sensitivity claim.,PARTIAL_NO_METHOD_SPECIFIC_SENSITIVITY,BOUND_BY_SOURCE_CODE,PARTIALLY_GROUNDED,NO
R0_CURRENT_STANDARD_V2_20260728,hidden_suffix_id_swap_max_hidden_median_score,identity_repair|Hidden_state,unitless,source-defined numeric domain,0.5,INHERITED_DEFAULT_WITH_PROVENANCE,src/pig_behavior/tracking/config.py sha256=52c5f54ad44b6f76a8d143d168bdc942542d5fd263903cbf630f9c58ecf1cdd0,not a separate empirical selection,not separately selected,global profile; not per-video,identity_repair|Hidden_state,not established,YES,Inherited from the hashed TrackingConfig source; no separate sensitivity claim.,PARTIAL_NO_METHOD_SPECIFIC_SENSITIVITY,BOUND_BY_SOURCE_CODE,PARTIALLY_GROUNDED,NO
R0_CURRENT_STANDARD_V2_20260728,hidden_suffix_id_swap_min_hidden_frames,identity_repair|Hidden_state|runtime,frames,non-negative integer unless sentinel documented,8,INHERITED_DEFAULT_WITH_PROVENANCE,src/pig_behavior/tracking/config.py sha256=52c5f54ad44b6f76a8d143d168bdc942542d5fd263903cbf630f9c58ecf1cdd0,not a separate empirical selection,not separately selected,global profile; not per-video,identity_repair|Hidden_state|runtime,not established,YES,Inherited from the hashed TrackingConfig source; no separate sensitivity claim.,PARTIAL_NO_METHOD_SPECIFIC_SENSITIVITY,BOUND_BY_SOURCE_CODE,PARTIALLY_GROUNDED,NO
R0_CURRENT_STANDARD_V2_20260728,hidden_suffix_id_swap_min_overlap_iou,association|identity_repair|Hidden_state,unitless ratio,"[0,1] unless source contract states otherwise",0.7,INHERITED_DEFAULT_WITH_PROVENANCE,src/pig_behavior/tracking/config.py sha256=52c5f54ad44b6f76a8d143d168bdc942542d5fd263903cbf630f9c58ecf1cdd0,not a separate empirical selection,not separately selected,global profile; not per-video,association|identity_repair|Hidden_state,not established,YES,Inherited from the hashed TrackingConfig source; no separate sensitivity claim.,PARTIAL_NO_METHOD_SPECIFIC_SENSITIVITY,BOUND_BY_SOURCE_CODE,PARTIALLY_GROUNDED,NO
R0_CURRENT_STANDARD_V2_20260728,hidden_suffix_id_swap_min_overlap_persistence_frames,identity_repair|Hidden_state|runtime,frames,non-negative integer unless sentinel documented,2,INHERITED_DEFAULT_WITH_PROVENANCE,src/pig_behavior/tracking/config.py sha256=52c5f54ad44b6f76a8d143d168bdc942542d5fd263903cbf630f9c58ecf1cdd0,not a separate empirical selection,not separately selected,global profile; not per-video,identity_repair|Hidden_state|runtime,not established,YES,Inherited from the hashed TrackingConfig source; no separate sensitivity claim.,PARTIAL_NO_METHOD_SPECIFIC_SENSITIVITY,BOUND_BY_SOURCE_CODE,PARTIALLY_GROUNDED,NO
R0_CURRENT_STANDARD_V2_20260728,hidden_suffix_id_swap_min_suffix_frames,identity_repair|Hidden_state|runtime,frames,non-negative integer unless sentinel documented,600,INHERITED_DEFAULT_WITH_PROVENANCE,src/pig_behavior/tracking/config.py sha256=52c5f54ad44b6f76a8d143d168bdc942542d5fd263903cbf630f9c58ecf1cdd0,not a separate empirical selection,not separately selected,global profile; not per-video,identity_repair|Hidden_state|runtime,not established,YES,Inherited from the hashed TrackingConfig source; no separate sensitivity claim.,PARTIAL_NO_METHOD_SPECIFIC_SENSITIVITY,BOUND_BY_SOURCE_CODE,PARTIALLY_GROUNDED,NO
R0_CURRENT_STANDARD_V2_20260728,hidden_suffix_id_swap_repair,identity_repair|Hidden_state,boolean,"{false,true}",false,INHERITED_DEFAULT_WITH_PROVENANCE,src/pig_behavior/tracking/config.py sha256=52c5f54ad44b6f76a8d143d168bdc942542d5fd263903cbf630f9c58ecf1cdd0,not a separate empirical selection,not separately selected,global profile; not per-video,identity_repair|Hidden_state,not established,YES,Inherited from the hashed TrackingConfig source; no separate sensitivity claim.,PARTIAL_NO_METHOD_SPECIFIC_SENSITIVITY,BOUND_BY_SOURCE_CODE,PARTIALLY_GROUNDED,NO
R0_CURRENT_STANDARD_V2_20260728,hidden_suffix_id_swap_start_back_frames,identity_repair|Hidden_state|runtime,frames,non-negative integer unless sentinel documented,7,INHERITED_DEFAULT_WITH_PROVENANCE,src/pig_behavior/tracking/config.py sha256=52c5f54ad44b6f76a8d143d168bdc942542d5fd263903cbf630f9c58ecf1cdd0,not a separate empirical selection,not separately selected,global profile; not per-video,identity_repair|Hidden_state|runtime,not established,YES,Inherited from the hashed TrackingConfig source; no separate sensitivity claim.,PARTIAL_NO_METHOD_SPECIFIC_SENSITIVITY,BOUND_BY_SOURCE_CODE,PARTIALLY_GROUNDED,NO
R0_CURRENT_STANDARD_V2_20260728,hidden_suffix_id_swap_use_overlap_persistence,identity_repair|Hidden_state,boolean,"{false,true}",false,INHERITED_DEFAULT_WITH_PROVENANCE,src/pig_behavior/tracking/config.py sha256=52c5f54ad44b6f76a8d143d168bdc942542d5fd263903cbf630f9c58ecf1cdd0,not a separate empirical selection,not separately selected,global profile; not per-video,identity_repair|Hidden_state,not established,YES,Inherited from the hashed TrackingConfig source; no separate sensitivity claim.,PARTIAL_NO_METHOD_SPECIFIC_SENSITIVITY,BOUND_BY_SOURCE_CODE,PARTIALLY_GROUNDED,NO
R0_CURRENT_STANDARD_V2_20260728,hidden_velocity_alpha,Hidden_state|evaluator_only,unitless,source-defined numeric domain,0.65,INHERITED_DEFAULT_WITH_PROVENANCE,src/pig_behavior/tracking/config.py sha256=52c5f54ad44b6f76a8d143d168bdc942542d5fd263903cbf630f9c58ecf1cdd0,not a separate empirical selection,not separately selected,global profile; not per-video,Hidden_state|evaluator_only,not established,YES,Inherited from the hashed TrackingConfig source; no separate sensitivity claim.,PARTIAL_NO_METHOD_SPECIFIC_SENSITIVITY,BOUND_BY_SOURCE_CODE,PARTIALLY_GROUNDED,NO
R0_CURRENT_STANDARD_V2_20260728,high_conf_smooth_alpha,bbox_geometry|evaluator_only,unitless,source-defined numeric domain,0.75,INHERITED_DEFAULT_WITH_PROVENANCE,src/pig_behavior/tracking/config.py sha256=52c5f54ad44b6f76a8d143d168bdc942542d5fd263903cbf630f9c58ecf1cdd0,not a separate empirical selection,not separately selected,global profile; not per-video,bbox_geometry|evaluator_only,not established,YES,Inherited from the hashed TrackingConfig source; no separate sensitivity claim.,PARTIAL_NO_METHOD_SPECIFIC_SENSITIVITY,BOUND_BY_SOURCE_CODE,PARTIALLY_GROUNDED,NO
R0_CURRENT_STANDARD_V2_20260728,hold_occluded_box,Hidden_state|bbox_geometry,boolean,"{false,true}",true,INHERITED_DEFAULT_WITH_PROVENANCE,src/pig_behavior/tracking/config.py sha256=52c5f54ad44b6f76a8d143d168bdc942542d5fd263903cbf630f9c58ecf1cdd0,not a separate empirical selection,not separately selected,global profile; not per-video,Hidden_state|bbox_geometry,not established,YES,Inherited from the hashed TrackingConfig source; no separate sensitivity claim.,PARTIAL_NO_METHOD_SPECIFIC_SENSITIVITY,BOUND_BY_SOURCE_CODE,PARTIALLY_GROUNDED,NO
R0_CURRENT_STANDARD_V2_20260728,identity_swap_guard,identity_repair,boolean,"{false,true}",false,PREDECLARED_DEVELOPMENT_SELECTION,src/pig_behavior/tracking/profiles/realtime.py sha256=c7f63149f4577a8b5285f9387b46c75cd0fbbcabcc4c585ec89f319a06b8a496,13-video development evidence,frozen before authority execution; earlier development data visible,global profile; not per-video,identity_repair,authority/ablation record may exist; not universal,YES,Profile override frozen by a development authority before its authority run.,SUFFICIENT_WITH_DEVELOPMENT_SCOPE_LIMITATION,BOUND_BY_EFFECTIVE_CONFIG,FULLY_GROUNDED,NO
R0_CURRENT_STANDARD_V2_20260728,identity_swap_guard_far_x_threshold,identity_repair,unitless,source-defined numeric domain,0.67,INHERITED_DEFAULT_WITH_PROVENANCE,src/pig_behavior/tracking/config.py sha256=52c5f54ad44b6f76a8d143d168bdc942542d5fd263903cbf630f9c58ecf1cdd0,not a separate empirical selection,not separately selected,global profile; not per-video,identity_repair,not established,YES,Inherited from the hashed TrackingConfig source; no separate sensitivity claim.,PARTIAL_NO_METHOD_SPECIFIC_SENSITIVITY,BOUND_BY_SOURCE_CODE,PARTIALLY_GROUNDED,NO
R0_CURRENT_STANDARD_V2_20260728,identity_swap_guard_skip_mixed_occlusion_hold,identity_repair|Hidden_state,boolean,"{false,true}",false,INHERITED_DEFAULT_WITH_PROVENANCE,src/pig_behavior/tracking/config.py sha256=52c5f54ad44b6f76a8d143d168bdc942542d5fd263903cbf630f9c58ecf1cdd0,not a separate empirical selection,not separately selected,global profile; not per-video,identity_repair|Hidden_state,not established,YES,Inherited from the hashed TrackingConfig source; no separate sensitivity claim.,PARTIAL_NO_METHOD_SPECIFIC_SENSITIVITY,BOUND_BY_SOURCE_CODE,PARTIALLY_GROUNDED,NO
R0_CURRENT_STANDARD_V2_20260728,identity_swap_guard_skip_mixed_occlusion_hold_far_only,identity_repair|Hidden_state,boolean,"{false,true}",false,INHERITED_DEFAULT_WITH_PROVENANCE,src/pig_behavior/tracking/config.py sha256=52c5f54ad44b6f76a8d143d168bdc942542d5fd263903cbf630f9c58ecf1cdd0,not a separate empirical selection,not separately selected,global profile; not per-video,identity_repair|Hidden_state,not established,YES,Inherited from the hashed TrackingConfig source; no separate sensitivity claim.,PARTIAL_NO_METHOD_SPECIFIC_SENSITIVITY,BOUND_BY_SOURCE_CODE,PARTIALLY_GROUNDED,NO
R0_CURRENT_STANDARD_V2_20260728,identity_swap_iom_threshold,identity_repair,unitless,source-defined numeric domain,0.1,INHERITED_DEFAULT_WITH_PROVENANCE,src/pig_behavior/tracking/config.py sha256=52c5f54ad44b6f76a8d143d168bdc942542d5fd263903cbf630f9c58ecf1cdd0,not a separate empirical selection,not separately selected,global profile; not per-video,identity_repair,not established,YES,Inherited from the hashed TrackingConfig source; no separate sensitivity claim.,PARTIAL_NO_METHOD_SPECIFIC_SENSITIVITY,BOUND_BY_SOURCE_CODE,PARTIALLY_GROUNDED,NO
R0_CURRENT_STANDARD_V2_20260728,identity_swap_min_gain,identity_repair,unitless,source-defined numeric domain,0.015,INHERITED_DEFAULT_WITH_PROVENANCE,src/pig_behavior/tracking/config.py sha256=52c5f54ad44b6f76a8d143d168bdc942542d5fd263903cbf630f9c58ecf1cdd0,not a separate empirical selection,not separately selected,global profile; not per-video,identity_repair,not established,YES,Inherited from the hashed TrackingConfig source; no separate sensitivity claim.,PARTIAL_NO_METHOD_SPECIFIC_SENSITIVITY,BOUND_BY_SOURCE_CODE,PARTIALLY_GROUNDED,NO
R0_CURRENT_STANDARD_V2_20260728,imgsz,detection,count,source-defined integer domain,640,INHERITED_DEFAULT_WITH_PROVENANCE,src/pig_behavior/tracking/config.py sha256=52c5f54ad44b6f76a8d143d168bdc942542d5fd263903cbf630f9c58ecf1cdd0,not a separate empirical selection,not separately selected,global profile; not per-video,detection,not established,YES,Inherited from the hashed TrackingConfig source; no separate sensitivity claim.,PARTIAL_NO_METHOD_SPECIFIC_SENSITIVITY,BOUND_BY_SOURCE_CODE,PARTIALLY_GROUNDED,NO
R0_CURRENT_STANDARD_V2_20260728,initial_track_conf,engineering_or_indirect,unitless ratio,"[0,1] unless source contract states otherwise",0.45,INHERITED_DEFAULT_WITH_PROVENANCE,src/pig_behavior/tracking/config.py sha256=52c5f54ad44b6f76a8d143d168bdc942542d5fd263903cbf630f9c58ecf1cdd0,not a separate empirical selection,not separately selected,global profile; not per-video,engineering_or_indirect,not established,YES,Inherited from the hashed TrackingConfig source; no separate sensitivity claim.,PARTIAL_NO_METHOD_SPECIFIC_SENSITIVITY,BOUND_BY_SOURCE_CODE,PARTIALLY_GROUNDED,NO
R0_CURRENT_STANDARD_V2_20260728,iou,association,unitless ratio,"[0,1] unless source contract states otherwise",null,INHERITED_DEFAULT_WITH_PROVENANCE,src/pig_behavior/tracking/config.py sha256=52c5f54ad44b6f76a8d143d168bdc942542d5fd263903cbf630f9c58ecf1cdd0,not a separate empirical selection,not separately selected,global profile; not per-video,association,not established,YES,Inherited from the hashed TrackingConfig source; no separate sensitivity claim.,PARTIAL_NO_METHOD_SPECIFIC_SENSITIVITY,BOUND_BY_SOURCE_CODE,PARTIALLY_GROUNDED,NO
R0_CURRENT_STANDARD_V2_20260728,iou_fallback_threshold,association,unitless ratio,"[0,1] unless source contract states otherwise",0.45,INHERITED_DEFAULT_WITH_PROVENANCE,src/pig_behavior/tracking/config.py sha256=52c5f54ad44b6f76a8d143d168bdc942542d5fd263903cbf630f9c58ecf1cdd0,not a separate empirical selection,not separately selected,global profile; not per-video,association,not established,YES,Inherited from the hashed TrackingConfig source; no separate sensitivity claim.,PARTIAL_NO_METHOD_SPECIFIC_SENSITIVITY,BOUND_BY_SOURCE_CODE,PARTIALLY_GROUNDED,NO
R0_CURRENT_STANDARD_V2_20260728,labels_json,engineering_or_indirect,not applicable,None or source-defined value,null,INHERITED_DEFAULT_WITH_PROVENANCE,src/pig_behavior/tracking/config.py sha256=52c5f54ad44b6f76a8d143d168bdc942542d5fd263903cbf630f9c58ecf1cdd0,not a separate empirical selection,not separately selected,global profile; not per-video,engineering_or_indirect,not established,YES,Inherited from the hashed TrackingConfig source; no separate sensitivity claim.,PARTIAL_NO_METHOD_SPECIFIC_SENSITIVITY,BOUND_BY_SOURCE_CODE,PARTIALLY_GROUNDED,NO
R0_CURRENT_STANDARD_V2_20260728,local_pair_swap_max_gap_frames,identity_repair|runtime,frames,non-negative integer unless sentinel documented,2,INHERITED_DEFAULT_WITH_PROVENANCE,src/pig_behavior/tracking/config.py sha256=52c5f54ad44b6f76a8d143d168bdc942542d5fd263903cbf630f9c58ecf1cdd0,not a separate empirical selection,not separately selected,global profile; not per-video,identity_repair|runtime,not established,YES,Inherited from the hashed TrackingConfig source; no separate sensitivity claim.,PARTIAL_NO_METHOD_SPECIFIC_SENSITIVITY,BOUND_BY_SOURCE_CODE,PARTIALLY_GROUNDED,NO
R0_CURRENT_STANDARD_V2_20260728,local_pair_swap_min_motion_gain,identity_repair,unitless,source-defined numeric domain,0.08,INHERITED_DEFAULT_WITH_PROVENANCE,src/pig_behavior/tracking/config.py sha256=52c5f54ad44b6f76a8d143d168bdc942542d5fd263903cbf630f9c58ecf1cdd0,not a separate empirical selection,not separately selected,global profile; not per-video,identity_repair,not established,YES,Inherited from the hashed TrackingConfig source; no separate sensitivity claim.,PARTIAL_NO_METHOD_SPECIFIC_SENSITIVITY,BOUND_BY_SOURCE_CODE,PARTIALLY_GROUNDED,NO
R0_CURRENT_STANDARD_V2_20260728,local_pair_swap_min_overlap_iou,association|identity_repair,unitless ratio,"[0,1] unless source contract states otherwise",0.2,INHERITED_DEFAULT_WITH_PROVENANCE,src/pig_behavior/tracking/config.py sha256=52c5f54ad44b6f76a8d143d168bdc942542d5fd263903cbf630f9c58ecf1cdd0,not a separate empirical selection,not separately selected,global profile; not per-video,association|identity_repair,not established,YES,Inherited from the hashed TrackingConfig source; no separate sensitivity claim.,PARTIAL_NO_METHOD_SPECIFIC_SENSITIVITY,BOUND_BY_SOURCE_CODE,PARTIALLY_GROUNDED,NO
R0_CURRENT_STANDARD_V2_20260728,local_pair_swap_repair,identity_repair,boolean,"{false,true}",false,INHERITED_DEFAULT_WITH_PROVENANCE,src/pig_behavior/tracking/config.py sha256=52c5f54ad44b6f76a8d143d168bdc942542d5fd263903cbf630f9c58ecf1cdd0,not a separate empirical selection,not separately selected,global profile; not per-video,identity_repair,not established,YES,Inherited from the hashed TrackingConfig source; no separate sensitivity claim.,PARTIAL_NO_METHOD_SPECIFIC_SENSITIVITY,BOUND_BY_SOURCE_CODE,PARTIALLY_GROUNDED,NO
R0_CURRENT_STANDARD_V2_20260728,local_pair_swap_window_frames,identity_repair|runtime,frames,non-negative integer unless sentinel documented,8,INHERITED_DEFAULT_WITH_PROVENANCE,src/pig_behavior/tracking/config.py sha256=52c5f54ad44b6f76a8d143d168bdc942542d5fd263903cbf630f9c58ecf1cdd0,not a separate empirical selection,not separately selected,global profile; not per-video,identity_repair|runtime,not established,YES,Inherited from the hashed TrackingConfig source; no separate sensitivity claim.,PARTIAL_NO_METHOD_SPECIFIC_SENSITIVITY,BOUND_BY_SOURCE_CODE,PARTIALLY_GROUNDED,NO
R0_CURRENT_STANDARD_V2_20260728,long_pair_swap_max_gap_frames,identity_repair|runtime,frames,non-negative integer unless sentinel documented,2,INHERITED_DEFAULT_WITH_PROVENANCE,src/pig_behavior/tracking/config.py sha256=52c5f54ad44b6f76a8d143d168bdc942542d5fd263903cbf630f9c58ecf1cdd0,not a separate empirical selection,not separately selected,global profile; not per-video,identity_repair|runtime,not established,YES,Inherited from the hashed TrackingConfig source; no separate sensitivity claim.,PARTIAL_NO_METHOD_SPECIFIC_SENSITIVITY,BOUND_BY_SOURCE_CODE,PARTIALLY_GROUNDED,NO
R0_CURRENT_STANDARD_V2_20260728,long_pair_swap_min_frames,identity_repair|runtime,frames,non-negative integer unless sentinel documented,24,INHERITED_DEFAULT_WITH_PROVENANCE,src/pig_behavior/tracking/config.py sha256=52c5f54ad44b6f76a8d143d168bdc942542d5fd263903cbf630f9c58ecf1cdd0,not a separate empirical selection,not separately selected,global profile; not per-video,identity_repair|runtime,not established,YES,Inherited from the hashed TrackingConfig source; no separate sensitivity claim.,PARTIAL_NO_METHOD_SPECIFIC_SENSITIVITY,BOUND_BY_SOURCE_CODE,PARTIALLY_GROUNDED,NO
R0_CURRENT_STANDARD_V2_20260728,long_pair_swap_min_median_separation,identity_repair,unitless,source-defined numeric domain,0.04,INHERITED_DEFAULT_WITH_PROVENANCE,src/pig_behavior/tracking/config.py sha256=52c5f54ad44b6f76a8d143d168bdc942542d5fd263903cbf630f9c58ecf1cdd0,not a separate empirical selection,not separately selected,global profile; not per-video,identity_repair,not established,YES,Inherited from the hashed TrackingConfig source; no separate sensitivity claim.,PARTIAL_NO_METHOD_SPECIFIC_SENSITIVITY,BOUND_BY_SOURCE_CODE,PARTIALLY_GROUNDED,NO
R0_CURRENT_STANDARD_V2_20260728,long_pair_swap_min_start_gain,identity_repair,unitless,source-defined numeric domain,0.08,INHERITED_DEFAULT_WITH_PROVENANCE,src/pig_behavior/tracking/config.py sha256=52c5f54ad44b6f76a8d143d168bdc942542d5fd263903cbf630f9c58ecf1cdd0,not a separate empirical selection,not separately selected,global profile; not per-video,identity_repair,not established,YES,Inherited from the hashed TrackingConfig source; no separate sensitivity claim.,PARTIAL_NO_METHOD_SPECIFIC_SENSITIVITY,BOUND_BY_SOURCE_CODE,PARTIALLY_GROUNDED,NO
R0_CURRENT_STANDARD_V2_20260728,long_pair_swap_repair,identity_repair,boolean,"{false,true}",false,INHERITED_DEFAULT_WITH_PROVENANCE,src/pig_behavior/tracking/config.py sha256=52c5f54ad44b6f76a8d143d168bdc942542d5fd263903cbf630f9c58ecf1cdd0,not a separate empirical selection,not separately selected,global profile; not per-video,identity_repair,not established,YES,Inherited from the hashed TrackingConfig source; no separate sensitivity claim.,PARTIAL_NO_METHOD_SPECIFIC_SENSITIVITY,BOUND_BY_SOURCE_CODE,PARTIALLY_GROUNDED,NO
R0_CURRENT_STANDARD_V2_20260728,lost_track_cost_threshold,association|lifecycle,unitless,source-defined numeric domain,0.95,INHERITED_DEFAULT_WITH_PROVENANCE,src/pig_behavior/tracking/config.py sha256=52c5f54ad44b6f76a8d143d168bdc942542d5fd263903cbf630f9c58ecf1cdd0,not a separate empirical selection,not separately selected,global profile; not per-video,association|lifecycle,not established,YES,Inherited from the hashed TrackingConfig source; no separate sensitivity claim.,PARTIAL_NO_METHOD_SPECIFIC_SENSITIVITY,BOUND_BY_SOURCE_CODE,PARTIALLY_GROUNDED,NO
R0_CURRENT_STANDARD_V2_20260728,lost_track_different_raw_hidden_owner_appearance_threshold,association|lifecycle|identity_repair|Hidden_state,unitless,source-defined numeric domain,0.25,INHERITED_DEFAULT_WITH_PROVENANCE,src/pig_behavior/tracking/config.py sha256=52c5f54ad44b6f76a8d143d168bdc942542d5fd263903cbf630f9c58ecf1cdd0,not a separate empirical selection,not separately selected,global profile; not per-video,association|lifecycle|identity_repair|Hidden_state,not established,YES,Inherited from the hashed TrackingConfig source; no separate sensitivity claim.,PARTIAL_NO_METHOD_SPECIFIC_SENSITIVITY,BOUND_BY_SOURCE_CODE,PARTIALLY_GROUNDED,NO
R0_CURRENT_STANDARD_V2_20260728,lost_track_different_raw_hidden_owner_bypass,lifecycle|identity_repair|Hidden_state,boolean,"{false,true}",true,INHERITED_DEFAULT_WITH_PROVENANCE,src/pig_behavior/tracking/config.py sha256=52c5f54ad44b6f76a8d143d168bdc942542d5fd263903cbf630f9c58ecf1cdd0,not a separate empirical selection,not separately selected,global profile; not per-video,lifecycle|identity_repair|Hidden_state,not established,YES,Inherited from the hashed TrackingConfig source; no separate sensitivity claim.,PARTIAL_NO_METHOD_SPECIFIC_SENSITIVITY,BOUND_BY_SOURCE_CODE,PARTIALLY_GROUNDED,NO
R0_CURRENT_STANDARD_V2_20260728,lost_track_different_raw_hidden_owner_min_center_gain,lifecycle|identity_repair|Hidden_state,unitless,source-defined numeric domain,0.03,INHERITED_DEFAULT_WITH_PROVENANCE,src/pig_behavior/tracking/config.py sha256=52c5f54ad44b6f76a8d143d168bdc942542d5fd263903cbf630f9c58ecf1cdd0,not a separate empirical selection,not separately selected,global profile; not per-video,lifecycle|identity_repair|Hidden_state,not established,YES,Inherited from the hashed TrackingConfig source; no separate sensitivity claim.,PARTIAL_NO_METHOD_SPECIFIC_SENSITIVITY,BOUND_BY_SOURCE_CODE,PARTIALLY_GROUNDED,NO
R0_CURRENT_STANDARD_V2_20260728,lost_track_different_raw_hidden_owner_min_missed,lifecycle|identity_repair|Hidden_state,frames,non-negative integer unless sentinel documented,2,INHERITED_DEFAULT_WITH_PROVENANCE,src/pig_behavior/tracking/config.py sha256=52c5f54ad44b6f76a8d143d168bdc942542d5fd263903cbf630f9c58ecf1cdd0,not a separate empirical selection,not separately selected,global profile; not per-video,lifecycle|identity_repair|Hidden_state,not established,YES,Inherited from the hashed TrackingConfig source; no separate sensitivity claim.,PARTIAL_NO_METHOD_SPECIFIC_SENSITIVITY,BOUND_BY_SOURCE_CODE,PARTIALLY_GROUNDED,NO
R0_CURRENT_STANDARD_V2_20260728,lost_track_fast_motion_appearance_threshold,association|lifecycle,unitless,source-defined numeric domain,0.3,INHERITED_DEFAULT_WITH_PROVENANCE,src/pig_behavior/tracking/config.py sha256=52c5f54ad44b6f76a8d143d168bdc942542d5fd263903cbf630f9c58ecf1cdd0,not a separate empirical selection,not separately selected,global profile; not per-video,association|lifecycle,not established,YES,Inherited from the hashed TrackingConfig source; no separate sensitivity claim.,PARTIAL_NO_METHOD_SPECIFIC_SENSITIVITY,BOUND_BY_SOURCE_CODE,PARTIALLY_GROUNDED,NO
R0_CURRENT_STANDARD_V2_20260728,lost_track_fast_motion_max_center_jump,lifecycle,unitless,source-defined numeric domain,0.42,INHERITED_DEFAULT_WITH_PROVENANCE,src/pig_behavior/tracking/config.py sha256=52c5f54ad44b6f76a8d143d168bdc942542d5fd263903cbf630f9c58ecf1cdd0,not a separate empirical selection,not separately selected,global profile; not per-video,lifecycle,not established,YES,Inherited from the hashed TrackingConfig source; no separate sensitivity claim.,PARTIAL_NO_METHOD_SPECIFIC_SENSITIVITY,BOUND_BY_SOURCE_CODE,PARTIALLY_GROUNDED,NO
R0_CURRENT_STANDARD_V2_20260728,lost_track_fast_motion_min_center_jump,lifecycle,unitless,source-defined numeric domain,0.06,INHERITED_DEFAULT_WITH_PROVENANCE,src/pig_behavior/tracking/config.py sha256=52c5f54ad44b6f76a8d143d168bdc942542d5fd263903cbf630f9c58ecf1cdd0,not a separate empirical selection,not separately selected,global profile; not per-video,lifecycle,not established,YES,Inherited from the hashed TrackingConfig source; no separate sensitivity claim.,PARTIAL_NO_METHOD_SPECIFIC_SENSITIVITY,BOUND_BY_SOURCE_CODE,PARTIALLY_GROUNDED,NO
R0_CURRENT_STANDARD_V2_20260728,lost_track_fast_motion_owner_grace,lifecycle|identity_repair,count,source-defined integer domain,3,INHERITED_DEFAULT_WITH_PROVENANCE,src/pig_behavior/tracking/config.py sha256=52c5f54ad44b6f76a8d143d168bdc942542d5fd263903cbf630f9c58ecf1cdd0,not a separate empirical selection,not separately selected,global profile; not per-video,lifecycle|identity_repair,not established,YES,Inherited from the hashed TrackingConfig source; no separate sensitivity claim.,PARTIAL_NO_METHOD_SPECIFIC_SENSITIVITY,BOUND_BY_SOURCE_CODE,PARTIALLY_GROUNDED,NO
R0_CURRENT_STANDARD_V2_20260728,lost_track_fast_motion_owner_max_gap,lifecycle|identity_repair,unitless,source-defined numeric domain,0.14,INHERITED_DEFAULT_WITH_PROVENANCE,src/pig_behavior/tracking/config.py sha256=52c5f54ad44b6f76a8d143d168bdc942542d5fd263903cbf630f9c58ecf1cdd0,not a separate empirical selection,not separately selected,global profile; not per-video,lifecycle|identity_repair,not established,YES,Inherited from the hashed TrackingConfig source; no separate sensitivity claim.,PARTIAL_NO_METHOD_SPECIFIC_SENSITIVITY,BOUND_BY_SOURCE_CODE,PARTIALLY_GROUNDED,NO
R0_CURRENT_STANDARD_V2_20260728,lost_track_raw_owner_transfer_appearance_threshold,association|lifecycle|identity_repair,unitless,source-defined numeric domain,0.25,INHERITED_DEFAULT_WITH_PROVENANCE,src/pig_behavior/tracking/config.py sha256=52c5f54ad44b6f76a8d143d168bdc942542d5fd263903cbf630f9c58ecf1cdd0,not a separate empirical selection,not separately selected,global profile; not per-video,association|lifecycle|identity_repair,not established,YES,Inherited from the hashed TrackingConfig source; no separate sensitivity claim.,PARTIAL_NO_METHOD_SPECIFIC_SENSITIVITY,BOUND_BY_SOURCE_CODE,PARTIALLY_GROUNDED,NO
R0_CURRENT_STANDARD_V2_20260728,lost_track_raw_owner_transfer_min_appearance_gain,association|lifecycle|identity_repair,unitless,source-defined numeric domain,0.05,INHERITED_DEFAULT_WITH_PROVENANCE,src/pig_behavior/tracking/config.py sha256=52c5f54ad44b6f76a8d143d168bdc942542d5fd263903cbf630f9c58ecf1cdd0,not a separate empirical selection,not separately selected,global profile; not per-video,association|lifecycle|identity_repair,not established,YES,Inherited from the hashed TrackingConfig source; no separate sensitivity claim.,PARTIAL_NO_METHOD_SPECIFIC_SENSITIVITY,BOUND_BY_SOURCE_CODE,PARTIALLY_GROUNDED,NO
R0_CURRENT_STANDARD_V2_20260728,lost_track_raw_owner_transfer_min_center_gain,lifecycle|identity_repair,unitless,source-defined numeric domain,0.04,INHERITED_DEFAULT_WITH_PROVENANCE,src/pig_behavior/tracking/config.py sha256=52c5f54ad44b6f76a8d143d168bdc942542d5fd263903cbf630f9c58ecf1cdd0,not a separate empirical selection,not separately selected,global profile; not per-video,lifecycle|identity_repair,not established,YES,Inherited from the hashed TrackingConfig source; no separate sensitivity claim.,PARTIAL_NO_METHOD_SPECIFIC_SENSITIVITY,BOUND_BY_SOURCE_CODE,PARTIALLY_GROUNDED,NO
R0_CURRENT_STANDARD_V2_20260728,lost_track_reacquire_different_raw_owner_guard,lifecycle|identity_repair,boolean,"{false,true}",true,INHERITED_DEFAULT_WITH_PROVENANCE,src/pig_behavior/tracking/config.py sha256=52c5f54ad44b6f76a8d143d168bdc942542d5fd263903cbf630f9c58ecf1cdd0,not a separate empirical selection,not separately selected,global profile; not per-video,lifecycle|identity_repair,not established,YES,Inherited from the hashed TrackingConfig source; no separate sensitivity claim.,PARTIAL_NO_METHOD_SPECIFIC_SENSITIVITY,BOUND_BY_SOURCE_CODE,PARTIALLY_GROUNDED,NO
R0_CURRENT_STANDARD_V2_20260728,lost_track_reacquire_guard,lifecycle,boolean,"{false,true}",true,INHERITED_DEFAULT_WITH_PROVENANCE,src/pig_behavior/tracking/config.py sha256=52c5f54ad44b6f76a8d143d168bdc942542d5fd263903cbf630f9c58ecf1cdd0,not a separate empirical selection,not separately selected,global profile; not per-video,lifecycle,not established,YES,Inherited from the hashed TrackingConfig source; no separate sensitivity claim.,PARTIAL_NO_METHOD_SPECIFIC_SENSITIVITY,BOUND_BY_SOURCE_CODE,PARTIALLY_GROUNDED,NO
R0_CURRENT_STANDARD_V2_20260728,lost_track_reacquire_max_center_jump,lifecycle,unitless,source-defined numeric domain,0.22,INHERITED_DEFAULT_WITH_PROVENANCE,src/pig_behavior/tracking/config.py sha256=52c5f54ad44b6f76a8d143d168bdc942542d5fd263903cbf630f9c58ecf1cdd0,not a separate empirical selection,not separately selected,global profile; not per-video,lifecycle,not established,YES,Inherited from the hashed TrackingConfig source; no separate sensitivity claim.,PARTIAL_NO_METHOD_SPECIFIC_SENSITIVITY,BOUND_BY_SOURCE_CODE,PARTIALLY_GROUNDED,NO
R0_CURRENT_STANDARD_V2_20260728,lost_track_reacquire_non_same_raw_distance_guard,lifecycle,boolean,"{false,true}",false,INHERITED_DEFAULT_WITH_PROVENANCE,src/pig_behavior/tracking/config.py sha256=52c5f54ad44b6f76a8d143d168bdc942542d5fd263903cbf630f9c58ecf1cdd0,not a separate empirical selection,not separately selected,global profile; not per-video,lifecycle,not established,YES,Inherited from the hashed TrackingConfig source; no separate sensitivity claim.,PARTIAL_NO_METHOD_SPECIFIC_SENSITIVITY,BOUND_BY_SOURCE_CODE,PARTIALLY_GROUNDED,NO
R0_CURRENT_STANDARD_V2_20260728,lost_track_reacquire_raw_owner_guard,lifecycle|identity_repair,boolean,"{false,true}",true,INHERITED_DEFAULT_WITH_PROVENANCE,src/pig_behavior/tracking/config.py sha256=52c5f54ad44b6f76a8d143d168bdc942542d5fd263903cbf630f9c58ecf1cdd0,not a separate empirical selection,not separately selected,global profile; not per-video,lifecycle|identity_repair,not established,YES,Inherited from the hashed TrackingConfig source; no separate sensitivity claim.,PARTIAL_NO_METHOD_SPECIFIC_SENSITIVITY,BOUND_BY_SOURCE_CODE,PARTIALLY_GROUNDED,NO
R0_CURRENT_STANDARD_V2_20260728,lost_track_reacquire_same_raw_appearance_bypass,association|lifecycle,boolean,"{false,true}",true,INHERITED_DEFAULT_WITH_PROVENANCE,src/pig_behavior/tracking/config.py sha256=52c5f54ad44b6f76a8d143d168bdc942542d5fd263903cbf630f9c58ecf1cdd0,not a separate empirical selection,not separately selected,global profile; not per-video,association|lifecycle,not established,YES,Inherited from the hashed TrackingConfig source; no separate sensitivity claim.,PARTIAL_NO_METHOD_SPECIFIC_SENSITIVITY,BOUND_BY_SOURCE_CODE,PARTIALLY_GROUNDED,NO
R0_CURRENT_STANDARD_V2_20260728,lost_track_reacquire_same_raw_appearance_threshold,association|lifecycle,unitless,source-defined numeric domain,0.25,INHERITED_DEFAULT_WITH_PROVENANCE,src/pig_behavior/tracking/config.py sha256=52c5f54ad44b6f76a8d143d168bdc942542d5fd263903cbf630f9c58ecf1cdd0,not a separate empirical selection,not separately selected,global profile; not per-video,association|lifecycle,not established,YES,Inherited from the hashed TrackingConfig source; no separate sensitivity claim.,PARTIAL_NO_METHOD_SPECIFIC_SENSITIVITY,BOUND_BY_SOURCE_CODE,PARTIALLY_GROUNDED,NO
R0_CURRENT_STANDARD_V2_20260728,lost_track_reacquire_same_raw_distance_guard,lifecycle,boolean,"{false,true}",true,INHERITED_DEFAULT_WITH_PROVENANCE,src/pig_behavior/tracking/config.py sha256=52c5f54ad44b6f76a8d143d168bdc942542d5fd263903cbf630f9c58ecf1cdd0,not a separate empirical selection,not separately selected,global profile; not per-video,lifecycle,not established,YES,Inherited from the hashed TrackingConfig source; no separate sensitivity claim.,PARTIAL_NO_METHOD_SPECIFIC_SENSITIVITY,BOUND_BY_SOURCE_CODE,PARTIALLY_GROUNDED,NO
R0_CURRENT_STANDARD_V2_20260728,lost_track_reacquire_same_raw_max_center_jump,lifecycle,unitless,source-defined numeric domain,0.34,INHERITED_DEFAULT_WITH_PROVENANCE,src/pig_behavior/tracking/config.py sha256=52c5f54ad44b6f76a8d143d168bdc942542d5fd263903cbf630f9c58ecf1cdd0,not a separate empirical selection,not separately selected,global profile; not per-video,lifecycle,not established,YES,Inherited from the hashed TrackingConfig source; no separate sensitivity claim.,PARTIAL_NO_METHOD_SPECIFIC_SENSITIVITY,BOUND_BY_SOURCE_CODE,PARTIALLY_GROUNDED,NO
R0_CURRENT_STANDARD_V2_20260728,lost_track_reacquire_same_raw_owner_guard,lifecycle|identity_repair,boolean,"{false,true}",true,INHERITED_DEFAULT_WITH_PROVENANCE,src/pig_behavior/tracking/config.py sha256=52c5f54ad44b6f76a8d143d168bdc942542d5fd263903cbf630f9c58ecf1cdd0,not a separate empirical selection,not separately selected,global profile; not per-video,lifecycle|identity_repair,not established,YES,Inherited from the hashed TrackingConfig source; no separate sensitivity claim.,PARTIAL_NO_METHOD_SPECIFIC_SENSITIVITY,BOUND_BY_SOURCE_CODE,PARTIALLY_GROUNDED,NO
R0_CURRENT_STANDARD_V2_20260728,lost_track_reid_appearance_threshold,association|lifecycle,unitless,source-defined numeric domain,0.25,INHERITED_DEFAULT_WITH_PROVENANCE,src/pig_behavior/tracking/config.py sha256=52c5f54ad44b6f76a8d143d168bdc942542d5fd263903cbf630f9c58ecf1cdd0,not a separate empirical selection,not separately selected,global profile; not per-video,association|lifecycle,not established,YES,Inherited from the hashed TrackingConfig source; no separate sensitivity claim.,PARTIAL_NO_METHOD_SPECIFIC_SENSITIVITY,BOUND_BY_SOURCE_CODE,PARTIALLY_GROUNDED,NO
R0_CURRENT_STANDARD_V2_20260728,low_conf_max_box_jump_scale,bbox_geometry,unitless,source-defined numeric domain,1.75,INHERITED_DEFAULT_WITH_PROVENANCE,src/pig_behavior/tracking/config.py sha256=52c5f54ad44b6f76a8d143d168bdc942542d5fd263903cbf630f9c58ecf1cdd0,not a separate empirical selection,not separately selected,global profile; not per-video,bbox_geometry,not established,YES,Inherited from the hashed TrackingConfig source; no separate sensitivity claim.,PARTIAL_NO_METHOD_SPECIFIC_SENSITIVITY,BOUND_BY_SOURCE_CODE,PARTIALLY_GROUNDED,NO
R0_CURRENT_STANDARD_V2_20260728,low_conf_max_center_jump,engineering_or_indirect,unitless,source-defined numeric domain,0.08,INHERITED_DEFAULT_WITH_PROVENANCE,src/pig_behavior/tracking/config.py sha256=52c5f54ad44b6f76a8d143d168bdc942542d5fd263903cbf630f9c58ecf1cdd0,not a separate empirical selection,not separately selected,global profile; not per-video,engineering_or_indirect,not established,YES,Inherited from the hashed TrackingConfig source; no separate sensitivity claim.,PARTIAL_NO_METHOD_SPECIFIC_SENSITIVITY,BOUND_BY_SOURCE_CODE,PARTIALLY_GROUNDED,NO
R0_CURRENT_STANDARD_V2_20260728,low_conf_min_iou,association,unitless ratio,"[0,1] unless source contract states otherwise",0.01,INHERITED_DEFAULT_WITH_PROVENANCE,src/pig_behavior/tracking/config.py sha256=52c5f54ad44b6f76a8d143d168bdc942542d5fd263903cbf630f9c58ecf1cdd0,not a separate empirical selection,not separately selected,global profile; not per-video,association,not established,YES,Inherited from the hashed TrackingConfig source; no separate sensitivity claim.,PARTIAL_NO_METHOD_SPECIFIC_SENSITIVITY,BOUND_BY_SOURCE_CODE,PARTIALLY_GROUNDED,NO
R0_CURRENT_STANDARD_V2_20260728,low_conf_motion_gate,engineering_or_indirect,boolean,"{false,true}",true,INHERITED_DEFAULT_WITH_PROVENANCE,src/pig_behavior/tracking/config.py sha256=52c5f54ad44b6f76a8d143d168bdc942542d5fd263903cbf630f9c58ecf1cdd0,not a separate empirical selection,not separately selected,global profile; not per-video,engineering_or_indirect,not established,YES,Inherited from the hashed TrackingConfig source; no separate sensitivity claim.,PARTIAL_NO_METHOD_SPECIFIC_SENSITIVITY,BOUND_BY_SOURCE_CODE,PARTIALLY_GROUNDED,NO
R0_CURRENT_STANDARD_V2_20260728,low_conf_smooth_alpha,bbox_geometry|evaluator_only,unitless,source-defined numeric domain,0.35,INHERITED_DEFAULT_WITH_PROVENANCE,src/pig_behavior/tracking/config.py sha256=52c5f54ad44b6f76a8d143d168bdc942542d5fd263903cbf630f9c58ecf1cdd0,not a separate empirical selection,not separately selected,global profile; not per-video,bbox_geometry|evaluator_only,not established,YES,Inherited from the hashed TrackingConfig source; no separate sensitivity claim.,PARTIAL_NO_METHOD_SPECIFIC_SENSITIVITY,BOUND_BY_SOURCE_CODE,PARTIALLY_GROUNDED,NO
R0_CURRENT_STANDARD_V2_20260728,mark_interpolated_review,engineering_or_indirect,boolean,"{false,true}",true,INHERITED_DEFAULT_WITH_PROVENANCE,src/pig_behavior/tracking/config.py sha256=52c5f54ad44b6f76a8d143d168bdc942542d5fd263903cbf630f9c58ecf1cdd0,not a separate empirical selection,not separately selected,global profile; not per-video,engineering_or_indirect,not established,YES,Inherited from the hashed TrackingConfig source; no separate sensitivity claim.,PARTIAL_NO_METHOD_SPECIFIC_SENSITIVITY,BOUND_BY_SOURCE_CODE,PARTIALLY_GROUNDED,NO
R0_CURRENT_STANDARD_V2_20260728,mask_input_frame,detection|runtime,boolean,"{false,true}",true,INHERITED_DEFAULT_WITH_PROVENANCE,src/pig_behavior/tracking/config.py sha256=52c5f54ad44b6f76a8d143d168bdc942542d5fd263903cbf630f9c58ecf1cdd0,not a separate empirical selection,not separately selected,global profile; not per-video,detection|runtime,not established,YES,Inherited from the hashed TrackingConfig source; no separate sensitivity claim.,PARTIAL_NO_METHOD_SPECIFIC_SENSITIVITY,BOUND_BY_SOURCE_CODE,PARTIALLY_GROUNDED,NO
R0_CURRENT_STANDARD_V2_20260728,mask_iou_max_missed,detection|association|lifecycle,unitless ratio,"[0,1] unless source contract states otherwise",10,INHERITED_DEFAULT_WITH_PROVENANCE,src/pig_behavior/tracking/config.py sha256=52c5f54ad44b6f76a8d143d168bdc942542d5fd263903cbf630f9c58ecf1cdd0,not a separate empirical selection,not separately selected,global profile; not per-video,detection|association|lifecycle,not established,YES,Inherited from the hashed TrackingConfig source; no separate sensitivity claim.,PARTIAL_NO_METHOD_SPECIFIC_SENSITIVITY,BOUND_BY_SOURCE_CODE,PARTIALLY_GROUNDED,NO
R0_CURRENT_STANDARD_V2_20260728,mask_iou_min_area,detection|association,unitless ratio,"[0,1] unless source contract states otherwise",64,INHERITED_DEFAULT_WITH_PROVENANCE,src/pig_behavior/tracking/config.py sha256=52c5f54ad44b6f76a8d143d168bdc942542d5fd263903cbf630f9c58ecf1cdd0,not a separate empirical selection,not separately selected,global profile; not per-video,detection|association,not established,YES,Inherited from the hashed TrackingConfig source; no separate sensitivity claim.,PARTIAL_NO_METHOD_SPECIFIC_SENSITIVITY,BOUND_BY_SOURCE_CODE,PARTIALLY_GROUNDED,NO
R0_CURRENT_STANDARD_V2_20260728,mask_path,detection,categorical/path,source-defined allowed values,"""C:\\Users\\ironh\\Downloads\\PIG_Behavior_Project\\.codex_tmp\\worktrees\\tracking_scientific_grounding_authority\\data\\annotations\\scene\\mask.png""",DATA_SCHEMA_CONSTRAINT,src/pig_behavior/tracking/config.py sha256=52c5f54ad44b6f76a8d143d168bdc942542d5fd263903cbf630f9c58ecf1cdd0,not a separate empirical selection,not separately selected,global profile; not per-video,detection,not established,YES,Bound to the repository data/cache/export schema.,SUFFICIENT,BOUND_BY_SOURCE_CODE,FULLY_GROUNDED,NO
R0_CURRENT_STANDARD_V2_20260728,match_cost_threshold,association,unitless,source-defined numeric domain,0.78,INHERITED_DEFAULT_WITH_PROVENANCE,src/pig_behavior/tracking/config.py sha256=52c5f54ad44b6f76a8d143d168bdc942542d5fd263903cbf630f9c58ecf1cdd0,not a separate empirical selection,not separately selected,global profile; not per-video,association,not established,YES,Inherited from the hashed TrackingConfig source; no separate sensitivity claim.,PARTIAL_NO_METHOD_SPECIFIC_SENSITIVITY,BOUND_BY_SOURCE_CODE,PARTIALLY_GROUNDED,NO
R0_CURRENT_STANDARD_V2_20260728,max_box_scale_change_after_gap,bbox_geometry,unitless,source-defined numeric domain,0.75,INHERITED_DEFAULT_WITH_PROVENANCE,src/pig_behavior/tracking/config.py sha256=52c5f54ad44b6f76a8d143d168bdc942542d5fd263903cbf630f9c58ecf1cdd0,not a separate empirical selection,not separately selected,global profile; not per-video,bbox_geometry,not established,YES,Inherited from the hashed TrackingConfig source; no separate sensitivity claim.,PARTIAL_NO_METHOD_SPECIFIC_SENSITIVITY,BOUND_BY_SOURCE_CODE,PARTIALLY_GROUNDED,NO
R0_CURRENT_STANDARD_V2_20260728,max_box_scale_change_per_frame,bbox_geometry|runtime,frames,non-negative integer unless sentinel documented,0.25,INHERITED_DEFAULT_WITH_PROVENANCE,src/pig_behavior/tracking/config.py sha256=52c5f54ad44b6f76a8d143d168bdc942542d5fd263903cbf630f9c58ecf1cdd0,not a separate empirical selection,not separately selected,global profile; not per-video,bbox_geometry|runtime,not established,YES,Inherited from the hashed TrackingConfig source; no separate sensitivity claim.,PARTIAL_NO_METHOD_SPECIFIC_SENSITIVITY,BOUND_BY_SOURCE_CODE,PARTIALLY_GROUNDED,NO
R0_CURRENT_STANDARD_V2_20260728,max_frames,runtime,frames,non-negative integer unless sentinel documented,null,HARDWARE_OR_RUNTIME_CONSTRAINT,src/pig_behavior/tracking/config.py sha256=52c5f54ad44b6f76a8d143d168bdc942542d5fd263903cbf630f9c58ecf1cdd0,not a separate empirical selection,not separately selected,global profile; not per-video,runtime,not established,YES,Execution/safety constraint rather than a quality claim.,SUFFICIENT,BOUND_BY_SOURCE_CODE,FULLY_GROUNDED,NO
R0_CURRENT_STANDARD_V2_20260728,max_interpolation_gap,engineering_or_indirect,count,source-defined integer domain,30,INHERITED_DEFAULT_WITH_PROVENANCE,src/pig_behavior/tracking/config.py sha256=52c5f54ad44b6f76a8d143d168bdc942542d5fd263903cbf630f9c58ecf1cdd0,not a separate empirical selection,not separately selected,global profile; not per-video,engineering_or_indirect,not established,YES,Inherited from the hashed TrackingConfig source; no separate sensitivity claim.,PARTIAL_NO_METHOD_SPECIFIC_SENSITIVITY,BOUND_BY_SOURCE_CODE,PARTIALLY_GROUNDED,NO
R0_CURRENT_STANDARD_V2_20260728,max_lost_frames,lifecycle|runtime,frames,non-negative integer unless sentinel documented,30,INHERITED_DEFAULT_WITH_PROVENANCE,src/pig_behavior/tracking/config.py sha256=52c5f54ad44b6f76a8d143d168bdc942542d5fd263903cbf630f9c58ecf1cdd0,not a separate empirical selection,not separately selected,global profile; not per-video,lifecycle|runtime,not established,YES,Inherited from the hashed TrackingConfig source; no separate sensitivity claim.,PARTIAL_NO_METHOD_SPECIFIC_SENSITIVITY,BOUND_BY_SOURCE_CODE,PARTIALLY_GROUNDED,NO
R0_CURRENT_STANDARD_V2_20260728,max_missing_frames,runtime,frames,non-negative integer unless sentinel documented,30,INHERITED_DEFAULT_WITH_PROVENANCE,src/pig_behavior/tracking/config.py sha256=52c5f54ad44b6f76a8d143d168bdc942542d5fd263903cbf630f9c58ecf1cdd0,not a separate empirical selection,not separately selected,global profile; not per-video,runtime,not established,YES,Inherited from the hashed TrackingConfig source; no separate sensitivity claim.,PARTIAL_NO_METHOD_SPECIFIC_SENSITIVITY,BOUND_BY_SOURCE_CODE,PARTIALLY_GROUNDED,NO
R0_CURRENT_STANDARD_V2_20260728,max_raw_detections,detection,count,source-defined integer domain,32,PREDECLARED_DEVELOPMENT_SELECTION,src/pig_behavior/tracking/profiles/realtime.py sha256=c7f63149f4577a8b5285f9387b46c75cd0fbbcabcc4c585ec89f319a06b8a496,13-video development evidence,frozen before authority execution; earlier development data visible,global profile; not per-video,detection,authority/ablation record may exist; not universal,YES,Profile override frozen by a development authority before its authority run.,SUFFICIENT_WITH_DEVELOPMENT_SCOPE_LIMITATION,BOUND_BY_EFFECTIVE_CONFIG,FULLY_GROUNDED,NO
R0_CURRENT_STANDARD_V2_20260728,merged_box_growth_ratio,bbox_geometry,unitless,source-defined numeric domain,1.5,INHERITED_DEFAULT_WITH_PROVENANCE,src/pig_behavior/tracking/config.py sha256=52c5f54ad44b6f76a8d143d168bdc942542d5fd263903cbf630f9c58ecf1cdd0,not a separate empirical selection,not separately selected,global profile; not per-video,bbox_geometry,not established,YES,Inherited from the hashed TrackingConfig source; no separate sensitivity claim.,PARTIAL_NO_METHOD_SPECIFIC_SENSITIVITY,BOUND_BY_SOURCE_CODE,PARTIALLY_GROUNDED,NO
R0_CURRENT_STANDARD_V2_20260728,merged_box_neighbor_distance,bbox_geometry,unitless,source-defined numeric domain,0.12,INHERITED_DEFAULT_WITH_PROVENANCE,src/pig_behavior/tracking/config.py sha256=52c5f54ad44b6f76a8d143d168bdc942542d5fd263903cbf630f9c58ecf1cdd0,not a separate empirical selection,not separately selected,global profile; not per-video,bbox_geometry,not established,YES,Inherited from the hashed TrackingConfig source; no separate sensitivity claim.,PARTIAL_NO_METHOD_SPECIFIC_SENSITIVITY,BOUND_BY_SOURCE_CODE,PARTIALLY_GROUNDED,NO
R0_CURRENT_STANDARD_V2_20260728,merged_box_split_max_tracks,bbox_geometry,count,source-defined integer domain,2,INHERITED_DEFAULT_WITH_PROVENANCE,src/pig_behavior/tracking/config.py sha256=52c5f54ad44b6f76a8d143d168bdc942542d5fd263903cbf630f9c58ecf1cdd0,not a separate empirical selection,not separately selected,global profile; not per-video,bbox_geometry,not established,YES,Inherited from the hashed TrackingConfig source; no separate sensitivity claim.,PARTIAL_NO_METHOD_SPECIFIC_SENSITIVITY,BOUND_BY_SOURCE_CODE,PARTIALLY_GROUNDED,NO
R0_CURRENT_STANDARD_V2_20260728,mid_conf_smooth_alpha,bbox_geometry|evaluator_only,unitless,source-defined numeric domain,0.55,INHERITED_DEFAULT_WITH_PROVENANCE,src/pig_behavior/tracking/config.py sha256=52c5f54ad44b6f76a8d143d168bdc942542d5fd263903cbf630f9c58ecf1cdd0,not a separate empirical selection,not separately selected,global profile; not per-video,bbox_geometry|evaluator_only,not established,YES,Inherited from the hashed TrackingConfig source; no separate sensitivity claim.,PARTIAL_NO_METHOD_SPECIFIC_SENSITIVITY,BOUND_BY_SOURCE_CODE,PARTIALLY_GROUNDED,NO
R0_CURRENT_STANDARD_V2_20260728,mode,engineering_or_indirect,categorical/path,source-defined allowed values,"""realtime""",ORIGINAL_METHOD_SPECIFICATION,src/pig_behavior/tracking/config.py sha256=52c5f54ad44b6f76a8d143d168bdc942542d5fd263903cbf630f9c58ecf1cdd0,not a separate empirical selection,not separately selected,global profile; not per-video,engineering_or_indirect,not established,YES,Defines the method family or locked eight-animal task.,SUFFICIENT,BOUND_BY_SOURCE_CODE,FULLY_GROUNDED,NO
R0_CURRENT_STANDARD_V2_20260728,motion_gate_confidence,engineering_or_indirect,unitless ratio,"[0,1] unless source contract states otherwise",0.45,INHERITED_DEFAULT_WITH_PROVENANCE,src/pig_behavior/tracking/config.py sha256=52c5f54ad44b6f76a8d143d168bdc942542d5fd263903cbf630f9c58ecf1cdd0,not a separate empirical selection,not separately selected,global profile; not per-video,engineering_or_indirect,not established,YES,Inherited from the hashed TrackingConfig source; no separate sensitivity claim.,PARTIAL_NO_METHOD_SPECIFIC_SENSITIVITY,BOUND_BY_SOURCE_CODE,PARTIALLY_GROUNDED,NO
R0_CURRENT_STANDARD_V2_20260728,near_wall_hidden_geometry_distance_bbox_scale,Hidden_state|bbox_geometry,unitless,source-defined numeric domain,0.25,INHERITED_DEFAULT_WITH_PROVENANCE,src/pig_behavior/tracking/config.py sha256=52c5f54ad44b6f76a8d143d168bdc942542d5fd263903cbf630f9c58ecf1cdd0,not a separate empirical selection,not separately selected,global profile; not per-video,Hidden_state|bbox_geometry,not established,YES,Inherited from the hashed TrackingConfig source; no separate sensitivity claim.,PARTIAL_NO_METHOD_SPECIFIC_SENSITIVITY,BOUND_BY_SOURCE_CODE,PARTIALLY_GROUNDED,NO
R0_CURRENT_STANDARD_V2_20260728,near_wall_hidden_geometry_max_center_shift,Hidden_state|bbox_geometry,unitless,source-defined numeric domain,0.04,INHERITED_DEFAULT_WITH_PROVENANCE,src/pig_behavior/tracking/config.py sha256=52c5f54ad44b6f76a8d143d168bdc942542d5fd263903cbf630f9c58ecf1cdd0,not a separate empirical selection,not separately selected,global profile; not per-video,Hidden_state|bbox_geometry,not established,YES,Inherited from the hashed TrackingConfig source; no separate sensitivity claim.,PARTIAL_NO_METHOD_SPECIFIC_SENSITIVITY,BOUND_BY_SOURCE_CODE,PARTIALLY_GROUNDED,NO
R0_CURRENT_STANDARD_V2_20260728,near_wall_hidden_geometry_max_gap_frames,Hidden_state|bbox_geometry|runtime,frames,non-negative integer unless sentinel documented,30,INHERITED_DEFAULT_WITH_PROVENANCE,src/pig_behavior/tracking/config.py sha256=52c5f54ad44b6f76a8d143d168bdc942542d5fd263903cbf630f9c58ecf1cdd0,not a separate empirical selection,not separately selected,global profile; not per-video,Hidden_state|bbox_geometry|runtime,not established,YES,Inherited from the hashed TrackingConfig source; no separate sensitivity claim.,PARTIAL_NO_METHOD_SPECIFIC_SENSITIVITY,BOUND_BY_SOURCE_CODE,PARTIALLY_GROUNDED,NO
R0_CURRENT_STANDARD_V2_20260728,near_wall_hidden_geometry_min_width_excess,Hidden_state|bbox_geometry,unitless,source-defined numeric domain,0.08,INHERITED_DEFAULT_WITH_PROVENANCE,src/pig_behavior/tracking/config.py sha256=52c5f54ad44b6f76a8d143d168bdc942542d5fd263903cbf630f9c58ecf1cdd0,not a separate empirical selection,not separately selected,global profile; not per-video,Hidden_state|bbox_geometry,not established,YES,Inherited from the hashed TrackingConfig source; no separate sensitivity claim.,PARTIAL_NO_METHOD_SPECIFIC_SENSITIVITY,BOUND_BY_SOURCE_CODE,PARTIALLY_GROUNDED,NO
R0_CURRENT_STANDARD_V2_20260728,near_wall_hidden_geometry_original_weight,Hidden_state|bbox_geometry,unitless,source-defined numeric domain,0.5,INHERITED_DEFAULT_WITH_PROVENANCE,src/pig_behavior/tracking/config.py sha256=52c5f54ad44b6f76a8d143d168bdc942542d5fd263903cbf630f9c58ecf1cdd0,not a separate empirical selection,not separately selected,global profile; not per-video,Hidden_state|bbox_geometry,not established,YES,Inherited from the hashed TrackingConfig source; no separate sensitivity claim.,PARTIAL_NO_METHOD_SPECIFIC_SENSITIVITY,BOUND_BY_SOURCE_CODE,PARTIALLY_GROUNDED,NO
R0_CURRENT_STANDARD_V2_20260728,near_wall_hidden_geometry_refine,Hidden_state|bbox_geometry,boolean,"{false,true}",false,INHERITED_DEFAULT_WITH_PROVENANCE,src/pig_behavior/tracking/config.py sha256=52c5f54ad44b6f76a8d143d168bdc942542d5fd263903cbf630f9c58ecf1cdd0,not a separate empirical selection,not separately selected,global profile; not per-video,Hidden_state|bbox_geometry,not established,YES,Inherited from the hashed TrackingConfig source; no separate sensitivity claim.,PARTIAL_NO_METHOD_SPECIFIC_SENSITIVITY,BOUND_BY_SOURCE_CODE,PARTIALLY_GROUNDED,NO
R0_CURRENT_STANDARD_V2_20260728,nms_iou,detection|association,unitless ratio,"[0,1] unless source contract states otherwise",0.5,INHERITED_DEFAULT_WITH_PROVENANCE,src/pig_behavior/tracking/config.py sha256=52c5f54ad44b6f76a8d143d168bdc942542d5fd263903cbf630f9c58ecf1cdd0,not a separate empirical selection,not separately selected,global profile; not per-video,detection|association,not established,YES,Inherited from the hashed TrackingConfig source; no separate sensitivity claim.,PARTIAL_NO_METHOD_SPECIFIC_SENSITIVITY,BOUND_BY_SOURCE_CODE,PARTIALLY_GROUNDED,NO
R0_CURRENT_STANDARD_V2_20260728,occlusion_appearance_margin,association|Hidden_state,unitless,source-defined numeric domain,0.08,INHERITED_DEFAULT_WITH_PROVENANCE,src/pig_behavior/tracking/config.py sha256=52c5f54ad44b6f76a8d143d168bdc942542d5fd263903cbf630f9c58ecf1cdd0,not a separate empirical selection,not separately selected,global profile; not per-video,association|Hidden_state,not established,YES,Inherited from the hashed TrackingConfig source; no separate sensitivity claim.,PARTIAL_NO_METHOD_SPECIFIC_SENSITIVITY,BOUND_BY_SOURCE_CODE,PARTIALLY_GROUNDED,NO
R0_CURRENT_STANDARD_V2_20260728,occlusion_appearance_penalty,association|Hidden_state,unitless,source-defined numeric domain,0.3,INHERITED_DEFAULT_WITH_PROVENANCE,src/pig_behavior/tracking/config.py sha256=52c5f54ad44b6f76a8d143d168bdc942542d5fd263903cbf630f9c58ecf1cdd0,not a separate empirical selection,not separately selected,global profile; not per-video,association|Hidden_state,not established,YES,Inherited from the hashed TrackingConfig source; no separate sensitivity claim.,PARTIAL_NO_METHOD_SPECIFIC_SENSITIVITY,BOUND_BY_SOURCE_CODE,PARTIALLY_GROUNDED,NO
R0_CURRENT_STANDARD_V2_20260728,occlusion_aware_matching,association|Hidden_state,boolean,"{false,true}",false,PREDECLARED_DEVELOPMENT_SELECTION,src/pig_behavior/tracking/profiles/realtime.py sha256=c7f63149f4577a8b5285f9387b46c75cd0fbbcabcc4c585ec89f319a06b8a496,13-video development evidence,frozen before authority execution; earlier development data visible,global profile; not per-video,association|Hidden_state,authority/ablation record may exist; not universal,YES,Profile override frozen by a development authority before its authority run.,SUFFICIENT_WITH_DEVELOPMENT_SCOPE_LIMITATION,BOUND_BY_EFFECTIVE_CONFIG,FULLY_GROUNDED,NO
R0_CURRENT_STANDARD_V2_20260728,occlusion_competitor_margin,Hidden_state,unitless,source-defined numeric domain,0.12,INHERITED_DEFAULT_WITH_PROVENANCE,src/pig_behavior/tracking/config.py sha256=52c5f54ad44b6f76a8d143d168bdc942542d5fd263903cbf630f9c58ecf1cdd0,not a separate empirical selection,not separately selected,global profile; not per-video,Hidden_state,not established,YES,Inherited from the hashed TrackingConfig source; no separate sensitivity claim.,PARTIAL_NO_METHOD_SPECIFIC_SENSITIVITY,BOUND_BY_SOURCE_CODE,PARTIALLY_GROUNDED,NO
R0_CURRENT_STANDARD_V2_20260728,occlusion_detection_iom_threshold,detection|Hidden_state,unitless,source-defined numeric domain,0.3,INHERITED_DEFAULT_WITH_PROVENANCE,src/pig_behavior/tracking/config.py sha256=52c5f54ad44b6f76a8d143d168bdc942542d5fd263903cbf630f9c58ecf1cdd0,not a separate empirical selection,not separately selected,global profile; not per-video,detection|Hidden_state,not established,YES,Inherited from the hashed TrackingConfig source; no separate sensitivity claim.,PARTIAL_NO_METHOD_SPECIFIC_SENSITIVITY,BOUND_BY_SOURCE_CODE,PARTIALLY_GROUNDED,NO
R0_CURRENT_STANDARD_V2_20260728,occlusion_hold_hidden_frames,Hidden_state|runtime,frames,non-negative integer unless sentinel documented,2,INHERITED_DEFAULT_WITH_PROVENANCE,src/pig_behavior/tracking/config.py sha256=52c5f54ad44b6f76a8d143d168bdc942542d5fd263903cbf630f9c58ecf1cdd0,not a separate empirical selection,not separately selected,global profile; not per-video,Hidden_state|runtime,not established,YES,Inherited from the hashed TrackingConfig source; no separate sensitivity claim.,PARTIAL_NO_METHOD_SPECIFIC_SENSITIVITY,BOUND_BY_SOURCE_CODE,PARTIALLY_GROUNDED,NO
R0_CURRENT_STANDARD_V2_20260728,occlusion_hold_max_frames,Hidden_state|runtime,frames,non-negative integer unless sentinel documented,30,HARDWARE_OR_RUNTIME_CONSTRAINT,src/pig_behavior/tracking/config.py sha256=52c5f54ad44b6f76a8d143d168bdc942542d5fd263903cbf630f9c58ecf1cdd0,not a separate empirical selection,not separately selected,global profile; not per-video,Hidden_state|runtime,not established,YES,Execution/safety constraint rather than a quality claim.,SUFFICIENT,BOUND_BY_SOURCE_CODE,FULLY_GROUNDED,NO
R0_CURRENT_STANDARD_V2_20260728,occlusion_reid_bad_match_action,association|Hidden_state,categorical/path,source-defined allowed values,"""hold""",INHERITED_DEFAULT_WITH_PROVENANCE,src/pig_behavior/tracking/config.py sha256=52c5f54ad44b6f76a8d143d168bdc942542d5fd263903cbf630f9c58ecf1cdd0,not a separate empirical selection,not separately selected,global profile; not per-video,association|Hidden_state,not established,YES,Inherited from the hashed TrackingConfig source; no separate sensitivity claim.,PARTIAL_NO_METHOD_SPECIFIC_SENSITIVITY,BOUND_BY_SOURCE_CODE,PARTIALLY_GROUNDED,NO
R0_CURRENT_STANDARD_V2_20260728,occlusion_reid_bad_match_include_recent_visible,association|Hidden_state,boolean,"{false,true}",false,INHERITED_DEFAULT_WITH_PROVENANCE,src/pig_behavior/tracking/config.py sha256=52c5f54ad44b6f76a8d143d168bdc942542d5fd263903cbf630f9c58ecf1cdd0,not a separate empirical selection,not separately selected,global profile; not per-video,association|Hidden_state,not established,YES,Inherited from the hashed TrackingConfig source; no separate sensitivity claim.,PARTIAL_NO_METHOD_SPECIFIC_SENSITIVITY,BOUND_BY_SOURCE_CODE,PARTIALLY_GROUNDED,NO
R0_CURRENT_STANDARD_V2_20260728,occlusion_reid_bad_match_max_cost,association|Hidden_state,unitless,source-defined numeric domain,1.0,INHERITED_DEFAULT_WITH_PROVENANCE,src/pig_behavior/tracking/config.py sha256=52c5f54ad44b6f76a8d143d168bdc942542d5fd263903cbf630f9c58ecf1cdd0,not a separate empirical selection,not separately selected,global profile; not per-video,association|Hidden_state,not established,YES,Inherited from the hashed TrackingConfig source; no separate sensitivity claim.,PARTIAL_NO_METHOD_SPECIFIC_SENSITIVITY,BOUND_BY_SOURCE_CODE,PARTIALLY_GROUNDED,NO
R0_CURRENT_STANDARD_V2_20260728,occlusion_reid_bad_match_max_missed,association|lifecycle|Hidden_state,frames,non-negative integer unless sentinel documented,3,INHERITED_DEFAULT_WITH_PROVENANCE,src/pig_behavior/tracking/config.py sha256=52c5f54ad44b6f76a8d143d168bdc942542d5fd263903cbf630f9c58ecf1cdd0,not a separate empirical selection,not separately selected,global profile; not per-video,association|lifecycle|Hidden_state,not established,YES,Inherited from the hashed TrackingConfig source; no separate sensitivity claim.,PARTIAL_NO_METHOD_SPECIFIC_SENSITIVITY,BOUND_BY_SOURCE_CODE,PARTIALLY_GROUNDED,NO
R0_CURRENT_STANDARD_V2_20260728,occlusion_reid_bad_match_min_cost,association|Hidden_state,unitless,source-defined numeric domain,0.6,INHERITED_DEFAULT_WITH_PROVENANCE,src/pig_behavior/tracking/config.py sha256=52c5f54ad44b6f76a8d143d168bdc942542d5fd263903cbf630f9c58ecf1cdd0,not a separate empirical selection,not separately selected,global profile; not per-video,association|Hidden_state,not established,YES,Inherited from the hashed TrackingConfig source; no separate sensitivity claim.,PARTIAL_NO_METHOD_SPECIFIC_SENSITIVITY,BOUND_BY_SOURCE_CODE,PARTIALLY_GROUNDED,NO
R0_CURRENT_STANDARD_V2_20260728,occlusion_reid_bad_match_min_missed,association|lifecycle|Hidden_state,frames,non-negative integer unless sentinel documented,0,INHERITED_DEFAULT_WITH_PROVENANCE,src/pig_behavior/tracking/config.py sha256=52c5f54ad44b6f76a8d143d168bdc942542d5fd263903cbf630f9c58ecf1cdd0,not a separate empirical selection,not separately selected,global profile; not per-video,association|lifecycle|Hidden_state,not established,YES,Inherited from the hashed TrackingConfig source; no separate sensitivity claim.,PARTIAL_NO_METHOD_SPECIFIC_SENSITIVITY,BOUND_BY_SOURCE_CODE,PARTIALLY_GROUNDED,NO
R0_CURRENT_STANDARD_V2_20260728,occlusion_reid_bad_match_occlusion_hold_only,association|Hidden_state,boolean,"{false,true}",false,INHERITED_DEFAULT_WITH_PROVENANCE,src/pig_behavior/tracking/config.py sha256=52c5f54ad44b6f76a8d143d168bdc942542d5fd263903cbf630f9c58ecf1cdd0,not a separate empirical selection,not separately selected,global profile; not per-video,association|Hidden_state,not established,YES,Inherited from the hashed TrackingConfig source; no separate sensitivity claim.,PARTIAL_NO_METHOD_SPECIFIC_SENSITIVITY,BOUND_BY_SOURCE_CODE,PARTIALLY_GROUNDED,NO
R0_CURRENT_STANDARD_V2_20260728,occlusion_reid_bad_match_once_per_episode,association|Hidden_state,boolean,"{false,true}",false,INHERITED_DEFAULT_WITH_PROVENANCE,src/pig_behavior/tracking/config.py sha256=52c5f54ad44b6f76a8d143d168bdc942542d5fd263903cbf630f9c58ecf1cdd0,not a separate empirical selection,not separately selected,global profile; not per-video,association|Hidden_state,not established,YES,Inherited from the hashed TrackingConfig source; no separate sensitivity claim.,PARTIAL_NO_METHOD_SPECIFIC_SENSITIVITY,BOUND_BY_SOURCE_CODE,PARTIALLY_GROUNDED,NO
R0_CURRENT_STANDARD_V2_20260728,occlusion_reid_bad_match_raw_mismatch_only,association|Hidden_state,boolean,"{false,true}",false,INHERITED_DEFAULT_WITH_PROVENANCE,src/pig_behavior/tracking/config.py sha256=52c5f54ad44b6f76a8d143d168bdc942542d5fd263903cbf630f9c58ecf1cdd0,not a separate empirical selection,not separately selected,global profile; not per-video,association|Hidden_state,not established,YES,Inherited from the hashed TrackingConfig source; no separate sensitivity claim.,PARTIAL_NO_METHOD_SPECIFIC_SENSITIVITY,BOUND_BY_SOURCE_CODE,PARTIALLY_GROUNDED,NO
R0_CURRENT_STANDARD_V2_20260728,occlusion_reid_bad_match_same_raw_only,association|Hidden_state,boolean,"{false,true}",true,INHERITED_DEFAULT_WITH_PROVENANCE,src/pig_behavior/tracking/config.py sha256=52c5f54ad44b6f76a8d143d168bdc942542d5fd263903cbf630f9c58ecf1cdd0,not a separate empirical selection,not separately selected,global profile; not per-video,association|Hidden_state,not established,YES,Inherited from the hashed TrackingConfig source; no separate sensitivity claim.,PARTIAL_NO_METHOD_SPECIFIC_SENSITIVITY,BOUND_BY_SOURCE_CODE,PARTIALLY_GROUNDED,NO
R0_CURRENT_STANDARD_V2_20260728,occlusion_reid_bad_match_unowned_raw_only,association|Hidden_state,boolean,"{false,true}",false,INHERITED_DEFAULT_WITH_PROVENANCE,src/pig_behavior/tracking/config.py sha256=52c5f54ad44b6f76a8d143d168bdc942542d5fd263903cbf630f9c58ecf1cdd0,not a separate empirical selection,not separately selected,global profile; not per-video,association|Hidden_state,not established,YES,Inherited from the hashed TrackingConfig source; no separate sensitivity claim.,PARTIAL_NO_METHOD_SPECIFIC_SENSITIVITY,BOUND_BY_SOURCE_CODE,PARTIALLY_GROUNDED,NO
R0_CURRENT_STANDARD_V2_20260728,occlusion_reid_bad_match_visible_min_cost,association|Hidden_state,unitless,source-defined numeric domain,0.7,INHERITED_DEFAULT_WITH_PROVENANCE,src/pig_behavior/tracking/config.py sha256=52c5f54ad44b6f76a8d143d168bdc942542d5fd263903cbf630f9c58ecf1cdd0,not a separate empirical selection,not separately selected,global profile; not per-video,association|Hidden_state,not established,YES,Inherited from the hashed TrackingConfig source; no separate sensitivity claim.,PARTIAL_NO_METHOD_SPECIFIC_SENSITIVITY,BOUND_BY_SOURCE_CODE,PARTIALLY_GROUNDED,NO
R0_CURRENT_STANDARD_V2_20260728,occlusion_reid_prefer_gap_over_bad_match,association|Hidden_state,boolean,"{false,true}",false,INHERITED_DEFAULT_WITH_PROVENANCE,src/pig_behavior/tracking/config.py sha256=52c5f54ad44b6f76a8d143d168bdc942542d5fd263903cbf630f9c58ecf1cdd0,not a separate empirical selection,not separately selected,global profile; not per-video,association|Hidden_state,not established,YES,Inherited from the hashed TrackingConfig source; no separate sensitivity claim.,PARTIAL_NO_METHOD_SPECIFIC_SENSITIVITY,BOUND_BY_SOURCE_CODE,PARTIALLY_GROUNDED,NO
R0_CURRENT_STANDARD_V2_20260728,occlusion_stationary_lock,Hidden_state,boolean,"{false,true}",true,INHERITED_DEFAULT_WITH_PROVENANCE,src/pig_behavior/tracking/config.py sha256=52c5f54ad44b6f76a8d143d168bdc942542d5fd263903cbf630f9c58ecf1cdd0,not a separate empirical selection,not separately selected,global profile; not per-video,Hidden_state,not established,YES,Inherited from the hashed TrackingConfig source; no separate sensitivity claim.,PARTIAL_NO_METHOD_SPECIFIC_SENSITIVITY,BOUND_BY_SOURCE_CODE,PARTIALLY_GROUNDED,NO
R0_CURRENT_STANDARD_V2_20260728,occlusion_stationary_max_center_jump,Hidden_state,unitless,source-defined numeric domain,0.045,INHERITED_DEFAULT_WITH_PROVENANCE,src/pig_behavior/tracking/config.py sha256=52c5f54ad44b6f76a8d143d168bdc942542d5fd263903cbf630f9c58ecf1cdd0,not a separate empirical selection,not separately selected,global profile; not per-video,Hidden_state,not established,YES,Inherited from the hashed TrackingConfig source; no separate sensitivity claim.,PARTIAL_NO_METHOD_SPECIFIC_SENSITIVITY,BOUND_BY_SOURCE_CODE,PARTIALLY_GROUNDED,NO
R0_CURRENT_STANDARD_V2_20260728,occlusion_stationary_speed,Hidden_state,unitless,source-defined numeric domain,0.006,INHERITED_DEFAULT_WITH_PROVENANCE,src/pig_behavior/tracking/config.py sha256=52c5f54ad44b6f76a8d143d168bdc942542d5fd263903cbf630f9c58ecf1cdd0,not a separate empirical selection,not separately selected,global profile; not per-video,Hidden_state,not established,YES,Inherited from the hashed TrackingConfig source; no separate sensitivity claim.,PARTIAL_NO_METHOD_SPECIFIC_SENSITIVITY,BOUND_BY_SOURCE_CODE,PARTIALLY_GROUNDED,NO
R0_CURRENT_STANDARD_V2_20260728,occlusion_switch_penalty,Hidden_state,unitless,source-defined numeric domain,0.45,INHERITED_DEFAULT_WITH_PROVENANCE,src/pig_behavior/tracking/config.py sha256=52c5f54ad44b6f76a8d143d168bdc942542d5fd263903cbf630f9c58ecf1cdd0,not a separate empirical selection,not separately selected,global profile; not per-video,Hidden_state,not established,YES,Inherited from the hashed TrackingConfig source; no separate sensitivity claim.,PARTIAL_NO_METHOD_SPECIFIC_SENSITIVITY,BOUND_BY_SOURCE_CODE,PARTIALLY_GROUNDED,NO
R0_CURRENT_STANDARD_V2_20260728,occlusion_track_iom_threshold,Hidden_state,unitless,source-defined numeric domain,0.3,INHERITED_DEFAULT_WITH_PROVENANCE,src/pig_behavior/tracking/config.py sha256=52c5f54ad44b6f76a8d143d168bdc942542d5fd263903cbf630f9c58ecf1cdd0,not a separate empirical selection,not separately selected,global profile; not per-video,Hidden_state,not established,YES,Inherited from the hashed TrackingConfig source; no separate sensitivity claim.,PARTIAL_NO_METHOD_SPECIFIC_SENSITIVITY,BOUND_BY_SOURCE_CODE,PARTIALLY_GROUNDED,NO
R0_CURRENT_STANDARD_V2_20260728,output_dir,engineering_or_indirect,categorical/path,source-defined allowed values,"""C:\\Users\\ironh\\Downloads\\PIG_Behavior_Project\\.codex_tmp\\worktrees\\tracking_scientific_grounding_authority\\outputs\\pred""",INHERITED_DEFAULT_WITH_PROVENANCE,src/pig_behavior/tracking/config.py sha256=52c5f54ad44b6f76a8d143d168bdc942542d5fd263903cbf630f9c58ecf1cdd0,not a separate empirical selection,not separately selected,global profile; not per-video,engineering_or_indirect,not established,YES,Inherited from the hashed TrackingConfig source; no separate sensitivity claim.,PARTIAL_NO_METHOD_SPECIFIC_SENSITIVITY,BOUND_BY_SOURCE_CODE,PARTIALLY_GROUNDED,NO
R0_CURRENT_STANDARD_V2_20260728,output_fps,engineering_or_indirect,unitless,source-defined numeric domain,30.0,INHERITED_DEFAULT_WITH_PROVENANCE,src/pig_behavior/tracking/config.py sha256=52c5f54ad44b6f76a8d143d168bdc942542d5fd263903cbf630f9c58ecf1cdd0,not a separate empirical selection,not separately selected,global profile; not per-video,engineering_or_indirect,not established,YES,Inherited from the hashed TrackingConfig source; no separate sensitivity claim.,PARTIAL_NO_METHOD_SPECIFIC_SENSITIVITY,BOUND_BY_SOURCE_CODE,PARTIALLY_GROUNDED,NO
R0_CURRENT_STANDARD_V2_20260728,output_video,runtime,not applicable,None or source-defined value,null,INHERITED_DEFAULT_WITH_PROVENANCE,src/pig_behavior/tracking/config.py sha256=52c5f54ad44b6f76a8d143d168bdc942542d5fd263903cbf630f9c58ecf1cdd0,not a separate empirical selection,not separately selected,global profile; not per-video,runtime,not established,YES,Inherited from the hashed TrackingConfig source; no separate sensitivity claim.,PARTIAL_NO_METHOD_SPECIFIC_SENSITIVITY,BOUND_BY_SOURCE_CODE,PARTIALLY_GROUNDED,NO
R0_CURRENT_STANDARD_V2_20260728,overlap_small_box_max_area_ratio,bbox_geometry,unitless,source-defined numeric domain,0.65,INHERITED_DEFAULT_WITH_PROVENANCE,src/pig_behavior/tracking/config.py sha256=52c5f54ad44b6f76a8d143d168bdc942542d5fd263903cbf630f9c58ecf1cdd0,not a separate empirical selection,not separately selected,global profile; not per-video,bbox_geometry,not established,YES,Inherited from the hashed TrackingConfig source; no separate sensitivity claim.,PARTIAL_NO_METHOD_SPECIFIC_SENSITIVITY,BOUND_BY_SOURCE_CODE,PARTIALLY_GROUNDED,NO
R0_CURRENT_STANDARD_V2_20260728,overlap_small_box_max_score,bbox_geometry,unitless,source-defined numeric domain,0.75,INHERITED_DEFAULT_WITH_PROVENANCE,src/pig_behavior/tracking/config.py sha256=52c5f54ad44b6f76a8d143d168bdc942542d5fd263903cbf630f9c58ecf1cdd0,not a separate empirical selection,not separately selected,global profile; not per-video,bbox_geometry,not established,YES,Inherited from the hashed TrackingConfig source; no separate sensitivity claim.,PARTIAL_NO_METHOD_SPECIFIC_SENSITIVITY,BOUND_BY_SOURCE_CODE,PARTIALLY_GROUNDED,NO
R0_CURRENT_STANDARD_V2_20260728,overlap_small_box_min_iou,association|bbox_geometry,unitless ratio,"[0,1] unless source contract states otherwise",0.4,INHERITED_DEFAULT_WITH_PROVENANCE,src/pig_behavior/tracking/config.py sha256=52c5f54ad44b6f76a8d143d168bdc942542d5fd263903cbf630f9c58ecf1cdd0,not a separate empirical selection,not separately selected,global profile; not per-video,association|bbox_geometry,not established,YES,Inherited from the hashed TrackingConfig source; no separate sensitivity claim.,PARTIAL_NO_METHOD_SPECIFIC_SENSITIVITY,BOUND_BY_SOURCE_CODE,PARTIALLY_GROUNDED,NO
R0_CURRENT_STANDARD_V2_20260728,overlap_small_box_suppression,bbox_geometry,boolean,"{false,true}",false,INHERITED_DEFAULT_WITH_PROVENANCE,src/pig_behavior/tracking/config.py sha256=52c5f54ad44b6f76a8d143d168bdc942542d5fd263903cbf630f9c58ecf1cdd0,not a separate empirical selection,not separately selected,global profile; not per-video,bbox_geometry,not established,YES,Inherited from the hashed TrackingConfig source; no separate sensitivity claim.,PARTIAL_NO_METHOD_SPECIFIC_SENSITIVITY,BOUND_BY_SOURCE_CODE,PARTIALLY_GROUNDED,NO
R0_CURRENT_STANDARD_V2_20260728,overrides,engineering_or_indirect,categorical/path,source-defined allowed values,"""set()""",INHERITED_DEFAULT_WITH_PROVENANCE,src/pig_behavior/tracking/config.py sha256=52c5f54ad44b6f76a8d143d168bdc942542d5fd263903cbf630f9c58ecf1cdd0,not a separate empirical selection,not separately selected,global profile; not per-video,engineering_or_indirect,not established,YES,Inherited from the hashed TrackingConfig source; no separate sensitivity claim.,PARTIAL_NO_METHOD_SPECIFIC_SENSITIVITY,BOUND_BY_SOURCE_CODE,PARTIALLY_GROUNDED,NO
R0_CURRENT_STANDARD_V2_20260728,quality_report_csv,engineering_or_indirect,not applicable,None or source-defined value,null,INHERITED_DEFAULT_WITH_PROVENANCE,src/pig_behavior/tracking/config.py sha256=52c5f54ad44b6f76a8d143d168bdc942542d5fd263903cbf630f9c58ecf1cdd0,not a separate empirical selection,not separately selected,global profile; not per-video,engineering_or_indirect,not established,YES,Inherited from the hashed TrackingConfig source; no separate sensitivity claim.,PARTIAL_NO_METHOD_SPECIFIC_SENSITIVITY,BOUND_BY_SOURCE_CODE,PARTIALLY_GROUNDED,NO
R0_CURRENT_STANDARD_V2_20260728,quality_report_json,engineering_or_indirect,not applicable,None or source-defined value,null,INHERITED_DEFAULT_WITH_PROVENANCE,src/pig_behavior/tracking/config.py sha256=52c5f54ad44b6f76a8d143d168bdc942542d5fd263903cbf630f9c58ecf1cdd0,not a separate empirical selection,not separately selected,global profile; not per-video,engineering_or_indirect,not established,YES,Inherited from the hashed TrackingConfig source; no separate sensitivity claim.,PARTIAL_NO_METHOD_SPECIFIC_SENSITIVITY,BOUND_BY_SOURCE_CODE,PARTIALLY_GROUNDED,NO
R0_CURRENT_STANDARD_V2_20260728,realtime_core_pairwise_max_total_cost_increase,association,unitless,source-defined numeric domain,0.05,PREDECLARED_DEVELOPMENT_SELECTION,src/pig_behavior/tracking/profiles/realtime.py sha256=c7f63149f4577a8b5285f9387b46c75cd0fbbcabcc4c585ec89f319a06b8a496,13-video development evidence,frozen before authority execution; earlier development data visible,global profile; not per-video,association,authority/ablation record may exist; not universal,YES,Profile override frozen by a development authority before its authority run.,SUFFICIENT_WITH_DEVELOPMENT_SCOPE_LIMITATION,BOUND_BY_EFFECTIVE_CONFIG,FULLY_GROUNDED,NO
R0_CURRENT_STANDARD_V2_20260728,realtime_core_pairwise_min_detection_iou,detection|association,unitless ratio,"[0,1] unless source contract states otherwise",0.3,PREDECLARED_DEVELOPMENT_SELECTION,src/pig_behavior/tracking/profiles/realtime.py sha256=c7f63149f4577a8b5285f9387b46c75cd0fbbcabcc4c585ec89f319a06b8a496,13-video development evidence,frozen before authority execution; earlier development data visible,global profile; not per-video,detection|association,authority/ablation record may exist; not universal,YES,Profile override frozen by a development authority before its authority run.,SUFFICIENT_WITH_DEVELOPMENT_SCOPE_LIMITATION,BOUND_BY_EFFECTIVE_CONFIG,FULLY_GROUNDED,NO
R0_CURRENT_STANDARD_V2_20260728,realtime_core_pairwise_min_total_appearance_gain,association,unitless,source-defined numeric domain,0.1,PREDECLARED_DEVELOPMENT_SELECTION,src/pig_behavior/tracking/profiles/realtime.py sha256=c7f63149f4577a8b5285f9387b46c75cd0fbbcabcc4c585ec89f319a06b8a496,13-video development evidence,frozen before authority execution; earlier development data visible,global profile; not per-video,association,authority/ablation record may exist; not universal,YES,Profile override frozen by a development authority before its authority run.,SUFFICIENT_WITH_DEVELOPMENT_SCOPE_LIMITATION,BOUND_BY_EFFECTIVE_CONFIG,FULLY_GROUNDED,NO
R0_CURRENT_STANDARD_V2_20260728,realtime_core_pairwise_tiebreak,engineering_or_indirect,boolean,"{false,true}",true,PREDECLARED_DEVELOPMENT_SELECTION,src/pig_behavior/tracking/profiles/realtime.py sha256=c7f63149f4577a8b5285f9387b46c75cd0fbbcabcc4c585ec89f319a06b8a496,13-video development evidence,frozen before authority execution; earlier development data visible,global profile; not per-video,engineering_or_indirect,authority/ablation record may exist; not universal,YES,Profile override frozen by a development authority before its authority run.,SUFFICIENT_WITH_DEVELOPMENT_SCOPE_LIMITATION,BOUND_BY_EFFECTIVE_CONFIG,FULLY_GROUNDED,NO
R0_CURRENT_STANDARD_V2_20260728,realtime_core_unassigned_max_cost_delta,association,unitless,source-defined numeric domain,0.01,PREDECLARED_DEVELOPMENT_SELECTION,src/pig_behavior/tracking/profiles/realtime.py sha256=c7f63149f4577a8b5285f9387b46c75cd0fbbcabcc4c585ec89f319a06b8a496,13-video development evidence,frozen before authority execution; earlier development data visible,global profile; not per-video,association,authority/ablation record may exist; not universal,YES,Profile override frozen by a development authority before its authority run.,SUFFICIENT_WITH_DEVELOPMENT_SCOPE_LIMITATION,BOUND_BY_EFFECTIVE_CONFIG,FULLY_GROUNDED,NO
R0_CURRENT_STANDARD_V2_20260728,realtime_core_unassigned_max_selected_cost,association,unitless,source-defined numeric domain,0.4,PREDECLARED_DEVELOPMENT_SELECTION,src/pig_behavior/tracking/profiles/realtime.py sha256=c7f63149f4577a8b5285f9387b46c75cd0fbbcabcc4c585ec89f319a06b8a496,13-video development evidence,frozen before authority execution; earlier development data visible,global profile; not per-video,association,authority/ablation record may exist; not universal,YES,Profile override frozen by a development authority before its authority run.,SUFFICIENT_WITH_DEVELOPMENT_SCOPE_LIMITATION,BOUND_BY_EFFECTIVE_CONFIG,FULLY_GROUNDED,NO
R0_CURRENT_STANDARD_V2_20260728,realtime_core_unassigned_min_appearance_gain,association,unitless,source-defined numeric domain,0.01,PREDECLARED_DEVELOPMENT_SELECTION,src/pig_behavior/tracking/profiles/realtime.py sha256=c7f63149f4577a8b5285f9387b46c75cd0fbbcabcc4c585ec89f319a06b8a496,13-video development evidence,frozen before authority execution; earlier development data visible,global profile; not per-video,association,authority/ablation record may exist; not universal,YES,Profile override frozen by a development authority before its authority run.,SUFFICIENT_WITH_DEVELOPMENT_SCOPE_LIMITATION,BOUND_BY_EFFECTIVE_CONFIG,FULLY_GROUNDED,NO
R0_CURRENT_STANDARD_V2_20260728,realtime_core_unassigned_min_detection_iou,detection|association,unitless ratio,"[0,1] unless source contract states otherwise",0.3,PREDECLARED_DEVELOPMENT_SELECTION,src/pig_behavior/tracking/profiles/realtime.py sha256=c7f63149f4577a8b5285f9387b46c75cd0fbbcabcc4c585ec89f319a06b8a496,13-video development evidence,frozen before authority execution; earlier development data visible,global profile; not per-video,detection|association,authority/ablation record may exist; not universal,YES,Profile override frozen by a development authority before its authority run.,SUFFICIENT_WITH_DEVELOPMENT_SCOPE_LIMITATION,BOUND_BY_EFFECTIVE_CONFIG,FULLY_GROUNDED,NO
R0_CURRENT_STANDARD_V2_20260728,realtime_core_unassigned_require_score_nondecrease,engineering_or_indirect,boolean,"{false,true}",true,PREDECLARED_DEVELOPMENT_SELECTION,src/pig_behavior/tracking/profiles/realtime.py sha256=c7f63149f4577a8b5285f9387b46c75cd0fbbcabcc4c585ec89f319a06b8a496,13-video development evidence,frozen before authority execution; earlier development data visible,global profile; not per-video,engineering_or_indirect,authority/ablation record may exist; not universal,YES,Profile override frozen by a development authority before its authority run.,SUFFICIENT_WITH_DEVELOPMENT_SCOPE_LIMITATION,BOUND_BY_EFFECTIVE_CONFIG,FULLY_GROUNDED,NO
R0_CURRENT_STANDARD_V2_20260728,realtime_core_unassigned_tiebreak,engineering_or_indirect,boolean,"{false,true}",true,PREDECLARED_DEVELOPMENT_SELECTION,src/pig_behavior/tracking/profiles/realtime.py sha256=c7f63149f4577a8b5285f9387b46c75cd0fbbcabcc4c585ec89f319a06b8a496,13-video development evidence,frozen before authority execution; earlier development data visible,global profile; not per-video,engineering_or_indirect,authority/ablation record may exist; not universal,YES,Profile override frozen by a development authority before its authority run.,SUFFICIENT_WITH_DEVELOPMENT_SCOPE_LIMITATION,BOUND_BY_EFFECTIVE_CONFIG,FULLY_GROUNDED,NO
R0_CURRENT_STANDARD_V2_20260728,realtime_lk_point_batching,engineering_or_indirect,boolean,"{false,true}",true,PREDECLARED_DEVELOPMENT_SELECTION,src/pig_behavior/tracking/profiles/realtime.py sha256=c7f63149f4577a8b5285f9387b46c75cd0fbbcabcc4c585ec89f319a06b8a496,13-video development evidence,frozen before authority execution; earlier development data visible,global profile; not per-video,engineering_or_indirect,authority/ablation record may exist; not universal,YES,Profile override frozen by a development authority before its authority run.,SUFFICIENT_WITH_DEVELOPMENT_SCOPE_LIMITATION,BOUND_BY_EFFECTIVE_CONFIG,FULLY_GROUNDED,NO
R0_CURRENT_STANDARD_V2_20260728,realtime_low_conf_recovery_guard,engineering_or_indirect,boolean,"{false,true}",false,INHERITED_DEFAULT_WITH_PROVENANCE,src/pig_behavior/tracking/config.py sha256=52c5f54ad44b6f76a8d143d168bdc942542d5fd263903cbf630f9c58ecf1cdd0,not a separate empirical selection,not separately selected,global profile; not per-video,engineering_or_indirect,not established,YES,Inherited from the hashed TrackingConfig source; no separate sensitivity claim.,PARTIAL_NO_METHOD_SPECIFIC_SENSITIVITY,BOUND_BY_SOURCE_CODE,PARTIALLY_GROUNDED,NO
R0_CURRENT_STANDARD_V2_20260728,realtime_low_conf_recovery_max_missed,lifecycle,frames,non-negative integer unless sentinel documented,20,INHERITED_DEFAULT_WITH_PROVENANCE,src/pig_behavior/tracking/config.py sha256=52c5f54ad44b6f76a8d143d168bdc942542d5fd263903cbf630f9c58ecf1cdd0,not a separate empirical selection,not separately selected,global profile; not per-video,lifecycle,not established,YES,Inherited from the hashed TrackingConfig source; no separate sensitivity claim.,PARTIAL_NO_METHOD_SPECIFIC_SENSITIVITY,BOUND_BY_SOURCE_CODE,PARTIALLY_GROUNDED,NO
R0_CURRENT_STANDARD_V2_20260728,realtime_low_conf_recovery_min_missed,lifecycle,frames,non-negative integer unless sentinel documented,3,INHERITED_DEFAULT_WITH_PROVENANCE,src/pig_behavior/tracking/config.py sha256=52c5f54ad44b6f76a8d143d168bdc942542d5fd263903cbf630f9c58ecf1cdd0,not a separate empirical selection,not separately selected,global profile; not per-video,lifecycle,not established,YES,Inherited from the hashed TrackingConfig source; no separate sensitivity claim.,PARTIAL_NO_METHOD_SPECIFIC_SENSITIVITY,BOUND_BY_SOURCE_CODE,PARTIALLY_GROUNDED,NO
R0_CURRENT_STANDARD_V2_20260728,realtime_low_conf_recovery_min_score,engineering_or_indirect,unitless,source-defined numeric domain,0.5,INHERITED_DEFAULT_WITH_PROVENANCE,src/pig_behavior/tracking/config.py sha256=52c5f54ad44b6f76a8d143d168bdc942542d5fd263903cbf630f9c58ecf1cdd0,not a separate empirical selection,not separately selected,global profile; not per-video,engineering_or_indirect,not established,YES,Inherited from the hashed TrackingConfig source; no separate sensitivity claim.,PARTIAL_NO_METHOD_SPECIFIC_SENSITIVITY,BOUND_BY_SOURCE_CODE,PARTIALLY_GROUNDED,NO
R0_CURRENT_STANDARD_V2_20260728,realtime_motion_pair_dense_fallback_max_edges,engineering_or_indirect,count,source-defined integer domain,3,INHERITED_DEFAULT_WITH_PROVENANCE,src/pig_behavior/tracking/config.py sha256=52c5f54ad44b6f76a8d143d168bdc942542d5fd263903cbf630f9c58ecf1cdd0,not a separate empirical selection,not separately selected,global profile; not per-video,engineering_or_indirect,not established,YES,Inherited from the hashed TrackingConfig source; no separate sensitivity claim.,PARTIAL_NO_METHOD_SPECIFIC_SENSITIVITY,BOUND_BY_SOURCE_CODE,PARTIALLY_GROUNDED,NO
R0_CURRENT_STANDARD_V2_20260728,realtime_motion_pair_dense_fallback_max_support_ratio,engineering_or_indirect,unitless,source-defined numeric domain,0.35,INHERITED_DEFAULT_WITH_PROVENANCE,src/pig_behavior/tracking/config.py sha256=52c5f54ad44b6f76a8d143d168bdc942542d5fd263903cbf630f9c58ecf1cdd0,not a separate empirical selection,not separately selected,global profile; not per-video,engineering_or_indirect,not established,YES,Inherited from the hashed TrackingConfig source; no separate sensitivity claim.,PARTIAL_NO_METHOD_SPECIFIC_SENSITIVITY,BOUND_BY_SOURCE_CODE,PARTIALLY_GROUNDED,NO
R0_CURRENT_STANDARD_V2_20260728,realtime_motion_pair_dense_fallback_min_edge_gain,engineering_or_indirect,unitless,source-defined numeric domain,0.0,INHERITED_DEFAULT_WITH_PROVENANCE,src/pig_behavior/tracking/config.py sha256=52c5f54ad44b6f76a8d143d168bdc942542d5fd263903cbf630f9c58ecf1cdd0,not a separate empirical selection,not separately selected,global profile; not per-video,engineering_or_indirect,not established,YES,Inherited from the hashed TrackingConfig source; no separate sensitivity claim.,PARTIAL_NO_METHOD_SPECIFIC_SENSITIVITY,BOUND_BY_SOURCE_CODE,PARTIALLY_GROUNDED,NO
R0_CURRENT_STANDARD_V2_20260728,realtime_motion_pair_dense_fallback_min_median_gain,engineering_or_indirect,unitless,source-defined numeric domain,0.0,INHERITED_DEFAULT_WITH_PROVENANCE,src/pig_behavior/tracking/config.py sha256=52c5f54ad44b6f76a8d143d168bdc942542d5fd263903cbf630f9c58ecf1cdd0,not a separate empirical selection,not separately selected,global profile; not per-video,engineering_or_indirect,not established,YES,Inherited from the hashed TrackingConfig source; no separate sensitivity claim.,PARTIAL_NO_METHOD_SPECIFIC_SENSITIVITY,BOUND_BY_SOURCE_CODE,PARTIALLY_GROUNDED,NO
R0_CURRENT_STANDARD_V2_20260728,realtime_motion_pair_fixed_lag_frames,runtime,frames,non-negative integer unless sentinel documented,0,INHERITED_DEFAULT_WITH_PROVENANCE,src/pig_behavior/tracking/config.py sha256=52c5f54ad44b6f76a8d143d168bdc942542d5fd263903cbf630f9c58ecf1cdd0,not a separate empirical selection,not separately selected,global profile; not per-video,runtime,not established,YES,Inherited from the hashed TrackingConfig source; no separate sensitivity claim.,PARTIAL_NO_METHOD_SPECIFIC_SENSITIVITY,BOUND_BY_SOURCE_CODE,PARTIALLY_GROUNDED,NO
R0_CURRENT_STANDARD_V2_20260728,realtime_motion_pair_max_component_edges,engineering_or_indirect,count,source-defined integer domain,3,INHERITED_DEFAULT_WITH_PROVENANCE,src/pig_behavior/tracking/config.py sha256=52c5f54ad44b6f76a8d143d168bdc942542d5fd263903cbf630f9c58ecf1cdd0,not a separate empirical selection,not separately selected,global profile; not per-video,engineering_or_indirect,not established,YES,Inherited from the hashed TrackingConfig source; no separate sensitivity claim.,PARTIAL_NO_METHOD_SPECIFIC_SENSITIVITY,BOUND_BY_SOURCE_CODE,PARTIALLY_GROUNDED,NO
R0_CURRENT_STANDARD_V2_20260728,realtime_motion_pair_max_component_size,engineering_or_indirect,count,source-defined integer domain,4,INHERITED_DEFAULT_WITH_PROVENANCE,src/pig_behavior/tracking/config.py sha256=52c5f54ad44b6f76a8d143d168bdc942542d5fd263903cbf630f9c58ecf1cdd0,not a separate empirical selection,not separately selected,global profile; not per-video,engineering_or_indirect,not established,YES,Inherited from the hashed TrackingConfig source; no separate sensitivity claim.,PARTIAL_NO_METHOD_SPECIFIC_SENSITIVITY,BOUND_BY_SOURCE_CODE,PARTIALLY_GROUNDED,NO
R0_CURRENT_STANDARD_V2_20260728,realtime_motion_pair_max_jump,engineering_or_indirect,unitless,source-defined numeric domain,0.1,INHERITED_DEFAULT_WITH_PROVENANCE,src/pig_behavior/tracking/config.py sha256=52c5f54ad44b6f76a8d143d168bdc942542d5fd263903cbf630f9c58ecf1cdd0,not a separate empirical selection,not separately selected,global profile; not per-video,engineering_or_indirect,not established,YES,Inherited from the hashed TrackingConfig source; no separate sensitivity claim.,PARTIAL_NO_METHOD_SPECIFIC_SENSITIVITY,BOUND_BY_SOURCE_CODE,PARTIALLY_GROUNDED,NO
R0_CURRENT_STANDARD_V2_20260728,realtime_motion_pair_memory_frames,runtime,frames,non-negative integer unless sentinel documented,30,INHERITED_DEFAULT_WITH_PROVENANCE,src/pig_behavior/tracking/config.py sha256=52c5f54ad44b6f76a8d143d168bdc942542d5fd263903cbf630f9c58ecf1cdd0,not a separate empirical selection,not separately selected,global profile; not per-video,runtime,not established,YES,Inherited from the hashed TrackingConfig source; no separate sensitivity claim.,PARTIAL_NO_METHOD_SPECIFIC_SENSITIVITY,BOUND_BY_SOURCE_CODE,PARTIALLY_GROUNDED,NO
R0_CURRENT_STANDARD_V2_20260728,realtime_motion_pair_min_gain,engineering_or_indirect,unitless,source-defined numeric domain,0.01,INHERITED_DEFAULT_WITH_PROVENANCE,src/pig_behavior/tracking/config.py sha256=52c5f54ad44b6f76a8d143d168bdc942542d5fd263903cbf630f9c58ecf1cdd0,not a separate empirical selection,not separately selected,global profile; not per-video,engineering_or_indirect,not established,YES,Inherited from the hashed TrackingConfig source; no separate sensitivity claim.,PARTIAL_NO_METHOD_SPECIFIC_SENSITIVITY,BOUND_BY_SOURCE_CODE,PARTIALLY_GROUNDED,NO
R0_CURRENT_STANDARD_V2_20260728,realtime_motion_pair_simple_max_component_size,engineering_or_indirect,count,source-defined integer domain,2,INHERITED_DEFAULT_WITH_PROVENANCE,src/pig_behavior/tracking/config.py sha256=52c5f54ad44b6f76a8d143d168bdc942542d5fd263903cbf630f9c58ecf1cdd0,not a separate empirical selection,not separately selected,global profile; not per-video,engineering_or_indirect,not established,YES,Inherited from the hashed TrackingConfig source; no separate sensitivity claim.,PARTIAL_NO_METHOD_SPECIFIC_SENSITIVITY,BOUND_BY_SOURCE_CODE,PARTIALLY_GROUNDED,NO
R0_CURRENT_STANDARD_V2_20260728,realtime_motion_pair_simple_min_gain,engineering_or_indirect,unitless,source-defined numeric domain,0.0,INHERITED_DEFAULT_WITH_PROVENANCE,src/pig_behavior/tracking/config.py sha256=52c5f54ad44b6f76a8d143d168bdc942542d5fd263903cbf630f9c58ecf1cdd0,not a separate empirical selection,not separately selected,global profile; not per-video,engineering_or_indirect,not established,YES,Inherited from the hashed TrackingConfig source; no separate sensitivity claim.,PARTIAL_NO_METHOD_SPECIFIC_SENSITIVITY,BOUND_BY_SOURCE_CODE,PARTIALLY_GROUNDED,NO
R0_CURRENT_STANDARD_V2_20260728,realtime_motion_pair_stabilizer,engineering_or_indirect,boolean,"{false,true}",false,INHERITED_DEFAULT_WITH_PROVENANCE,src/pig_behavior/tracking/config.py sha256=52c5f54ad44b6f76a8d143d168bdc942542d5fd263903cbf630f9c58ecf1cdd0,not a separate empirical selection,not separately selected,global profile; not per-video,engineering_or_indirect,not established,YES,Inherited from the hashed TrackingConfig source; no separate sensitivity claim.,PARTIAL_NO_METHOD_SPECIFIC_SENSITIVITY,BOUND_BY_SOURCE_CODE,PARTIALLY_GROUNDED,NO
R0_CURRENT_STANDARD_V2_20260728,realtime_visible_better_competitor_min_cost,association,unitless,source-defined numeric domain,0.5,INHERITED_DEFAULT_WITH_PROVENANCE,src/pig_behavior/tracking/config.py sha256=52c5f54ad44b6f76a8d143d168bdc942542d5fd263903cbf630f9c58ecf1cdd0,not a separate empirical selection,not separately selected,global profile; not per-video,association,not established,YES,Inherited from the hashed TrackingConfig source; no separate sensitivity claim.,PARTIAL_NO_METHOD_SPECIFIC_SENSITIVITY,BOUND_BY_SOURCE_CODE,PARTIALLY_GROUNDED,NO
R0_CURRENT_STANDARD_V2_20260728,realtime_visible_better_competitor_min_gain,engineering_or_indirect,unitless,source-defined numeric domain,0.2,INHERITED_DEFAULT_WITH_PROVENANCE,src/pig_behavior/tracking/config.py sha256=52c5f54ad44b6f76a8d143d168bdc942542d5fd263903cbf630f9c58ecf1cdd0,not a separate empirical selection,not separately selected,global profile; not per-video,engineering_or_indirect,not established,YES,Inherited from the hashed TrackingConfig source; no separate sensitivity claim.,PARTIAL_NO_METHOD_SPECIFIC_SENSITIVITY,BOUND_BY_SOURCE_CODE,PARTIALLY_GROUNDED,NO
R0_CURRENT_STANDARD_V2_20260728,realtime_visible_better_competitor_prefer,engineering_or_indirect,boolean,"{false,true}",true,PREDECLARED_DEVELOPMENT_SELECTION,src/pig_behavior/tracking/profiles/realtime.py sha256=c7f63149f4577a8b5285f9387b46c75cd0fbbcabcc4c585ec89f319a06b8a496,13-video development evidence,frozen before authority execution; earlier development data visible,global profile; not per-video,engineering_or_indirect,authority/ablation record may exist; not universal,YES,Profile override frozen by a development authority before its authority run.,SUFFICIENT_WITH_DEVELOPMENT_SCOPE_LIMITATION,BOUND_BY_EFFECTIVE_CONFIG,FULLY_GROUNDED,NO
R0_CURRENT_STANDARD_V2_20260728,realtime_visible_better_competitor_reject,engineering_or_indirect,boolean,"{false,true}",false,INHERITED_DEFAULT_WITH_PROVENANCE,src/pig_behavior/tracking/config.py sha256=52c5f54ad44b6f76a8d143d168bdc942542d5fd263903cbf630f9c58ecf1cdd0,not a separate empirical selection,not separately selected,global profile; not per-video,engineering_or_indirect,not established,YES,Inherited from the hashed TrackingConfig source; no separate sensitivity claim.,PARTIAL_NO_METHOD_SPECIFIC_SENSITIVITY,BOUND_BY_SOURCE_CODE,PARTIALLY_GROUNDED,NO
R0_CURRENT_STANDARD_V2_20260728,realtime_visible_close_competitor_guard,engineering_or_indirect,boolean,"{false,true}",true,PREDECLARED_DEVELOPMENT_SELECTION,src/pig_behavior/tracking/profiles/realtime.py sha256=c7f63149f4577a8b5285f9387b46c75cd0fbbcabcc4c585ec89f319a06b8a496,13-video development evidence,frozen before authority execution; earlier development data visible,global profile; not per-video,engineering_or_indirect,authority/ablation record may exist; not universal,YES,Profile override frozen by a development authority before its authority run.,SUFFICIENT_WITH_DEVELOPMENT_SCOPE_LIMITATION,BOUND_BY_EFFECTIVE_CONFIG,FULLY_GROUNDED,NO
R0_CURRENT_STANDARD_V2_20260728,realtime_visible_close_competitor_margin,engineering_or_indirect,unitless,source-defined numeric domain,0.08,PREDECLARED_DEVELOPMENT_SELECTION,src/pig_behavior/tracking/profiles/realtime.py sha256=c7f63149f4577a8b5285f9387b46c75cd0fbbcabcc4c585ec89f319a06b8a496,13-video development evidence,frozen before authority execution; earlier development data visible,global profile; not per-video,engineering_or_indirect,authority/ablation record may exist; not universal,YES,Profile override frozen by a development authority before its authority run.,SUFFICIENT_WITH_DEVELOPMENT_SCOPE_LIMITATION,BOUND_BY_EFFECTIVE_CONFIG,FULLY_GROUNDED,NO
R0_CURRENT_STANDARD_V2_20260728,realtime_visible_close_competitor_max_cost,association,unitless,source-defined numeric domain,0.4,PREDECLARED_DEVELOPMENT_SELECTION,src/pig_behavior/tracking/profiles/realtime.py sha256=c7f63149f4577a8b5285f9387b46c75cd0fbbcabcc4c585ec89f319a06b8a496,13-video development evidence,frozen before authority execution; earlier development data visible,global profile; not per-video,association,authority/ablation record may exist; not universal,YES,Profile override frozen by a development authority before its authority run.,SUFFICIENT_WITH_DEVELOPMENT_SCOPE_LIMITATION,BOUND_BY_EFFECTIVE_CONFIG,FULLY_GROUNDED,NO
R0_CURRENT_STANDARD_V2_20260728,realtime_visible_close_competitor_min_center_x_ratio,engineering_or_indirect,unitless,source-defined numeric domain,0.67,PREDECLARED_DEVELOPMENT_SELECTION,src/pig_behavior/tracking/profiles/realtime.py sha256=c7f63149f4577a8b5285f9387b46c75cd0fbbcabcc4c585ec89f319a06b8a496,13-video development evidence,frozen before authority execution; earlier development data visible,global profile; not per-video,engineering_or_indirect,authority/ablation record may exist; not universal,YES,Profile override frozen by a development authority before its authority run.,SUFFICIENT_WITH_DEVELOPMENT_SCOPE_LIMITATION,BOUND_BY_EFFECTIVE_CONFIG,FULLY_GROUNDED,NO
R0_CURRENT_STANDARD_V2_20260728,realtime_visible_close_competitor_min_hits,engineering_or_indirect,count,source-defined integer domain,3,INHERITED_DEFAULT_WITH_PROVENANCE,src/pig_behavior/tracking/config.py sha256=52c5f54ad44b6f76a8d143d168bdc942542d5fd263903cbf630f9c58ecf1cdd0,not a separate empirical selection,not separately selected,global profile; not per-video,engineering_or_indirect,not established,YES,Inherited from the hashed TrackingConfig source; no separate sensitivity claim.,PARTIAL_NO_METHOD_SPECIFIC_SENSITIVITY,BOUND_BY_SOURCE_CODE,PARTIALLY_GROUNDED,NO
R0_CURRENT_STANDARD_V2_20260728,reentry_ambiguous_hold,lifecycle,boolean,"{false,true}",false,INHERITED_DEFAULT_WITH_PROVENANCE,src/pig_behavior/tracking/config.py sha256=52c5f54ad44b6f76a8d143d168bdc942542d5fd263903cbf630f9c58ecf1cdd0,not a separate empirical selection,not separately selected,global profile; not per-video,lifecycle,not established,YES,Inherited from the hashed TrackingConfig source; no separate sensitivity claim.,PARTIAL_NO_METHOD_SPECIFIC_SENSITIVITY,BOUND_BY_SOURCE_CODE,PARTIALLY_GROUNDED,NO
R0_CURRENT_STANDARD_V2_20260728,reentry_ambiguous_hold_frame_windows,lifecycle|runtime,frames,non-negative integer unless sentinel documented,"""""",INHERITED_DEFAULT_WITH_PROVENANCE,src/pig_behavior/tracking/config.py sha256=52c5f54ad44b6f76a8d143d168bdc942542d5fd263903cbf630f9c58ecf1cdd0,not a separate empirical selection,not separately selected,global profile; not per-video,lifecycle|runtime,not established,YES,Inherited from the hashed TrackingConfig source; no separate sensitivity claim.,PARTIAL_NO_METHOD_SPECIFIC_SENSITIVITY,BOUND_BY_SOURCE_CODE,PARTIALLY_GROUNDED,NO
R0_CURRENT_STANDARD_V2_20260728,reentry_ambiguous_hold_max_cost,association|lifecycle,unitless,source-defined numeric domain,1.0,INHERITED_DEFAULT_WITH_PROVENANCE,src/pig_behavior/tracking/config.py sha256=52c5f54ad44b6f76a8d143d168bdc942542d5fd263903cbf630f9c58ecf1cdd0,not a separate empirical selection,not separately selected,global profile; not per-video,association|lifecycle,not established,YES,Inherited from the hashed TrackingConfig source; no separate sensitivity claim.,PARTIAL_NO_METHOD_SPECIFIC_SENSITIVITY,BOUND_BY_SOURCE_CODE,PARTIALLY_GROUNDED,NO
R0_CURRENT_STANDARD_V2_20260728,reentry_ambiguous_hold_max_missed,lifecycle,frames,non-negative integer unless sentinel documented,0,INHERITED_DEFAULT_WITH_PROVENANCE,src/pig_behavior/tracking/config.py sha256=52c5f54ad44b6f76a8d143d168bdc942542d5fd263903cbf630f9c58ecf1cdd0,not a separate empirical selection,not separately selected,global profile; not per-video,lifecycle,not established,YES,Inherited from the hashed TrackingConfig source; no separate sensitivity claim.,PARTIAL_NO_METHOD_SPECIFIC_SENSITIVITY,BOUND_BY_SOURCE_CODE,PARTIALLY_GROUNDED,NO
R0_CURRENT_STANDARD_V2_20260728,reentry_ambiguous_hold_min_cost,association|lifecycle,unitless,source-defined numeric domain,0.0,INHERITED_DEFAULT_WITH_PROVENANCE,src/pig_behavior/tracking/config.py sha256=52c5f54ad44b6f76a8d143d168bdc942542d5fd263903cbf630f9c58ecf1cdd0,not a separate empirical selection,not separately selected,global profile; not per-video,association|lifecycle,not established,YES,Inherited from the hashed TrackingConfig source; no separate sensitivity claim.,PARTIAL_NO_METHOD_SPECIFIC_SENSITIVITY,BOUND_BY_SOURCE_CODE,PARTIALLY_GROUNDED,NO
R0_CURRENT_STANDARD_V2_20260728,reentry_ambiguous_hold_min_hits,lifecycle,count,source-defined integer domain,3,INHERITED_DEFAULT_WITH_PROVENANCE,src/pig_behavior/tracking/config.py sha256=52c5f54ad44b6f76a8d143d168bdc942542d5fd263903cbf630f9c58ecf1cdd0,not a separate empirical selection,not separately selected,global profile; not per-video,lifecycle,not established,YES,Inherited from the hashed TrackingConfig source; no separate sensitivity claim.,PARTIAL_NO_METHOD_SPECIFIC_SENSITIVITY,BOUND_BY_SOURCE_CODE,PARTIALLY_GROUNDED,NO
R0_CURRENT_STANDARD_V2_20260728,reentry_ambiguous_hold_min_missed,lifecycle,frames,non-negative integer unless sentinel documented,2,INHERITED_DEFAULT_WITH_PROVENANCE,src/pig_behavior/tracking/config.py sha256=52c5f54ad44b6f76a8d143d168bdc942542d5fd263903cbf630f9c58ecf1cdd0,not a separate empirical selection,not separately selected,global profile; not per-video,lifecycle,not established,YES,Inherited from the hashed TrackingConfig source; no separate sensitivity claim.,PARTIAL_NO_METHOD_SPECIFIC_SENSITIVITY,BOUND_BY_SOURCE_CODE,PARTIALLY_GROUNDED,NO
R0_CURRENT_STANDARD_V2_20260728,reentry_ambiguous_hold_raw_evidence_only,lifecycle,boolean,"{false,true}",false,INHERITED_DEFAULT_WITH_PROVENANCE,src/pig_behavior/tracking/config.py sha256=52c5f54ad44b6f76a8d143d168bdc942542d5fd263903cbf630f9c58ecf1cdd0,not a separate empirical selection,not separately selected,global profile; not per-video,lifecycle,not established,YES,Inherited from the hashed TrackingConfig source; no separate sensitivity claim.,PARTIAL_NO_METHOD_SPECIFIC_SENSITIVITY,BOUND_BY_SOURCE_CODE,PARTIALLY_GROUNDED,NO
R0_CURRENT_STANDARD_V2_20260728,reentry_ambiguous_hold_video_stems,lifecycle|runtime,categorical/path,source-defined allowed values,"""""",INHERITED_DEFAULT_WITH_PROVENANCE,src/pig_behavior/tracking/config.py sha256=52c5f54ad44b6f76a8d143d168bdc942542d5fd263903cbf630f9c58ecf1cdd0,not a separate empirical selection,not separately selected,global profile; not per-video,lifecycle|runtime,not established,YES,Inherited from the hashed TrackingConfig source; no separate sensitivity claim.,PARTIAL_NO_METHOD_SPECIFIC_SENSITIVITY,BOUND_BY_SOURCE_CODE,PARTIALLY_GROUNDED,NO
R0_CURRENT_STANDARD_V2_20260728,reentry_unowned_raw_mismatch_episode_action,association|lifecycle,categorical/path,source-defined allowed values,"""reject""",INHERITED_DEFAULT_WITH_PROVENANCE,src/pig_behavior/tracking/config.py sha256=52c5f54ad44b6f76a8d143d168bdc942542d5fd263903cbf630f9c58ecf1cdd0,not a separate empirical selection,not separately selected,global profile; not per-video,association|lifecycle,not established,YES,Inherited from the hashed TrackingConfig source; no separate sensitivity claim.,PARTIAL_NO_METHOD_SPECIFIC_SENSITIVITY,BOUND_BY_SOURCE_CODE,PARTIALLY_GROUNDED,NO
R0_CURRENT_STANDARD_V2_20260728,reentry_unowned_raw_mismatch_episode_max_cost,association|lifecycle,unitless,source-defined numeric domain,0.36,INHERITED_DEFAULT_WITH_PROVENANCE,src/pig_behavior/tracking/config.py sha256=52c5f54ad44b6f76a8d143d168bdc942542d5fd263903cbf630f9c58ecf1cdd0,not a separate empirical selection,not separately selected,global profile; not per-video,association|lifecycle,not established,YES,Inherited from the hashed TrackingConfig source; no separate sensitivity claim.,PARTIAL_NO_METHOD_SPECIFIC_SENSITIVITY,BOUND_BY_SOURCE_CODE,PARTIALLY_GROUNDED,NO
R0_CURRENT_STANDARD_V2_20260728,reentry_unowned_raw_mismatch_episode_max_events,association|lifecycle,count,source-defined integer domain,8,INHERITED_DEFAULT_WITH_PROVENANCE,src/pig_behavior/tracking/config.py sha256=52c5f54ad44b6f76a8d143d168bdc942542d5fd263903cbf630f9c58ecf1cdd0,not a separate empirical selection,not separately selected,global profile; not per-video,association|lifecycle,not established,YES,Inherited from the hashed TrackingConfig source; no separate sensitivity claim.,PARTIAL_NO_METHOD_SPECIFIC_SENSITIVITY,BOUND_BY_SOURCE_CODE,PARTIALLY_GROUNDED,NO
R0_CURRENT_STANDARD_V2_20260728,reentry_unowned_raw_mismatch_episode_max_missed,association|lifecycle,frames,non-negative integer unless sentinel documented,20,INHERITED_DEFAULT_WITH_PROVENANCE,src/pig_behavior/tracking/config.py sha256=52c5f54ad44b6f76a8d143d168bdc942542d5fd263903cbf630f9c58ecf1cdd0,not a separate empirical selection,not separately selected,global profile; not per-video,association|lifecycle,not established,YES,Inherited from the hashed TrackingConfig source; no separate sensitivity claim.,PARTIAL_NO_METHOD_SPECIFIC_SENSITIVITY,BOUND_BY_SOURCE_CODE,PARTIALLY_GROUNDED,NO
R0_CURRENT_STANDARD_V2_20260728,reentry_unowned_raw_mismatch_episode_min_cost,association|lifecycle,unitless,source-defined numeric domain,0.0,INHERITED_DEFAULT_WITH_PROVENANCE,src/pig_behavior/tracking/config.py sha256=52c5f54ad44b6f76a8d143d168bdc942542d5fd263903cbf630f9c58ecf1cdd0,not a separate empirical selection,not separately selected,global profile; not per-video,association|lifecycle,not established,YES,Inherited from the hashed TrackingConfig source; no separate sensitivity claim.,PARTIAL_NO_METHOD_SPECIFIC_SENSITIVITY,BOUND_BY_SOURCE_CODE,PARTIALLY_GROUNDED,NO
R0_CURRENT_STANDARD_V2_20260728,reentry_unowned_raw_mismatch_episode_min_events,association|lifecycle,count,source-defined integer domain,3,INHERITED_DEFAULT_WITH_PROVENANCE,src/pig_behavior/tracking/config.py sha256=52c5f54ad44b6f76a8d143d168bdc942542d5fd263903cbf630f9c58ecf1cdd0,not a separate empirical selection,not separately selected,global profile; not per-video,association|lifecycle,not established,YES,Inherited from the hashed TrackingConfig source; no separate sensitivity claim.,PARTIAL_NO_METHOD_SPECIFIC_SENSITIVITY,BOUND_BY_SOURCE_CODE,PARTIALLY_GROUNDED,NO
R0_CURRENT_STANDARD_V2_20260728,reentry_unowned_raw_mismatch_episode_min_missed,association|lifecycle,frames,non-negative integer unless sentinel documented,1,INHERITED_DEFAULT_WITH_PROVENANCE,src/pig_behavior/tracking/config.py sha256=52c5f54ad44b6f76a8d143d168bdc942542d5fd263903cbf630f9c58ecf1cdd0,not a separate empirical selection,not separately selected,global profile; not per-video,association|lifecycle,not established,YES,Inherited from the hashed TrackingConfig source; no separate sensitivity claim.,PARTIAL_NO_METHOD_SPECIFIC_SENSITIVITY,BOUND_BY_SOURCE_CODE,PARTIALLY_GROUNDED,NO
R0_CURRENT_STANDARD_V2_20260728,reentry_unowned_raw_mismatch_episode_phases,association|lifecycle,categorical/path,source-defined allowed values,"""reid""",INHERITED_DEFAULT_WITH_PROVENANCE,src/pig_behavior/tracking/config.py sha256=52c5f54ad44b6f76a8d143d168bdc942542d5fd263903cbf630f9c58ecf1cdd0,not a separate empirical selection,not separately selected,global profile; not per-video,association|lifecycle,not established,YES,Inherited from the hashed TrackingConfig source; no separate sensitivity claim.,PARTIAL_NO_METHOD_SPECIFIC_SENSITIVITY,BOUND_BY_SOURCE_CODE,PARTIALLY_GROUNDED,NO
R0_CURRENT_STANDARD_V2_20260728,reentry_unowned_raw_mismatch_episode_reject,association|lifecycle,boolean,"{false,true}",false,INHERITED_DEFAULT_WITH_PROVENANCE,src/pig_behavior/tracking/config.py sha256=52c5f54ad44b6f76a8d143d168bdc942542d5fd263903cbf630f9c58ecf1cdd0,not a separate empirical selection,not separately selected,global profile; not per-video,association|lifecycle,not established,YES,Inherited from the hashed TrackingConfig source; no separate sensitivity claim.,PARTIAL_NO_METHOD_SPECIFIC_SENSITIVITY,BOUND_BY_SOURCE_CODE,PARTIALLY_GROUNDED,NO
R0_CURRENT_STANDARD_V2_20260728,reentry_unowned_raw_mismatch_episode_window_frames,association|lifecycle|runtime,frames,non-negative integer unless sentinel documented,24,INHERITED_DEFAULT_WITH_PROVENANCE,src/pig_behavior/tracking/config.py sha256=52c5f54ad44b6f76a8d143d168bdc942542d5fd263903cbf630f9c58ecf1cdd0,not a separate empirical selection,not separately selected,global profile; not per-video,association|lifecycle|runtime,not established,YES,Inherited from the hashed TrackingConfig source; no separate sensitivity claim.,PARTIAL_NO_METHOD_SPECIFIC_SENSITIVITY,BOUND_BY_SOURCE_CODE,PARTIALLY_GROUNDED,NO
R0_CURRENT_STANDARD_V2_20260728,reentry_unowned_raw_mismatch_max_cost,association|lifecycle,unitless,source-defined numeric domain,0.3,INHERITED_DEFAULT_WITH_PROVENANCE,src/pig_behavior/tracking/config.py sha256=52c5f54ad44b6f76a8d143d168bdc942542d5fd263903cbf630f9c58ecf1cdd0,not a separate empirical selection,not separately selected,global profile; not per-video,association|lifecycle,not established,YES,Inherited from the hashed TrackingConfig source; no separate sensitivity claim.,PARTIAL_NO_METHOD_SPECIFIC_SENSITIVITY,BOUND_BY_SOURCE_CODE,PARTIALLY_GROUNDED,NO
R0_CURRENT_STANDARD_V2_20260728,reentry_unowned_raw_mismatch_max_missed,association|lifecycle,frames,non-negative integer unless sentinel documented,5,INHERITED_DEFAULT_WITH_PROVENANCE,src/pig_behavior/tracking/config.py sha256=52c5f54ad44b6f76a8d143d168bdc942542d5fd263903cbf630f9c58ecf1cdd0,not a separate empirical selection,not separately selected,global profile; not per-video,association|lifecycle,not established,YES,Inherited from the hashed TrackingConfig source; no separate sensitivity claim.,PARTIAL_NO_METHOD_SPECIFIC_SENSITIVITY,BOUND_BY_SOURCE_CODE,PARTIALLY_GROUNDED,NO
R0_CURRENT_STANDARD_V2_20260728,reentry_unowned_raw_mismatch_min_missed,association|lifecycle,frames,non-negative integer unless sentinel documented,1,INHERITED_DEFAULT_WITH_PROVENANCE,src/pig_behavior/tracking/config.py sha256=52c5f54ad44b6f76a8d143d168bdc942542d5fd263903cbf630f9c58ecf1cdd0,not a separate empirical selection,not separately selected,global profile; not per-video,association|lifecycle,not established,YES,Inherited from the hashed TrackingConfig source; no separate sensitivity claim.,PARTIAL_NO_METHOD_SPECIFIC_SENSITIVITY,BOUND_BY_SOURCE_CODE,PARTIALLY_GROUNDED,NO
R0_CURRENT_STANDARD_V2_20260728,reentry_unowned_raw_mismatch_quarantine_frames,association|lifecycle|runtime,frames,non-negative integer unless sentinel documented,0,INHERITED_DEFAULT_WITH_PROVENANCE,src/pig_behavior/tracking/config.py sha256=52c5f54ad44b6f76a8d143d168bdc942542d5fd263903cbf630f9c58ecf1cdd0,not a separate empirical selection,not separately selected,global profile; not per-video,association|lifecycle|runtime,not established,YES,Inherited from the hashed TrackingConfig source; no separate sensitivity claim.,PARTIAL_NO_METHOD_SPECIFIC_SENSITIVITY,BOUND_BY_SOURCE_CODE,PARTIALLY_GROUNDED,NO
R0_CURRENT_STANDARD_V2_20260728,reentry_unowned_raw_mismatch_quarantine_max_cost,association|lifecycle,unitless,source-defined numeric domain,0.35,INHERITED_DEFAULT_WITH_PROVENANCE,src/pig_behavior/tracking/config.py sha256=52c5f54ad44b6f76a8d143d168bdc942542d5fd263903cbf630f9c58ecf1cdd0,not a separate empirical selection,not separately selected,global profile; not per-video,association|lifecycle,not established,YES,Inherited from the hashed TrackingConfig source; no separate sensitivity claim.,PARTIAL_NO_METHOD_SPECIFIC_SENSITIVITY,BOUND_BY_SOURCE_CODE,PARTIALLY_GROUNDED,NO
R0_CURRENT_STANDARD_V2_20260728,reentry_unowned_raw_mismatch_quarantine_min_seed_cost,association|lifecycle,unitless,source-defined numeric domain,0.0,INHERITED_DEFAULT_WITH_PROVENANCE,src/pig_behavior/tracking/config.py sha256=52c5f54ad44b6f76a8d143d168bdc942542d5fd263903cbf630f9c58ecf1cdd0,not a separate empirical selection,not separately selected,global profile; not per-video,association|lifecycle,not established,YES,Inherited from the hashed TrackingConfig source; no separate sensitivity claim.,PARTIAL_NO_METHOD_SPECIFIC_SENSITIVITY,BOUND_BY_SOURCE_CODE,PARTIALLY_GROUNDED,NO
R0_CURRENT_STANDARD_V2_20260728,reentry_unowned_raw_mismatch_reject,association|lifecycle,boolean,"{false,true}",false,INHERITED_DEFAULT_WITH_PROVENANCE,src/pig_behavior/tracking/config.py sha256=52c5f54ad44b6f76a8d143d168bdc942542d5fd263903cbf630f9c58ecf1cdd0,not a separate empirical selection,not separately selected,global profile; not per-video,association|lifecycle,not established,YES,Inherited from the hashed TrackingConfig source; no separate sensitivity claim.,PARTIAL_NO_METHOD_SPECIFIC_SENSITIVITY,BOUND_BY_SOURCE_CODE,PARTIALLY_GROUNDED,NO
R0_CURRENT_STANDARD_V2_20260728,refine_boxes,bbox_geometry,boolean,"{false,true}",false,PREDECLARED_DEVELOPMENT_SELECTION,src/pig_behavior/tracking/profiles/realtime.py sha256=c7f63149f4577a8b5285f9387b46c75cd0fbbcabcc4c585ec89f319a06b8a496,13-video development evidence,frozen before authority execution; earlier development data visible,global profile; not per-video,bbox_geometry,authority/ablation record may exist; not universal,YES,Profile override frozen by a development authority before its authority run.,SUFFICIENT_WITH_DEVELOPMENT_SCOPE_LIMITATION,BOUND_BY_EFFECTIVE_CONFIG,FULLY_GROUNDED,NO
R0_CURRENT_STANDARD_V2_20260728,refine_max_gap_frames,bbox_geometry|runtime,frames,non-negative integer unless sentinel documented,15,INHERITED_DEFAULT_WITH_PROVENANCE,src/pig_behavior/tracking/config.py sha256=52c5f54ad44b6f76a8d143d168bdc942542d5fd263903cbf630f9c58ecf1cdd0,not a separate empirical selection,not separately selected,global profile; not per-video,bbox_geometry|runtime,not established,YES,Inherited from the hashed TrackingConfig source; no separate sensitivity claim.,PARTIAL_NO_METHOD_SPECIFIC_SENSITIVITY,BOUND_BY_SOURCE_CODE,PARTIALLY_GROUNDED,NO
R0_CURRENT_STANDARD_V2_20260728,refine_max_previous_gap_frames,association|bbox_geometry|runtime,unitless ratio,"[0,1] unless source contract states otherwise",0,INHERITED_DEFAULT_WITH_PROVENANCE,src/pig_behavior/tracking/config.py sha256=52c5f54ad44b6f76a8d143d168bdc942542d5fd263903cbf630f9c58ecf1cdd0,not a separate empirical selection,not separately selected,global profile; not per-video,association|bbox_geometry|runtime,not established,YES,Inherited from the hashed TrackingConfig source; no separate sensitivity claim.,PARTIAL_NO_METHOD_SPECIFIC_SENSITIVITY,BOUND_BY_SOURCE_CODE,PARTIALLY_GROUNDED,NO
R0_CURRENT_STANDARD_V2_20260728,refine_size_jump_threshold,bbox_geometry,unitless,source-defined numeric domain,0.45,INHERITED_DEFAULT_WITH_PROVENANCE,src/pig_behavior/tracking/config.py sha256=52c5f54ad44b6f76a8d143d168bdc942542d5fd263903cbf630f9c58ecf1cdd0,not a separate empirical selection,not separately selected,global profile; not per-video,bbox_geometry,not established,YES,Inherited from the hashed TrackingConfig source; no separate sensitivity claim.,PARTIAL_NO_METHOD_SPECIFIC_SENSITIVITY,BOUND_BY_SOURCE_CODE,PARTIALLY_GROUNDED,NO
R0_CURRENT_STANDARD_V2_20260728,reid_unowned_competing_candidate_hold,engineering_or_indirect,boolean,"{false,true}",false,INHERITED_DEFAULT_WITH_PROVENANCE,src/pig_behavior/tracking/config.py sha256=52c5f54ad44b6f76a8d143d168bdc942542d5fd263903cbf630f9c58ecf1cdd0,not a separate empirical selection,not separately selected,global profile; not per-video,engineering_or_indirect,not established,YES,Inherited from the hashed TrackingConfig source; no separate sensitivity claim.,PARTIAL_NO_METHOD_SPECIFIC_SENSITIVITY,BOUND_BY_SOURCE_CODE,PARTIALLY_GROUNDED,NO
R0_CURRENT_STANDARD_V2_20260728,reid_unowned_competing_candidate_min_cost,association,unitless,source-defined numeric domain,0.55,INHERITED_DEFAULT_WITH_PROVENANCE,src/pig_behavior/tracking/config.py sha256=52c5f54ad44b6f76a8d143d168bdc942542d5fd263903cbf630f9c58ecf1cdd0,not a separate empirical selection,not separately selected,global profile; not per-video,association,not established,YES,Inherited from the hashed TrackingConfig source; no separate sensitivity claim.,PARTIAL_NO_METHOD_SPECIFIC_SENSITIVITY,BOUND_BY_SOURCE_CODE,PARTIALLY_GROUNDED,NO
R0_CURRENT_STANDARD_V2_20260728,reid_unowned_competing_candidate_min_gap,engineering_or_indirect,unitless,source-defined numeric domain,0.15,INHERITED_DEFAULT_WITH_PROVENANCE,src/pig_behavior/tracking/config.py sha256=52c5f54ad44b6f76a8d143d168bdc942542d5fd263903cbf630f9c58ecf1cdd0,not a separate empirical selection,not separately selected,global profile; not per-video,engineering_or_indirect,not established,YES,Inherited from the hashed TrackingConfig source; no separate sensitivity claim.,PARTIAL_NO_METHOD_SPECIFIC_SENSITIVITY,BOUND_BY_SOURCE_CODE,PARTIALLY_GROUNDED,NO
R0_CURRENT_STANDARD_V2_20260728,reid_unowned_competing_candidate_min_missed,lifecycle,frames,non-negative integer unless sentinel documented,1,INHERITED_DEFAULT_WITH_PROVENANCE,src/pig_behavior/tracking/config.py sha256=52c5f54ad44b6f76a8d143d168bdc942542d5fd263903cbf630f9c58ecf1cdd0,not a separate empirical selection,not separately selected,global profile; not per-video,lifecycle,not established,YES,Inherited from the hashed TrackingConfig source; no separate sensitivity claim.,PARTIAL_NO_METHOD_SPECIFIC_SENSITIVITY,BOUND_BY_SOURCE_CODE,PARTIALLY_GROUNDED,NO
R0_CURRENT_STANDARD_V2_20260728,reid_unowned_competing_candidate_occlusion_hold_only,Hidden_state,boolean,"{false,true}",true,INHERITED_DEFAULT_WITH_PROVENANCE,src/pig_behavior/tracking/config.py sha256=52c5f54ad44b6f76a8d143d168bdc942542d5fd263903cbf630f9c58ecf1cdd0,not a separate empirical selection,not separately selected,global profile; not per-video,Hidden_state,not established,YES,Inherited from the hashed TrackingConfig source; no separate sensitivity claim.,PARTIAL_NO_METHOD_SPECIFIC_SENSITIVITY,BOUND_BY_SOURCE_CODE,PARTIALLY_GROUNDED,NO
R0_CURRENT_STANDARD_V2_20260728,review_conf,engineering_or_indirect,unitless ratio,"[0,1] unless source contract states otherwise",0.5,INHERITED_DEFAULT_WITH_PROVENANCE,src/pig_behavior/tracking/config.py sha256=52c5f54ad44b6f76a8d143d168bdc942542d5fd263903cbf630f9c58ecf1cdd0,not a separate empirical selection,not separately selected,global profile; not per-video,engineering_or_indirect,not established,YES,Inherited from the hashed TrackingConfig source; no separate sensitivity claim.,PARTIAL_NO_METHOD_SPECIFIC_SENSITIVITY,BOUND_BY_SOURCE_CODE,PARTIALLY_GROUNDED,NO
R0_CURRENT_STANDARD_V2_20260728,rf_hybrid_offline,engineering_or_indirect,boolean,"{false,true}",false,INHERITED_DEFAULT_WITH_PROVENANCE,src/pig_behavior/tracking/config.py sha256=52c5f54ad44b6f76a8d143d168bdc942542d5fd263903cbf630f9c58ecf1cdd0,not a separate empirical selection,not separately selected,global profile; not per-video,engineering_or_indirect,not established,YES,Inherited from the hashed TrackingConfig source; no separate sensitivity claim.,PARTIAL_NO_METHOD_SPECIFIC_SENSITIVITY,BOUND_BY_SOURCE_CODE,PARTIALLY_GROUNDED,NO
R0_CURRENT_STANDARD_V2_20260728,roi_dilate_px,engineering_or_indirect,count,source-defined integer domain,8,INHERITED_DEFAULT_WITH_PROVENANCE,src/pig_behavior/tracking/config.py sha256=52c5f54ad44b6f76a8d143d168bdc942542d5fd263903cbf630f9c58ecf1cdd0,not a separate empirical selection,not separately selected,global profile; not per-video,engineering_or_indirect,not established,YES,Inherited from the hashed TrackingConfig source; no separate sensitivity claim.,PARTIAL_NO_METHOD_SPECIFIC_SENSITIVITY,BOUND_BY_SOURCE_CODE,PARTIALLY_GROUNDED,NO
R0_CURRENT_STANDARD_V2_20260728,roi_min_cover,engineering_or_indirect,unitless,source-defined numeric domain,0.1,INHERITED_DEFAULT_WITH_PROVENANCE,src/pig_behavior/tracking/config.py sha256=52c5f54ad44b6f76a8d143d168bdc942542d5fd263903cbf630f9c58ecf1cdd0,not a separate empirical selection,not separately selected,global profile; not per-video,engineering_or_indirect,not established,YES,Inherited from the hashed TrackingConfig source; no separate sensitivity claim.,PARTIAL_NO_METHOD_SPECIFIC_SENSITIVITY,BOUND_BY_SOURCE_CODE,PARTIALLY_GROUNDED,NO
R0_CURRENT_STANDARD_V2_20260728,roi_mode,engineering_or_indirect,categorical/path,source-defined allowed values,"""center""",INHERITED_DEFAULT_WITH_PROVENANCE,src/pig_behavior/tracking/config.py sha256=52c5f54ad44b6f76a8d143d168bdc942542d5fd263903cbf630f9c58ecf1cdd0,not a separate empirical selection,not separately selected,global profile; not per-video,engineering_or_indirect,not established,YES,Inherited from the hashed TrackingConfig source; no separate sensitivity claim.,PARTIAL_NO_METHOD_SPECIFIC_SENSITIVITY,BOUND_BY_SOURCE_CODE,PARTIALLY_GROUNDED,NO
R0_CURRENT_STANDARD_V2_20260728,shade_outside_mask,detection,boolean,"{false,true}",true,INHERITED_DEFAULT_WITH_PROVENANCE,src/pig_behavior/tracking/config.py sha256=52c5f54ad44b6f76a8d143d168bdc942542d5fd263903cbf630f9c58ecf1cdd0,not a separate empirical selection,not separately selected,global profile; not per-video,detection,not established,YES,Inherited from the hashed TrackingConfig source; no separate sensitivity claim.,PARTIAL_NO_METHOD_SPECIFIC_SENSITIVITY,BOUND_BY_SOURCE_CODE,PARTIALLY_GROUNDED,NO
R0_CURRENT_STANDARD_V2_20260728,show,engineering_or_indirect,boolean,"{false,true}",false,INHERITED_DEFAULT_WITH_PROVENANCE,src/pig_behavior/tracking/config.py sha256=52c5f54ad44b6f76a8d143d168bdc942542d5fd263903cbf630f9c58ecf1cdd0,not a separate empirical selection,not separately selected,global profile; not per-video,engineering_or_indirect,not established,YES,Inherited from the hashed TrackingConfig source; no separate sensitivity claim.,PARTIAL_NO_METHOD_SPECIFIC_SENSITIVITY,BOUND_BY_SOURCE_CODE,PARTIALLY_GROUNDED,NO
R0_CURRENT_STANDARD_V2_20260728,smooth_boxes,bbox_geometry,boolean,"{false,true}",false,PREDECLARED_DEVELOPMENT_SELECTION,src/pig_behavior/tracking/profiles/realtime.py sha256=c7f63149f4577a8b5285f9387b46c75cd0fbbcabcc4c585ec89f319a06b8a496,13-video development evidence,frozen before authority execution; earlier development data visible,global profile; not per-video,bbox_geometry,authority/ablation record may exist; not universal,YES,Profile override frozen by a development authority before its authority run.,SUFFICIENT_WITH_DEVELOPMENT_SCOPE_LIMITATION,BOUND_BY_EFFECTIVE_CONFIG,FULLY_GROUNDED,NO
R0_CURRENT_STANDARD_V2_20260728,start_frame,runtime,frames,non-negative integer unless sentinel documented,0,INHERITED_DEFAULT_WITH_PROVENANCE,src/pig_behavior/tracking/config.py sha256=52c5f54ad44b6f76a8d143d168bdc942542d5fd263903cbf630f9c58ecf1cdd0,not a separate empirical selection,not separately selected,global profile; not per-video,runtime,not established,YES,Inherited from the hashed TrackingConfig source; no separate sensitivity claim.,PARTIAL_NO_METHOD_SPECIFIC_SENSITIVITY,BOUND_BY_SOURCE_CODE,PARTIALLY_GROUNDED,NO
R0_CURRENT_STANDARD_V2_20260728,suffix_pair_swap_max_overlap_frames,identity_repair|runtime,frames,non-negative integer unless sentinel documented,8,INHERITED_DEFAULT_WITH_PROVENANCE,src/pig_behavior/tracking/config.py sha256=52c5f54ad44b6f76a8d143d168bdc942542d5fd263903cbf630f9c58ecf1cdd0,not a separate empirical selection,not separately selected,global profile; not per-video,identity_repair|runtime,not established,YES,Inherited from the hashed TrackingConfig source; no separate sensitivity claim.,PARTIAL_NO_METHOD_SPECIFIC_SENSITIVITY,BOUND_BY_SOURCE_CODE,PARTIALLY_GROUNDED,NO
R0_CURRENT_STANDARD_V2_20260728,suffix_pair_swap_max_suffix_overlap_iou,association|identity_repair,unitless ratio,"[0,1] unless source contract states otherwise",0.3,INHERITED_DEFAULT_WITH_PROVENANCE,src/pig_behavior/tracking/config.py sha256=52c5f54ad44b6f76a8d143d168bdc942542d5fd263903cbf630f9c58ecf1cdd0,not a separate empirical selection,not separately selected,global profile; not per-video,association|identity_repair,not established,YES,Inherited from the hashed TrackingConfig source; no separate sensitivity claim.,PARTIAL_NO_METHOD_SPECIFIC_SENSITIVITY,BOUND_BY_SOURCE_CODE,PARTIALLY_GROUNDED,NO
R0_CURRENT_STANDARD_V2_20260728,suffix_pair_swap_min_overlap_iou,association|identity_repair,unitless ratio,"[0,1] unless source contract states otherwise",0.45,INHERITED_DEFAULT_WITH_PROVENANCE,src/pig_behavior/tracking/config.py sha256=52c5f54ad44b6f76a8d143d168bdc942542d5fd263903cbf630f9c58ecf1cdd0,not a separate empirical selection,not separately selected,global profile; not per-video,association|identity_repair,not established,YES,Inherited from the hashed TrackingConfig source; no separate sensitivity claim.,PARTIAL_NO_METHOD_SPECIFIC_SENSITIVITY,BOUND_BY_SOURCE_CODE,PARTIALLY_GROUNDED,NO
R0_CURRENT_STANDARD_V2_20260728,suffix_pair_swap_min_suffix_frames,identity_repair|runtime,frames,non-negative integer unless sentinel documented,1500,INHERITED_DEFAULT_WITH_PROVENANCE,src/pig_behavior/tracking/config.py sha256=52c5f54ad44b6f76a8d143d168bdc942542d5fd263903cbf630f9c58ecf1cdd0,not a separate empirical selection,not separately selected,global profile; not per-video,identity_repair|runtime,not established,YES,Inherited from the hashed TrackingConfig source; no separate sensitivity claim.,PARTIAL_NO_METHOD_SPECIFIC_SENSITIVITY,BOUND_BY_SOURCE_CODE,PARTIALLY_GROUNDED,NO
R0_CURRENT_STANDARD_V2_20260728,suffix_pair_swap_repair,identity_repair,boolean,"{false,true}",false,INHERITED_DEFAULT_WITH_PROVENANCE,src/pig_behavior/tracking/config.py sha256=52c5f54ad44b6f76a8d143d168bdc942542d5fd263903cbf630f9c58ecf1cdd0,not a separate empirical selection,not separately selected,global profile; not per-video,identity_repair,not established,YES,Inherited from the hashed TrackingConfig source; no separate sensitivity claim.,PARTIAL_NO_METHOD_SPECIFIC_SENSITIVITY,BOUND_BY_SOURCE_CODE,PARTIALLY_GROUNDED,NO
R0_CURRENT_STANDARD_V2_20260728,target_fps,engineering_or_indirect,count,source-defined integer domain,15,INHERITED_DEFAULT_WITH_PROVENANCE,src/pig_behavior/tracking/config.py sha256=52c5f54ad44b6f76a8d143d168bdc942542d5fd263903cbf630f9c58ecf1cdd0,not a separate empirical selection,not separately selected,global profile; not per-video,engineering_or_indirect,not established,YES,Inherited from the hashed TrackingConfig source; no separate sensitivity claim.,PARTIAL_NO_METHOD_SPECIFIC_SENSITIVITY,BOUND_BY_SOURCE_CODE,PARTIALLY_GROUNDED,NO
R0_CURRENT_STANDARD_V2_20260728,track_high_conf,engineering_or_indirect,unitless ratio,"[0,1] unless source contract states otherwise",0.45,INHERITED_DEFAULT_WITH_PROVENANCE,src/pig_behavior/tracking/config.py sha256=52c5f54ad44b6f76a8d143d168bdc942542d5fd263903cbf630f9c58ecf1cdd0,not a separate empirical selection,not separately selected,global profile; not per-video,engineering_or_indirect,not established,YES,Inherited from the hashed TrackingConfig source; no separate sensitivity claim.,PARTIAL_NO_METHOD_SPECIFIC_SENSITIVITY,BOUND_BY_SOURCE_CODE,PARTIALLY_GROUNDED,NO
R0_CURRENT_STANDARD_V2_20260728,track_match_iou,association,unitless ratio,"[0,1] unless source contract states otherwise",0.75,INHERITED_DEFAULT_WITH_PROVENANCE,src/pig_behavior/tracking/config.py sha256=52c5f54ad44b6f76a8d143d168bdc942542d5fd263903cbf630f9c58ecf1cdd0,not a separate empirical selection,not separately selected,global profile; not per-video,association,not established,YES,Inherited from the hashed TrackingConfig source; no separate sensitivity claim.,PARTIAL_NO_METHOD_SPECIFIC_SENSITIVITY,BOUND_BY_SOURCE_CODE,PARTIALLY_GROUNDED,NO
R0_CURRENT_STANDARD_V2_20260728,tracker_type,engineering_or_indirect,categorical/path,source-defined allowed values,"""bytetrack""",ORIGINAL_METHOD_SPECIFICATION,src/pig_behavior/tracking/config.py sha256=52c5f54ad44b6f76a8d143d168bdc942542d5fd263903cbf630f9c58ecf1cdd0,not a separate empirical selection,not separately selected,global profile; not per-video,engineering_or_indirect,not established,YES,Defines the method family or locked eight-animal task.,SUFFICIENT,BOUND_BY_SOURCE_CODE,FULLY_GROUNDED,NO
R0_CURRENT_STANDARD_V2_20260728,tracker_yaml,engineering_or_indirect,not applicable,None or source-defined value,null,INHERITED_DEFAULT_WITH_PROVENANCE,src/pig_behavior/tracking/config.py sha256=52c5f54ad44b6f76a8d143d168bdc942542d5fd263903cbf630f9c58ecf1cdd0,not a separate empirical selection,not separately selected,global profile; not per-video,engineering_or_indirect,not established,YES,Inherited from the hashed TrackingConfig source; no separate sensitivity claim.,PARTIAL_NO_METHOD_SPECIFIC_SENSITIVITY,BOUND_BY_SOURCE_CODE,PARTIALLY_GROUNDED,NO
R0_CURRENT_STANDARD_V2_20260728,unseen_track_cost_threshold,association,unitless,source-defined numeric domain,1.1,INHERITED_DEFAULT_WITH_PROVENANCE,src/pig_behavior/tracking/config.py sha256=52c5f54ad44b6f76a8d143d168bdc942542d5fd263903cbf630f9c58ecf1cdd0,not a separate empirical selection,not separately selected,global profile; not per-video,association,not established,YES,Inherited from the hashed TrackingConfig source; no separate sensitivity claim.,PARTIAL_NO_METHOD_SPECIFIC_SENSITIVITY,BOUND_BY_SOURCE_CODE,PARTIALLY_GROUNDED,NO
R0_CURRENT_STANDARD_V2_20260728,use_mask,detection,boolean,"{false,true}",true,INHERITED_DEFAULT_WITH_PROVENANCE,src/pig_behavior/tracking/config.py sha256=52c5f54ad44b6f76a8d143d168bdc942542d5fd263903cbf630f9c58ecf1cdd0,not a separate empirical selection,not separately selected,global profile; not per-video,detection,not established,YES,Inherited from the hashed TrackingConfig source; no separate sensitivity claim.,PARTIAL_NO_METHOD_SPECIFIC_SENSITIVITY,BOUND_BY_SOURCE_CODE,PARTIALLY_GROUNDED,NO
R0_CURRENT_STANDARD_V2_20260728,use_mask_iou,detection|association,boolean,"{false,true}",true,INHERITED_DEFAULT_WITH_PROVENANCE,src/pig_behavior/tracking/config.py sha256=52c5f54ad44b6f76a8d143d168bdc942542d5fd263903cbf630f9c58ecf1cdd0,not a separate empirical selection,not separately selected,global profile; not per-video,detection|association,not established,YES,Inherited from the hashed TrackingConfig source; no separate sensitivity claim.,PARTIAL_NO_METHOD_SPECIFIC_SENSITIVITY,BOUND_BY_SOURCE_CODE,PARTIALLY_GROUNDED,NO
R0_CURRENT_STANDARD_V2_20260728,video_path,runtime,categorical/path,source-defined allowed values,"""C:\\Users\\ironh\\Downloads\\PIG_Behavior_Project\\.codex_tmp\\worktrees\\tracking_scientific_grounding_authority\\data\\videos\\Pigs281119_000085_30fps.mp4""",DATA_SCHEMA_CONSTRAINT,src/pig_behavior/tracking/config.py sha256=52c5f54ad44b6f76a8d143d168bdc942542d5fd263903cbf630f9c58ecf1cdd0,not a separate empirical selection,not separately selected,global profile; not per-video,runtime,not established,YES,Bound to the repository data/cache/export schema.,SUFFICIENT,BOUND_BY_SOURCE_CODE,FULLY_GROUNDED,NO
R0_CURRENT_STANDARD_V2_20260728,visible_raw_owner_transfer_min_gain,identity_repair,unitless,source-defined numeric domain,0.04,INHERITED_DEFAULT_WITH_PROVENANCE,src/pig_behavior/tracking/config.py sha256=52c5f54ad44b6f76a8d143d168bdc942542d5fd263903cbf630f9c58ecf1cdd0,not a separate empirical selection,not separately selected,global profile; not per-video,identity_repair,not established,YES,Inherited from the hashed TrackingConfig source; no separate sensitivity claim.,PARTIAL_NO_METHOD_SPECIFIC_SENSITIVITY,BOUND_BY_SOURCE_CODE,PARTIALLY_GROUNDED,NO
R0_CURRENT_STANDARD_V2_20260728,visual_opacity,engineering_or_indirect,unitless,source-defined numeric domain,0.75,INHERITED_DEFAULT_WITH_PROVENANCE,src/pig_behavior/tracking/config.py sha256=52c5f54ad44b6f76a8d143d168bdc942542d5fd263903cbf630f9c58ecf1cdd0,not a separate empirical selection,not separately selected,global profile; not per-video,engineering_or_indirect,not established,YES,Inherited from the hashed TrackingConfig source; no separate sensitivity claim.,PARTIAL_NO_METHOD_SPECIFIC_SENSITIVITY,BOUND_BY_SOURCE_CODE,PARTIALLY_GROUNDED,NO
R0_CURRENT_STANDARD_V2_20260728,weights_path,engineering_or_indirect,categorical/path,source-defined allowed values,"""C:\\Users\\ironh\\Downloads\\PIG_Behavior_Project\\.codex_tmp\\worktrees\\tracking_scientific_grounding_authority\\models\\detector\\pig_detector_yolov8.pt""",DATA_SCHEMA_CONSTRAINT,src/pig_behavior/tracking/config.py sha256=52c5f54ad44b6f76a8d143d168bdc942542d5fd263903cbf630f9c58ecf1cdd0,not a separate empirical selection,not separately selected,global profile; not per-video,engineering_or_indirect,not established,YES,Bound to the repository data/cache/export schema.,SUFFICIENT,BOUND_BY_SOURCE_CODE,FULLY_GROUNDED,NO
R0_CURRENT_STANDARD_V2_20260728,write_output_video,runtime,boolean,"{false,true}",true,HARDWARE_OR_RUNTIME_CONSTRAINT,src/pig_behavior/tracking/config.py sha256=52c5f54ad44b6f76a8d143d168bdc942542d5fd263903cbf630f9c58ecf1cdd0,not a separate empirical selection,not separately selected,global profile; not per-video,runtime,not established,YES,Execution/safety constraint rather than a quality claim.,SUFFICIENT,BOUND_BY_SOURCE_CODE,FULLY_GROUNDED,NO
R1_CURRENT_STANDARD_V2_20260728,USE_AREA_OCCLUSION_FREEZE,Hidden_state,boolean,"{false,true}",false,PREDECLARED_DEVELOPMENT_SELECTION,src/pig_behavior/tracking/profiles/rf_hybrid_offline.py sha256=bc7c20c21bf6ce283fb8f0ba34b36705805a52591b705a16c81f9014bb755ce9,13-video development evidence,frozen before authority execution; earlier development data visible,global profile; not per-video,Hidden_state,authority/ablation record may exist; not universal,YES,Profile override frozen by a development authority before its authority run.,SUFFICIENT_WITH_DEVELOPMENT_SCOPE_LIMITATION,BOUND_BY_EFFECTIVE_CONFIG,FULLY_GROUNDED,NO
R1_CURRENT_STANDARD_V2_20260728,USE_CONDITIONAL_AREA_OCCLUSION_FREEZE,Hidden_state,boolean,"{false,true}",false,PREDECLARED_DEVELOPMENT_SELECTION,src/pig_behavior/tracking/profiles/rf_hybrid_offline.py sha256=bc7c20c21bf6ce283fb8f0ba34b36705805a52591b705a16c81f9014bb755ce9,13-video development evidence,frozen before authority execution; earlier development data visible,global profile; not per-video,Hidden_state,authority/ablation record may exist; not universal,YES,Profile override frozen by a development authority before its authority run.,SUFFICIENT_WITH_DEVELOPMENT_SCOPE_LIMITATION,BOUND_BY_EFFECTIVE_CONFIG,FULLY_GROUNDED,NO
R1_CURRENT_STANDARD_V2_20260728,USE_IOU_FALLBACK,association,boolean,"{false,true}",false,PREDECLARED_DEVELOPMENT_SELECTION,src/pig_behavior/tracking/profiles/rf_hybrid_offline.py sha256=bc7c20c21bf6ce283fb8f0ba34b36705805a52591b705a16c81f9014bb755ce9,13-video development evidence,frozen before authority execution; earlier development data visible,global profile; not per-video,association,authority/ablation record may exist; not universal,YES,Profile override frozen by a development authority before its authority run.,SUFFICIENT_WITH_DEVELOPMENT_SCOPE_LIMITATION,BOUND_BY_EFFECTIVE_CONFIG,FULLY_GROUNDED,NO
R1_CURRENT_STANDARD_V2_20260728,USE_MERGED_BOX_SPLIT,bbox_geometry,boolean,"{false,true}",false,PREDECLARED_DEVELOPMENT_SELECTION,src/pig_behavior/tracking/profiles/rf_hybrid_offline.py sha256=bc7c20c21bf6ce283fb8f0ba34b36705805a52591b705a16c81f9014bb755ce9,13-video development evidence,frozen before authority execution; earlier development data visible,global profile; not per-video,bbox_geometry,authority/ablation record may exist; not universal,YES,Profile override frozen by a development authority before its authority run.,SUFFICIENT_WITH_DEVELOPMENT_SCOPE_LIMITATION,BOUND_BY_EFFECTIVE_CONFIG,FULLY_GROUNDED,NO
R1_CURRENT_STANDARD_V2_20260728,adaptive_conf_step,engineering_or_indirect,unitless,source-defined numeric domain,0.05,INHERITED_DEFAULT_WITH_PROVENANCE,src/pig_behavior/tracking/config.py sha256=52c5f54ad44b6f76a8d143d168bdc942542d5fd263903cbf630f9c58ecf1cdd0,not a separate empirical selection,not separately selected,global profile; not per-video,engineering_or_indirect,not established,YES,Inherited from the hashed TrackingConfig source; no separate sensitivity claim.,PARTIAL_NO_METHOD_SPECIFIC_SENSITIVITY,BOUND_BY_SOURCE_CODE,PARTIALLY_GROUNDED,NO
R1_CURRENT_STANDARD_V2_20260728,allowed_class_name,detection,not applicable,None or source-defined value,null,INHERITED_DEFAULT_WITH_PROVENANCE,src/pig_behavior/tracking/config.py sha256=52c5f54ad44b6f76a8d143d168bdc942542d5fd263903cbf630f9c58ecf1cdd0,not a separate empirical selection,not separately selected,global profile; not per-video,detection,not established,YES,Inherited from the hashed TrackingConfig source; no separate sensitivity claim.,PARTIAL_NO_METHOD_SPECIFIC_SENSITIVITY,BOUND_BY_SOURCE_CODE,PARTIALLY_GROUNDED,NO
R1_CURRENT_STANDARD_V2_20260728,ambiguity_owner_guard,identity_repair,boolean,"{false,true}",false,INHERITED_DEFAULT_WITH_PROVENANCE,src/pig_behavior/tracking/config.py sha256=52c5f54ad44b6f76a8d143d168bdc942542d5fd263903cbf630f9c58ecf1cdd0,not a separate empirical selection,not separately selected,global profile; not per-video,identity_repair,not established,YES,Inherited from the hashed TrackingConfig source; no separate sensitivity claim.,PARTIAL_NO_METHOD_SPECIFIC_SENSITIVITY,BOUND_BY_SOURCE_CODE,PARTIALLY_GROUNDED,NO
R1_CURRENT_STANDARD_V2_20260728,ambiguity_owner_guard_cost_margin,association|identity_repair,unitless,source-defined numeric domain,0.04,INHERITED_DEFAULT_WITH_PROVENANCE,src/pig_behavior/tracking/config.py sha256=52c5f54ad44b6f76a8d143d168bdc942542d5fd263903cbf630f9c58ecf1cdd0,not a separate empirical selection,not separately selected,global profile; not per-video,association|identity_repair,not established,YES,Inherited from the hashed TrackingConfig source; no separate sensitivity claim.,PARTIAL_NO_METHOD_SPECIFIC_SENSITIVITY,BOUND_BY_SOURCE_CODE,PARTIALLY_GROUNDED,NO
R1_CURRENT_STANDARD_V2_20260728,annotations_json,engineering_or_indirect,not applicable,None or source-defined value,null,INHERITED_DEFAULT_WITH_PROVENANCE,src/pig_behavior/tracking/config.py sha256=52c5f54ad44b6f76a8d143d168bdc942542d5fd263903cbf630f9c58ecf1cdd0,not a separate empirical selection,not separately selected,global profile; not per-video,engineering_or_indirect,not established,YES,Inherited from the hashed TrackingConfig source; no separate sensitivity claim.,PARTIAL_NO_METHOD_SPECIFIC_SENSITIVITY,BOUND_BY_SOURCE_CODE,PARTIALLY_GROUNDED,NO
R1_CURRENT_STANDARD_V2_20260728,appearance_hist_foreground_core,association,boolean,"{false,true}",false,INHERITED_DEFAULT_WITH_PROVENANCE,src/pig_behavior/tracking/config.py sha256=52c5f54ad44b6f76a8d143d168bdc942542d5fd263903cbf630f9c58ecf1cdd0,not a separate empirical selection,not separately selected,global profile; not per-video,association,not established,YES,Inherited from the hashed TrackingConfig source; no separate sensitivity claim.,PARTIAL_NO_METHOD_SPECIFIC_SENSITIVITY,BOUND_BY_SOURCE_CODE,PARTIALLY_GROUNDED,NO
R1_CURRENT_STANDARD_V2_20260728,area_occlusion_freeze_frames,Hidden_state|runtime,frames,non-negative integer unless sentinel documented,15,INHERITED_DEFAULT_WITH_PROVENANCE,src/pig_behavior/tracking/config.py sha256=52c5f54ad44b6f76a8d143d168bdc942542d5fd263903cbf630f9c58ecf1cdd0,not a separate empirical selection,not separately selected,global profile; not per-video,Hidden_state|runtime,not established,YES,Inherited from the hashed TrackingConfig source; no separate sensitivity claim.,PARTIAL_NO_METHOD_SPECIFIC_SENSITIVITY,BOUND_BY_SOURCE_CODE,PARTIALLY_GROUNDED,NO
R1_CURRENT_STANDARD_V2_20260728,area_occlusion_shrink_ratio,Hidden_state,unitless,source-defined numeric domain,0.6,INHERITED_DEFAULT_WITH_PROVENANCE,src/pig_behavior/tracking/config.py sha256=52c5f54ad44b6f76a8d143d168bdc942542d5fd263903cbf630f9c58ecf1cdd0,not a separate empirical selection,not separately selected,global profile; not per-video,Hidden_state,not established,YES,Inherited from the hashed TrackingConfig source; no separate sensitivity claim.,PARTIAL_NO_METHOD_SPECIFIC_SENSITIVITY,BOUND_BY_SOURCE_CODE,PARTIALLY_GROUNDED,NO
R1_CURRENT_STANDARD_V2_20260728,association_debug,association,boolean,"{false,true}",false,INHERITED_DEFAULT_WITH_PROVENANCE,src/pig_behavior/tracking/config.py sha256=52c5f54ad44b6f76a8d143d168bdc942542d5fd263903cbf630f9c58ecf1cdd0,not a separate empirical selection,not separately selected,global profile; not per-video,association,not established,YES,Inherited from the hashed TrackingConfig source; no separate sensitivity claim.,PARTIAL_NO_METHOD_SPECIFIC_SENSITIVITY,BOUND_BY_SOURCE_CODE,PARTIALLY_GROUNDED,NO
R1_CURRENT_STANDARD_V2_20260728,causal_hidden_detection_reservation,detection|Hidden_state,boolean,"{false,true}",false,INHERITED_DEFAULT_WITH_PROVENANCE,src/pig_behavior/tracking/config.py sha256=52c5f54ad44b6f76a8d143d168bdc942542d5fd263903cbf630f9c58ecf1cdd0,not a separate empirical selection,not separately selected,global profile; not per-video,detection|Hidden_state,not established,YES,Inherited from the hashed TrackingConfig source; no separate sensitivity claim.,PARTIAL_NO_METHOD_SPECIFIC_SENSITIVITY,BOUND_BY_SOURCE_CODE,PARTIALLY_GROUNDED,NO
R1_CURRENT_STANDARD_V2_20260728,causal_hidden_detection_reservation_allow_visible_hold,detection|Hidden_state,boolean,"{false,true}",false,INHERITED_DEFAULT_WITH_PROVENANCE,src/pig_behavior/tracking/config.py sha256=52c5f54ad44b6f76a8d143d168bdc942542d5fd263903cbf630f9c58ecf1cdd0,not a separate empirical selection,not separately selected,global profile; not per-video,detection|Hidden_state,not established,YES,Inherited from the hashed TrackingConfig source; no separate sensitivity claim.,PARTIAL_NO_METHOD_SPECIFIC_SENSITIVITY,BOUND_BY_SOURCE_CODE,PARTIALLY_GROUNDED,NO
R1_CURRENT_STANDARD_V2_20260728,causal_hidden_detection_reservation_hold_max_claim_cost,detection|association|Hidden_state,unitless,source-defined numeric domain,0.1,INHERITED_DEFAULT_WITH_PROVENANCE,src/pig_behavior/tracking/config.py sha256=52c5f54ad44b6f76a8d143d168bdc942542d5fd263903cbf630f9c58ecf1cdd0,not a separate empirical selection,not separately selected,global profile; not per-video,detection|association|Hidden_state,not established,YES,Inherited from the hashed TrackingConfig source; no separate sensitivity claim.,PARTIAL_NO_METHOD_SPECIFIC_SENSITIVITY,BOUND_BY_SOURCE_CODE,PARTIALLY_GROUNDED,NO
R1_CURRENT_STANDARD_V2_20260728,causal_hidden_detection_reservation_hold_min_gain,detection|Hidden_state,unitless,source-defined numeric domain,0.1,INHERITED_DEFAULT_WITH_PROVENANCE,src/pig_behavior/tracking/config.py sha256=52c5f54ad44b6f76a8d143d168bdc942542d5fd263903cbf630f9c58ecf1cdd0,not a separate empirical selection,not separately selected,global profile; not per-video,detection|Hidden_state,not established,YES,Inherited from the hashed TrackingConfig source; no separate sensitivity claim.,PARTIAL_NO_METHOD_SPECIFIC_SENSITIVITY,BOUND_BY_SOURCE_CODE,PARTIALLY_GROUNDED,NO
R1_CURRENT_STANDARD_V2_20260728,causal_hidden_detection_reservation_hold_min_iom,detection|Hidden_state,unitless,source-defined numeric domain,0.96,INHERITED_DEFAULT_WITH_PROVENANCE,src/pig_behavior/tracking/config.py sha256=52c5f54ad44b6f76a8d143d168bdc942542d5fd263903cbf630f9c58ecf1cdd0,not a separate empirical selection,not separately selected,global profile; not per-video,detection|Hidden_state,not established,YES,Inherited from the hashed TrackingConfig source; no separate sensitivity claim.,PARTIAL_NO_METHOD_SPECIFIC_SENSITIVITY,BOUND_BY_SOURCE_CODE,PARTIALLY_GROUNDED,NO
R1_CURRENT_STANDARD_V2_20260728,causal_hidden_detection_reservation_hold_min_visible_cost,detection|association|Hidden_state,unitless,source-defined numeric domain,0.2,INHERITED_DEFAULT_WITH_PROVENANCE,src/pig_behavior/tracking/config.py sha256=52c5f54ad44b6f76a8d143d168bdc942542d5fd263903cbf630f9c58ecf1cdd0,not a separate empirical selection,not separately selected,global profile; not per-video,detection|association|Hidden_state,not established,YES,Inherited from the hashed TrackingConfig source; no separate sensitivity claim.,PARTIAL_NO_METHOD_SPECIFIC_SENSITIVITY,BOUND_BY_SOURCE_CODE,PARTIALLY_GROUNDED,NO
R1_CURRENT_STANDARD_V2_20260728,causal_hidden_detection_reservation_hold_reserved_reid,detection|Hidden_state,boolean,"{false,true}",false,INHERITED_DEFAULT_WITH_PROVENANCE,src/pig_behavior/tracking/config.py sha256=52c5f54ad44b6f76a8d143d168bdc942542d5fd263903cbf630f9c58ecf1cdd0,not a separate empirical selection,not separately selected,global profile; not per-video,detection|Hidden_state,not established,YES,Inherited from the hashed TrackingConfig source; no separate sensitivity claim.,PARTIAL_NO_METHOD_SPECIFIC_SENSITIVITY,BOUND_BY_SOURCE_CODE,PARTIALLY_GROUNDED,NO
R1_CURRENT_STANDARD_V2_20260728,causal_hidden_detection_reservation_max_alternative_cost,detection|association|Hidden_state,unitless,source-defined numeric domain,0.78,INHERITED_DEFAULT_WITH_PROVENANCE,src/pig_behavior/tracking/config.py sha256=52c5f54ad44b6f76a8d143d168bdc942542d5fd263903cbf630f9c58ecf1cdd0,not a separate empirical selection,not separately selected,global profile; not per-video,detection|association|Hidden_state,not established,YES,Inherited from the hashed TrackingConfig source; no separate sensitivity claim.,PARTIAL_NO_METHOD_SPECIFIC_SENSITIVITY,BOUND_BY_SOURCE_CODE,PARTIALLY_GROUNDED,NO
R1_CURRENT_STANDARD_V2_20260728,causal_hidden_detection_reservation_max_center_distance,detection|Hidden_state,unitless,source-defined numeric domain,0.09,INHERITED_DEFAULT_WITH_PROVENANCE,src/pig_behavior/tracking/config.py sha256=52c5f54ad44b6f76a8d143d168bdc942542d5fd263903cbf630f9c58ecf1cdd0,not a separate empirical selection,not separately selected,global profile; not per-video,detection|Hidden_state,not established,YES,Inherited from the hashed TrackingConfig source; no separate sensitivity claim.,PARTIAL_NO_METHOD_SPECIFIC_SENSITIVITY,BOUND_BY_SOURCE_CODE,PARTIALLY_GROUNDED,NO
R1_CURRENT_STANDARD_V2_20260728,causal_hidden_detection_reservation_max_claim_cost,detection|association|Hidden_state,unitless,source-defined numeric domain,0.25,INHERITED_DEFAULT_WITH_PROVENANCE,src/pig_behavior/tracking/config.py sha256=52c5f54ad44b6f76a8d143d168bdc942542d5fd263903cbf630f9c58ecf1cdd0,not a separate empirical selection,not separately selected,global profile; not per-video,detection|association|Hidden_state,not established,YES,Inherited from the hashed TrackingConfig source; no separate sensitivity claim.,PARTIAL_NO_METHOD_SPECIFIC_SENSITIVITY,BOUND_BY_SOURCE_CODE,PARTIALLY_GROUNDED,NO
R1_CURRENT_STANDARD_V2_20260728,causal_hidden_detection_reservation_max_missed,detection|lifecycle|Hidden_state,frames,non-negative integer unless sentinel documented,5,INHERITED_DEFAULT_WITH_PROVENANCE,src/pig_behavior/tracking/config.py sha256=52c5f54ad44b6f76a8d143d168bdc942542d5fd263903cbf630f9c58ecf1cdd0,not a separate empirical selection,not separately selected,global profile; not per-video,detection|lifecycle|Hidden_state,not established,YES,Inherited from the hashed TrackingConfig source; no separate sensitivity claim.,PARTIAL_NO_METHOD_SPECIFIC_SENSITIVITY,BOUND_BY_SOURCE_CODE,PARTIALLY_GROUNDED,NO
R1_CURRENT_STANDARD_V2_20260728,causal_hidden_detection_reservation_min_gain,detection|Hidden_state,unitless,source-defined numeric domain,0.08,INHERITED_DEFAULT_WITH_PROVENANCE,src/pig_behavior/tracking/config.py sha256=52c5f54ad44b6f76a8d143d168bdc942542d5fd263903cbf630f9c58ecf1cdd0,not a separate empirical selection,not separately selected,global profile; not per-video,detection|Hidden_state,not established,YES,Inherited from the hashed TrackingConfig source; no separate sensitivity claim.,PARTIAL_NO_METHOD_SPECIFIC_SENSITIVITY,BOUND_BY_SOURCE_CODE,PARTIALLY_GROUNDED,NO
R1_CURRENT_STANDARD_V2_20260728,causal_hidden_detection_reservation_min_iom,detection|Hidden_state,unitless,source-defined numeric domain,0.55,INHERITED_DEFAULT_WITH_PROVENANCE,src/pig_behavior/tracking/config.py sha256=52c5f54ad44b6f76a8d143d168bdc942542d5fd263903cbf630f9c58ecf1cdd0,not a separate empirical selection,not separately selected,global profile; not per-video,detection|Hidden_state,not established,YES,Inherited from the hashed TrackingConfig source; no separate sensitivity claim.,PARTIAL_NO_METHOD_SPECIFIC_SENSITIVITY,BOUND_BY_SOURCE_CODE,PARTIALLY_GROUNDED,NO
R1_CURRENT_STANDARD_V2_20260728,class_id,detection,not applicable,None or source-defined value,null,DATA_SCHEMA_CONSTRAINT,src/pig_behavior/tracking/config.py sha256=52c5f54ad44b6f76a8d143d168bdc942542d5fd263903cbf630f9c58ecf1cdd0,not a separate empirical selection,not separately selected,global profile; not per-video,detection,not established,YES,Bound to the repository data/cache/export schema.,SUFFICIENT,BOUND_BY_SOURCE_CODE,FULLY_GROUNDED,NO
R1_CURRENT_STANDARD_V2_20260728,clean_coco_annotations_json,engineering_or_indirect,not applicable,None or source-defined value,null,INHERITED_DEFAULT_WITH_PROVENANCE,src/pig_behavior/tracking/config.py sha256=52c5f54ad44b6f76a8d143d168bdc942542d5fd263903cbf630f9c58ecf1cdd0,not a separate empirical selection,not separately selected,global profile; not per-video,engineering_or_indirect,not established,YES,Inherited from the hashed TrackingConfig source; no separate sensitivity claim.,PARTIAL_NO_METHOD_SPECIFIC_SENSITIVITY,BOUND_BY_SOURCE_CODE,PARTIALLY_GROUNDED,NO
R1_CURRENT_STANDARD_V2_20260728,coco_annotations_json,engineering_or_indirect,not applicable,None or source-defined value,null,INHERITED_DEFAULT_WITH_PROVENANCE,src/pig_behavior/tracking/config.py sha256=52c5f54ad44b6f76a8d143d168bdc942542d5fd263903cbf630f9c58ecf1cdd0,not a separate empirical selection,not separately selected,global profile; not per-video,engineering_or_indirect,not established,YES,Inherited from the hashed TrackingConfig source; no separate sensitivity claim.,PARTIAL_NO_METHOD_SPECIFIC_SENSITIVITY,BOUND_BY_SOURCE_CODE,PARTIALLY_GROUNDED,NO
R1_CURRENT_STANDARD_V2_20260728,conf,engineering_or_indirect,not applicable,None or source-defined value,null,INHERITED_DEFAULT_WITH_PROVENANCE,src/pig_behavior/tracking/config.py sha256=52c5f54ad44b6f76a8d143d168bdc942542d5fd263903cbf630f9c58ecf1cdd0,not a separate empirical selection,not separately selected,global profile; not per-video,engineering_or_indirect,not established,YES,Inherited from the hashed TrackingConfig source; no separate sensitivity claim.,PARTIAL_NO_METHOD_SPECIFIC_SENSITIVITY,BOUND_BY_SOURCE_CODE,PARTIALLY_GROUNDED,NO
R1_CURRENT_STANDARD_V2_20260728,cvat_video_xml,runtime,not applicable,None or source-defined value,null,INHERITED_DEFAULT_WITH_PROVENANCE,src/pig_behavior/tracking/config.py sha256=52c5f54ad44b6f76a8d143d168bdc942542d5fd263903cbf630f9c58ecf1cdd0,not a separate empirical selection,not separately selected,global profile; not per-video,runtime,not established,YES,Inherited from the hashed TrackingConfig source; no separate sensitivity claim.,PARTIAL_NO_METHOD_SPECIFIC_SENSITIVITY,BOUND_BY_SOURCE_CODE,PARTIALLY_GROUNDED,NO
R1_CURRENT_STANDARD_V2_20260728,default_behavior,engineering_or_indirect,categorical/path,source-defined allowed values,"""lying""",INHERITED_DEFAULT_WITH_PROVENANCE,src/pig_behavior/tracking/config.py sha256=52c5f54ad44b6f76a8d143d168bdc942542d5fd263903cbf630f9c58ecf1cdd0,not a separate empirical selection,not separately selected,global profile; not per-video,engineering_or_indirect,not established,YES,Inherited from the hashed TrackingConfig source; no separate sensitivity claim.,PARTIAL_NO_METHOD_SPECIFIC_SENSITIVITY,BOUND_BY_SOURCE_CODE,PARTIALLY_GROUNDED,NO
R1_CURRENT_STANDARD_V2_20260728,det_conf,detection,unitless ratio,"[0,1] unless source contract states otherwise",0.25,PREDECLARED_DEVELOPMENT_SELECTION,src/pig_behavior/tracking/profiles/rf_hybrid_offline.py sha256=bc7c20c21bf6ce283fb8f0ba34b36705805a52591b705a16c81f9014bb755ce9,13-video development evidence,frozen before authority execution; earlier development data visible,global profile; not per-video,detection,authority/ablation record may exist; not universal,YES,Profile override frozen by a development authority before its authority run.,SUFFICIENT_WITH_DEVELOPMENT_SCOPE_LIMITATION,BOUND_BY_EFFECTIVE_CONFIG,FULLY_GROUNDED,NO
R1_CURRENT_STANDARD_V2_20260728,detect_every_n_frames,detection|runtime,frames,non-negative integer unless sentinel documented,2,PREDECLARED_DEVELOPMENT_SELECTION,src/pig_behavior/tracking/profiles/rf_hybrid_offline.py sha256=bc7c20c21bf6ce283fb8f0ba34b36705805a52591b705a16c81f9014bb755ce9,13-video development evidence,frozen before authority execution; earlier development data visible,global profile; not per-video,detection|runtime,authority/ablation record may exist; not universal,YES,Profile override frozen by a development authority before its authority run.,SUFFICIENT_WITH_DEVELOPMENT_SCOPE_LIMITATION,BOUND_BY_EFFECTIVE_CONFIG,FULLY_GROUNDED,NO
R1_CURRENT_STANDARD_V2_20260728,device,runtime,not applicable,None or source-defined value,null,HARDWARE_OR_RUNTIME_CONSTRAINT,src/pig_behavior/tracking/config.py sha256=52c5f54ad44b6f76a8d143d168bdc942542d5fd263903cbf630f9c58ecf1cdd0,not a separate empirical selection,not separately selected,global profile; not per-video,runtime,not established,YES,Execution/safety constraint rather than a quality claim.,SUFFICIENT,BOUND_BY_SOURCE_CODE,FULLY_GROUNDED,NO
R1_CURRENT_STANDARD_V2_20260728,directional_y_margin_px,engineering_or_indirect,unitless,source-defined numeric domain,5.0,INHERITED_DEFAULT_WITH_PROVENANCE,src/pig_behavior/tracking/config.py sha256=52c5f54ad44b6f76a8d143d168bdc942542d5fd263903cbf630f9c58ecf1cdd0,not a separate empirical selection,not separately selected,global profile; not per-video,engineering_or_indirect,not established,YES,Inherited from the hashed TrackingConfig source; no separate sensitivity claim.,PARTIAL_NO_METHOD_SPECIFIC_SENSITIVITY,BOUND_BY_SOURCE_CODE,PARTIALLY_GROUNDED,NO
R1_CURRENT_STANDARD_V2_20260728,directional_y_penalty_weight,engineering_or_indirect,unitless,source-defined numeric domain,0.12,INHERITED_DEFAULT_WITH_PROVENANCE,src/pig_behavior/tracking/config.py sha256=52c5f54ad44b6f76a8d143d168bdc942542d5fd263903cbf630f9c58ecf1cdd0,not a separate empirical selection,not separately selected,global profile; not per-video,engineering_or_indirect,not established,YES,Inherited from the hashed TrackingConfig source; no separate sensitivity claim.,PARTIAL_NO_METHOD_SPECIFIC_SENSITIVITY,BOUND_BY_SOURCE_CODE,PARTIALLY_GROUNDED,NO
R1_CURRENT_STANDARD_V2_20260728,directional_y_prior,engineering_or_indirect,boolean,"{false,true}",true,INHERITED_DEFAULT_WITH_PROVENANCE,src/pig_behavior/tracking/config.py sha256=52c5f54ad44b6f76a8d143d168bdc942542d5fd263903cbf630f9c58ecf1cdd0,not a separate empirical selection,not separately selected,global profile; not per-video,engineering_or_indirect,not established,YES,Inherited from the hashed TrackingConfig source; no separate sensitivity claim.,PARTIAL_NO_METHOD_SPECIFIC_SENSITIVITY,BOUND_BY_SOURCE_CODE,PARTIALLY_GROUNDED,NO
R1_CURRENT_STANDARD_V2_20260728,directional_y_velocity_epsilon_px,engineering_or_indirect,unitless,source-defined numeric domain,3.0,INHERITED_DEFAULT_WITH_PROVENANCE,src/pig_behavior/tracking/config.py sha256=52c5f54ad44b6f76a8d143d168bdc942542d5fd263903cbf630f9c58ecf1cdd0,not a separate empirical selection,not separately selected,global profile; not per-video,engineering_or_indirect,not established,YES,Inherited from the hashed TrackingConfig source; no separate sensitivity claim.,PARTIAL_NO_METHOD_SPECIFIC_SENSITIVITY,BOUND_BY_SOURCE_CODE,PARTIALLY_GROUNDED,NO
R1_CURRENT_STANDARD_V2_20260728,display_inline,engineering_or_indirect,boolean,"{false,true}",false,INHERITED_DEFAULT_WITH_PROVENANCE,src/pig_behavior/tracking/config.py sha256=52c5f54ad44b6f76a8d143d168bdc942542d5fd263903cbf630f9c58ecf1cdd0,not a separate empirical selection,not separately selected,global profile; not per-video,engineering_or_indirect,not established,YES,Inherited from the hashed TrackingConfig source; no separate sensitivity claim.,PARTIAL_NO_METHOD_SPECIFIC_SENSITIVITY,BOUND_BY_SOURCE_CODE,PARTIALLY_GROUNDED,NO
R1_CURRENT_STANDARD_V2_20260728,draw_mask_outline,detection,boolean,"{false,true}",true,INHERITED_DEFAULT_WITH_PROVENANCE,src/pig_behavior/tracking/config.py sha256=52c5f54ad44b6f76a8d143d168bdc942542d5fd263903cbf630f9c58ecf1cdd0,not a separate empirical selection,not separately selected,global profile; not per-video,detection,not established,YES,Inherited from the hashed TrackingConfig source; no separate sensitivity claim.,PARTIAL_NO_METHOD_SPECIFIC_SENSITIVITY,BOUND_BY_SOURCE_CODE,PARTIALLY_GROUNDED,NO
R1_CURRENT_STANDARD_V2_20260728,dup_area_ratio_threshold,engineering_or_indirect,unitless,source-defined numeric domain,0.8,INHERITED_DEFAULT_WITH_PROVENANCE,src/pig_behavior/tracking/config.py sha256=52c5f54ad44b6f76a8d143d168bdc942542d5fd263903cbf630f9c58ecf1cdd0,not a separate empirical selection,not separately selected,global profile; not per-video,engineering_or_indirect,not established,YES,Inherited from the hashed TrackingConfig source; no separate sensitivity claim.,PARTIAL_NO_METHOD_SPECIFIC_SENSITIVITY,BOUND_BY_SOURCE_CODE,PARTIALLY_GROUNDED,NO
R1_CURRENT_STANDARD_V2_20260728,dup_center_threshold,engineering_or_indirect,unitless,source-defined numeric domain,0.35,INHERITED_DEFAULT_WITH_PROVENANCE,src/pig_behavior/tracking/config.py sha256=52c5f54ad44b6f76a8d143d168bdc942542d5fd263903cbf630f9c58ecf1cdd0,not a separate empirical selection,not separately selected,global profile; not per-video,engineering_or_indirect,not established,YES,Inherited from the hashed TrackingConfig source; no separate sensitivity claim.,PARTIAL_NO_METHOD_SPECIFIC_SENSITIVITY,BOUND_BY_SOURCE_CODE,PARTIALLY_GROUNDED,NO
R1_CURRENT_STANDARD_V2_20260728,dup_containment_threshold,engineering_or_indirect,unitless,source-defined numeric domain,0.85,INHERITED_DEFAULT_WITH_PROVENANCE,src/pig_behavior/tracking/config.py sha256=52c5f54ad44b6f76a8d143d168bdc942542d5fd263903cbf630f9c58ecf1cdd0,not a separate empirical selection,not separately selected,global profile; not per-video,engineering_or_indirect,not established,YES,Inherited from the hashed TrackingConfig source; no separate sensitivity claim.,PARTIAL_NO_METHOD_SPECIFIC_SENSITIVITY,BOUND_BY_SOURCE_CODE,PARTIALLY_GROUNDED,NO
R1_CURRENT_STANDARD_V2_20260728,dup_iou_threshold,association,unitless ratio,"[0,1] unless source contract states otherwise",0.6,INHERITED_DEFAULT_WITH_PROVENANCE,src/pig_behavior/tracking/config.py sha256=52c5f54ad44b6f76a8d143d168bdc942542d5fd263903cbf630f9c58ecf1cdd0,not a separate empirical selection,not separately selected,global profile; not per-video,association,not established,YES,Inherited from the hashed TrackingConfig source; no separate sensitivity claim.,PARTIAL_NO_METHOD_SPECIFIC_SENSITIVITY,BOUND_BY_SOURCE_CODE,PARTIALLY_GROUNDED,NO
R1_CURRENT_STANDARD_V2_20260728,emit_hidden_tracks,Hidden_state,boolean,"{false,true}",true,INHERITED_DEFAULT_WITH_PROVENANCE,src/pig_behavior/tracking/config.py sha256=52c5f54ad44b6f76a8d143d168bdc942542d5fd263903cbf630f9c58ecf1cdd0,not a separate empirical selection,not separately selected,global profile; not per-video,Hidden_state,not established,YES,Inherited from the hashed TrackingConfig source; no separate sensitivity claim.,PARTIAL_NO_METHOD_SPECIFIC_SENSITIVITY,BOUND_BY_SOURCE_CODE,PARTIALLY_GROUNDED,NO
R1_CURRENT_STANDARD_V2_20260728,enable_offline_smoothing,bbox_geometry,boolean,"{false,true}",false,PREDECLARED_DEVELOPMENT_SELECTION,src/pig_behavior/tracking/profiles/rf_hybrid_offline.py sha256=bc7c20c21bf6ce283fb8f0ba34b36705805a52591b705a16c81f9014bb755ce9,13-video development evidence,frozen before authority execution; earlier development data visible,global profile; not per-video,bbox_geometry,authority/ablation record may exist; not universal,YES,Profile override frozen by a development authority before its authority run.,SUFFICIENT_WITH_DEVELOPMENT_SCOPE_LIMITATION,BOUND_BY_EFFECTIVE_CONFIG,FULLY_GROUNDED,NO
R1_CURRENT_STANDARD_V2_20260728,episode_pair_swap_anchor_window_frames,identity_repair|runtime,frames,non-negative integer unless sentinel documented,8,INHERITED_DEFAULT_WITH_PROVENANCE,src/pig_behavior/tracking/config.py sha256=52c5f54ad44b6f76a8d143d168bdc942542d5fd263903cbf630f9c58ecf1cdd0,not a separate empirical selection,not separately selected,global profile; not per-video,identity_repair|runtime,not established,YES,Inherited from the hashed TrackingConfig source; no separate sensitivity claim.,PARTIAL_NO_METHOD_SPECIFIC_SENSITIVITY,BOUND_BY_SOURCE_CODE,PARTIALLY_GROUNDED,NO
R1_CURRENT_STANDARD_V2_20260728,episode_pair_swap_max_frames,identity_repair|runtime,frames,non-negative integer unless sentinel documented,12,HARDWARE_OR_RUNTIME_CONSTRAINT,src/pig_behavior/tracking/config.py sha256=52c5f54ad44b6f76a8d143d168bdc942542d5fd263903cbf630f9c58ecf1cdd0,not a separate empirical selection,not separately selected,global profile; not per-video,identity_repair|runtime,not established,YES,Execution/safety constraint rather than a quality claim.,SUFFICIENT,BOUND_BY_SOURCE_CODE,FULLY_GROUNDED,NO
R1_CURRENT_STANDARD_V2_20260728,episode_pair_swap_min_motion_gain,identity_repair,unitless,source-defined numeric domain,0.1,INHERITED_DEFAULT_WITH_PROVENANCE,src/pig_behavior/tracking/config.py sha256=52c5f54ad44b6f76a8d143d168bdc942542d5fd263903cbf630f9c58ecf1cdd0,not a separate empirical selection,not separately selected,global profile; not per-video,identity_repair,not established,YES,Inherited from the hashed TrackingConfig source; no separate sensitivity claim.,PARTIAL_NO_METHOD_SPECIFIC_SENSITIVITY,BOUND_BY_SOURCE_CODE,PARTIALLY_GROUNDED,NO
R1_CURRENT_STANDARD_V2_20260728,episode_pair_swap_min_overlap_iou,association|identity_repair,unitless ratio,"[0,1] unless source contract states otherwise",0.2,INHERITED_DEFAULT_WITH_PROVENANCE,src/pig_behavior/tracking/config.py sha256=52c5f54ad44b6f76a8d143d168bdc942542d5fd263903cbf630f9c58ecf1cdd0,not a separate empirical selection,not separately selected,global profile; not per-video,association|identity_repair,not established,YES,Inherited from the hashed TrackingConfig source; no separate sensitivity claim.,PARTIAL_NO_METHOD_SPECIFIC_SENSITIVITY,BOUND_BY_SOURCE_CODE,PARTIALLY_GROUNDED,NO
R1_CURRENT_STANDARD_V2_20260728,episode_pair_swap_repair,identity_repair,boolean,"{false,true}",false,INHERITED_DEFAULT_WITH_PROVENANCE,src/pig_behavior/tracking/config.py sha256=52c5f54ad44b6f76a8d143d168bdc942542d5fd263903cbf630f9c58ecf1cdd0,not a separate empirical selection,not separately selected,global profile; not per-video,identity_repair,not established,YES,Inherited from the hashed TrackingConfig source; no separate sensitivity claim.,PARTIAL_NO_METHOD_SPECIFIC_SENSITIVITY,BOUND_BY_SOURCE_CODE,PARTIALLY_GROUNDED,NO
R1_CURRENT_STANDARD_V2_20260728,expected_pigs,engineering_or_indirect,count,source-defined integer domain,8,ORIGINAL_METHOD_SPECIFICATION,src/pig_behavior/tracking/config.py sha256=52c5f54ad44b6f76a8d143d168bdc942542d5fd263903cbf630f9c58ecf1cdd0,not a separate empirical selection,not separately selected,global profile; not per-video,engineering_or_indirect,not established,YES,Defines the method family or locked eight-animal task.,SUFFICIENT,BOUND_BY_SOURCE_CODE,FULLY_GROUNDED,NO
R1_CURRENT_STANDARD_V2_20260728,far_camera_hidden_geometry_max_center_shift,Hidden_state|bbox_geometry,unitless,source-defined numeric domain,0.12,INHERITED_DEFAULT_WITH_PROVENANCE,src/pig_behavior/tracking/config.py sha256=52c5f54ad44b6f76a8d143d168bdc942542d5fd263903cbf630f9c58ecf1cdd0,not a separate empirical selection,not separately selected,global profile; not per-video,Hidden_state|bbox_geometry,not established,YES,Inherited from the hashed TrackingConfig source; no separate sensitivity claim.,PARTIAL_NO_METHOD_SPECIFIC_SENSITIVITY,BOUND_BY_SOURCE_CODE,PARTIALLY_GROUNDED,NO
R1_CURRENT_STANDARD_V2_20260728,far_camera_hidden_geometry_max_future_gap_frames,Hidden_state|bbox_geometry|runtime,frames,non-negative integer unless sentinel documented,15,INHERITED_DEFAULT_WITH_PROVENANCE,src/pig_behavior/tracking/config.py sha256=52c5f54ad44b6f76a8d143d168bdc942542d5fd263903cbf630f9c58ecf1cdd0,not a separate empirical selection,not separately selected,global profile; not per-video,Hidden_state|bbox_geometry|runtime,not established,YES,Inherited from the hashed TrackingConfig source; no separate sensitivity claim.,PARTIAL_NO_METHOD_SPECIFIC_SENSITIVITY,BOUND_BY_SOURCE_CODE,PARTIALLY_GROUNDED,NO
R1_CURRENT_STANDARD_V2_20260728,far_camera_hidden_geometry_min_height_excess,Hidden_state|bbox_geometry,unitless,source-defined numeric domain,0.15,INHERITED_DEFAULT_WITH_PROVENANCE,src/pig_behavior/tracking/config.py sha256=52c5f54ad44b6f76a8d143d168bdc942542d5fd263903cbf630f9c58ecf1cdd0,not a separate empirical selection,not separately selected,global profile; not per-video,Hidden_state|bbox_geometry,not established,YES,Inherited from the hashed TrackingConfig source; no separate sensitivity claim.,PARTIAL_NO_METHOD_SPECIFIC_SENSITIVITY,BOUND_BY_SOURCE_CODE,PARTIALLY_GROUNDED,NO
R1_CURRENT_STANDARD_V2_20260728,far_camera_hidden_geometry_min_overlap_reduction,Hidden_state|bbox_geometry,unitless,source-defined numeric domain,0.1,INHERITED_DEFAULT_WITH_PROVENANCE,src/pig_behavior/tracking/config.py sha256=52c5f54ad44b6f76a8d143d168bdc942542d5fd263903cbf630f9c58ecf1cdd0,not a separate empirical selection,not separately selected,global profile; not per-video,Hidden_state|bbox_geometry,not established,YES,Inherited from the hashed TrackingConfig source; no separate sensitivity claim.,PARTIAL_NO_METHOD_SPECIFIC_SENSITIVITY,BOUND_BY_SOURCE_CODE,PARTIALLY_GROUNDED,NO
R1_CURRENT_STANDARD_V2_20260728,far_camera_hidden_geometry_min_visible_overlap_iou,association|Hidden_state|bbox_geometry,unitless ratio,"[0,1] unless source contract states otherwise",0.65,INHERITED_DEFAULT_WITH_PROVENANCE,src/pig_behavior/tracking/config.py sha256=52c5f54ad44b6f76a8d143d168bdc942542d5fd263903cbf630f9c58ecf1cdd0,not a separate empirical selection,not separately selected,global profile; not per-video,association|Hidden_state|bbox_geometry,not established,YES,Inherited from the hashed TrackingConfig source; no separate sensitivity claim.,PARTIAL_NO_METHOD_SPECIFIC_SENSITIVITY,BOUND_BY_SOURCE_CODE,PARTIALLY_GROUNDED,NO
R1_CURRENT_STANDARD_V2_20260728,far_camera_hidden_geometry_original_weight,Hidden_state|bbox_geometry,unitless,source-defined numeric domain,0.1,INHERITED_DEFAULT_WITH_PROVENANCE,src/pig_behavior/tracking/config.py sha256=52c5f54ad44b6f76a8d143d168bdc942542d5fd263903cbf630f9c58ecf1cdd0,not a separate empirical selection,not separately selected,global profile; not per-video,Hidden_state|bbox_geometry,not established,YES,Inherited from the hashed TrackingConfig source; no separate sensitivity claim.,PARTIAL_NO_METHOD_SPECIFIC_SENSITIVITY,BOUND_BY_SOURCE_CODE,PARTIALLY_GROUNDED,NO
R1_CURRENT_STANDARD_V2_20260728,far_camera_hidden_geometry_refine,Hidden_state|bbox_geometry,boolean,"{false,true}",false,INHERITED_DEFAULT_WITH_PROVENANCE,src/pig_behavior/tracking/config.py sha256=52c5f54ad44b6f76a8d143d168bdc942542d5fd263903cbf630f9c58ecf1cdd0,not a separate empirical selection,not separately selected,global profile; not per-video,Hidden_state|bbox_geometry,not established,YES,Inherited from the hashed TrackingConfig source; no separate sensitivity claim.,PARTIAL_NO_METHOD_SPECIFIC_SENSITIVITY,BOUND_BY_SOURCE_CODE,PARTIALLY_GROUNDED,NO
R1_CURRENT_STANDARD_V2_20260728,far_camera_hidden_geometry_x_threshold,Hidden_state|bbox_geometry,unitless,source-defined numeric domain,0.67,INHERITED_DEFAULT_WITH_PROVENANCE,src/pig_behavior/tracking/config.py sha256=52c5f54ad44b6f76a8d143d168bdc942542d5fd263903cbf630f9c58ecf1cdd0,not a separate empirical selection,not separately selected,global profile; not per-video,Hidden_state|bbox_geometry,not established,YES,Inherited from the hashed TrackingConfig source; no separate sensitivity claim.,PARTIAL_NO_METHOD_SPECIFIC_SENSITIVITY,BOUND_BY_SOURCE_CODE,PARTIALLY_GROUNDED,NO
R1_CURRENT_STANDARD_V2_20260728,freeze_identity_in_occlusion,Hidden_state,boolean,"{false,true}",true,INHERITED_DEFAULT_WITH_PROVENANCE,src/pig_behavior/tracking/config.py sha256=52c5f54ad44b6f76a8d143d168bdc942542d5fd263903cbf630f9c58ecf1cdd0,not a separate empirical selection,not separately selected,global profile; not per-video,Hidden_state,not established,YES,Inherited from the hashed TrackingConfig source; no separate sensitivity claim.,PARTIAL_NO_METHOD_SPECIFIC_SENSITIVITY,BOUND_BY_SOURCE_CODE,PARTIALLY_GROUNDED,NO
R1_CURRENT_STANDARD_V2_20260728,half,runtime,boolean,"{false,true}",false,HARDWARE_OR_RUNTIME_CONSTRAINT,src/pig_behavior/tracking/config.py sha256=52c5f54ad44b6f76a8d143d168bdc942542d5fd263903cbf630f9c58ecf1cdd0,not a separate empirical selection,not separately selected,global profile; not per-video,runtime,not established,YES,Execution/safety constraint rather than a quality claim.,SUFFICIENT,BOUND_BY_SOURCE_CODE,FULLY_GROUNDED,NO
R1_CURRENT_STANDARD_V2_20260728,hard_occlusion_detection_iom_threshold,detection|Hidden_state,unitless,source-defined numeric domain,0.45,INHERITED_DEFAULT_WITH_PROVENANCE,src/pig_behavior/tracking/config.py sha256=52c5f54ad44b6f76a8d143d168bdc942542d5fd263903cbf630f9c58ecf1cdd0,not a separate empirical selection,not separately selected,global profile; not per-video,detection|Hidden_state,not established,YES,Inherited from the hashed TrackingConfig source; no separate sensitivity claim.,PARTIAL_NO_METHOD_SPECIFIC_SENSITIVITY,BOUND_BY_SOURCE_CODE,PARTIALLY_GROUNDED,NO
R1_CURRENT_STANDARD_V2_20260728,hard_occlusion_min_frames,Hidden_state|runtime,frames,non-negative integer unless sentinel documented,2,INHERITED_DEFAULT_WITH_PROVENANCE,src/pig_behavior/tracking/config.py sha256=52c5f54ad44b6f76a8d143d168bdc942542d5fd263903cbf630f9c58ecf1cdd0,not a separate empirical selection,not separately selected,global profile; not per-video,Hidden_state|runtime,not established,YES,Inherited from the hashed TrackingConfig source; no separate sensitivity claim.,PARTIAL_NO_METHOD_SPECIFIC_SENSITIVITY,BOUND_BY_SOURCE_CODE,PARTIALLY_GROUNDED,NO
R1_CURRENT_STANDARD_V2_20260728,hard_occlusion_recovery_frames,Hidden_state|runtime,frames,non-negative integer unless sentinel documented,10,INHERITED_DEFAULT_WITH_PROVENANCE,src/pig_behavior/tracking/config.py sha256=52c5f54ad44b6f76a8d143d168bdc942542d5fd263903cbf630f9c58ecf1cdd0,not a separate empirical selection,not separately selected,global profile; not per-video,Hidden_state|runtime,not established,YES,Inherited from the hashed TrackingConfig source; no separate sensitivity claim.,PARTIAL_NO_METHOD_SPECIFIC_SENSITIVITY,BOUND_BY_SOURCE_CODE,PARTIALLY_GROUNDED,NO
R1_CURRENT_STANDARD_V2_20260728,hard_occlusion_score_threshold,Hidden_state,unitless,source-defined numeric domain,0.65,INHERITED_DEFAULT_WITH_PROVENANCE,src/pig_behavior/tracking/config.py sha256=52c5f54ad44b6f76a8d143d168bdc942542d5fd263903cbf630f9c58ecf1cdd0,not a separate empirical selection,not separately selected,global profile; not per-video,Hidden_state,not established,YES,Inherited from the hashed TrackingConfig source; no separate sensitivity claim.,PARTIAL_NO_METHOD_SPECIFIC_SENSITIVITY,BOUND_BY_SOURCE_CODE,PARTIALLY_GROUNDED,NO
R1_CURRENT_STANDARD_V2_20260728,hard_occlusion_track_iom_threshold,Hidden_state,unitless,source-defined numeric domain,0.35,INHERITED_DEFAULT_WITH_PROVENANCE,src/pig_behavior/tracking/config.py sha256=52c5f54ad44b6f76a8d143d168bdc942542d5fd263903cbf630f9c58ecf1cdd0,not a separate empirical selection,not separately selected,global profile; not per-video,Hidden_state,not established,YES,Inherited from the hashed TrackingConfig source; no separate sensitivity claim.,PARTIAL_NO_METHOD_SPECIFIC_SENSITIVITY,BOUND_BY_SOURCE_CODE,PARTIALLY_GROUNDED,NO
R1_CURRENT_STANDARD_V2_20260728,hidden_acceleration_alpha,Hidden_state|evaluator_only,unitless,source-defined numeric domain,0.35,INHERITED_DEFAULT_WITH_PROVENANCE,src/pig_behavior/tracking/config.py sha256=52c5f54ad44b6f76a8d143d168bdc942542d5fd263903cbf630f9c58ecf1cdd0,not a separate empirical selection,not separately selected,global profile; not per-video,Hidden_state|evaluator_only,not established,YES,Inherited from the hashed TrackingConfig source; no separate sensitivity claim.,PARTIAL_NO_METHOD_SPECIFIC_SENSITIVITY,BOUND_BY_SOURCE_CODE,PARTIALLY_GROUNDED,NO
R1_CURRENT_STANDARD_V2_20260728,hidden_max_motion_step_box_scale,Hidden_state|bbox_geometry,unitless,source-defined numeric domain,1.5,INHERITED_DEFAULT_WITH_PROVENANCE,src/pig_behavior/tracking/config.py sha256=52c5f54ad44b6f76a8d143d168bdc942542d5fd263903cbf630f9c58ecf1cdd0,not a separate empirical selection,not separately selected,global profile; not per-video,Hidden_state|bbox_geometry,not established,YES,Inherited from the hashed TrackingConfig source; no separate sensitivity claim.,PARTIAL_NO_METHOD_SPECIFIC_SENSITIVITY,BOUND_BY_SOURCE_CODE,PARTIALLY_GROUNDED,NO
R1_CURRENT_STANDARD_V2_20260728,hidden_min_motion_history,Hidden_state,count,source-defined integer domain,4,INHERITED_DEFAULT_WITH_PROVENANCE,src/pig_behavior/tracking/config.py sha256=52c5f54ad44b6f76a8d143d168bdc942542d5fd263903cbf630f9c58ecf1cdd0,not a separate empirical selection,not separately selected,global profile; not per-video,Hidden_state,not established,YES,Inherited from the hashed TrackingConfig source; no separate sensitivity claim.,PARTIAL_NO_METHOD_SPECIFIC_SENSITIVITY,BOUND_BY_SOURCE_CODE,PARTIALLY_GROUNDED,NO
R1_CURRENT_STANDARD_V2_20260728,hidden_missed_frames,lifecycle|Hidden_state|runtime,frames,non-negative integer unless sentinel documented,5,INHERITED_DEFAULT_WITH_PROVENANCE,src/pig_behavior/tracking/config.py sha256=52c5f54ad44b6f76a8d143d168bdc942542d5fd263903cbf630f9c58ecf1cdd0,not a separate empirical selection,not separately selected,global profile; not per-video,lifecycle|Hidden_state|runtime,not established,YES,Inherited from the hashed TrackingConfig source; no separate sensitivity claim.,PARTIAL_NO_METHOD_SPECIFIC_SENSITIVITY,BOUND_BY_SOURCE_CODE,PARTIALLY_GROUNDED,NO
R1_CURRENT_STANDARD_V2_20260728,hidden_motion_consistency,Hidden_state,unitless,source-defined numeric domain,0.55,INHERITED_DEFAULT_WITH_PROVENANCE,src/pig_behavior/tracking/config.py sha256=52c5f54ad44b6f76a8d143d168bdc942542d5fd263903cbf630f9c58ecf1cdd0,not a separate empirical selection,not separately selected,global profile; not per-video,Hidden_state,not established,YES,Inherited from the hashed TrackingConfig source; no separate sensitivity claim.,PARTIAL_NO_METHOD_SPECIFIC_SENSITIVITY,BOUND_BY_SOURCE_CODE,PARTIALLY_GROUNDED,NO
R1_CURRENT_STANDARD_V2_20260728,hidden_motion_history,Hidden_state,count,source-defined integer domain,8,INHERITED_DEFAULT_WITH_PROVENANCE,src/pig_behavior/tracking/config.py sha256=52c5f54ad44b6f76a8d143d168bdc942542d5fd263903cbf630f9c58ecf1cdd0,not a separate empirical selection,not separately selected,global profile; not per-video,Hidden_state,not established,YES,Inherited from the hashed TrackingConfig source; no separate sensitivity claim.,PARTIAL_NO_METHOD_SPECIFIC_SENSITIVITY,BOUND_BY_SOURCE_CODE,PARTIALLY_GROUNDED,NO
R1_CURRENT_STANDARD_V2_20260728,hidden_motion_model,Hidden_state,boolean,"{false,true}",true,INHERITED_DEFAULT_WITH_PROVENANCE,src/pig_behavior/tracking/config.py sha256=52c5f54ad44b6f76a8d143d168bdc942542d5fd263903cbf630f9c58ecf1cdd0,not a separate empirical selection,not separately selected,global profile; not per-video,Hidden_state,not established,YES,Inherited from the hashed TrackingConfig source; no separate sensitivity claim.,PARTIAL_NO_METHOD_SPECIFIC_SENSITIVITY,BOUND_BY_SOURCE_CODE,PARTIALLY_GROUNDED,NO
R1_CURRENT_STANDARD_V2_20260728,hidden_moving_displacement,Hidden_state,unitless,source-defined numeric domain,0.035,INHERITED_DEFAULT_WITH_PROVENANCE,src/pig_behavior/tracking/config.py sha256=52c5f54ad44b6f76a8d143d168bdc942542d5fd263903cbf630f9c58ecf1cdd0,not a separate empirical selection,not separately selected,global profile; not per-video,Hidden_state,not established,YES,Inherited from the hashed TrackingConfig source; no separate sensitivity claim.,PARTIAL_NO_METHOD_SPECIFIC_SENSITIVITY,BOUND_BY_SOURCE_CODE,PARTIALLY_GROUNDED,NO
R1_CURRENT_STANDARD_V2_20260728,hidden_overlap_iou_threshold,association|Hidden_state,unitless ratio,"[0,1] unless source contract states otherwise",0.65,INHERITED_DEFAULT_WITH_PROVENANCE,src/pig_behavior/tracking/config.py sha256=52c5f54ad44b6f76a8d143d168bdc942542d5fd263903cbf630f9c58ecf1cdd0,not a separate empirical selection,not separately selected,global profile; not per-video,association|Hidden_state,not established,YES,Inherited from the hashed TrackingConfig source; no separate sensitivity claim.,PARTIAL_NO_METHOD_SPECIFIC_SENSITIVITY,BOUND_BY_SOURCE_CODE,PARTIALLY_GROUNDED,NO
R1_CURRENT_STANDARD_V2_20260728,hidden_overlap_window_frames,Hidden_state|runtime,frames,non-negative integer unless sentinel documented,2,INHERITED_DEFAULT_WITH_PROVENANCE,src/pig_behavior/tracking/config.py sha256=52c5f54ad44b6f76a8d143d168bdc942542d5fd263903cbf630f9c58ecf1cdd0,not a separate empirical selection,not separately selected,global profile; not per-video,Hidden_state|runtime,not established,YES,Inherited from the hashed TrackingConfig source; no separate sensitivity claim.,PARTIAL_NO_METHOD_SPECIFIC_SENSITIVITY,BOUND_BY_SOURCE_CODE,PARTIALLY_GROUNDED,NO
R1_CURRENT_STANDARD_V2_20260728,hidden_owner_guard,identity_repair|Hidden_state,boolean,"{false,true}",false,INHERITED_DEFAULT_WITH_PROVENANCE,src/pig_behavior/tracking/config.py sha256=52c5f54ad44b6f76a8d143d168bdc942542d5fd263903cbf630f9c58ecf1cdd0,not a separate empirical selection,not separately selected,global profile; not per-video,identity_repair|Hidden_state,not established,YES,Inherited from the hashed TrackingConfig source; no separate sensitivity claim.,PARTIAL_NO_METHOD_SPECIFIC_SENSITIVITY,BOUND_BY_SOURCE_CODE,PARTIALLY_GROUNDED,NO
R1_CURRENT_STANDARD_V2_20260728,hidden_owner_guard_cost_margin,association|identity_repair|Hidden_state,unitless,source-defined numeric domain,0.08,INHERITED_DEFAULT_WITH_PROVENANCE,src/pig_behavior/tracking/config.py sha256=52c5f54ad44b6f76a8d143d168bdc942542d5fd263903cbf630f9c58ecf1cdd0,not a separate empirical selection,not separately selected,global profile; not per-video,association|identity_repair|Hidden_state,not established,YES,Inherited from the hashed TrackingConfig source; no separate sensitivity claim.,PARTIAL_NO_METHOD_SPECIFIC_SENSITIVITY,BOUND_BY_SOURCE_CODE,PARTIALLY_GROUNDED,NO
R1_CURRENT_STANDARD_V2_20260728,hidden_owner_guard_hold_assignment,identity_repair|Hidden_state,boolean,"{false,true}",false,INHERITED_DEFAULT_WITH_PROVENANCE,src/pig_behavior/tracking/config.py sha256=52c5f54ad44b6f76a8d143d168bdc942542d5fd263903cbf630f9c58ecf1cdd0,not a separate empirical selection,not separately selected,global profile; not per-video,identity_repair|Hidden_state,not established,YES,Inherited from the hashed TrackingConfig source; no separate sensitivity claim.,PARTIAL_NO_METHOD_SPECIFIC_SENSITIVITY,BOUND_BY_SOURCE_CODE,PARTIALLY_GROUNDED,NO
R1_CURRENT_STANDARD_V2_20260728,hidden_owner_guard_min_missed,lifecycle|identity_repair|Hidden_state,frames,non-negative integer unless sentinel documented,2,INHERITED_DEFAULT_WITH_PROVENANCE,src/pig_behavior/tracking/config.py sha256=52c5f54ad44b6f76a8d143d168bdc942542d5fd263903cbf630f9c58ecf1cdd0,not a separate empirical selection,not separately selected,global profile; not per-video,lifecycle|identity_repair|Hidden_state,not established,YES,Inherited from the hashed TrackingConfig source; no separate sensitivity claim.,PARTIAL_NO_METHOD_SPECIFIC_SENSITIVITY,BOUND_BY_SOURCE_CODE,PARTIALLY_GROUNDED,NO
R1_CURRENT_STANDARD_V2_20260728,hidden_score_threshold,Hidden_state,unitless,source-defined numeric domain,0.15,INHERITED_DEFAULT_WITH_PROVENANCE,src/pig_behavior/tracking/config.py sha256=52c5f54ad44b6f76a8d143d168bdc942542d5fd263903cbf630f9c58ecf1cdd0,not a separate empirical selection,not separately selected,global profile; not per-video,Hidden_state,not established,YES,Inherited from the hashed TrackingConfig source; no separate sensitivity claim.,PARTIAL_NO_METHOD_SPECIFIC_SENSITIVITY,BOUND_BY_SOURCE_CODE,PARTIALLY_GROUNDED,NO
R1_CURRENT_STANDARD_V2_20260728,hidden_stationary_displacement,Hidden_state,unitless,source-defined numeric domain,0.015,INHERITED_DEFAULT_WITH_PROVENANCE,src/pig_behavior/tracking/config.py sha256=52c5f54ad44b6f76a8d143d168bdc942542d5fd263903cbf630f9c58ecf1cdd0,not a separate empirical selection,not separately selected,global profile; not per-video,Hidden_state,not established,YES,Inherited from the hashed TrackingConfig source; no separate sensitivity claim.,PARTIAL_NO_METHOD_SPECIFIC_SENSITIVITY,BOUND_BY_SOURCE_CODE,PARTIALLY_GROUNDED,NO
R1_CURRENT_STANDARD_V2_20260728,hidden_stationary_lock_frames,Hidden_state|runtime,frames,non-negative integer unless sentinel documented,8,INHERITED_DEFAULT_WITH_PROVENANCE,src/pig_behavior/tracking/config.py sha256=52c5f54ad44b6f76a8d143d168bdc942542d5fd263903cbf630f9c58ecf1cdd0,not a separate empirical selection,not separately selected,global profile; not per-video,Hidden_state|runtime,not established,YES,Inherited from the hashed TrackingConfig source; no separate sensitivity claim.,PARTIAL_NO_METHOD_SPECIFIC_SENSITIVITY,BOUND_BY_SOURCE_CODE,PARTIALLY_GROUNDED,NO
R1_CURRENT_STANDARD_V2_20260728,hidden_stationary_speed,Hidden_state,unitless,source-defined numeric domain,0.006,INHERITED_DEFAULT_WITH_PROVENANCE,src/pig_behavior/tracking/config.py sha256=52c5f54ad44b6f76a8d143d168bdc942542d5fd263903cbf630f9c58ecf1cdd0,not a separate empirical selection,not separately selected,global profile; not per-video,Hidden_state,not established,YES,Inherited from the hashed TrackingConfig source; no separate sensitivity claim.,PARTIAL_NO_METHOD_SPECIFIC_SENSITIVITY,BOUND_BY_SOURCE_CODE,PARTIALLY_GROUNDED,NO
R1_CURRENT_STANDARD_V2_20260728,hidden_suffix_id_swap_max_hidden_frames,identity_repair|Hidden_state|runtime,frames,non-negative integer unless sentinel documented,15,INHERITED_DEFAULT_WITH_PROVENANCE,src/pig_behavior/tracking/config.py sha256=52c5f54ad44b6f76a8d143d168bdc942542d5fd263903cbf630f9c58ecf1cdd0,not a separate empirical selection,not separately selected,global profile; not per-video,identity_repair|Hidden_state|runtime,not established,YES,Inherited from the hashed TrackingConfig source; no separate sensitivity claim.,PARTIAL_NO_METHOD_SPECIFIC_SENSITIVITY,BOUND_BY_SOURCE_CODE,PARTIALLY_GROUNDED,NO
R1_CURRENT_STANDARD_V2_20260728,hidden_suffix_id_swap_max_hidden_median_score,identity_repair|Hidden_state,unitless,source-defined numeric domain,0.5,INHERITED_DEFAULT_WITH_PROVENANCE,src/pig_behavior/tracking/config.py sha256=52c5f54ad44b6f76a8d143d168bdc942542d5fd263903cbf630f9c58ecf1cdd0,not a separate empirical selection,not separately selected,global profile; not per-video,identity_repair|Hidden_state,not established,YES,Inherited from the hashed TrackingConfig source; no separate sensitivity claim.,PARTIAL_NO_METHOD_SPECIFIC_SENSITIVITY,BOUND_BY_SOURCE_CODE,PARTIALLY_GROUNDED,NO
R1_CURRENT_STANDARD_V2_20260728,hidden_suffix_id_swap_min_hidden_frames,identity_repair|Hidden_state|runtime,frames,non-negative integer unless sentinel documented,8,INHERITED_DEFAULT_WITH_PROVENANCE,src/pig_behavior/tracking/config.py sha256=52c5f54ad44b6f76a8d143d168bdc942542d5fd263903cbf630f9c58ecf1cdd0,not a separate empirical selection,not separately selected,global profile; not per-video,identity_repair|Hidden_state|runtime,not established,YES,Inherited from the hashed TrackingConfig source; no separate sensitivity claim.,PARTIAL_NO_METHOD_SPECIFIC_SENSITIVITY,BOUND_BY_SOURCE_CODE,PARTIALLY_GROUNDED,NO
R1_CURRENT_STANDARD_V2_20260728,hidden_suffix_id_swap_min_overlap_iou,association|identity_repair|Hidden_state,unitless ratio,"[0,1] unless source contract states otherwise",0.7,INHERITED_DEFAULT_WITH_PROVENANCE,src/pig_behavior/tracking/config.py sha256=52c5f54ad44b6f76a8d143d168bdc942542d5fd263903cbf630f9c58ecf1cdd0,not a separate empirical selection,not separately selected,global profile; not per-video,association|identity_repair|Hidden_state,not established,YES,Inherited from the hashed TrackingConfig source; no separate sensitivity claim.,PARTIAL_NO_METHOD_SPECIFIC_SENSITIVITY,BOUND_BY_SOURCE_CODE,PARTIALLY_GROUNDED,NO
R1_CURRENT_STANDARD_V2_20260728,hidden_suffix_id_swap_min_overlap_persistence_frames,identity_repair|Hidden_state|runtime,frames,non-negative integer unless sentinel documented,2,INHERITED_DEFAULT_WITH_PROVENANCE,src/pig_behavior/tracking/config.py sha256=52c5f54ad44b6f76a8d143d168bdc942542d5fd263903cbf630f9c58ecf1cdd0,not a separate empirical selection,not separately selected,global profile; not per-video,identity_repair|Hidden_state|runtime,not established,YES,Inherited from the hashed TrackingConfig source; no separate sensitivity claim.,PARTIAL_NO_METHOD_SPECIFIC_SENSITIVITY,BOUND_BY_SOURCE_CODE,PARTIALLY_GROUNDED,NO
R1_CURRENT_STANDARD_V2_20260728,hidden_suffix_id_swap_min_suffix_frames,identity_repair|Hidden_state|runtime,frames,non-negative integer unless sentinel documented,600,INHERITED_DEFAULT_WITH_PROVENANCE,src/pig_behavior/tracking/config.py sha256=52c5f54ad44b6f76a8d143d168bdc942542d5fd263903cbf630f9c58ecf1cdd0,not a separate empirical selection,not separately selected,global profile; not per-video,identity_repair|Hidden_state|runtime,not established,YES,Inherited from the hashed TrackingConfig source; no separate sensitivity claim.,PARTIAL_NO_METHOD_SPECIFIC_SENSITIVITY,BOUND_BY_SOURCE_CODE,PARTIALLY_GROUNDED,NO
R1_CURRENT_STANDARD_V2_20260728,hidden_suffix_id_swap_repair,identity_repair|Hidden_state,boolean,"{false,true}",false,INHERITED_DEFAULT_WITH_PROVENANCE,src/pig_behavior/tracking/config.py sha256=52c5f54ad44b6f76a8d143d168bdc942542d5fd263903cbf630f9c58ecf1cdd0,not a separate empirical selection,not separately selected,global profile; not per-video,identity_repair|Hidden_state,not established,YES,Inherited from the hashed TrackingConfig source; no separate sensitivity claim.,PARTIAL_NO_METHOD_SPECIFIC_SENSITIVITY,BOUND_BY_SOURCE_CODE,PARTIALLY_GROUNDED,NO
R1_CURRENT_STANDARD_V2_20260728,hidden_suffix_id_swap_start_back_frames,identity_repair|Hidden_state|runtime,frames,non-negative integer unless sentinel documented,7,INHERITED_DEFAULT_WITH_PROVENANCE,src/pig_behavior/tracking/config.py sha256=52c5f54ad44b6f76a8d143d168bdc942542d5fd263903cbf630f9c58ecf1cdd0,not a separate empirical selection,not separately selected,global profile; not per-video,identity_repair|Hidden_state|runtime,not established,YES,Inherited from the hashed TrackingConfig source; no separate sensitivity claim.,PARTIAL_NO_METHOD_SPECIFIC_SENSITIVITY,BOUND_BY_SOURCE_CODE,PARTIALLY_GROUNDED,NO
R1_CURRENT_STANDARD_V2_20260728,hidden_suffix_id_swap_use_overlap_persistence,identity_repair|Hidden_state,boolean,"{false,true}",false,INHERITED_DEFAULT_WITH_PROVENANCE,src/pig_behavior/tracking/config.py sha256=52c5f54ad44b6f76a8d143d168bdc942542d5fd263903cbf630f9c58ecf1cdd0,not a separate empirical selection,not separately selected,global profile; not per-video,identity_repair|Hidden_state,not established,YES,Inherited from the hashed TrackingConfig source; no separate sensitivity claim.,PARTIAL_NO_METHOD_SPECIFIC_SENSITIVITY,BOUND_BY_SOURCE_CODE,PARTIALLY_GROUNDED,NO
R1_CURRENT_STANDARD_V2_20260728,hidden_velocity_alpha,Hidden_state|evaluator_only,unitless,source-defined numeric domain,0.65,INHERITED_DEFAULT_WITH_PROVENANCE,src/pig_behavior/tracking/config.py sha256=52c5f54ad44b6f76a8d143d168bdc942542d5fd263903cbf630f9c58ecf1cdd0,not a separate empirical selection,not separately selected,global profile; not per-video,Hidden_state|evaluator_only,not established,YES,Inherited from the hashed TrackingConfig source; no separate sensitivity claim.,PARTIAL_NO_METHOD_SPECIFIC_SENSITIVITY,BOUND_BY_SOURCE_CODE,PARTIALLY_GROUNDED,NO
R1_CURRENT_STANDARD_V2_20260728,high_conf_smooth_alpha,bbox_geometry|evaluator_only,unitless,source-defined numeric domain,0.75,INHERITED_DEFAULT_WITH_PROVENANCE,src/pig_behavior/tracking/config.py sha256=52c5f54ad44b6f76a8d143d168bdc942542d5fd263903cbf630f9c58ecf1cdd0,not a separate empirical selection,not separately selected,global profile; not per-video,bbox_geometry|evaluator_only,not established,YES,Inherited from the hashed TrackingConfig source; no separate sensitivity claim.,PARTIAL_NO_METHOD_SPECIFIC_SENSITIVITY,BOUND_BY_SOURCE_CODE,PARTIALLY_GROUNDED,NO
R1_CURRENT_STANDARD_V2_20260728,hold_occluded_box,Hidden_state|bbox_geometry,boolean,"{false,true}",true,INHERITED_DEFAULT_WITH_PROVENANCE,src/pig_behavior/tracking/config.py sha256=52c5f54ad44b6f76a8d143d168bdc942542d5fd263903cbf630f9c58ecf1cdd0,not a separate empirical selection,not separately selected,global profile; not per-video,Hidden_state|bbox_geometry,not established,YES,Inherited from the hashed TrackingConfig source; no separate sensitivity claim.,PARTIAL_NO_METHOD_SPECIFIC_SENSITIVITY,BOUND_BY_SOURCE_CODE,PARTIALLY_GROUNDED,NO
R1_CURRENT_STANDARD_V2_20260728,identity_swap_guard,identity_repair,boolean,"{false,true}",false,PREDECLARED_DEVELOPMENT_SELECTION,src/pig_behavior/tracking/profiles/rf_hybrid_offline.py sha256=bc7c20c21bf6ce283fb8f0ba34b36705805a52591b705a16c81f9014bb755ce9,13-video development evidence,frozen before authority execution; earlier development data visible,global profile; not per-video,identity_repair,authority/ablation record may exist; not universal,YES,Profile override frozen by a development authority before its authority run.,SUFFICIENT_WITH_DEVELOPMENT_SCOPE_LIMITATION,BOUND_BY_EFFECTIVE_CONFIG,FULLY_GROUNDED,NO
R1_CURRENT_STANDARD_V2_20260728,identity_swap_guard_far_x_threshold,identity_repair,unitless,source-defined numeric domain,0.67,INHERITED_DEFAULT_WITH_PROVENANCE,src/pig_behavior/tracking/config.py sha256=52c5f54ad44b6f76a8d143d168bdc942542d5fd263903cbf630f9c58ecf1cdd0,not a separate empirical selection,not separately selected,global profile; not per-video,identity_repair,not established,YES,Inherited from the hashed TrackingConfig source; no separate sensitivity claim.,PARTIAL_NO_METHOD_SPECIFIC_SENSITIVITY,BOUND_BY_SOURCE_CODE,PARTIALLY_GROUNDED,NO
R1_CURRENT_STANDARD_V2_20260728,identity_swap_guard_skip_mixed_occlusion_hold,identity_repair|Hidden_state,boolean,"{false,true}",false,INHERITED_DEFAULT_WITH_PROVENANCE,src/pig_behavior/tracking/config.py sha256=52c5f54ad44b6f76a8d143d168bdc942542d5fd263903cbf630f9c58ecf1cdd0,not a separate empirical selection,not separately selected,global profile; not per-video,identity_repair|Hidden_state,not established,YES,Inherited from the hashed TrackingConfig source; no separate sensitivity claim.,PARTIAL_NO_METHOD_SPECIFIC_SENSITIVITY,BOUND_BY_SOURCE_CODE,PARTIALLY_GROUNDED,NO
R1_CURRENT_STANDARD_V2_20260728,identity_swap_guard_skip_mixed_occlusion_hold_far_only,identity_repair|Hidden_state,boolean,"{false,true}",false,INHERITED_DEFAULT_WITH_PROVENANCE,src/pig_behavior/tracking/config.py sha256=52c5f54ad44b6f76a8d143d168bdc942542d5fd263903cbf630f9c58ecf1cdd0,not a separate empirical selection,not separately selected,global profile; not per-video,identity_repair|Hidden_state,not established,YES,Inherited from the hashed TrackingConfig source; no separate sensitivity claim.,PARTIAL_NO_METHOD_SPECIFIC_SENSITIVITY,BOUND_BY_SOURCE_CODE,PARTIALLY_GROUNDED,NO
R1_CURRENT_STANDARD_V2_20260728,identity_swap_iom_threshold,identity_repair,unitless,source-defined numeric domain,0.1,INHERITED_DEFAULT_WITH_PROVENANCE,src/pig_behavior/tracking/config.py sha256=52c5f54ad44b6f76a8d143d168bdc942542d5fd263903cbf630f9c58ecf1cdd0,not a separate empirical selection,not separately selected,global profile; not per-video,identity_repair,not established,YES,Inherited from the hashed TrackingConfig source; no separate sensitivity claim.,PARTIAL_NO_METHOD_SPECIFIC_SENSITIVITY,BOUND_BY_SOURCE_CODE,PARTIALLY_GROUNDED,NO
R1_CURRENT_STANDARD_V2_20260728,identity_swap_min_gain,identity_repair,unitless,source-defined numeric domain,0.015,INHERITED_DEFAULT_WITH_PROVENANCE,src/pig_behavior/tracking/config.py sha256=52c5f54ad44b6f76a8d143d168bdc942542d5fd263903cbf630f9c58ecf1cdd0,not a separate empirical selection,not separately selected,global profile; not per-video,identity_repair,not established,YES,Inherited from the hashed TrackingConfig source; no separate sensitivity claim.,PARTIAL_NO_METHOD_SPECIFIC_SENSITIVITY,BOUND_BY_SOURCE_CODE,PARTIALLY_GROUNDED,NO
R1_CURRENT_STANDARD_V2_20260728,imgsz,detection,count,source-defined integer domain,640,INHERITED_DEFAULT_WITH_PROVENANCE,src/pig_behavior/tracking/config.py sha256=52c5f54ad44b6f76a8d143d168bdc942542d5fd263903cbf630f9c58ecf1cdd0,not a separate empirical selection,not separately selected,global profile; not per-video,detection,not established,YES,Inherited from the hashed TrackingConfig source; no separate sensitivity claim.,PARTIAL_NO_METHOD_SPECIFIC_SENSITIVITY,BOUND_BY_SOURCE_CODE,PARTIALLY_GROUNDED,NO
R1_CURRENT_STANDARD_V2_20260728,initial_track_conf,engineering_or_indirect,unitless ratio,"[0,1] unless source contract states otherwise",0.45,INHERITED_DEFAULT_WITH_PROVENANCE,src/pig_behavior/tracking/config.py sha256=52c5f54ad44b6f76a8d143d168bdc942542d5fd263903cbf630f9c58ecf1cdd0,not a separate empirical selection,not separately selected,global profile; not per-video,engineering_or_indirect,not established,YES,Inherited from the hashed TrackingConfig source; no separate sensitivity claim.,PARTIAL_NO_METHOD_SPECIFIC_SENSITIVITY,BOUND_BY_SOURCE_CODE,PARTIALLY_GROUNDED,NO
R1_CURRENT_STANDARD_V2_20260728,iou,association,unitless ratio,"[0,1] unless source contract states otherwise",null,INHERITED_DEFAULT_WITH_PROVENANCE,src/pig_behavior/tracking/config.py sha256=52c5f54ad44b6f76a8d143d168bdc942542d5fd263903cbf630f9c58ecf1cdd0,not a separate empirical selection,not separately selected,global profile; not per-video,association,not established,YES,Inherited from the hashed TrackingConfig source; no separate sensitivity claim.,PARTIAL_NO_METHOD_SPECIFIC_SENSITIVITY,BOUND_BY_SOURCE_CODE,PARTIALLY_GROUNDED,NO
R1_CURRENT_STANDARD_V2_20260728,iou_fallback_threshold,association,unitless ratio,"[0,1] unless source contract states otherwise",0.45,INHERITED_DEFAULT_WITH_PROVENANCE,src/pig_behavior/tracking/config.py sha256=52c5f54ad44b6f76a8d143d168bdc942542d5fd263903cbf630f9c58ecf1cdd0,not a separate empirical selection,not separately selected,global profile; not per-video,association,not established,YES,Inherited from the hashed TrackingConfig source; no separate sensitivity claim.,PARTIAL_NO_METHOD_SPECIFIC_SENSITIVITY,BOUND_BY_SOURCE_CODE,PARTIALLY_GROUNDED,NO
R1_CURRENT_STANDARD_V2_20260728,labels_json,engineering_or_indirect,not applicable,None or source-defined value,null,INHERITED_DEFAULT_WITH_PROVENANCE,src/pig_behavior/tracking/config.py sha256=52c5f54ad44b6f76a8d143d168bdc942542d5fd263903cbf630f9c58ecf1cdd0,not a separate empirical selection,not separately selected,global profile; not per-video,engineering_or_indirect,not established,YES,Inherited from the hashed TrackingConfig source; no separate sensitivity claim.,PARTIAL_NO_METHOD_SPECIFIC_SENSITIVITY,BOUND_BY_SOURCE_CODE,PARTIALLY_GROUNDED,NO
R1_CURRENT_STANDARD_V2_20260728,local_pair_swap_max_gap_frames,identity_repair|runtime,frames,non-negative integer unless sentinel documented,2,INHERITED_DEFAULT_WITH_PROVENANCE,src/pig_behavior/tracking/config.py sha256=52c5f54ad44b6f76a8d143d168bdc942542d5fd263903cbf630f9c58ecf1cdd0,not a separate empirical selection,not separately selected,global profile; not per-video,identity_repair|runtime,not established,YES,Inherited from the hashed TrackingConfig source; no separate sensitivity claim.,PARTIAL_NO_METHOD_SPECIFIC_SENSITIVITY,BOUND_BY_SOURCE_CODE,PARTIALLY_GROUNDED,NO
R1_CURRENT_STANDARD_V2_20260728,local_pair_swap_min_motion_gain,identity_repair,unitless,source-defined numeric domain,0.08,INHERITED_DEFAULT_WITH_PROVENANCE,src/pig_behavior/tracking/config.py sha256=52c5f54ad44b6f76a8d143d168bdc942542d5fd263903cbf630f9c58ecf1cdd0,not a separate empirical selection,not separately selected,global profile; not per-video,identity_repair,not established,YES,Inherited from the hashed TrackingConfig source; no separate sensitivity claim.,PARTIAL_NO_METHOD_SPECIFIC_SENSITIVITY,BOUND_BY_SOURCE_CODE,PARTIALLY_GROUNDED,NO
R1_CURRENT_STANDARD_V2_20260728,local_pair_swap_min_overlap_iou,association|identity_repair,unitless ratio,"[0,1] unless source contract states otherwise",0.2,INHERITED_DEFAULT_WITH_PROVENANCE,src/pig_behavior/tracking/config.py sha256=52c5f54ad44b6f76a8d143d168bdc942542d5fd263903cbf630f9c58ecf1cdd0,not a separate empirical selection,not separately selected,global profile; not per-video,association|identity_repair,not established,YES,Inherited from the hashed TrackingConfig source; no separate sensitivity claim.,PARTIAL_NO_METHOD_SPECIFIC_SENSITIVITY,BOUND_BY_SOURCE_CODE,PARTIALLY_GROUNDED,NO
R1_CURRENT_STANDARD_V2_20260728,local_pair_swap_repair,identity_repair,boolean,"{false,true}",false,INHERITED_DEFAULT_WITH_PROVENANCE,src/pig_behavior/tracking/config.py sha256=52c5f54ad44b6f76a8d143d168bdc942542d5fd263903cbf630f9c58ecf1cdd0,not a separate empirical selection,not separately selected,global profile; not per-video,identity_repair,not established,YES,Inherited from the hashed TrackingConfig source; no separate sensitivity claim.,PARTIAL_NO_METHOD_SPECIFIC_SENSITIVITY,BOUND_BY_SOURCE_CODE,PARTIALLY_GROUNDED,NO
R1_CURRENT_STANDARD_V2_20260728,local_pair_swap_window_frames,identity_repair|runtime,frames,non-negative integer unless sentinel documented,8,INHERITED_DEFAULT_WITH_PROVENANCE,src/pig_behavior/tracking/config.py sha256=52c5f54ad44b6f76a8d143d168bdc942542d5fd263903cbf630f9c58ecf1cdd0,not a separate empirical selection,not separately selected,global profile; not per-video,identity_repair|runtime,not established,YES,Inherited from the hashed TrackingConfig source; no separate sensitivity claim.,PARTIAL_NO_METHOD_SPECIFIC_SENSITIVITY,BOUND_BY_SOURCE_CODE,PARTIALLY_GROUNDED,NO
R1_CURRENT_STANDARD_V2_20260728,long_pair_swap_max_gap_frames,identity_repair|runtime,frames,non-negative integer unless sentinel documented,2,INHERITED_DEFAULT_WITH_PROVENANCE,src/pig_behavior/tracking/config.py sha256=52c5f54ad44b6f76a8d143d168bdc942542d5fd263903cbf630f9c58ecf1cdd0,not a separate empirical selection,not separately selected,global profile; not per-video,identity_repair|runtime,not established,YES,Inherited from the hashed TrackingConfig source; no separate sensitivity claim.,PARTIAL_NO_METHOD_SPECIFIC_SENSITIVITY,BOUND_BY_SOURCE_CODE,PARTIALLY_GROUNDED,NO
R1_CURRENT_STANDARD_V2_20260728,long_pair_swap_min_frames,identity_repair|runtime,frames,non-negative integer unless sentinel documented,24,INHERITED_DEFAULT_WITH_PROVENANCE,src/pig_behavior/tracking/config.py sha256=52c5f54ad44b6f76a8d143d168bdc942542d5fd263903cbf630f9c58ecf1cdd0,not a separate empirical selection,not separately selected,global profile; not per-video,identity_repair|runtime,not established,YES,Inherited from the hashed TrackingConfig source; no separate sensitivity claim.,PARTIAL_NO_METHOD_SPECIFIC_SENSITIVITY,BOUND_BY_SOURCE_CODE,PARTIALLY_GROUNDED,NO
R1_CURRENT_STANDARD_V2_20260728,long_pair_swap_min_median_separation,identity_repair,unitless,source-defined numeric domain,0.04,INHERITED_DEFAULT_WITH_PROVENANCE,src/pig_behavior/tracking/config.py sha256=52c5f54ad44b6f76a8d143d168bdc942542d5fd263903cbf630f9c58ecf1cdd0,not a separate empirical selection,not separately selected,global profile; not per-video,identity_repair,not established,YES,Inherited from the hashed TrackingConfig source; no separate sensitivity claim.,PARTIAL_NO_METHOD_SPECIFIC_SENSITIVITY,BOUND_BY_SOURCE_CODE,PARTIALLY_GROUNDED,NO
R1_CURRENT_STANDARD_V2_20260728,long_pair_swap_min_start_gain,identity_repair,unitless,source-defined numeric domain,0.08,INHERITED_DEFAULT_WITH_PROVENANCE,src/pig_behavior/tracking/config.py sha256=52c5f54ad44b6f76a8d143d168bdc942542d5fd263903cbf630f9c58ecf1cdd0,not a separate empirical selection,not separately selected,global profile; not per-video,identity_repair,not established,YES,Inherited from the hashed TrackingConfig source; no separate sensitivity claim.,PARTIAL_NO_METHOD_SPECIFIC_SENSITIVITY,BOUND_BY_SOURCE_CODE,PARTIALLY_GROUNDED,NO
R1_CURRENT_STANDARD_V2_20260728,long_pair_swap_repair,identity_repair,boolean,"{false,true}",false,INHERITED_DEFAULT_WITH_PROVENANCE,src/pig_behavior/tracking/config.py sha256=52c5f54ad44b6f76a8d143d168bdc942542d5fd263903cbf630f9c58ecf1cdd0,not a separate empirical selection,not separately selected,global profile; not per-video,identity_repair,not established,YES,Inherited from the hashed TrackingConfig source; no separate sensitivity claim.,PARTIAL_NO_METHOD_SPECIFIC_SENSITIVITY,BOUND_BY_SOURCE_CODE,PARTIALLY_GROUNDED,NO
R1_CURRENT_STANDARD_V2_20260728,lost_track_cost_threshold,association|lifecycle,unitless,source-defined numeric domain,0.95,INHERITED_DEFAULT_WITH_PROVENANCE,src/pig_behavior/tracking/config.py sha256=52c5f54ad44b6f76a8d143d168bdc942542d5fd263903cbf630f9c58ecf1cdd0,not a separate empirical selection,not separately selected,global profile; not per-video,association|lifecycle,not established,YES,Inherited from the hashed TrackingConfig source; no separate sensitivity claim.,PARTIAL_NO_METHOD_SPECIFIC_SENSITIVITY,BOUND_BY_SOURCE_CODE,PARTIALLY_GROUNDED,NO
R1_CURRENT_STANDARD_V2_20260728,lost_track_different_raw_hidden_owner_appearance_threshold,association|lifecycle|identity_repair|Hidden_state,unitless,source-defined numeric domain,0.25,INHERITED_DEFAULT_WITH_PROVENANCE,src/pig_behavior/tracking/config.py sha256=52c5f54ad44b6f76a8d143d168bdc942542d5fd263903cbf630f9c58ecf1cdd0,not a separate empirical selection,not separately selected,global profile; not per-video,association|lifecycle|identity_repair|Hidden_state,not established,YES,Inherited from the hashed TrackingConfig source; no separate sensitivity claim.,PARTIAL_NO_METHOD_SPECIFIC_SENSITIVITY,BOUND_BY_SOURCE_CODE,PARTIALLY_GROUNDED,NO
R1_CURRENT_STANDARD_V2_20260728,lost_track_different_raw_hidden_owner_bypass,lifecycle|identity_repair|Hidden_state,boolean,"{false,true}",true,INHERITED_DEFAULT_WITH_PROVENANCE,src/pig_behavior/tracking/config.py sha256=52c5f54ad44b6f76a8d143d168bdc942542d5fd263903cbf630f9c58ecf1cdd0,not a separate empirical selection,not separately selected,global profile; not per-video,lifecycle|identity_repair|Hidden_state,not established,YES,Inherited from the hashed TrackingConfig source; no separate sensitivity claim.,PARTIAL_NO_METHOD_SPECIFIC_SENSITIVITY,BOUND_BY_SOURCE_CODE,PARTIALLY_GROUNDED,NO
R1_CURRENT_STANDARD_V2_20260728,lost_track_different_raw_hidden_owner_min_center_gain,lifecycle|identity_repair|Hidden_state,unitless,source-defined numeric domain,0.03,INHERITED_DEFAULT_WITH_PROVENANCE,src/pig_behavior/tracking/config.py sha256=52c5f54ad44b6f76a8d143d168bdc942542d5fd263903cbf630f9c58ecf1cdd0,not a separate empirical selection,not separately selected,global profile; not per-video,lifecycle|identity_repair|Hidden_state,not established,YES,Inherited from the hashed TrackingConfig source; no separate sensitivity claim.,PARTIAL_NO_METHOD_SPECIFIC_SENSITIVITY,BOUND_BY_SOURCE_CODE,PARTIALLY_GROUNDED,NO
R1_CURRENT_STANDARD_V2_20260728,lost_track_different_raw_hidden_owner_min_missed,lifecycle|identity_repair|Hidden_state,frames,non-negative integer unless sentinel documented,2,INHERITED_DEFAULT_WITH_PROVENANCE,src/pig_behavior/tracking/config.py sha256=52c5f54ad44b6f76a8d143d168bdc942542d5fd263903cbf630f9c58ecf1cdd0,not a separate empirical selection,not separately selected,global profile; not per-video,lifecycle|identity_repair|Hidden_state,not established,YES,Inherited from the hashed TrackingConfig source; no separate sensitivity claim.,PARTIAL_NO_METHOD_SPECIFIC_SENSITIVITY,BOUND_BY_SOURCE_CODE,PARTIALLY_GROUNDED,NO
R1_CURRENT_STANDARD_V2_20260728,lost_track_fast_motion_appearance_threshold,association|lifecycle,unitless,source-defined numeric domain,0.3,INHERITED_DEFAULT_WITH_PROVENANCE,src/pig_behavior/tracking/config.py sha256=52c5f54ad44b6f76a8d143d168bdc942542d5fd263903cbf630f9c58ecf1cdd0,not a separate empirical selection,not separately selected,global profile; not per-video,association|lifecycle,not established,YES,Inherited from the hashed TrackingConfig source; no separate sensitivity claim.,PARTIAL_NO_METHOD_SPECIFIC_SENSITIVITY,BOUND_BY_SOURCE_CODE,PARTIALLY_GROUNDED,NO
R1_CURRENT_STANDARD_V2_20260728,lost_track_fast_motion_max_center_jump,lifecycle,unitless,source-defined numeric domain,0.42,INHERITED_DEFAULT_WITH_PROVENANCE,src/pig_behavior/tracking/config.py sha256=52c5f54ad44b6f76a8d143d168bdc942542d5fd263903cbf630f9c58ecf1cdd0,not a separate empirical selection,not separately selected,global profile; not per-video,lifecycle,not established,YES,Inherited from the hashed TrackingConfig source; no separate sensitivity claim.,PARTIAL_NO_METHOD_SPECIFIC_SENSITIVITY,BOUND_BY_SOURCE_CODE,PARTIALLY_GROUNDED,NO
R1_CURRENT_STANDARD_V2_20260728,lost_track_fast_motion_min_center_jump,lifecycle,unitless,source-defined numeric domain,0.06,INHERITED_DEFAULT_WITH_PROVENANCE,src/pig_behavior/tracking/config.py sha256=52c5f54ad44b6f76a8d143d168bdc942542d5fd263903cbf630f9c58ecf1cdd0,not a separate empirical selection,not separately selected,global profile; not per-video,lifecycle,not established,YES,Inherited from the hashed TrackingConfig source; no separate sensitivity claim.,PARTIAL_NO_METHOD_SPECIFIC_SENSITIVITY,BOUND_BY_SOURCE_CODE,PARTIALLY_GROUNDED,NO
R1_CURRENT_STANDARD_V2_20260728,lost_track_fast_motion_owner_grace,lifecycle|identity_repair,count,source-defined integer domain,3,INHERITED_DEFAULT_WITH_PROVENANCE,src/pig_behavior/tracking/config.py sha256=52c5f54ad44b6f76a8d143d168bdc942542d5fd263903cbf630f9c58ecf1cdd0,not a separate empirical selection,not separately selected,global profile; not per-video,lifecycle|identity_repair,not established,YES,Inherited from the hashed TrackingConfig source; no separate sensitivity claim.,PARTIAL_NO_METHOD_SPECIFIC_SENSITIVITY,BOUND_BY_SOURCE_CODE,PARTIALLY_GROUNDED,NO
R1_CURRENT_STANDARD_V2_20260728,lost_track_fast_motion_owner_max_gap,lifecycle|identity_repair,unitless,source-defined numeric domain,0.14,INHERITED_DEFAULT_WITH_PROVENANCE,src/pig_behavior/tracking/config.py sha256=52c5f54ad44b6f76a8d143d168bdc942542d5fd263903cbf630f9c58ecf1cdd0,not a separate empirical selection,not separately selected,global profile; not per-video,lifecycle|identity_repair,not established,YES,Inherited from the hashed TrackingConfig source; no separate sensitivity claim.,PARTIAL_NO_METHOD_SPECIFIC_SENSITIVITY,BOUND_BY_SOURCE_CODE,PARTIALLY_GROUNDED,NO
R1_CURRENT_STANDARD_V2_20260728,lost_track_raw_owner_transfer_appearance_threshold,association|lifecycle|identity_repair,unitless,source-defined numeric domain,0.25,INHERITED_DEFAULT_WITH_PROVENANCE,src/pig_behavior/tracking/config.py sha256=52c5f54ad44b6f76a8d143d168bdc942542d5fd263903cbf630f9c58ecf1cdd0,not a separate empirical selection,not separately selected,global profile; not per-video,association|lifecycle|identity_repair,not established,YES,Inherited from the hashed TrackingConfig source; no separate sensitivity claim.,PARTIAL_NO_METHOD_SPECIFIC_SENSITIVITY,BOUND_BY_SOURCE_CODE,PARTIALLY_GROUNDED,NO
R1_CURRENT_STANDARD_V2_20260728,lost_track_raw_owner_transfer_min_appearance_gain,association|lifecycle|identity_repair,unitless,source-defined numeric domain,0.05,INHERITED_DEFAULT_WITH_PROVENANCE,src/pig_behavior/tracking/config.py sha256=52c5f54ad44b6f76a8d143d168bdc942542d5fd263903cbf630f9c58ecf1cdd0,not a separate empirical selection,not separately selected,global profile; not per-video,association|lifecycle|identity_repair,not established,YES,Inherited from the hashed TrackingConfig source; no separate sensitivity claim.,PARTIAL_NO_METHOD_SPECIFIC_SENSITIVITY,BOUND_BY_SOURCE_CODE,PARTIALLY_GROUNDED,NO
R1_CURRENT_STANDARD_V2_20260728,lost_track_raw_owner_transfer_min_center_gain,lifecycle|identity_repair,unitless,source-defined numeric domain,0.04,INHERITED_DEFAULT_WITH_PROVENANCE,src/pig_behavior/tracking/config.py sha256=52c5f54ad44b6f76a8d143d168bdc942542d5fd263903cbf630f9c58ecf1cdd0,not a separate empirical selection,not separately selected,global profile; not per-video,lifecycle|identity_repair,not established,YES,Inherited from the hashed TrackingConfig source; no separate sensitivity claim.,PARTIAL_NO_METHOD_SPECIFIC_SENSITIVITY,BOUND_BY_SOURCE_CODE,PARTIALLY_GROUNDED,NO
R1_CURRENT_STANDARD_V2_20260728,lost_track_reacquire_different_raw_owner_guard,lifecycle|identity_repair,boolean,"{false,true}",true,INHERITED_DEFAULT_WITH_PROVENANCE,src/pig_behavior/tracking/config.py sha256=52c5f54ad44b6f76a8d143d168bdc942542d5fd263903cbf630f9c58ecf1cdd0,not a separate empirical selection,not separately selected,global profile; not per-video,lifecycle|identity_repair,not established,YES,Inherited from the hashed TrackingConfig source; no separate sensitivity claim.,PARTIAL_NO_METHOD_SPECIFIC_SENSITIVITY,BOUND_BY_SOURCE_CODE,PARTIALLY_GROUNDED,NO
R1_CURRENT_STANDARD_V2_20260728,lost_track_reacquire_guard,lifecycle,boolean,"{false,true}",true,INHERITED_DEFAULT_WITH_PROVENANCE,src/pig_behavior/tracking/config.py sha256=52c5f54ad44b6f76a8d143d168bdc942542d5fd263903cbf630f9c58ecf1cdd0,not a separate empirical selection,not separately selected,global profile; not per-video,lifecycle,not established,YES,Inherited from the hashed TrackingConfig source; no separate sensitivity claim.,PARTIAL_NO_METHOD_SPECIFIC_SENSITIVITY,BOUND_BY_SOURCE_CODE,PARTIALLY_GROUNDED,NO
R1_CURRENT_STANDARD_V2_20260728,lost_track_reacquire_max_center_jump,lifecycle,unitless,source-defined numeric domain,0.22,INHERITED_DEFAULT_WITH_PROVENANCE,src/pig_behavior/tracking/config.py sha256=52c5f54ad44b6f76a8d143d168bdc942542d5fd263903cbf630f9c58ecf1cdd0,not a separate empirical selection,not separately selected,global profile; not per-video,lifecycle,not established,YES,Inherited from the hashed TrackingConfig source; no separate sensitivity claim.,PARTIAL_NO_METHOD_SPECIFIC_SENSITIVITY,BOUND_BY_SOURCE_CODE,PARTIALLY_GROUNDED,NO
R1_CURRENT_STANDARD_V2_20260728,lost_track_reacquire_non_same_raw_distance_guard,lifecycle,boolean,"{false,true}",false,INHERITED_DEFAULT_WITH_PROVENANCE,src/pig_behavior/tracking/config.py sha256=52c5f54ad44b6f76a8d143d168bdc942542d5fd263903cbf630f9c58ecf1cdd0,not a separate empirical selection,not separately selected,global profile; not per-video,lifecycle,not established,YES,Inherited from the hashed TrackingConfig source; no separate sensitivity claim.,PARTIAL_NO_METHOD_SPECIFIC_SENSITIVITY,BOUND_BY_SOURCE_CODE,PARTIALLY_GROUNDED,NO
R1_CURRENT_STANDARD_V2_20260728,lost_track_reacquire_raw_owner_guard,lifecycle|identity_repair,boolean,"{false,true}",true,INHERITED_DEFAULT_WITH_PROVENANCE,src/pig_behavior/tracking/config.py sha256=52c5f54ad44b6f76a8d143d168bdc942542d5fd263903cbf630f9c58ecf1cdd0,not a separate empirical selection,not separately selected,global profile; not per-video,lifecycle|identity_repair,not established,YES,Inherited from the hashed TrackingConfig source; no separate sensitivity claim.,PARTIAL_NO_METHOD_SPECIFIC_SENSITIVITY,BOUND_BY_SOURCE_CODE,PARTIALLY_GROUNDED,NO
R1_CURRENT_STANDARD_V2_20260728,lost_track_reacquire_same_raw_appearance_bypass,association|lifecycle,boolean,"{false,true}",true,INHERITED_DEFAULT_WITH_PROVENANCE,src/pig_behavior/tracking/config.py sha256=52c5f54ad44b6f76a8d143d168bdc942542d5fd263903cbf630f9c58ecf1cdd0,not a separate empirical selection,not separately selected,global profile; not per-video,association|lifecycle,not established,YES,Inherited from the hashed TrackingConfig source; no separate sensitivity claim.,PARTIAL_NO_METHOD_SPECIFIC_SENSITIVITY,BOUND_BY_SOURCE_CODE,PARTIALLY_GROUNDED,NO
R1_CURRENT_STANDARD_V2_20260728,lost_track_reacquire_same_raw_appearance_threshold,association|lifecycle,unitless,source-defined numeric domain,0.25,INHERITED_DEFAULT_WITH_PROVENANCE,src/pig_behavior/tracking/config.py sha256=52c5f54ad44b6f76a8d143d168bdc942542d5fd263903cbf630f9c58ecf1cdd0,not a separate empirical selection,not separately selected,global profile; not per-video,association|lifecycle,not established,YES,Inherited from the hashed TrackingConfig source; no separate sensitivity claim.,PARTIAL_NO_METHOD_SPECIFIC_SENSITIVITY,BOUND_BY_SOURCE_CODE,PARTIALLY_GROUNDED,NO
R1_CURRENT_STANDARD_V2_20260728,lost_track_reacquire_same_raw_distance_guard,lifecycle,boolean,"{false,true}",true,INHERITED_DEFAULT_WITH_PROVENANCE,src/pig_behavior/tracking/config.py sha256=52c5f54ad44b6f76a8d143d168bdc942542d5fd263903cbf630f9c58ecf1cdd0,not a separate empirical selection,not separately selected,global profile; not per-video,lifecycle,not established,YES,Inherited from the hashed TrackingConfig source; no separate sensitivity claim.,PARTIAL_NO_METHOD_SPECIFIC_SENSITIVITY,BOUND_BY_SOURCE_CODE,PARTIALLY_GROUNDED,NO
R1_CURRENT_STANDARD_V2_20260728,lost_track_reacquire_same_raw_max_center_jump,lifecycle,unitless,source-defined numeric domain,0.34,INHERITED_DEFAULT_WITH_PROVENANCE,src/pig_behavior/tracking/config.py sha256=52c5f54ad44b6f76a8d143d168bdc942542d5fd263903cbf630f9c58ecf1cdd0,not a separate empirical selection,not separately selected,global profile; not per-video,lifecycle,not established,YES,Inherited from the hashed TrackingConfig source; no separate sensitivity claim.,PARTIAL_NO_METHOD_SPECIFIC_SENSITIVITY,BOUND_BY_SOURCE_CODE,PARTIALLY_GROUNDED,NO
R1_CURRENT_STANDARD_V2_20260728,lost_track_reacquire_same_raw_owner_guard,lifecycle|identity_repair,boolean,"{false,true}",true,INHERITED_DEFAULT_WITH_PROVENANCE,src/pig_behavior/tracking/config.py sha256=52c5f54ad44b6f76a8d143d168bdc942542d5fd263903cbf630f9c58ecf1cdd0,not a separate empirical selection,not separately selected,global profile; not per-video,lifecycle|identity_repair,not established,YES,Inherited from the hashed TrackingConfig source; no separate sensitivity claim.,PARTIAL_NO_METHOD_SPECIFIC_SENSITIVITY,BOUND_BY_SOURCE_CODE,PARTIALLY_GROUNDED,NO
R1_CURRENT_STANDARD_V2_20260728,lost_track_reid_appearance_threshold,association|lifecycle,unitless,source-defined numeric domain,0.25,INHERITED_DEFAULT_WITH_PROVENANCE,src/pig_behavior/tracking/config.py sha256=52c5f54ad44b6f76a8d143d168bdc942542d5fd263903cbf630f9c58ecf1cdd0,not a separate empirical selection,not separately selected,global profile; not per-video,association|lifecycle,not established,YES,Inherited from the hashed TrackingConfig source; no separate sensitivity claim.,PARTIAL_NO_METHOD_SPECIFIC_SENSITIVITY,BOUND_BY_SOURCE_CODE,PARTIALLY_GROUNDED,NO
R1_CURRENT_STANDARD_V2_20260728,low_conf_max_box_jump_scale,bbox_geometry,unitless,source-defined numeric domain,1.75,INHERITED_DEFAULT_WITH_PROVENANCE,src/pig_behavior/tracking/config.py sha256=52c5f54ad44b6f76a8d143d168bdc942542d5fd263903cbf630f9c58ecf1cdd0,not a separate empirical selection,not separately selected,global profile; not per-video,bbox_geometry,not established,YES,Inherited from the hashed TrackingConfig source; no separate sensitivity claim.,PARTIAL_NO_METHOD_SPECIFIC_SENSITIVITY,BOUND_BY_SOURCE_CODE,PARTIALLY_GROUNDED,NO
R1_CURRENT_STANDARD_V2_20260728,low_conf_max_center_jump,engineering_or_indirect,unitless,source-defined numeric domain,0.08,INHERITED_DEFAULT_WITH_PROVENANCE,src/pig_behavior/tracking/config.py sha256=52c5f54ad44b6f76a8d143d168bdc942542d5fd263903cbf630f9c58ecf1cdd0,not a separate empirical selection,not separately selected,global profile; not per-video,engineering_or_indirect,not established,YES,Inherited from the hashed TrackingConfig source; no separate sensitivity claim.,PARTIAL_NO_METHOD_SPECIFIC_SENSITIVITY,BOUND_BY_SOURCE_CODE,PARTIALLY_GROUNDED,NO
R1_CURRENT_STANDARD_V2_20260728,low_conf_min_iou,association,unitless ratio,"[0,1] unless source contract states otherwise",0.01,INHERITED_DEFAULT_WITH_PROVENANCE,src/pig_behavior/tracking/config.py sha256=52c5f54ad44b6f76a8d143d168bdc942542d5fd263903cbf630f9c58ecf1cdd0,not a separate empirical selection,not separately selected,global profile; not per-video,association,not established,YES,Inherited from the hashed TrackingConfig source; no separate sensitivity claim.,PARTIAL_NO_METHOD_SPECIFIC_SENSITIVITY,BOUND_BY_SOURCE_CODE,PARTIALLY_GROUNDED,NO
R1_CURRENT_STANDARD_V2_20260728,low_conf_motion_gate,engineering_or_indirect,boolean,"{false,true}",true,INHERITED_DEFAULT_WITH_PROVENANCE,src/pig_behavior/tracking/config.py sha256=52c5f54ad44b6f76a8d143d168bdc942542d5fd263903cbf630f9c58ecf1cdd0,not a separate empirical selection,not separately selected,global profile; not per-video,engineering_or_indirect,not established,YES,Inherited from the hashed TrackingConfig source; no separate sensitivity claim.,PARTIAL_NO_METHOD_SPECIFIC_SENSITIVITY,BOUND_BY_SOURCE_CODE,PARTIALLY_GROUNDED,NO
R1_CURRENT_STANDARD_V2_20260728,low_conf_smooth_alpha,bbox_geometry|evaluator_only,unitless,source-defined numeric domain,0.35,INHERITED_DEFAULT_WITH_PROVENANCE,src/pig_behavior/tracking/config.py sha256=52c5f54ad44b6f76a8d143d168bdc942542d5fd263903cbf630f9c58ecf1cdd0,not a separate empirical selection,not separately selected,global profile; not per-video,bbox_geometry|evaluator_only,not established,YES,Inherited from the hashed TrackingConfig source; no separate sensitivity claim.,PARTIAL_NO_METHOD_SPECIFIC_SENSITIVITY,BOUND_BY_SOURCE_CODE,PARTIALLY_GROUNDED,NO
R1_CURRENT_STANDARD_V2_20260728,mark_interpolated_review,engineering_or_indirect,boolean,"{false,true}",true,INHERITED_DEFAULT_WITH_PROVENANCE,src/pig_behavior/tracking/config.py sha256=52c5f54ad44b6f76a8d143d168bdc942542d5fd263903cbf630f9c58ecf1cdd0,not a separate empirical selection,not separately selected,global profile; not per-video,engineering_or_indirect,not established,YES,Inherited from the hashed TrackingConfig source; no separate sensitivity claim.,PARTIAL_NO_METHOD_SPECIFIC_SENSITIVITY,BOUND_BY_SOURCE_CODE,PARTIALLY_GROUNDED,NO
R1_CURRENT_STANDARD_V2_20260728,mask_input_frame,detection|runtime,boolean,"{false,true}",true,INHERITED_DEFAULT_WITH_PROVENANCE,src/pig_behavior/tracking/config.py sha256=52c5f54ad44b6f76a8d143d168bdc942542d5fd263903cbf630f9c58ecf1cdd0,not a separate empirical selection,not separately selected,global profile; not per-video,detection|runtime,not established,YES,Inherited from the hashed TrackingConfig source; no separate sensitivity claim.,PARTIAL_NO_METHOD_SPECIFIC_SENSITIVITY,BOUND_BY_SOURCE_CODE,PARTIALLY_GROUNDED,NO
R1_CURRENT_STANDARD_V2_20260728,mask_iou_max_missed,detection|association|lifecycle,unitless ratio,"[0,1] unless source contract states otherwise",10,INHERITED_DEFAULT_WITH_PROVENANCE,src/pig_behavior/tracking/config.py sha256=52c5f54ad44b6f76a8d143d168bdc942542d5fd263903cbf630f9c58ecf1cdd0,not a separate empirical selection,not separately selected,global profile; not per-video,detection|association|lifecycle,not established,YES,Inherited from the hashed TrackingConfig source; no separate sensitivity claim.,PARTIAL_NO_METHOD_SPECIFIC_SENSITIVITY,BOUND_BY_SOURCE_CODE,PARTIALLY_GROUNDED,NO
R1_CURRENT_STANDARD_V2_20260728,mask_iou_min_area,detection|association,unitless ratio,"[0,1] unless source contract states otherwise",64,INHERITED_DEFAULT_WITH_PROVENANCE,src/pig_behavior/tracking/config.py sha256=52c5f54ad44b6f76a8d143d168bdc942542d5fd263903cbf630f9c58ecf1cdd0,not a separate empirical selection,not separately selected,global profile; not per-video,detection|association,not established,YES,Inherited from the hashed TrackingConfig source; no separate sensitivity claim.,PARTIAL_NO_METHOD_SPECIFIC_SENSITIVITY,BOUND_BY_SOURCE_CODE,PARTIALLY_GROUNDED,NO
R1_CURRENT_STANDARD_V2_20260728,mask_path,detection,categorical/path,source-defined allowed values,"""C:\\Users\\ironh\\Downloads\\PIG_Behavior_Project\\.codex_tmp\\worktrees\\tracking_scientific_grounding_authority\\data\\annotations\\scene\\mask.png""",DATA_SCHEMA_CONSTRAINT,src/pig_behavior/tracking/config.py sha256=52c5f54ad44b6f76a8d143d168bdc942542d5fd263903cbf630f9c58ecf1cdd0,not a separate empirical selection,not separately selected,global profile; not per-video,detection,not established,YES,Bound to the repository data/cache/export schema.,SUFFICIENT,BOUND_BY_SOURCE_CODE,FULLY_GROUNDED,NO
R1_CURRENT_STANDARD_V2_20260728,match_cost_threshold,association,unitless,source-defined numeric domain,0.78,INHERITED_DEFAULT_WITH_PROVENANCE,src/pig_behavior/tracking/config.py sha256=52c5f54ad44b6f76a8d143d168bdc942542d5fd263903cbf630f9c58ecf1cdd0,not a separate empirical selection,not separately selected,global profile; not per-video,association,not established,YES,Inherited from the hashed TrackingConfig source; no separate sensitivity claim.,PARTIAL_NO_METHOD_SPECIFIC_SENSITIVITY,BOUND_BY_SOURCE_CODE,PARTIALLY_GROUNDED,NO
R1_CURRENT_STANDARD_V2_20260728,max_box_scale_change_after_gap,bbox_geometry,unitless,source-defined numeric domain,0.75,INHERITED_DEFAULT_WITH_PROVENANCE,src/pig_behavior/tracking/config.py sha256=52c5f54ad44b6f76a8d143d168bdc942542d5fd263903cbf630f9c58ecf1cdd0,not a separate empirical selection,not separately selected,global profile; not per-video,bbox_geometry,not established,YES,Inherited from the hashed TrackingConfig source; no separate sensitivity claim.,PARTIAL_NO_METHOD_SPECIFIC_SENSITIVITY,BOUND_BY_SOURCE_CODE,PARTIALLY_GROUNDED,NO
R1_CURRENT_STANDARD_V2_20260728,max_box_scale_change_per_frame,bbox_geometry|runtime,frames,non-negative integer unless sentinel documented,0.25,INHERITED_DEFAULT_WITH_PROVENANCE,src/pig_behavior/tracking/config.py sha256=52c5f54ad44b6f76a8d143d168bdc942542d5fd263903cbf630f9c58ecf1cdd0,not a separate empirical selection,not separately selected,global profile; not per-video,bbox_geometry|runtime,not established,YES,Inherited from the hashed TrackingConfig source; no separate sensitivity claim.,PARTIAL_NO_METHOD_SPECIFIC_SENSITIVITY,BOUND_BY_SOURCE_CODE,PARTIALLY_GROUNDED,NO
R1_CURRENT_STANDARD_V2_20260728,max_frames,runtime,frames,non-negative integer unless sentinel documented,null,HARDWARE_OR_RUNTIME_CONSTRAINT,src/pig_behavior/tracking/config.py sha256=52c5f54ad44b6f76a8d143d168bdc942542d5fd263903cbf630f9c58ecf1cdd0,not a separate empirical selection,not separately selected,global profile; not per-video,runtime,not established,YES,Execution/safety constraint rather than a quality claim.,SUFFICIENT,BOUND_BY_SOURCE_CODE,FULLY_GROUNDED,NO
R1_CURRENT_STANDARD_V2_20260728,max_interpolation_gap,engineering_or_indirect,count,source-defined integer domain,30,INHERITED_DEFAULT_WITH_PROVENANCE,src/pig_behavior/tracking/config.py sha256=52c5f54ad44b6f76a8d143d168bdc942542d5fd263903cbf630f9c58ecf1cdd0,not a separate empirical selection,not separately selected,global profile; not per-video,engineering_or_indirect,not established,YES,Inherited from the hashed TrackingConfig source; no separate sensitivity claim.,PARTIAL_NO_METHOD_SPECIFIC_SENSITIVITY,BOUND_BY_SOURCE_CODE,PARTIALLY_GROUNDED,NO
R1_CURRENT_STANDARD_V2_20260728,max_lost_frames,lifecycle|runtime,frames,non-negative integer unless sentinel documented,30,INHERITED_DEFAULT_WITH_PROVENANCE,src/pig_behavior/tracking/config.py sha256=52c5f54ad44b6f76a8d143d168bdc942542d5fd263903cbf630f9c58ecf1cdd0,not a separate empirical selection,not separately selected,global profile; not per-video,lifecycle|runtime,not established,YES,Inherited from the hashed TrackingConfig source; no separate sensitivity claim.,PARTIAL_NO_METHOD_SPECIFIC_SENSITIVITY,BOUND_BY_SOURCE_CODE,PARTIALLY_GROUNDED,NO
R1_CURRENT_STANDARD_V2_20260728,max_missing_frames,runtime,frames,non-negative integer unless sentinel documented,30,INHERITED_DEFAULT_WITH_PROVENANCE,src/pig_behavior/tracking/config.py sha256=52c5f54ad44b6f76a8d143d168bdc942542d5fd263903cbf630f9c58ecf1cdd0,not a separate empirical selection,not separately selected,global profile; not per-video,runtime,not established,YES,Inherited from the hashed TrackingConfig source; no separate sensitivity claim.,PARTIAL_NO_METHOD_SPECIFIC_SENSITIVITY,BOUND_BY_SOURCE_CODE,PARTIALLY_GROUNDED,NO
R1_CURRENT_STANDARD_V2_20260728,max_raw_detections,detection,count,source-defined integer domain,32,PREDECLARED_DEVELOPMENT_SELECTION,src/pig_behavior/tracking/profiles/rf_hybrid_offline.py sha256=bc7c20c21bf6ce283fb8f0ba34b36705805a52591b705a16c81f9014bb755ce9,13-video development evidence,frozen before authority execution; earlier development data visible,global profile; not per-video,detection,authority/ablation record may exist; not universal,YES,Profile override frozen by a development authority before its authority run.,SUFFICIENT_WITH_DEVELOPMENT_SCOPE_LIMITATION,BOUND_BY_EFFECTIVE_CONFIG,FULLY_GROUNDED,NO
R1_CURRENT_STANDARD_V2_20260728,merged_box_growth_ratio,bbox_geometry,unitless,source-defined numeric domain,1.5,INHERITED_DEFAULT_WITH_PROVENANCE,src/pig_behavior/tracking/config.py sha256=52c5f54ad44b6f76a8d143d168bdc942542d5fd263903cbf630f9c58ecf1cdd0,not a separate empirical selection,not separately selected,global profile; not per-video,bbox_geometry,not established,YES,Inherited from the hashed TrackingConfig source; no separate sensitivity claim.,PARTIAL_NO_METHOD_SPECIFIC_SENSITIVITY,BOUND_BY_SOURCE_CODE,PARTIALLY_GROUNDED,NO
R1_CURRENT_STANDARD_V2_20260728,merged_box_neighbor_distance,bbox_geometry,unitless,source-defined numeric domain,0.12,INHERITED_DEFAULT_WITH_PROVENANCE,src/pig_behavior/tracking/config.py sha256=52c5f54ad44b6f76a8d143d168bdc942542d5fd263903cbf630f9c58ecf1cdd0,not a separate empirical selection,not separately selected,global profile; not per-video,bbox_geometry,not established,YES,Inherited from the hashed TrackingConfig source; no separate sensitivity claim.,PARTIAL_NO_METHOD_SPECIFIC_SENSITIVITY,BOUND_BY_SOURCE_CODE,PARTIALLY_GROUNDED,NO
R1_CURRENT_STANDARD_V2_20260728,merged_box_split_max_tracks,bbox_geometry,count,source-defined integer domain,2,INHERITED_DEFAULT_WITH_PROVENANCE,src/pig_behavior/tracking/config.py sha256=52c5f54ad44b6f76a8d143d168bdc942542d5fd263903cbf630f9c58ecf1cdd0,not a separate empirical selection,not separately selected,global profile; not per-video,bbox_geometry,not established,YES,Inherited from the hashed TrackingConfig source; no separate sensitivity claim.,PARTIAL_NO_METHOD_SPECIFIC_SENSITIVITY,BOUND_BY_SOURCE_CODE,PARTIALLY_GROUNDED,NO
R1_CURRENT_STANDARD_V2_20260728,mid_conf_smooth_alpha,bbox_geometry|evaluator_only,unitless,source-defined numeric domain,0.55,INHERITED_DEFAULT_WITH_PROVENANCE,src/pig_behavior/tracking/config.py sha256=52c5f54ad44b6f76a8d143d168bdc942542d5fd263903cbf630f9c58ecf1cdd0,not a separate empirical selection,not separately selected,global profile; not per-video,bbox_geometry|evaluator_only,not established,YES,Inherited from the hashed TrackingConfig source; no separate sensitivity claim.,PARTIAL_NO_METHOD_SPECIFIC_SENSITIVITY,BOUND_BY_SOURCE_CODE,PARTIALLY_GROUNDED,NO
R1_CURRENT_STANDARD_V2_20260728,mode,engineering_or_indirect,categorical/path,source-defined allowed values,"""realtime""",ORIGINAL_METHOD_SPECIFICATION,src/pig_behavior/tracking/config.py sha256=52c5f54ad44b6f76a8d143d168bdc942542d5fd263903cbf630f9c58ecf1cdd0,not a separate empirical selection,not separately selected,global profile; not per-video,engineering_or_indirect,not established,YES,Defines the method family or locked eight-animal task.,SUFFICIENT,BOUND_BY_SOURCE_CODE,FULLY_GROUNDED,NO
R1_CURRENT_STANDARD_V2_20260728,motion_gate_confidence,engineering_or_indirect,unitless ratio,"[0,1] unless source contract states otherwise",0.45,INHERITED_DEFAULT_WITH_PROVENANCE,src/pig_behavior/tracking/config.py sha256=52c5f54ad44b6f76a8d143d168bdc942542d5fd263903cbf630f9c58ecf1cdd0,not a separate empirical selection,not separately selected,global profile; not per-video,engineering_or_indirect,not established,YES,Inherited from the hashed TrackingConfig source; no separate sensitivity claim.,PARTIAL_NO_METHOD_SPECIFIC_SENSITIVITY,BOUND_BY_SOURCE_CODE,PARTIALLY_GROUNDED,NO
R1_CURRENT_STANDARD_V2_20260728,near_wall_hidden_geometry_distance_bbox_scale,Hidden_state|bbox_geometry,unitless,source-defined numeric domain,0.25,INHERITED_DEFAULT_WITH_PROVENANCE,src/pig_behavior/tracking/config.py sha256=52c5f54ad44b6f76a8d143d168bdc942542d5fd263903cbf630f9c58ecf1cdd0,not a separate empirical selection,not separately selected,global profile; not per-video,Hidden_state|bbox_geometry,not established,YES,Inherited from the hashed TrackingConfig source; no separate sensitivity claim.,PARTIAL_NO_METHOD_SPECIFIC_SENSITIVITY,BOUND_BY_SOURCE_CODE,PARTIALLY_GROUNDED,NO
R1_CURRENT_STANDARD_V2_20260728,near_wall_hidden_geometry_max_center_shift,Hidden_state|bbox_geometry,unitless,source-defined numeric domain,0.04,INHERITED_DEFAULT_WITH_PROVENANCE,src/pig_behavior/tracking/config.py sha256=52c5f54ad44b6f76a8d143d168bdc942542d5fd263903cbf630f9c58ecf1cdd0,not a separate empirical selection,not separately selected,global profile; not per-video,Hidden_state|bbox_geometry,not established,YES,Inherited from the hashed TrackingConfig source; no separate sensitivity claim.,PARTIAL_NO_METHOD_SPECIFIC_SENSITIVITY,BOUND_BY_SOURCE_CODE,PARTIALLY_GROUNDED,NO
R1_CURRENT_STANDARD_V2_20260728,near_wall_hidden_geometry_max_gap_frames,Hidden_state|bbox_geometry|runtime,frames,non-negative integer unless sentinel documented,30,INHERITED_DEFAULT_WITH_PROVENANCE,src/pig_behavior/tracking/config.py sha256=52c5f54ad44b6f76a8d143d168bdc942542d5fd263903cbf630f9c58ecf1cdd0,not a separate empirical selection,not separately selected,global profile; not per-video,Hidden_state|bbox_geometry|runtime,not established,YES,Inherited from the hashed TrackingConfig source; no separate sensitivity claim.,PARTIAL_NO_METHOD_SPECIFIC_SENSITIVITY,BOUND_BY_SOURCE_CODE,PARTIALLY_GROUNDED,NO
R1_CURRENT_STANDARD_V2_20260728,near_wall_hidden_geometry_min_width_excess,Hidden_state|bbox_geometry,unitless,source-defined numeric domain,0.08,INHERITED_DEFAULT_WITH_PROVENANCE,src/pig_behavior/tracking/config.py sha256=52c5f54ad44b6f76a8d143d168bdc942542d5fd263903cbf630f9c58ecf1cdd0,not a separate empirical selection,not separately selected,global profile; not per-video,Hidden_state|bbox_geometry,not established,YES,Inherited from the hashed TrackingConfig source; no separate sensitivity claim.,PARTIAL_NO_METHOD_SPECIFIC_SENSITIVITY,BOUND_BY_SOURCE_CODE,PARTIALLY_GROUNDED,NO
R1_CURRENT_STANDARD_V2_20260728,near_wall_hidden_geometry_original_weight,Hidden_state|bbox_geometry,unitless,source-defined numeric domain,0.5,INHERITED_DEFAULT_WITH_PROVENANCE,src/pig_behavior/tracking/config.py sha256=52c5f54ad44b6f76a8d143d168bdc942542d5fd263903cbf630f9c58ecf1cdd0,not a separate empirical selection,not separately selected,global profile; not per-video,Hidden_state|bbox_geometry,not established,YES,Inherited from the hashed TrackingConfig source; no separate sensitivity claim.,PARTIAL_NO_METHOD_SPECIFIC_SENSITIVITY,BOUND_BY_SOURCE_CODE,PARTIALLY_GROUNDED,NO
R1_CURRENT_STANDARD_V2_20260728,near_wall_hidden_geometry_refine,Hidden_state|bbox_geometry,boolean,"{false,true}",false,INHERITED_DEFAULT_WITH_PROVENANCE,src/pig_behavior/tracking/config.py sha256=52c5f54ad44b6f76a8d143d168bdc942542d5fd263903cbf630f9c58ecf1cdd0,not a separate empirical selection,not separately selected,global profile; not per-video,Hidden_state|bbox_geometry,not established,YES,Inherited from the hashed TrackingConfig source; no separate sensitivity claim.,PARTIAL_NO_METHOD_SPECIFIC_SENSITIVITY,BOUND_BY_SOURCE_CODE,PARTIALLY_GROUNDED,NO
R1_CURRENT_STANDARD_V2_20260728,nms_iou,detection|association,unitless ratio,"[0,1] unless source contract states otherwise",0.5,INHERITED_DEFAULT_WITH_PROVENANCE,src/pig_behavior/tracking/config.py sha256=52c5f54ad44b6f76a8d143d168bdc942542d5fd263903cbf630f9c58ecf1cdd0,not a separate empirical selection,not separately selected,global profile; not per-video,detection|association,not established,YES,Inherited from the hashed TrackingConfig source; no separate sensitivity claim.,PARTIAL_NO_METHOD_SPECIFIC_SENSITIVITY,BOUND_BY_SOURCE_CODE,PARTIALLY_GROUNDED,NO
R1_CURRENT_STANDARD_V2_20260728,occlusion_appearance_margin,association|Hidden_state,unitless,source-defined numeric domain,0.08,INHERITED_DEFAULT_WITH_PROVENANCE,src/pig_behavior/tracking/config.py sha256=52c5f54ad44b6f76a8d143d168bdc942542d5fd263903cbf630f9c58ecf1cdd0,not a separate empirical selection,not separately selected,global profile; not per-video,association|Hidden_state,not established,YES,Inherited from the hashed TrackingConfig source; no separate sensitivity claim.,PARTIAL_NO_METHOD_SPECIFIC_SENSITIVITY,BOUND_BY_SOURCE_CODE,PARTIALLY_GROUNDED,NO
R1_CURRENT_STANDARD_V2_20260728,occlusion_appearance_penalty,association|Hidden_state,unitless,source-defined numeric domain,0.3,INHERITED_DEFAULT_WITH_PROVENANCE,src/pig_behavior/tracking/config.py sha256=52c5f54ad44b6f76a8d143d168bdc942542d5fd263903cbf630f9c58ecf1cdd0,not a separate empirical selection,not separately selected,global profile; not per-video,association|Hidden_state,not established,YES,Inherited from the hashed TrackingConfig source; no separate sensitivity claim.,PARTIAL_NO_METHOD_SPECIFIC_SENSITIVITY,BOUND_BY_SOURCE_CODE,PARTIALLY_GROUNDED,NO
R1_CURRENT_STANDARD_V2_20260728,occlusion_aware_matching,association|Hidden_state,boolean,"{false,true}",false,PREDECLARED_DEVELOPMENT_SELECTION,src/pig_behavior/tracking/profiles/rf_hybrid_offline.py sha256=bc7c20c21bf6ce283fb8f0ba34b36705805a52591b705a16c81f9014bb755ce9,13-video development evidence,frozen before authority execution; earlier development data visible,global profile; not per-video,association|Hidden_state,authority/ablation record may exist; not universal,YES,Profile override frozen by a development authority before its authority run.,SUFFICIENT_WITH_DEVELOPMENT_SCOPE_LIMITATION,BOUND_BY_EFFECTIVE_CONFIG,FULLY_GROUNDED,NO
R1_CURRENT_STANDARD_V2_20260728,occlusion_competitor_margin,Hidden_state,unitless,source-defined numeric domain,0.12,INHERITED_DEFAULT_WITH_PROVENANCE,src/pig_behavior/tracking/config.py sha256=52c5f54ad44b6f76a8d143d168bdc942542d5fd263903cbf630f9c58ecf1cdd0,not a separate empirical selection,not separately selected,global profile; not per-video,Hidden_state,not established,YES,Inherited from the hashed TrackingConfig source; no separate sensitivity claim.,PARTIAL_NO_METHOD_SPECIFIC_SENSITIVITY,BOUND_BY_SOURCE_CODE,PARTIALLY_GROUNDED,NO
R1_CURRENT_STANDARD_V2_20260728,occlusion_detection_iom_threshold,detection|Hidden_state,unitless,source-defined numeric domain,0.3,INHERITED_DEFAULT_WITH_PROVENANCE,src/pig_behavior/tracking/config.py sha256=52c5f54ad44b6f76a8d143d168bdc942542d5fd263903cbf630f9c58ecf1cdd0,not a separate empirical selection,not separately selected,global profile; not per-video,detection|Hidden_state,not established,YES,Inherited from the hashed TrackingConfig source; no separate sensitivity claim.,PARTIAL_NO_METHOD_SPECIFIC_SENSITIVITY,BOUND_BY_SOURCE_CODE,PARTIALLY_GROUNDED,NO
R1_CURRENT_STANDARD_V2_20260728,occlusion_hold_hidden_frames,Hidden_state|runtime,frames,non-negative integer unless sentinel documented,2,INHERITED_DEFAULT_WITH_PROVENANCE,src/pig_behavior/tracking/config.py sha256=52c5f54ad44b6f76a8d143d168bdc942542d5fd263903cbf630f9c58ecf1cdd0,not a separate empirical selection,not separately selected,global profile; not per-video,Hidden_state|runtime,not established,YES,Inherited from the hashed TrackingConfig source; no separate sensitivity claim.,PARTIAL_NO_METHOD_SPECIFIC_SENSITIVITY,BOUND_BY_SOURCE_CODE,PARTIALLY_GROUNDED,NO
R1_CURRENT_STANDARD_V2_20260728,occlusion_hold_max_frames,Hidden_state|runtime,frames,non-negative integer unless sentinel documented,30,HARDWARE_OR_RUNTIME_CONSTRAINT,src/pig_behavior/tracking/config.py sha256=52c5f54ad44b6f76a8d143d168bdc942542d5fd263903cbf630f9c58ecf1cdd0,not a separate empirical selection,not separately selected,global profile; not per-video,Hidden_state|runtime,not established,YES,Execution/safety constraint rather than a quality claim.,SUFFICIENT,BOUND_BY_SOURCE_CODE,FULLY_GROUNDED,NO
R1_CURRENT_STANDARD_V2_20260728,occlusion_reid_bad_match_action,association|Hidden_state,categorical/path,source-defined allowed values,"""hold""",INHERITED_DEFAULT_WITH_PROVENANCE,src/pig_behavior/tracking/config.py sha256=52c5f54ad44b6f76a8d143d168bdc942542d5fd263903cbf630f9c58ecf1cdd0,not a separate empirical selection,not separately selected,global profile; not per-video,association|Hidden_state,not established,YES,Inherited from the hashed TrackingConfig source; no separate sensitivity claim.,PARTIAL_NO_METHOD_SPECIFIC_SENSITIVITY,BOUND_BY_SOURCE_CODE,PARTIALLY_GROUNDED,NO
R1_CURRENT_STANDARD_V2_20260728,occlusion_reid_bad_match_include_recent_visible,association|Hidden_state,boolean,"{false,true}",false,INHERITED_DEFAULT_WITH_PROVENANCE,src/pig_behavior/tracking/config.py sha256=52c5f54ad44b6f76a8d143d168bdc942542d5fd263903cbf630f9c58ecf1cdd0,not a separate empirical selection,not separately selected,global profile; not per-video,association|Hidden_state,not established,YES,Inherited from the hashed TrackingConfig source; no separate sensitivity claim.,PARTIAL_NO_METHOD_SPECIFIC_SENSITIVITY,BOUND_BY_SOURCE_CODE,PARTIALLY_GROUNDED,NO
R1_CURRENT_STANDARD_V2_20260728,occlusion_reid_bad_match_max_cost,association|Hidden_state,unitless,source-defined numeric domain,1.0,INHERITED_DEFAULT_WITH_PROVENANCE,src/pig_behavior/tracking/config.py sha256=52c5f54ad44b6f76a8d143d168bdc942542d5fd263903cbf630f9c58ecf1cdd0,not a separate empirical selection,not separately selected,global profile; not per-video,association|Hidden_state,not established,YES,Inherited from the hashed TrackingConfig source; no separate sensitivity claim.,PARTIAL_NO_METHOD_SPECIFIC_SENSITIVITY,BOUND_BY_SOURCE_CODE,PARTIALLY_GROUNDED,NO
R1_CURRENT_STANDARD_V2_20260728,occlusion_reid_bad_match_max_missed,association|lifecycle|Hidden_state,frames,non-negative integer unless sentinel documented,3,INHERITED_DEFAULT_WITH_PROVENANCE,src/pig_behavior/tracking/config.py sha256=52c5f54ad44b6f76a8d143d168bdc942542d5fd263903cbf630f9c58ecf1cdd0,not a separate empirical selection,not separately selected,global profile; not per-video,association|lifecycle|Hidden_state,not established,YES,Inherited from the hashed TrackingConfig source; no separate sensitivity claim.,PARTIAL_NO_METHOD_SPECIFIC_SENSITIVITY,BOUND_BY_SOURCE_CODE,PARTIALLY_GROUNDED,NO
R1_CURRENT_STANDARD_V2_20260728,occlusion_reid_bad_match_min_cost,association|Hidden_state,unitless,source-defined numeric domain,0.6,INHERITED_DEFAULT_WITH_PROVENANCE,src/pig_behavior/tracking/config.py sha256=52c5f54ad44b6f76a8d143d168bdc942542d5fd263903cbf630f9c58ecf1cdd0,not a separate empirical selection,not separately selected,global profile; not per-video,association|Hidden_state,not established,YES,Inherited from the hashed TrackingConfig source; no separate sensitivity claim.,PARTIAL_NO_METHOD_SPECIFIC_SENSITIVITY,BOUND_BY_SOURCE_CODE,PARTIALLY_GROUNDED,NO
R1_CURRENT_STANDARD_V2_20260728,occlusion_reid_bad_match_min_missed,association|lifecycle|Hidden_state,frames,non-negative integer unless sentinel documented,0,INHERITED_DEFAULT_WITH_PROVENANCE,src/pig_behavior/tracking/config.py sha256=52c5f54ad44b6f76a8d143d168bdc942542d5fd263903cbf630f9c58ecf1cdd0,not a separate empirical selection,not separately selected,global profile; not per-video,association|lifecycle|Hidden_state,not established,YES,Inherited from the hashed TrackingConfig source; no separate sensitivity claim.,PARTIAL_NO_METHOD_SPECIFIC_SENSITIVITY,BOUND_BY_SOURCE_CODE,PARTIALLY_GROUNDED,NO
R1_CURRENT_STANDARD_V2_20260728,occlusion_reid_bad_match_occlusion_hold_only,association|Hidden_state,boolean,"{false,true}",false,INHERITED_DEFAULT_WITH_PROVENANCE,src/pig_behavior/tracking/config.py sha256=52c5f54ad44b6f76a8d143d168bdc942542d5fd263903cbf630f9c58ecf1cdd0,not a separate empirical selection,not separately selected,global profile; not per-video,association|Hidden_state,not established,YES,Inherited from the hashed TrackingConfig source; no separate sensitivity claim.,PARTIAL_NO_METHOD_SPECIFIC_SENSITIVITY,BOUND_BY_SOURCE_CODE,PARTIALLY_GROUNDED,NO
R1_CURRENT_STANDARD_V2_20260728,occlusion_reid_bad_match_once_per_episode,association|Hidden_state,boolean,"{false,true}",false,INHERITED_DEFAULT_WITH_PROVENANCE,src/pig_behavior/tracking/config.py sha256=52c5f54ad44b6f76a8d143d168bdc942542d5fd263903cbf630f9c58ecf1cdd0,not a separate empirical selection,not separately selected,global profile; not per-video,association|Hidden_state,not established,YES,Inherited from the hashed TrackingConfig source; no separate sensitivity claim.,PARTIAL_NO_METHOD_SPECIFIC_SENSITIVITY,BOUND_BY_SOURCE_CODE,PARTIALLY_GROUNDED,NO
R1_CURRENT_STANDARD_V2_20260728,occlusion_reid_bad_match_raw_mismatch_only,association|Hidden_state,boolean,"{false,true}",false,INHERITED_DEFAULT_WITH_PROVENANCE,src/pig_behavior/tracking/config.py sha256=52c5f54ad44b6f76a8d143d168bdc942542d5fd263903cbf630f9c58ecf1cdd0,not a separate empirical selection,not separately selected,global profile; not per-video,association|Hidden_state,not established,YES,Inherited from the hashed TrackingConfig source; no separate sensitivity claim.,PARTIAL_NO_METHOD_SPECIFIC_SENSITIVITY,BOUND_BY_SOURCE_CODE,PARTIALLY_GROUNDED,NO
R1_CURRENT_STANDARD_V2_20260728,occlusion_reid_bad_match_same_raw_only,association|Hidden_state,boolean,"{false,true}",true,INHERITED_DEFAULT_WITH_PROVENANCE,src/pig_behavior/tracking/config.py sha256=52c5f54ad44b6f76a8d143d168bdc942542d5fd263903cbf630f9c58ecf1cdd0,not a separate empirical selection,not separately selected,global profile; not per-video,association|Hidden_state,not established,YES,Inherited from the hashed TrackingConfig source; no separate sensitivity claim.,PARTIAL_NO_METHOD_SPECIFIC_SENSITIVITY,BOUND_BY_SOURCE_CODE,PARTIALLY_GROUNDED,NO
R1_CURRENT_STANDARD_V2_20260728,occlusion_reid_bad_match_unowned_raw_only,association|Hidden_state,boolean,"{false,true}",false,INHERITED_DEFAULT_WITH_PROVENANCE,src/pig_behavior/tracking/config.py sha256=52c5f54ad44b6f76a8d143d168bdc942542d5fd263903cbf630f9c58ecf1cdd0,not a separate empirical selection,not separately selected,global profile; not per-video,association|Hidden_state,not established,YES,Inherited from the hashed TrackingConfig source; no separate sensitivity claim.,PARTIAL_NO_METHOD_SPECIFIC_SENSITIVITY,BOUND_BY_SOURCE_CODE,PARTIALLY_GROUNDED,NO
R1_CURRENT_STANDARD_V2_20260728,occlusion_reid_bad_match_visible_min_cost,association|Hidden_state,unitless,source-defined numeric domain,0.7,INHERITED_DEFAULT_WITH_PROVENANCE,src/pig_behavior/tracking/config.py sha256=52c5f54ad44b6f76a8d143d168bdc942542d5fd263903cbf630f9c58ecf1cdd0,not a separate empirical selection,not separately selected,global profile; not per-video,association|Hidden_state,not established,YES,Inherited from the hashed TrackingConfig source; no separate sensitivity claim.,PARTIAL_NO_METHOD_SPECIFIC_SENSITIVITY,BOUND_BY_SOURCE_CODE,PARTIALLY_GROUNDED,NO
R1_CURRENT_STANDARD_V2_20260728,occlusion_reid_prefer_gap_over_bad_match,association|Hidden_state,boolean,"{false,true}",false,INHERITED_DEFAULT_WITH_PROVENANCE,src/pig_behavior/tracking/config.py sha256=52c5f54ad44b6f76a8d143d168bdc942542d5fd263903cbf630f9c58ecf1cdd0,not a separate empirical selection,not separately selected,global profile; not per-video,association|Hidden_state,not established,YES,Inherited from the hashed TrackingConfig source; no separate sensitivity claim.,PARTIAL_NO_METHOD_SPECIFIC_SENSITIVITY,BOUND_BY_SOURCE_CODE,PARTIALLY_GROUNDED,NO
R1_CURRENT_STANDARD_V2_20260728,occlusion_stationary_lock,Hidden_state,boolean,"{false,true}",true,INHERITED_DEFAULT_WITH_PROVENANCE,src/pig_behavior/tracking/config.py sha256=52c5f54ad44b6f76a8d143d168bdc942542d5fd263903cbf630f9c58ecf1cdd0,not a separate empirical selection,not separately selected,global profile; not per-video,Hidden_state,not established,YES,Inherited from the hashed TrackingConfig source; no separate sensitivity claim.,PARTIAL_NO_METHOD_SPECIFIC_SENSITIVITY,BOUND_BY_SOURCE_CODE,PARTIALLY_GROUNDED,NO
R1_CURRENT_STANDARD_V2_20260728,occlusion_stationary_max_center_jump,Hidden_state,unitless,source-defined numeric domain,0.045,INHERITED_DEFAULT_WITH_PROVENANCE,src/pig_behavior/tracking/config.py sha256=52c5f54ad44b6f76a8d143d168bdc942542d5fd263903cbf630f9c58ecf1cdd0,not a separate empirical selection,not separately selected,global profile; not per-video,Hidden_state,not established,YES,Inherited from the hashed TrackingConfig source; no separate sensitivity claim.,PARTIAL_NO_METHOD_SPECIFIC_SENSITIVITY,BOUND_BY_SOURCE_CODE,PARTIALLY_GROUNDED,NO
R1_CURRENT_STANDARD_V2_20260728,occlusion_stationary_speed,Hidden_state,unitless,source-defined numeric domain,0.006,INHERITED_DEFAULT_WITH_PROVENANCE,src/pig_behavior/tracking/config.py sha256=52c5f54ad44b6f76a8d143d168bdc942542d5fd263903cbf630f9c58ecf1cdd0,not a separate empirical selection,not separately selected,global profile; not per-video,Hidden_state,not established,YES,Inherited from the hashed TrackingConfig source; no separate sensitivity claim.,PARTIAL_NO_METHOD_SPECIFIC_SENSITIVITY,BOUND_BY_SOURCE_CODE,PARTIALLY_GROUNDED,NO
R1_CURRENT_STANDARD_V2_20260728,occlusion_switch_penalty,Hidden_state,unitless,source-defined numeric domain,0.45,INHERITED_DEFAULT_WITH_PROVENANCE,src/pig_behavior/tracking/config.py sha256=52c5f54ad44b6f76a8d143d168bdc942542d5fd263903cbf630f9c58ecf1cdd0,not a separate empirical selection,not separately selected,global profile; not per-video,Hidden_state,not established,YES,Inherited from the hashed TrackingConfig source; no separate sensitivity claim.,PARTIAL_NO_METHOD_SPECIFIC_SENSITIVITY,BOUND_BY_SOURCE_CODE,PARTIALLY_GROUNDED,NO
R1_CURRENT_STANDARD_V2_20260728,occlusion_track_iom_threshold,Hidden_state,unitless,source-defined numeric domain,0.3,INHERITED_DEFAULT_WITH_PROVENANCE,src/pig_behavior/tracking/config.py sha256=52c5f54ad44b6f76a8d143d168bdc942542d5fd263903cbf630f9c58ecf1cdd0,not a separate empirical selection,not separately selected,global profile; not per-video,Hidden_state,not established,YES,Inherited from the hashed TrackingConfig source; no separate sensitivity claim.,PARTIAL_NO_METHOD_SPECIFIC_SENSITIVITY,BOUND_BY_SOURCE_CODE,PARTIALLY_GROUNDED,NO
R1_CURRENT_STANDARD_V2_20260728,output_dir,engineering_or_indirect,categorical/path,source-defined allowed values,"""C:\\Users\\ironh\\Downloads\\PIG_Behavior_Project\\.codex_tmp\\worktrees\\tracking_scientific_grounding_authority\\outputs\\pred""",INHERITED_DEFAULT_WITH_PROVENANCE,src/pig_behavior/tracking/config.py sha256=52c5f54ad44b6f76a8d143d168bdc942542d5fd263903cbf630f9c58ecf1cdd0,not a separate empirical selection,not separately selected,global profile; not per-video,engineering_or_indirect,not established,YES,Inherited from the hashed TrackingConfig source; no separate sensitivity claim.,PARTIAL_NO_METHOD_SPECIFIC_SENSITIVITY,BOUND_BY_SOURCE_CODE,PARTIALLY_GROUNDED,NO
R1_CURRENT_STANDARD_V2_20260728,output_fps,engineering_or_indirect,unitless,source-defined numeric domain,30.0,INHERITED_DEFAULT_WITH_PROVENANCE,src/pig_behavior/tracking/config.py sha256=52c5f54ad44b6f76a8d143d168bdc942542d5fd263903cbf630f9c58ecf1cdd0,not a separate empirical selection,not separately selected,global profile; not per-video,engineering_or_indirect,not established,YES,Inherited from the hashed TrackingConfig source; no separate sensitivity claim.,PARTIAL_NO_METHOD_SPECIFIC_SENSITIVITY,BOUND_BY_SOURCE_CODE,PARTIALLY_GROUNDED,NO
R1_CURRENT_STANDARD_V2_20260728,output_video,runtime,not applicable,None or source-defined value,null,INHERITED_DEFAULT_WITH_PROVENANCE,src/pig_behavior/tracking/config.py sha256=52c5f54ad44b6f76a8d143d168bdc942542d5fd263903cbf630f9c58ecf1cdd0,not a separate empirical selection,not separately selected,global profile; not per-video,runtime,not established,YES,Inherited from the hashed TrackingConfig source; no separate sensitivity claim.,PARTIAL_NO_METHOD_SPECIFIC_SENSITIVITY,BOUND_BY_SOURCE_CODE,PARTIALLY_GROUNDED,NO
R1_CURRENT_STANDARD_V2_20260728,overlap_small_box_max_area_ratio,bbox_geometry,unitless,source-defined numeric domain,0.65,INHERITED_DEFAULT_WITH_PROVENANCE,src/pig_behavior/tracking/config.py sha256=52c5f54ad44b6f76a8d143d168bdc942542d5fd263903cbf630f9c58ecf1cdd0,not a separate empirical selection,not separately selected,global profile; not per-video,bbox_geometry,not established,YES,Inherited from the hashed TrackingConfig source; no separate sensitivity claim.,PARTIAL_NO_METHOD_SPECIFIC_SENSITIVITY,BOUND_BY_SOURCE_CODE,PARTIALLY_GROUNDED,NO
R1_CURRENT_STANDARD_V2_20260728,overlap_small_box_max_score,bbox_geometry,unitless,source-defined numeric domain,0.75,INHERITED_DEFAULT_WITH_PROVENANCE,src/pig_behavior/tracking/config.py sha256=52c5f54ad44b6f76a8d143d168bdc942542d5fd263903cbf630f9c58ecf1cdd0,not a separate empirical selection,not separately selected,global profile; not per-video,bbox_geometry,not established,YES,Inherited from the hashed TrackingConfig source; no separate sensitivity claim.,PARTIAL_NO_METHOD_SPECIFIC_SENSITIVITY,BOUND_BY_SOURCE_CODE,PARTIALLY_GROUNDED,NO
R1_CURRENT_STANDARD_V2_20260728,overlap_small_box_min_iou,association|bbox_geometry,unitless ratio,"[0,1] unless source contract states otherwise",0.4,INHERITED_DEFAULT_WITH_PROVENANCE,src/pig_behavior/tracking/config.py sha256=52c5f54ad44b6f76a8d143d168bdc942542d5fd263903cbf630f9c58ecf1cdd0,not a separate empirical selection,not separately selected,global profile; not per-video,association|bbox_geometry,not established,YES,Inherited from the hashed TrackingConfig source; no separate sensitivity claim.,PARTIAL_NO_METHOD_SPECIFIC_SENSITIVITY,BOUND_BY_SOURCE_CODE,PARTIALLY_GROUNDED,NO
R1_CURRENT_STANDARD_V2_20260728,overlap_small_box_suppression,bbox_geometry,boolean,"{false,true}",false,INHERITED_DEFAULT_WITH_PROVENANCE,src/pig_behavior/tracking/config.py sha256=52c5f54ad44b6f76a8d143d168bdc942542d5fd263903cbf630f9c58ecf1cdd0,not a separate empirical selection,not separately selected,global profile; not per-video,bbox_geometry,not established,YES,Inherited from the hashed TrackingConfig source; no separate sensitivity claim.,PARTIAL_NO_METHOD_SPECIFIC_SENSITIVITY,BOUND_BY_SOURCE_CODE,PARTIALLY_GROUNDED,NO
R1_CURRENT_STANDARD_V2_20260728,overrides,engineering_or_indirect,categorical/path,source-defined allowed values,"""set()""",INHERITED_DEFAULT_WITH_PROVENANCE,src/pig_behavior/tracking/config.py sha256=52c5f54ad44b6f76a8d143d168bdc942542d5fd263903cbf630f9c58ecf1cdd0,not a separate empirical selection,not separately selected,global profile; not per-video,engineering_or_indirect,not established,YES,Inherited from the hashed TrackingConfig source; no separate sensitivity claim.,PARTIAL_NO_METHOD_SPECIFIC_SENSITIVITY,BOUND_BY_SOURCE_CODE,PARTIALLY_GROUNDED,NO
R1_CURRENT_STANDARD_V2_20260728,quality_report_csv,engineering_or_indirect,not applicable,None or source-defined value,null,INHERITED_DEFAULT_WITH_PROVENANCE,src/pig_behavior/tracking/config.py sha256=52c5f54ad44b6f76a8d143d168bdc942542d5fd263903cbf630f9c58ecf1cdd0,not a separate empirical selection,not separately selected,global profile; not per-video,engineering_or_indirect,not established,YES,Inherited from the hashed TrackingConfig source; no separate sensitivity claim.,PARTIAL_NO_METHOD_SPECIFIC_SENSITIVITY,BOUND_BY_SOURCE_CODE,PARTIALLY_GROUNDED,NO
R1_CURRENT_STANDARD_V2_20260728,quality_report_json,engineering_or_indirect,not applicable,None or source-defined value,null,INHERITED_DEFAULT_WITH_PROVENANCE,src/pig_behavior/tracking/config.py sha256=52c5f54ad44b6f76a8d143d168bdc942542d5fd263903cbf630f9c58ecf1cdd0,not a separate empirical selection,not separately selected,global profile; not per-video,engineering_or_indirect,not established,YES,Inherited from the hashed TrackingConfig source; no separate sensitivity claim.,PARTIAL_NO_METHOD_SPECIFIC_SENSITIVITY,BOUND_BY_SOURCE_CODE,PARTIALLY_GROUNDED,NO
R1_CURRENT_STANDARD_V2_20260728,realtime_core_pairwise_max_total_cost_increase,association,unitless,source-defined numeric domain,0.05,PREDECLARED_DEVELOPMENT_SELECTION,src/pig_behavior/tracking/profiles/rf_hybrid_offline.py sha256=bc7c20c21bf6ce283fb8f0ba34b36705805a52591b705a16c81f9014bb755ce9,13-video development evidence,frozen before authority execution; earlier development data visible,global profile; not per-video,association,authority/ablation record may exist; not universal,YES,Profile override frozen by a development authority before its authority run.,SUFFICIENT_WITH_DEVELOPMENT_SCOPE_LIMITATION,BOUND_BY_EFFECTIVE_CONFIG,FULLY_GROUNDED,NO
R1_CURRENT_STANDARD_V2_20260728,realtime_core_pairwise_min_detection_iou,detection|association,unitless ratio,"[0,1] unless source contract states otherwise",0.3,PREDECLARED_DEVELOPMENT_SELECTION,src/pig_behavior/tracking/profiles/rf_hybrid_offline.py sha256=bc7c20c21bf6ce283fb8f0ba34b36705805a52591b705a16c81f9014bb755ce9,13-video development evidence,frozen before authority execution; earlier development data visible,global profile; not per-video,detection|association,authority/ablation record may exist; not universal,YES,Profile override frozen by a development authority before its authority run.,SUFFICIENT_WITH_DEVELOPMENT_SCOPE_LIMITATION,BOUND_BY_EFFECTIVE_CONFIG,FULLY_GROUNDED,NO
R1_CURRENT_STANDARD_V2_20260728,realtime_core_pairwise_min_total_appearance_gain,association,unitless,source-defined numeric domain,0.1,PREDECLARED_DEVELOPMENT_SELECTION,src/pig_behavior/tracking/profiles/rf_hybrid_offline.py sha256=bc7c20c21bf6ce283fb8f0ba34b36705805a52591b705a16c81f9014bb755ce9,13-video development evidence,frozen before authority execution; earlier development data visible,global profile; not per-video,association,authority/ablation record may exist; not universal,YES,Profile override frozen by a development authority before its authority run.,SUFFICIENT_WITH_DEVELOPMENT_SCOPE_LIMITATION,BOUND_BY_EFFECTIVE_CONFIG,FULLY_GROUNDED,NO
R1_CURRENT_STANDARD_V2_20260728,realtime_core_pairwise_tiebreak,engineering_or_indirect,boolean,"{false,true}",true,PREDECLARED_DEVELOPMENT_SELECTION,src/pig_behavior/tracking/profiles/rf_hybrid_offline.py sha256=bc7c20c21bf6ce283fb8f0ba34b36705805a52591b705a16c81f9014bb755ce9,13-video development evidence,frozen before authority execution; earlier development data visible,global profile; not per-video,engineering_or_indirect,authority/ablation record may exist; not universal,YES,Profile override frozen by a development authority before its authority run.,SUFFICIENT_WITH_DEVELOPMENT_SCOPE_LIMITATION,BOUND_BY_EFFECTIVE_CONFIG,FULLY_GROUNDED,NO
R1_CURRENT_STANDARD_V2_20260728,realtime_core_unassigned_max_cost_delta,association,unitless,source-defined numeric domain,0.01,PREDECLARED_DEVELOPMENT_SELECTION,src/pig_behavior/tracking/profiles/rf_hybrid_offline.py sha256=bc7c20c21bf6ce283fb8f0ba34b36705805a52591b705a16c81f9014bb755ce9,13-video development evidence,frozen before authority execution; earlier development data visible,global profile; not per-video,association,authority/ablation record may exist; not universal,YES,Profile override frozen by a development authority before its authority run.,SUFFICIENT_WITH_DEVELOPMENT_SCOPE_LIMITATION,BOUND_BY_EFFECTIVE_CONFIG,FULLY_GROUNDED,NO
R1_CURRENT_STANDARD_V2_20260728,realtime_core_unassigned_max_selected_cost,association,unitless,source-defined numeric domain,0.4,PREDECLARED_DEVELOPMENT_SELECTION,src/pig_behavior/tracking/profiles/rf_hybrid_offline.py sha256=bc7c20c21bf6ce283fb8f0ba34b36705805a52591b705a16c81f9014bb755ce9,13-video development evidence,frozen before authority execution; earlier development data visible,global profile; not per-video,association,authority/ablation record may exist; not universal,YES,Profile override frozen by a development authority before its authority run.,SUFFICIENT_WITH_DEVELOPMENT_SCOPE_LIMITATION,BOUND_BY_EFFECTIVE_CONFIG,FULLY_GROUNDED,NO
R1_CURRENT_STANDARD_V2_20260728,realtime_core_unassigned_min_appearance_gain,association,unitless,source-defined numeric domain,0.01,PREDECLARED_DEVELOPMENT_SELECTION,src/pig_behavior/tracking/profiles/rf_hybrid_offline.py sha256=bc7c20c21bf6ce283fb8f0ba34b36705805a52591b705a16c81f9014bb755ce9,13-video development evidence,frozen before authority execution; earlier development data visible,global profile; not per-video,association,authority/ablation record may exist; not universal,YES,Profile override frozen by a development authority before its authority run.,SUFFICIENT_WITH_DEVELOPMENT_SCOPE_LIMITATION,BOUND_BY_EFFECTIVE_CONFIG,FULLY_GROUNDED,NO
R1_CURRENT_STANDARD_V2_20260728,realtime_core_unassigned_min_detection_iou,detection|association,unitless ratio,"[0,1] unless source contract states otherwise",0.3,PREDECLARED_DEVELOPMENT_SELECTION,src/pig_behavior/tracking/profiles/rf_hybrid_offline.py sha256=bc7c20c21bf6ce283fb8f0ba34b36705805a52591b705a16c81f9014bb755ce9,13-video development evidence,frozen before authority execution; earlier development data visible,global profile; not per-video,detection|association,authority/ablation record may exist; not universal,YES,Profile override frozen by a development authority before its authority run.,SUFFICIENT_WITH_DEVELOPMENT_SCOPE_LIMITATION,BOUND_BY_EFFECTIVE_CONFIG,FULLY_GROUNDED,NO
R1_CURRENT_STANDARD_V2_20260728,realtime_core_unassigned_require_score_nondecrease,engineering_or_indirect,boolean,"{false,true}",true,PREDECLARED_DEVELOPMENT_SELECTION,src/pig_behavior/tracking/profiles/rf_hybrid_offline.py sha256=bc7c20c21bf6ce283fb8f0ba34b36705805a52591b705a16c81f9014bb755ce9,13-video development evidence,frozen before authority execution; earlier development data visible,global profile; not per-video,engineering_or_indirect,authority/ablation record may exist; not universal,YES,Profile override frozen by a development authority before its authority run.,SUFFICIENT_WITH_DEVELOPMENT_SCOPE_LIMITATION,BOUND_BY_EFFECTIVE_CONFIG,FULLY_GROUNDED,NO
R1_CURRENT_STANDARD_V2_20260728,realtime_core_unassigned_tiebreak,engineering_or_indirect,boolean,"{false,true}",true,PREDECLARED_DEVELOPMENT_SELECTION,src/pig_behavior/tracking/profiles/rf_hybrid_offline.py sha256=bc7c20c21bf6ce283fb8f0ba34b36705805a52591b705a16c81f9014bb755ce9,13-video development evidence,frozen before authority execution; earlier development data visible,global profile; not per-video,engineering_or_indirect,authority/ablation record may exist; not universal,YES,Profile override frozen by a development authority before its authority run.,SUFFICIENT_WITH_DEVELOPMENT_SCOPE_LIMITATION,BOUND_BY_EFFECTIVE_CONFIG,FULLY_GROUNDED,NO
R1_CURRENT_STANDARD_V2_20260728,realtime_lk_point_batching,engineering_or_indirect,boolean,"{false,true}",true,PREDECLARED_DEVELOPMENT_SELECTION,src/pig_behavior/tracking/profiles/rf_hybrid_offline.py sha256=bc7c20c21bf6ce283fb8f0ba34b36705805a52591b705a16c81f9014bb755ce9,13-video development evidence,frozen before authority execution; earlier development data visible,global profile; not per-video,engineering_or_indirect,authority/ablation record may exist; not universal,YES,Profile override frozen by a development authority before its authority run.,SUFFICIENT_WITH_DEVELOPMENT_SCOPE_LIMITATION,BOUND_BY_EFFECTIVE_CONFIG,FULLY_GROUNDED,NO
R1_CURRENT_STANDARD_V2_20260728,realtime_low_conf_recovery_guard,engineering_or_indirect,boolean,"{false,true}",false,INHERITED_DEFAULT_WITH_PROVENANCE,src/pig_behavior/tracking/config.py sha256=52c5f54ad44b6f76a8d143d168bdc942542d5fd263903cbf630f9c58ecf1cdd0,not a separate empirical selection,not separately selected,global profile; not per-video,engineering_or_indirect,not established,YES,Inherited from the hashed TrackingConfig source; no separate sensitivity claim.,PARTIAL_NO_METHOD_SPECIFIC_SENSITIVITY,BOUND_BY_SOURCE_CODE,PARTIALLY_GROUNDED,NO
R1_CURRENT_STANDARD_V2_20260728,realtime_low_conf_recovery_max_missed,lifecycle,frames,non-negative integer unless sentinel documented,20,INHERITED_DEFAULT_WITH_PROVENANCE,src/pig_behavior/tracking/config.py sha256=52c5f54ad44b6f76a8d143d168bdc942542d5fd263903cbf630f9c58ecf1cdd0,not a separate empirical selection,not separately selected,global profile; not per-video,lifecycle,not established,YES,Inherited from the hashed TrackingConfig source; no separate sensitivity claim.,PARTIAL_NO_METHOD_SPECIFIC_SENSITIVITY,BOUND_BY_SOURCE_CODE,PARTIALLY_GROUNDED,NO
R1_CURRENT_STANDARD_V2_20260728,realtime_low_conf_recovery_min_missed,lifecycle,frames,non-negative integer unless sentinel documented,3,INHERITED_DEFAULT_WITH_PROVENANCE,src/pig_behavior/tracking/config.py sha256=52c5f54ad44b6f76a8d143d168bdc942542d5fd263903cbf630f9c58ecf1cdd0,not a separate empirical selection,not separately selected,global profile; not per-video,lifecycle,not established,YES,Inherited from the hashed TrackingConfig source; no separate sensitivity claim.,PARTIAL_NO_METHOD_SPECIFIC_SENSITIVITY,BOUND_BY_SOURCE_CODE,PARTIALLY_GROUNDED,NO
R1_CURRENT_STANDARD_V2_20260728,realtime_low_conf_recovery_min_score,engineering_or_indirect,unitless,source-defined numeric domain,0.5,INHERITED_DEFAULT_WITH_PROVENANCE,src/pig_behavior/tracking/config.py sha256=52c5f54ad44b6f76a8d143d168bdc942542d5fd263903cbf630f9c58ecf1cdd0,not a separate empirical selection,not separately selected,global profile; not per-video,engineering_or_indirect,not established,YES,Inherited from the hashed TrackingConfig source; no separate sensitivity claim.,PARTIAL_NO_METHOD_SPECIFIC_SENSITIVITY,BOUND_BY_SOURCE_CODE,PARTIALLY_GROUNDED,NO
R1_CURRENT_STANDARD_V2_20260728,realtime_motion_pair_dense_fallback_max_edges,engineering_or_indirect,count,source-defined integer domain,3,INHERITED_DEFAULT_WITH_PROVENANCE,src/pig_behavior/tracking/config.py sha256=52c5f54ad44b6f76a8d143d168bdc942542d5fd263903cbf630f9c58ecf1cdd0,not a separate empirical selection,not separately selected,global profile; not per-video,engineering_or_indirect,not established,YES,Inherited from the hashed TrackingConfig source; no separate sensitivity claim.,PARTIAL_NO_METHOD_SPECIFIC_SENSITIVITY,BOUND_BY_SOURCE_CODE,PARTIALLY_GROUNDED,NO
R1_CURRENT_STANDARD_V2_20260728,realtime_motion_pair_dense_fallback_max_support_ratio,engineering_or_indirect,unitless,source-defined numeric domain,0.35,INHERITED_DEFAULT_WITH_PROVENANCE,src/pig_behavior/tracking/config.py sha256=52c5f54ad44b6f76a8d143d168bdc942542d5fd263903cbf630f9c58ecf1cdd0,not a separate empirical selection,not separately selected,global profile; not per-video,engineering_or_indirect,not established,YES,Inherited from the hashed TrackingConfig source; no separate sensitivity claim.,PARTIAL_NO_METHOD_SPECIFIC_SENSITIVITY,BOUND_BY_SOURCE_CODE,PARTIALLY_GROUNDED,NO
R1_CURRENT_STANDARD_V2_20260728,realtime_motion_pair_dense_fallback_min_edge_gain,engineering_or_indirect,unitless,source-defined numeric domain,0.0,INHERITED_DEFAULT_WITH_PROVENANCE,src/pig_behavior/tracking/config.py sha256=52c5f54ad44b6f76a8d143d168bdc942542d5fd263903cbf630f9c58ecf1cdd0,not a separate empirical selection,not separately selected,global profile; not per-video,engineering_or_indirect,not established,YES,Inherited from the hashed TrackingConfig source; no separate sensitivity claim.,PARTIAL_NO_METHOD_SPECIFIC_SENSITIVITY,BOUND_BY_SOURCE_CODE,PARTIALLY_GROUNDED,NO
R1_CURRENT_STANDARD_V2_20260728,realtime_motion_pair_dense_fallback_min_median_gain,engineering_or_indirect,unitless,source-defined numeric domain,0.0,INHERITED_DEFAULT_WITH_PROVENANCE,src/pig_behavior/tracking/config.py sha256=52c5f54ad44b6f76a8d143d168bdc942542d5fd263903cbf630f9c58ecf1cdd0,not a separate empirical selection,not separately selected,global profile; not per-video,engineering_or_indirect,not established,YES,Inherited from the hashed TrackingConfig source; no separate sensitivity claim.,PARTIAL_NO_METHOD_SPECIFIC_SENSITIVITY,BOUND_BY_SOURCE_CODE,PARTIALLY_GROUNDED,NO
R1_CURRENT_STANDARD_V2_20260728,realtime_motion_pair_fixed_lag_frames,runtime,frames,non-negative integer unless sentinel documented,0,INHERITED_DEFAULT_WITH_PROVENANCE,src/pig_behavior/tracking/config.py sha256=52c5f54ad44b6f76a8d143d168bdc942542d5fd263903cbf630f9c58ecf1cdd0,not a separate empirical selection,not separately selected,global profile; not per-video,runtime,not established,YES,Inherited from the hashed TrackingConfig source; no separate sensitivity claim.,PARTIAL_NO_METHOD_SPECIFIC_SENSITIVITY,BOUND_BY_SOURCE_CODE,PARTIALLY_GROUNDED,NO
R1_CURRENT_STANDARD_V2_20260728,realtime_motion_pair_max_component_edges,engineering_or_indirect,count,source-defined integer domain,3,INHERITED_DEFAULT_WITH_PROVENANCE,src/pig_behavior/tracking/config.py sha256=52c5f54ad44b6f76a8d143d168bdc942542d5fd263903cbf630f9c58ecf1cdd0,not a separate empirical selection,not separately selected,global profile; not per-video,engineering_or_indirect,not established,YES,Inherited from the hashed TrackingConfig source; no separate sensitivity claim.,PARTIAL_NO_METHOD_SPECIFIC_SENSITIVITY,BOUND_BY_SOURCE_CODE,PARTIALLY_GROUNDED,NO
R1_CURRENT_STANDARD_V2_20260728,realtime_motion_pair_max_component_size,engineering_or_indirect,count,source-defined integer domain,4,INHERITED_DEFAULT_WITH_PROVENANCE,src/pig_behavior/tracking/config.py sha256=52c5f54ad44b6f76a8d143d168bdc942542d5fd263903cbf630f9c58ecf1cdd0,not a separate empirical selection,not separately selected,global profile; not per-video,engineering_or_indirect,not established,YES,Inherited from the hashed TrackingConfig source; no separate sensitivity claim.,PARTIAL_NO_METHOD_SPECIFIC_SENSITIVITY,BOUND_BY_SOURCE_CODE,PARTIALLY_GROUNDED,NO
R1_CURRENT_STANDARD_V2_20260728,realtime_motion_pair_max_jump,engineering_or_indirect,unitless,source-defined numeric domain,0.1,INHERITED_DEFAULT_WITH_PROVENANCE,src/pig_behavior/tracking/config.py sha256=52c5f54ad44b6f76a8d143d168bdc942542d5fd263903cbf630f9c58ecf1cdd0,not a separate empirical selection,not separately selected,global profile; not per-video,engineering_or_indirect,not established,YES,Inherited from the hashed TrackingConfig source; no separate sensitivity claim.,PARTIAL_NO_METHOD_SPECIFIC_SENSITIVITY,BOUND_BY_SOURCE_CODE,PARTIALLY_GROUNDED,NO
R1_CURRENT_STANDARD_V2_20260728,realtime_motion_pair_memory_frames,runtime,frames,non-negative integer unless sentinel documented,30,INHERITED_DEFAULT_WITH_PROVENANCE,src/pig_behavior/tracking/config.py sha256=52c5f54ad44b6f76a8d143d168bdc942542d5fd263903cbf630f9c58ecf1cdd0,not a separate empirical selection,not separately selected,global profile; not per-video,runtime,not established,YES,Inherited from the hashed TrackingConfig source; no separate sensitivity claim.,PARTIAL_NO_METHOD_SPECIFIC_SENSITIVITY,BOUND_BY_SOURCE_CODE,PARTIALLY_GROUNDED,NO
R1_CURRENT_STANDARD_V2_20260728,realtime_motion_pair_min_gain,engineering_or_indirect,unitless,source-defined numeric domain,0.01,INHERITED_DEFAULT_WITH_PROVENANCE,src/pig_behavior/tracking/config.py sha256=52c5f54ad44b6f76a8d143d168bdc942542d5fd263903cbf630f9c58ecf1cdd0,not a separate empirical selection,not separately selected,global profile; not per-video,engineering_or_indirect,not established,YES,Inherited from the hashed TrackingConfig source; no separate sensitivity claim.,PARTIAL_NO_METHOD_SPECIFIC_SENSITIVITY,BOUND_BY_SOURCE_CODE,PARTIALLY_GROUNDED,NO
R1_CURRENT_STANDARD_V2_20260728,realtime_motion_pair_simple_max_component_size,engineering_or_indirect,count,source-defined integer domain,2,INHERITED_DEFAULT_WITH_PROVENANCE,src/pig_behavior/tracking/config.py sha256=52c5f54ad44b6f76a8d143d168bdc942542d5fd263903cbf630f9c58ecf1cdd0,not a separate empirical selection,not separately selected,global profile; not per-video,engineering_or_indirect,not established,YES,Inherited from the hashed TrackingConfig source; no separate sensitivity claim.,PARTIAL_NO_METHOD_SPECIFIC_SENSITIVITY,BOUND_BY_SOURCE_CODE,PARTIALLY_GROUNDED,NO
R1_CURRENT_STANDARD_V2_20260728,realtime_motion_pair_simple_min_gain,engineering_or_indirect,unitless,source-defined numeric domain,0.0,INHERITED_DEFAULT_WITH_PROVENANCE,src/pig_behavior/tracking/config.py sha256=52c5f54ad44b6f76a8d143d168bdc942542d5fd263903cbf630f9c58ecf1cdd0,not a separate empirical selection,not separately selected,global profile; not per-video,engineering_or_indirect,not established,YES,Inherited from the hashed TrackingConfig source; no separate sensitivity claim.,PARTIAL_NO_METHOD_SPECIFIC_SENSITIVITY,BOUND_BY_SOURCE_CODE,PARTIALLY_GROUNDED,NO
R1_CURRENT_STANDARD_V2_20260728,realtime_motion_pair_stabilizer,engineering_or_indirect,boolean,"{false,true}",false,INHERITED_DEFAULT_WITH_PROVENANCE,src/pig_behavior/tracking/config.py sha256=52c5f54ad44b6f76a8d143d168bdc942542d5fd263903cbf630f9c58ecf1cdd0,not a separate empirical selection,not separately selected,global profile; not per-video,engineering_or_indirect,not established,YES,Inherited from the hashed TrackingConfig source; no separate sensitivity claim.,PARTIAL_NO_METHOD_SPECIFIC_SENSITIVITY,BOUND_BY_SOURCE_CODE,PARTIALLY_GROUNDED,NO
R1_CURRENT_STANDARD_V2_20260728,realtime_visible_better_competitor_min_cost,association,unitless,source-defined numeric domain,0.5,INHERITED_DEFAULT_WITH_PROVENANCE,src/pig_behavior/tracking/config.py sha256=52c5f54ad44b6f76a8d143d168bdc942542d5fd263903cbf630f9c58ecf1cdd0,not a separate empirical selection,not separately selected,global profile; not per-video,association,not established,YES,Inherited from the hashed TrackingConfig source; no separate sensitivity claim.,PARTIAL_NO_METHOD_SPECIFIC_SENSITIVITY,BOUND_BY_SOURCE_CODE,PARTIALLY_GROUNDED,NO
R1_CURRENT_STANDARD_V2_20260728,realtime_visible_better_competitor_min_gain,engineering_or_indirect,unitless,source-defined numeric domain,0.2,INHERITED_DEFAULT_WITH_PROVENANCE,src/pig_behavior/tracking/config.py sha256=52c5f54ad44b6f76a8d143d168bdc942542d5fd263903cbf630f9c58ecf1cdd0,not a separate empirical selection,not separately selected,global profile; not per-video,engineering_or_indirect,not established,YES,Inherited from the hashed TrackingConfig source; no separate sensitivity claim.,PARTIAL_NO_METHOD_SPECIFIC_SENSITIVITY,BOUND_BY_SOURCE_CODE,PARTIALLY_GROUNDED,NO
R1_CURRENT_STANDARD_V2_20260728,realtime_visible_better_competitor_prefer,engineering_or_indirect,boolean,"{false,true}",true,PREDECLARED_DEVELOPMENT_SELECTION,src/pig_behavior/tracking/profiles/rf_hybrid_offline.py sha256=bc7c20c21bf6ce283fb8f0ba34b36705805a52591b705a16c81f9014bb755ce9,13-video development evidence,frozen before authority execution; earlier development data visible,global profile; not per-video,engineering_or_indirect,authority/ablation record may exist; not universal,YES,Profile override frozen by a development authority before its authority run.,SUFFICIENT_WITH_DEVELOPMENT_SCOPE_LIMITATION,BOUND_BY_EFFECTIVE_CONFIG,FULLY_GROUNDED,NO
R1_CURRENT_STANDARD_V2_20260728,realtime_visible_better_competitor_reject,engineering_or_indirect,boolean,"{false,true}",false,INHERITED_DEFAULT_WITH_PROVENANCE,src/pig_behavior/tracking/config.py sha256=52c5f54ad44b6f76a8d143d168bdc942542d5fd263903cbf630f9c58ecf1cdd0,not a separate empirical selection,not separately selected,global profile; not per-video,engineering_or_indirect,not established,YES,Inherited from the hashed TrackingConfig source; no separate sensitivity claim.,PARTIAL_NO_METHOD_SPECIFIC_SENSITIVITY,BOUND_BY_SOURCE_CODE,PARTIALLY_GROUNDED,NO
R1_CURRENT_STANDARD_V2_20260728,realtime_visible_close_competitor_guard,engineering_or_indirect,boolean,"{false,true}",true,PREDECLARED_DEVELOPMENT_SELECTION,src/pig_behavior/tracking/profiles/rf_hybrid_offline.py sha256=bc7c20c21bf6ce283fb8f0ba34b36705805a52591b705a16c81f9014bb755ce9,13-video development evidence,frozen before authority execution; earlier development data visible,global profile; not per-video,engineering_or_indirect,authority/ablation record may exist; not universal,YES,Profile override frozen by a development authority before its authority run.,SUFFICIENT_WITH_DEVELOPMENT_SCOPE_LIMITATION,BOUND_BY_EFFECTIVE_CONFIG,FULLY_GROUNDED,NO
R1_CURRENT_STANDARD_V2_20260728,realtime_visible_close_competitor_margin,engineering_or_indirect,unitless,source-defined numeric domain,0.08,PREDECLARED_DEVELOPMENT_SELECTION,src/pig_behavior/tracking/profiles/rf_hybrid_offline.py sha256=bc7c20c21bf6ce283fb8f0ba34b36705805a52591b705a16c81f9014bb755ce9,13-video development evidence,frozen before authority execution; earlier development data visible,global profile; not per-video,engineering_or_indirect,authority/ablation record may exist; not universal,YES,Profile override frozen by a development authority before its authority run.,SUFFICIENT_WITH_DEVELOPMENT_SCOPE_LIMITATION,BOUND_BY_EFFECTIVE_CONFIG,FULLY_GROUNDED,NO
R1_CURRENT_STANDARD_V2_20260728,realtime_visible_close_competitor_max_cost,association,unitless,source-defined numeric domain,0.4,PREDECLARED_DEVELOPMENT_SELECTION,src/pig_behavior/tracking/profiles/rf_hybrid_offline.py sha256=bc7c20c21bf6ce283fb8f0ba34b36705805a52591b705a16c81f9014bb755ce9,13-video development evidence,frozen before authority execution; earlier development data visible,global profile; not per-video,association,authority/ablation record may exist; not universal,YES,Profile override frozen by a development authority before its authority run.,SUFFICIENT_WITH_DEVELOPMENT_SCOPE_LIMITATION,BOUND_BY_EFFECTIVE_CONFIG,FULLY_GROUNDED,NO
R1_CURRENT_STANDARD_V2_20260728,realtime_visible_close_competitor_min_center_x_ratio,engineering_or_indirect,unitless,source-defined numeric domain,0.67,PREDECLARED_DEVELOPMENT_SELECTION,src/pig_behavior/tracking/profiles/rf_hybrid_offline.py sha256=bc7c20c21bf6ce283fb8f0ba34b36705805a52591b705a16c81f9014bb755ce9,13-video development evidence,frozen before authority execution; earlier development data visible,global profile; not per-video,engineering_or_indirect,authority/ablation record may exist; not universal,YES,Profile override frozen by a development authority before its authority run.,SUFFICIENT_WITH_DEVELOPMENT_SCOPE_LIMITATION,BOUND_BY_EFFECTIVE_CONFIG,FULLY_GROUNDED,NO
R1_CURRENT_STANDARD_V2_20260728,realtime_visible_close_competitor_min_hits,engineering_or_indirect,count,source-defined integer domain,3,INHERITED_DEFAULT_WITH_PROVENANCE,src/pig_behavior/tracking/config.py sha256=52c5f54ad44b6f76a8d143d168bdc942542d5fd263903cbf630f9c58ecf1cdd0,not a separate empirical selection,not separately selected,global profile; not per-video,engineering_or_indirect,not established,YES,Inherited from the hashed TrackingConfig source; no separate sensitivity claim.,PARTIAL_NO_METHOD_SPECIFIC_SENSITIVITY,BOUND_BY_SOURCE_CODE,PARTIALLY_GROUNDED,NO
R1_CURRENT_STANDARD_V2_20260728,reentry_ambiguous_hold,lifecycle,boolean,"{false,true}",false,INHERITED_DEFAULT_WITH_PROVENANCE,src/pig_behavior/tracking/config.py sha256=52c5f54ad44b6f76a8d143d168bdc942542d5fd263903cbf630f9c58ecf1cdd0,not a separate empirical selection,not separately selected,global profile; not per-video,lifecycle,not established,YES,Inherited from the hashed TrackingConfig source; no separate sensitivity claim.,PARTIAL_NO_METHOD_SPECIFIC_SENSITIVITY,BOUND_BY_SOURCE_CODE,PARTIALLY_GROUNDED,NO
R1_CURRENT_STANDARD_V2_20260728,reentry_ambiguous_hold_frame_windows,lifecycle|runtime,frames,non-negative integer unless sentinel documented,"""""",INHERITED_DEFAULT_WITH_PROVENANCE,src/pig_behavior/tracking/config.py sha256=52c5f54ad44b6f76a8d143d168bdc942542d5fd263903cbf630f9c58ecf1cdd0,not a separate empirical selection,not separately selected,global profile; not per-video,lifecycle|runtime,not established,YES,Inherited from the hashed TrackingConfig source; no separate sensitivity claim.,PARTIAL_NO_METHOD_SPECIFIC_SENSITIVITY,BOUND_BY_SOURCE_CODE,PARTIALLY_GROUNDED,NO
R1_CURRENT_STANDARD_V2_20260728,reentry_ambiguous_hold_max_cost,association|lifecycle,unitless,source-defined numeric domain,1.0,INHERITED_DEFAULT_WITH_PROVENANCE,src/pig_behavior/tracking/config.py sha256=52c5f54ad44b6f76a8d143d168bdc942542d5fd263903cbf630f9c58ecf1cdd0,not a separate empirical selection,not separately selected,global profile; not per-video,association|lifecycle,not established,YES,Inherited from the hashed TrackingConfig source; no separate sensitivity claim.,PARTIAL_NO_METHOD_SPECIFIC_SENSITIVITY,BOUND_BY_SOURCE_CODE,PARTIALLY_GROUNDED,NO
R1_CURRENT_STANDARD_V2_20260728,reentry_ambiguous_hold_max_missed,lifecycle,frames,non-negative integer unless sentinel documented,0,INHERITED_DEFAULT_WITH_PROVENANCE,src/pig_behavior/tracking/config.py sha256=52c5f54ad44b6f76a8d143d168bdc942542d5fd263903cbf630f9c58ecf1cdd0,not a separate empirical selection,not separately selected,global profile; not per-video,lifecycle,not established,YES,Inherited from the hashed TrackingConfig source; no separate sensitivity claim.,PARTIAL_NO_METHOD_SPECIFIC_SENSITIVITY,BOUND_BY_SOURCE_CODE,PARTIALLY_GROUNDED,NO
R1_CURRENT_STANDARD_V2_20260728,reentry_ambiguous_hold_min_cost,association|lifecycle,unitless,source-defined numeric domain,0.0,INHERITED_DEFAULT_WITH_PROVENANCE,src/pig_behavior/tracking/config.py sha256=52c5f54ad44b6f76a8d143d168bdc942542d5fd263903cbf630f9c58ecf1cdd0,not a separate empirical selection,not separately selected,global profile; not per-video,association|lifecycle,not established,YES,Inherited from the hashed TrackingConfig source; no separate sensitivity claim.,PARTIAL_NO_METHOD_SPECIFIC_SENSITIVITY,BOUND_BY_SOURCE_CODE,PARTIALLY_GROUNDED,NO
R1_CURRENT_STANDARD_V2_20260728,reentry_ambiguous_hold_min_hits,lifecycle,count,source-defined integer domain,3,INHERITED_DEFAULT_WITH_PROVENANCE,src/pig_behavior/tracking/config.py sha256=52c5f54ad44b6f76a8d143d168bdc942542d5fd263903cbf630f9c58ecf1cdd0,not a separate empirical selection,not separately selected,global profile; not per-video,lifecycle,not established,YES,Inherited from the hashed TrackingConfig source; no separate sensitivity claim.,PARTIAL_NO_METHOD_SPECIFIC_SENSITIVITY,BOUND_BY_SOURCE_CODE,PARTIALLY_GROUNDED,NO
R1_CURRENT_STANDARD_V2_20260728,reentry_ambiguous_hold_min_missed,lifecycle,frames,non-negative integer unless sentinel documented,2,INHERITED_DEFAULT_WITH_PROVENANCE,src/pig_behavior/tracking/config.py sha256=52c5f54ad44b6f76a8d143d168bdc942542d5fd263903cbf630f9c58ecf1cdd0,not a separate empirical selection,not separately selected,global profile; not per-video,lifecycle,not established,YES,Inherited from the hashed TrackingConfig source; no separate sensitivity claim.,PARTIAL_NO_METHOD_SPECIFIC_SENSITIVITY,BOUND_BY_SOURCE_CODE,PARTIALLY_GROUNDED,NO
R1_CURRENT_STANDARD_V2_20260728,reentry_ambiguous_hold_raw_evidence_only,lifecycle,boolean,"{false,true}",false,INHERITED_DEFAULT_WITH_PROVENANCE,src/pig_behavior/tracking/config.py sha256=52c5f54ad44b6f76a8d143d168bdc942542d5fd263903cbf630f9c58ecf1cdd0,not a separate empirical selection,not separately selected,global profile; not per-video,lifecycle,not established,YES,Inherited from the hashed TrackingConfig source; no separate sensitivity claim.,PARTIAL_NO_METHOD_SPECIFIC_SENSITIVITY,BOUND_BY_SOURCE_CODE,PARTIALLY_GROUNDED,NO
R1_CURRENT_STANDARD_V2_20260728,reentry_ambiguous_hold_video_stems,lifecycle|runtime,categorical/path,source-defined allowed values,"""""",INHERITED_DEFAULT_WITH_PROVENANCE,src/pig_behavior/tracking/config.py sha256=52c5f54ad44b6f76a8d143d168bdc942542d5fd263903cbf630f9c58ecf1cdd0,not a separate empirical selection,not separately selected,global profile; not per-video,lifecycle|runtime,not established,YES,Inherited from the hashed TrackingConfig source; no separate sensitivity claim.,PARTIAL_NO_METHOD_SPECIFIC_SENSITIVITY,BOUND_BY_SOURCE_CODE,PARTIALLY_GROUNDED,NO
R1_CURRENT_STANDARD_V2_20260728,reentry_unowned_raw_mismatch_episode_action,association|lifecycle,categorical/path,source-defined allowed values,"""reject""",INHERITED_DEFAULT_WITH_PROVENANCE,src/pig_behavior/tracking/config.py sha256=52c5f54ad44b6f76a8d143d168bdc942542d5fd263903cbf630f9c58ecf1cdd0,not a separate empirical selection,not separately selected,global profile; not per-video,association|lifecycle,not established,YES,Inherited from the hashed TrackingConfig source; no separate sensitivity claim.,PARTIAL_NO_METHOD_SPECIFIC_SENSITIVITY,BOUND_BY_SOURCE_CODE,PARTIALLY_GROUNDED,NO
R1_CURRENT_STANDARD_V2_20260728,reentry_unowned_raw_mismatch_episode_max_cost,association|lifecycle,unitless,source-defined numeric domain,0.36,INHERITED_DEFAULT_WITH_PROVENANCE,src/pig_behavior/tracking/config.py sha256=52c5f54ad44b6f76a8d143d168bdc942542d5fd263903cbf630f9c58ecf1cdd0,not a separate empirical selection,not separately selected,global profile; not per-video,association|lifecycle,not established,YES,Inherited from the hashed TrackingConfig source; no separate sensitivity claim.,PARTIAL_NO_METHOD_SPECIFIC_SENSITIVITY,BOUND_BY_SOURCE_CODE,PARTIALLY_GROUNDED,NO
R1_CURRENT_STANDARD_V2_20260728,reentry_unowned_raw_mismatch_episode_max_events,association|lifecycle,count,source-defined integer domain,8,INHERITED_DEFAULT_WITH_PROVENANCE,src/pig_behavior/tracking/config.py sha256=52c5f54ad44b6f76a8d143d168bdc942542d5fd263903cbf630f9c58ecf1cdd0,not a separate empirical selection,not separately selected,global profile; not per-video,association|lifecycle,not established,YES,Inherited from the hashed TrackingConfig source; no separate sensitivity claim.,PARTIAL_NO_METHOD_SPECIFIC_SENSITIVITY,BOUND_BY_SOURCE_CODE,PARTIALLY_GROUNDED,NO
R1_CURRENT_STANDARD_V2_20260728,reentry_unowned_raw_mismatch_episode_max_missed,association|lifecycle,frames,non-negative integer unless sentinel documented,20,INHERITED_DEFAULT_WITH_PROVENANCE,src/pig_behavior/tracking/config.py sha256=52c5f54ad44b6f76a8d143d168bdc942542d5fd263903cbf630f9c58ecf1cdd0,not a separate empirical selection,not separately selected,global profile; not per-video,association|lifecycle,not established,YES,Inherited from the hashed TrackingConfig source; no separate sensitivity claim.,PARTIAL_NO_METHOD_SPECIFIC_SENSITIVITY,BOUND_BY_SOURCE_CODE,PARTIALLY_GROUNDED,NO
R1_CURRENT_STANDARD_V2_20260728,reentry_unowned_raw_mismatch_episode_min_cost,association|lifecycle,unitless,source-defined numeric domain,0.0,INHERITED_DEFAULT_WITH_PROVENANCE,src/pig_behavior/tracking/config.py sha256=52c5f54ad44b6f76a8d143d168bdc942542d5fd263903cbf630f9c58ecf1cdd0,not a separate empirical selection,not separately selected,global profile; not per-video,association|lifecycle,not established,YES,Inherited from the hashed TrackingConfig source; no separate sensitivity claim.,PARTIAL_NO_METHOD_SPECIFIC_SENSITIVITY,BOUND_BY_SOURCE_CODE,PARTIALLY_GROUNDED,NO
R1_CURRENT_STANDARD_V2_20260728,reentry_unowned_raw_mismatch_episode_min_events,association|lifecycle,count,source-defined integer domain,3,INHERITED_DEFAULT_WITH_PROVENANCE,src/pig_behavior/tracking/config.py sha256=52c5f54ad44b6f76a8d143d168bdc942542d5fd263903cbf630f9c58ecf1cdd0,not a separate empirical selection,not separately selected,global profile; not per-video,association|lifecycle,not established,YES,Inherited from the hashed TrackingConfig source; no separate sensitivity claim.,PARTIAL_NO_METHOD_SPECIFIC_SENSITIVITY,BOUND_BY_SOURCE_CODE,PARTIALLY_GROUNDED,NO
R1_CURRENT_STANDARD_V2_20260728,reentry_unowned_raw_mismatch_episode_min_missed,association|lifecycle,frames,non-negative integer unless sentinel documented,1,INHERITED_DEFAULT_WITH_PROVENANCE,src/pig_behavior/tracking/config.py sha256=52c5f54ad44b6f76a8d143d168bdc942542d5fd263903cbf630f9c58ecf1cdd0,not a separate empirical selection,not separately selected,global profile; not per-video,association|lifecycle,not established,YES,Inherited from the hashed TrackingConfig source; no separate sensitivity claim.,PARTIAL_NO_METHOD_SPECIFIC_SENSITIVITY,BOUND_BY_SOURCE_CODE,PARTIALLY_GROUNDED,NO
R1_CURRENT_STANDARD_V2_20260728,reentry_unowned_raw_mismatch_episode_phases,association|lifecycle,categorical/path,source-defined allowed values,"""reid""",INHERITED_DEFAULT_WITH_PROVENANCE,src/pig_behavior/tracking/config.py sha256=52c5f54ad44b6f76a8d143d168bdc942542d5fd263903cbf630f9c58ecf1cdd0,not a separate empirical selection,not separately selected,global profile; not per-video,association|lifecycle,not established,YES,Inherited from the hashed TrackingConfig source; no separate sensitivity claim.,PARTIAL_NO_METHOD_SPECIFIC_SENSITIVITY,BOUND_BY_SOURCE_CODE,PARTIALLY_GROUNDED,NO
R1_CURRENT_STANDARD_V2_20260728,reentry_unowned_raw_mismatch_episode_reject,association|lifecycle,boolean,"{false,true}",false,INHERITED_DEFAULT_WITH_PROVENANCE,src/pig_behavior/tracking/config.py sha256=52c5f54ad44b6f76a8d143d168bdc942542d5fd263903cbf630f9c58ecf1cdd0,not a separate empirical selection,not separately selected,global profile; not per-video,association|lifecycle,not established,YES,Inherited from the hashed TrackingConfig source; no separate sensitivity claim.,PARTIAL_NO_METHOD_SPECIFIC_SENSITIVITY,BOUND_BY_SOURCE_CODE,PARTIALLY_GROUNDED,NO
R1_CURRENT_STANDARD_V2_20260728,reentry_unowned_raw_mismatch_episode_window_frames,association|lifecycle|runtime,frames,non-negative integer unless sentinel documented,24,INHERITED_DEFAULT_WITH_PROVENANCE,src/pig_behavior/tracking/config.py sha256=52c5f54ad44b6f76a8d143d168bdc942542d5fd263903cbf630f9c58ecf1cdd0,not a separate empirical selection,not separately selected,global profile; not per-video,association|lifecycle|runtime,not established,YES,Inherited from the hashed TrackingConfig source; no separate sensitivity claim.,PARTIAL_NO_METHOD_SPECIFIC_SENSITIVITY,BOUND_BY_SOURCE_CODE,PARTIALLY_GROUNDED,NO
R1_CURRENT_STANDARD_V2_20260728,reentry_unowned_raw_mismatch_max_cost,association|lifecycle,unitless,source-defined numeric domain,0.3,INHERITED_DEFAULT_WITH_PROVENANCE,src/pig_behavior/tracking/config.py sha256=52c5f54ad44b6f76a8d143d168bdc942542d5fd263903cbf630f9c58ecf1cdd0,not a separate empirical selection,not separately selected,global profile; not per-video,association|lifecycle,not established,YES,Inherited from the hashed TrackingConfig source; no separate sensitivity claim.,PARTIAL_NO_METHOD_SPECIFIC_SENSITIVITY,BOUND_BY_SOURCE_CODE,PARTIALLY_GROUNDED,NO
R1_CURRENT_STANDARD_V2_20260728,reentry_unowned_raw_mismatch_max_missed,association|lifecycle,frames,non-negative integer unless sentinel documented,5,INHERITED_DEFAULT_WITH_PROVENANCE,src/pig_behavior/tracking/config.py sha256=52c5f54ad44b6f76a8d143d168bdc942542d5fd263903cbf630f9c58ecf1cdd0,not a separate empirical selection,not separately selected,global profile; not per-video,association|lifecycle,not established,YES,Inherited from the hashed TrackingConfig source; no separate sensitivity claim.,PARTIAL_NO_METHOD_SPECIFIC_SENSITIVITY,BOUND_BY_SOURCE_CODE,PARTIALLY_GROUNDED,NO
R1_CURRENT_STANDARD_V2_20260728,reentry_unowned_raw_mismatch_min_missed,association|lifecycle,frames,non-negative integer unless sentinel documented,1,INHERITED_DEFAULT_WITH_PROVENANCE,src/pig_behavior/tracking/config.py sha256=52c5f54ad44b6f76a8d143d168bdc942542d5fd263903cbf630f9c58ecf1cdd0,not a separate empirical selection,not separately selected,global profile; not per-video,association|lifecycle,not established,YES,Inherited from the hashed TrackingConfig source; no separate sensitivity claim.,PARTIAL_NO_METHOD_SPECIFIC_SENSITIVITY,BOUND_BY_SOURCE_CODE,PARTIALLY_GROUNDED,NO
R1_CURRENT_STANDARD_V2_20260728,reentry_unowned_raw_mismatch_quarantine_frames,association|lifecycle|runtime,frames,non-negative integer unless sentinel documented,0,INHERITED_DEFAULT_WITH_PROVENANCE,src/pig_behavior/tracking/config.py sha256=52c5f54ad44b6f76a8d143d168bdc942542d5fd263903cbf630f9c58ecf1cdd0,not a separate empirical selection,not separately selected,global profile; not per-video,association|lifecycle|runtime,not established,YES,Inherited from the hashed TrackingConfig source; no separate sensitivity claim.,PARTIAL_NO_METHOD_SPECIFIC_SENSITIVITY,BOUND_BY_SOURCE_CODE,PARTIALLY_GROUNDED,NO
R1_CURRENT_STANDARD_V2_20260728,reentry_unowned_raw_mismatch_quarantine_max_cost,association|lifecycle,unitless,source-defined numeric domain,0.35,INHERITED_DEFAULT_WITH_PROVENANCE,src/pig_behavior/tracking/config.py sha256=52c5f54ad44b6f76a8d143d168bdc942542d5fd263903cbf630f9c58ecf1cdd0,not a separate empirical selection,not separately selected,global profile; not per-video,association|lifecycle,not established,YES,Inherited from the hashed TrackingConfig source; no separate sensitivity claim.,PARTIAL_NO_METHOD_SPECIFIC_SENSITIVITY,BOUND_BY_SOURCE_CODE,PARTIALLY_GROUNDED,NO
R1_CURRENT_STANDARD_V2_20260728,reentry_unowned_raw_mismatch_quarantine_min_seed_cost,association|lifecycle,unitless,source-defined numeric domain,0.0,INHERITED_DEFAULT_WITH_PROVENANCE,src/pig_behavior/tracking/config.py sha256=52c5f54ad44b6f76a8d143d168bdc942542d5fd263903cbf630f9c58ecf1cdd0,not a separate empirical selection,not separately selected,global profile; not per-video,association|lifecycle,not established,YES,Inherited from the hashed TrackingConfig source; no separate sensitivity claim.,PARTIAL_NO_METHOD_SPECIFIC_SENSITIVITY,BOUND_BY_SOURCE_CODE,PARTIALLY_GROUNDED,NO
R1_CURRENT_STANDARD_V2_20260728,reentry_unowned_raw_mismatch_reject,association|lifecycle,boolean,"{false,true}",false,INHERITED_DEFAULT_WITH_PROVENANCE,src/pig_behavior/tracking/config.py sha256=52c5f54ad44b6f76a8d143d168bdc942542d5fd263903cbf630f9c58ecf1cdd0,not a separate empirical selection,not separately selected,global profile; not per-video,association|lifecycle,not established,YES,Inherited from the hashed TrackingConfig source; no separate sensitivity claim.,PARTIAL_NO_METHOD_SPECIFIC_SENSITIVITY,BOUND_BY_SOURCE_CODE,PARTIALLY_GROUNDED,NO
R1_CURRENT_STANDARD_V2_20260728,refine_boxes,bbox_geometry,boolean,"{false,true}",false,PREDECLARED_DEVELOPMENT_SELECTION,src/pig_behavior/tracking/profiles/rf_hybrid_offline.py sha256=bc7c20c21bf6ce283fb8f0ba34b36705805a52591b705a16c81f9014bb755ce9,13-video development evidence,frozen before authority execution; earlier development data visible,global profile; not per-video,bbox_geometry,authority/ablation record may exist; not universal,YES,Profile override frozen by a development authority before its authority run.,SUFFICIENT_WITH_DEVELOPMENT_SCOPE_LIMITATION,BOUND_BY_EFFECTIVE_CONFIG,FULLY_GROUNDED,NO
R1_CURRENT_STANDARD_V2_20260728,refine_max_gap_frames,bbox_geometry|runtime,frames,non-negative integer unless sentinel documented,15,INHERITED_DEFAULT_WITH_PROVENANCE,src/pig_behavior/tracking/config.py sha256=52c5f54ad44b6f76a8d143d168bdc942542d5fd263903cbf630f9c58ecf1cdd0,not a separate empirical selection,not separately selected,global profile; not per-video,bbox_geometry|runtime,not established,YES,Inherited from the hashed TrackingConfig source; no separate sensitivity claim.,PARTIAL_NO_METHOD_SPECIFIC_SENSITIVITY,BOUND_BY_SOURCE_CODE,PARTIALLY_GROUNDED,NO
R1_CURRENT_STANDARD_V2_20260728,refine_max_previous_gap_frames,association|bbox_geometry|runtime,unitless ratio,"[0,1] unless source contract states otherwise",0,INHERITED_DEFAULT_WITH_PROVENANCE,src/pig_behavior/tracking/config.py sha256=52c5f54ad44b6f76a8d143d168bdc942542d5fd263903cbf630f9c58ecf1cdd0,not a separate empirical selection,not separately selected,global profile; not per-video,association|bbox_geometry|runtime,not established,YES,Inherited from the hashed TrackingConfig source; no separate sensitivity claim.,PARTIAL_NO_METHOD_SPECIFIC_SENSITIVITY,BOUND_BY_SOURCE_CODE,PARTIALLY_GROUNDED,NO
R1_CURRENT_STANDARD_V2_20260728,refine_size_jump_threshold,bbox_geometry,unitless,source-defined numeric domain,0.45,INHERITED_DEFAULT_WITH_PROVENANCE,src/pig_behavior/tracking/config.py sha256=52c5f54ad44b6f76a8d143d168bdc942542d5fd263903cbf630f9c58ecf1cdd0,not a separate empirical selection,not separately selected,global profile; not per-video,bbox_geometry,not established,YES,Inherited from the hashed TrackingConfig source; no separate sensitivity claim.,PARTIAL_NO_METHOD_SPECIFIC_SENSITIVITY,BOUND_BY_SOURCE_CODE,PARTIALLY_GROUNDED,NO
R1_CURRENT_STANDARD_V2_20260728,reid_unowned_competing_candidate_hold,engineering_or_indirect,boolean,"{false,true}",false,INHERITED_DEFAULT_WITH_PROVENANCE,src/pig_behavior/tracking/config.py sha256=52c5f54ad44b6f76a8d143d168bdc942542d5fd263903cbf630f9c58ecf1cdd0,not a separate empirical selection,not separately selected,global profile; not per-video,engineering_or_indirect,not established,YES,Inherited from the hashed TrackingConfig source; no separate sensitivity claim.,PARTIAL_NO_METHOD_SPECIFIC_SENSITIVITY,BOUND_BY_SOURCE_CODE,PARTIALLY_GROUNDED,NO
R1_CURRENT_STANDARD_V2_20260728,reid_unowned_competing_candidate_min_cost,association,unitless,source-defined numeric domain,0.55,INHERITED_DEFAULT_WITH_PROVENANCE,src/pig_behavior/tracking/config.py sha256=52c5f54ad44b6f76a8d143d168bdc942542d5fd263903cbf630f9c58ecf1cdd0,not a separate empirical selection,not separately selected,global profile; not per-video,association,not established,YES,Inherited from the hashed TrackingConfig source; no separate sensitivity claim.,PARTIAL_NO_METHOD_SPECIFIC_SENSITIVITY,BOUND_BY_SOURCE_CODE,PARTIALLY_GROUNDED,NO
R1_CURRENT_STANDARD_V2_20260728,reid_unowned_competing_candidate_min_gap,engineering_or_indirect,unitless,source-defined numeric domain,0.15,INHERITED_DEFAULT_WITH_PROVENANCE,src/pig_behavior/tracking/config.py sha256=52c5f54ad44b6f76a8d143d168bdc942542d5fd263903cbf630f9c58ecf1cdd0,not a separate empirical selection,not separately selected,global profile; not per-video,engineering_or_indirect,not established,YES,Inherited from the hashed TrackingConfig source; no separate sensitivity claim.,PARTIAL_NO_METHOD_SPECIFIC_SENSITIVITY,BOUND_BY_SOURCE_CODE,PARTIALLY_GROUNDED,NO
R1_CURRENT_STANDARD_V2_20260728,reid_unowned_competing_candidate_min_missed,lifecycle,frames,non-negative integer unless sentinel documented,1,INHERITED_DEFAULT_WITH_PROVENANCE,src/pig_behavior/tracking/config.py sha256=52c5f54ad44b6f76a8d143d168bdc942542d5fd263903cbf630f9c58ecf1cdd0,not a separate empirical selection,not separately selected,global profile; not per-video,lifecycle,not established,YES,Inherited from the hashed TrackingConfig source; no separate sensitivity claim.,PARTIAL_NO_METHOD_SPECIFIC_SENSITIVITY,BOUND_BY_SOURCE_CODE,PARTIALLY_GROUNDED,NO
R1_CURRENT_STANDARD_V2_20260728,reid_unowned_competing_candidate_occlusion_hold_only,Hidden_state,boolean,"{false,true}",true,INHERITED_DEFAULT_WITH_PROVENANCE,src/pig_behavior/tracking/config.py sha256=52c5f54ad44b6f76a8d143d168bdc942542d5fd263903cbf630f9c58ecf1cdd0,not a separate empirical selection,not separately selected,global profile; not per-video,Hidden_state,not established,YES,Inherited from the hashed TrackingConfig source; no separate sensitivity claim.,PARTIAL_NO_METHOD_SPECIFIC_SENSITIVITY,BOUND_BY_SOURCE_CODE,PARTIALLY_GROUNDED,NO
R1_CURRENT_STANDARD_V2_20260728,review_conf,engineering_or_indirect,unitless ratio,"[0,1] unless source contract states otherwise",0.5,INHERITED_DEFAULT_WITH_PROVENANCE,src/pig_behavior/tracking/config.py sha256=52c5f54ad44b6f76a8d143d168bdc942542d5fd263903cbf630f9c58ecf1cdd0,not a separate empirical selection,not separately selected,global profile; not per-video,engineering_or_indirect,not established,YES,Inherited from the hashed TrackingConfig source; no separate sensitivity claim.,PARTIAL_NO_METHOD_SPECIFIC_SENSITIVITY,BOUND_BY_SOURCE_CODE,PARTIALLY_GROUNDED,NO
R1_CURRENT_STANDARD_V2_20260728,rf_hybrid_offline,engineering_or_indirect,boolean,"{false,true}",true,PREDECLARED_DEVELOPMENT_SELECTION,src/pig_behavior/tracking/profiles/rf_hybrid_offline.py sha256=bc7c20c21bf6ce283fb8f0ba34b36705805a52591b705a16c81f9014bb755ce9,13-video development evidence,frozen before authority execution; earlier development data visible,global profile; not per-video,engineering_or_indirect,authority/ablation record may exist; not universal,YES,Profile override frozen by a development authority before its authority run.,SUFFICIENT_WITH_DEVELOPMENT_SCOPE_LIMITATION,BOUND_BY_EFFECTIVE_CONFIG,FULLY_GROUNDED,NO
R1_CURRENT_STANDARD_V2_20260728,roi_dilate_px,engineering_or_indirect,count,source-defined integer domain,8,INHERITED_DEFAULT_WITH_PROVENANCE,src/pig_behavior/tracking/config.py sha256=52c5f54ad44b6f76a8d143d168bdc942542d5fd263903cbf630f9c58ecf1cdd0,not a separate empirical selection,not separately selected,global profile; not per-video,engineering_or_indirect,not established,YES,Inherited from the hashed TrackingConfig source; no separate sensitivity claim.,PARTIAL_NO_METHOD_SPECIFIC_SENSITIVITY,BOUND_BY_SOURCE_CODE,PARTIALLY_GROUNDED,NO
R1_CURRENT_STANDARD_V2_20260728,roi_min_cover,engineering_or_indirect,unitless,source-defined numeric domain,0.1,INHERITED_DEFAULT_WITH_PROVENANCE,src/pig_behavior/tracking/config.py sha256=52c5f54ad44b6f76a8d143d168bdc942542d5fd263903cbf630f9c58ecf1cdd0,not a separate empirical selection,not separately selected,global profile; not per-video,engineering_or_indirect,not established,YES,Inherited from the hashed TrackingConfig source; no separate sensitivity claim.,PARTIAL_NO_METHOD_SPECIFIC_SENSITIVITY,BOUND_BY_SOURCE_CODE,PARTIALLY_GROUNDED,NO
R1_CURRENT_STANDARD_V2_20260728,roi_mode,engineering_or_indirect,categorical/path,source-defined allowed values,"""center""",INHERITED_DEFAULT_WITH_PROVENANCE,src/pig_behavior/tracking/config.py sha256=52c5f54ad44b6f76a8d143d168bdc942542d5fd263903cbf630f9c58ecf1cdd0,not a separate empirical selection,not separately selected,global profile; not per-video,engineering_or_indirect,not established,YES,Inherited from the hashed TrackingConfig source; no separate sensitivity claim.,PARTIAL_NO_METHOD_SPECIFIC_SENSITIVITY,BOUND_BY_SOURCE_CODE,PARTIALLY_GROUNDED,NO
R1_CURRENT_STANDARD_V2_20260728,shade_outside_mask,detection,boolean,"{false,true}",true,INHERITED_DEFAULT_WITH_PROVENANCE,src/pig_behavior/tracking/config.py sha256=52c5f54ad44b6f76a8d143d168bdc942542d5fd263903cbf630f9c58ecf1cdd0,not a separate empirical selection,not separately selected,global profile; not per-video,detection,not established,YES,Inherited from the hashed TrackingConfig source; no separate sensitivity claim.,PARTIAL_NO_METHOD_SPECIFIC_SENSITIVITY,BOUND_BY_SOURCE_CODE,PARTIALLY_GROUNDED,NO
R1_CURRENT_STANDARD_V2_20260728,show,engineering_or_indirect,boolean,"{false,true}",false,INHERITED_DEFAULT_WITH_PROVENANCE,src/pig_behavior/tracking/config.py sha256=52c5f54ad44b6f76a8d143d168bdc942542d5fd263903cbf630f9c58ecf1cdd0,not a separate empirical selection,not separately selected,global profile; not per-video,engineering_or_indirect,not established,YES,Inherited from the hashed TrackingConfig source; no separate sensitivity claim.,PARTIAL_NO_METHOD_SPECIFIC_SENSITIVITY,BOUND_BY_SOURCE_CODE,PARTIALLY_GROUNDED,NO
R1_CURRENT_STANDARD_V2_20260728,smooth_boxes,bbox_geometry,boolean,"{false,true}",false,PREDECLARED_DEVELOPMENT_SELECTION,src/pig_behavior/tracking/profiles/rf_hybrid_offline.py sha256=bc7c20c21bf6ce283fb8f0ba34b36705805a52591b705a16c81f9014bb755ce9,13-video development evidence,frozen before authority execution; earlier development data visible,global profile; not per-video,bbox_geometry,authority/ablation record may exist; not universal,YES,Profile override frozen by a development authority before its authority run.,SUFFICIENT_WITH_DEVELOPMENT_SCOPE_LIMITATION,BOUND_BY_EFFECTIVE_CONFIG,FULLY_GROUNDED,NO
R1_CURRENT_STANDARD_V2_20260728,start_frame,runtime,frames,non-negative integer unless sentinel documented,0,INHERITED_DEFAULT_WITH_PROVENANCE,src/pig_behavior/tracking/config.py sha256=52c5f54ad44b6f76a8d143d168bdc942542d5fd263903cbf630f9c58ecf1cdd0,not a separate empirical selection,not separately selected,global profile; not per-video,runtime,not established,YES,Inherited from the hashed TrackingConfig source; no separate sensitivity claim.,PARTIAL_NO_METHOD_SPECIFIC_SENSITIVITY,BOUND_BY_SOURCE_CODE,PARTIALLY_GROUNDED,NO
R1_CURRENT_STANDARD_V2_20260728,suffix_pair_swap_max_overlap_frames,identity_repair|runtime,frames,non-negative integer unless sentinel documented,8,INHERITED_DEFAULT_WITH_PROVENANCE,src/pig_behavior/tracking/config.py sha256=52c5f54ad44b6f76a8d143d168bdc942542d5fd263903cbf630f9c58ecf1cdd0,not a separate empirical selection,not separately selected,global profile; not per-video,identity_repair|runtime,not established,YES,Inherited from the hashed TrackingConfig source; no separate sensitivity claim.,PARTIAL_NO_METHOD_SPECIFIC_SENSITIVITY,BOUND_BY_SOURCE_CODE,PARTIALLY_GROUNDED,NO
R1_CURRENT_STANDARD_V2_20260728,suffix_pair_swap_max_suffix_overlap_iou,association|identity_repair,unitless ratio,"[0,1] unless source contract states otherwise",0.3,INHERITED_DEFAULT_WITH_PROVENANCE,src/pig_behavior/tracking/config.py sha256=52c5f54ad44b6f76a8d143d168bdc942542d5fd263903cbf630f9c58ecf1cdd0,not a separate empirical selection,not separately selected,global profile; not per-video,association|identity_repair,not established,YES,Inherited from the hashed TrackingConfig source; no separate sensitivity claim.,PARTIAL_NO_METHOD_SPECIFIC_SENSITIVITY,BOUND_BY_SOURCE_CODE,PARTIALLY_GROUNDED,NO
R1_CURRENT_STANDARD_V2_20260728,suffix_pair_swap_min_overlap_iou,association|identity_repair,unitless ratio,"[0,1] unless source contract states otherwise",0.45,INHERITED_DEFAULT_WITH_PROVENANCE,src/pig_behavior/tracking/config.py sha256=52c5f54ad44b6f76a8d143d168bdc942542d5fd263903cbf630f9c58ecf1cdd0,not a separate empirical selection,not separately selected,global profile; not per-video,association|identity_repair,not established,YES,Inherited from the hashed TrackingConfig source; no separate sensitivity claim.,PARTIAL_NO_METHOD_SPECIFIC_SENSITIVITY,BOUND_BY_SOURCE_CODE,PARTIALLY_GROUNDED,NO
R1_CURRENT_STANDARD_V2_20260728,suffix_pair_swap_min_suffix_frames,identity_repair|runtime,frames,non-negative integer unless sentinel documented,1500,INHERITED_DEFAULT_WITH_PROVENANCE,src/pig_behavior/tracking/config.py sha256=52c5f54ad44b6f76a8d143d168bdc942542d5fd263903cbf630f9c58ecf1cdd0,not a separate empirical selection,not separately selected,global profile; not per-video,identity_repair|runtime,not established,YES,Inherited from the hashed TrackingConfig source; no separate sensitivity claim.,PARTIAL_NO_METHOD_SPECIFIC_SENSITIVITY,BOUND_BY_SOURCE_CODE,PARTIALLY_GROUNDED,NO
R1_CURRENT_STANDARD_V2_20260728,suffix_pair_swap_repair,identity_repair,boolean,"{false,true}",false,INHERITED_DEFAULT_WITH_PROVENANCE,src/pig_behavior/tracking/config.py sha256=52c5f54ad44b6f76a8d143d168bdc942542d5fd263903cbf630f9c58ecf1cdd0,not a separate empirical selection,not separately selected,global profile; not per-video,identity_repair,not established,YES,Inherited from the hashed TrackingConfig source; no separate sensitivity claim.,PARTIAL_NO_METHOD_SPECIFIC_SENSITIVITY,BOUND_BY_SOURCE_CODE,PARTIALLY_GROUNDED,NO
R1_CURRENT_STANDARD_V2_20260728,target_fps,engineering_or_indirect,count,source-defined integer domain,15,INHERITED_DEFAULT_WITH_PROVENANCE,src/pig_behavior/tracking/config.py sha256=52c5f54ad44b6f76a8d143d168bdc942542d5fd263903cbf630f9c58ecf1cdd0,not a separate empirical selection,not separately selected,global profile; not per-video,engineering_or_indirect,not established,YES,Inherited from the hashed TrackingConfig source; no separate sensitivity claim.,PARTIAL_NO_METHOD_SPECIFIC_SENSITIVITY,BOUND_BY_SOURCE_CODE,PARTIALLY_GROUNDED,NO
R1_CURRENT_STANDARD_V2_20260728,track_high_conf,engineering_or_indirect,unitless ratio,"[0,1] unless source contract states otherwise",0.45,INHERITED_DEFAULT_WITH_PROVENANCE,src/pig_behavior/tracking/config.py sha256=52c5f54ad44b6f76a8d143d168bdc942542d5fd263903cbf630f9c58ecf1cdd0,not a separate empirical selection,not separately selected,global profile; not per-video,engineering_or_indirect,not established,YES,Inherited from the hashed TrackingConfig source; no separate sensitivity claim.,PARTIAL_NO_METHOD_SPECIFIC_SENSITIVITY,BOUND_BY_SOURCE_CODE,PARTIALLY_GROUNDED,NO
R1_CURRENT_STANDARD_V2_20260728,track_match_iou,association,unitless ratio,"[0,1] unless source contract states otherwise",0.75,INHERITED_DEFAULT_WITH_PROVENANCE,src/pig_behavior/tracking/config.py sha256=52c5f54ad44b6f76a8d143d168bdc942542d5fd263903cbf630f9c58ecf1cdd0,not a separate empirical selection,not separately selected,global profile; not per-video,association,not established,YES,Inherited from the hashed TrackingConfig source; no separate sensitivity claim.,PARTIAL_NO_METHOD_SPECIFIC_SENSITIVITY,BOUND_BY_SOURCE_CODE,PARTIALLY_GROUNDED,NO
R1_CURRENT_STANDARD_V2_20260728,tracker_type,engineering_or_indirect,categorical/path,source-defined allowed values,"""bytetrack""",ORIGINAL_METHOD_SPECIFICATION,src/pig_behavior/tracking/config.py sha256=52c5f54ad44b6f76a8d143d168bdc942542d5fd263903cbf630f9c58ecf1cdd0,not a separate empirical selection,not separately selected,global profile; not per-video,engineering_or_indirect,not established,YES,Defines the method family or locked eight-animal task.,SUFFICIENT,BOUND_BY_SOURCE_CODE,FULLY_GROUNDED,NO
R1_CURRENT_STANDARD_V2_20260728,tracker_yaml,engineering_or_indirect,not applicable,None or source-defined value,null,INHERITED_DEFAULT_WITH_PROVENANCE,src/pig_behavior/tracking/config.py sha256=52c5f54ad44b6f76a8d143d168bdc942542d5fd263903cbf630f9c58ecf1cdd0,not a separate empirical selection,not separately selected,global profile; not per-video,engineering_or_indirect,not established,YES,Inherited from the hashed TrackingConfig source; no separate sensitivity claim.,PARTIAL_NO_METHOD_SPECIFIC_SENSITIVITY,BOUND_BY_SOURCE_CODE,PARTIALLY_GROUNDED,NO
R1_CURRENT_STANDARD_V2_20260728,unseen_track_cost_threshold,association,unitless,source-defined numeric domain,1.1,INHERITED_DEFAULT_WITH_PROVENANCE,src/pig_behavior/tracking/config.py sha256=52c5f54ad44b6f76a8d143d168bdc942542d5fd263903cbf630f9c58ecf1cdd0,not a separate empirical selection,not separately selected,global profile; not per-video,association,not established,YES,Inherited from the hashed TrackingConfig source; no separate sensitivity claim.,PARTIAL_NO_METHOD_SPECIFIC_SENSITIVITY,BOUND_BY_SOURCE_CODE,PARTIALLY_GROUNDED,NO
R1_CURRENT_STANDARD_V2_20260728,use_mask,detection,boolean,"{false,true}",true,INHERITED_DEFAULT_WITH_PROVENANCE,src/pig_behavior/tracking/config.py sha256=52c5f54ad44b6f76a8d143d168bdc942542d5fd263903cbf630f9c58ecf1cdd0,not a separate empirical selection,not separately selected,global profile; not per-video,detection,not established,YES,Inherited from the hashed TrackingConfig source; no separate sensitivity claim.,PARTIAL_NO_METHOD_SPECIFIC_SENSITIVITY,BOUND_BY_SOURCE_CODE,PARTIALLY_GROUNDED,NO
R1_CURRENT_STANDARD_V2_20260728,use_mask_iou,detection|association,boolean,"{false,true}",true,INHERITED_DEFAULT_WITH_PROVENANCE,src/pig_behavior/tracking/config.py sha256=52c5f54ad44b6f76a8d143d168bdc942542d5fd263903cbf630f9c58ecf1cdd0,not a separate empirical selection,not separately selected,global profile; not per-video,detection|association,not established,YES,Inherited from the hashed TrackingConfig source; no separate sensitivity claim.,PARTIAL_NO_METHOD_SPECIFIC_SENSITIVITY,BOUND_BY_SOURCE_CODE,PARTIALLY_GROUNDED,NO
R1_CURRENT_STANDARD_V2_20260728,video_path,runtime,categorical/path,source-defined allowed values,"""C:\\Users\\ironh\\Downloads\\PIG_Behavior_Project\\.codex_tmp\\worktrees\\tracking_scientific_grounding_authority\\data\\videos\\Pigs281119_000085_30fps.mp4""",DATA_SCHEMA_CONSTRAINT,src/pig_behavior/tracking/config.py sha256=52c5f54ad44b6f76a8d143d168bdc942542d5fd263903cbf630f9c58ecf1cdd0,not a separate empirical selection,not separately selected,global profile; not per-video,runtime,not established,YES,Bound to the repository data/cache/export schema.,SUFFICIENT,BOUND_BY_SOURCE_CODE,FULLY_GROUNDED,NO
R1_CURRENT_STANDARD_V2_20260728,visible_raw_owner_transfer_min_gain,identity_repair,unitless,source-defined numeric domain,0.04,INHERITED_DEFAULT_WITH_PROVENANCE,src/pig_behavior/tracking/config.py sha256=52c5f54ad44b6f76a8d143d168bdc942542d5fd263903cbf630f9c58ecf1cdd0,not a separate empirical selection,not separately selected,global profile; not per-video,identity_repair,not established,YES,Inherited from the hashed TrackingConfig source; no separate sensitivity claim.,PARTIAL_NO_METHOD_SPECIFIC_SENSITIVITY,BOUND_BY_SOURCE_CODE,PARTIALLY_GROUNDED,NO
R1_CURRENT_STANDARD_V2_20260728,visual_opacity,engineering_or_indirect,unitless,source-defined numeric domain,0.75,INHERITED_DEFAULT_WITH_PROVENANCE,src/pig_behavior/tracking/config.py sha256=52c5f54ad44b6f76a8d143d168bdc942542d5fd263903cbf630f9c58ecf1cdd0,not a separate empirical selection,not separately selected,global profile; not per-video,engineering_or_indirect,not established,YES,Inherited from the hashed TrackingConfig source; no separate sensitivity claim.,PARTIAL_NO_METHOD_SPECIFIC_SENSITIVITY,BOUND_BY_SOURCE_CODE,PARTIALLY_GROUNDED,NO
R1_CURRENT_STANDARD_V2_20260728,weights_path,engineering_or_indirect,categorical/path,source-defined allowed values,"""C:\\Users\\ironh\\Downloads\\PIG_Behavior_Project\\.codex_tmp\\worktrees\\tracking_scientific_grounding_authority\\models\\detector\\pig_detector_yolov8.pt""",DATA_SCHEMA_CONSTRAINT,src/pig_behavior/tracking/config.py sha256=52c5f54ad44b6f76a8d143d168bdc942542d5fd263903cbf630f9c58ecf1cdd0,not a separate empirical selection,not separately selected,global profile; not per-video,engineering_or_indirect,not established,YES,Bound to the repository data/cache/export schema.,SUFFICIENT,BOUND_BY_SOURCE_CODE,FULLY_GROUNDED,NO
R1_CURRENT_STANDARD_V2_20260728,write_output_video,runtime,boolean,"{false,true}",false,HARDWARE_OR_RUNTIME_CONSTRAINT,src/pig_behavior/tracking/profiles/rf_hybrid_offline.py sha256=bc7c20c21bf6ce283fb8f0ba34b36705805a52591b705a16c81f9014bb755ce9,13-video development evidence,frozen before authority execution; earlier development data visible,global profile; not per-video,runtime,authority/ablation record may exist; not universal,YES,Execution/safety constraint rather than a quality claim.,SUFFICIENT,BOUND_BY_EFFECTIVE_CONFIG,FULLY_GROUNDED,NO
HISTORICAL_H5B_H4_20260719,USE_AREA_OCCLUSION_FREEZE,Hidden_state,boolean,"{false,true}",false,PREDECLARED_DEVELOPMENT_SELECTION,docs/tracking/historical_h5b_h4_executable_reproduction/HISTORICAL_H5B_H4_EXECUTABLE_CONFIG_20260729.json sha256=0921f55f9e58beb17671c197c86cd55a4fe280e1010ab497248a4c28aea15c8e,development videos visible; exact selection history incomplete,frozen before promoted authority run; iterative development preceded it,global profile; not per-video,Hidden_state,partial historical ablation records,YES_RECORDED_OR_EXPLICIT_GAP,Profile override frozen by a development authority before its authority run.,SUFFICIENT_WITH_DEVELOPMENT_SCOPE_LIMITATION,BOUND_BY_EFFECTIVE_CONFIG,PARTIALLY_GROUNDED,NO
HISTORICAL_H5B_H4_20260719,USE_CONDITIONAL_AREA_OCCLUSION_FREEZE,Hidden_state,boolean,"{false,true}",false,PREDECLARED_DEVELOPMENT_SELECTION,docs/tracking/historical_h5b_h4_executable_reproduction/HISTORICAL_H5B_H4_EXECUTABLE_CONFIG_20260729.json sha256=0921f55f9e58beb17671c197c86cd55a4fe280e1010ab497248a4c28aea15c8e,development videos visible; exact selection history incomplete,frozen before promoted authority run; iterative development preceded it,global profile; not per-video,Hidden_state,partial historical ablation records,YES_RECORDED_OR_EXPLICIT_GAP,Profile override frozen by a development authority before its authority run.,SUFFICIENT_WITH_DEVELOPMENT_SCOPE_LIMITATION,BOUND_BY_EFFECTIVE_CONFIG,PARTIALLY_GROUNDED,NO
HISTORICAL_H5B_H4_20260719,USE_IOU_FALLBACK,association,boolean,"{false,true}",false,PREDECLARED_DEVELOPMENT_SELECTION,docs/tracking/historical_h5b_h4_executable_reproduction/HISTORICAL_H5B_H4_EXECUTABLE_CONFIG_20260729.json sha256=0921f55f9e58beb17671c197c86cd55a4fe280e1010ab497248a4c28aea15c8e,development videos visible; exact selection history incomplete,frozen before promoted authority run; iterative development preceded it,global profile; not per-video,association,partial historical ablation records,YES_RECORDED_OR_EXPLICIT_GAP,Profile override frozen by a development authority before its authority run.,SUFFICIENT_WITH_DEVELOPMENT_SCOPE_LIMITATION,BOUND_BY_EFFECTIVE_CONFIG,PARTIALLY_GROUNDED,NO
HISTORICAL_H5B_H4_20260719,USE_MERGED_BOX_SPLIT,bbox_geometry,boolean,"{false,true}",false,PREDECLARED_DEVELOPMENT_SELECTION,docs/tracking/historical_h5b_h4_executable_reproduction/HISTORICAL_H5B_H4_EXECUTABLE_CONFIG_20260729.json sha256=0921f55f9e58beb17671c197c86cd55a4fe280e1010ab497248a4c28aea15c8e,development videos visible; exact selection history incomplete,frozen before promoted authority run; iterative development preceded it,global profile; not per-video,bbox_geometry,partial historical ablation records,YES_RECORDED_OR_EXPLICIT_GAP,Profile override frozen by a development authority before its authority run.,SUFFICIENT_WITH_DEVELOPMENT_SCOPE_LIMITATION,BOUND_BY_EFFECTIVE_CONFIG,PARTIALLY_GROUNDED,NO
HISTORICAL_H5B_H4_20260719,det_conf,detection,unitless ratio,"[0,1] unless source contract states otherwise",0.2,PREDECLARED_DEVELOPMENT_SELECTION,docs/tracking/historical_h5b_h4_executable_reproduction/HISTORICAL_H5B_H4_EXECUTABLE_CONFIG_20260729.json sha256=0921f55f9e58beb17671c197c86cd55a4fe280e1010ab497248a4c28aea15c8e,development videos visible; exact selection history incomplete,frozen before promoted authority run; iterative development preceded it,global profile; not per-video,detection,partial historical ablation records,YES_RECORDED_OR_EXPLICIT_GAP,Profile override frozen by a development authority before its authority run.,SUFFICIENT_WITH_DEVELOPMENT_SCOPE_LIMITATION,BOUND_BY_EFFECTIVE_CONFIG,PARTIALLY_GROUNDED,NO
HISTORICAL_H5B_H4_20260719,detector_cache.authority_sha256,detection,categorical/path,source-defined allowed values,"""52566e9318e8a6c60ea49b01af8715c3b074460c4a803332e6a77b40ac004975""",PREDECLARED_DEVELOPMENT_SELECTION,docs/tracking/historical_h5b_h4_executable_reproduction/HISTORICAL_H5B_H4_EXECUTABLE_CONFIG_20260729.json sha256=0921f55f9e58beb17671c197c86cd55a4fe280e1010ab497248a4c28aea15c8e,development videos visible; exact selection history incomplete,frozen before promoted authority run; iterative development preceded it,global profile; not per-video,detection,partial historical ablation records,YES_RECORDED_OR_EXPLICIT_GAP,Profile override frozen by a development authority before its authority run.,SUFFICIENT_WITH_DEVELOPMENT_SCOPE_LIMITATION,BOUND_BY_EFFECTIVE_CONFIG,PARTIALLY_GROUNDED,NO
HISTORICAL_H5B_H4_20260719,detector_cache.cadence,detection|runtime,categorical/path,source-defined allowed values,"""EVERY_FRAME""",PREDECLARED_DEVELOPMENT_SELECTION,docs/tracking/historical_h5b_h4_executable_reproduction/HISTORICAL_H5B_H4_EXECUTABLE_CONFIG_20260729.json sha256=0921f55f9e58beb17671c197c86cd55a4fe280e1010ab497248a4c28aea15c8e,development videos visible; exact selection history incomplete,frozen before promoted authority run; iterative development preceded it,global profile; not per-video,detection|runtime,partial historical ablation records,YES_RECORDED_OR_EXPLICIT_GAP,Profile override frozen by a development authority before its authority run.,SUFFICIENT_WITH_DEVELOPMENT_SCOPE_LIMITATION,BOUND_BY_EFFECTIVE_CONFIG,PARTIALLY_GROUNDED,NO
HISTORICAL_H5B_H4_20260719,detector_cache.confidence,detection,unitless ratio,"[0,1] unless source contract states otherwise",0.2,PREDECLARED_DEVELOPMENT_SELECTION,docs/tracking/historical_h5b_h4_executable_reproduction/HISTORICAL_H5B_H4_EXECUTABLE_CONFIG_20260729.json sha256=0921f55f9e58beb17671c197c86cd55a4fe280e1010ab497248a4c28aea15c8e,development videos visible; exact selection history incomplete,frozen before promoted authority run; iterative development preceded it,global profile; not per-video,detection,partial historical ablation records,YES_RECORDED_OR_EXPLICIT_GAP,Profile override frozen by a development authority before its authority run.,SUFFICIENT_WITH_DEVELOPMENT_SCOPE_LIMITATION,BOUND_BY_EFFECTIVE_CONFIG,PARTIALLY_GROUNDED,NO
HISTORICAL_H5B_H4_20260719,detector_cache.effective_config_sha256,detection,categorical/path,source-defined allowed values,"""c51b7549ae8624502389b685f7ae47668404339d74bd38c73f527a2e4e78bad8""",PREDECLARED_DEVELOPMENT_SELECTION,docs/tracking/historical_h5b_h4_executable_reproduction/HISTORICAL_H5B_H4_EXECUTABLE_CONFIG_20260729.json sha256=0921f55f9e58beb17671c197c86cd55a4fe280e1010ab497248a4c28aea15c8e,development videos visible; exact selection history incomplete,frozen before promoted authority run; iterative development preceded it,global profile; not per-video,detection,partial historical ablation records,YES_RECORDED_OR_EXPLICIT_GAP,Profile override frozen by a development authority before its authority run.,SUFFICIENT_WITH_DEVELOPMENT_SCOPE_LIMITATION,BOUND_BY_EFFECTIVE_CONFIG,PARTIALLY_GROUNDED,NO
HISTORICAL_H5B_H4_20260719,detector_cache.image_size,detection,frames,non-negative integer unless sentinel documented,640,PREDECLARED_DEVELOPMENT_SELECTION,docs/tracking/historical_h5b_h4_executable_reproduction/HISTORICAL_H5B_H4_EXECUTABLE_CONFIG_20260729.json sha256=0921f55f9e58beb17671c197c86cd55a4fe280e1010ab497248a4c28aea15c8e,development videos visible; exact selection history incomplete,frozen before promoted authority run; iterative development preceded it,global profile; not per-video,detection,partial historical ablation records,YES_RECORDED_OR_EXPLICIT_GAP,Profile override frozen by a development authority before its authority run.,SUFFICIENT_WITH_DEVELOPMENT_SCOPE_LIMITATION,BOUND_BY_EFFECTIVE_CONFIG,PARTIALLY_GROUNDED,NO
HISTORICAL_H5B_H4_20260719,detector_cache.live_detector_fallback,detection,boolean,"{false,true}",false,PREDECLARED_DEVELOPMENT_SELECTION,docs/tracking/historical_h5b_h4_executable_reproduction/HISTORICAL_H5B_H4_EXECUTABLE_CONFIG_20260729.json sha256=0921f55f9e58beb17671c197c86cd55a4fe280e1010ab497248a4c28aea15c8e,development videos visible; exact selection history incomplete,frozen before promoted authority run; iterative development preceded it,global profile; not per-video,detection,partial historical ablation records,YES_RECORDED_OR_EXPLICIT_GAP,Profile override frozen by a development authority before its authority run.,SUFFICIENT_WITH_DEVELOPMENT_SCOPE_LIMITATION,BOUND_BY_EFFECTIVE_CONFIG,PARTIALLY_GROUNDED,NO
HISTORICAL_H5B_H4_20260719,detector_cache.max_raw_detections,detection,count,source-defined integer domain,64,PREDECLARED_DEVELOPMENT_SELECTION,docs/tracking/historical_h5b_h4_executable_reproduction/HISTORICAL_H5B_H4_EXECUTABLE_CONFIG_20260729.json sha256=0921f55f9e58beb17671c197c86cd55a4fe280e1010ab497248a4c28aea15c8e,development videos visible; exact selection history incomplete,frozen before promoted authority run; iterative development preceded it,global profile; not per-video,detection,partial historical ablation records,YES_RECORDED_OR_EXPLICIT_GAP,Profile override frozen by a development authority before its authority run.,SUFFICIENT_WITH_DEVELOPMENT_SCOPE_LIMITATION,BOUND_BY_EFFECTIVE_CONFIG,PARTIALLY_GROUNDED,NO
HISTORICAL_H5B_H4_20260719,detector_cache.nms_iou,detection|association,unitless ratio,"[0,1] unless source contract states otherwise",0.5,PREDECLARED_DEVELOPMENT_SELECTION,docs/tracking/historical_h5b_h4_executable_reproduction/HISTORICAL_H5B_H4_EXECUTABLE_CONFIG_20260729.json sha256=0921f55f9e58beb17671c197c86cd55a4fe280e1010ab497248a4c28aea15c8e,development videos visible; exact selection history incomplete,frozen before promoted authority run; iterative development preceded it,global profile; not per-video,detection|association,partial historical ablation records,YES_RECORDED_OR_EXPLICIT_GAP,Profile override frozen by a development authority before its authority run.,SUFFICIENT_WITH_DEVELOPMENT_SCOPE_LIMITATION,BOUND_BY_EFFECTIVE_CONFIG,PARTIALLY_GROUNDED,NO
HISTORICAL_H5B_H4_20260719,detector_cache.root,detection,categorical/path,source-defined allowed values,"""C:\\Users\\ironh\\Downloads\\PIG_Behavior_Project\\outputs\\tracking\\historical_h5b_h4_detector_cache_020_64_20260728_retry1""",PREDECLARED_DEVELOPMENT_SELECTION,docs/tracking/historical_h5b_h4_executable_reproduction/HISTORICAL_H5B_H4_EXECUTABLE_CONFIG_20260729.json sha256=0921f55f9e58beb17671c197c86cd55a4fe280e1010ab497248a4c28aea15c8e,development videos visible; exact selection history incomplete,frozen before promoted authority run; iterative development preceded it,global profile; not per-video,detection,partial historical ablation records,YES_RECORDED_OR_EXPLICIT_GAP,Profile override frozen by a development authority before its authority run.,SUFFICIENT_WITH_DEVELOPMENT_SCOPE_LIMITATION,BOUND_BY_EFFECTIVE_CONFIG,PARTIALLY_GROUNDED,NO
HISTORICAL_H5B_H4_20260719,enable_offline_smoothing,bbox_geometry,boolean,"{false,true}",true,PREDECLARED_DEVELOPMENT_SELECTION,docs/tracking/historical_h5b_h4_executable_reproduction/HISTORICAL_H5B_H4_EXECUTABLE_CONFIG_20260729.json sha256=0921f55f9e58beb17671c197c86cd55a4fe280e1010ab497248a4c28aea15c8e,development videos visible; exact selection history incomplete,frozen before promoted authority run; iterative development preceded it,global profile; not per-video,bbox_geometry,partial historical ablation records,YES_RECORDED_OR_EXPLICIT_GAP,Profile override frozen by a development authority before its authority run.,SUFFICIENT_WITH_DEVELOPMENT_SCOPE_LIMITATION,BOUND_BY_EFFECTIVE_CONFIG,PARTIALLY_GROUNDED,NO
HISTORICAL_H5B_H4_20260719,far_camera_hidden_geometry_max_center_shift,Hidden_state|bbox_geometry,unitless,source-defined numeric domain,0.12,PREDECLARED_DEVELOPMENT_SELECTION,docs/tracking/historical_h5b_h4_executable_reproduction/HISTORICAL_H5B_H4_EXECUTABLE_CONFIG_20260729.json sha256=0921f55f9e58beb17671c197c86cd55a4fe280e1010ab497248a4c28aea15c8e,development videos visible; exact selection history incomplete,frozen before promoted authority run; iterative development preceded it,global profile; not per-video,Hidden_state|bbox_geometry,partial historical ablation records,YES_RECORDED_OR_EXPLICIT_GAP,Profile override frozen by a development authority before its authority run.,SUFFICIENT_WITH_DEVELOPMENT_SCOPE_LIMITATION,BOUND_BY_EFFECTIVE_CONFIG,PARTIALLY_GROUNDED,NO
HISTORICAL_H5B_H4_20260719,far_camera_hidden_geometry_max_future_gap_frames,Hidden_state|bbox_geometry|runtime,frames,non-negative integer unless sentinel documented,15,PREDECLARED_DEVELOPMENT_SELECTION,docs/tracking/historical_h5b_h4_executable_reproduction/HISTORICAL_H5B_H4_EXECUTABLE_CONFIG_20260729.json sha256=0921f55f9e58beb17671c197c86cd55a4fe280e1010ab497248a4c28aea15c8e,development videos visible; exact selection history incomplete,frozen before promoted authority run; iterative development preceded it,global profile; not per-video,Hidden_state|bbox_geometry|runtime,partial historical ablation records,YES_RECORDED_OR_EXPLICIT_GAP,Profile override frozen by a development authority before its authority run.,SUFFICIENT_WITH_DEVELOPMENT_SCOPE_LIMITATION,BOUND_BY_EFFECTIVE_CONFIG,PARTIALLY_GROUNDED,NO
HISTORICAL_H5B_H4_20260719,far_camera_hidden_geometry_min_height_excess,Hidden_state|bbox_geometry,unitless,source-defined numeric domain,0.15,PREDECLARED_DEVELOPMENT_SELECTION,docs/tracking/historical_h5b_h4_executable_reproduction/HISTORICAL_H5B_H4_EXECUTABLE_CONFIG_20260729.json sha256=0921f55f9e58beb17671c197c86cd55a4fe280e1010ab497248a4c28aea15c8e,development videos visible; exact selection history incomplete,frozen before promoted authority run; iterative development preceded it,global profile; not per-video,Hidden_state|bbox_geometry,partial historical ablation records,YES_RECORDED_OR_EXPLICIT_GAP,Profile override frozen by a development authority before its authority run.,SUFFICIENT_WITH_DEVELOPMENT_SCOPE_LIMITATION,BOUND_BY_EFFECTIVE_CONFIG,PARTIALLY_GROUNDED,NO
HISTORICAL_H5B_H4_20260719,far_camera_hidden_geometry_min_overlap_reduction,Hidden_state|bbox_geometry,unitless,source-defined numeric domain,0.1,PREDECLARED_DEVELOPMENT_SELECTION,docs/tracking/historical_h5b_h4_executable_reproduction/HISTORICAL_H5B_H4_EXECUTABLE_CONFIG_20260729.json sha256=0921f55f9e58beb17671c197c86cd55a4fe280e1010ab497248a4c28aea15c8e,development videos visible; exact selection history incomplete,frozen before promoted authority run; iterative development preceded it,global profile; not per-video,Hidden_state|bbox_geometry,partial historical ablation records,YES_RECORDED_OR_EXPLICIT_GAP,Profile override frozen by a development authority before its authority run.,SUFFICIENT_WITH_DEVELOPMENT_SCOPE_LIMITATION,BOUND_BY_EFFECTIVE_CONFIG,PARTIALLY_GROUNDED,NO
HISTORICAL_H5B_H4_20260719,far_camera_hidden_geometry_min_visible_overlap_iou,association|Hidden_state|bbox_geometry,unitless ratio,"[0,1] unless source contract states otherwise",0.65,PREDECLARED_DEVELOPMENT_SELECTION,docs/tracking/historical_h5b_h4_executable_reproduction/HISTORICAL_H5B_H4_EXECUTABLE_CONFIG_20260729.json sha256=0921f55f9e58beb17671c197c86cd55a4fe280e1010ab497248a4c28aea15c8e,development videos visible; exact selection history incomplete,frozen before promoted authority run; iterative development preceded it,global profile; not per-video,association|Hidden_state|bbox_geometry,partial historical ablation records,YES_RECORDED_OR_EXPLICIT_GAP,Profile override frozen by a development authority before its authority run.,SUFFICIENT_WITH_DEVELOPMENT_SCOPE_LIMITATION,BOUND_BY_EFFECTIVE_CONFIG,PARTIALLY_GROUNDED,NO
HISTORICAL_H5B_H4_20260719,far_camera_hidden_geometry_original_weight,Hidden_state|bbox_geometry,unitless,source-defined numeric domain,0.1,PREDECLARED_DEVELOPMENT_SELECTION,docs/tracking/historical_h5b_h4_executable_reproduction/HISTORICAL_H5B_H4_EXECUTABLE_CONFIG_20260729.json sha256=0921f55f9e58beb17671c197c86cd55a4fe280e1010ab497248a4c28aea15c8e,development videos visible; exact selection history incomplete,frozen before promoted authority run; iterative development preceded it,global profile; not per-video,Hidden_state|bbox_geometry,partial historical ablation records,YES_RECORDED_OR_EXPLICIT_GAP,Profile override frozen by a development authority before its authority run.,SUFFICIENT_WITH_DEVELOPMENT_SCOPE_LIMITATION,BOUND_BY_EFFECTIVE_CONFIG,PARTIALLY_GROUNDED,NO
HISTORICAL_H5B_H4_20260719,far_camera_hidden_geometry_refine,Hidden_state|bbox_geometry,boolean,"{false,true}",true,PREDECLARED_DEVELOPMENT_SELECTION,docs/tracking/historical_h5b_h4_executable_reproduction/HISTORICAL_H5B_H4_EXECUTABLE_CONFIG_20260729.json sha256=0921f55f9e58beb17671c197c86cd55a4fe280e1010ab497248a4c28aea15c8e,development videos visible; exact selection history incomplete,frozen before promoted authority run; iterative development preceded it,global profile; not per-video,Hidden_state|bbox_geometry,partial historical ablation records,YES_RECORDED_OR_EXPLICIT_GAP,Profile override frozen by a development authority before its authority run.,SUFFICIENT_WITH_DEVELOPMENT_SCOPE_LIMITATION,BOUND_BY_EFFECTIVE_CONFIG,PARTIALLY_GROUNDED,NO
HISTORICAL_H5B_H4_20260719,far_camera_hidden_geometry_x_threshold,Hidden_state|bbox_geometry,unitless,source-defined numeric domain,0.67,PREDECLARED_DEVELOPMENT_SELECTION,docs/tracking/historical_h5b_h4_executable_reproduction/HISTORICAL_H5B_H4_EXECUTABLE_CONFIG_20260729.json sha256=0921f55f9e58beb17671c197c86cd55a4fe280e1010ab497248a4c28aea15c8e,development videos visible; exact selection history incomplete,frozen before promoted authority run; iterative development preceded it,global profile; not per-video,Hidden_state|bbox_geometry,partial historical ablation records,YES_RECORDED_OR_EXPLICIT_GAP,Profile override frozen by a development authority before its authority run.,SUFFICIENT_WITH_DEVELOPMENT_SCOPE_LIMITATION,BOUND_BY_EFFECTIVE_CONFIG,PARTIALLY_GROUNDED,NO
HISTORICAL_H5B_H4_20260719,hidden_owner_guard,identity_repair|Hidden_state,boolean,"{false,true}",true,PREDECLARED_DEVELOPMENT_SELECTION,docs/tracking/historical_h5b_h4_executable_reproduction/HISTORICAL_H5B_H4_EXECUTABLE_CONFIG_20260729.json sha256=0921f55f9e58beb17671c197c86cd55a4fe280e1010ab497248a4c28aea15c8e,development videos visible; exact selection history incomplete,frozen before promoted authority run; iterative development preceded it,global profile; not per-video,identity_repair|Hidden_state,partial historical ablation records,YES_RECORDED_OR_EXPLICIT_GAP,Profile override frozen by a development authority before its authority run.,SUFFICIENT_WITH_DEVELOPMENT_SCOPE_LIMITATION,BOUND_BY_EFFECTIVE_CONFIG,PARTIALLY_GROUNDED,NO
HISTORICAL_H5B_H4_20260719,hidden_owner_guard_hold_assignment,identity_repair|Hidden_state,boolean,"{false,true}",true,PREDECLARED_DEVELOPMENT_SELECTION,docs/tracking/historical_h5b_h4_executable_reproduction/HISTORICAL_H5B_H4_EXECUTABLE_CONFIG_20260729.json sha256=0921f55f9e58beb17671c197c86cd55a4fe280e1010ab497248a4c28aea15c8e,development videos visible; exact selection history incomplete,frozen before promoted authority run; iterative development preceded it,global profile; not per-video,identity_repair|Hidden_state,partial historical ablation records,YES_RECORDED_OR_EXPLICIT_GAP,Profile override frozen by a development authority before its authority run.,SUFFICIENT_WITH_DEVELOPMENT_SCOPE_LIMITATION,BOUND_BY_EFFECTIVE_CONFIG,PARTIALLY_GROUNDED,NO
HISTORICAL_H5B_H4_20260719,hidden_suffix_id_swap_min_overlap_persistence_frames,identity_repair|Hidden_state|runtime,frames,non-negative integer unless sentinel documented,2,PREDECLARED_DEVELOPMENT_SELECTION,docs/tracking/historical_h5b_h4_executable_reproduction/HISTORICAL_H5B_H4_EXECUTABLE_CONFIG_20260729.json sha256=0921f55f9e58beb17671c197c86cd55a4fe280e1010ab497248a4c28aea15c8e,development videos visible; exact selection history incomplete,frozen before promoted authority run; iterative development preceded it,global profile; not per-video,identity_repair|Hidden_state|runtime,partial historical ablation records,YES_RECORDED_OR_EXPLICIT_GAP,Profile override frozen by a development authority before its authority run.,SUFFICIENT_WITH_DEVELOPMENT_SCOPE_LIMITATION,BOUND_BY_EFFECTIVE_CONFIG,PARTIALLY_GROUNDED,NO
HISTORICAL_H5B_H4_20260719,hidden_suffix_id_swap_repair,identity_repair|Hidden_state,boolean,"{false,true}",true,PREDECLARED_DEVELOPMENT_SELECTION,docs/tracking/historical_h5b_h4_executable_reproduction/HISTORICAL_H5B_H4_EXECUTABLE_CONFIG_20260729.json sha256=0921f55f9e58beb17671c197c86cd55a4fe280e1010ab497248a4c28aea15c8e,development videos visible; exact selection history incomplete,frozen before promoted authority run; iterative development preceded it,global profile; not per-video,identity_repair|Hidden_state,partial historical ablation records,YES_RECORDED_OR_EXPLICIT_GAP,Profile override frozen by a development authority before its authority run.,SUFFICIENT_WITH_DEVELOPMENT_SCOPE_LIMITATION,BOUND_BY_EFFECTIVE_CONFIG,PARTIALLY_GROUNDED,NO
HISTORICAL_H5B_H4_20260719,hidden_suffix_id_swap_use_overlap_persistence,identity_repair|Hidden_state,boolean,"{false,true}",true,PREDECLARED_DEVELOPMENT_SELECTION,docs/tracking/historical_h5b_h4_executable_reproduction/HISTORICAL_H5B_H4_EXECUTABLE_CONFIG_20260729.json sha256=0921f55f9e58beb17671c197c86cd55a4fe280e1010ab497248a4c28aea15c8e,development videos visible; exact selection history incomplete,frozen before promoted authority run; iterative development preceded it,global profile; not per-video,identity_repair|Hidden_state,partial historical ablation records,YES_RECORDED_OR_EXPLICIT_GAP,Profile override frozen by a development authority before its authority run.,SUFFICIENT_WITH_DEVELOPMENT_SCOPE_LIMITATION,BOUND_BY_EFFECTIVE_CONFIG,PARTIALLY_GROUNDED,NO
HISTORICAL_H5B_H4_20260719,identity_swap_guard,identity_repair,boolean,"{false,true}",true,PREDECLARED_DEVELOPMENT_SELECTION,docs/tracking/historical_h5b_h4_executable_reproduction/HISTORICAL_H5B_H4_EXECUTABLE_CONFIG_20260729.json sha256=0921f55f9e58beb17671c197c86cd55a4fe280e1010ab497248a4c28aea15c8e,development videos visible; exact selection history incomplete,frozen before promoted authority run; iterative development preceded it,global profile; not per-video,identity_repair,partial historical ablation records,YES_RECORDED_OR_EXPLICIT_GAP,Profile override frozen by a development authority before its authority run.,SUFFICIENT_WITH_DEVELOPMENT_SCOPE_LIMITATION,BOUND_BY_EFFECTIVE_CONFIG,PARTIALLY_GROUNDED,NO
HISTORICAL_H5B_H4_20260719,identity_swap_guard_far_x_threshold,identity_repair,unitless,source-defined numeric domain,0.67,PREDECLARED_DEVELOPMENT_SELECTION,docs/tracking/historical_h5b_h4_executable_reproduction/HISTORICAL_H5B_H4_EXECUTABLE_CONFIG_20260729.json sha256=0921f55f9e58beb17671c197c86cd55a4fe280e1010ab497248a4c28aea15c8e,development videos visible; exact selection history incomplete,frozen before promoted authority run; iterative development preceded it,global profile; not per-video,identity_repair,partial historical ablation records,YES_RECORDED_OR_EXPLICIT_GAP,Profile override frozen by a development authority before its authority run.,SUFFICIENT_WITH_DEVELOPMENT_SCOPE_LIMITATION,BOUND_BY_EFFECTIVE_CONFIG,PARTIALLY_GROUNDED,NO
HISTORICAL_H5B_H4_20260719,identity_swap_guard_skip_mixed_occlusion_hold,identity_repair|Hidden_state,boolean,"{false,true}",true,PREDECLARED_DEVELOPMENT_SELECTION,docs/tracking/historical_h5b_h4_executable_reproduction/HISTORICAL_H5B_H4_EXECUTABLE_CONFIG_20260729.json sha256=0921f55f9e58beb17671c197c86cd55a4fe280e1010ab497248a4c28aea15c8e,development videos visible; exact selection history incomplete,frozen before promoted authority run; iterative development preceded it,global profile; not per-video,identity_repair|Hidden_state,partial historical ablation records,YES_RECORDED_OR_EXPLICIT_GAP,Profile override frozen by a development authority before its authority run.,SUFFICIENT_WITH_DEVELOPMENT_SCOPE_LIMITATION,BOUND_BY_EFFECTIVE_CONFIG,PARTIALLY_GROUNDED,NO
HISTORICAL_H5B_H4_20260719,identity_swap_guard_skip_mixed_occlusion_hold_far_only,identity_repair|Hidden_state,boolean,"{false,true}",true,PREDECLARED_DEVELOPMENT_SELECTION,docs/tracking/historical_h5b_h4_executable_reproduction/HISTORICAL_H5B_H4_EXECUTABLE_CONFIG_20260729.json sha256=0921f55f9e58beb17671c197c86cd55a4fe280e1010ab497248a4c28aea15c8e,development videos visible; exact selection history incomplete,frozen before promoted authority run; iterative development preceded it,global profile; not per-video,identity_repair|Hidden_state,partial historical ablation records,YES_RECORDED_OR_EXPLICIT_GAP,Profile override frozen by a development authority before its authority run.,SUFFICIENT_WITH_DEVELOPMENT_SCOPE_LIMITATION,BOUND_BY_EFFECTIVE_CONFIG,PARTIALLY_GROUNDED,NO
HISTORICAL_H5B_H4_20260719,low_conf_max_box_jump_scale,bbox_geometry,unitless,source-defined numeric domain,2.0,PREDECLARED_DEVELOPMENT_SELECTION,docs/tracking/historical_h5b_h4_executable_reproduction/HISTORICAL_H5B_H4_EXECUTABLE_CONFIG_20260729.json sha256=0921f55f9e58beb17671c197c86cd55a4fe280e1010ab497248a4c28aea15c8e,development videos visible; exact selection history incomplete,frozen before promoted authority run; iterative development preceded it,global profile; not per-video,bbox_geometry,partial historical ablation records,YES_RECORDED_OR_EXPLICIT_GAP,Profile override frozen by a development authority before its authority run.,SUFFICIENT_WITH_DEVELOPMENT_SCOPE_LIMITATION,BOUND_BY_EFFECTIVE_CONFIG,PARTIALLY_GROUNDED,NO
HISTORICAL_H5B_H4_20260719,low_conf_max_center_jump,engineering_or_indirect,unitless,source-defined numeric domain,0.1,PREDECLARED_DEVELOPMENT_SELECTION,docs/tracking/historical_h5b_h4_executable_reproduction/HISTORICAL_H5B_H4_EXECUTABLE_CONFIG_20260729.json sha256=0921f55f9e58beb17671c197c86cd55a4fe280e1010ab497248a4c28aea15c8e,development videos visible; exact selection history incomplete,frozen before promoted authority run; iterative development preceded it,global profile; not per-video,engineering_or_indirect,partial historical ablation records,YES_RECORDED_OR_EXPLICIT_GAP,Profile override frozen by a development authority before its authority run.,SUFFICIENT_WITH_DEVELOPMENT_SCOPE_LIMITATION,BOUND_BY_EFFECTIVE_CONFIG,PARTIALLY_GROUNDED,NO
HISTORICAL_H5B_H4_20260719,max_raw_detections,detection,count,source-defined integer domain,64,PREDECLARED_DEVELOPMENT_SELECTION,docs/tracking/historical_h5b_h4_executable_reproduction/HISTORICAL_H5B_H4_EXECUTABLE_CONFIG_20260729.json sha256=0921f55f9e58beb17671c197c86cd55a4fe280e1010ab497248a4c28aea15c8e,development videos visible; exact selection history incomplete,frozen before promoted authority run; iterative development preceded it,global profile; not per-video,detection,partial historical ablation records,YES_RECORDED_OR_EXPLICIT_GAP,Profile override frozen by a development authority before its authority run.,SUFFICIENT_WITH_DEVELOPMENT_SCOPE_LIMITATION,BOUND_BY_EFFECTIVE_CONFIG,PARTIALLY_GROUNDED,NO
HISTORICAL_H5B_H4_20260719,near_wall_hidden_geometry_distance_bbox_scale,Hidden_state|bbox_geometry,unitless,source-defined numeric domain,0.25,PREDECLARED_DEVELOPMENT_SELECTION,docs/tracking/historical_h5b_h4_executable_reproduction/HISTORICAL_H5B_H4_EXECUTABLE_CONFIG_20260729.json sha256=0921f55f9e58beb17671c197c86cd55a4fe280e1010ab497248a4c28aea15c8e,development videos visible; exact selection history incomplete,frozen before promoted authority run; iterative development preceded it,global profile; not per-video,Hidden_state|bbox_geometry,partial historical ablation records,YES_RECORDED_OR_EXPLICIT_GAP,Profile override frozen by a development authority before its authority run.,SUFFICIENT_WITH_DEVELOPMENT_SCOPE_LIMITATION,BOUND_BY_EFFECTIVE_CONFIG,PARTIALLY_GROUNDED,NO
HISTORICAL_H5B_H4_20260719,near_wall_hidden_geometry_max_center_shift,Hidden_state|bbox_geometry,unitless,source-defined numeric domain,0.04,PREDECLARED_DEVELOPMENT_SELECTION,docs/tracking/historical_h5b_h4_executable_reproduction/HISTORICAL_H5B_H4_EXECUTABLE_CONFIG_20260729.json sha256=0921f55f9e58beb17671c197c86cd55a4fe280e1010ab497248a4c28aea15c8e,development videos visible; exact selection history incomplete,frozen before promoted authority run; iterative development preceded it,global profile; not per-video,Hidden_state|bbox_geometry,partial historical ablation records,YES_RECORDED_OR_EXPLICIT_GAP,Profile override frozen by a development authority before its authority run.,SUFFICIENT_WITH_DEVELOPMENT_SCOPE_LIMITATION,BOUND_BY_EFFECTIVE_CONFIG,PARTIALLY_GROUNDED,NO
HISTORICAL_H5B_H4_20260719,near_wall_hidden_geometry_max_gap_frames,Hidden_state|bbox_geometry|runtime,frames,non-negative integer unless sentinel documented,30,PREDECLARED_DEVELOPMENT_SELECTION,docs/tracking/historical_h5b_h4_executable_reproduction/HISTORICAL_H5B_H4_EXECUTABLE_CONFIG_20260729.json sha256=0921f55f9e58beb17671c197c86cd55a4fe280e1010ab497248a4c28aea15c8e,development videos visible; exact selection history incomplete,frozen before promoted authority run; iterative development preceded it,global profile; not per-video,Hidden_state|bbox_geometry|runtime,partial historical ablation records,YES_RECORDED_OR_EXPLICIT_GAP,Profile override frozen by a development authority before its authority run.,SUFFICIENT_WITH_DEVELOPMENT_SCOPE_LIMITATION,BOUND_BY_EFFECTIVE_CONFIG,PARTIALLY_GROUNDED,NO
HISTORICAL_H5B_H4_20260719,near_wall_hidden_geometry_min_width_excess,Hidden_state|bbox_geometry,unitless,source-defined numeric domain,0.08,PREDECLARED_DEVELOPMENT_SELECTION,docs/tracking/historical_h5b_h4_executable_reproduction/HISTORICAL_H5B_H4_EXECUTABLE_CONFIG_20260729.json sha256=0921f55f9e58beb17671c197c86cd55a4fe280e1010ab497248a4c28aea15c8e,development videos visible; exact selection history incomplete,frozen before promoted authority run; iterative development preceded it,global profile; not per-video,Hidden_state|bbox_geometry,partial historical ablation records,YES_RECORDED_OR_EXPLICIT_GAP,Profile override frozen by a development authority before its authority run.,SUFFICIENT_WITH_DEVELOPMENT_SCOPE_LIMITATION,BOUND_BY_EFFECTIVE_CONFIG,PARTIALLY_GROUNDED,NO
HISTORICAL_H5B_H4_20260719,near_wall_hidden_geometry_original_weight,Hidden_state|bbox_geometry,unitless,source-defined numeric domain,0.5,PREDECLARED_DEVELOPMENT_SELECTION,docs/tracking/historical_h5b_h4_executable_reproduction/HISTORICAL_H5B_H4_EXECUTABLE_CONFIG_20260729.json sha256=0921f55f9e58beb17671c197c86cd55a4fe280e1010ab497248a4c28aea15c8e,development videos visible; exact selection history incomplete,frozen before promoted authority run; iterative development preceded it,global profile; not per-video,Hidden_state|bbox_geometry,partial historical ablation records,YES_RECORDED_OR_EXPLICIT_GAP,Profile override frozen by a development authority before its authority run.,SUFFICIENT_WITH_DEVELOPMENT_SCOPE_LIMITATION,BOUND_BY_EFFECTIVE_CONFIG,PARTIALLY_GROUNDED,NO
HISTORICAL_H5B_H4_20260719,near_wall_hidden_geometry_refine,Hidden_state|bbox_geometry,boolean,"{false,true}",true,PREDECLARED_DEVELOPMENT_SELECTION,docs/tracking/historical_h5b_h4_executable_reproduction/HISTORICAL_H5B_H4_EXECUTABLE_CONFIG_20260729.json sha256=0921f55f9e58beb17671c197c86cd55a4fe280e1010ab497248a4c28aea15c8e,development videos visible; exact selection history incomplete,frozen before promoted authority run; iterative development preceded it,global profile; not per-video,Hidden_state|bbox_geometry,partial historical ablation records,YES_RECORDED_OR_EXPLICIT_GAP,Profile override frozen by a development authority before its authority run.,SUFFICIENT_WITH_DEVELOPMENT_SCOPE_LIMITATION,BOUND_BY_EFFECTIVE_CONFIG,PARTIALLY_GROUNDED,NO
HISTORICAL_H5B_H4_20260719,occlusion_reid_bad_match_action,association|Hidden_state,categorical/path,source-defined allowed values,"""reject""",PREDECLARED_DEVELOPMENT_SELECTION,docs/tracking/historical_h5b_h4_executable_reproduction/HISTORICAL_H5B_H4_EXECUTABLE_CONFIG_20260729.json sha256=0921f55f9e58beb17671c197c86cd55a4fe280e1010ab497248a4c28aea15c8e,development videos visible; exact selection history incomplete,frozen before promoted authority run; iterative development preceded it,global profile; not per-video,association|Hidden_state,partial historical ablation records,YES_RECORDED_OR_EXPLICIT_GAP,Profile override frozen by a development authority before its authority run.,SUFFICIENT_WITH_DEVELOPMENT_SCOPE_LIMITATION,BOUND_BY_EFFECTIVE_CONFIG,PARTIALLY_GROUNDED,NO
HISTORICAL_H5B_H4_20260719,occlusion_reid_bad_match_max_cost,association|Hidden_state,unitless,source-defined numeric domain,0.7,PREDECLARED_DEVELOPMENT_SELECTION,docs/tracking/historical_h5b_h4_executable_reproduction/HISTORICAL_H5B_H4_EXECUTABLE_CONFIG_20260729.json sha256=0921f55f9e58beb17671c197c86cd55a4fe280e1010ab497248a4c28aea15c8e,development videos visible; exact selection history incomplete,frozen before promoted authority run; iterative development preceded it,global profile; not per-video,association|Hidden_state,partial historical ablation records,YES_RECORDED_OR_EXPLICIT_GAP,Profile override frozen by a development authority before its authority run.,SUFFICIENT_WITH_DEVELOPMENT_SCOPE_LIMITATION,BOUND_BY_EFFECTIVE_CONFIG,PARTIALLY_GROUNDED,NO
HISTORICAL_H5B_H4_20260719,occlusion_reid_bad_match_max_missed,association|lifecycle|Hidden_state,frames,non-negative integer unless sentinel documented,12,PREDECLARED_DEVELOPMENT_SELECTION,docs/tracking/historical_h5b_h4_executable_reproduction/HISTORICAL_H5B_H4_EXECUTABLE_CONFIG_20260729.json sha256=0921f55f9e58beb17671c197c86cd55a4fe280e1010ab497248a4c28aea15c8e,development videos visible; exact selection history incomplete,frozen before promoted authority run; iterative development preceded it,global profile; not per-video,association|lifecycle|Hidden_state,partial historical ablation records,YES_RECORDED_OR_EXPLICIT_GAP,Profile override frozen by a development authority before its authority run.,SUFFICIENT_WITH_DEVELOPMENT_SCOPE_LIMITATION,BOUND_BY_EFFECTIVE_CONFIG,PARTIALLY_GROUNDED,NO
HISTORICAL_H5B_H4_20260719,occlusion_reid_bad_match_min_cost,association|Hidden_state,unitless,source-defined numeric domain,0.55,PREDECLARED_DEVELOPMENT_SELECTION,docs/tracking/historical_h5b_h4_executable_reproduction/HISTORICAL_H5B_H4_EXECUTABLE_CONFIG_20260729.json sha256=0921f55f9e58beb17671c197c86cd55a4fe280e1010ab497248a4c28aea15c8e,development videos visible; exact selection history incomplete,frozen before promoted authority run; iterative development preceded it,global profile; not per-video,association|Hidden_state,partial historical ablation records,YES_RECORDED_OR_EXPLICIT_GAP,Profile override frozen by a development authority before its authority run.,SUFFICIENT_WITH_DEVELOPMENT_SCOPE_LIMITATION,BOUND_BY_EFFECTIVE_CONFIG,PARTIALLY_GROUNDED,NO
HISTORICAL_H5B_H4_20260719,occlusion_reid_bad_match_min_missed,association|lifecycle|Hidden_state,frames,non-negative integer unless sentinel documented,7,PREDECLARED_DEVELOPMENT_SELECTION,docs/tracking/historical_h5b_h4_executable_reproduction/HISTORICAL_H5B_H4_EXECUTABLE_CONFIG_20260729.json sha256=0921f55f9e58beb17671c197c86cd55a4fe280e1010ab497248a4c28aea15c8e,development videos visible; exact selection history incomplete,frozen before promoted authority run; iterative development preceded it,global profile; not per-video,association|lifecycle|Hidden_state,partial historical ablation records,YES_RECORDED_OR_EXPLICIT_GAP,Profile override frozen by a development authority before its authority run.,SUFFICIENT_WITH_DEVELOPMENT_SCOPE_LIMITATION,BOUND_BY_EFFECTIVE_CONFIG,PARTIALLY_GROUNDED,NO
HISTORICAL_H5B_H4_20260719,occlusion_reid_bad_match_occlusion_hold_only,association|Hidden_state,boolean,"{false,true}",true,PREDECLARED_DEVELOPMENT_SELECTION,docs/tracking/historical_h5b_h4_executable_reproduction/HISTORICAL_H5B_H4_EXECUTABLE_CONFIG_20260729.json sha256=0921f55f9e58beb17671c197c86cd55a4fe280e1010ab497248a4c28aea15c8e,development videos visible; exact selection history incomplete,frozen before promoted authority run; iterative development preceded it,global profile; not per-video,association|Hidden_state,partial historical ablation records,YES_RECORDED_OR_EXPLICIT_GAP,Profile override frozen by a development authority before its authority run.,SUFFICIENT_WITH_DEVELOPMENT_SCOPE_LIMITATION,BOUND_BY_EFFECTIVE_CONFIG,PARTIALLY_GROUNDED,NO
HISTORICAL_H5B_H4_20260719,occlusion_reid_bad_match_raw_mismatch_only,association|Hidden_state,boolean,"{false,true}",true,PREDECLARED_DEVELOPMENT_SELECTION,docs/tracking/historical_h5b_h4_executable_reproduction/HISTORICAL_H5B_H4_EXECUTABLE_CONFIG_20260729.json sha256=0921f55f9e58beb17671c197c86cd55a4fe280e1010ab497248a4c28aea15c8e,development videos visible; exact selection history incomplete,frozen before promoted authority run; iterative development preceded it,global profile; not per-video,association|Hidden_state,partial historical ablation records,YES_RECORDED_OR_EXPLICIT_GAP,Profile override frozen by a development authority before its authority run.,SUFFICIENT_WITH_DEVELOPMENT_SCOPE_LIMITATION,BOUND_BY_EFFECTIVE_CONFIG,PARTIALLY_GROUNDED,NO
HISTORICAL_H5B_H4_20260719,occlusion_reid_bad_match_same_raw_only,association|Hidden_state,boolean,"{false,true}",false,PREDECLARED_DEVELOPMENT_SELECTION,docs/tracking/historical_h5b_h4_executable_reproduction/HISTORICAL_H5B_H4_EXECUTABLE_CONFIG_20260729.json sha256=0921f55f9e58beb17671c197c86cd55a4fe280e1010ab497248a4c28aea15c8e,development videos visible; exact selection history incomplete,frozen before promoted authority run; iterative development preceded it,global profile; not per-video,association|Hidden_state,partial historical ablation records,YES_RECORDED_OR_EXPLICIT_GAP,Profile override frozen by a development authority before its authority run.,SUFFICIENT_WITH_DEVELOPMENT_SCOPE_LIMITATION,BOUND_BY_EFFECTIVE_CONFIG,PARTIALLY_GROUNDED,NO
HISTORICAL_H5B_H4_20260719,occlusion_reid_bad_match_unowned_raw_only,association|Hidden_state,boolean,"{false,true}",true,PREDECLARED_DEVELOPMENT_SELECTION,docs/tracking/historical_h5b_h4_executable_reproduction/HISTORICAL_H5B_H4_EXECUTABLE_CONFIG_20260729.json sha256=0921f55f9e58beb17671c197c86cd55a4fe280e1010ab497248a4c28aea15c8e,development videos visible; exact selection history incomplete,frozen before promoted authority run; iterative development preceded it,global profile; not per-video,association|Hidden_state,partial historical ablation records,YES_RECORDED_OR_EXPLICIT_GAP,Profile override frozen by a development authority before its authority run.,SUFFICIENT_WITH_DEVELOPMENT_SCOPE_LIMITATION,BOUND_BY_EFFECTIVE_CONFIG,PARTIALLY_GROUNDED,NO
HISTORICAL_H5B_H4_20260719,occlusion_reid_prefer_gap_over_bad_match,association|Hidden_state,boolean,"{false,true}",true,PREDECLARED_DEVELOPMENT_SELECTION,docs/tracking/historical_h5b_h4_executable_reproduction/HISTORICAL_H5B_H4_EXECUTABLE_CONFIG_20260729.json sha256=0921f55f9e58beb17671c197c86cd55a4fe280e1010ab497248a4c28aea15c8e,development videos visible; exact selection history incomplete,frozen before promoted authority run; iterative development preceded it,global profile; not per-video,association|Hidden_state,partial historical ablation records,YES_RECORDED_OR_EXPLICIT_GAP,Profile override frozen by a development authority before its authority run.,SUFFICIENT_WITH_DEVELOPMENT_SCOPE_LIMITATION,BOUND_BY_EFFECTIVE_CONFIG,PARTIALLY_GROUNDED,NO
HISTORICAL_H5B_H4_20260719,output.bbox_serialization_decimals,bbox_geometry,count,source-defined integer domain,2,PREDECLARED_DEVELOPMENT_SELECTION,docs/tracking/historical_h5b_h4_executable_reproduction/HISTORICAL_H5B_H4_EXECUTABLE_CONFIG_20260729.json sha256=0921f55f9e58beb17671c197c86cd55a4fe280e1010ab497248a4c28aea15c8e,development videos visible; exact selection history incomplete,frozen before promoted authority run; iterative development preceded it,global profile; not per-video,bbox_geometry,partial historical ablation records,YES_RECORDED_OR_EXPLICIT_GAP,Profile override frozen by a development authority before its authority run.,SUFFICIENT_WITH_DEVELOPMENT_SCOPE_LIMITATION,BOUND_BY_EFFECTIVE_CONFIG,PARTIALLY_GROUNDED,NO
HISTORICAL_H5B_H4_20260719,output.frame_indexing,runtime,frames,non-negative integer unless sentinel documented,"""ZERO_BASED_0_TO_1799""",PREDECLARED_DEVELOPMENT_SELECTION,docs/tracking/historical_h5b_h4_executable_reproduction/HISTORICAL_H5B_H4_EXECUTABLE_CONFIG_20260729.json sha256=0921f55f9e58beb17671c197c86cd55a4fe280e1010ab497248a4c28aea15c8e,development videos visible; exact selection history incomplete,frozen before promoted authority run; iterative development preceded it,global profile; not per-video,runtime,partial historical ablation records,YES_RECORDED_OR_EXPLICIT_GAP,Profile override frozen by a development authority before its authority run.,SUFFICIENT_WITH_DEVELOPMENT_SCOPE_LIMITATION,BOUND_BY_EFFECTIVE_CONFIG,PARTIALLY_GROUNDED,NO
HISTORICAL_H5B_H4_20260719,output.schema,engineering_or_indirect,categorical/path,source-defined allowed values,"""CVAT video XML 1.1""",DATA_SCHEMA_CONSTRAINT,docs/tracking/historical_h5b_h4_executable_reproduction/HISTORICAL_H5B_H4_EXECUTABLE_CONFIG_20260729.json sha256=0921f55f9e58beb17671c197c86cd55a4fe280e1010ab497248a4c28aea15c8e,development videos visible; exact selection history incomplete,frozen before promoted authority run; iterative development preceded it,global profile; not per-video,engineering_or_indirect,partial historical ablation records,YES_RECORDED_OR_EXPLICIT_GAP,Bound to the repository data/cache/export schema.,SUFFICIENT,BOUND_BY_EFFECTIVE_CONFIG,PARTIALLY_GROUNDED,NO
HISTORICAL_H5B_H4_20260719,output.write_mp4,engineering_or_indirect,boolean,"{false,true}",false,PREDECLARED_DEVELOPMENT_SELECTION,docs/tracking/historical_h5b_h4_executable_reproduction/HISTORICAL_H5B_H4_EXECUTABLE_CONFIG_20260729.json sha256=0921f55f9e58beb17671c197c86cd55a4fe280e1010ab497248a4c28aea15c8e,development videos visible; exact selection history incomplete,frozen before promoted authority run; iterative development preceded it,global profile; not per-video,engineering_or_indirect,partial historical ablation records,YES_RECORDED_OR_EXPLICIT_GAP,Profile override frozen by a development authority before its authority run.,SUFFICIENT_WITH_DEVELOPMENT_SCOPE_LIMITATION,BOUND_BY_EFFECTIVE_CONFIG,PARTIALLY_GROUNDED,NO
HISTORICAL_H5B_H4_20260719,overlap_small_box_suppression,bbox_geometry,boolean,"{false,true}",true,PREDECLARED_DEVELOPMENT_SELECTION,docs/tracking/historical_h5b_h4_executable_reproduction/HISTORICAL_H5B_H4_EXECUTABLE_CONFIG_20260729.json sha256=0921f55f9e58beb17671c197c86cd55a4fe280e1010ab497248a4c28aea15c8e,development videos visible; exact selection history incomplete,frozen before promoted authority run; iterative development preceded it,global profile; not per-video,bbox_geometry,partial historical ablation records,YES_RECORDED_OR_EXPLICIT_GAP,Profile override frozen by a development authority before its authority run.,SUFFICIENT_WITH_DEVELOPMENT_SCOPE_LIMITATION,BOUND_BY_EFFECTIVE_CONFIG,PARTIALLY_GROUNDED,NO
HISTORICAL_H5B_H4_20260719,reentry_unowned_raw_mismatch_episode_action,association|lifecycle,categorical/path,source-defined allowed values,"""hold""",PREDECLARED_DEVELOPMENT_SELECTION,docs/tracking/historical_h5b_h4_executable_reproduction/HISTORICAL_H5B_H4_EXECUTABLE_CONFIG_20260729.json sha256=0921f55f9e58beb17671c197c86cd55a4fe280e1010ab497248a4c28aea15c8e,development videos visible; exact selection history incomplete,frozen before promoted authority run; iterative development preceded it,global profile; not per-video,association|lifecycle,partial historical ablation records,YES_RECORDED_OR_EXPLICIT_GAP,Profile override frozen by a development authority before its authority run.,SUFFICIENT_WITH_DEVELOPMENT_SCOPE_LIMITATION,BOUND_BY_EFFECTIVE_CONFIG,PARTIALLY_GROUNDED,NO
HISTORICAL_H5B_H4_20260719,reentry_unowned_raw_mismatch_episode_max_cost,association|lifecycle,unitless,source-defined numeric domain,0.36,PREDECLARED_DEVELOPMENT_SELECTION,docs/tracking/historical_h5b_h4_executable_reproduction/HISTORICAL_H5B_H4_EXECUTABLE_CONFIG_20260729.json sha256=0921f55f9e58beb17671c197c86cd55a4fe280e1010ab497248a4c28aea15c8e,development videos visible; exact selection history incomplete,frozen before promoted authority run; iterative development preceded it,global profile; not per-video,association|lifecycle,partial historical ablation records,YES_RECORDED_OR_EXPLICIT_GAP,Profile override frozen by a development authority before its authority run.,SUFFICIENT_WITH_DEVELOPMENT_SCOPE_LIMITATION,BOUND_BY_EFFECTIVE_CONFIG,PARTIALLY_GROUNDED,NO
HISTORICAL_H5B_H4_20260719,reentry_unowned_raw_mismatch_episode_max_events,association|lifecycle,count,source-defined integer domain,8,PREDECLARED_DEVELOPMENT_SELECTION,docs/tracking/historical_h5b_h4_executable_reproduction/HISTORICAL_H5B_H4_EXECUTABLE_CONFIG_20260729.json sha256=0921f55f9e58beb17671c197c86cd55a4fe280e1010ab497248a4c28aea15c8e,development videos visible; exact selection history incomplete,frozen before promoted authority run; iterative development preceded it,global profile; not per-video,association|lifecycle,partial historical ablation records,YES_RECORDED_OR_EXPLICIT_GAP,Profile override frozen by a development authority before its authority run.,SUFFICIENT_WITH_DEVELOPMENT_SCOPE_LIMITATION,BOUND_BY_EFFECTIVE_CONFIG,PARTIALLY_GROUNDED,NO
HISTORICAL_H5B_H4_20260719,reentry_unowned_raw_mismatch_episode_max_missed,association|lifecycle,frames,non-negative integer unless sentinel documented,20,PREDECLARED_DEVELOPMENT_SELECTION,docs/tracking/historical_h5b_h4_executable_reproduction/HISTORICAL_H5B_H4_EXECUTABLE_CONFIG_20260729.json sha256=0921f55f9e58beb17671c197c86cd55a4fe280e1010ab497248a4c28aea15c8e,development videos visible; exact selection history incomplete,frozen before promoted authority run; iterative development preceded it,global profile; not per-video,association|lifecycle,partial historical ablation records,YES_RECORDED_OR_EXPLICIT_GAP,Profile override frozen by a development authority before its authority run.,SUFFICIENT_WITH_DEVELOPMENT_SCOPE_LIMITATION,BOUND_BY_EFFECTIVE_CONFIG,PARTIALLY_GROUNDED,NO
HISTORICAL_H5B_H4_20260719,reentry_unowned_raw_mismatch_episode_min_missed,association|lifecycle,frames,non-negative integer unless sentinel documented,1,PREDECLARED_DEVELOPMENT_SELECTION,docs/tracking/historical_h5b_h4_executable_reproduction/HISTORICAL_H5B_H4_EXECUTABLE_CONFIG_20260729.json sha256=0921f55f9e58beb17671c197c86cd55a4fe280e1010ab497248a4c28aea15c8e,development videos visible; exact selection history incomplete,frozen before promoted authority run; iterative development preceded it,global profile; not per-video,association|lifecycle,partial historical ablation records,YES_RECORDED_OR_EXPLICIT_GAP,Profile override frozen by a development authority before its authority run.,SUFFICIENT_WITH_DEVELOPMENT_SCOPE_LIMITATION,BOUND_BY_EFFECTIVE_CONFIG,PARTIALLY_GROUNDED,NO
HISTORICAL_H5B_H4_20260719,reentry_unowned_raw_mismatch_episode_reject,association|lifecycle,boolean,"{false,true}",true,PREDECLARED_DEVELOPMENT_SELECTION,docs/tracking/historical_h5b_h4_executable_reproduction/HISTORICAL_H5B_H4_EXECUTABLE_CONFIG_20260729.json sha256=0921f55f9e58beb17671c197c86cd55a4fe280e1010ab497248a4c28aea15c8e,development videos visible; exact selection history incomplete,frozen before promoted authority run; iterative development preceded it,global profile; not per-video,association|lifecycle,partial historical ablation records,YES_RECORDED_OR_EXPLICIT_GAP,Profile override frozen by a development authority before its authority run.,SUFFICIENT_WITH_DEVELOPMENT_SCOPE_LIMITATION,BOUND_BY_EFFECTIVE_CONFIG,PARTIALLY_GROUNDED,NO
HISTORICAL_H5B_H4_20260719,refine_boxes,bbox_geometry,boolean,"{false,true}",true,PREDECLARED_DEVELOPMENT_SELECTION,docs/tracking/historical_h5b_h4_executable_reproduction/HISTORICAL_H5B_H4_EXECUTABLE_CONFIG_20260729.json sha256=0921f55f9e58beb17671c197c86cd55a4fe280e1010ab497248a4c28aea15c8e,development videos visible; exact selection history incomplete,frozen before promoted authority run; iterative development preceded it,global profile; not per-video,bbox_geometry,partial historical ablation records,YES_RECORDED_OR_EXPLICIT_GAP,Profile override frozen by a development authority before its authority run.,SUFFICIENT_WITH_DEVELOPMENT_SCOPE_LIMITATION,BOUND_BY_EFFECTIVE_CONFIG,PARTIALLY_GROUNDED,NO
HISTORICAL_H5B_H4_20260719,repair_stage_order,identity_repair,frames,non-negative integer unless sentinel documented,"[""identity_swap_guard"", ""temporal_box_refinement"", ""overlap_hidden_island_stabilization"", ""local_pair_swap_repair"", ""episode_pair_swap_repair"", ""long_pair_swap_repair"", ""suffix_pair_swap_repair"", ""overlap_small_box_suppression"", ""hidden_suffix_id_swap_repair"", ""realtime_motion_pair_stabilizer"", ""near_wall_hidden_geometry_refinement"", ""far_camera_hidden_geometry_refinement""]",PREDECLARED_DEVELOPMENT_SELECTION,docs/tracking/historical_h5b_h4_executable_reproduction/HISTORICAL_H5B_H4_EXECUTABLE_CONFIG_20260729.json sha256=0921f55f9e58beb17671c197c86cd55a4fe280e1010ab497248a4c28aea15c8e,development videos visible; exact selection history incomplete,frozen before promoted authority run; iterative development preceded it,global profile; not per-video,identity_repair,partial historical ablation records,YES_RECORDED_OR_EXPLICIT_GAP,Profile override frozen by a development authority before its authority run.,SUFFICIENT_WITH_DEVELOPMENT_SCOPE_LIMITATION,BOUND_BY_EFFECTIVE_CONFIG,PARTIALLY_GROUNDED,NO
HISTORICAL_H5B_H4_20260719,smooth_boxes,bbox_geometry,boolean,"{false,true}",true,PREDECLARED_DEVELOPMENT_SELECTION,docs/tracking/historical_h5b_h4_executable_reproduction/HISTORICAL_H5B_H4_EXECUTABLE_CONFIG_20260729.json sha256=0921f55f9e58beb17671c197c86cd55a4fe280e1010ab497248a4c28aea15c8e,development videos visible; exact selection history incomplete,frozen before promoted authority run; iterative development preceded it,global profile; not per-video,bbox_geometry,partial historical ablation records,YES_RECORDED_OR_EXPLICIT_GAP,Profile override frozen by a development authority before its authority run.,SUFFICIENT_WITH_DEVELOPMENT_SCOPE_LIMITATION,BOUND_BY_EFFECTIVE_CONFIG,PARTIALLY_GROUNDED,NO
HISTORICAL_H5B_H4_20260719,suffix_pair_swap_min_suffix_frames,identity_repair|runtime,frames,non-negative integer unless sentinel documented,1500,PREDECLARED_DEVELOPMENT_SELECTION,docs/tracking/historical_h5b_h4_executable_reproduction/HISTORICAL_H5B_H4_EXECUTABLE_CONFIG_20260729.json sha256=0921f55f9e58beb17671c197c86cd55a4fe280e1010ab497248a4c28aea15c8e,development videos visible; exact selection history incomplete,frozen before promoted authority run; iterative development preceded it,global profile; not per-video,identity_repair|runtime,partial historical ablation records,YES_RECORDED_OR_EXPLICIT_GAP,Profile override frozen by a development authority before its authority run.,SUFFICIENT_WITH_DEVELOPMENT_SCOPE_LIMITATION,BOUND_BY_EFFECTIVE_CONFIG,PARTIALLY_GROUNDED,NO
HISTORICAL_H5B_H4_20260719,suffix_pair_swap_repair,identity_repair,boolean,"{false,true}",true,PREDECLARED_DEVELOPMENT_SELECTION,docs/tracking/historical_h5b_h4_executable_reproduction/HISTORICAL_H5B_H4_EXECUTABLE_CONFIG_20260729.json sha256=0921f55f9e58beb17671c197c86cd55a4fe280e1010ab497248a4c28aea15c8e,development videos visible; exact selection history incomplete,frozen before promoted authority run; iterative development preceded it,global profile; not per-video,identity_repair,partial historical ablation records,YES_RECORDED_OR_EXPLICIT_GAP,Profile override frozen by a development authority before its authority run.,SUFFICIENT_WITH_DEVELOPMENT_SCOPE_LIMITATION,BOUND_BY_EFFECTIVE_CONFIG,PARTIALLY_GROUNDED,NO
HISTORICAL_H5B_H4_20260719,unresolved_exact_historical_cache_loader_semantics,engineering_or_indirect,categorical/path,source-defined allowed values,"""UNKNOWN""",UNKNOWN_SELECTION_BASIS,docs/tracking/historical_h5b_h4_executable_reproduction/HISTORICAL_H5B_H4_EXECUTABLE_CONFIG_20260729.json sha256=0921f55f9e58beb17671c197c86cd55a4fe280e1010ab497248a4c28aea15c8e,development videos visible; exact selection history incomplete,frozen before promoted authority run; iterative development preceded it,global profile; not per-video,engineering_or_indirect,partial historical ablation records,YES_RECORDED_OR_EXPLICIT_GAP,No surviving evidence establishes the effective value or rationale.,UNSUPPORTED_OR_UNRECOVERED,UNRESOLVED,UNSUPPORTED,NO
HISTORICAL_H5B_H4_20260719,unresolved_historical_package_versions,engineering_or_indirect,frames,non-negative integer unless sentinel documented,"""UNKNOWN""",UNKNOWN_SELECTION_BASIS,docs/tracking/historical_h5b_h4_executable_reproduction/HISTORICAL_H5B_H4_EXECUTABLE_CONFIG_20260729.json sha256=0921f55f9e58beb17671c197c86cd55a4fe280e1010ab497248a4c28aea15c8e,development videos visible; exact selection history incomplete,frozen before promoted authority run; iterative development preceded it,global profile; not per-video,engineering_or_indirect,partial historical ablation records,YES_RECORDED_OR_EXPLICIT_GAP,No surviving evidence establishes the effective value or rationale.,UNSUPPORTED_OR_UNRECOVERED,UNRESOLVED,UNSUPPORTED,NO
HISTORICAL_H5B_H4_20260719,unresolved_historical_runtime_override_precedence,engineering_or_indirect,categorical/path,source-defined allowed values,"""UNKNOWN""",UNKNOWN_SELECTION_BASIS,docs/tracking/historical_h5b_h4_executable_reproduction/HISTORICAL_H5B_H4_EXECUTABLE_CONFIG_20260729.json sha256=0921f55f9e58beb17671c197c86cd55a4fe280e1010ab497248a4c28aea15c8e,development videos visible; exact selection history incomplete,frozen before promoted authority run; iterative development preceded it,global profile; not per-video,engineering_or_indirect,partial historical ablation records,YES_RECORDED_OR_EXPLICIT_GAP,No surviving evidence establishes the effective value or rationale.,UNSUPPORTED_OR_UNRECOVERED,UNRESOLVED,UNSUPPORTED,NO
HISTORICAL_H5B_H4_20260719,unresolved_original_raw_detector_rows,detection,categorical/path,source-defined allowed values,"""UNKNOWN""",UNKNOWN_SELECTION_BASIS,docs/tracking/historical_h5b_h4_executable_reproduction/HISTORICAL_H5B_H4_EXECUTABLE_CONFIG_20260729.json sha256=0921f55f9e58beb17671c197c86cd55a4fe280e1010ab497248a4c28aea15c8e,development videos visible; exact selection history incomplete,frozen before promoted authority run; iterative development preceded it,global profile; not per-video,detection,partial historical ablation records,YES_RECORDED_OR_EXPLICIT_GAP,No surviving evidence establishes the effective value or rationale.,UNSUPPORTED_OR_UNRECOVERED,UNRESOLVED,UNSUPPORTED,NO
HISTORICAL_H5B_H4_20260719,unresolved_post_cache_tracker_boundary_rows,engineering_or_indirect,categorical/path,source-defined allowed values,"""UNKNOWN""",UNKNOWN_SELECTION_BASIS,docs/tracking/historical_h5b_h4_executable_reproduction/HISTORICAL_H5B_H4_EXECUTABLE_CONFIG_20260729.json sha256=0921f55f9e58beb17671c197c86cd55a4fe280e1010ab497248a4c28aea15c8e,development videos visible; exact selection history incomplete,frozen before promoted authority run; iterative development preceded it,global profile; not per-video,engineering_or_indirect,partial historical ablation records,YES_RECORDED_OR_EXPLICIT_GAP,No surviving evidence establishes the effective value or rationale.,UNSUPPORTED_OR_UNRECOVERED,UNRESOLVED,UNSUPPORTED,NO
