method_id,run_id,prediction_hash,evaluator_contract,population,include_hidden_policy,metric_name,value,aggregation,source_path,artifact_hash,reproducible_from_surviving_bytes,reuse_or_recompute,authority_status,evidence_class,limitations
B0_CURRENT_STANDARD_V2_20260728,B0_CURRENT_STANDARD_V2_20260728,13d9226c36141264cc33e4b498d38e5f3eaa9891cf32bc4c8fb87b01fd27d576,TRACKING_EVALUATOR_STANDARD_V2,13 videos x 1800 frames; development,true,ambiguous_identity_rows,0,ALL videos,docs/tracking/b0_b1_r0_standard_v2/B0_BYTETRACK_RAW_STANDARD_V2_AUTHORITY_20260728.json,8f000677a7e2dfecc35e2918a18d4fe528470199bc684962d6d9e707db02bfaa,YES,frozen Standard-V2 authority,ESTABLISHED,MEASURED_FROM_FROZEN_ARTIFACT,Development population only.
B0_CURRENT_STANDARD_V2_20260728,B0_CURRENT_STANDARD_V2_20260728,13d9226c36141264cc33e4b498d38e5f3eaa9891cf32bc4c8fb87b01fd27d576,TRACKING_EVALUATOR_STANDARD_V2,13 videos x 1800 frames; development,true,assa,0.8027308861489667,ALL videos,docs/tracking/b0_b1_r0_standard_v2/B0_BYTETRACK_RAW_STANDARD_V2_AUTHORITY_20260728.json,8f000677a7e2dfecc35e2918a18d4fe528470199bc684962d6d9e707db02bfaa,YES,frozen Standard-V2 authority,ESTABLISHED,MEASURED_FROM_FROZEN_ARTIFACT,Development population only.
B0_CURRENT_STANDARD_V2_20260728,B0_CURRENT_STANDARD_V2_20260728,13d9226c36141264cc33e4b498d38e5f3eaa9891cf32bc4c8fb87b01fd27d576,TRACKING_EVALUATOR_STANDARD_V2,13 videos x 1800 frames; development,true,authoritative_gt_trajectories,104,ALL videos,docs/tracking/b0_b1_r0_standard_v2/B0_BYTETRACK_RAW_STANDARD_V2_AUTHORITY_20260728.json,8f000677a7e2dfecc35e2918a18d4fe528470199bc684962d6d9e707db02bfaa,YES,frozen Standard-V2 authority,ESTABLISHED,MEASURED_FROM_FROZEN_ARTIFACT,Development population only.
B0_CURRENT_STANDARD_V2_20260728,B0_CURRENT_STANDARD_V2_20260728,13d9226c36141264cc33e4b498d38e5f3eaa9891cf32bc4c8fb87b01fd27d576,TRACKING_EVALUATOR_STANDARD_V2,13 videos x 1800 frames; development,true,authoritative_matched_gt_frames,186720,ALL videos,docs/tracking/b0_b1_r0_standard_v2/B0_BYTETRACK_RAW_STANDARD_V2_AUTHORITY_20260728.json,8f000677a7e2dfecc35e2918a18d4fe528470199bc684962d6d9e707db02bfaa,YES,frozen Standard-V2 authority,ESTABLISHED,MEASURED_FROM_FROZEN_ARTIFACT,Development population only.
B0_CURRENT_STANDARD_V2_20260728,B0_CURRENT_STANDARD_V2_20260728,13d9226c36141264cc33e4b498d38e5f3eaa9891cf32bc4c8fb87b01fd27d576,TRACKING_EVALUATOR_STANDARD_V2,13 videos x 1800 frames; development,true,censored_identity_error_episode_count,0,ALL videos,docs/tracking/b0_b1_r0_standard_v2/B0_BYTETRACK_RAW_STANDARD_V2_AUTHORITY_20260728.json,8f000677a7e2dfecc35e2918a18d4fe528470199bc684962d6d9e707db02bfaa,YES,frozen Standard-V2 authority,ESTABLISHED,MEASURED_FROM_FROZEN_ARTIFACT,Development population only.
B0_CURRENT_STANDARD_V2_20260728,B0_CURRENT_STANDARD_V2_20260728,13d9226c36141264cc33e4b498d38e5f3eaa9891cf32bc4c8fb87b01fd27d576,TRACKING_EVALUATOR_STANDARD_V2,13 videos x 1800 frames; development,true,deta,0.899665397523998,ALL videos,docs/tracking/b0_b1_r0_standard_v2/B0_BYTETRACK_RAW_STANDARD_V2_AUTHORITY_20260728.json,8f000677a7e2dfecc35e2918a18d4fe528470199bc684962d6d9e707db02bfaa,YES,frozen Standard-V2 authority,ESTABLISHED,MEASURED_FROM_FROZEN_ARTIFACT,Development population only.
B0_CURRENT_STANDARD_V2_20260728,B0_CURRENT_STANDARD_V2_20260728,13d9226c36141264cc33e4b498d38e5f3eaa9891cf32bc4c8fb87b01fd27d576,TRACKING_EVALUATOR_STANDARD_V2,13 videos x 1800 frames; development,true,detection_precision,0.9974358974358974,ALL videos,docs/tracking/b0_b1_r0_standard_v2/B0_BYTETRACK_RAW_STANDARD_V2_AUTHORITY_20260728.json,8f000677a7e2dfecc35e2918a18d4fe528470199bc684962d6d9e707db02bfaa,YES,frozen Standard-V2 authority,ESTABLISHED,MEASURED_FROM_FROZEN_ARTIFACT,Development population only.
B0_CURRENT_STANDARD_V2_20260728,B0_CURRENT_STANDARD_V2_20260728,13d9226c36141264cc33e4b498d38e5f3eaa9891cf32bc4c8fb87b01fd27d576,TRACKING_EVALUATOR_STANDARD_V2,13 videos x 1800 frames; development,true,detection_recall,0.9974358974358974,ALL videos,docs/tracking/b0_b1_r0_standard_v2/B0_BYTETRACK_RAW_STANDARD_V2_AUTHORITY_20260728.json,8f000677a7e2dfecc35e2918a18d4fe528470199bc684962d6d9e707db02bfaa,YES,frozen Standard-V2 authority,ESTABLISHED,MEASURED_FROM_FROZEN_ARTIFACT,Development population only.
B0_CURRENT_STANDARD_V2_20260728,B0_CURRENT_STANDARD_V2_20260728,13d9226c36141264cc33e4b498d38e5f3eaa9891cf32bc4c8fb87b01fd27d576,TRACKING_EVALUATOR_STANDARD_V2,13 videos x 1800 frames; development,true,evaluated_frames,23400,ALL videos,docs/tracking/b0_b1_r0_standard_v2/B0_BYTETRACK_RAW_STANDARD_V2_AUTHORITY_20260728.json,8f000677a7e2dfecc35e2918a18d4fe528470199bc684962d6d9e707db02bfaa,YES,frozen Standard-V2 authority,ESTABLISHED,MEASURED_FROM_FROZEN_ARTIFACT,Development population only.
B0_CURRENT_STANDARD_V2_20260728,B0_CURRENT_STANDARD_V2_20260728,13d9226c36141264cc33e4b498d38e5f3eaa9891cf32bc4c8fb87b01fd27d576,TRACKING_EVALUATOR_STANDARD_V2,13 videos x 1800 frames; development,true,evaluated_hidden_rows,4511,ALL videos,docs/tracking/b0_b1_r0_standard_v2/B0_BYTETRACK_RAW_STANDARD_V2_AUTHORITY_20260728.json,8f000677a7e2dfecc35e2918a18d4fe528470199bc684962d6d9e707db02bfaa,YES,frozen Standard-V2 authority,ESTABLISHED,MEASURED_FROM_FROZEN_ARTIFACT,Development population only.
B0_CURRENT_STANDARD_V2_20260728,B0_CURRENT_STANDARD_V2_20260728,13d9226c36141264cc33e4b498d38e5f3eaa9891cf32bc4c8fb87b01fd27d576,TRACKING_EVALUATOR_STANDARD_V2,13 videos x 1800 frames; development,true,evaluated_visible_rows,182689,ALL videos,docs/tracking/b0_b1_r0_standard_v2/B0_BYTETRACK_RAW_STANDARD_V2_AUTHORITY_20260728.json,8f000677a7e2dfecc35e2918a18d4fe528470199bc684962d6d9e707db02bfaa,YES,frozen Standard-V2 authority,ESTABLISHED,MEASURED_FROM_FROZEN_ARTIFACT,Development population only.
B0_CURRENT_STANDARD_V2_20260728,B0_CURRENT_STANDARD_V2_20260728,13d9226c36141264cc33e4b498d38e5f3eaa9891cf32bc4c8fb87b01fd27d576,TRACKING_EVALUATOR_STANDARD_V2,13 videos x 1800 frames; development,true,fn,480,ALL videos,docs/tracking/b0_b1_r0_standard_v2/B0_BYTETRACK_RAW_STANDARD_V2_AUTHORITY_20260728.json,8f000677a7e2dfecc35e2918a18d4fe528470199bc684962d6d9e707db02bfaa,YES,frozen Standard-V2 authority,ESTABLISHED,MEASURED_FROM_FROZEN_ARTIFACT,Development population only.
B0_CURRENT_STANDARD_V2_20260728,B0_CURRENT_STANDARD_V2_20260728,13d9226c36141264cc33e4b498d38e5f3eaa9891cf32bc4c8fb87b01fd27d576,TRACKING_EVALUATOR_STANDARD_V2,13 videos x 1800 frames; development,true,fp,480,ALL videos,docs/tracking/b0_b1_r0_standard_v2/B0_BYTETRACK_RAW_STANDARD_V2_AUTHORITY_20260728.json,8f000677a7e2dfecc35e2918a18d4fe528470199bc684962d6d9e707db02bfaa,YES,frozen Standard-V2 authority,ESTABLISHED,MEASURED_FROM_FROZEN_ARTIFACT,Development population only.
B0_CURRENT_STANDARD_V2_20260728,B0_CURRENT_STANDARD_V2_20260728,13d9226c36141264cc33e4b498d38e5f3eaa9891cf32bc4c8fb87b01fd27d576,TRACKING_EVALUATOR_STANDARD_V2,13 videos x 1800 frames; development,true,fragments,141,ALL videos,docs/tracking/b0_b1_r0_standard_v2/B0_BYTETRACK_RAW_STANDARD_V2_AUTHORITY_20260728.json,8f000677a7e2dfecc35e2918a18d4fe528470199bc684962d6d9e707db02bfaa,YES,frozen Standard-V2 authority,ESTABLISHED,MEASURED_FROM_FROZEN_ARTIFACT,Development population only.
B0_CURRENT_STANDARD_V2_20260728,B0_CURRENT_STANDARD_V2_20260728,13d9226c36141264cc33e4b498d38e5f3eaa9891cf32bc4c8fb87b01fd27d576,TRACKING_EVALUATOR_STANDARD_V2,13 videos x 1800 frames; development,true,gt_detections,187200,ALL videos,docs/tracking/b0_b1_r0_standard_v2/B0_BYTETRACK_RAW_STANDARD_V2_AUTHORITY_20260728.json,8f000677a7e2dfecc35e2918a18d4fe528470199bc684962d6d9e707db02bfaa,YES,frozen Standard-V2 authority,ESTABLISHED,MEASURED_FROM_FROZEN_ARTIFACT,Development population only.
B0_CURRENT_STANDARD_V2_20260728,B0_CURRENT_STANDARD_V2_20260728,13d9226c36141264cc33e4b498d38e5f3eaa9891cf32bc4c8fb87b01fd27d576,TRACKING_EVALUATOR_STANDARD_V2,13 videos x 1800 frames; development,true,gt_ids,104,ALL videos,docs/tracking/b0_b1_r0_standard_v2/B0_BYTETRACK_RAW_STANDARD_V2_AUTHORITY_20260728.json,8f000677a7e2dfecc35e2918a18d4fe528470199bc684962d6d9e707db02bfaa,YES,frozen Standard-V2 authority,ESTABLISHED,MEASURED_FROM_FROZEN_ARTIFACT,Development population only.
B0_CURRENT_STANDARD_V2_20260728,B0_CURRENT_STANDARD_V2_20260728,13d9226c36141264cc33e4b498d38e5f3eaa9891cf32bc4c8fb87b01fd27d576,TRACKING_EVALUATOR_STANDARD_V2,13 videos x 1800 frames; development,true,gt_trajectories_with_identity_error_count,37,ALL videos,docs/tracking/b0_b1_r0_standard_v2/B0_BYTETRACK_RAW_STANDARD_V2_AUTHORITY_20260728.json,8f000677a7e2dfecc35e2918a18d4fe528470199bc684962d6d9e707db02bfaa,YES,frozen Standard-V2 authority,ESTABLISHED,MEASURED_FROM_FROZEN_ARTIFACT,Development population only.
B0_CURRENT_STANDARD_V2_20260728,B0_CURRENT_STANDARD_V2_20260728,13d9226c36141264cc33e4b498d38e5f3eaa9891cf32bc4c8fb87b01fd27d576,TRACKING_EVALUATOR_STANDARD_V2,13 videos x 1800 frames; development,true,gt_trajectories_with_identity_error_pct,35.57692307692308,ALL videos,docs/tracking/b0_b1_r0_standard_v2/B0_BYTETRACK_RAW_STANDARD_V2_AUTHORITY_20260728.json,8f000677a7e2dfecc35e2918a18d4fe528470199bc684962d6d9e707db02bfaa,YES,frozen Standard-V2 authority,ESTABLISHED,MEASURED_FROM_FROZEN_ARTIFACT,Development population only.
B0_CURRENT_STANDARD_V2_20260728,B0_CURRENT_STANDARD_V2_20260728,13d9226c36141264cc33e4b498d38e5f3eaa9891cf32bc4c8fb87b01fd27d576,TRACKING_EVALUATOR_STANDARD_V2,13 videos x 1800 frames; development,true,hidden_gt_rows,4511,ALL videos,docs/tracking/b0_b1_r0_standard_v2/B0_BYTETRACK_RAW_STANDARD_V2_AUTHORITY_20260728.json,8f000677a7e2dfecc35e2918a18d4fe528470199bc684962d6d9e707db02bfaa,YES,frozen Standard-V2 authority,ESTABLISHED,MEASURED_FROM_FROZEN_ARTIFACT,Development population only.
B0_CURRENT_STANDARD_V2_20260728,B0_CURRENT_STANDARD_V2_20260728,13d9226c36141264cc33e4b498d38e5f3eaa9891cf32bc4c8fb87b01fd27d576,TRACKING_EVALUATOR_STANDARD_V2,13 videos x 1800 frames; development,true,hidden_prediction_rows,1266,ALL videos,docs/tracking/b0_b1_r0_standard_v2/B0_BYTETRACK_RAW_STANDARD_V2_AUTHORITY_20260728.json,8f000677a7e2dfecc35e2918a18d4fe528470199bc684962d6d9e707db02bfaa,YES,frozen Standard-V2 authority,ESTABLISHED,MEASURED_FROM_FROZEN_ARTIFACT,Development population only.
B0_CURRENT_STANDARD_V2_20260728,B0_CURRENT_STANDARD_V2_20260728,13d9226c36141264cc33e4b498d38e5f3eaa9891cf32bc4c8fb87b01fd27d576,TRACKING_EVALUATOR_STANDARD_V2,13 videos x 1800 frames; development,true,hota,0.8495114026998035,ALL videos,docs/tracking/b0_b1_r0_standard_v2/B0_BYTETRACK_RAW_STANDARD_V2_AUTHORITY_20260728.json,8f000677a7e2dfecc35e2918a18d4fe528470199bc684962d6d9e707db02bfaa,YES,frozen Standard-V2 authority,ESTABLISHED,MEASURED_FROM_FROZEN_ARTIFACT,Development population only.
B0_CURRENT_STANDARD_V2_20260728,B0_CURRENT_STANDARD_V2_20260728,13d9226c36141264cc33e4b498d38e5f3eaa9891cf32bc4c8fb87b01fd27d576,TRACKING_EVALUATOR_STANDARD_V2,13 videos x 1800 frames; development,true,hota_at_alpha_050_diagnostic,0.9264238660279361,ALL videos,docs/tracking/b0_b1_r0_standard_v2/B0_BYTETRACK_RAW_STANDARD_V2_AUTHORITY_20260728.json,8f000677a7e2dfecc35e2918a18d4fe528470199bc684962d6d9e707db02bfaa,YES,frozen Standard-V2 authority,ESTABLISHED,MEASURED_FROM_FROZEN_ARTIFACT,Development population only.
B0_CURRENT_STANDARD_V2_20260728,B0_CURRENT_STANDARD_V2_20260728,13d9226c36141264cc33e4b498d38e5f3eaa9891cf32bc4c8fb87b01fd27d576,TRACKING_EVALUATOR_STANDARD_V2,13 videos x 1800 frames; development,true,id_precision,0.9206463675213675,ALL videos,docs/tracking/b0_b1_r0_standard_v2/B0_BYTETRACK_RAW_STANDARD_V2_AUTHORITY_20260728.json,8f000677a7e2dfecc35e2918a18d4fe528470199bc684962d6d9e707db02bfaa,YES,frozen Standard-V2 authority,ESTABLISHED,MEASURED_FROM_FROZEN_ARTIFACT,Development population only.
B0_CURRENT_STANDARD_V2_20260728,B0_CURRENT_STANDARD_V2_20260728,13d9226c36141264cc33e4b498d38e5f3eaa9891cf32bc4c8fb87b01fd27d576,TRACKING_EVALUATOR_STANDARD_V2,13 videos x 1800 frames; development,true,id_recall,0.9206463675213675,ALL videos,docs/tracking/b0_b1_r0_standard_v2/B0_BYTETRACK_RAW_STANDARD_V2_AUTHORITY_20260728.json,8f000677a7e2dfecc35e2918a18d4fe528470199bc684962d6d9e707db02bfaa,YES,frozen Standard-V2 authority,ESTABLISHED,MEASURED_FROM_FROZEN_ARTIFACT,Development population only.
B0_CURRENT_STANDARD_V2_20260728,B0_CURRENT_STANDARD_V2_20260728,13d9226c36141264cc33e4b498d38e5f3eaa9891cf32bc4c8fb87b01fd27d576,TRACKING_EVALUATOR_STANDARD_V2,13 videos x 1800 frames; development,true,identity_error_episode_count,72,ALL videos,docs/tracking/b0_b1_r0_standard_v2/B0_BYTETRACK_RAW_STANDARD_V2_AUTHORITY_20260728.json,8f000677a7e2dfecc35e2918a18d4fe528470199bc684962d6d9e707db02bfaa,YES,frozen Standard-V2 authority,ESTABLISHED,MEASURED_FROM_FROZEN_ARTIFACT,Development population only.
B0_CURRENT_STANDARD_V2_20260728,B0_CURRENT_STANDARD_V2_20260728,13d9226c36141264cc33e4b498d38e5f3eaa9891cf32bc4c8fb87b01fd27d576,TRACKING_EVALUATOR_STANDARD_V2,13 videos x 1800 frames; development,true,idf1,0.9206463675213675,ALL videos,docs/tracking/b0_b1_r0_standard_v2/B0_BYTETRACK_RAW_STANDARD_V2_AUTHORITY_20260728.json,8f000677a7e2dfecc35e2918a18d4fe528470199bc684962d6d9e707db02bfaa,YES,frozen Standard-V2 authority,ESTABLISHED,MEASURED_FROM_FROZEN_ARTIFACT,Development population only.
B0_CURRENT_STANDARD_V2_20260728,B0_CURRENT_STANDARD_V2_20260728,13d9226c36141264cc33e4b498d38e5f3eaa9891cf32bc4c8fb87b01fd27d576,TRACKING_EVALUATOR_STANDARD_V2,13 videos x 1800 frames; development,true,idfn,14855,ALL videos,docs/tracking/b0_b1_r0_standard_v2/B0_BYTETRACK_RAW_STANDARD_V2_AUTHORITY_20260728.json,8f000677a7e2dfecc35e2918a18d4fe528470199bc684962d6d9e707db02bfaa,YES,frozen Standard-V2 authority,ESTABLISHED,MEASURED_FROM_FROZEN_ARTIFACT,Development population only.
B0_CURRENT_STANDARD_V2_20260728,B0_CURRENT_STANDARD_V2_20260728,13d9226c36141264cc33e4b498d38e5f3eaa9891cf32bc4c8fb87b01fd27d576,TRACKING_EVALUATOR_STANDARD_V2,13 videos x 1800 frames; development,true,idfp,14855,ALL videos,docs/tracking/b0_b1_r0_standard_v2/B0_BYTETRACK_RAW_STANDARD_V2_AUTHORITY_20260728.json,8f000677a7e2dfecc35e2918a18d4fe528470199bc684962d6d9e707db02bfaa,YES,frozen Standard-V2 authority,ESTABLISHED,MEASURED_FROM_FROZEN_ARTIFACT,Development population only.
B0_CURRENT_STANDARD_V2_20260728,B0_CURRENT_STANDARD_V2_20260728,13d9226c36141264cc33e4b498d38e5f3eaa9891cf32bc4c8fb87b01fd27d576,TRACKING_EVALUATOR_STANDARD_V2,13 videos x 1800 frames; development,true,idsw_standard,84,ALL videos,docs/tracking/b0_b1_r0_standard_v2/B0_BYTETRACK_RAW_STANDARD_V2_AUTHORITY_20260728.json,8f000677a7e2dfecc35e2918a18d4fe528470199bc684962d6d9e707db02bfaa,YES,frozen Standard-V2 authority,ESTABLISHED,MEASURED_FROM_FROZEN_ARTIFACT,Development population only.
B0_CURRENT_STANDARD_V2_20260728,B0_CURRENT_STANDARD_V2_20260728,13d9226c36141264cc33e4b498d38e5f3eaa9891cf32bc4c8fb87b01fd27d576,TRACKING_EVALUATOR_STANDARD_V2,13 videos x 1800 frames; development,true,idsw_standard_per_1000_authoritative_matched_gt_frames,0.4498714652956298,ALL videos,docs/tracking/b0_b1_r0_standard_v2/B0_BYTETRACK_RAW_STANDARD_V2_AUTHORITY_20260728.json,8f000677a7e2dfecc35e2918a18d4fe528470199bc684962d6d9e707db02bfaa,YES,frozen Standard-V2 authority,ESTABLISHED,MEASURED_FROM_FROZEN_ARTIFACT,Development population only.
B0_CURRENT_STANDARD_V2_20260728,B0_CURRENT_STANDARD_V2_20260728,13d9226c36141264cc33e4b498d38e5f3eaa9891cf32bc4c8fb87b01fd27d576,TRACKING_EVALUATOR_STANDARD_V2,13 videos x 1800 frames; development,true,idtp,172345,ALL videos,docs/tracking/b0_b1_r0_standard_v2/B0_BYTETRACK_RAW_STANDARD_V2_AUTHORITY_20260728.json,8f000677a7e2dfecc35e2918a18d4fe528470199bc684962d6d9e707db02bfaa,YES,frozen Standard-V2 authority,ESTABLISHED,MEASURED_FROM_FROZEN_ARTIFACT,Development population only.
B0_CURRENT_STANDARD_V2_20260728,B0_CURRENT_STANDARD_V2_20260728,13d9226c36141264cc33e4b498d38e5f3eaa9891cf32bc4c8fb87b01fd27d576,TRACKING_EVALUATOR_STANDARD_V2,13 videos x 1800 frames; development,true,loca,0.9205883882177472,ALL videos,docs/tracking/b0_b1_r0_standard_v2/B0_BYTETRACK_RAW_STANDARD_V2_AUTHORITY_20260728.json,8f000677a7e2dfecc35e2918a18d4fe528470199bc684962d6d9e707db02bfaa,YES,frozen Standard-V2 authority,ESTABLISHED,MEASURED_FROM_FROZEN_ARTIFACT,Development population only.
B0_CURRENT_STANDARD_V2_20260728,B0_CURRENT_STANDARD_V2_20260728,13d9226c36141264cc33e4b498d38e5f3eaa9891cf32bc4c8fb87b01fd27d576,TRACKING_EVALUATOR_STANDARD_V2,13 videos x 1800 frames; development,true,max_identity_error_episode_seconds,58.06666666666667,ALL videos,docs/tracking/b0_b1_r0_standard_v2/B0_BYTETRACK_RAW_STANDARD_V2_AUTHORITY_20260728.json,8f000677a7e2dfecc35e2918a18d4fe528470199bc684962d6d9e707db02bfaa,YES,frozen Standard-V2 authority,ESTABLISHED,MEASURED_FROM_FROZEN_ARTIFACT,Development population only.
B0_CURRENT_STANDARD_V2_20260728,B0_CURRENT_STANDARD_V2_20260728,13d9226c36141264cc33e4b498d38e5f3eaa9891cf32bc4c8fb87b01fd27d576,TRACKING_EVALUATOR_STANDARD_V2,13 videos x 1800 frames; development,true,maximum_recovery_latency_seconds,14.366666666666667,ALL videos,docs/tracking/b0_b1_r0_standard_v2/B0_BYTETRACK_RAW_STANDARD_V2_AUTHORITY_20260728.json,8f000677a7e2dfecc35e2918a18d4fe528470199bc684962d6d9e707db02bfaa,YES,frozen Standard-V2 authority,ESTABLISHED,MEASURED_FROM_FROZEN_ARTIFACT,Development population only.
B0_CURRENT_STANDARD_V2_20260728,B0_CURRENT_STANDARD_V2_20260728,13d9226c36141264cc33e4b498d38e5f3eaa9891cf32bc4c8fb87b01fd27d576,TRACKING_EVALUATOR_STANDARD_V2,13 videos x 1800 frames; development,true,median_identity_error_episode_seconds,0.4,ALL videos,docs/tracking/b0_b1_r0_standard_v2/B0_BYTETRACK_RAW_STANDARD_V2_AUTHORITY_20260728.json,8f000677a7e2dfecc35e2918a18d4fe528470199bc684962d6d9e707db02bfaa,YES,frozen Standard-V2 authority,ESTABLISHED,MEASURED_FROM_FROZEN_ARTIFACT,Development population only.
B0_CURRENT_STANDARD_V2_20260728,B0_CURRENT_STANDARD_V2_20260728,13d9226c36141264cc33e4b498d38e5f3eaa9891cf32bc4c8fb87b01fd27d576,TRACKING_EVALUATOR_STANDARD_V2,13 videos x 1800 frames; development,true,median_recovery_latency_seconds,0.03333333333333333,ALL videos,docs/tracking/b0_b1_r0_standard_v2/B0_BYTETRACK_RAW_STANDARD_V2_AUTHORITY_20260728.json,8f000677a7e2dfecc35e2918a18d4fe528470199bc684962d6d9e707db02bfaa,YES,frozen Standard-V2 authority,ESTABLISHED,MEASURED_FROM_FROZEN_ARTIFACT,Development population only.
B0_CURRENT_STANDARD_V2_20260728,B0_CURRENT_STANDARD_V2_20260728,13d9226c36141264cc33e4b498d38e5f3eaa9891cf32bc4c8fb87b01fd27d576,TRACKING_EVALUATOR_STANDARD_V2,13 videos x 1800 frames; development,true,p95_identity_error_episode_seconds,54.96666666666667,ALL videos,docs/tracking/b0_b1_r0_standard_v2/B0_BYTETRACK_RAW_STANDARD_V2_AUTHORITY_20260728.json,8f000677a7e2dfecc35e2918a18d4fe528470199bc684962d6d9e707db02bfaa,YES,frozen Standard-V2 authority,ESTABLISHED,MEASURED_FROM_FROZEN_ARTIFACT,Development population only.
B0_CURRENT_STANDARD_V2_20260728,B0_CURRENT_STANDARD_V2_20260728,13d9226c36141264cc33e4b498d38e5f3eaa9891cf32bc4c8fb87b01fd27d576,TRACKING_EVALUATOR_STANDARD_V2,13 videos x 1800 frames; development,true,p95_recovery_latency_seconds,0.3333333333333333,ALL videos,docs/tracking/b0_b1_r0_standard_v2/B0_BYTETRACK_RAW_STANDARD_V2_AUTHORITY_20260728.json,8f000677a7e2dfecc35e2918a18d4fe528470199bc684962d6d9e707db02bfaa,YES,frozen Standard-V2 authority,ESTABLISHED,MEASURED_FROM_FROZEN_ARTIFACT,Development population only.
B0_CURRENT_STANDARD_V2_20260728,B0_CURRENT_STANDARD_V2_20260728,13d9226c36141264cc33e4b498d38e5f3eaa9891cf32bc4c8fb87b01fd27d576,TRACKING_EVALUATOR_STANDARD_V2,13 videos x 1800 frames; development,true,persistent_pairwise_identity_swap_count,10,ALL videos,docs/tracking/b0_b1_r0_standard_v2/B0_BYTETRACK_RAW_STANDARD_V2_AUTHORITY_20260728.json,8f000677a7e2dfecc35e2918a18d4fe528470199bc684962d6d9e707db02bfaa,YES,frozen Standard-V2 authority,ESTABLISHED,MEASURED_FROM_FROZEN_ARTIFACT,Development population only.
B0_CURRENT_STANDARD_V2_20260728,B0_CURRENT_STANDARD_V2_20260728,13d9226c36141264cc33e4b498d38e5f3eaa9891cf32bc4c8fb87b01fd27d576,TRACKING_EVALUATOR_STANDARD_V2,13 videos x 1800 frames; development,true,pred_detections,187200,ALL videos,docs/tracking/b0_b1_r0_standard_v2/B0_BYTETRACK_RAW_STANDARD_V2_AUTHORITY_20260728.json,8f000677a7e2dfecc35e2918a18d4fe528470199bc684962d6d9e707db02bfaa,YES,frozen Standard-V2 authority,ESTABLISHED,MEASURED_FROM_FROZEN_ARTIFACT,Development population only.
B0_CURRENT_STANDARD_V2_20260728,B0_CURRENT_STANDARD_V2_20260728,13d9226c36141264cc33e4b498d38e5f3eaa9891cf32bc4c8fb87b01fd27d576,TRACKING_EVALUATOR_STANDARD_V2,13 videos x 1800 frames; development,true,pred_ids,104,ALL videos,docs/tracking/b0_b1_r0_standard_v2/B0_BYTETRACK_RAW_STANDARD_V2_AUTHORITY_20260728.json,8f000677a7e2dfecc35e2918a18d4fe528470199bc684962d6d9e707db02bfaa,YES,frozen Standard-V2 authority,ESTABLISHED,MEASURED_FROM_FROZEN_ARTIFACT,Development population only.
B0_CURRENT_STANDARD_V2_20260728,B0_CURRENT_STANDARD_V2_20260728,13d9226c36141264cc33e4b498d38e5f3eaa9891cf32bc4c8fb87b01fd27d576,TRACKING_EVALUATOR_STANDARD_V2,13 videos x 1800 frames; development,true,recovered_identity_error_episode_count,45,ALL videos,docs/tracking/b0_b1_r0_standard_v2/B0_BYTETRACK_RAW_STANDARD_V2_AUTHORITY_20260728.json,8f000677a7e2dfecc35e2918a18d4fe528470199bc684962d6d9e707db02bfaa,YES,frozen Standard-V2 authority,ESTABLISHED,MEASURED_FROM_FROZEN_ARTIFACT,Development population only.
B0_CURRENT_STANDARD_V2_20260728,B0_CURRENT_STANDARD_V2_20260728,13d9226c36141264cc33e4b498d38e5f3eaa9891cf32bc4c8fb87b01fd27d576,TRACKING_EVALUATOR_STANDARD_V2,13 videos x 1800 frames; development,true,sequence_count,13,ALL videos,docs/tracking/b0_b1_r0_standard_v2/B0_BYTETRACK_RAW_STANDARD_V2_AUTHORITY_20260728.json,8f000677a7e2dfecc35e2918a18d4fe528470199bc684962d6d9e707db02bfaa,YES,frozen Standard-V2 authority,ESTABLISHED,MEASURED_FROM_FROZEN_ARTIFACT,Development population only.
B0_CURRENT_STANDARD_V2_20260728,B0_CURRENT_STANDARD_V2_20260728,13d9226c36141264cc33e4b498d38e5f3eaa9891cf32bc4c8fb87b01fd27d576,TRACKING_EVALUATOR_STANDARD_V2,13 videos x 1800 frames; development,true,terminal_identity_error_episode_count,27,ALL videos,docs/tracking/b0_b1_r0_standard_v2/B0_BYTETRACK_RAW_STANDARD_V2_AUTHORITY_20260728.json,8f000677a7e2dfecc35e2918a18d4fe528470199bc684962d6d9e707db02bfaa,YES,frozen Standard-V2 authority,ESTABLISHED,MEASURED_FROM_FROZEN_ARTIFACT,Development population only.
B0_CURRENT_STANDARD_V2_20260728,B0_CURRENT_STANDARD_V2_20260728,13d9226c36141264cc33e4b498d38e5f3eaa9891cf32bc4c8fb87b01fd27d576,TRACKING_EVALUATOR_STANDARD_V2,13 videos x 1800 frames; development,true,tp,186720,ALL videos,docs/tracking/b0_b1_r0_standard_v2/B0_BYTETRACK_RAW_STANDARD_V2_AUTHORITY_20260728.json,8f000677a7e2dfecc35e2918a18d4fe528470199bc684962d6d9e707db02bfaa,YES,frozen Standard-V2 authority,ESTABLISHED,MEASURED_FROM_FROZEN_ARTIFACT,Development population only.
B0_CURRENT_STANDARD_V2_20260728,B0_CURRENT_STANDARD_V2_20260728,13d9226c36141264cc33e4b498d38e5f3eaa9891cf32bc4c8fb87b01fd27d576,TRACKING_EVALUATOR_STANDARD_V2,13 videos x 1800 frames; development,true,videos_with_any_identity_error_episode,12,ALL videos,docs/tracking/b0_b1_r0_standard_v2/B0_BYTETRACK_RAW_STANDARD_V2_AUTHORITY_20260728.json,8f000677a7e2dfecc35e2918a18d4fe528470199bc684962d6d9e707db02bfaa,YES,frozen Standard-V2 authority,ESTABLISHED,MEASURED_FROM_FROZEN_ARTIFACT,Development population only.
B0_CURRENT_STANDARD_V2_20260728,B0_CURRENT_STANDARD_V2_20260728,13d9226c36141264cc33e4b498d38e5f3eaa9891cf32bc4c8fb87b01fd27d576,TRACKING_EVALUATOR_STANDARD_V2,13 videos x 1800 frames; development,true,videos_with_persistent_pairwise_swap_count,9,ALL videos,docs/tracking/b0_b1_r0_standard_v2/B0_BYTETRACK_RAW_STANDARD_V2_AUTHORITY_20260728.json,8f000677a7e2dfecc35e2918a18d4fe528470199bc684962d6d9e707db02bfaa,YES,frozen Standard-V2 authority,ESTABLISHED,MEASURED_FROM_FROZEN_ARTIFACT,Development population only.
B0_CURRENT_STANDARD_V2_20260728,B0_CURRENT_STANDARD_V2_20260728,13d9226c36141264cc33e4b498d38e5f3eaa9891cf32bc4c8fb87b01fd27d576,TRACKING_EVALUATOR_STANDARD_V2,13 videos x 1800 frames; development,true,videos_with_persistent_pairwise_swap_pct,69.23076923076923,ALL videos,docs/tracking/b0_b1_r0_standard_v2/B0_BYTETRACK_RAW_STANDARD_V2_AUTHORITY_20260728.json,8f000677a7e2dfecc35e2918a18d4fe528470199bc684962d6d9e707db02bfaa,YES,frozen Standard-V2 authority,ESTABLISHED,MEASURED_FROM_FROZEN_ARTIFACT,Development population only.
B0_CURRENT_STANDARD_V2_20260728,B0_CURRENT_STANDARD_V2_20260728,13d9226c36141264cc33e4b498d38e5f3eaa9891cf32bc4c8fb87b01fd27d576,TRACKING_EVALUATOR_STANDARD_V2,13 videos x 1800 frames; development,true,videos_with_terminal_episode_count,10,ALL videos,docs/tracking/b0_b1_r0_standard_v2/B0_BYTETRACK_RAW_STANDARD_V2_AUTHORITY_20260728.json,8f000677a7e2dfecc35e2918a18d4fe528470199bc684962d6d9e707db02bfaa,YES,frozen Standard-V2 authority,ESTABLISHED,MEASURED_FROM_FROZEN_ARTIFACT,Development population only.
B0_CURRENT_STANDARD_V2_20260728,B0_CURRENT_STANDARD_V2_20260728,13d9226c36141264cc33e4b498d38e5f3eaa9891cf32bc4c8fb87b01fd27d576,TRACKING_EVALUATOR_STANDARD_V2,13 videos x 1800 frames; development,true,videos_with_terminal_episode_pct,76.92307692307692,ALL videos,docs/tracking/b0_b1_r0_standard_v2/B0_BYTETRACK_RAW_STANDARD_V2_AUTHORITY_20260728.json,8f000677a7e2dfecc35e2918a18d4fe528470199bc684962d6d9e707db02bfaa,YES,frozen Standard-V2 authority,ESTABLISHED,MEASURED_FROM_FROZEN_ARTIFACT,Development population only.
B0_CURRENT_STANDARD_V2_20260728,B0_CURRENT_STANDARD_V2_20260728,13d9226c36141264cc33e4b498d38e5f3eaa9891cf32bc4c8fb87b01fd27d576,TRACKING_EVALUATOR_STANDARD_V2,13 videos x 1800 frames; development,true,visible_gt_rows,182689,ALL videos,docs/tracking/b0_b1_r0_standard_v2/B0_BYTETRACK_RAW_STANDARD_V2_AUTHORITY_20260728.json,8f000677a7e2dfecc35e2918a18d4fe528470199bc684962d6d9e707db02bfaa,YES,frozen Standard-V2 authority,ESTABLISHED,MEASURED_FROM_FROZEN_ARTIFACT,Development population only.
B0_CURRENT_STANDARD_V2_20260728,B0_CURRENT_STANDARD_V2_20260728,13d9226c36141264cc33e4b498d38e5f3eaa9891cf32bc4c8fb87b01fd27d576,TRACKING_EVALUATOR_STANDARD_V2,13 videos x 1800 frames; development,true,wrong_id_matched_frames,31846,ALL videos,docs/tracking/b0_b1_r0_standard_v2/B0_BYTETRACK_RAW_STANDARD_V2_AUTHORITY_20260728.json,8f000677a7e2dfecc35e2918a18d4fe528470199bc684962d6d9e707db02bfaa,YES,frozen Standard-V2 authority,ESTABLISHED,MEASURED_FROM_FROZEN_ARTIFACT,Development population only.
B0_CURRENT_STANDARD_V2_20260728,B0_CURRENT_STANDARD_V2_20260728,13d9226c36141264cc33e4b498d38e5f3eaa9891cf32bc4c8fb87b01fd27d576,TRACKING_EVALUATOR_STANDARD_V2,13 videos x 1800 frames; development,true,wrong_id_matched_frames_per_1000_authoritative_matched_gt_frames,170.5548414738646,ALL videos,docs/tracking/b0_b1_r0_standard_v2/B0_BYTETRACK_RAW_STANDARD_V2_AUTHORITY_20260728.json,8f000677a7e2dfecc35e2918a18d4fe528470199bc684962d6d9e707db02bfaa,YES,frozen Standard-V2 authority,ESTABLISHED,MEASURED_FROM_FROZEN_ARTIFACT,Development population only.
B0_CURRENT_STANDARD_V2_20260728,B0_CURRENT_STANDARD_V2_20260728,13d9226c36141264cc33e4b498d38e5f3eaa9891cf32bc4c8fb87b01fd27d576,TRACKING_EVALUATOR_STANDARD_V2,13 videos x 1800 frames; development,true,wrong_id_matched_seconds,1061.5333333330252,ALL videos,docs/tracking/b0_b1_r0_standard_v2/B0_BYTETRACK_RAW_STANDARD_V2_AUTHORITY_20260728.json,8f000677a7e2dfecc35e2918a18d4fe528470199bc684962d6d9e707db02bfaa,YES,frozen Standard-V2 authority,ESTABLISHED,MEASURED_FROM_FROZEN_ARTIFACT,Development population only.
B1_CURRENT_STANDARD_V2_20260728,B1_CURRENT_STANDARD_V2_20260728,569c49e00905add068fac70c919fe21c10127e3ab773528a4ac44199fcb4835b,TRACKING_EVALUATOR_STANDARD_V2,13 videos x 1800 frames; development,true,ambiguous_identity_rows,0,ALL videos,docs/tracking/b0_b1_r0_standard_v2/B1_HYBRID_BYTETRACK_STANDARD_V2_AUTHORITY_20260728.json,491c10a37160a11313abfb06b1ad04a6791ceb0ac096030dfd1b02dd4b1a3dc7,YES,frozen Standard-V2 authority,ESTABLISHED,MEASURED_FROM_FROZEN_ARTIFACT,Development population only.
B1_CURRENT_STANDARD_V2_20260728,B1_CURRENT_STANDARD_V2_20260728,569c49e00905add068fac70c919fe21c10127e3ab773528a4ac44199fcb4835b,TRACKING_EVALUATOR_STANDARD_V2,13 videos x 1800 frames; development,true,assa,0.7995528004092259,ALL videos,docs/tracking/b0_b1_r0_standard_v2/B1_HYBRID_BYTETRACK_STANDARD_V2_AUTHORITY_20260728.json,491c10a37160a11313abfb06b1ad04a6791ceb0ac096030dfd1b02dd4b1a3dc7,YES,frozen Standard-V2 authority,ESTABLISHED,MEASURED_FROM_FROZEN_ARTIFACT,Development population only.
B1_CURRENT_STANDARD_V2_20260728,B1_CURRENT_STANDARD_V2_20260728,569c49e00905add068fac70c919fe21c10127e3ab773528a4ac44199fcb4835b,TRACKING_EVALUATOR_STANDARD_V2,13 videos x 1800 frames; development,true,authoritative_gt_trajectories,104,ALL videos,docs/tracking/b0_b1_r0_standard_v2/B1_HYBRID_BYTETRACK_STANDARD_V2_AUTHORITY_20260728.json,491c10a37160a11313abfb06b1ad04a6791ceb0ac096030dfd1b02dd4b1a3dc7,YES,frozen Standard-V2 authority,ESTABLISHED,MEASURED_FROM_FROZEN_ARTIFACT,Development population only.
B1_CURRENT_STANDARD_V2_20260728,B1_CURRENT_STANDARD_V2_20260728,569c49e00905add068fac70c919fe21c10127e3ab773528a4ac44199fcb4835b,TRACKING_EVALUATOR_STANDARD_V2,13 videos x 1800 frames; development,true,authoritative_matched_gt_frames,186467,ALL videos,docs/tracking/b0_b1_r0_standard_v2/B1_HYBRID_BYTETRACK_STANDARD_V2_AUTHORITY_20260728.json,491c10a37160a11313abfb06b1ad04a6791ceb0ac096030dfd1b02dd4b1a3dc7,YES,frozen Standard-V2 authority,ESTABLISHED,MEASURED_FROM_FROZEN_ARTIFACT,Development population only.
B1_CURRENT_STANDARD_V2_20260728,B1_CURRENT_STANDARD_V2_20260728,569c49e00905add068fac70c919fe21c10127e3ab773528a4ac44199fcb4835b,TRACKING_EVALUATOR_STANDARD_V2,13 videos x 1800 frames; development,true,censored_identity_error_episode_count,1,ALL videos,docs/tracking/b0_b1_r0_standard_v2/B1_HYBRID_BYTETRACK_STANDARD_V2_AUTHORITY_20260728.json,491c10a37160a11313abfb06b1ad04a6791ceb0ac096030dfd1b02dd4b1a3dc7,YES,frozen Standard-V2 authority,ESTABLISHED,MEASURED_FROM_FROZEN_ARTIFACT,Development population only.
B1_CURRENT_STANDARD_V2_20260728,B1_CURRENT_STANDARD_V2_20260728,569c49e00905add068fac70c919fe21c10127e3ab773528a4ac44199fcb4835b,TRACKING_EVALUATOR_STANDARD_V2,13 videos x 1800 frames; development,true,deta,0.9044987387056114,ALL videos,docs/tracking/b0_b1_r0_standard_v2/B1_HYBRID_BYTETRACK_STANDARD_V2_AUTHORITY_20260728.json,491c10a37160a11313abfb06b1ad04a6791ceb0ac096030dfd1b02dd4b1a3dc7,YES,frozen Standard-V2 authority,ESTABLISHED,MEASURED_FROM_FROZEN_ARTIFACT,Development population only.
B1_CURRENT_STANDARD_V2_20260728,B1_CURRENT_STANDARD_V2_20260728,569c49e00905add068fac70c919fe21c10127e3ab773528a4ac44199fcb4835b,TRACKING_EVALUATOR_STANDARD_V2,13 videos x 1800 frames; development,true,detection_precision,0.9960844017094017,ALL videos,docs/tracking/b0_b1_r0_standard_v2/B1_HYBRID_BYTETRACK_STANDARD_V2_AUTHORITY_20260728.json,491c10a37160a11313abfb06b1ad04a6791ceb0ac096030dfd1b02dd4b1a3dc7,YES,frozen Standard-V2 authority,ESTABLISHED,MEASURED_FROM_FROZEN_ARTIFACT,Development population only.
B1_CURRENT_STANDARD_V2_20260728,B1_CURRENT_STANDARD_V2_20260728,569c49e00905add068fac70c919fe21c10127e3ab773528a4ac44199fcb4835b,TRACKING_EVALUATOR_STANDARD_V2,13 videos x 1800 frames; development,true,detection_recall,0.9960844017094017,ALL videos,docs/tracking/b0_b1_r0_standard_v2/B1_HYBRID_BYTETRACK_STANDARD_V2_AUTHORITY_20260728.json,491c10a37160a11313abfb06b1ad04a6791ceb0ac096030dfd1b02dd4b1a3dc7,YES,frozen Standard-V2 authority,ESTABLISHED,MEASURED_FROM_FROZEN_ARTIFACT,Development population only.
B1_CURRENT_STANDARD_V2_20260728,B1_CURRENT_STANDARD_V2_20260728,569c49e00905add068fac70c919fe21c10127e3ab773528a4ac44199fcb4835b,TRACKING_EVALUATOR_STANDARD_V2,13 videos x 1800 frames; development,true,evaluated_frames,23400,ALL videos,docs/tracking/b0_b1_r0_standard_v2/B1_HYBRID_BYTETRACK_STANDARD_V2_AUTHORITY_20260728.json,491c10a37160a11313abfb06b1ad04a6791ceb0ac096030dfd1b02dd4b1a3dc7,YES,frozen Standard-V2 authority,ESTABLISHED,MEASURED_FROM_FROZEN_ARTIFACT,Development population only.
B1_CURRENT_STANDARD_V2_20260728,B1_CURRENT_STANDARD_V2_20260728,569c49e00905add068fac70c919fe21c10127e3ab773528a4ac44199fcb4835b,TRACKING_EVALUATOR_STANDARD_V2,13 videos x 1800 frames; development,true,evaluated_hidden_rows,4511,ALL videos,docs/tracking/b0_b1_r0_standard_v2/B1_HYBRID_BYTETRACK_STANDARD_V2_AUTHORITY_20260728.json,491c10a37160a11313abfb06b1ad04a6791ceb0ac096030dfd1b02dd4b1a3dc7,YES,frozen Standard-V2 authority,ESTABLISHED,MEASURED_FROM_FROZEN_ARTIFACT,Development population only.
B1_CURRENT_STANDARD_V2_20260728,B1_CURRENT_STANDARD_V2_20260728,569c49e00905add068fac70c919fe21c10127e3ab773528a4ac44199fcb4835b,TRACKING_EVALUATOR_STANDARD_V2,13 videos x 1800 frames; development,true,evaluated_visible_rows,182689,ALL videos,docs/tracking/b0_b1_r0_standard_v2/B1_HYBRID_BYTETRACK_STANDARD_V2_AUTHORITY_20260728.json,491c10a37160a11313abfb06b1ad04a6791ceb0ac096030dfd1b02dd4b1a3dc7,YES,frozen Standard-V2 authority,ESTABLISHED,MEASURED_FROM_FROZEN_ARTIFACT,Development population only.
B1_CURRENT_STANDARD_V2_20260728,B1_CURRENT_STANDARD_V2_20260728,569c49e00905add068fac70c919fe21c10127e3ab773528a4ac44199fcb4835b,TRACKING_EVALUATOR_STANDARD_V2,13 videos x 1800 frames; development,true,fn,733,ALL videos,docs/tracking/b0_b1_r0_standard_v2/B1_HYBRID_BYTETRACK_STANDARD_V2_AUTHORITY_20260728.json,491c10a37160a11313abfb06b1ad04a6791ceb0ac096030dfd1b02dd4b1a3dc7,YES,frozen Standard-V2 authority,ESTABLISHED,MEASURED_FROM_FROZEN_ARTIFACT,Development population only.
B1_CURRENT_STANDARD_V2_20260728,B1_CURRENT_STANDARD_V2_20260728,569c49e00905add068fac70c919fe21c10127e3ab773528a4ac44199fcb4835b,TRACKING_EVALUATOR_STANDARD_V2,13 videos x 1800 frames; development,true,fp,733,ALL videos,docs/tracking/b0_b1_r0_standard_v2/B1_HYBRID_BYTETRACK_STANDARD_V2_AUTHORITY_20260728.json,491c10a37160a11313abfb06b1ad04a6791ceb0ac096030dfd1b02dd4b1a3dc7,YES,frozen Standard-V2 authority,ESTABLISHED,MEASURED_FROM_FROZEN_ARTIFACT,Development population only.
B1_CURRENT_STANDARD_V2_20260728,B1_CURRENT_STANDARD_V2_20260728,569c49e00905add068fac70c919fe21c10127e3ab773528a4ac44199fcb4835b,TRACKING_EVALUATOR_STANDARD_V2,13 videos x 1800 frames; development,true,fragments,127,ALL videos,docs/tracking/b0_b1_r0_standard_v2/B1_HYBRID_BYTETRACK_STANDARD_V2_AUTHORITY_20260728.json,491c10a37160a11313abfb06b1ad04a6791ceb0ac096030dfd1b02dd4b1a3dc7,YES,frozen Standard-V2 authority,ESTABLISHED,MEASURED_FROM_FROZEN_ARTIFACT,Development population only.
B1_CURRENT_STANDARD_V2_20260728,B1_CURRENT_STANDARD_V2_20260728,569c49e00905add068fac70c919fe21c10127e3ab773528a4ac44199fcb4835b,TRACKING_EVALUATOR_STANDARD_V2,13 videos x 1800 frames; development,true,gt_detections,187200,ALL videos,docs/tracking/b0_b1_r0_standard_v2/B1_HYBRID_BYTETRACK_STANDARD_V2_AUTHORITY_20260728.json,491c10a37160a11313abfb06b1ad04a6791ceb0ac096030dfd1b02dd4b1a3dc7,YES,frozen Standard-V2 authority,ESTABLISHED,MEASURED_FROM_FROZEN_ARTIFACT,Development population only.
B1_CURRENT_STANDARD_V2_20260728,B1_CURRENT_STANDARD_V2_20260728,569c49e00905add068fac70c919fe21c10127e3ab773528a4ac44199fcb4835b,TRACKING_EVALUATOR_STANDARD_V2,13 videos x 1800 frames; development,true,gt_ids,104,ALL videos,docs/tracking/b0_b1_r0_standard_v2/B1_HYBRID_BYTETRACK_STANDARD_V2_AUTHORITY_20260728.json,491c10a37160a11313abfb06b1ad04a6791ceb0ac096030dfd1b02dd4b1a3dc7,YES,frozen Standard-V2 authority,ESTABLISHED,MEASURED_FROM_FROZEN_ARTIFACT,Development population only.
B1_CURRENT_STANDARD_V2_20260728,B1_CURRENT_STANDARD_V2_20260728,569c49e00905add068fac70c919fe21c10127e3ab773528a4ac44199fcb4835b,TRACKING_EVALUATOR_STANDARD_V2,13 videos x 1800 frames; development,true,gt_trajectories_with_identity_error_count,37,ALL videos,docs/tracking/b0_b1_r0_standard_v2/B1_HYBRID_BYTETRACK_STANDARD_V2_AUTHORITY_20260728.json,491c10a37160a11313abfb06b1ad04a6791ceb0ac096030dfd1b02dd4b1a3dc7,YES,frozen Standard-V2 authority,ESTABLISHED,MEASURED_FROM_FROZEN_ARTIFACT,Development population only.
B1_CURRENT_STANDARD_V2_20260728,B1_CURRENT_STANDARD_V2_20260728,569c49e00905add068fac70c919fe21c10127e3ab773528a4ac44199fcb4835b,TRACKING_EVALUATOR_STANDARD_V2,13 videos x 1800 frames; development,true,gt_trajectories_with_identity_error_pct,35.57692307692308,ALL videos,docs/tracking/b0_b1_r0_standard_v2/B1_HYBRID_BYTETRACK_STANDARD_V2_AUTHORITY_20260728.json,491c10a37160a11313abfb06b1ad04a6791ceb0ac096030dfd1b02dd4b1a3dc7,YES,frozen Standard-V2 authority,ESTABLISHED,MEASURED_FROM_FROZEN_ARTIFACT,Development population only.
B1_CURRENT_STANDARD_V2_20260728,B1_CURRENT_STANDARD_V2_20260728,569c49e00905add068fac70c919fe21c10127e3ab773528a4ac44199fcb4835b,TRACKING_EVALUATOR_STANDARD_V2,13 videos x 1800 frames; development,true,hidden_gt_rows,4511,ALL videos,docs/tracking/b0_b1_r0_standard_v2/B1_HYBRID_BYTETRACK_STANDARD_V2_AUTHORITY_20260728.json,491c10a37160a11313abfb06b1ad04a6791ceb0ac096030dfd1b02dd4b1a3dc7,YES,frozen Standard-V2 authority,ESTABLISHED,MEASURED_FROM_FROZEN_ARTIFACT,Development population only.
B1_CURRENT_STANDARD_V2_20260728,B1_CURRENT_STANDARD_V2_20260728,569c49e00905add068fac70c919fe21c10127e3ab773528a4ac44199fcb4835b,TRACKING_EVALUATOR_STANDARD_V2,13 videos x 1800 frames; development,true,hidden_prediction_rows,1489,ALL videos,docs/tracking/b0_b1_r0_standard_v2/B1_HYBRID_BYTETRACK_STANDARD_V2_AUTHORITY_20260728.json,491c10a37160a11313abfb06b1ad04a6791ceb0ac096030dfd1b02dd4b1a3dc7,YES,frozen Standard-V2 authority,ESTABLISHED,MEASURED_FROM_FROZEN_ARTIFACT,Development population only.
B1_CURRENT_STANDARD_V2_20260728,B1_CURRENT_STANDARD_V2_20260728,569c49e00905add068fac70c919fe21c10127e3ab773528a4ac44199fcb4835b,TRACKING_EVALUATOR_STANDARD_V2,13 videos x 1800 frames; development,true,hota,0.8498733886710031,ALL videos,docs/tracking/b0_b1_r0_standard_v2/B1_HYBRID_BYTETRACK_STANDARD_V2_AUTHORITY_20260728.json,491c10a37160a11313abfb06b1ad04a6791ceb0ac096030dfd1b02dd4b1a3dc7,YES,frozen Standard-V2 authority,ESTABLISHED,MEASURED_FROM_FROZEN_ARTIFACT,Development population only.
B1_CURRENT_STANDARD_V2_20260728,B1_CURRENT_STANDARD_V2_20260728,569c49e00905add068fac70c919fe21c10127e3ab773528a4ac44199fcb4835b,TRACKING_EVALUATOR_STANDARD_V2,13 videos x 1800 frames; development,true,hota_at_alpha_050_diagnostic,0.9183708862630282,ALL videos,docs/tracking/b0_b1_r0_standard_v2/B1_HYBRID_BYTETRACK_STANDARD_V2_AUTHORITY_20260728.json,491c10a37160a11313abfb06b1ad04a6791ceb0ac096030dfd1b02dd4b1a3dc7,YES,frozen Standard-V2 authority,ESTABLISHED,MEASURED_FROM_FROZEN_ARTIFACT,Development population only.
B1_CURRENT_STANDARD_V2_20260728,B1_CURRENT_STANDARD_V2_20260728,569c49e00905add068fac70c919fe21c10127e3ab773528a4ac44199fcb4835b,TRACKING_EVALUATOR_STANDARD_V2,13 videos x 1800 frames; development,true,id_precision,0.9140811965811966,ALL videos,docs/tracking/b0_b1_r0_standard_v2/B1_HYBRID_BYTETRACK_STANDARD_V2_AUTHORITY_20260728.json,491c10a37160a11313abfb06b1ad04a6791ceb0ac096030dfd1b02dd4b1a3dc7,YES,frozen Standard-V2 authority,ESTABLISHED,MEASURED_FROM_FROZEN_ARTIFACT,Development population only.
B1_CURRENT_STANDARD_V2_20260728,B1_CURRENT_STANDARD_V2_20260728,569c49e00905add068fac70c919fe21c10127e3ab773528a4ac44199fcb4835b,TRACKING_EVALUATOR_STANDARD_V2,13 videos x 1800 frames; development,true,id_recall,0.9140811965811966,ALL videos,docs/tracking/b0_b1_r0_standard_v2/B1_HYBRID_BYTETRACK_STANDARD_V2_AUTHORITY_20260728.json,491c10a37160a11313abfb06b1ad04a6791ceb0ac096030dfd1b02dd4b1a3dc7,YES,frozen Standard-V2 authority,ESTABLISHED,MEASURED_FROM_FROZEN_ARTIFACT,Development population only.
B1_CURRENT_STANDARD_V2_20260728,B1_CURRENT_STANDARD_V2_20260728,569c49e00905add068fac70c919fe21c10127e3ab773528a4ac44199fcb4835b,TRACKING_EVALUATOR_STANDARD_V2,13 videos x 1800 frames; development,true,identity_error_episode_count,68,ALL videos,docs/tracking/b0_b1_r0_standard_v2/B1_HYBRID_BYTETRACK_STANDARD_V2_AUTHORITY_20260728.json,491c10a37160a11313abfb06b1ad04a6791ceb0ac096030dfd1b02dd4b1a3dc7,YES,frozen Standard-V2 authority,ESTABLISHED,MEASURED_FROM_FROZEN_ARTIFACT,Development population only.
B1_CURRENT_STANDARD_V2_20260728,B1_CURRENT_STANDARD_V2_20260728,569c49e00905add068fac70c919fe21c10127e3ab773528a4ac44199fcb4835b,TRACKING_EVALUATOR_STANDARD_V2,13 videos x 1800 frames; development,true,idf1,0.9140811965811966,ALL videos,docs/tracking/b0_b1_r0_standard_v2/B1_HYBRID_BYTETRACK_STANDARD_V2_AUTHORITY_20260728.json,491c10a37160a11313abfb06b1ad04a6791ceb0ac096030dfd1b02dd4b1a3dc7,YES,frozen Standard-V2 authority,ESTABLISHED,MEASURED_FROM_FROZEN_ARTIFACT,Development population only.
B1_CURRENT_STANDARD_V2_20260728,B1_CURRENT_STANDARD_V2_20260728,569c49e00905add068fac70c919fe21c10127e3ab773528a4ac44199fcb4835b,TRACKING_EVALUATOR_STANDARD_V2,13 videos x 1800 frames; development,true,idfn,16084,ALL videos,docs/tracking/b0_b1_r0_standard_v2/B1_HYBRID_BYTETRACK_STANDARD_V2_AUTHORITY_20260728.json,491c10a37160a11313abfb06b1ad04a6791ceb0ac096030dfd1b02dd4b1a3dc7,YES,frozen Standard-V2 authority,ESTABLISHED,MEASURED_FROM_FROZEN_ARTIFACT,Development population only.
B1_CURRENT_STANDARD_V2_20260728,B1_CURRENT_STANDARD_V2_20260728,569c49e00905add068fac70c919fe21c10127e3ab773528a4ac44199fcb4835b,TRACKING_EVALUATOR_STANDARD_V2,13 videos x 1800 frames; development,true,idfp,16084,ALL videos,docs/tracking/b0_b1_r0_standard_v2/B1_HYBRID_BYTETRACK_STANDARD_V2_AUTHORITY_20260728.json,491c10a37160a11313abfb06b1ad04a6791ceb0ac096030dfd1b02dd4b1a3dc7,YES,frozen Standard-V2 authority,ESTABLISHED,MEASURED_FROM_FROZEN_ARTIFACT,Development population only.
B1_CURRENT_STANDARD_V2_20260728,B1_CURRENT_STANDARD_V2_20260728,569c49e00905add068fac70c919fe21c10127e3ab773528a4ac44199fcb4835b,TRACKING_EVALUATOR_STANDARD_V2,13 videos x 1800 frames; development,true,idsw_standard,64,ALL videos,docs/tracking/b0_b1_r0_standard_v2/B1_HYBRID_BYTETRACK_STANDARD_V2_AUTHORITY_20260728.json,491c10a37160a11313abfb06b1ad04a6791ceb0ac096030dfd1b02dd4b1a3dc7,YES,frozen Standard-V2 authority,ESTABLISHED,MEASURED_FROM_FROZEN_ARTIFACT,Development population only.
B1_CURRENT_STANDARD_V2_20260728,B1_CURRENT_STANDARD_V2_20260728,569c49e00905add068fac70c919fe21c10127e3ab773528a4ac44199fcb4835b,TRACKING_EVALUATOR_STANDARD_V2,13 videos x 1800 frames; development,true,idsw_standard_per_1000_authoritative_matched_gt_frames,0.3432242702462098,ALL videos,docs/tracking/b0_b1_r0_standard_v2/B1_HYBRID_BYTETRACK_STANDARD_V2_AUTHORITY_20260728.json,491c10a37160a11313abfb06b1ad04a6791ceb0ac096030dfd1b02dd4b1a3dc7,YES,frozen Standard-V2 authority,ESTABLISHED,MEASURED_FROM_FROZEN_ARTIFACT,Development population only.
B1_CURRENT_STANDARD_V2_20260728,B1_CURRENT_STANDARD_V2_20260728,569c49e00905add068fac70c919fe21c10127e3ab773528a4ac44199fcb4835b,TRACKING_EVALUATOR_STANDARD_V2,13 videos x 1800 frames; development,true,idtp,171116,ALL videos,docs/tracking/b0_b1_r0_standard_v2/B1_HYBRID_BYTETRACK_STANDARD_V2_AUTHORITY_20260728.json,491c10a37160a11313abfb06b1ad04a6791ceb0ac096030dfd1b02dd4b1a3dc7,YES,frozen Standard-V2 authority,ESTABLISHED,MEASURED_FROM_FROZEN_ARTIFACT,Development population only.
B1_CURRENT_STANDARD_V2_20260728,B1_CURRENT_STANDARD_V2_20260728,569c49e00905add068fac70c919fe21c10127e3ab773528a4ac44199fcb4835b,TRACKING_EVALUATOR_STANDARD_V2,13 videos x 1800 frames; development,true,loca,0.9239078255704691,ALL videos,docs/tracking/b0_b1_r0_standard_v2/B1_HYBRID_BYTETRACK_STANDARD_V2_AUTHORITY_20260728.json,491c10a37160a11313abfb06b1ad04a6791ceb0ac096030dfd1b02dd4b1a3dc7,YES,frozen Standard-V2 authority,ESTABLISHED,MEASURED_FROM_FROZEN_ARTIFACT,Development population only.
B1_CURRENT_STANDARD_V2_20260728,B1_CURRENT_STANDARD_V2_20260728,569c49e00905add068fac70c919fe21c10127e3ab773528a4ac44199fcb4835b,TRACKING_EVALUATOR_STANDARD_V2,13 videos x 1800 frames; development,true,max_identity_error_episode_seconds,58.333333333333336,ALL videos,docs/tracking/b0_b1_r0_standard_v2/B1_HYBRID_BYTETRACK_STANDARD_V2_AUTHORITY_20260728.json,491c10a37160a11313abfb06b1ad04a6791ceb0ac096030dfd1b02dd4b1a3dc7,YES,frozen Standard-V2 authority,ESTABLISHED,MEASURED_FROM_FROZEN_ARTIFACT,Development population only.
B1_CURRENT_STANDARD_V2_20260728,B1_CURRENT_STANDARD_V2_20260728,569c49e00905add068fac70c919fe21c10127e3ab773528a4ac44199fcb4835b,TRACKING_EVALUATOR_STANDARD_V2,13 videos x 1800 frames; development,true,maximum_recovery_latency_seconds,0.9,ALL videos,docs/tracking/b0_b1_r0_standard_v2/B1_HYBRID_BYTETRACK_STANDARD_V2_AUTHORITY_20260728.json,491c10a37160a11313abfb06b1ad04a6791ceb0ac096030dfd1b02dd4b1a3dc7,YES,frozen Standard-V2 authority,ESTABLISHED,MEASURED_FROM_FROZEN_ARTIFACT,Development population only.
B1_CURRENT_STANDARD_V2_20260728,B1_CURRENT_STANDARD_V2_20260728,569c49e00905add068fac70c919fe21c10127e3ab773528a4ac44199fcb4835b,TRACKING_EVALUATOR_STANDARD_V2,13 videos x 1800 frames; development,true,median_identity_error_episode_seconds,1.1333333333333333,ALL videos,docs/tracking/b0_b1_r0_standard_v2/B1_HYBRID_BYTETRACK_STANDARD_V2_AUTHORITY_20260728.json,491c10a37160a11313abfb06b1ad04a6791ceb0ac096030dfd1b02dd4b1a3dc7,YES,frozen Standard-V2 authority,ESTABLISHED,MEASURED_FROM_FROZEN_ARTIFACT,Development population only.
B1_CURRENT_STANDARD_V2_20260728,B1_CURRENT_STANDARD_V2_20260728,569c49e00905add068fac70c919fe21c10127e3ab773528a4ac44199fcb4835b,TRACKING_EVALUATOR_STANDARD_V2,13 videos x 1800 frames; development,true,median_recovery_latency_seconds,0.03333333333333333,ALL videos,docs/tracking/b0_b1_r0_standard_v2/B1_HYBRID_BYTETRACK_STANDARD_V2_AUTHORITY_20260728.json,491c10a37160a11313abfb06b1ad04a6791ceb0ac096030dfd1b02dd4b1a3dc7,YES,frozen Standard-V2 authority,ESTABLISHED,MEASURED_FROM_FROZEN_ARTIFACT,Development population only.
B1_CURRENT_STANDARD_V2_20260728,B1_CURRENT_STANDARD_V2_20260728,569c49e00905add068fac70c919fe21c10127e3ab773528a4ac44199fcb4835b,TRACKING_EVALUATOR_STANDARD_V2,13 videos x 1800 frames; development,true,p95_identity_error_episode_seconds,53.266666666666666,ALL videos,docs/tracking/b0_b1_r0_standard_v2/B1_HYBRID_BYTETRACK_STANDARD_V2_AUTHORITY_20260728.json,491c10a37160a11313abfb06b1ad04a6791ceb0ac096030dfd1b02dd4b1a3dc7,YES,frozen Standard-V2 authority,ESTABLISHED,MEASURED_FROM_FROZEN_ARTIFACT,Development population only.
B1_CURRENT_STANDARD_V2_20260728,B1_CURRENT_STANDARD_V2_20260728,569c49e00905add068fac70c919fe21c10127e3ab773528a4ac44199fcb4835b,TRACKING_EVALUATOR_STANDARD_V2,13 videos x 1800 frames; development,true,p95_recovery_latency_seconds,0.3333333333333333,ALL videos,docs/tracking/b0_b1_r0_standard_v2/B1_HYBRID_BYTETRACK_STANDARD_V2_AUTHORITY_20260728.json,491c10a37160a11313abfb06b1ad04a6791ceb0ac096030dfd1b02dd4b1a3dc7,YES,frozen Standard-V2 authority,ESTABLISHED,MEASURED_FROM_FROZEN_ARTIFACT,Development population only.
B1_CURRENT_STANDARD_V2_20260728,B1_CURRENT_STANDARD_V2_20260728,569c49e00905add068fac70c919fe21c10127e3ab773528a4ac44199fcb4835b,TRACKING_EVALUATOR_STANDARD_V2,13 videos x 1800 frames; development,true,persistent_pairwise_identity_swap_count,11,ALL videos,docs/tracking/b0_b1_r0_standard_v2/B1_HYBRID_BYTETRACK_STANDARD_V2_AUTHORITY_20260728.json,491c10a37160a11313abfb06b1ad04a6791ceb0ac096030dfd1b02dd4b1a3dc7,YES,frozen Standard-V2 authority,ESTABLISHED,MEASURED_FROM_FROZEN_ARTIFACT,Development population only.
B1_CURRENT_STANDARD_V2_20260728,B1_CURRENT_STANDARD_V2_20260728,569c49e00905add068fac70c919fe21c10127e3ab773528a4ac44199fcb4835b,TRACKING_EVALUATOR_STANDARD_V2,13 videos x 1800 frames; development,true,pred_detections,187200,ALL videos,docs/tracking/b0_b1_r0_standard_v2/B1_HYBRID_BYTETRACK_STANDARD_V2_AUTHORITY_20260728.json,491c10a37160a11313abfb06b1ad04a6791ceb0ac096030dfd1b02dd4b1a3dc7,YES,frozen Standard-V2 authority,ESTABLISHED,MEASURED_FROM_FROZEN_ARTIFACT,Development population only.
B1_CURRENT_STANDARD_V2_20260728,B1_CURRENT_STANDARD_V2_20260728,569c49e00905add068fac70c919fe21c10127e3ab773528a4ac44199fcb4835b,TRACKING_EVALUATOR_STANDARD_V2,13 videos x 1800 frames; development,true,pred_ids,104,ALL videos,docs/tracking/b0_b1_r0_standard_v2/B1_HYBRID_BYTETRACK_STANDARD_V2_AUTHORITY_20260728.json,491c10a37160a11313abfb06b1ad04a6791ceb0ac096030dfd1b02dd4b1a3dc7,YES,frozen Standard-V2 authority,ESTABLISHED,MEASURED_FROM_FROZEN_ARTIFACT,Development population only.
B1_CURRENT_STANDARD_V2_20260728,B1_CURRENT_STANDARD_V2_20260728,569c49e00905add068fac70c919fe21c10127e3ab773528a4ac44199fcb4835b,TRACKING_EVALUATOR_STANDARD_V2,13 videos x 1800 frames; development,true,recovered_identity_error_episode_count,41,ALL videos,docs/tracking/b0_b1_r0_standard_v2/B1_HYBRID_BYTETRACK_STANDARD_V2_AUTHORITY_20260728.json,491c10a37160a11313abfb06b1ad04a6791ceb0ac096030dfd1b02dd4b1a3dc7,YES,frozen Standard-V2 authority,ESTABLISHED,MEASURED_FROM_FROZEN_ARTIFACT,Development population only.
B1_CURRENT_STANDARD_V2_20260728,B1_CURRENT_STANDARD_V2_20260728,569c49e00905add068fac70c919fe21c10127e3ab773528a4ac44199fcb4835b,TRACKING_EVALUATOR_STANDARD_V2,13 videos x 1800 frames; development,true,sequence_count,13,ALL videos,docs/tracking/b0_b1_r0_standard_v2/B1_HYBRID_BYTETRACK_STANDARD_V2_AUTHORITY_20260728.json,491c10a37160a11313abfb06b1ad04a6791ceb0ac096030dfd1b02dd4b1a3dc7,YES,frozen Standard-V2 authority,ESTABLISHED,MEASURED_FROM_FROZEN_ARTIFACT,Development population only.
B1_CURRENT_STANDARD_V2_20260728,B1_CURRENT_STANDARD_V2_20260728,569c49e00905add068fac70c919fe21c10127e3ab773528a4ac44199fcb4835b,TRACKING_EVALUATOR_STANDARD_V2,13 videos x 1800 frames; development,true,terminal_identity_error_episode_count,26,ALL videos,docs/tracking/b0_b1_r0_standard_v2/B1_HYBRID_BYTETRACK_STANDARD_V2_AUTHORITY_20260728.json,491c10a37160a11313abfb06b1ad04a6791ceb0ac096030dfd1b02dd4b1a3dc7,YES,frozen Standard-V2 authority,ESTABLISHED,MEASURED_FROM_FROZEN_ARTIFACT,Development population only.
B1_CURRENT_STANDARD_V2_20260728,B1_CURRENT_STANDARD_V2_20260728,569c49e00905add068fac70c919fe21c10127e3ab773528a4ac44199fcb4835b,TRACKING_EVALUATOR_STANDARD_V2,13 videos x 1800 frames; development,true,tp,186467,ALL videos,docs/tracking/b0_b1_r0_standard_v2/B1_HYBRID_BYTETRACK_STANDARD_V2_AUTHORITY_20260728.json,491c10a37160a11313abfb06b1ad04a6791ceb0ac096030dfd1b02dd4b1a3dc7,YES,frozen Standard-V2 authority,ESTABLISHED,MEASURED_FROM_FROZEN_ARTIFACT,Development population only.
B1_CURRENT_STANDARD_V2_20260728,B1_CURRENT_STANDARD_V2_20260728,569c49e00905add068fac70c919fe21c10127e3ab773528a4ac44199fcb4835b,TRACKING_EVALUATOR_STANDARD_V2,13 videos x 1800 frames; development,true,videos_with_any_identity_error_episode,9,ALL videos,docs/tracking/b0_b1_r0_standard_v2/B1_HYBRID_BYTETRACK_STANDARD_V2_AUTHORITY_20260728.json,491c10a37160a11313abfb06b1ad04a6791ceb0ac096030dfd1b02dd4b1a3dc7,YES,frozen Standard-V2 authority,ESTABLISHED,MEASURED_FROM_FROZEN_ARTIFACT,Development population only.
B1_CURRENT_STANDARD_V2_20260728,B1_CURRENT_STANDARD_V2_20260728,569c49e00905add068fac70c919fe21c10127e3ab773528a4ac44199fcb4835b,TRACKING_EVALUATOR_STANDARD_V2,13 videos x 1800 frames; development,true,videos_with_persistent_pairwise_swap_count,8,ALL videos,docs/tracking/b0_b1_r0_standard_v2/B1_HYBRID_BYTETRACK_STANDARD_V2_AUTHORITY_20260728.json,491c10a37160a11313abfb06b1ad04a6791ceb0ac096030dfd1b02dd4b1a3dc7,YES,frozen Standard-V2 authority,ESTABLISHED,MEASURED_FROM_FROZEN_ARTIFACT,Development population only.
B1_CURRENT_STANDARD_V2_20260728,B1_CURRENT_STANDARD_V2_20260728,569c49e00905add068fac70c919fe21c10127e3ab773528a4ac44199fcb4835b,TRACKING_EVALUATOR_STANDARD_V2,13 videos x 1800 frames; development,true,videos_with_persistent_pairwise_swap_pct,61.53846153846154,ALL videos,docs/tracking/b0_b1_r0_standard_v2/B1_HYBRID_BYTETRACK_STANDARD_V2_AUTHORITY_20260728.json,491c10a37160a11313abfb06b1ad04a6791ceb0ac096030dfd1b02dd4b1a3dc7,YES,frozen Standard-V2 authority,ESTABLISHED,MEASURED_FROM_FROZEN_ARTIFACT,Development population only.
B1_CURRENT_STANDARD_V2_20260728,B1_CURRENT_STANDARD_V2_20260728,569c49e00905add068fac70c919fe21c10127e3ab773528a4ac44199fcb4835b,TRACKING_EVALUATOR_STANDARD_V2,13 videos x 1800 frames; development,true,videos_with_terminal_episode_count,9,ALL videos,docs/tracking/b0_b1_r0_standard_v2/B1_HYBRID_BYTETRACK_STANDARD_V2_AUTHORITY_20260728.json,491c10a37160a11313abfb06b1ad04a6791ceb0ac096030dfd1b02dd4b1a3dc7,YES,frozen Standard-V2 authority,ESTABLISHED,MEASURED_FROM_FROZEN_ARTIFACT,Development population only.
B1_CURRENT_STANDARD_V2_20260728,B1_CURRENT_STANDARD_V2_20260728,569c49e00905add068fac70c919fe21c10127e3ab773528a4ac44199fcb4835b,TRACKING_EVALUATOR_STANDARD_V2,13 videos x 1800 frames; development,true,videos_with_terminal_episode_pct,69.23076923076923,ALL videos,docs/tracking/b0_b1_r0_standard_v2/B1_HYBRID_BYTETRACK_STANDARD_V2_AUTHORITY_20260728.json,491c10a37160a11313abfb06b1ad04a6791ceb0ac096030dfd1b02dd4b1a3dc7,YES,frozen Standard-V2 authority,ESTABLISHED,MEASURED_FROM_FROZEN_ARTIFACT,Development population only.
B1_CURRENT_STANDARD_V2_20260728,B1_CURRENT_STANDARD_V2_20260728,569c49e00905add068fac70c919fe21c10127e3ab773528a4ac44199fcb4835b,TRACKING_EVALUATOR_STANDARD_V2,13 videos x 1800 frames; development,true,visible_gt_rows,182689,ALL videos,docs/tracking/b0_b1_r0_standard_v2/B1_HYBRID_BYTETRACK_STANDARD_V2_AUTHORITY_20260728.json,491c10a37160a11313abfb06b1ad04a6791ceb0ac096030dfd1b02dd4b1a3dc7,YES,frozen Standard-V2 authority,ESTABLISHED,MEASURED_FROM_FROZEN_ARTIFACT,Development population only.
B1_CURRENT_STANDARD_V2_20260728,B1_CURRENT_STANDARD_V2_20260728,569c49e00905add068fac70c919fe21c10127e3ab773528a4ac44199fcb4835b,TRACKING_EVALUATOR_STANDARD_V2,13 videos x 1800 frames; development,true,wrong_id_matched_frames,32125,ALL videos,docs/tracking/b0_b1_r0_standard_v2/B1_HYBRID_BYTETRACK_STANDARD_V2_AUTHORITY_20260728.json,491c10a37160a11313abfb06b1ad04a6791ceb0ac096030dfd1b02dd4b1a3dc7,YES,frozen Standard-V2 authority,ESTABLISHED,MEASURED_FROM_FROZEN_ARTIFACT,Development population only.
B1_CURRENT_STANDARD_V2_20260728,B1_CURRENT_STANDARD_V2_20260728,569c49e00905add068fac70c919fe21c10127e3ab773528a4ac44199fcb4835b,TRACKING_EVALUATOR_STANDARD_V2,13 videos x 1800 frames; development,true,wrong_id_matched_frames_per_1000_authoritative_matched_gt_frames,172.28249502592953,ALL videos,docs/tracking/b0_b1_r0_standard_v2/B1_HYBRID_BYTETRACK_STANDARD_V2_AUTHORITY_20260728.json,491c10a37160a11313abfb06b1ad04a6791ceb0ac096030dfd1b02dd4b1a3dc7,YES,frozen Standard-V2 authority,ESTABLISHED,MEASURED_FROM_FROZEN_ARTIFACT,Development population only.
B1_CURRENT_STANDARD_V2_20260728,B1_CURRENT_STANDARD_V2_20260728,569c49e00905add068fac70c919fe21c10127e3ab773528a4ac44199fcb4835b,TRACKING_EVALUATOR_STANDARD_V2,13 videos x 1800 frames; development,true,wrong_id_matched_seconds,1070.8333333330168,ALL videos,docs/tracking/b0_b1_r0_standard_v2/B1_HYBRID_BYTETRACK_STANDARD_V2_AUTHORITY_20260728.json,491c10a37160a11313abfb06b1ad04a6791ceb0ac096030dfd1b02dd4b1a3dc7,YES,frozen Standard-V2 authority,ESTABLISHED,MEASURED_FROM_FROZEN_ARTIFACT,Development population only.
R0_CURRENT_STANDARD_V2_20260728,R0_CURRENT_STANDARD_V2_20260728,fd2d4f3dec0710d1c9eecba9308247a7b226dd34a4a02a9cb89f17acb22bbbfe,TRACKING_EVALUATOR_STANDARD_V2,13 videos x 1800 frames; development,true,ambiguous_identity_rows,0,ALL videos,docs/tracking/b0_b1_r0_standard_v2/R0_REALTIME_FAST_STANDARD_V2_AUTHORITY_20260728.json,6e5473eefb653428d1d4ff075110f70a45fa32ec5535fa42d6f84ee4c4ada4b4,YES,frozen Standard-V2 authority,ESTABLISHED,MEASURED_FROM_FROZEN_ARTIFACT,Development population only.
R0_CURRENT_STANDARD_V2_20260728,R0_CURRENT_STANDARD_V2_20260728,fd2d4f3dec0710d1c9eecba9308247a7b226dd34a4a02a9cb89f17acb22bbbfe,TRACKING_EVALUATOR_STANDARD_V2,13 videos x 1800 frames; development,true,assa,0.8780601072257502,ALL videos,docs/tracking/b0_b1_r0_standard_v2/R0_REALTIME_FAST_STANDARD_V2_AUTHORITY_20260728.json,6e5473eefb653428d1d4ff075110f70a45fa32ec5535fa42d6f84ee4c4ada4b4,YES,frozen Standard-V2 authority,ESTABLISHED,MEASURED_FROM_FROZEN_ARTIFACT,Development population only.
R0_CURRENT_STANDARD_V2_20260728,R0_CURRENT_STANDARD_V2_20260728,fd2d4f3dec0710d1c9eecba9308247a7b226dd34a4a02a9cb89f17acb22bbbfe,TRACKING_EVALUATOR_STANDARD_V2,13 videos x 1800 frames; development,true,authoritative_gt_trajectories,104,ALL videos,docs/tracking/b0_b1_r0_standard_v2/R0_REALTIME_FAST_STANDARD_V2_AUTHORITY_20260728.json,6e5473eefb653428d1d4ff075110f70a45fa32ec5535fa42d6f84ee4c4ada4b4,YES,frozen Standard-V2 authority,ESTABLISHED,MEASURED_FROM_FROZEN_ARTIFACT,Development population only.
R0_CURRENT_STANDARD_V2_20260728,R0_CURRENT_STANDARD_V2_20260728,fd2d4f3dec0710d1c9eecba9308247a7b226dd34a4a02a9cb89f17acb22bbbfe,TRACKING_EVALUATOR_STANDARD_V2,13 videos x 1800 frames; development,true,authoritative_matched_gt_frames,186603,ALL videos,docs/tracking/b0_b1_r0_standard_v2/R0_REALTIME_FAST_STANDARD_V2_AUTHORITY_20260728.json,6e5473eefb653428d1d4ff075110f70a45fa32ec5535fa42d6f84ee4c4ada4b4,YES,frozen Standard-V2 authority,ESTABLISHED,MEASURED_FROM_FROZEN_ARTIFACT,Development population only.
R0_CURRENT_STANDARD_V2_20260728,R0_CURRENT_STANDARD_V2_20260728,fd2d4f3dec0710d1c9eecba9308247a7b226dd34a4a02a9cb89f17acb22bbbfe,TRACKING_EVALUATOR_STANDARD_V2,13 videos x 1800 frames; development,true,censored_identity_error_episode_count,3,ALL videos,docs/tracking/b0_b1_r0_standard_v2/R0_REALTIME_FAST_STANDARD_V2_AUTHORITY_20260728.json,6e5473eefb653428d1d4ff075110f70a45fa32ec5535fa42d6f84ee4c4ada4b4,YES,frozen Standard-V2 authority,ESTABLISHED,MEASURED_FROM_FROZEN_ARTIFACT,Development population only.
R0_CURRENT_STANDARD_V2_20260728,R0_CURRENT_STANDARD_V2_20260728,fd2d4f3dec0710d1c9eecba9308247a7b226dd34a4a02a9cb89f17acb22bbbfe,TRACKING_EVALUATOR_STANDARD_V2,13 videos x 1800 frames; development,true,deta,0.8991594590973847,ALL videos,docs/tracking/b0_b1_r0_standard_v2/R0_REALTIME_FAST_STANDARD_V2_AUTHORITY_20260728.json,6e5473eefb653428d1d4ff075110f70a45fa32ec5535fa42d6f84ee4c4ada4b4,YES,frozen Standard-V2 authority,ESTABLISHED,MEASURED_FROM_FROZEN_ARTIFACT,Development population only.
R0_CURRENT_STANDARD_V2_20260728,R0_CURRENT_STANDARD_V2_20260728,fd2d4f3dec0710d1c9eecba9308247a7b226dd34a4a02a9cb89f17acb22bbbfe,TRACKING_EVALUATOR_STANDARD_V2,13 videos x 1800 frames; development,true,detection_precision,0.9974716158138938,ALL videos,docs/tracking/b0_b1_r0_standard_v2/R0_REALTIME_FAST_STANDARD_V2_AUTHORITY_20260728.json,6e5473eefb653428d1d4ff075110f70a45fa32ec5535fa42d6f84ee4c4ada4b4,YES,frozen Standard-V2 authority,ESTABLISHED,MEASURED_FROM_FROZEN_ARTIFACT,Development population only.
R0_CURRENT_STANDARD_V2_20260728,R0_CURRENT_STANDARD_V2_20260728,fd2d4f3dec0710d1c9eecba9308247a7b226dd34a4a02a9cb89f17acb22bbbfe,TRACKING_EVALUATOR_STANDARD_V2,13 videos x 1800 frames; development,true,detection_recall,0.9968108974358975,ALL videos,docs/tracking/b0_b1_r0_standard_v2/R0_REALTIME_FAST_STANDARD_V2_AUTHORITY_20260728.json,6e5473eefb653428d1d4ff075110f70a45fa32ec5535fa42d6f84ee4c4ada4b4,YES,frozen Standard-V2 authority,ESTABLISHED,MEASURED_FROM_FROZEN_ARTIFACT,Development population only.
R0_CURRENT_STANDARD_V2_20260728,R0_CURRENT_STANDARD_V2_20260728,fd2d4f3dec0710d1c9eecba9308247a7b226dd34a4a02a9cb89f17acb22bbbfe,TRACKING_EVALUATOR_STANDARD_V2,13 videos x 1800 frames; development,true,evaluated_frames,23400,ALL videos,docs/tracking/b0_b1_r0_standard_v2/R0_REALTIME_FAST_STANDARD_V2_AUTHORITY_20260728.json,6e5473eefb653428d1d4ff075110f70a45fa32ec5535fa42d6f84ee4c4ada4b4,YES,frozen Standard-V2 authority,ESTABLISHED,MEASURED_FROM_FROZEN_ARTIFACT,Development population only.
R0_CURRENT_STANDARD_V2_20260728,R0_CURRENT_STANDARD_V2_20260728,fd2d4f3dec0710d1c9eecba9308247a7b226dd34a4a02a9cb89f17acb22bbbfe,TRACKING_EVALUATOR_STANDARD_V2,13 videos x 1800 frames; development,true,evaluated_hidden_rows,4511,ALL videos,docs/tracking/b0_b1_r0_standard_v2/R0_REALTIME_FAST_STANDARD_V2_AUTHORITY_20260728.json,6e5473eefb653428d1d4ff075110f70a45fa32ec5535fa42d6f84ee4c4ada4b4,YES,frozen Standard-V2 authority,ESTABLISHED,MEASURED_FROM_FROZEN_ARTIFACT,Development population only.
R0_CURRENT_STANDARD_V2_20260728,R0_CURRENT_STANDARD_V2_20260728,fd2d4f3dec0710d1c9eecba9308247a7b226dd34a4a02a9cb89f17acb22bbbfe,TRACKING_EVALUATOR_STANDARD_V2,13 videos x 1800 frames; development,true,evaluated_visible_rows,182689,ALL videos,docs/tracking/b0_b1_r0_standard_v2/R0_REALTIME_FAST_STANDARD_V2_AUTHORITY_20260728.json,6e5473eefb653428d1d4ff075110f70a45fa32ec5535fa42d6f84ee4c4ada4b4,YES,frozen Standard-V2 authority,ESTABLISHED,MEASURED_FROM_FROZEN_ARTIFACT,Development population only.
R0_CURRENT_STANDARD_V2_20260728,R0_CURRENT_STANDARD_V2_20260728,fd2d4f3dec0710d1c9eecba9308247a7b226dd34a4a02a9cb89f17acb22bbbfe,TRACKING_EVALUATOR_STANDARD_V2,13 videos x 1800 frames; development,true,fn,597,ALL videos,docs/tracking/b0_b1_r0_standard_v2/R0_REALTIME_FAST_STANDARD_V2_AUTHORITY_20260728.json,6e5473eefb653428d1d4ff075110f70a45fa32ec5535fa42d6f84ee4c4ada4b4,YES,frozen Standard-V2 authority,ESTABLISHED,MEASURED_FROM_FROZEN_ARTIFACT,Development population only.
R0_CURRENT_STANDARD_V2_20260728,R0_CURRENT_STANDARD_V2_20260728,fd2d4f3dec0710d1c9eecba9308247a7b226dd34a4a02a9cb89f17acb22bbbfe,TRACKING_EVALUATOR_STANDARD_V2,13 videos x 1800 frames; development,true,fp,473,ALL videos,docs/tracking/b0_b1_r0_standard_v2/R0_REALTIME_FAST_STANDARD_V2_AUTHORITY_20260728.json,6e5473eefb653428d1d4ff075110f70a45fa32ec5535fa42d6f84ee4c4ada4b4,YES,frozen Standard-V2 authority,ESTABLISHED,MEASURED_FROM_FROZEN_ARTIFACT,Development population only.
R0_CURRENT_STANDARD_V2_20260728,R0_CURRENT_STANDARD_V2_20260728,fd2d4f3dec0710d1c9eecba9308247a7b226dd34a4a02a9cb89f17acb22bbbfe,TRACKING_EVALUATOR_STANDARD_V2,13 videos x 1800 frames; development,true,fragments,107,ALL videos,docs/tracking/b0_b1_r0_standard_v2/R0_REALTIME_FAST_STANDARD_V2_AUTHORITY_20260728.json,6e5473eefb653428d1d4ff075110f70a45fa32ec5535fa42d6f84ee4c4ada4b4,YES,frozen Standard-V2 authority,ESTABLISHED,MEASURED_FROM_FROZEN_ARTIFACT,Development population only.
R0_CURRENT_STANDARD_V2_20260728,R0_CURRENT_STANDARD_V2_20260728,fd2d4f3dec0710d1c9eecba9308247a7b226dd34a4a02a9cb89f17acb22bbbfe,TRACKING_EVALUATOR_STANDARD_V2,13 videos x 1800 frames; development,true,gt_detections,187200,ALL videos,docs/tracking/b0_b1_r0_standard_v2/R0_REALTIME_FAST_STANDARD_V2_AUTHORITY_20260728.json,6e5473eefb653428d1d4ff075110f70a45fa32ec5535fa42d6f84ee4c4ada4b4,YES,frozen Standard-V2 authority,ESTABLISHED,MEASURED_FROM_FROZEN_ARTIFACT,Development population only.
R0_CURRENT_STANDARD_V2_20260728,R0_CURRENT_STANDARD_V2_20260728,fd2d4f3dec0710d1c9eecba9308247a7b226dd34a4a02a9cb89f17acb22bbbfe,TRACKING_EVALUATOR_STANDARD_V2,13 videos x 1800 frames; development,true,gt_ids,104,ALL videos,docs/tracking/b0_b1_r0_standard_v2/R0_REALTIME_FAST_STANDARD_V2_AUTHORITY_20260728.json,6e5473eefb653428d1d4ff075110f70a45fa32ec5535fa42d6f84ee4c4ada4b4,YES,frozen Standard-V2 authority,ESTABLISHED,MEASURED_FROM_FROZEN_ARTIFACT,Development population only.
R0_CURRENT_STANDARD_V2_20260728,R0_CURRENT_STANDARD_V2_20260728,fd2d4f3dec0710d1c9eecba9308247a7b226dd34a4a02a9cb89f17acb22bbbfe,TRACKING_EVALUATOR_STANDARD_V2,13 videos x 1800 frames; development,true,gt_trajectories_with_identity_error_count,21,ALL videos,docs/tracking/b0_b1_r0_standard_v2/R0_REALTIME_FAST_STANDARD_V2_AUTHORITY_20260728.json,6e5473eefb653428d1d4ff075110f70a45fa32ec5535fa42d6f84ee4c4ada4b4,YES,frozen Standard-V2 authority,ESTABLISHED,MEASURED_FROM_FROZEN_ARTIFACT,Development population only.
R0_CURRENT_STANDARD_V2_20260728,R0_CURRENT_STANDARD_V2_20260728,fd2d4f3dec0710d1c9eecba9308247a7b226dd34a4a02a9cb89f17acb22bbbfe,TRACKING_EVALUATOR_STANDARD_V2,13 videos x 1800 frames; development,true,gt_trajectories_with_identity_error_pct,20.192307692307693,ALL videos,docs/tracking/b0_b1_r0_standard_v2/R0_REALTIME_FAST_STANDARD_V2_AUTHORITY_20260728.json,6e5473eefb653428d1d4ff075110f70a45fa32ec5535fa42d6f84ee4c4ada4b4,YES,frozen Standard-V2 authority,ESTABLISHED,MEASURED_FROM_FROZEN_ARTIFACT,Development population only.
R0_CURRENT_STANDARD_V2_20260728,R0_CURRENT_STANDARD_V2_20260728,fd2d4f3dec0710d1c9eecba9308247a7b226dd34a4a02a9cb89f17acb22bbbfe,TRACKING_EVALUATOR_STANDARD_V2,13 videos x 1800 frames; development,true,hidden_gt_rows,4511,ALL videos,docs/tracking/b0_b1_r0_standard_v2/R0_REALTIME_FAST_STANDARD_V2_AUTHORITY_20260728.json,6e5473eefb653428d1d4ff075110f70a45fa32ec5535fa42d6f84ee4c4ada4b4,YES,frozen Standard-V2 authority,ESTABLISHED,MEASURED_FROM_FROZEN_ARTIFACT,Development population only.
R0_CURRENT_STANDARD_V2_20260728,R0_CURRENT_STANDARD_V2_20260728,fd2d4f3dec0710d1c9eecba9308247a7b226dd34a4a02a9cb89f17acb22bbbfe,TRACKING_EVALUATOR_STANDARD_V2,13 videos x 1800 frames; development,true,hidden_prediction_rows,1390,ALL videos,docs/tracking/b0_b1_r0_standard_v2/R0_REALTIME_FAST_STANDARD_V2_AUTHORITY_20260728.json,6e5473eefb653428d1d4ff075110f70a45fa32ec5535fa42d6f84ee4c4ada4b4,YES,frozen Standard-V2 authority,ESTABLISHED,MEASURED_FROM_FROZEN_ARTIFACT,Development population only.
R0_CURRENT_STANDARD_V2_20260728,R0_CURRENT_STANDARD_V2_20260728,fd2d4f3dec0710d1c9eecba9308247a7b226dd34a4a02a9cb89f17acb22bbbfe,TRACKING_EVALUATOR_STANDARD_V2,13 videos x 1800 frames; development,true,hota,0.8881872315857098,ALL videos,docs/tracking/b0_b1_r0_standard_v2/R0_REALTIME_FAST_STANDARD_V2_AUTHORITY_20260728.json,6e5473eefb653428d1d4ff075110f70a45fa32ec5535fa42d6f84ee4c4ada4b4,YES,frozen Standard-V2 authority,ESTABLISHED,MEASURED_FROM_FROZEN_ARTIFACT,Development population only.
R0_CURRENT_STANDARD_V2_20260728,R0_CURRENT_STANDARD_V2_20260728,fd2d4f3dec0710d1c9eecba9308247a7b226dd34a4a02a9cb89f17acb22bbbfe,TRACKING_EVALUATOR_STANDARD_V2,13 videos x 1800 frames; development,true,hota_at_alpha_050_diagnostic,0.9707853752381359,ALL videos,docs/tracking/b0_b1_r0_standard_v2/R0_REALTIME_FAST_STANDARD_V2_AUTHORITY_20260728.json,6e5473eefb653428d1d4ff075110f70a45fa32ec5535fa42d6f84ee4c4ada4b4,YES,frozen Standard-V2 authority,ESTABLISHED,MEASURED_FROM_FROZEN_ARTIFACT,Development population only.
R0_CURRENT_STANDARD_V2_20260728,R0_CURRENT_STANDARD_V2_20260728,fd2d4f3dec0710d1c9eecba9308247a7b226dd34a4a02a9cb89f17acb22bbbfe,TRACKING_EVALUATOR_STANDARD_V2,13 videos x 1800 frames; development,true,id_precision,0.9722145010583934,ALL videos,docs/tracking/b0_b1_r0_standard_v2/R0_REALTIME_FAST_STANDARD_V2_AUTHORITY_20260728.json,6e5473eefb653428d1d4ff075110f70a45fa32ec5535fa42d6f84ee4c4ada4b4,YES,frozen Standard-V2 authority,ESTABLISHED,MEASURED_FROM_FROZEN_ARTIFACT,Development population only.
R0_CURRENT_STANDARD_V2_20260728,R0_CURRENT_STANDARD_V2_20260728,fd2d4f3dec0710d1c9eecba9308247a7b226dd34a4a02a9cb89f17acb22bbbfe,TRACKING_EVALUATOR_STANDARD_V2,13 videos x 1800 frames; development,true,id_recall,0.9715705128205128,ALL videos,docs/tracking/b0_b1_r0_standard_v2/R0_REALTIME_FAST_STANDARD_V2_AUTHORITY_20260728.json,6e5473eefb653428d1d4ff075110f70a45fa32ec5535fa42d6f84ee4c4ada4b4,YES,frozen Standard-V2 authority,ESTABLISHED,MEASURED_FROM_FROZEN_ARTIFACT,Development population only.
R0_CURRENT_STANDARD_V2_20260728,R0_CURRENT_STANDARD_V2_20260728,fd2d4f3dec0710d1c9eecba9308247a7b226dd34a4a02a9cb89f17acb22bbbfe,TRACKING_EVALUATOR_STANDARD_V2,13 videos x 1800 frames; development,true,identity_error_episode_count,31,ALL videos,docs/tracking/b0_b1_r0_standard_v2/R0_REALTIME_FAST_STANDARD_V2_AUTHORITY_20260728.json,6e5473eefb653428d1d4ff075110f70a45fa32ec5535fa42d6f84ee4c4ada4b4,YES,frozen Standard-V2 authority,ESTABLISHED,MEASURED_FROM_FROZEN_ARTIFACT,Development population only.
R0_CURRENT_STANDARD_V2_20260728,R0_CURRENT_STANDARD_V2_20260728,fd2d4f3dec0710d1c9eecba9308247a7b226dd34a4a02a9cb89f17acb22bbbfe,TRACKING_EVALUATOR_STANDARD_V2,13 videos x 1800 frames; development,true,idf1,0.9718924002607702,ALL videos,docs/tracking/b0_b1_r0_standard_v2/R0_REALTIME_FAST_STANDARD_V2_AUTHORITY_20260728.json,6e5473eefb653428d1d4ff075110f70a45fa32ec5535fa42d6f84ee4c4ada4b4,YES,frozen Standard-V2 authority,ESTABLISHED,MEASURED_FROM_FROZEN_ARTIFACT,Development population only.
R0_CURRENT_STANDARD_V2_20260728,R0_CURRENT_STANDARD_V2_20260728,fd2d4f3dec0710d1c9eecba9308247a7b226dd34a4a02a9cb89f17acb22bbbfe,TRACKING_EVALUATOR_STANDARD_V2,13 videos x 1800 frames; development,true,idfn,5322,ALL videos,docs/tracking/b0_b1_r0_standard_v2/R0_REALTIME_FAST_STANDARD_V2_AUTHORITY_20260728.json,6e5473eefb653428d1d4ff075110f70a45fa32ec5535fa42d6f84ee4c4ada4b4,YES,frozen Standard-V2 authority,ESTABLISHED,MEASURED_FROM_FROZEN_ARTIFACT,Development population only.
R0_CURRENT_STANDARD_V2_20260728,R0_CURRENT_STANDARD_V2_20260728,fd2d4f3dec0710d1c9eecba9308247a7b226dd34a4a02a9cb89f17acb22bbbfe,TRACKING_EVALUATOR_STANDARD_V2,13 videos x 1800 frames; development,true,idfp,5198,ALL videos,docs/tracking/b0_b1_r0_standard_v2/R0_REALTIME_FAST_STANDARD_V2_AUTHORITY_20260728.json,6e5473eefb653428d1d4ff075110f70a45fa32ec5535fa42d6f84ee4c4ada4b4,YES,frozen Standard-V2 authority,ESTABLISHED,MEASURED_FROM_FROZEN_ARTIFACT,Development population only.
R0_CURRENT_STANDARD_V2_20260728,R0_CURRENT_STANDARD_V2_20260728,fd2d4f3dec0710d1c9eecba9308247a7b226dd34a4a02a9cb89f17acb22bbbfe,TRACKING_EVALUATOR_STANDARD_V2,13 videos x 1800 frames; development,true,idsw_standard,29,ALL videos,docs/tracking/b0_b1_r0_standard_v2/R0_REALTIME_FAST_STANDARD_V2_AUTHORITY_20260728.json,6e5473eefb653428d1d4ff075110f70a45fa32ec5535fa42d6f84ee4c4ada4b4,YES,frozen Standard-V2 authority,ESTABLISHED,MEASURED_FROM_FROZEN_ARTIFACT,Development population only.
R0_CURRENT_STANDARD_V2_20260728,R0_CURRENT_STANDARD_V2_20260728,fd2d4f3dec0710d1c9eecba9308247a7b226dd34a4a02a9cb89f17acb22bbbfe,TRACKING_EVALUATOR_STANDARD_V2,13 videos x 1800 frames; development,true,idsw_standard_per_1000_authoritative_matched_gt_frames,0.15541014881861492,ALL videos,docs/tracking/b0_b1_r0_standard_v2/R0_REALTIME_FAST_STANDARD_V2_AUTHORITY_20260728.json,6e5473eefb653428d1d4ff075110f70a45fa32ec5535fa42d6f84ee4c4ada4b4,YES,frozen Standard-V2 authority,ESTABLISHED,MEASURED_FROM_FROZEN_ARTIFACT,Development population only.
R0_CURRENT_STANDARD_V2_20260728,R0_CURRENT_STANDARD_V2_20260728,fd2d4f3dec0710d1c9eecba9308247a7b226dd34a4a02a9cb89f17acb22bbbfe,TRACKING_EVALUATOR_STANDARD_V2,13 videos x 1800 frames; development,true,idtp,181878,ALL videos,docs/tracking/b0_b1_r0_standard_v2/R0_REALTIME_FAST_STANDARD_V2_AUTHORITY_20260728.json,6e5473eefb653428d1d4ff075110f70a45fa32ec5535fa42d6f84ee4c4ada4b4,YES,frozen Standard-V2 authority,ESTABLISHED,MEASURED_FROM_FROZEN_ARTIFACT,Development population only.
R0_CURRENT_STANDARD_V2_20260728,R0_CURRENT_STANDARD_V2_20260728,fd2d4f3dec0710d1c9eecba9308247a7b226dd34a4a02a9cb89f17acb22bbbfe,TRACKING_EVALUATOR_STANDARD_V2,13 videos x 1800 frames; development,true,loca,0.9197421390234835,ALL videos,docs/tracking/b0_b1_r0_standard_v2/R0_REALTIME_FAST_STANDARD_V2_AUTHORITY_20260728.json,6e5473eefb653428d1d4ff075110f70a45fa32ec5535fa42d6f84ee4c4ada4b4,YES,frozen Standard-V2 authority,ESTABLISHED,MEASURED_FROM_FROZEN_ARTIFACT,Development population only.
R0_CURRENT_STANDARD_V2_20260728,R0_CURRENT_STANDARD_V2_20260728,fd2d4f3dec0710d1c9eecba9308247a7b226dd34a4a02a9cb89f17acb22bbbfe,TRACKING_EVALUATOR_STANDARD_V2,13 videos x 1800 frames; development,true,max_identity_error_episode_seconds,57.9,ALL videos,docs/tracking/b0_b1_r0_standard_v2/R0_REALTIME_FAST_STANDARD_V2_AUTHORITY_20260728.json,6e5473eefb653428d1d4ff075110f70a45fa32ec5535fa42d6f84ee4c4ada4b4,YES,frozen Standard-V2 authority,ESTABLISHED,MEASURED_FROM_FROZEN_ARTIFACT,Development population only.
R0_CURRENT_STANDARD_V2_20260728,R0_CURRENT_STANDARD_V2_20260728,fd2d4f3dec0710d1c9eecba9308247a7b226dd34a4a02a9cb89f17acb22bbbfe,TRACKING_EVALUATOR_STANDARD_V2,13 videos x 1800 frames; development,true,maximum_recovery_latency_seconds,0.1,ALL videos,docs/tracking/b0_b1_r0_standard_v2/R0_REALTIME_FAST_STANDARD_V2_AUTHORITY_20260728.json,6e5473eefb653428d1d4ff075110f70a45fa32ec5535fa42d6f84ee4c4ada4b4,YES,frozen Standard-V2 authority,ESTABLISHED,MEASURED_FROM_FROZEN_ARTIFACT,Development population only.
R0_CURRENT_STANDARD_V2_20260728,R0_CURRENT_STANDARD_V2_20260728,fd2d4f3dec0710d1c9eecba9308247a7b226dd34a4a02a9cb89f17acb22bbbfe,TRACKING_EVALUATOR_STANDARD_V2,13 videos x 1800 frames; development,true,median_identity_error_episode_seconds,1.1333333333333333,ALL videos,docs/tracking/b0_b1_r0_standard_v2/R0_REALTIME_FAST_STANDARD_V2_AUTHORITY_20260728.json,6e5473eefb653428d1d4ff075110f70a45fa32ec5535fa42d6f84ee4c4ada4b4,YES,frozen Standard-V2 authority,ESTABLISHED,MEASURED_FROM_FROZEN_ARTIFACT,Development population only.
R0_CURRENT_STANDARD_V2_20260728,R0_CURRENT_STANDARD_V2_20260728,fd2d4f3dec0710d1c9eecba9308247a7b226dd34a4a02a9cb89f17acb22bbbfe,TRACKING_EVALUATOR_STANDARD_V2,13 videos x 1800 frames; development,true,median_recovery_latency_seconds,0.03333333333333333,ALL videos,docs/tracking/b0_b1_r0_standard_v2/R0_REALTIME_FAST_STANDARD_V2_AUTHORITY_20260728.json,6e5473eefb653428d1d4ff075110f70a45fa32ec5535fa42d6f84ee4c4ada4b4,YES,frozen Standard-V2 authority,ESTABLISHED,MEASURED_FROM_FROZEN_ARTIFACT,Development population only.
R0_CURRENT_STANDARD_V2_20260728,R0_CURRENT_STANDARD_V2_20260728,fd2d4f3dec0710d1c9eecba9308247a7b226dd34a4a02a9cb89f17acb22bbbfe,TRACKING_EVALUATOR_STANDARD_V2,13 videos x 1800 frames; development,true,p95_identity_error_episode_seconds,57.86666666666667,ALL videos,docs/tracking/b0_b1_r0_standard_v2/R0_REALTIME_FAST_STANDARD_V2_AUTHORITY_20260728.json,6e5473eefb653428d1d4ff075110f70a45fa32ec5535fa42d6f84ee4c4ada4b4,YES,frozen Standard-V2 authority,ESTABLISHED,MEASURED_FROM_FROZEN_ARTIFACT,Development population only.
R0_CURRENT_STANDARD_V2_20260728,R0_CURRENT_STANDARD_V2_20260728,fd2d4f3dec0710d1c9eecba9308247a7b226dd34a4a02a9cb89f17acb22bbbfe,TRACKING_EVALUATOR_STANDARD_V2,13 videos x 1800 frames; development,true,p95_recovery_latency_seconds,0.1,ALL videos,docs/tracking/b0_b1_r0_standard_v2/R0_REALTIME_FAST_STANDARD_V2_AUTHORITY_20260728.json,6e5473eefb653428d1d4ff075110f70a45fa32ec5535fa42d6f84ee4c4ada4b4,YES,frozen Standard-V2 authority,ESTABLISHED,MEASURED_FROM_FROZEN_ARTIFACT,Development population only.
R0_CURRENT_STANDARD_V2_20260728,R0_CURRENT_STANDARD_V2_20260728,fd2d4f3dec0710d1c9eecba9308247a7b226dd34a4a02a9cb89f17acb22bbbfe,TRACKING_EVALUATOR_STANDARD_V2,13 videos x 1800 frames; development,true,persistent_pairwise_identity_swap_count,7,ALL videos,docs/tracking/b0_b1_r0_standard_v2/R0_REALTIME_FAST_STANDARD_V2_AUTHORITY_20260728.json,6e5473eefb653428d1d4ff075110f70a45fa32ec5535fa42d6f84ee4c4ada4b4,YES,frozen Standard-V2 authority,ESTABLISHED,MEASURED_FROM_FROZEN_ARTIFACT,Development population only.
R0_CURRENT_STANDARD_V2_20260728,R0_CURRENT_STANDARD_V2_20260728,fd2d4f3dec0710d1c9eecba9308247a7b226dd34a4a02a9cb89f17acb22bbbfe,TRACKING_EVALUATOR_STANDARD_V2,13 videos x 1800 frames; development,true,pred_detections,187076,ALL videos,docs/tracking/b0_b1_r0_standard_v2/R0_REALTIME_FAST_STANDARD_V2_AUTHORITY_20260728.json,6e5473eefb653428d1d4ff075110f70a45fa32ec5535fa42d6f84ee4c4ada4b4,YES,frozen Standard-V2 authority,ESTABLISHED,MEASURED_FROM_FROZEN_ARTIFACT,Development population only.
R0_CURRENT_STANDARD_V2_20260728,R0_CURRENT_STANDARD_V2_20260728,fd2d4f3dec0710d1c9eecba9308247a7b226dd34a4a02a9cb89f17acb22bbbfe,TRACKING_EVALUATOR_STANDARD_V2,13 videos x 1800 frames; development,true,pred_ids,104,ALL videos,docs/tracking/b0_b1_r0_standard_v2/R0_REALTIME_FAST_STANDARD_V2_AUTHORITY_20260728.json,6e5473eefb653428d1d4ff075110f70a45fa32ec5535fa42d6f84ee4c4ada4b4,YES,frozen Standard-V2 authority,ESTABLISHED,MEASURED_FROM_FROZEN_ARTIFACT,Development population only.
R0_CURRENT_STANDARD_V2_20260728,R0_CURRENT_STANDARD_V2_20260728,fd2d4f3dec0710d1c9eecba9308247a7b226dd34a4a02a9cb89f17acb22bbbfe,TRACKING_EVALUATOR_STANDARD_V2,13 videos x 1800 frames; development,true,recovered_identity_error_episode_count,16,ALL videos,docs/tracking/b0_b1_r0_standard_v2/R0_REALTIME_FAST_STANDARD_V2_AUTHORITY_20260728.json,6e5473eefb653428d1d4ff075110f70a45fa32ec5535fa42d6f84ee4c4ada4b4,YES,frozen Standard-V2 authority,ESTABLISHED,MEASURED_FROM_FROZEN_ARTIFACT,Development population only.
R0_CURRENT_STANDARD_V2_20260728,R0_CURRENT_STANDARD_V2_20260728,fd2d4f3dec0710d1c9eecba9308247a7b226dd34a4a02a9cb89f17acb22bbbfe,TRACKING_EVALUATOR_STANDARD_V2,13 videos x 1800 frames; development,true,sequence_count,13,ALL videos,docs/tracking/b0_b1_r0_standard_v2/R0_REALTIME_FAST_STANDARD_V2_AUTHORITY_20260728.json,6e5473eefb653428d1d4ff075110f70a45fa32ec5535fa42d6f84ee4c4ada4b4,YES,frozen Standard-V2 authority,ESTABLISHED,MEASURED_FROM_FROZEN_ARTIFACT,Development population only.
R0_CURRENT_STANDARD_V2_20260728,R0_CURRENT_STANDARD_V2_20260728,fd2d4f3dec0710d1c9eecba9308247a7b226dd34a4a02a9cb89f17acb22bbbfe,TRACKING_EVALUATOR_STANDARD_V2,13 videos x 1800 frames; development,true,terminal_identity_error_episode_count,12,ALL videos,docs/tracking/b0_b1_r0_standard_v2/R0_REALTIME_FAST_STANDARD_V2_AUTHORITY_20260728.json,6e5473eefb653428d1d4ff075110f70a45fa32ec5535fa42d6f84ee4c4ada4b4,YES,frozen Standard-V2 authority,ESTABLISHED,MEASURED_FROM_FROZEN_ARTIFACT,Development population only.
R0_CURRENT_STANDARD_V2_20260728,R0_CURRENT_STANDARD_V2_20260728,fd2d4f3dec0710d1c9eecba9308247a7b226dd34a4a02a9cb89f17acb22bbbfe,TRACKING_EVALUATOR_STANDARD_V2,13 videos x 1800 frames; development,true,tp,186603,ALL videos,docs/tracking/b0_b1_r0_standard_v2/R0_REALTIME_FAST_STANDARD_V2_AUTHORITY_20260728.json,6e5473eefb653428d1d4ff075110f70a45fa32ec5535fa42d6f84ee4c4ada4b4,YES,frozen Standard-V2 authority,ESTABLISHED,MEASURED_FROM_FROZEN_ARTIFACT,Development population only.
R0_CURRENT_STANDARD_V2_20260728,R0_CURRENT_STANDARD_V2_20260728,fd2d4f3dec0710d1c9eecba9308247a7b226dd34a4a02a9cb89f17acb22bbbfe,TRACKING_EVALUATOR_STANDARD_V2,13 videos x 1800 frames; development,true,videos_with_any_identity_error_episode,7,ALL videos,docs/tracking/b0_b1_r0_standard_v2/R0_REALTIME_FAST_STANDARD_V2_AUTHORITY_20260728.json,6e5473eefb653428d1d4ff075110f70a45fa32ec5535fa42d6f84ee4c4ada4b4,YES,frozen Standard-V2 authority,ESTABLISHED,MEASURED_FROM_FROZEN_ARTIFACT,Development population only.
R0_CURRENT_STANDARD_V2_20260728,R0_CURRENT_STANDARD_V2_20260728,fd2d4f3dec0710d1c9eecba9308247a7b226dd34a4a02a9cb89f17acb22bbbfe,TRACKING_EVALUATOR_STANDARD_V2,13 videos x 1800 frames; development,true,videos_with_persistent_pairwise_swap_count,5,ALL videos,docs/tracking/b0_b1_r0_standard_v2/R0_REALTIME_FAST_STANDARD_V2_AUTHORITY_20260728.json,6e5473eefb653428d1d4ff075110f70a45fa32ec5535fa42d6f84ee4c4ada4b4,YES,frozen Standard-V2 authority,ESTABLISHED,MEASURED_FROM_FROZEN_ARTIFACT,Development population only.
R0_CURRENT_STANDARD_V2_20260728,R0_CURRENT_STANDARD_V2_20260728,fd2d4f3dec0710d1c9eecba9308247a7b226dd34a4a02a9cb89f17acb22bbbfe,TRACKING_EVALUATOR_STANDARD_V2,13 videos x 1800 frames; development,true,videos_with_persistent_pairwise_swap_pct,38.46153846153846,ALL videos,docs/tracking/b0_b1_r0_standard_v2/R0_REALTIME_FAST_STANDARD_V2_AUTHORITY_20260728.json,6e5473eefb653428d1d4ff075110f70a45fa32ec5535fa42d6f84ee4c4ada4b4,YES,frozen Standard-V2 authority,ESTABLISHED,MEASURED_FROM_FROZEN_ARTIFACT,Development population only.
R0_CURRENT_STANDARD_V2_20260728,R0_CURRENT_STANDARD_V2_20260728,fd2d4f3dec0710d1c9eecba9308247a7b226dd34a4a02a9cb89f17acb22bbbfe,TRACKING_EVALUATOR_STANDARD_V2,13 videos x 1800 frames; development,true,videos_with_terminal_episode_count,5,ALL videos,docs/tracking/b0_b1_r0_standard_v2/R0_REALTIME_FAST_STANDARD_V2_AUTHORITY_20260728.json,6e5473eefb653428d1d4ff075110f70a45fa32ec5535fa42d6f84ee4c4ada4b4,YES,frozen Standard-V2 authority,ESTABLISHED,MEASURED_FROM_FROZEN_ARTIFACT,Development population only.
R0_CURRENT_STANDARD_V2_20260728,R0_CURRENT_STANDARD_V2_20260728,fd2d4f3dec0710d1c9eecba9308247a7b226dd34a4a02a9cb89f17acb22bbbfe,TRACKING_EVALUATOR_STANDARD_V2,13 videos x 1800 frames; development,true,videos_with_terminal_episode_pct,38.46153846153846,ALL videos,docs/tracking/b0_b1_r0_standard_v2/R0_REALTIME_FAST_STANDARD_V2_AUTHORITY_20260728.json,6e5473eefb653428d1d4ff075110f70a45fa32ec5535fa42d6f84ee4c4ada4b4,YES,frozen Standard-V2 authority,ESTABLISHED,MEASURED_FROM_FROZEN_ARTIFACT,Development population only.
R0_CURRENT_STANDARD_V2_20260728,R0_CURRENT_STANDARD_V2_20260728,fd2d4f3dec0710d1c9eecba9308247a7b226dd34a4a02a9cb89f17acb22bbbfe,TRACKING_EVALUATOR_STANDARD_V2,13 videos x 1800 frames; development,true,visible_gt_rows,182689,ALL videos,docs/tracking/b0_b1_r0_standard_v2/R0_REALTIME_FAST_STANDARD_V2_AUTHORITY_20260728.json,6e5473eefb653428d1d4ff075110f70a45fa32ec5535fa42d6f84ee4c4ada4b4,YES,frozen Standard-V2 authority,ESTABLISHED,MEASURED_FROM_FROZEN_ARTIFACT,Development population only.
R0_CURRENT_STANDARD_V2_20260728,R0_CURRENT_STANDARD_V2_20260728,fd2d4f3dec0710d1c9eecba9308247a7b226dd34a4a02a9cb89f17acb22bbbfe,TRACKING_EVALUATOR_STANDARD_V2,13 videos x 1800 frames; development,true,wrong_id_matched_frames,11893,ALL videos,docs/tracking/b0_b1_r0_standard_v2/R0_REALTIME_FAST_STANDARD_V2_AUTHORITY_20260728.json,6e5473eefb653428d1d4ff075110f70a45fa32ec5535fa42d6f84ee4c4ada4b4,YES,frozen Standard-V2 authority,ESTABLISHED,MEASURED_FROM_FROZEN_ARTIFACT,Development population only.
R0_CURRENT_STANDARD_V2_20260728,R0_CURRENT_STANDARD_V2_20260728,fd2d4f3dec0710d1c9eecba9308247a7b226dd34a4a02a9cb89f17acb22bbbfe,TRACKING_EVALUATOR_STANDARD_V2,13 videos x 1800 frames; development,true,wrong_id_matched_frames_per_1000_authoritative_matched_gt_frames,63.73423792757887,ALL videos,docs/tracking/b0_b1_r0_standard_v2/R0_REALTIME_FAST_STANDARD_V2_AUTHORITY_20260728.json,6e5473eefb653428d1d4ff075110f70a45fa32ec5535fa42d6f84ee4c4ada4b4,YES,frozen Standard-V2 authority,ESTABLISHED,MEASURED_FROM_FROZEN_ARTIFACT,Development population only.
R0_CURRENT_STANDARD_V2_20260728,R0_CURRENT_STANDARD_V2_20260728,fd2d4f3dec0710d1c9eecba9308247a7b226dd34a4a02a9cb89f17acb22bbbfe,TRACKING_EVALUATOR_STANDARD_V2,13 videos x 1800 frames; development,true,wrong_id_matched_seconds,396.4333333334331,ALL videos,docs/tracking/b0_b1_r0_standard_v2/R0_REALTIME_FAST_STANDARD_V2_AUTHORITY_20260728.json,6e5473eefb653428d1d4ff075110f70a45fa32ec5535fa42d6f84ee4c4ada4b4,YES,frozen Standard-V2 authority,ESTABLISHED,MEASURED_FROM_FROZEN_ARTIFACT,Development population only.
R1_CURRENT_STANDARD_V2_20260728,R1_CURRENT_STANDARD_V2_20260728,40052f992871d50984fc4c0c839c4933b772bca2bfcaaaacafcde40d0e8a1800,TRACKING_EVALUATOR_STANDARD_V2,13 videos x 1800 frames; development,true,ambiguous_identity_rows,0,ALL videos,docs/tracking/development_2x2_standard_v2/DEVELOPMENT_2X2_STANDARD_V2_AUTHORITY_20260728.json,00bae01fb0a419df1ad02f868b28a3014ec0539359a9c42f7a365513866668be,YES,frozen Standard-V2 authority,ESTABLISHED,MEASURED_FROM_FROZEN_ARTIFACT,Development population only.
R1_CURRENT_STANDARD_V2_20260728,R1_CURRENT_STANDARD_V2_20260728,40052f992871d50984fc4c0c839c4933b772bca2bfcaaaacafcde40d0e8a1800,TRACKING_EVALUATOR_STANDARD_V2,13 videos x 1800 frames; development,true,assa,0.8569413402709896,ALL videos,docs/tracking/development_2x2_standard_v2/DEVELOPMENT_2X2_STANDARD_V2_AUTHORITY_20260728.json,00bae01fb0a419df1ad02f868b28a3014ec0539359a9c42f7a365513866668be,YES,frozen Standard-V2 authority,ESTABLISHED,MEASURED_FROM_FROZEN_ARTIFACT,Development population only.
R1_CURRENT_STANDARD_V2_20260728,R1_CURRENT_STANDARD_V2_20260728,40052f992871d50984fc4c0c839c4933b772bca2bfcaaaacafcde40d0e8a1800,TRACKING_EVALUATOR_STANDARD_V2,13 videos x 1800 frames; development,true,authoritative_gt_trajectories,104,ALL videos,docs/tracking/development_2x2_standard_v2/DEVELOPMENT_2X2_STANDARD_V2_AUTHORITY_20260728.json,00bae01fb0a419df1ad02f868b28a3014ec0539359a9c42f7a365513866668be,YES,frozen Standard-V2 authority,ESTABLISHED,MEASURED_FROM_FROZEN_ARTIFACT,Development population only.
R1_CURRENT_STANDARD_V2_20260728,R1_CURRENT_STANDARD_V2_20260728,40052f992871d50984fc4c0c839c4933b772bca2bfcaaaacafcde40d0e8a1800,TRACKING_EVALUATOR_STANDARD_V2,13 videos x 1800 frames; development,true,authoritative_matched_gt_frames,186664,ALL videos,docs/tracking/development_2x2_standard_v2/DEVELOPMENT_2X2_STANDARD_V2_AUTHORITY_20260728.json,00bae01fb0a419df1ad02f868b28a3014ec0539359a9c42f7a365513866668be,YES,frozen Standard-V2 authority,ESTABLISHED,MEASURED_FROM_FROZEN_ARTIFACT,Development population only.
R1_CURRENT_STANDARD_V2_20260728,R1_CURRENT_STANDARD_V2_20260728,40052f992871d50984fc4c0c839c4933b772bca2bfcaaaacafcde40d0e8a1800,TRACKING_EVALUATOR_STANDARD_V2,13 videos x 1800 frames; development,true,censored_identity_error_episode_count,2,ALL videos,docs/tracking/development_2x2_standard_v2/DEVELOPMENT_2X2_STANDARD_V2_AUTHORITY_20260728.json,00bae01fb0a419df1ad02f868b28a3014ec0539359a9c42f7a365513866668be,YES,frozen Standard-V2 authority,ESTABLISHED,MEASURED_FROM_FROZEN_ARTIFACT,Development population only.
R1_CURRENT_STANDARD_V2_20260728,R1_CURRENT_STANDARD_V2_20260728,40052f992871d50984fc4c0c839c4933b772bca2bfcaaaacafcde40d0e8a1800,TRACKING_EVALUATOR_STANDARD_V2,13 videos x 1800 frames; development,true,deta,0.9008684921344624,ALL videos,docs/tracking/development_2x2_standard_v2/DEVELOPMENT_2X2_STANDARD_V2_AUTHORITY_20260728.json,00bae01fb0a419df1ad02f868b28a3014ec0539359a9c42f7a365513866668be,YES,frozen Standard-V2 authority,ESTABLISHED,MEASURED_FROM_FROZEN_ARTIFACT,Development population only.
R1_CURRENT_STANDARD_V2_20260728,R1_CURRENT_STANDARD_V2_20260728,40052f992871d50984fc4c0c839c4933b772bca2bfcaaaacafcde40d0e8a1800,TRACKING_EVALUATOR_STANDARD_V2,13 videos x 1800 frames; development,true,detection_precision,0.9977976865017426,ALL videos,docs/tracking/development_2x2_standard_v2/DEVELOPMENT_2X2_STANDARD_V2_AUTHORITY_20260728.json,00bae01fb0a419df1ad02f868b28a3014ec0539359a9c42f7a365513866668be,YES,frozen Standard-V2 authority,ESTABLISHED,MEASURED_FROM_FROZEN_ARTIFACT,Development population only.
R1_CURRENT_STANDARD_V2_20260728,R1_CURRENT_STANDARD_V2_20260728,40052f992871d50984fc4c0c839c4933b772bca2bfcaaaacafcde40d0e8a1800,TRACKING_EVALUATOR_STANDARD_V2,13 videos x 1800 frames; development,true,detection_recall,0.997136752136752,ALL videos,docs/tracking/development_2x2_standard_v2/DEVELOPMENT_2X2_STANDARD_V2_AUTHORITY_20260728.json,00bae01fb0a419df1ad02f868b28a3014ec0539359a9c42f7a365513866668be,YES,frozen Standard-V2 authority,ESTABLISHED,MEASURED_FROM_FROZEN_ARTIFACT,Development population only.
R1_CURRENT_STANDARD_V2_20260728,R1_CURRENT_STANDARD_V2_20260728,40052f992871d50984fc4c0c839c4933b772bca2bfcaaaacafcde40d0e8a1800,TRACKING_EVALUATOR_STANDARD_V2,13 videos x 1800 frames; development,true,evaluated_frames,23400,ALL videos,docs/tracking/development_2x2_standard_v2/DEVELOPMENT_2X2_STANDARD_V2_AUTHORITY_20260728.json,00bae01fb0a419df1ad02f868b28a3014ec0539359a9c42f7a365513866668be,YES,frozen Standard-V2 authority,ESTABLISHED,MEASURED_FROM_FROZEN_ARTIFACT,Development population only.
R1_CURRENT_STANDARD_V2_20260728,R1_CURRENT_STANDARD_V2_20260728,40052f992871d50984fc4c0c839c4933b772bca2bfcaaaacafcde40d0e8a1800,TRACKING_EVALUATOR_STANDARD_V2,13 videos x 1800 frames; development,true,evaluated_hidden_rows,4511,ALL videos,docs/tracking/development_2x2_standard_v2/DEVELOPMENT_2X2_STANDARD_V2_AUTHORITY_20260728.json,00bae01fb0a419df1ad02f868b28a3014ec0539359a9c42f7a365513866668be,YES,frozen Standard-V2 authority,ESTABLISHED,MEASURED_FROM_FROZEN_ARTIFACT,Development population only.
R1_CURRENT_STANDARD_V2_20260728,R1_CURRENT_STANDARD_V2_20260728,40052f992871d50984fc4c0c839c4933b772bca2bfcaaaacafcde40d0e8a1800,TRACKING_EVALUATOR_STANDARD_V2,13 videos x 1800 frames; development,true,evaluated_visible_rows,182689,ALL videos,docs/tracking/development_2x2_standard_v2/DEVELOPMENT_2X2_STANDARD_V2_AUTHORITY_20260728.json,00bae01fb0a419df1ad02f868b28a3014ec0539359a9c42f7a365513866668be,YES,frozen Standard-V2 authority,ESTABLISHED,MEASURED_FROM_FROZEN_ARTIFACT,Development population only.
R1_CURRENT_STANDARD_V2_20260728,R1_CURRENT_STANDARD_V2_20260728,40052f992871d50984fc4c0c839c4933b772bca2bfcaaaacafcde40d0e8a1800,TRACKING_EVALUATOR_STANDARD_V2,13 videos x 1800 frames; development,true,fn,536,ALL videos,docs/tracking/development_2x2_standard_v2/DEVELOPMENT_2X2_STANDARD_V2_AUTHORITY_20260728.json,00bae01fb0a419df1ad02f868b28a3014ec0539359a9c42f7a365513866668be,YES,frozen Standard-V2 authority,ESTABLISHED,MEASURED_FROM_FROZEN_ARTIFACT,Development population only.
R1_CURRENT_STANDARD_V2_20260728,R1_CURRENT_STANDARD_V2_20260728,40052f992871d50984fc4c0c839c4933b772bca2bfcaaaacafcde40d0e8a1800,TRACKING_EVALUATOR_STANDARD_V2,13 videos x 1800 frames; development,true,fp,412,ALL videos,docs/tracking/development_2x2_standard_v2/DEVELOPMENT_2X2_STANDARD_V2_AUTHORITY_20260728.json,00bae01fb0a419df1ad02f868b28a3014ec0539359a9c42f7a365513866668be,YES,frozen Standard-V2 authority,ESTABLISHED,MEASURED_FROM_FROZEN_ARTIFACT,Development population only.
R1_CURRENT_STANDARD_V2_20260728,R1_CURRENT_STANDARD_V2_20260728,40052f992871d50984fc4c0c839c4933b772bca2bfcaaaacafcde40d0e8a1800,TRACKING_EVALUATOR_STANDARD_V2,13 videos x 1800 frames; development,true,fragments,87,ALL videos,docs/tracking/development_2x2_standard_v2/DEVELOPMENT_2X2_STANDARD_V2_AUTHORITY_20260728.json,00bae01fb0a419df1ad02f868b28a3014ec0539359a9c42f7a365513866668be,YES,frozen Standard-V2 authority,ESTABLISHED,MEASURED_FROM_FROZEN_ARTIFACT,Development population only.
R1_CURRENT_STANDARD_V2_20260728,R1_CURRENT_STANDARD_V2_20260728,40052f992871d50984fc4c0c839c4933b772bca2bfcaaaacafcde40d0e8a1800,TRACKING_EVALUATOR_STANDARD_V2,13 videos x 1800 frames; development,true,gt_detections,187200,ALL videos,docs/tracking/development_2x2_standard_v2/DEVELOPMENT_2X2_STANDARD_V2_AUTHORITY_20260728.json,00bae01fb0a419df1ad02f868b28a3014ec0539359a9c42f7a365513866668be,YES,frozen Standard-V2 authority,ESTABLISHED,MEASURED_FROM_FROZEN_ARTIFACT,Development population only.
R1_CURRENT_STANDARD_V2_20260728,R1_CURRENT_STANDARD_V2_20260728,40052f992871d50984fc4c0c839c4933b772bca2bfcaaaacafcde40d0e8a1800,TRACKING_EVALUATOR_STANDARD_V2,13 videos x 1800 frames; development,true,gt_ids,104,ALL videos,docs/tracking/development_2x2_standard_v2/DEVELOPMENT_2X2_STANDARD_V2_AUTHORITY_20260728.json,00bae01fb0a419df1ad02f868b28a3014ec0539359a9c42f7a365513866668be,YES,frozen Standard-V2 authority,ESTABLISHED,MEASURED_FROM_FROZEN_ARTIFACT,Development population only.
R1_CURRENT_STANDARD_V2_20260728,R1_CURRENT_STANDARD_V2_20260728,40052f992871d50984fc4c0c839c4933b772bca2bfcaaaacafcde40d0e8a1800,TRACKING_EVALUATOR_STANDARD_V2,13 videos x 1800 frames; development,true,gt_trajectories_with_identity_error_count,19,ALL videos,docs/tracking/development_2x2_standard_v2/DEVELOPMENT_2X2_STANDARD_V2_AUTHORITY_20260728.json,00bae01fb0a419df1ad02f868b28a3014ec0539359a9c42f7a365513866668be,YES,frozen Standard-V2 authority,ESTABLISHED,MEASURED_FROM_FROZEN_ARTIFACT,Development population only.
R1_CURRENT_STANDARD_V2_20260728,R1_CURRENT_STANDARD_V2_20260728,40052f992871d50984fc4c0c839c4933b772bca2bfcaaaacafcde40d0e8a1800,TRACKING_EVALUATOR_STANDARD_V2,13 videos x 1800 frames; development,true,gt_trajectories_with_identity_error_pct,18.26923076923077,ALL videos,docs/tracking/development_2x2_standard_v2/DEVELOPMENT_2X2_STANDARD_V2_AUTHORITY_20260728.json,00bae01fb0a419df1ad02f868b28a3014ec0539359a9c42f7a365513866668be,YES,frozen Standard-V2 authority,ESTABLISHED,MEASURED_FROM_FROZEN_ARTIFACT,Development population only.
R1_CURRENT_STANDARD_V2_20260728,R1_CURRENT_STANDARD_V2_20260728,40052f992871d50984fc4c0c839c4933b772bca2bfcaaaacafcde40d0e8a1800,TRACKING_EVALUATOR_STANDARD_V2,13 videos x 1800 frames; development,true,hidden_gt_rows,4511,ALL videos,docs/tracking/development_2x2_standard_v2/DEVELOPMENT_2X2_STANDARD_V2_AUTHORITY_20260728.json,00bae01fb0a419df1ad02f868b28a3014ec0539359a9c42f7a365513866668be,YES,frozen Standard-V2 authority,ESTABLISHED,MEASURED_FROM_FROZEN_ARTIFACT,Development population only.
R1_CURRENT_STANDARD_V2_20260728,R1_CURRENT_STANDARD_V2_20260728,40052f992871d50984fc4c0c839c4933b772bca2bfcaaaacafcde40d0e8a1800,TRACKING_EVALUATOR_STANDARD_V2,13 videos x 1800 frames; development,true,hidden_prediction_rows,1416,ALL videos,docs/tracking/development_2x2_standard_v2/DEVELOPMENT_2X2_STANDARD_V2_AUTHORITY_20260728.json,00bae01fb0a419df1ad02f868b28a3014ec0539359a9c42f7a365513866668be,YES,frozen Standard-V2 authority,ESTABLISHED,MEASURED_FROM_FROZEN_ARTIFACT,Development population only.
R1_CURRENT_STANDARD_V2_20260728,R1_CURRENT_STANDARD_V2_20260728,40052f992871d50984fc4c0c839c4933b772bca2bfcaaaacafcde40d0e8a1800,TRACKING_EVALUATOR_STANDARD_V2,13 videos x 1800 frames; development,true,hota,0.878280776077832,ALL videos,docs/tracking/development_2x2_standard_v2/DEVELOPMENT_2X2_STANDARD_V2_AUTHORITY_20260728.json,00bae01fb0a419df1ad02f868b28a3014ec0539359a9c42f7a365513866668be,YES,frozen Standard-V2 authority,ESTABLISHED,MEASURED_FROM_FROZEN_ARTIFACT,Development population only.
R1_CURRENT_STANDARD_V2_20260728,R1_CURRENT_STANDARD_V2_20260728,40052f992871d50984fc4c0c839c4933b772bca2bfcaaaacafcde40d0e8a1800,TRACKING_EVALUATOR_STANDARD_V2,13 videos x 1800 frames; development,true,hota_at_alpha_050_diagnostic,0.96016429547875,ALL videos,docs/tracking/development_2x2_standard_v2/DEVELOPMENT_2X2_STANDARD_V2_AUTHORITY_20260728.json,00bae01fb0a419df1ad02f868b28a3014ec0539359a9c42f7a365513866668be,YES,frozen Standard-V2 authority,ESTABLISHED,MEASURED_FROM_FROZEN_ARTIFACT,Development population only.
R1_CURRENT_STANDARD_V2_20260728,R1_CURRENT_STANDARD_V2_20260728,40052f992871d50984fc4c0c839c4933b772bca2bfcaaaacafcde40d0e8a1800,TRACKING_EVALUATOR_STANDARD_V2,13 videos x 1800 frames; development,true,id_precision,0.9581988069020076,ALL videos,docs/tracking/development_2x2_standard_v2/DEVELOPMENT_2X2_STANDARD_V2_AUTHORITY_20260728.json,00bae01fb0a419df1ad02f868b28a3014ec0539359a9c42f7a365513866668be,YES,frozen Standard-V2 authority,ESTABLISHED,MEASURED_FROM_FROZEN_ARTIFACT,Development population only.
R1_CURRENT_STANDARD_V2_20260728,R1_CURRENT_STANDARD_V2_20260728,40052f992871d50984fc4c0c839c4933b772bca2bfcaaaacafcde40d0e8a1800,TRACKING_EVALUATOR_STANDARD_V2,13 videos x 1800 frames; development,true,id_recall,0.9575641025641024,ALL videos,docs/tracking/development_2x2_standard_v2/DEVELOPMENT_2X2_STANDARD_V2_AUTHORITY_20260728.json,00bae01fb0a419df1ad02f868b28a3014ec0539359a9c42f7a365513866668be,YES,frozen Standard-V2 authority,ESTABLISHED,MEASURED_FROM_FROZEN_ARTIFACT,Development population only.
R1_CURRENT_STANDARD_V2_20260728,R1_CURRENT_STANDARD_V2_20260728,40052f992871d50984fc4c0c839c4933b772bca2bfcaaaacafcde40d0e8a1800,TRACKING_EVALUATOR_STANDARD_V2,13 videos x 1800 frames; development,true,identity_error_episode_count,33,ALL videos,docs/tracking/development_2x2_standard_v2/DEVELOPMENT_2X2_STANDARD_V2_AUTHORITY_20260728.json,00bae01fb0a419df1ad02f868b28a3014ec0539359a9c42f7a365513866668be,YES,frozen Standard-V2 authority,ESTABLISHED,MEASURED_FROM_FROZEN_ARTIFACT,Development population only.
R1_CURRENT_STANDARD_V2_20260728,R1_CURRENT_STANDARD_V2_20260728,40052f992871d50984fc4c0c839c4933b772bca2bfcaaaacafcde40d0e8a1800,TRACKING_EVALUATOR_STANDARD_V2,13 videos x 1800 frames; development,true,idf1,0.9578813495922794,ALL videos,docs/tracking/development_2x2_standard_v2/DEVELOPMENT_2X2_STANDARD_V2_AUTHORITY_20260728.json,00bae01fb0a419df1ad02f868b28a3014ec0539359a9c42f7a365513866668be,YES,frozen Standard-V2 authority,ESTABLISHED,MEASURED_FROM_FROZEN_ARTIFACT,Development population only.
R1_CURRENT_STANDARD_V2_20260728,R1_CURRENT_STANDARD_V2_20260728,40052f992871d50984fc4c0c839c4933b772bca2bfcaaaacafcde40d0e8a1800,TRACKING_EVALUATOR_STANDARD_V2,13 videos x 1800 frames; development,true,idfn,7944,ALL videos,docs/tracking/development_2x2_standard_v2/DEVELOPMENT_2X2_STANDARD_V2_AUTHORITY_20260728.json,00bae01fb0a419df1ad02f868b28a3014ec0539359a9c42f7a365513866668be,YES,frozen Standard-V2 authority,ESTABLISHED,MEASURED_FROM_FROZEN_ARTIFACT,Development population only.
R1_CURRENT_STANDARD_V2_20260728,R1_CURRENT_STANDARD_V2_20260728,40052f992871d50984fc4c0c839c4933b772bca2bfcaaaacafcde40d0e8a1800,TRACKING_EVALUATOR_STANDARD_V2,13 videos x 1800 frames; development,true,idfp,7820,ALL videos,docs/tracking/development_2x2_standard_v2/DEVELOPMENT_2X2_STANDARD_V2_AUTHORITY_20260728.json,00bae01fb0a419df1ad02f868b28a3014ec0539359a9c42f7a365513866668be,YES,frozen Standard-V2 authority,ESTABLISHED,MEASURED_FROM_FROZEN_ARTIFACT,Development population only.
R1_CURRENT_STANDARD_V2_20260728,R1_CURRENT_STANDARD_V2_20260728,40052f992871d50984fc4c0c839c4933b772bca2bfcaaaacafcde40d0e8a1800,TRACKING_EVALUATOR_STANDARD_V2,13 videos x 1800 frames; development,true,idsw_standard,18,ALL videos,docs/tracking/development_2x2_standard_v2/DEVELOPMENT_2X2_STANDARD_V2_AUTHORITY_20260728.json,00bae01fb0a419df1ad02f868b28a3014ec0539359a9c42f7a365513866668be,YES,frozen Standard-V2 authority,ESTABLISHED,MEASURED_FROM_FROZEN_ARTIFACT,Development population only.
R1_CURRENT_STANDARD_V2_20260728,R1_CURRENT_STANDARD_V2_20260728,40052f992871d50984fc4c0c839c4933b772bca2bfcaaaacafcde40d0e8a1800,TRACKING_EVALUATOR_STANDARD_V2,13 videos x 1800 frames; development,true,idsw_standard_per_1000_authoritative_matched_gt_frames,0.0964299489992714,ALL videos,docs/tracking/development_2x2_standard_v2/DEVELOPMENT_2X2_STANDARD_V2_AUTHORITY_20260728.json,00bae01fb0a419df1ad02f868b28a3014ec0539359a9c42f7a365513866668be,YES,frozen Standard-V2 authority,ESTABLISHED,MEASURED_FROM_FROZEN_ARTIFACT,Development population only.
R1_CURRENT_STANDARD_V2_20260728,R1_CURRENT_STANDARD_V2_20260728,40052f992871d50984fc4c0c839c4933b772bca2bfcaaaacafcde40d0e8a1800,TRACKING_EVALUATOR_STANDARD_V2,13 videos x 1800 frames; development,true,idtp,179256,ALL videos,docs/tracking/development_2x2_standard_v2/DEVELOPMENT_2X2_STANDARD_V2_AUTHORITY_20260728.json,00bae01fb0a419df1ad02f868b28a3014ec0539359a9c42f7a365513866668be,YES,frozen Standard-V2 authority,ESTABLISHED,MEASURED_FROM_FROZEN_ARTIFACT,Development population only.
R1_CURRENT_STANDARD_V2_20260728,R1_CURRENT_STANDARD_V2_20260728,40052f992871d50984fc4c0c839c4933b772bca2bfcaaaacafcde40d0e8a1800,TRACKING_EVALUATOR_STANDARD_V2,13 videos x 1800 frames; development,true,loca,0.9200239500285434,ALL videos,docs/tracking/development_2x2_standard_v2/DEVELOPMENT_2X2_STANDARD_V2_AUTHORITY_20260728.json,00bae01fb0a419df1ad02f868b28a3014ec0539359a9c42f7a365513866668be,YES,frozen Standard-V2 authority,ESTABLISHED,MEASURED_FROM_FROZEN_ARTIFACT,Development population only.
R1_CURRENT_STANDARD_V2_20260728,R1_CURRENT_STANDARD_V2_20260728,40052f992871d50984fc4c0c839c4933b772bca2bfcaaaacafcde40d0e8a1800,TRACKING_EVALUATOR_STANDARD_V2,13 videos x 1800 frames; development,true,max_identity_error_episode_seconds,57.93333333333333,ALL videos,docs/tracking/development_2x2_standard_v2/DEVELOPMENT_2X2_STANDARD_V2_AUTHORITY_20260728.json,00bae01fb0a419df1ad02f868b28a3014ec0539359a9c42f7a365513866668be,YES,frozen Standard-V2 authority,ESTABLISHED,MEASURED_FROM_FROZEN_ARTIFACT,Development population only.
R1_CURRENT_STANDARD_V2_20260728,R1_CURRENT_STANDARD_V2_20260728,40052f992871d50984fc4c0c839c4933b772bca2bfcaaaacafcde40d0e8a1800,TRACKING_EVALUATOR_STANDARD_V2,13 videos x 1800 frames; development,true,maximum_recovery_latency_seconds,0.1333333333333333,ALL videos,docs/tracking/development_2x2_standard_v2/DEVELOPMENT_2X2_STANDARD_V2_AUTHORITY_20260728.json,00bae01fb0a419df1ad02f868b28a3014ec0539359a9c42f7a365513866668be,YES,frozen Standard-V2 authority,ESTABLISHED,MEASURED_FROM_FROZEN_ARTIFACT,Development population only.
R1_CURRENT_STANDARD_V2_20260728,R1_CURRENT_STANDARD_V2_20260728,40052f992871d50984fc4c0c839c4933b772bca2bfcaaaacafcde40d0e8a1800,TRACKING_EVALUATOR_STANDARD_V2,13 videos x 1800 frames; development,true,median_identity_error_episode_seconds,1.7666666666666666,ALL videos,docs/tracking/development_2x2_standard_v2/DEVELOPMENT_2X2_STANDARD_V2_AUTHORITY_20260728.json,00bae01fb0a419df1ad02f868b28a3014ec0539359a9c42f7a365513866668be,YES,frozen Standard-V2 authority,ESTABLISHED,MEASURED_FROM_FROZEN_ARTIFACT,Development population only.
R1_CURRENT_STANDARD_V2_20260728,R1_CURRENT_STANDARD_V2_20260728,40052f992871d50984fc4c0c839c4933b772bca2bfcaaaacafcde40d0e8a1800,TRACKING_EVALUATOR_STANDARD_V2,13 videos x 1800 frames; development,true,median_recovery_latency_seconds,0.0333333333333333,ALL videos,docs/tracking/development_2x2_standard_v2/DEVELOPMENT_2X2_STANDARD_V2_AUTHORITY_20260728.json,00bae01fb0a419df1ad02f868b28a3014ec0539359a9c42f7a365513866668be,YES,frozen Standard-V2 authority,ESTABLISHED,MEASURED_FROM_FROZEN_ARTIFACT,Development population only.
R1_CURRENT_STANDARD_V2_20260728,R1_CURRENT_STANDARD_V2_20260728,40052f992871d50984fc4c0c839c4933b772bca2bfcaaaacafcde40d0e8a1800,TRACKING_EVALUATOR_STANDARD_V2,13 videos x 1800 frames; development,true,p95_identity_error_episode_seconds,57.93333333333333,ALL videos,docs/tracking/development_2x2_standard_v2/DEVELOPMENT_2X2_STANDARD_V2_AUTHORITY_20260728.json,00bae01fb0a419df1ad02f868b28a3014ec0539359a9c42f7a365513866668be,YES,frozen Standard-V2 authority,ESTABLISHED,MEASURED_FROM_FROZEN_ARTIFACT,Development population only.
R1_CURRENT_STANDARD_V2_20260728,R1_CURRENT_STANDARD_V2_20260728,40052f992871d50984fc4c0c839c4933b772bca2bfcaaaacafcde40d0e8a1800,TRACKING_EVALUATOR_STANDARD_V2,13 videos x 1800 frames; development,true,p95_recovery_latency_seconds,0.1333333333333333,ALL videos,docs/tracking/development_2x2_standard_v2/DEVELOPMENT_2X2_STANDARD_V2_AUTHORITY_20260728.json,00bae01fb0a419df1ad02f868b28a3014ec0539359a9c42f7a365513866668be,YES,frozen Standard-V2 authority,ESTABLISHED,MEASURED_FROM_FROZEN_ARTIFACT,Development population only.
R1_CURRENT_STANDARD_V2_20260728,R1_CURRENT_STANDARD_V2_20260728,40052f992871d50984fc4c0c839c4933b772bca2bfcaaaacafcde40d0e8a1800,TRACKING_EVALUATOR_STANDARD_V2,13 videos x 1800 frames; development,true,persistent_pairwise_identity_swap_count,6,ALL videos,docs/tracking/development_2x2_standard_v2/DEVELOPMENT_2X2_STANDARD_V2_AUTHORITY_20260728.json,00bae01fb0a419df1ad02f868b28a3014ec0539359a9c42f7a365513866668be,YES,frozen Standard-V2 authority,ESTABLISHED,MEASURED_FROM_FROZEN_ARTIFACT,Development population only.
R1_CURRENT_STANDARD_V2_20260728,R1_CURRENT_STANDARD_V2_20260728,40052f992871d50984fc4c0c839c4933b772bca2bfcaaaacafcde40d0e8a1800,TRACKING_EVALUATOR_STANDARD_V2,13 videos x 1800 frames; development,true,pred_detections,187076,ALL videos,docs/tracking/development_2x2_standard_v2/DEVELOPMENT_2X2_STANDARD_V2_AUTHORITY_20260728.json,00bae01fb0a419df1ad02f868b28a3014ec0539359a9c42f7a365513866668be,YES,frozen Standard-V2 authority,ESTABLISHED,MEASURED_FROM_FROZEN_ARTIFACT,Development population only.
R1_CURRENT_STANDARD_V2_20260728,R1_CURRENT_STANDARD_V2_20260728,40052f992871d50984fc4c0c839c4933b772bca2bfcaaaacafcde40d0e8a1800,TRACKING_EVALUATOR_STANDARD_V2,13 videos x 1800 frames; development,true,pred_ids,104,ALL videos,docs/tracking/development_2x2_standard_v2/DEVELOPMENT_2X2_STANDARD_V2_AUTHORITY_20260728.json,00bae01fb0a419df1ad02f868b28a3014ec0539359a9c42f7a365513866668be,YES,frozen Standard-V2 authority,ESTABLISHED,MEASURED_FROM_FROZEN_ARTIFACT,Development population only.
R1_CURRENT_STANDARD_V2_20260728,R1_CURRENT_STANDARD_V2_20260728,40052f992871d50984fc4c0c839c4933b772bca2bfcaaaacafcde40d0e8a1800,TRACKING_EVALUATOR_STANDARD_V2,13 videos x 1800 frames; development,true,recovered_identity_error_episode_count,17,ALL videos,docs/tracking/development_2x2_standard_v2/DEVELOPMENT_2X2_STANDARD_V2_AUTHORITY_20260728.json,00bae01fb0a419df1ad02f868b28a3014ec0539359a9c42f7a365513866668be,YES,frozen Standard-V2 authority,ESTABLISHED,MEASURED_FROM_FROZEN_ARTIFACT,Development population only.
R1_CURRENT_STANDARD_V2_20260728,R1_CURRENT_STANDARD_V2_20260728,40052f992871d50984fc4c0c839c4933b772bca2bfcaaaacafcde40d0e8a1800,TRACKING_EVALUATOR_STANDARD_V2,13 videos x 1800 frames; development,true,sequence_count,13,ALL videos,docs/tracking/development_2x2_standard_v2/DEVELOPMENT_2X2_STANDARD_V2_AUTHORITY_20260728.json,00bae01fb0a419df1ad02f868b28a3014ec0539359a9c42f7a365513866668be,YES,frozen Standard-V2 authority,ESTABLISHED,MEASURED_FROM_FROZEN_ARTIFACT,Development population only.
R1_CURRENT_STANDARD_V2_20260728,R1_CURRENT_STANDARD_V2_20260728,40052f992871d50984fc4c0c839c4933b772bca2bfcaaaacafcde40d0e8a1800,TRACKING_EVALUATOR_STANDARD_V2,13 videos x 1800 frames; development,true,terminal_identity_error_episode_count,14,ALL videos,docs/tracking/development_2x2_standard_v2/DEVELOPMENT_2X2_STANDARD_V2_AUTHORITY_20260728.json,00bae01fb0a419df1ad02f868b28a3014ec0539359a9c42f7a365513866668be,YES,frozen Standard-V2 authority,ESTABLISHED,MEASURED_FROM_FROZEN_ARTIFACT,Development population only.
R1_CURRENT_STANDARD_V2_20260728,R1_CURRENT_STANDARD_V2_20260728,40052f992871d50984fc4c0c839c4933b772bca2bfcaaaacafcde40d0e8a1800,TRACKING_EVALUATOR_STANDARD_V2,13 videos x 1800 frames; development,true,tp,186664,ALL videos,docs/tracking/development_2x2_standard_v2/DEVELOPMENT_2X2_STANDARD_V2_AUTHORITY_20260728.json,00bae01fb0a419df1ad02f868b28a3014ec0539359a9c42f7a365513866668be,YES,frozen Standard-V2 authority,ESTABLISHED,MEASURED_FROM_FROZEN_ARTIFACT,Development population only.
R1_CURRENT_STANDARD_V2_20260728,R1_CURRENT_STANDARD_V2_20260728,40052f992871d50984fc4c0c839c4933b772bca2bfcaaaacafcde40d0e8a1800,TRACKING_EVALUATOR_STANDARD_V2,13 videos x 1800 frames; development,true,videos_with_any_identity_error_episode,6,ALL videos,docs/tracking/development_2x2_standard_v2/DEVELOPMENT_2X2_STANDARD_V2_AUTHORITY_20260728.json,00bae01fb0a419df1ad02f868b28a3014ec0539359a9c42f7a365513866668be,YES,frozen Standard-V2 authority,ESTABLISHED,MEASURED_FROM_FROZEN_ARTIFACT,Development population only.
R1_CURRENT_STANDARD_V2_20260728,R1_CURRENT_STANDARD_V2_20260728,40052f992871d50984fc4c0c839c4933b772bca2bfcaaaacafcde40d0e8a1800,TRACKING_EVALUATOR_STANDARD_V2,13 videos x 1800 frames; development,true,videos_with_persistent_pairwise_swap_count,5,ALL videos,docs/tracking/development_2x2_standard_v2/DEVELOPMENT_2X2_STANDARD_V2_AUTHORITY_20260728.json,00bae01fb0a419df1ad02f868b28a3014ec0539359a9c42f7a365513866668be,YES,frozen Standard-V2 authority,ESTABLISHED,MEASURED_FROM_FROZEN_ARTIFACT,Development population only.
R1_CURRENT_STANDARD_V2_20260728,R1_CURRENT_STANDARD_V2_20260728,40052f992871d50984fc4c0c839c4933b772bca2bfcaaaacafcde40d0e8a1800,TRACKING_EVALUATOR_STANDARD_V2,13 videos x 1800 frames; development,true,videos_with_persistent_pairwise_swap_pct,38.46153846153846,ALL videos,docs/tracking/development_2x2_standard_v2/DEVELOPMENT_2X2_STANDARD_V2_AUTHORITY_20260728.json,00bae01fb0a419df1ad02f868b28a3014ec0539359a9c42f7a365513866668be,YES,frozen Standard-V2 authority,ESTABLISHED,MEASURED_FROM_FROZEN_ARTIFACT,Development population only.
R1_CURRENT_STANDARD_V2_20260728,R1_CURRENT_STANDARD_V2_20260728,40052f992871d50984fc4c0c839c4933b772bca2bfcaaaacafcde40d0e8a1800,TRACKING_EVALUATOR_STANDARD_V2,13 videos x 1800 frames; development,true,videos_with_terminal_episode_count,5,ALL videos,docs/tracking/development_2x2_standard_v2/DEVELOPMENT_2X2_STANDARD_V2_AUTHORITY_20260728.json,00bae01fb0a419df1ad02f868b28a3014ec0539359a9c42f7a365513866668be,YES,frozen Standard-V2 authority,ESTABLISHED,MEASURED_FROM_FROZEN_ARTIFACT,Development population only.
R1_CURRENT_STANDARD_V2_20260728,R1_CURRENT_STANDARD_V2_20260728,40052f992871d50984fc4c0c839c4933b772bca2bfcaaaacafcde40d0e8a1800,TRACKING_EVALUATOR_STANDARD_V2,13 videos x 1800 frames; development,true,videos_with_terminal_episode_pct,38.46153846153846,ALL videos,docs/tracking/development_2x2_standard_v2/DEVELOPMENT_2X2_STANDARD_V2_AUTHORITY_20260728.json,00bae01fb0a419df1ad02f868b28a3014ec0539359a9c42f7a365513866668be,YES,frozen Standard-V2 authority,ESTABLISHED,MEASURED_FROM_FROZEN_ARTIFACT,Development population only.
R1_CURRENT_STANDARD_V2_20260728,R1_CURRENT_STANDARD_V2_20260728,40052f992871d50984fc4c0c839c4933b772bca2bfcaaaacafcde40d0e8a1800,TRACKING_EVALUATOR_STANDARD_V2,13 videos x 1800 frames; development,true,visible_gt_rows,182689,ALL videos,docs/tracking/development_2x2_standard_v2/DEVELOPMENT_2X2_STANDARD_V2_AUTHORITY_20260728.json,00bae01fb0a419df1ad02f868b28a3014ec0539359a9c42f7a365513866668be,YES,frozen Standard-V2 authority,ESTABLISHED,MEASURED_FROM_FROZEN_ARTIFACT,Development population only.
R1_CURRENT_STANDARD_V2_20260728,R1_CURRENT_STANDARD_V2_20260728,40052f992871d50984fc4c0c839c4933b772bca2bfcaaaacafcde40d0e8a1800,TRACKING_EVALUATOR_STANDARD_V2,13 videos x 1800 frames; development,true,wrong_id_matched_frames,14515,ALL videos,docs/tracking/development_2x2_standard_v2/DEVELOPMENT_2X2_STANDARD_V2_AUTHORITY_20260728.json,00bae01fb0a419df1ad02f868b28a3014ec0539359a9c42f7a365513866668be,YES,frozen Standard-V2 authority,ESTABLISHED,MEASURED_FROM_FROZEN_ARTIFACT,Development population only.
R1_CURRENT_STANDARD_V2_20260728,R1_CURRENT_STANDARD_V2_20260728,40052f992871d50984fc4c0c839c4933b772bca2bfcaaaacafcde40d0e8a1800,TRACKING_EVALUATOR_STANDARD_V2,13 videos x 1800 frames; development,true,wrong_id_matched_frames_per_1000_authoritative_matched_gt_frames,77.76003942913471,ALL videos,docs/tracking/development_2x2_standard_v2/DEVELOPMENT_2X2_STANDARD_V2_AUTHORITY_20260728.json,00bae01fb0a419df1ad02f868b28a3014ec0539359a9c42f7a365513866668be,YES,frozen Standard-V2 authority,ESTABLISHED,MEASURED_FROM_FROZEN_ARTIFACT,Development population only.
R1_CURRENT_STANDARD_V2_20260728,R1_CURRENT_STANDARD_V2_20260728,40052f992871d50984fc4c0c839c4933b772bca2bfcaaaacafcde40d0e8a1800,TRACKING_EVALUATOR_STANDARD_V2,13 videos x 1800 frames; development,true,wrong_id_matched_seconds,483.83333333350265,ALL videos,docs/tracking/development_2x2_standard_v2/DEVELOPMENT_2X2_STANDARD_V2_AUTHORITY_20260728.json,00bae01fb0a419df1ad02f868b28a3014ec0539359a9c42f7a365513866668be,YES,frozen Standard-V2 authority,ESTABLISHED,MEASURED_FROM_FROZEN_ARTIFACT,Development population only.
HISTORICAL_H5B_H4_20260719,20260719_h5b_h4_full13_combined_v2,36c3bdd3f6d92c0c5336590dbf4c8822402d718ec47df2b137cef862339d5b8a,TRACKING_EVALUATOR_STANDARD_V2,13 videos x 1800 frames; development,true,ambiguous_identity_rows,0,ALL videos,docs/tracking/historical_h5b_h4_standard_v2/HISTORICAL_H5B_H4_STANDARD_V2_AUTHORITY_20260728.json,d547af73e80643b5490c42eaefc34682bd0bc9e214409b5b4d889e73bfdec681,YES,corrective Standard-V2 evaluation,ESTABLISHED,MEASURED_FROM_FROZEN_ARTIFACT,Development population only.
HISTORICAL_H5B_H4_20260719,20260719_h5b_h4_full13_combined_v2,36c3bdd3f6d92c0c5336590dbf4c8822402d718ec47df2b137cef862339d5b8a,TRACKING_EVALUATOR_STANDARD_V2,13 videos x 1800 frames; development,true,assa,0.9119035496598343,ALL videos,docs/tracking/historical_h5b_h4_standard_v2/HISTORICAL_H5B_H4_STANDARD_V2_AUTHORITY_20260728.json,d547af73e80643b5490c42eaefc34682bd0bc9e214409b5b4d889e73bfdec681,YES,corrective Standard-V2 evaluation,ESTABLISHED,MEASURED_FROM_FROZEN_ARTIFACT,Development population only.
HISTORICAL_H5B_H4_20260719,20260719_h5b_h4_full13_combined_v2,36c3bdd3f6d92c0c5336590dbf4c8822402d718ec47df2b137cef862339d5b8a,TRACKING_EVALUATOR_STANDARD_V2,13 videos x 1800 frames; development,true,authoritative_gt_trajectories,104,ALL videos,docs/tracking/historical_h5b_h4_standard_v2/HISTORICAL_H5B_H4_STANDARD_V2_AUTHORITY_20260728.json,d547af73e80643b5490c42eaefc34682bd0bc9e214409b5b4d889e73bfdec681,YES,corrective Standard-V2 evaluation,ESTABLISHED,MEASURED_FROM_FROZEN_ARTIFACT,Development population only.
HISTORICAL_H5B_H4_20260719,20260719_h5b_h4_full13_combined_v2,36c3bdd3f6d92c0c5336590dbf4c8822402d718ec47df2b137cef862339d5b8a,TRACKING_EVALUATOR_STANDARD_V2,13 videos x 1800 frames; development,true,authoritative_matched_gt_frames,185621,ALL videos,docs/tracking/historical_h5b_h4_standard_v2/HISTORICAL_H5B_H4_STANDARD_V2_AUTHORITY_20260728.json,d547af73e80643b5490c42eaefc34682bd0bc9e214409b5b4d889e73bfdec681,YES,corrective Standard-V2 evaluation,ESTABLISHED,MEASURED_FROM_FROZEN_ARTIFACT,Development population only.
HISTORICAL_H5B_H4_20260719,20260719_h5b_h4_full13_combined_v2,36c3bdd3f6d92c0c5336590dbf4c8822402d718ec47df2b137cef862339d5b8a,TRACKING_EVALUATOR_STANDARD_V2,13 videos x 1800 frames; development,true,censored_identity_error_episode_count,0,ALL videos,docs/tracking/historical_h5b_h4_standard_v2/HISTORICAL_H5B_H4_STANDARD_V2_AUTHORITY_20260728.json,d547af73e80643b5490c42eaefc34682bd0bc9e214409b5b4d889e73bfdec681,YES,corrective Standard-V2 evaluation,ESTABLISHED,MEASURED_FROM_FROZEN_ARTIFACT,Development population only.
HISTORICAL_H5B_H4_20260719,20260719_h5b_h4_full13_combined_v2,36c3bdd3f6d92c0c5336590dbf4c8822402d718ec47df2b137cef862339d5b8a,TRACKING_EVALUATOR_STANDARD_V2,13 videos x 1800 frames; development,true,deta,0.8897945412373369,ALL videos,docs/tracking/historical_h5b_h4_standard_v2/HISTORICAL_H5B_H4_STANDARD_V2_AUTHORITY_20260728.json,d547af73e80643b5490c42eaefc34682bd0bc9e214409b5b4d889e73bfdec681,YES,corrective Standard-V2 evaluation,ESTABLISHED,MEASURED_FROM_FROZEN_ARTIFACT,Development population only.
HISTORICAL_H5B_H4_20260719,20260719_h5b_h4_full13_combined_v2,36c3bdd3f6d92c0c5336590dbf4c8822402d718ec47df2b137cef862339d5b8a,TRACKING_EVALUATOR_STANDARD_V2,13 videos x 1800 frames; development,true,detection_precision,0.9915651709401709,ALL videos,docs/tracking/historical_h5b_h4_standard_v2/HISTORICAL_H5B_H4_STANDARD_V2_AUTHORITY_20260728.json,d547af73e80643b5490c42eaefc34682bd0bc9e214409b5b4d889e73bfdec681,YES,corrective Standard-V2 evaluation,ESTABLISHED,MEASURED_FROM_FROZEN_ARTIFACT,Development population only.
HISTORICAL_H5B_H4_20260719,20260719_h5b_h4_full13_combined_v2,36c3bdd3f6d92c0c5336590dbf4c8822402d718ec47df2b137cef862339d5b8a,TRACKING_EVALUATOR_STANDARD_V2,13 videos x 1800 frames; development,true,detection_recall,0.9915651709401709,ALL videos,docs/tracking/historical_h5b_h4_standard_v2/HISTORICAL_H5B_H4_STANDARD_V2_AUTHORITY_20260728.json,d547af73e80643b5490c42eaefc34682bd0bc9e214409b5b4d889e73bfdec681,YES,corrective Standard-V2 evaluation,ESTABLISHED,MEASURED_FROM_FROZEN_ARTIFACT,Development population only.
HISTORICAL_H5B_H4_20260719,20260719_h5b_h4_full13_combined_v2,36c3bdd3f6d92c0c5336590dbf4c8822402d718ec47df2b137cef862339d5b8a,TRACKING_EVALUATOR_STANDARD_V2,13 videos x 1800 frames; development,true,evaluated_frames,23400,ALL videos,docs/tracking/historical_h5b_h4_standard_v2/HISTORICAL_H5B_H4_STANDARD_V2_AUTHORITY_20260728.json,d547af73e80643b5490c42eaefc34682bd0bc9e214409b5b4d889e73bfdec681,YES,corrective Standard-V2 evaluation,ESTABLISHED,MEASURED_FROM_FROZEN_ARTIFACT,Development population only.
HISTORICAL_H5B_H4_20260719,20260719_h5b_h4_full13_combined_v2,36c3bdd3f6d92c0c5336590dbf4c8822402d718ec47df2b137cef862339d5b8a,TRACKING_EVALUATOR_STANDARD_V2,13 videos x 1800 frames; development,true,evaluated_hidden_rows,4511,ALL videos,docs/tracking/historical_h5b_h4_standard_v2/HISTORICAL_H5B_H4_STANDARD_V2_AUTHORITY_20260728.json,d547af73e80643b5490c42eaefc34682bd0bc9e214409b5b4d889e73bfdec681,YES,corrective Standard-V2 evaluation,ESTABLISHED,MEASURED_FROM_FROZEN_ARTIFACT,Development population only.
HISTORICAL_H5B_H4_20260719,20260719_h5b_h4_full13_combined_v2,36c3bdd3f6d92c0c5336590dbf4c8822402d718ec47df2b137cef862339d5b8a,TRACKING_EVALUATOR_STANDARD_V2,13 videos x 1800 frames; development,true,evaluated_visible_rows,182689,ALL videos,docs/tracking/historical_h5b_h4_standard_v2/HISTORICAL_H5B_H4_STANDARD_V2_AUTHORITY_20260728.json,d547af73e80643b5490c42eaefc34682bd0bc9e214409b5b4d889e73bfdec681,YES,corrective Standard-V2 evaluation,ESTABLISHED,MEASURED_FROM_FROZEN_ARTIFACT,Development population only.
HISTORICAL_H5B_H4_20260719,20260719_h5b_h4_full13_combined_v2,36c3bdd3f6d92c0c5336590dbf4c8822402d718ec47df2b137cef862339d5b8a,TRACKING_EVALUATOR_STANDARD_V2,13 videos x 1800 frames; development,true,fn,1579,ALL videos,docs/tracking/historical_h5b_h4_standard_v2/HISTORICAL_H5B_H4_STANDARD_V2_AUTHORITY_20260728.json,d547af73e80643b5490c42eaefc34682bd0bc9e214409b5b4d889e73bfdec681,YES,corrective Standard-V2 evaluation,ESTABLISHED,MEASURED_FROM_FROZEN_ARTIFACT,Development population only.
HISTORICAL_H5B_H4_20260719,20260719_h5b_h4_full13_combined_v2,36c3bdd3f6d92c0c5336590dbf4c8822402d718ec47df2b137cef862339d5b8a,TRACKING_EVALUATOR_STANDARD_V2,13 videos x 1800 frames; development,true,fp,1579,ALL videos,docs/tracking/historical_h5b_h4_standard_v2/HISTORICAL_H5B_H4_STANDARD_V2_AUTHORITY_20260728.json,d547af73e80643b5490c42eaefc34682bd0bc9e214409b5b4d889e73bfdec681,YES,corrective Standard-V2 evaluation,ESTABLISHED,MEASURED_FROM_FROZEN_ARTIFACT,Development population only.
HISTORICAL_H5B_H4_20260719,20260719_h5b_h4_full13_combined_v2,36c3bdd3f6d92c0c5336590dbf4c8822402d718ec47df2b137cef862339d5b8a,TRACKING_EVALUATOR_STANDARD_V2,13 videos x 1800 frames; development,true,fragments,425,ALL videos,docs/tracking/historical_h5b_h4_standard_v2/HISTORICAL_H5B_H4_STANDARD_V2_AUTHORITY_20260728.json,d547af73e80643b5490c42eaefc34682bd0bc9e214409b5b4d889e73bfdec681,YES,corrective Standard-V2 evaluation,ESTABLISHED,MEASURED_FROM_FROZEN_ARTIFACT,Development population only.
HISTORICAL_H5B_H4_20260719,20260719_h5b_h4_full13_combined_v2,36c3bdd3f6d92c0c5336590dbf4c8822402d718ec47df2b137cef862339d5b8a,TRACKING_EVALUATOR_STANDARD_V2,13 videos x 1800 frames; development,true,gt_detections,187200,ALL videos,docs/tracking/historical_h5b_h4_standard_v2/HISTORICAL_H5B_H4_STANDARD_V2_AUTHORITY_20260728.json,d547af73e80643b5490c42eaefc34682bd0bc9e214409b5b4d889e73bfdec681,YES,corrective Standard-V2 evaluation,ESTABLISHED,MEASURED_FROM_FROZEN_ARTIFACT,Development population only.
HISTORICAL_H5B_H4_20260719,20260719_h5b_h4_full13_combined_v2,36c3bdd3f6d92c0c5336590dbf4c8822402d718ec47df2b137cef862339d5b8a,TRACKING_EVALUATOR_STANDARD_V2,13 videos x 1800 frames; development,true,gt_ids,104,ALL videos,docs/tracking/historical_h5b_h4_standard_v2/HISTORICAL_H5B_H4_STANDARD_V2_AUTHORITY_20260728.json,d547af73e80643b5490c42eaefc34682bd0bc9e214409b5b4d889e73bfdec681,YES,corrective Standard-V2 evaluation,ESTABLISHED,MEASURED_FROM_FROZEN_ARTIFACT,Development population only.
HISTORICAL_H5B_H4_20260719,20260719_h5b_h4_full13_combined_v2,36c3bdd3f6d92c0c5336590dbf4c8822402d718ec47df2b137cef862339d5b8a,TRACKING_EVALUATOR_STANDARD_V2,13 videos x 1800 frames; development,true,gt_trajectories_with_identity_error_count,2,ALL videos,docs/tracking/historical_h5b_h4_standard_v2/HISTORICAL_H5B_H4_STANDARD_V2_AUTHORITY_20260728.json,d547af73e80643b5490c42eaefc34682bd0bc9e214409b5b4d889e73bfdec681,YES,corrective Standard-V2 evaluation,ESTABLISHED,MEASURED_FROM_FROZEN_ARTIFACT,Development population only.
HISTORICAL_H5B_H4_20260719,20260719_h5b_h4_full13_combined_v2,36c3bdd3f6d92c0c5336590dbf4c8822402d718ec47df2b137cef862339d5b8a,TRACKING_EVALUATOR_STANDARD_V2,13 videos x 1800 frames; development,true,gt_trajectories_with_identity_error_pct,1.9230769230769231,ALL videos,docs/tracking/historical_h5b_h4_standard_v2/HISTORICAL_H5B_H4_STANDARD_V2_AUTHORITY_20260728.json,d547af73e80643b5490c42eaefc34682bd0bc9e214409b5b4d889e73bfdec681,YES,corrective Standard-V2 evaluation,ESTABLISHED,MEASURED_FROM_FROZEN_ARTIFACT,Development population only.
HISTORICAL_H5B_H4_20260719,20260719_h5b_h4_full13_combined_v2,36c3bdd3f6d92c0c5336590dbf4c8822402d718ec47df2b137cef862339d5b8a,TRACKING_EVALUATOR_STANDARD_V2,13 videos x 1800 frames; development,true,hidden_gt_rows,4511,ALL videos,docs/tracking/historical_h5b_h4_standard_v2/HISTORICAL_H5B_H4_STANDARD_V2_AUTHORITY_20260728.json,d547af73e80643b5490c42eaefc34682bd0bc9e214409b5b4d889e73bfdec681,YES,corrective Standard-V2 evaluation,ESTABLISHED,MEASURED_FROM_FROZEN_ARTIFACT,Development population only.
HISTORICAL_H5B_H4_20260719,20260719_h5b_h4_full13_combined_v2,36c3bdd3f6d92c0c5336590dbf4c8822402d718ec47df2b137cef862339d5b8a,TRACKING_EVALUATOR_STANDARD_V2,13 videos x 1800 frames; development,true,hidden_prediction_rows,2310,ALL videos,docs/tracking/historical_h5b_h4_standard_v2/HISTORICAL_H5B_H4_STANDARD_V2_AUTHORITY_20260728.json,d547af73e80643b5490c42eaefc34682bd0bc9e214409b5b4d889e73bfdec681,YES,corrective Standard-V2 evaluation,ESTABLISHED,MEASURED_FROM_FROZEN_ARTIFACT,Development population only.
HISTORICAL_H5B_H4_20260719,20260719_h5b_h4_full13_combined_v2,36c3bdd3f6d92c0c5336590dbf4c8822402d718ec47df2b137cef862339d5b8a,TRACKING_EVALUATOR_STANDARD_V2,13 videos x 1800 frames; development,true,hota,0.9002906560906596,ALL videos,docs/tracking/historical_h5b_h4_standard_v2/HISTORICAL_H5B_H4_STANDARD_V2_AUTHORITY_20260728.json,d547af73e80643b5490c42eaefc34682bd0bc9e214409b5b4d889e73bfdec681,YES,corrective Standard-V2 evaluation,ESTABLISHED,MEASURED_FROM_FROZEN_ARTIFACT,Development population only.
HISTORICAL_H5B_H4_20260719,20260719_h5b_h4_full13_combined_v2,36c3bdd3f6d92c0c5336590dbf4c8822402d718ec47df2b137cef862339d5b8a,TRACKING_EVALUATOR_STANDARD_V2,13 videos x 1800 frames; development,true,hota_at_alpha_050_diagnostic,0.9835275694642763,ALL videos,docs/tracking/historical_h5b_h4_standard_v2/HISTORICAL_H5B_H4_STANDARD_V2_AUTHORITY_20260728.json,d547af73e80643b5490c42eaefc34682bd0bc9e214409b5b4d889e73bfdec681,YES,corrective Standard-V2 evaluation,ESTABLISHED,MEASURED_FROM_FROZEN_ARTIFACT,Development population only.
HISTORICAL_H5B_H4_20260719,20260719_h5b_h4_full13_combined_v2,36c3bdd3f6d92c0c5336590dbf4c8822402d718ec47df2b137cef862339d5b8a,TRACKING_EVALUATOR_STANDARD_V2,13 videos x 1800 frames; development,true,id_precision,0.9915010683760683,ALL videos,docs/tracking/historical_h5b_h4_standard_v2/HISTORICAL_H5B_H4_STANDARD_V2_AUTHORITY_20260728.json,d547af73e80643b5490c42eaefc34682bd0bc9e214409b5b4d889e73bfdec681,YES,corrective Standard-V2 evaluation,ESTABLISHED,MEASURED_FROM_FROZEN_ARTIFACT,Development population only.
HISTORICAL_H5B_H4_20260719,20260719_h5b_h4_full13_combined_v2,36c3bdd3f6d92c0c5336590dbf4c8822402d718ec47df2b137cef862339d5b8a,TRACKING_EVALUATOR_STANDARD_V2,13 videos x 1800 frames; development,true,id_recall,0.9915010683760683,ALL videos,docs/tracking/historical_h5b_h4_standard_v2/HISTORICAL_H5B_H4_STANDARD_V2_AUTHORITY_20260728.json,d547af73e80643b5490c42eaefc34682bd0bc9e214409b5b4d889e73bfdec681,YES,corrective Standard-V2 evaluation,ESTABLISHED,MEASURED_FROM_FROZEN_ARTIFACT,Development population only.
HISTORICAL_H5B_H4_20260719,20260719_h5b_h4_full13_combined_v2,36c3bdd3f6d92c0c5336590dbf4c8822402d718ec47df2b137cef862339d5b8a,TRACKING_EVALUATOR_STANDARD_V2,13 videos x 1800 frames; development,true,identity_error_episode_count,8,ALL videos,docs/tracking/historical_h5b_h4_standard_v2/HISTORICAL_H5B_H4_STANDARD_V2_AUTHORITY_20260728.json,d547af73e80643b5490c42eaefc34682bd0bc9e214409b5b4d889e73bfdec681,YES,corrective Standard-V2 evaluation,ESTABLISHED,MEASURED_FROM_FROZEN_ARTIFACT,Development population only.
HISTORICAL_H5B_H4_20260719,20260719_h5b_h4_full13_combined_v2,36c3bdd3f6d92c0c5336590dbf4c8822402d718ec47df2b137cef862339d5b8a,TRACKING_EVALUATOR_STANDARD_V2,13 videos x 1800 frames; development,true,idf1,0.9915010683760683,ALL videos,docs/tracking/historical_h5b_h4_standard_v2/HISTORICAL_H5B_H4_STANDARD_V2_AUTHORITY_20260728.json,d547af73e80643b5490c42eaefc34682bd0bc9e214409b5b4d889e73bfdec681,YES,corrective Standard-V2 evaluation,ESTABLISHED,MEASURED_FROM_FROZEN_ARTIFACT,Development population only.
HISTORICAL_H5B_H4_20260719,20260719_h5b_h4_full13_combined_v2,36c3bdd3f6d92c0c5336590dbf4c8822402d718ec47df2b137cef862339d5b8a,TRACKING_EVALUATOR_STANDARD_V2,13 videos x 1800 frames; development,true,idfn,1591,ALL videos,docs/tracking/historical_h5b_h4_standard_v2/HISTORICAL_H5B_H4_STANDARD_V2_AUTHORITY_20260728.json,d547af73e80643b5490c42eaefc34682bd0bc9e214409b5b4d889e73bfdec681,YES,corrective Standard-V2 evaluation,ESTABLISHED,MEASURED_FROM_FROZEN_ARTIFACT,Development population only.
HISTORICAL_H5B_H4_20260719,20260719_h5b_h4_full13_combined_v2,36c3bdd3f6d92c0c5336590dbf4c8822402d718ec47df2b137cef862339d5b8a,TRACKING_EVALUATOR_STANDARD_V2,13 videos x 1800 frames; development,true,idfp,1591,ALL videos,docs/tracking/historical_h5b_h4_standard_v2/HISTORICAL_H5B_H4_STANDARD_V2_AUTHORITY_20260728.json,d547af73e80643b5490c42eaefc34682bd0bc9e214409b5b4d889e73bfdec681,YES,corrective Standard-V2 evaluation,ESTABLISHED,MEASURED_FROM_FROZEN_ARTIFACT,Development population only.
HISTORICAL_H5B_H4_20260719,20260719_h5b_h4_full13_combined_v2,36c3bdd3f6d92c0c5336590dbf4c8822402d718ec47df2b137cef862339d5b8a,TRACKING_EVALUATOR_STANDARD_V2,13 videos x 1800 frames; development,true,idsw_standard,0,ALL videos,docs/tracking/historical_h5b_h4_standard_v2/HISTORICAL_H5B_H4_STANDARD_V2_AUTHORITY_20260728.json,d547af73e80643b5490c42eaefc34682bd0bc9e214409b5b4d889e73bfdec681,YES,corrective Standard-V2 evaluation,ESTABLISHED,MEASURED_FROM_FROZEN_ARTIFACT,Development population only.
HISTORICAL_H5B_H4_20260719,20260719_h5b_h4_full13_combined_v2,36c3bdd3f6d92c0c5336590dbf4c8822402d718ec47df2b137cef862339d5b8a,TRACKING_EVALUATOR_STANDARD_V2,13 videos x 1800 frames; development,true,idsw_standard_per_1000_authoritative_matched_gt_frames,0.0,ALL videos,docs/tracking/historical_h5b_h4_standard_v2/HISTORICAL_H5B_H4_STANDARD_V2_AUTHORITY_20260728.json,d547af73e80643b5490c42eaefc34682bd0bc9e214409b5b4d889e73bfdec681,YES,corrective Standard-V2 evaluation,ESTABLISHED,MEASURED_FROM_FROZEN_ARTIFACT,Development population only.
HISTORICAL_H5B_H4_20260719,20260719_h5b_h4_full13_combined_v2,36c3bdd3f6d92c0c5336590dbf4c8822402d718ec47df2b137cef862339d5b8a,TRACKING_EVALUATOR_STANDARD_V2,13 videos x 1800 frames; development,true,idtp,185609,ALL videos,docs/tracking/historical_h5b_h4_standard_v2/HISTORICAL_H5B_H4_STANDARD_V2_AUTHORITY_20260728.json,d547af73e80643b5490c42eaefc34682bd0bc9e214409b5b4d889e73bfdec681,YES,corrective Standard-V2 evaluation,ESTABLISHED,MEASURED_FROM_FROZEN_ARTIFACT,Development population only.
HISTORICAL_H5B_H4_20260719,20260719_h5b_h4_full13_combined_v2,36c3bdd3f6d92c0c5336590dbf4c8822402d718ec47df2b137cef862339d5b8a,TRACKING_EVALUATOR_STANDARD_V2,13 videos x 1800 frames; development,true,loca,0.9296724339629265,ALL videos,docs/tracking/historical_h5b_h4_standard_v2/HISTORICAL_H5B_H4_STANDARD_V2_AUTHORITY_20260728.json,d547af73e80643b5490c42eaefc34682bd0bc9e214409b5b4d889e73bfdec681,YES,corrective Standard-V2 evaluation,ESTABLISHED,MEASURED_FROM_FROZEN_ARTIFACT,Development population only.
HISTORICAL_H5B_H4_20260719,20260719_h5b_h4_full13_combined_v2,36c3bdd3f6d92c0c5336590dbf4c8822402d718ec47df2b137cef862339d5b8a,TRACKING_EVALUATOR_STANDARD_V2,13 videos x 1800 frames; development,true,max_identity_error_episode_seconds,0.13333333333333333,ALL videos,docs/tracking/historical_h5b_h4_standard_v2/HISTORICAL_H5B_H4_STANDARD_V2_AUTHORITY_20260728.json,d547af73e80643b5490c42eaefc34682bd0bc9e214409b5b4d889e73bfdec681,YES,corrective Standard-V2 evaluation,ESTABLISHED,MEASURED_FROM_FROZEN_ARTIFACT,Development population only.
HISTORICAL_H5B_H4_20260719,20260719_h5b_h4_full13_combined_v2,36c3bdd3f6d92c0c5336590dbf4c8822402d718ec47df2b137cef862339d5b8a,TRACKING_EVALUATOR_STANDARD_V2,13 videos x 1800 frames; development,true,maximum_recovery_latency_seconds,0.03333333333333333,ALL videos,docs/tracking/historical_h5b_h4_standard_v2/HISTORICAL_H5B_H4_STANDARD_V2_AUTHORITY_20260728.json,d547af73e80643b5490c42eaefc34682bd0bc9e214409b5b4d889e73bfdec681,YES,corrective Standard-V2 evaluation,ESTABLISHED,MEASURED_FROM_FROZEN_ARTIFACT,Development population only.
HISTORICAL_H5B_H4_20260719,20260719_h5b_h4_full13_combined_v2,36c3bdd3f6d92c0c5336590dbf4c8822402d718ec47df2b137cef862339d5b8a,TRACKING_EVALUATOR_STANDARD_V2,13 videos x 1800 frames; development,true,median_identity_error_episode_seconds,0.1,ALL videos,docs/tracking/historical_h5b_h4_standard_v2/HISTORICAL_H5B_H4_STANDARD_V2_AUTHORITY_20260728.json,d547af73e80643b5490c42eaefc34682bd0bc9e214409b5b4d889e73bfdec681,YES,corrective Standard-V2 evaluation,ESTABLISHED,MEASURED_FROM_FROZEN_ARTIFACT,Development population only.
HISTORICAL_H5B_H4_20260719,20260719_h5b_h4_full13_combined_v2,36c3bdd3f6d92c0c5336590dbf4c8822402d718ec47df2b137cef862339d5b8a,TRACKING_EVALUATOR_STANDARD_V2,13 videos x 1800 frames; development,true,median_recovery_latency_seconds,0.03333333333333333,ALL videos,docs/tracking/historical_h5b_h4_standard_v2/HISTORICAL_H5B_H4_STANDARD_V2_AUTHORITY_20260728.json,d547af73e80643b5490c42eaefc34682bd0bc9e214409b5b4d889e73bfdec681,YES,corrective Standard-V2 evaluation,ESTABLISHED,MEASURED_FROM_FROZEN_ARTIFACT,Development population only.
HISTORICAL_H5B_H4_20260719,20260719_h5b_h4_full13_combined_v2,36c3bdd3f6d92c0c5336590dbf4c8822402d718ec47df2b137cef862339d5b8a,TRACKING_EVALUATOR_STANDARD_V2,13 videos x 1800 frames; development,true,p95_identity_error_episode_seconds,0.13333333333333333,ALL videos,docs/tracking/historical_h5b_h4_standard_v2/HISTORICAL_H5B_H4_STANDARD_V2_AUTHORITY_20260728.json,d547af73e80643b5490c42eaefc34682bd0bc9e214409b5b4d889e73bfdec681,YES,corrective Standard-V2 evaluation,ESTABLISHED,MEASURED_FROM_FROZEN_ARTIFACT,Development population only.
HISTORICAL_H5B_H4_20260719,20260719_h5b_h4_full13_combined_v2,36c3bdd3f6d92c0c5336590dbf4c8822402d718ec47df2b137cef862339d5b8a,TRACKING_EVALUATOR_STANDARD_V2,13 videos x 1800 frames; development,true,p95_recovery_latency_seconds,0.03333333333333333,ALL videos,docs/tracking/historical_h5b_h4_standard_v2/HISTORICAL_H5B_H4_STANDARD_V2_AUTHORITY_20260728.json,d547af73e80643b5490c42eaefc34682bd0bc9e214409b5b4d889e73bfdec681,YES,corrective Standard-V2 evaluation,ESTABLISHED,MEASURED_FROM_FROZEN_ARTIFACT,Development population only.
HISTORICAL_H5B_H4_20260719,20260719_h5b_h4_full13_combined_v2,36c3bdd3f6d92c0c5336590dbf4c8822402d718ec47df2b137cef862339d5b8a,TRACKING_EVALUATOR_STANDARD_V2,13 videos x 1800 frames; development,true,persistent_pairwise_identity_swap_count,0,ALL videos,docs/tracking/historical_h5b_h4_standard_v2/HISTORICAL_H5B_H4_STANDARD_V2_AUTHORITY_20260728.json,d547af73e80643b5490c42eaefc34682bd0bc9e214409b5b4d889e73bfdec681,YES,corrective Standard-V2 evaluation,ESTABLISHED,MEASURED_FROM_FROZEN_ARTIFACT,Development population only.
HISTORICAL_H5B_H4_20260719,20260719_h5b_h4_full13_combined_v2,36c3bdd3f6d92c0c5336590dbf4c8822402d718ec47df2b137cef862339d5b8a,TRACKING_EVALUATOR_STANDARD_V2,13 videos x 1800 frames; development,true,pred_detections,187200,ALL videos,docs/tracking/historical_h5b_h4_standard_v2/HISTORICAL_H5B_H4_STANDARD_V2_AUTHORITY_20260728.json,d547af73e80643b5490c42eaefc34682bd0bc9e214409b5b4d889e73bfdec681,YES,corrective Standard-V2 evaluation,ESTABLISHED,MEASURED_FROM_FROZEN_ARTIFACT,Development population only.
HISTORICAL_H5B_H4_20260719,20260719_h5b_h4_full13_combined_v2,36c3bdd3f6d92c0c5336590dbf4c8822402d718ec47df2b137cef862339d5b8a,TRACKING_EVALUATOR_STANDARD_V2,13 videos x 1800 frames; development,true,pred_ids,104,ALL videos,docs/tracking/historical_h5b_h4_standard_v2/HISTORICAL_H5B_H4_STANDARD_V2_AUTHORITY_20260728.json,d547af73e80643b5490c42eaefc34682bd0bc9e214409b5b4d889e73bfdec681,YES,corrective Standard-V2 evaluation,ESTABLISHED,MEASURED_FROM_FROZEN_ARTIFACT,Development population only.
HISTORICAL_H5B_H4_20260719,20260719_h5b_h4_full13_combined_v2,36c3bdd3f6d92c0c5336590dbf4c8822402d718ec47df2b137cef862339d5b8a,TRACKING_EVALUATOR_STANDARD_V2,13 videos x 1800 frames; development,true,recovered_identity_error_episode_count,8,ALL videos,docs/tracking/historical_h5b_h4_standard_v2/HISTORICAL_H5B_H4_STANDARD_V2_AUTHORITY_20260728.json,d547af73e80643b5490c42eaefc34682bd0bc9e214409b5b4d889e73bfdec681,YES,corrective Standard-V2 evaluation,ESTABLISHED,MEASURED_FROM_FROZEN_ARTIFACT,Development population only.
HISTORICAL_H5B_H4_20260719,20260719_h5b_h4_full13_combined_v2,36c3bdd3f6d92c0c5336590dbf4c8822402d718ec47df2b137cef862339d5b8a,TRACKING_EVALUATOR_STANDARD_V2,13 videos x 1800 frames; development,true,sequence_count,13,ALL videos,docs/tracking/historical_h5b_h4_standard_v2/HISTORICAL_H5B_H4_STANDARD_V2_AUTHORITY_20260728.json,d547af73e80643b5490c42eaefc34682bd0bc9e214409b5b4d889e73bfdec681,YES,corrective Standard-V2 evaluation,ESTABLISHED,MEASURED_FROM_FROZEN_ARTIFACT,Development population only.
HISTORICAL_H5B_H4_20260719,20260719_h5b_h4_full13_combined_v2,36c3bdd3f6d92c0c5336590dbf4c8822402d718ec47df2b137cef862339d5b8a,TRACKING_EVALUATOR_STANDARD_V2,13 videos x 1800 frames; development,true,terminal_identity_error_episode_count,0,ALL videos,docs/tracking/historical_h5b_h4_standard_v2/HISTORICAL_H5B_H4_STANDARD_V2_AUTHORITY_20260728.json,d547af73e80643b5490c42eaefc34682bd0bc9e214409b5b4d889e73bfdec681,YES,corrective Standard-V2 evaluation,ESTABLISHED,MEASURED_FROM_FROZEN_ARTIFACT,Development population only.
HISTORICAL_H5B_H4_20260719,20260719_h5b_h4_full13_combined_v2,36c3bdd3f6d92c0c5336590dbf4c8822402d718ec47df2b137cef862339d5b8a,TRACKING_EVALUATOR_STANDARD_V2,13 videos x 1800 frames; development,true,tp,185621,ALL videos,docs/tracking/historical_h5b_h4_standard_v2/HISTORICAL_H5B_H4_STANDARD_V2_AUTHORITY_20260728.json,d547af73e80643b5490c42eaefc34682bd0bc9e214409b5b4d889e73bfdec681,YES,corrective Standard-V2 evaluation,ESTABLISHED,MEASURED_FROM_FROZEN_ARTIFACT,Development population only.
HISTORICAL_H5B_H4_20260719,20260719_h5b_h4_full13_combined_v2,36c3bdd3f6d92c0c5336590dbf4c8822402d718ec47df2b137cef862339d5b8a,TRACKING_EVALUATOR_STANDARD_V2,13 videos x 1800 frames; development,true,videos_with_any_identity_error_episode,1,ALL videos,docs/tracking/historical_h5b_h4_standard_v2/HISTORICAL_H5B_H4_STANDARD_V2_AUTHORITY_20260728.json,d547af73e80643b5490c42eaefc34682bd0bc9e214409b5b4d889e73bfdec681,YES,corrective Standard-V2 evaluation,ESTABLISHED,MEASURED_FROM_FROZEN_ARTIFACT,Development population only.
HISTORICAL_H5B_H4_20260719,20260719_h5b_h4_full13_combined_v2,36c3bdd3f6d92c0c5336590dbf4c8822402d718ec47df2b137cef862339d5b8a,TRACKING_EVALUATOR_STANDARD_V2,13 videos x 1800 frames; development,true,videos_with_persistent_pairwise_swap_count,0,ALL videos,docs/tracking/historical_h5b_h4_standard_v2/HISTORICAL_H5B_H4_STANDARD_V2_AUTHORITY_20260728.json,d547af73e80643b5490c42eaefc34682bd0bc9e214409b5b4d889e73bfdec681,YES,corrective Standard-V2 evaluation,ESTABLISHED,MEASURED_FROM_FROZEN_ARTIFACT,Development population only.
HISTORICAL_H5B_H4_20260719,20260719_h5b_h4_full13_combined_v2,36c3bdd3f6d92c0c5336590dbf4c8822402d718ec47df2b137cef862339d5b8a,TRACKING_EVALUATOR_STANDARD_V2,13 videos x 1800 frames; development,true,videos_with_persistent_pairwise_swap_pct,0.0,ALL videos,docs/tracking/historical_h5b_h4_standard_v2/HISTORICAL_H5B_H4_STANDARD_V2_AUTHORITY_20260728.json,d547af73e80643b5490c42eaefc34682bd0bc9e214409b5b4d889e73bfdec681,YES,corrective Standard-V2 evaluation,ESTABLISHED,MEASURED_FROM_FROZEN_ARTIFACT,Development population only.
HISTORICAL_H5B_H4_20260719,20260719_h5b_h4_full13_combined_v2,36c3bdd3f6d92c0c5336590dbf4c8822402d718ec47df2b137cef862339d5b8a,TRACKING_EVALUATOR_STANDARD_V2,13 videos x 1800 frames; development,true,videos_with_terminal_episode_count,0,ALL videos,docs/tracking/historical_h5b_h4_standard_v2/HISTORICAL_H5B_H4_STANDARD_V2_AUTHORITY_20260728.json,d547af73e80643b5490c42eaefc34682bd0bc9e214409b5b4d889e73bfdec681,YES,corrective Standard-V2 evaluation,ESTABLISHED,MEASURED_FROM_FROZEN_ARTIFACT,Development population only.
HISTORICAL_H5B_H4_20260719,20260719_h5b_h4_full13_combined_v2,36c3bdd3f6d92c0c5336590dbf4c8822402d718ec47df2b137cef862339d5b8a,TRACKING_EVALUATOR_STANDARD_V2,13 videos x 1800 frames; development,true,videos_with_terminal_episode_pct,0.0,ALL videos,docs/tracking/historical_h5b_h4_standard_v2/HISTORICAL_H5B_H4_STANDARD_V2_AUTHORITY_20260728.json,d547af73e80643b5490c42eaefc34682bd0bc9e214409b5b4d889e73bfdec681,YES,corrective Standard-V2 evaluation,ESTABLISHED,MEASURED_FROM_FROZEN_ARTIFACT,Development population only.
HISTORICAL_H5B_H4_20260719,20260719_h5b_h4_full13_combined_v2,36c3bdd3f6d92c0c5336590dbf4c8822402d718ec47df2b137cef862339d5b8a,TRACKING_EVALUATOR_STANDARD_V2,13 videos x 1800 frames; development,true,visible_gt_rows,182689,ALL videos,docs/tracking/historical_h5b_h4_standard_v2/HISTORICAL_H5B_H4_STANDARD_V2_AUTHORITY_20260728.json,d547af73e80643b5490c42eaefc34682bd0bc9e214409b5b4d889e73bfdec681,YES,corrective Standard-V2 evaluation,ESTABLISHED,MEASURED_FROM_FROZEN_ARTIFACT,Development population only.
HISTORICAL_H5B_H4_20260719,20260719_h5b_h4_full13_combined_v2,36c3bdd3f6d92c0c5336590dbf4c8822402d718ec47df2b137cef862339d5b8a,TRACKING_EVALUATOR_STANDARD_V2,13 videos x 1800 frames; development,true,wrong_id_matched_frames,24,ALL videos,docs/tracking/historical_h5b_h4_standard_v2/HISTORICAL_H5B_H4_STANDARD_V2_AUTHORITY_20260728.json,d547af73e80643b5490c42eaefc34682bd0bc9e214409b5b4d889e73bfdec681,YES,corrective Standard-V2 evaluation,ESTABLISHED,MEASURED_FROM_FROZEN_ARTIFACT,Development population only.
HISTORICAL_H5B_H4_20260719,20260719_h5b_h4_full13_combined_v2,36c3bdd3f6d92c0c5336590dbf4c8822402d718ec47df2b137cef862339d5b8a,TRACKING_EVALUATOR_STANDARD_V2,13 videos x 1800 frames; development,true,wrong_id_matched_frames_per_1000_authoritative_matched_gt_frames,0.12929571546322885,ALL videos,docs/tracking/historical_h5b_h4_standard_v2/HISTORICAL_H5B_H4_STANDARD_V2_AUTHORITY_20260728.json,d547af73e80643b5490c42eaefc34682bd0bc9e214409b5b4d889e73bfdec681,YES,corrective Standard-V2 evaluation,ESTABLISHED,MEASURED_FROM_FROZEN_ARTIFACT,Development population only.
HISTORICAL_H5B_H4_20260719,20260719_h5b_h4_full13_combined_v2,36c3bdd3f6d92c0c5336590dbf4c8822402d718ec47df2b137cef862339d5b8a,TRACKING_EVALUATOR_STANDARD_V2,13 videos x 1800 frames; development,true,wrong_id_matched_seconds,0.7999999999999999,ALL videos,docs/tracking/historical_h5b_h4_standard_v2/HISTORICAL_H5B_H4_STANDARD_V2_AUTHORITY_20260728.json,d547af73e80643b5490c42eaefc34682bd0bc9e214409b5b4d889e73bfdec681,YES,corrective Standard-V2 evaluation,ESTABLISHED,MEASURED_FROM_FROZEN_ARTIFACT,Development population only.
HISTORICAL_RAW_BYTETRACK_SUMMARY_LINEAGE,historical_raw_summary,NOT_AVAILABLE_OR_NOT_BOUND,TRACKING_EVALUATOR_LEGACY_V1_OR_UNKNOWN,historical full-13 development summary,historical record,hota,0.8891,ALL videos,.agents/memory/06_BENCHMARK_NOTES.md,a57c6417688ab40b33321eb8d0a676a9011d8781be74f9883e4d9eab4a91bf74,NO,historical report only,HISTORICAL_LIMITED,REPORTED_BY_HISTORICAL_SUMMARY_ONLY,Historical summary; exact run/evaluator binding incomplete.
HISTORICAL_RAW_BYTETRACK_SUMMARY_LINEAGE,historical_raw_summary,NOT_AVAILABLE_OR_NOT_BOUND,TRACKING_EVALUATOR_LEGACY_V1_OR_UNKNOWN,historical full-13 development summary,historical record,idf1,0.8847,ALL videos,.agents/memory/06_BENCHMARK_NOTES.md,a57c6417688ab40b33321eb8d0a676a9011d8781be74f9883e4d9eab4a91bf74,NO,historical report only,HISTORICAL_LIMITED,REPORTED_BY_HISTORICAL_SUMMARY_ONLY,Historical summary; exact run/evaluator binding incomplete.
HISTORICAL_RAW_BYTETRACK_SUMMARY_LINEAGE,historical_raw_summary,NOT_AVAILABLE_OR_NOT_BOUND,TRACKING_EVALUATOR_LEGACY_V1_OR_UNKNOWN,historical full-13 development summary,historical record,idsw,145,ALL videos,.agents/memory/06_BENCHMARK_NOTES.md,a57c6417688ab40b33321eb8d0a676a9011d8781be74f9883e4d9eab4a91bf74,NO,historical report only,HISTORICAL_LIMITED,REPORTED_BY_HISTORICAL_SUMMARY_ONLY,Historical raw authority summary; prediction bytes unavailable.
REALTIME_FAST_PRE_RF_ACC23_20260720,pre_rf_acc23_full13,NOT_AVAILABLE_OR_NOT_BOUND,TRACKING_EVALUATOR_LEGACY_V1_OR_UNKNOWN,historical full-13 development summary,historical record,hota,0.9563,ALL videos,.agents/memory/06_BENCHMARK_NOTES.md,a57c6417688ab40b33321eb8d0a676a9011d8781be74f9883e4d9eab4a91bf74,NO,historical report only,HISTORICAL_LIMITED,REPORTED_BY_HISTORICAL_SUMMARY_ONLY,Legacy evaluator summary.
REALTIME_FAST_PRE_RF_ACC23_20260720,pre_rf_acc23_full13,NOT_AVAILABLE_OR_NOT_BOUND,TRACKING_EVALUATOR_LEGACY_V1_OR_UNKNOWN,historical full-13 development summary,historical record,idf1,0.9537,ALL videos,.agents/memory/06_BENCHMARK_NOTES.md,a57c6417688ab40b33321eb8d0a676a9011d8781be74f9883e4d9eab4a91bf74,NO,historical report only,HISTORICAL_LIMITED,REPORTED_BY_HISTORICAL_SUMMARY_ONLY,Legacy evaluator summary.
REALTIME_FAST_PRE_RF_ACC23_20260720,pre_rf_acc23_full13,NOT_AVAILABLE_OR_NOT_BOUND,TRACKING_EVALUATOR_LEGACY_V1_OR_UNKNOWN,historical full-13 development summary,historical record,idsw,59,ALL videos,.agents/memory/06_BENCHMARK_NOTES.md,a57c6417688ab40b33321eb8d0a676a9011d8781be74f9883e4d9eab4a91bf74,NO,historical report only,HISTORICAL_LIMITED,REPORTED_BY_HISTORICAL_SUMMARY_ONLY,Legacy evaluator summary.
RF_ACC23_RECOVERED_20260723,20260723_rf_acc23_full13_instrumented_v1,SURVIVES_IN_REFERENCE_WORKTREE_UNBOUND_TO_CURRENT_STANDARD_V2,HISTORICAL_INCLUDE_HIDDEN_EVALUATOR,historical full-13 development summary,historical record,hota,0.9704398315450558,ALL videos,.agents/memory/06_BENCHMARK_NOTES.md,a57c6417688ab40b33321eb8d0a676a9011d8781be74f9883e4d9eab4a91bf74,NO,historical report only,HISTORICAL_LIMITED,MEASURED_FROM_FROZEN_ARTIFACT,Recovered artifact metric under historical evaluator.
RF_ACC23_RECOVERED_20260723,20260723_rf_acc23_full13_instrumented_v1,SURVIVES_IN_REFERENCE_WORKTREE_UNBOUND_TO_CURRENT_STANDARD_V2,HISTORICAL_INCLUDE_HIDDEN_EVALUATOR,historical full-13 development summary,historical record,idf1,0.9707702337312571,ALL videos,.agents/memory/06_BENCHMARK_NOTES.md,a57c6417688ab40b33321eb8d0a676a9011d8781be74f9883e4d9eab4a91bf74,NO,historical report only,HISTORICAL_LIMITED,MEASURED_FROM_FROZEN_ARTIFACT,Recovered artifact metric under historical evaluator.
RF_ACC23_RECOVERED_20260723,20260723_rf_acc23_full13_instrumented_v1,SURVIVES_IN_REFERENCE_WORKTREE_UNBOUND_TO_CURRENT_STANDARD_V2,HISTORICAL_INCLUDE_HIDDEN_EVALUATOR,historical full-13 development summary,historical record,idsw,53,ALL videos,.agents/memory/06_BENCHMARK_NOTES.md,a57c6417688ab40b33321eb8d0a676a9011d8781be74f9883e4d9eab4a91bf74,NO,historical report only,HISTORICAL_LIMITED,MEASURED_FROM_FROZEN_ARTIFACT,Recovered artifact metric under historical evaluator.
HISTORICAL_H5B_H4_20260719,20260719_h5b_h4_full13_combined_v2,NOT_AVAILABLE_OR_NOT_BOUND,TRACKING_EVALUATOR_LEGACY_V1_OR_UNKNOWN,historical full-13 development summary,historical record,legacy_hota,0.9835062270290739,ALL videos,.agents/memory/06_BENCHMARK_NOTES.md,a57c6417688ab40b33321eb8d0a676a9011d8781be74f9883e4d9eab4a91bf74,NO,historical report only,HISTORICAL_LIMITED,REPORTED_BY_HISTORICAL_SUMMARY_ONLY,Legacy V1 evaluator; not Standard V2.
HISTORICAL_H5B_H4_20260719,20260719_h5b_h4_full13_combined_v2,NOT_AVAILABLE_OR_NOT_BOUND,TRACKING_EVALUATOR_LEGACY_V1_OR_UNKNOWN,historical full-13 development summary,historical record,legacy_idf1,0.9914903846153846,ALL videos,.agents/memory/06_BENCHMARK_NOTES.md,a57c6417688ab40b33321eb8d0a676a9011d8781be74f9883e4d9eab4a91bf74,NO,historical report only,HISTORICAL_LIMITED,REPORTED_BY_HISTORICAL_SUMMARY_ONLY,Legacy V1 evaluator; not Standard V2.
HISTORICAL_H5B_H4_20260719,20260719_h5b_h4_full13_combined_v2,NOT_AVAILABLE_OR_NOT_BOUND,TRACKING_EVALUATOR_LEGACY_V1_OR_UNKNOWN,historical full-13 development summary,historical record,legacy_idsw,0,ALL videos,.agents/memory/06_BENCHMARK_NOTES.md,a57c6417688ab40b33321eb8d0a676a9011d8781be74f9883e4d9eab4a91bf74,NO,historical report only,HISTORICAL_LIMITED,REPORTED_BY_HISTORICAL_SUMMARY_ONLY,Legacy V1 evaluator; IDSW zero also survives Standard V2.
