method_id,component,parameter,effective_value,unit,selection_basis,source_path,source_sha256,source_commit,runtime_override,covered_by_profile_hash,covered_by_effective_config_hash,covered_by_prediction_authority,evidence_class,scientific_effect,scientific_rationale,rationale_status,frozen_status,unresolved_notes
B0_CURRENT_STANDARD_V2_20260728,Hidden_state,USE_AREA_OCCLUSION_FREEZE,false,boolean,PREDECLARED_DEVELOPMENT_SELECTION,src/pig_behavior/tracking/profiles/bytetrack_raw.py,fe62045b5e260e45cd735f8be70726d3cf8c3f7fc2ea1159f22b968728f522e0,95dd37982251a6b59779e0eed020e266b54fc88c,false,YES,547ae86e3be26671a9a148cb0e613ea1c602a0ff842a977ce9b7f1d217c10e41,YES_PROFILE_OVERRIDE_ONLY,BOUND_BY_EFFECTIVE_CONFIG,Hidden_state,Profile override frozen by a development authority before its authority run.,SUFFICIENT_WITH_DEVELOPMENT_SCOPE_LIMITATION,FROZEN_BY_PREDICTION_AUTHORITY,Current-main active value. The frozen prediction producer was ac9bda0f7432d56229ede36bbb8fa06167846313; inherited defaults were not preserved as a complete runtime dump.
B0_CURRENT_STANDARD_V2_20260728,Hidden_state,USE_CONDITIONAL_AREA_OCCLUSION_FREEZE,false,boolean,PREDECLARED_DEVELOPMENT_SELECTION,src/pig_behavior/tracking/profiles/bytetrack_raw.py,fe62045b5e260e45cd735f8be70726d3cf8c3f7fc2ea1159f22b968728f522e0,95dd37982251a6b59779e0eed020e266b54fc88c,false,YES,547ae86e3be26671a9a148cb0e613ea1c602a0ff842a977ce9b7f1d217c10e41,YES_PROFILE_OVERRIDE_ONLY,BOUND_BY_EFFECTIVE_CONFIG,Hidden_state,Profile override frozen by a development authority before its authority run.,SUFFICIENT_WITH_DEVELOPMENT_SCOPE_LIMITATION,FROZEN_BY_PREDICTION_AUTHORITY,Current-main active value. The frozen prediction producer was ac9bda0f7432d56229ede36bbb8fa06167846313; inherited defaults were not preserved as a complete runtime dump.
B0_CURRENT_STANDARD_V2_20260728,association,USE_IOU_FALLBACK,false,boolean,PREDECLARED_DEVELOPMENT_SELECTION,src/pig_behavior/tracking/profiles/bytetrack_raw.py,fe62045b5e260e45cd735f8be70726d3cf8c3f7fc2ea1159f22b968728f522e0,95dd37982251a6b59779e0eed020e266b54fc88c,false,YES,547ae86e3be26671a9a148cb0e613ea1c602a0ff842a977ce9b7f1d217c10e41,YES_PROFILE_OVERRIDE_ONLY,BOUND_BY_EFFECTIVE_CONFIG,association,Profile override frozen by a development authority before its authority run.,SUFFICIENT_WITH_DEVELOPMENT_SCOPE_LIMITATION,FROZEN_BY_PREDICTION_AUTHORITY,Current-main active value. The frozen prediction producer was ac9bda0f7432d56229ede36bbb8fa06167846313; inherited defaults were not preserved as a complete runtime dump.
B0_CURRENT_STANDARD_V2_20260728,bbox_geometry,USE_MERGED_BOX_SPLIT,false,boolean,PREDECLARED_DEVELOPMENT_SELECTION,src/pig_behavior/tracking/profiles/bytetrack_raw.py,fe62045b5e260e45cd735f8be70726d3cf8c3f7fc2ea1159f22b968728f522e0,95dd37982251a6b59779e0eed020e266b54fc88c,false,YES,547ae86e3be26671a9a148cb0e613ea1c602a0ff842a977ce9b7f1d217c10e41,YES_PROFILE_OVERRIDE_ONLY,BOUND_BY_EFFECTIVE_CONFIG,bbox_geometry,Profile override frozen by a development authority before its authority run.,SUFFICIENT_WITH_DEVELOPMENT_SCOPE_LIMITATION,FROZEN_BY_PREDICTION_AUTHORITY,Current-main active value. The frozen prediction producer was ac9bda0f7432d56229ede36bbb8fa06167846313; inherited defaults were not preserved as a complete runtime dump.
B0_CURRENT_STANDARD_V2_20260728,engineering_or_indirect,adaptive_conf_step,0.05,unitless,INHERITED_DEFAULT_WITH_PROVENANCE,src/pig_behavior/tracking/config.py,52c5f54ad44b6f76a8d143d168bdc942542d5fd263903cbf630f9c58ecf1cdd0,95dd37982251a6b59779e0eed020e266b54fc88c,,NO,547ae86e3be26671a9a148cb0e613ea1c602a0ff842a977ce9b7f1d217c10e41,PARTIAL_INHERITED_DEFAULTS_NOT_DUMPED,BOUND_BY_SOURCE_CODE,engineering_or_indirect,Inherited from the hashed TrackingConfig source; no separate sensitivity claim.,PARTIAL_NO_METHOD_SPECIFIC_SENSITIVITY,FROZEN_BY_PREDICTION_AUTHORITY,Current-main active value. The frozen prediction producer was ac9bda0f7432d56229ede36bbb8fa06167846313; inherited defaults were not preserved as a complete runtime dump.
B0_CURRENT_STANDARD_V2_20260728,detection,allowed_class_name,null,not applicable,INHERITED_DEFAULT_WITH_PROVENANCE,src/pig_behavior/tracking/config.py,52c5f54ad44b6f76a8d143d168bdc942542d5fd263903cbf630f9c58ecf1cdd0,95dd37982251a6b59779e0eed020e266b54fc88c,,NO,547ae86e3be26671a9a148cb0e613ea1c602a0ff842a977ce9b7f1d217c10e41,PARTIAL_INHERITED_DEFAULTS_NOT_DUMPED,BOUND_BY_SOURCE_CODE,detection,Inherited from the hashed TrackingConfig source; no separate sensitivity claim.,PARTIAL_NO_METHOD_SPECIFIC_SENSITIVITY,FROZEN_BY_PREDICTION_AUTHORITY,Current-main active value. The frozen prediction producer was ac9bda0f7432d56229ede36bbb8fa06167846313; inherited defaults were not preserved as a complete runtime dump.
B0_CURRENT_STANDARD_V2_20260728,identity_repair,ambiguity_owner_guard,false,boolean,INHERITED_DEFAULT_WITH_PROVENANCE,src/pig_behavior/tracking/config.py,52c5f54ad44b6f76a8d143d168bdc942542d5fd263903cbf630f9c58ecf1cdd0,95dd37982251a6b59779e0eed020e266b54fc88c,,NO,547ae86e3be26671a9a148cb0e613ea1c602a0ff842a977ce9b7f1d217c10e41,PARTIAL_INHERITED_DEFAULTS_NOT_DUMPED,BOUND_BY_SOURCE_CODE,identity_repair,Inherited from the hashed TrackingConfig source; no separate sensitivity claim.,PARTIAL_NO_METHOD_SPECIFIC_SENSITIVITY,FROZEN_BY_PREDICTION_AUTHORITY,Current-main active value. The frozen prediction producer was ac9bda0f7432d56229ede36bbb8fa06167846313; inherited defaults were not preserved as a complete runtime dump.
B0_CURRENT_STANDARD_V2_20260728,association,ambiguity_owner_guard_cost_margin,0.04,unitless,INHERITED_DEFAULT_WITH_PROVENANCE,src/pig_behavior/tracking/config.py,52c5f54ad44b6f76a8d143d168bdc942542d5fd263903cbf630f9c58ecf1cdd0,95dd37982251a6b59779e0eed020e266b54fc88c,,NO,547ae86e3be26671a9a148cb0e613ea1c602a0ff842a977ce9b7f1d217c10e41,PARTIAL_INHERITED_DEFAULTS_NOT_DUMPED,BOUND_BY_SOURCE_CODE,association|identity_repair,Inherited from the hashed TrackingConfig source; no separate sensitivity claim.,PARTIAL_NO_METHOD_SPECIFIC_SENSITIVITY,FROZEN_BY_PREDICTION_AUTHORITY,Current-main active value. The frozen prediction producer was ac9bda0f7432d56229ede36bbb8fa06167846313; inherited defaults were not preserved as a complete runtime dump.
B0_CURRENT_STANDARD_V2_20260728,engineering_or_indirect,annotations_json,null,not applicable,INHERITED_DEFAULT_WITH_PROVENANCE,src/pig_behavior/tracking/config.py,52c5f54ad44b6f76a8d143d168bdc942542d5fd263903cbf630f9c58ecf1cdd0,95dd37982251a6b59779e0eed020e266b54fc88c,,NO,547ae86e3be26671a9a148cb0e613ea1c602a0ff842a977ce9b7f1d217c10e41,PARTIAL_INHERITED_DEFAULTS_NOT_DUMPED,BOUND_BY_SOURCE_CODE,engineering_or_indirect,Inherited from the hashed TrackingConfig source; no separate sensitivity claim.,PARTIAL_NO_METHOD_SPECIFIC_SENSITIVITY,FROZEN_BY_PREDICTION_AUTHORITY,Current-main active value. The frozen prediction producer was ac9bda0f7432d56229ede36bbb8fa06167846313; inherited defaults were not preserved as a complete runtime dump.
B0_CURRENT_STANDARD_V2_20260728,association,appearance_hist_foreground_core,false,boolean,INHERITED_DEFAULT_WITH_PROVENANCE,src/pig_behavior/tracking/config.py,52c5f54ad44b6f76a8d143d168bdc942542d5fd263903cbf630f9c58ecf1cdd0,95dd37982251a6b59779e0eed020e266b54fc88c,,NO,547ae86e3be26671a9a148cb0e613ea1c602a0ff842a977ce9b7f1d217c10e41,PARTIAL_INHERITED_DEFAULTS_NOT_DUMPED,BOUND_BY_SOURCE_CODE,association,Inherited from the hashed TrackingConfig source; no separate sensitivity claim.,PARTIAL_NO_METHOD_SPECIFIC_SENSITIVITY,FROZEN_BY_PREDICTION_AUTHORITY,Current-main active value. The frozen prediction producer was ac9bda0f7432d56229ede36bbb8fa06167846313; inherited defaults were not preserved as a complete runtime dump.
B0_CURRENT_STANDARD_V2_20260728,Hidden_state,area_occlusion_freeze_frames,15,frames,INHERITED_DEFAULT_WITH_PROVENANCE,src/pig_behavior/tracking/config.py,52c5f54ad44b6f76a8d143d168bdc942542d5fd263903cbf630f9c58ecf1cdd0,95dd37982251a6b59779e0eed020e266b54fc88c,,NO,547ae86e3be26671a9a148cb0e613ea1c602a0ff842a977ce9b7f1d217c10e41,PARTIAL_INHERITED_DEFAULTS_NOT_DUMPED,BOUND_BY_SOURCE_CODE,Hidden_state|runtime,Inherited from the hashed TrackingConfig source; no separate sensitivity claim.,PARTIAL_NO_METHOD_SPECIFIC_SENSITIVITY,FROZEN_BY_PREDICTION_AUTHORITY,Current-main active value. The frozen prediction producer was ac9bda0f7432d56229ede36bbb8fa06167846313; inherited defaults were not preserved as a complete runtime dump.
B0_CURRENT_STANDARD_V2_20260728,Hidden_state,area_occlusion_shrink_ratio,0.6,unitless,INHERITED_DEFAULT_WITH_PROVENANCE,src/pig_behavior/tracking/config.py,52c5f54ad44b6f76a8d143d168bdc942542d5fd263903cbf630f9c58ecf1cdd0,95dd37982251a6b59779e0eed020e266b54fc88c,,NO,547ae86e3be26671a9a148cb0e613ea1c602a0ff842a977ce9b7f1d217c10e41,PARTIAL_INHERITED_DEFAULTS_NOT_DUMPED,BOUND_BY_SOURCE_CODE,Hidden_state,Inherited from the hashed TrackingConfig source; no separate sensitivity claim.,PARTIAL_NO_METHOD_SPECIFIC_SENSITIVITY,FROZEN_BY_PREDICTION_AUTHORITY,Current-main active value. The frozen prediction producer was ac9bda0f7432d56229ede36bbb8fa06167846313; inherited defaults were not preserved as a complete runtime dump.
B0_CURRENT_STANDARD_V2_20260728,association,association_debug,false,boolean,INHERITED_DEFAULT_WITH_PROVENANCE,src/pig_behavior/tracking/config.py,52c5f54ad44b6f76a8d143d168bdc942542d5fd263903cbf630f9c58ecf1cdd0,95dd37982251a6b59779e0eed020e266b54fc88c,,NO,547ae86e3be26671a9a148cb0e613ea1c602a0ff842a977ce9b7f1d217c10e41,PARTIAL_INHERITED_DEFAULTS_NOT_DUMPED,BOUND_BY_SOURCE_CODE,association,Inherited from the hashed TrackingConfig source; no separate sensitivity claim.,PARTIAL_NO_METHOD_SPECIFIC_SENSITIVITY,FROZEN_BY_PREDICTION_AUTHORITY,Current-main active value. The frozen prediction producer was ac9bda0f7432d56229ede36bbb8fa06167846313; inherited defaults were not preserved as a complete runtime dump.
B0_CURRENT_STANDARD_V2_20260728,detection,causal_hidden_detection_reservation,false,boolean,INHERITED_DEFAULT_WITH_PROVENANCE,src/pig_behavior/tracking/config.py,52c5f54ad44b6f76a8d143d168bdc942542d5fd263903cbf630f9c58ecf1cdd0,95dd37982251a6b59779e0eed020e266b54fc88c,,NO,547ae86e3be26671a9a148cb0e613ea1c602a0ff842a977ce9b7f1d217c10e41,PARTIAL_INHERITED_DEFAULTS_NOT_DUMPED,BOUND_BY_SOURCE_CODE,detection|Hidden_state,Inherited from the hashed TrackingConfig source; no separate sensitivity claim.,PARTIAL_NO_METHOD_SPECIFIC_SENSITIVITY,FROZEN_BY_PREDICTION_AUTHORITY,Current-main active value. The frozen prediction producer was ac9bda0f7432d56229ede36bbb8fa06167846313; inherited defaults were not preserved as a complete runtime dump.
B0_CURRENT_STANDARD_V2_20260728,detection,causal_hidden_detection_reservation_allow_visible_hold,false,boolean,INHERITED_DEFAULT_WITH_PROVENANCE,src/pig_behavior/tracking/config.py,52c5f54ad44b6f76a8d143d168bdc942542d5fd263903cbf630f9c58ecf1cdd0,95dd37982251a6b59779e0eed020e266b54fc88c,,NO,547ae86e3be26671a9a148cb0e613ea1c602a0ff842a977ce9b7f1d217c10e41,PARTIAL_INHERITED_DEFAULTS_NOT_DUMPED,BOUND_BY_SOURCE_CODE,detection|Hidden_state,Inherited from the hashed TrackingConfig source; no separate sensitivity claim.,PARTIAL_NO_METHOD_SPECIFIC_SENSITIVITY,FROZEN_BY_PREDICTION_AUTHORITY,Current-main active value. The frozen prediction producer was ac9bda0f7432d56229ede36bbb8fa06167846313; inherited defaults were not preserved as a complete runtime dump.
B0_CURRENT_STANDARD_V2_20260728,detection,causal_hidden_detection_reservation_hold_max_claim_cost,0.1,unitless,INHERITED_DEFAULT_WITH_PROVENANCE,src/pig_behavior/tracking/config.py,52c5f54ad44b6f76a8d143d168bdc942542d5fd263903cbf630f9c58ecf1cdd0,95dd37982251a6b59779e0eed020e266b54fc88c,,NO,547ae86e3be26671a9a148cb0e613ea1c602a0ff842a977ce9b7f1d217c10e41,PARTIAL_INHERITED_DEFAULTS_NOT_DUMPED,BOUND_BY_SOURCE_CODE,detection|association|Hidden_state,Inherited from the hashed TrackingConfig source; no separate sensitivity claim.,PARTIAL_NO_METHOD_SPECIFIC_SENSITIVITY,FROZEN_BY_PREDICTION_AUTHORITY,Current-main active value. The frozen prediction producer was ac9bda0f7432d56229ede36bbb8fa06167846313; inherited defaults were not preserved as a complete runtime dump.
B0_CURRENT_STANDARD_V2_20260728,detection,causal_hidden_detection_reservation_hold_min_gain,0.1,unitless,INHERITED_DEFAULT_WITH_PROVENANCE,src/pig_behavior/tracking/config.py,52c5f54ad44b6f76a8d143d168bdc942542d5fd263903cbf630f9c58ecf1cdd0,95dd37982251a6b59779e0eed020e266b54fc88c,,NO,547ae86e3be26671a9a148cb0e613ea1c602a0ff842a977ce9b7f1d217c10e41,PARTIAL_INHERITED_DEFAULTS_NOT_DUMPED,BOUND_BY_SOURCE_CODE,detection|Hidden_state,Inherited from the hashed TrackingConfig source; no separate sensitivity claim.,PARTIAL_NO_METHOD_SPECIFIC_SENSITIVITY,FROZEN_BY_PREDICTION_AUTHORITY,Current-main active value. The frozen prediction producer was ac9bda0f7432d56229ede36bbb8fa06167846313; inherited defaults were not preserved as a complete runtime dump.
B0_CURRENT_STANDARD_V2_20260728,detection,causal_hidden_detection_reservation_hold_min_iom,0.96,unitless,INHERITED_DEFAULT_WITH_PROVENANCE,src/pig_behavior/tracking/config.py,52c5f54ad44b6f76a8d143d168bdc942542d5fd263903cbf630f9c58ecf1cdd0,95dd37982251a6b59779e0eed020e266b54fc88c,,NO,547ae86e3be26671a9a148cb0e613ea1c602a0ff842a977ce9b7f1d217c10e41,PARTIAL_INHERITED_DEFAULTS_NOT_DUMPED,BOUND_BY_SOURCE_CODE,detection|Hidden_state,Inherited from the hashed TrackingConfig source; no separate sensitivity claim.,PARTIAL_NO_METHOD_SPECIFIC_SENSITIVITY,FROZEN_BY_PREDICTION_AUTHORITY,Current-main active value. The frozen prediction producer was ac9bda0f7432d56229ede36bbb8fa06167846313; inherited defaults were not preserved as a complete runtime dump.
B0_CURRENT_STANDARD_V2_20260728,detection,causal_hidden_detection_reservation_hold_min_visible_cost,0.2,unitless,INHERITED_DEFAULT_WITH_PROVENANCE,src/pig_behavior/tracking/config.py,52c5f54ad44b6f76a8d143d168bdc942542d5fd263903cbf630f9c58ecf1cdd0,95dd37982251a6b59779e0eed020e266b54fc88c,,NO,547ae86e3be26671a9a148cb0e613ea1c602a0ff842a977ce9b7f1d217c10e41,PARTIAL_INHERITED_DEFAULTS_NOT_DUMPED,BOUND_BY_SOURCE_CODE,detection|association|Hidden_state,Inherited from the hashed TrackingConfig source; no separate sensitivity claim.,PARTIAL_NO_METHOD_SPECIFIC_SENSITIVITY,FROZEN_BY_PREDICTION_AUTHORITY,Current-main active value. The frozen prediction producer was ac9bda0f7432d56229ede36bbb8fa06167846313; inherited defaults were not preserved as a complete runtime dump.
B0_CURRENT_STANDARD_V2_20260728,detection,causal_hidden_detection_reservation_hold_reserved_reid,false,boolean,INHERITED_DEFAULT_WITH_PROVENANCE,src/pig_behavior/tracking/config.py,52c5f54ad44b6f76a8d143d168bdc942542d5fd263903cbf630f9c58ecf1cdd0,95dd37982251a6b59779e0eed020e266b54fc88c,,NO,547ae86e3be26671a9a148cb0e613ea1c602a0ff842a977ce9b7f1d217c10e41,PARTIAL_INHERITED_DEFAULTS_NOT_DUMPED,BOUND_BY_SOURCE_CODE,detection|Hidden_state,Inherited from the hashed TrackingConfig source; no separate sensitivity claim.,PARTIAL_NO_METHOD_SPECIFIC_SENSITIVITY,FROZEN_BY_PREDICTION_AUTHORITY,Current-main active value. The frozen prediction producer was ac9bda0f7432d56229ede36bbb8fa06167846313; inherited defaults were not preserved as a complete runtime dump.
B0_CURRENT_STANDARD_V2_20260728,detection,causal_hidden_detection_reservation_max_alternative_cost,0.78,unitless,INHERITED_DEFAULT_WITH_PROVENANCE,src/pig_behavior/tracking/config.py,52c5f54ad44b6f76a8d143d168bdc942542d5fd263903cbf630f9c58ecf1cdd0,95dd37982251a6b59779e0eed020e266b54fc88c,,NO,547ae86e3be26671a9a148cb0e613ea1c602a0ff842a977ce9b7f1d217c10e41,PARTIAL_INHERITED_DEFAULTS_NOT_DUMPED,BOUND_BY_SOURCE_CODE,detection|association|Hidden_state,Inherited from the hashed TrackingConfig source; no separate sensitivity claim.,PARTIAL_NO_METHOD_SPECIFIC_SENSITIVITY,FROZEN_BY_PREDICTION_AUTHORITY,Current-main active value. The frozen prediction producer was ac9bda0f7432d56229ede36bbb8fa06167846313; inherited defaults were not preserved as a complete runtime dump.
B0_CURRENT_STANDARD_V2_20260728,detection,causal_hidden_detection_reservation_max_center_distance,0.09,unitless,INHERITED_DEFAULT_WITH_PROVENANCE,src/pig_behavior/tracking/config.py,52c5f54ad44b6f76a8d143d168bdc942542d5fd263903cbf630f9c58ecf1cdd0,95dd37982251a6b59779e0eed020e266b54fc88c,,NO,547ae86e3be26671a9a148cb0e613ea1c602a0ff842a977ce9b7f1d217c10e41,PARTIAL_INHERITED_DEFAULTS_NOT_DUMPED,BOUND_BY_SOURCE_CODE,detection|Hidden_state,Inherited from the hashed TrackingConfig source; no separate sensitivity claim.,PARTIAL_NO_METHOD_SPECIFIC_SENSITIVITY,FROZEN_BY_PREDICTION_AUTHORITY,Current-main active value. The frozen prediction producer was ac9bda0f7432d56229ede36bbb8fa06167846313; inherited defaults were not preserved as a complete runtime dump.
B0_CURRENT_STANDARD_V2_20260728,detection,causal_hidden_detection_reservation_max_claim_cost,0.25,unitless,INHERITED_DEFAULT_WITH_PROVENANCE,src/pig_behavior/tracking/config.py,52c5f54ad44b6f76a8d143d168bdc942542d5fd263903cbf630f9c58ecf1cdd0,95dd37982251a6b59779e0eed020e266b54fc88c,,NO,547ae86e3be26671a9a148cb0e613ea1c602a0ff842a977ce9b7f1d217c10e41,PARTIAL_INHERITED_DEFAULTS_NOT_DUMPED,BOUND_BY_SOURCE_CODE,detection|association|Hidden_state,Inherited from the hashed TrackingConfig source; no separate sensitivity claim.,PARTIAL_NO_METHOD_SPECIFIC_SENSITIVITY,FROZEN_BY_PREDICTION_AUTHORITY,Current-main active value. The frozen prediction producer was ac9bda0f7432d56229ede36bbb8fa06167846313; inherited defaults were not preserved as a complete runtime dump.
B0_CURRENT_STANDARD_V2_20260728,detection,causal_hidden_detection_reservation_max_missed,5,frames,INHERITED_DEFAULT_WITH_PROVENANCE,src/pig_behavior/tracking/config.py,52c5f54ad44b6f76a8d143d168bdc942542d5fd263903cbf630f9c58ecf1cdd0,95dd37982251a6b59779e0eed020e266b54fc88c,,NO,547ae86e3be26671a9a148cb0e613ea1c602a0ff842a977ce9b7f1d217c10e41,PARTIAL_INHERITED_DEFAULTS_NOT_DUMPED,BOUND_BY_SOURCE_CODE,detection|lifecycle|Hidden_state,Inherited from the hashed TrackingConfig source; no separate sensitivity claim.,PARTIAL_NO_METHOD_SPECIFIC_SENSITIVITY,FROZEN_BY_PREDICTION_AUTHORITY,Current-main active value. The frozen prediction producer was ac9bda0f7432d56229ede36bbb8fa06167846313; inherited defaults were not preserved as a complete runtime dump.
B0_CURRENT_STANDARD_V2_20260728,detection,causal_hidden_detection_reservation_min_gain,0.08,unitless,INHERITED_DEFAULT_WITH_PROVENANCE,src/pig_behavior/tracking/config.py,52c5f54ad44b6f76a8d143d168bdc942542d5fd263903cbf630f9c58ecf1cdd0,95dd37982251a6b59779e0eed020e266b54fc88c,,NO,547ae86e3be26671a9a148cb0e613ea1c602a0ff842a977ce9b7f1d217c10e41,PARTIAL_INHERITED_DEFAULTS_NOT_DUMPED,BOUND_BY_SOURCE_CODE,detection|Hidden_state,Inherited from the hashed TrackingConfig source; no separate sensitivity claim.,PARTIAL_NO_METHOD_SPECIFIC_SENSITIVITY,FROZEN_BY_PREDICTION_AUTHORITY,Current-main active value. The frozen prediction producer was ac9bda0f7432d56229ede36bbb8fa06167846313; inherited defaults were not preserved as a complete runtime dump.
B0_CURRENT_STANDARD_V2_20260728,detection,causal_hidden_detection_reservation_min_iom,0.55,unitless,INHERITED_DEFAULT_WITH_PROVENANCE,src/pig_behavior/tracking/config.py,52c5f54ad44b6f76a8d143d168bdc942542d5fd263903cbf630f9c58ecf1cdd0,95dd37982251a6b59779e0eed020e266b54fc88c,,NO,547ae86e3be26671a9a148cb0e613ea1c602a0ff842a977ce9b7f1d217c10e41,PARTIAL_INHERITED_DEFAULTS_NOT_DUMPED,BOUND_BY_SOURCE_CODE,detection|Hidden_state,Inherited from the hashed TrackingConfig source; no separate sensitivity claim.,PARTIAL_NO_METHOD_SPECIFIC_SENSITIVITY,FROZEN_BY_PREDICTION_AUTHORITY,Current-main active value. The frozen prediction producer was ac9bda0f7432d56229ede36bbb8fa06167846313; inherited defaults were not preserved as a complete runtime dump.
B0_CURRENT_STANDARD_V2_20260728,detection,class_id,null,not applicable,DATA_SCHEMA_CONSTRAINT,src/pig_behavior/tracking/config.py,52c5f54ad44b6f76a8d143d168bdc942542d5fd263903cbf630f9c58ecf1cdd0,95dd37982251a6b59779e0eed020e266b54fc88c,,NO,547ae86e3be26671a9a148cb0e613ea1c602a0ff842a977ce9b7f1d217c10e41,PARTIAL_INHERITED_DEFAULTS_NOT_DUMPED,BOUND_BY_SOURCE_CODE,detection,Bound to the repository data/cache/export schema.,SUFFICIENT,FROZEN_BY_PREDICTION_AUTHORITY,Current-main active value. The frozen prediction producer was ac9bda0f7432d56229ede36bbb8fa06167846313; inherited defaults were not preserved as a complete runtime dump.
B0_CURRENT_STANDARD_V2_20260728,engineering_or_indirect,clean_coco_annotations_json,null,not applicable,INHERITED_DEFAULT_WITH_PROVENANCE,src/pig_behavior/tracking/config.py,52c5f54ad44b6f76a8d143d168bdc942542d5fd263903cbf630f9c58ecf1cdd0,95dd37982251a6b59779e0eed020e266b54fc88c,,NO,547ae86e3be26671a9a148cb0e613ea1c602a0ff842a977ce9b7f1d217c10e41,PARTIAL_INHERITED_DEFAULTS_NOT_DUMPED,BOUND_BY_SOURCE_CODE,engineering_or_indirect,Inherited from the hashed TrackingConfig source; no separate sensitivity claim.,PARTIAL_NO_METHOD_SPECIFIC_SENSITIVITY,FROZEN_BY_PREDICTION_AUTHORITY,Current-main active value. The frozen prediction producer was ac9bda0f7432d56229ede36bbb8fa06167846313; inherited defaults were not preserved as a complete runtime dump.
B0_CURRENT_STANDARD_V2_20260728,engineering_or_indirect,coco_annotations_json,null,not applicable,INHERITED_DEFAULT_WITH_PROVENANCE,src/pig_behavior/tracking/config.py,52c5f54ad44b6f76a8d143d168bdc942542d5fd263903cbf630f9c58ecf1cdd0,95dd37982251a6b59779e0eed020e266b54fc88c,,NO,547ae86e3be26671a9a148cb0e613ea1c602a0ff842a977ce9b7f1d217c10e41,PARTIAL_INHERITED_DEFAULTS_NOT_DUMPED,BOUND_BY_SOURCE_CODE,engineering_or_indirect,Inherited from the hashed TrackingConfig source; no separate sensitivity claim.,PARTIAL_NO_METHOD_SPECIFIC_SENSITIVITY,FROZEN_BY_PREDICTION_AUTHORITY,Current-main active value. The frozen prediction producer was ac9bda0f7432d56229ede36bbb8fa06167846313; inherited defaults were not preserved as a complete runtime dump.
B0_CURRENT_STANDARD_V2_20260728,engineering_or_indirect,conf,null,not applicable,INHERITED_DEFAULT_WITH_PROVENANCE,src/pig_behavior/tracking/config.py,52c5f54ad44b6f76a8d143d168bdc942542d5fd263903cbf630f9c58ecf1cdd0,95dd37982251a6b59779e0eed020e266b54fc88c,,NO,547ae86e3be26671a9a148cb0e613ea1c602a0ff842a977ce9b7f1d217c10e41,PARTIAL_INHERITED_DEFAULTS_NOT_DUMPED,BOUND_BY_SOURCE_CODE,engineering_or_indirect,Inherited from the hashed TrackingConfig source; no separate sensitivity claim.,PARTIAL_NO_METHOD_SPECIFIC_SENSITIVITY,FROZEN_BY_PREDICTION_AUTHORITY,Current-main active value. The frozen prediction producer was ac9bda0f7432d56229ede36bbb8fa06167846313; inherited defaults were not preserved as a complete runtime dump.
B0_CURRENT_STANDARD_V2_20260728,runtime,cvat_video_xml,null,not applicable,INHERITED_DEFAULT_WITH_PROVENANCE,src/pig_behavior/tracking/config.py,52c5f54ad44b6f76a8d143d168bdc942542d5fd263903cbf630f9c58ecf1cdd0,95dd37982251a6b59779e0eed020e266b54fc88c,,NO,547ae86e3be26671a9a148cb0e613ea1c602a0ff842a977ce9b7f1d217c10e41,PARTIAL_INHERITED_DEFAULTS_NOT_DUMPED,BOUND_BY_SOURCE_CODE,runtime,Inherited from the hashed TrackingConfig source; no separate sensitivity claim.,PARTIAL_NO_METHOD_SPECIFIC_SENSITIVITY,FROZEN_BY_PREDICTION_AUTHORITY,Current-main active value. The frozen prediction producer was ac9bda0f7432d56229ede36bbb8fa06167846313; inherited defaults were not preserved as a complete runtime dump.
B0_CURRENT_STANDARD_V2_20260728,engineering_or_indirect,default_behavior,"""lying""",categorical/path,INHERITED_DEFAULT_WITH_PROVENANCE,src/pig_behavior/tracking/config.py,52c5f54ad44b6f76a8d143d168bdc942542d5fd263903cbf630f9c58ecf1cdd0,95dd37982251a6b59779e0eed020e266b54fc88c,,NO,547ae86e3be26671a9a148cb0e613ea1c602a0ff842a977ce9b7f1d217c10e41,PARTIAL_INHERITED_DEFAULTS_NOT_DUMPED,BOUND_BY_SOURCE_CODE,engineering_or_indirect,Inherited from the hashed TrackingConfig source; no separate sensitivity claim.,PARTIAL_NO_METHOD_SPECIFIC_SENSITIVITY,FROZEN_BY_PREDICTION_AUTHORITY,Current-main active value. The frozen prediction producer was ac9bda0f7432d56229ede36bbb8fa06167846313; inherited defaults were not preserved as a complete runtime dump.
B0_CURRENT_STANDARD_V2_20260728,detection,det_conf,0.2,unitless ratio,INHERITED_DEFAULT_WITH_PROVENANCE,src/pig_behavior/tracking/config.py,52c5f54ad44b6f76a8d143d168bdc942542d5fd263903cbf630f9c58ecf1cdd0,95dd37982251a6b59779e0eed020e266b54fc88c,,NO,547ae86e3be26671a9a148cb0e613ea1c602a0ff842a977ce9b7f1d217c10e41,PARTIAL_INHERITED_DEFAULTS_NOT_DUMPED,BOUND_BY_SOURCE_CODE,detection,Inherited from the hashed TrackingConfig source; no separate sensitivity claim.,PARTIAL_NO_METHOD_SPECIFIC_SENSITIVITY,FROZEN_BY_PREDICTION_AUTHORITY,Current-main active value. The frozen prediction producer was ac9bda0f7432d56229ede36bbb8fa06167846313; inherited defaults were not preserved as a complete runtime dump.
B0_CURRENT_STANDARD_V2_20260728,detection,detect_every_n_frames,1,frames,PREDECLARED_DEVELOPMENT_SELECTION,src/pig_behavior/tracking/profiles/bytetrack_raw.py,fe62045b5e260e45cd735f8be70726d3cf8c3f7fc2ea1159f22b968728f522e0,95dd37982251a6b59779e0eed020e266b54fc88c,1,YES,547ae86e3be26671a9a148cb0e613ea1c602a0ff842a977ce9b7f1d217c10e41,YES_PROFILE_OVERRIDE_ONLY,BOUND_BY_EFFECTIVE_CONFIG,detection|runtime,Profile override frozen by a development authority before its authority run.,SUFFICIENT_WITH_DEVELOPMENT_SCOPE_LIMITATION,FROZEN_BY_PREDICTION_AUTHORITY,Current-main active value. The frozen prediction producer was ac9bda0f7432d56229ede36bbb8fa06167846313; inherited defaults were not preserved as a complete runtime dump.
B0_CURRENT_STANDARD_V2_20260728,runtime,device,null,not applicable,HARDWARE_OR_RUNTIME_CONSTRAINT,src/pig_behavior/tracking/config.py,52c5f54ad44b6f76a8d143d168bdc942542d5fd263903cbf630f9c58ecf1cdd0,95dd37982251a6b59779e0eed020e266b54fc88c,,NO,547ae86e3be26671a9a148cb0e613ea1c602a0ff842a977ce9b7f1d217c10e41,PARTIAL_INHERITED_DEFAULTS_NOT_DUMPED,BOUND_BY_SOURCE_CODE,runtime,Execution/safety constraint rather than a quality claim.,SUFFICIENT,FROZEN_BY_PREDICTION_AUTHORITY,Current-main active value. The frozen prediction producer was ac9bda0f7432d56229ede36bbb8fa06167846313; inherited defaults were not preserved as a complete runtime dump.
B0_CURRENT_STANDARD_V2_20260728,engineering_or_indirect,directional_y_margin_px,5.0,unitless,INHERITED_DEFAULT_WITH_PROVENANCE,src/pig_behavior/tracking/config.py,52c5f54ad44b6f76a8d143d168bdc942542d5fd263903cbf630f9c58ecf1cdd0,95dd37982251a6b59779e0eed020e266b54fc88c,,NO,547ae86e3be26671a9a148cb0e613ea1c602a0ff842a977ce9b7f1d217c10e41,PARTIAL_INHERITED_DEFAULTS_NOT_DUMPED,BOUND_BY_SOURCE_CODE,engineering_or_indirect,Inherited from the hashed TrackingConfig source; no separate sensitivity claim.,PARTIAL_NO_METHOD_SPECIFIC_SENSITIVITY,FROZEN_BY_PREDICTION_AUTHORITY,Current-main active value. The frozen prediction producer was ac9bda0f7432d56229ede36bbb8fa06167846313; inherited defaults were not preserved as a complete runtime dump.
B0_CURRENT_STANDARD_V2_20260728,engineering_or_indirect,directional_y_penalty_weight,0.12,unitless,INHERITED_DEFAULT_WITH_PROVENANCE,src/pig_behavior/tracking/config.py,52c5f54ad44b6f76a8d143d168bdc942542d5fd263903cbf630f9c58ecf1cdd0,95dd37982251a6b59779e0eed020e266b54fc88c,,NO,547ae86e3be26671a9a148cb0e613ea1c602a0ff842a977ce9b7f1d217c10e41,PARTIAL_INHERITED_DEFAULTS_NOT_DUMPED,BOUND_BY_SOURCE_CODE,engineering_or_indirect,Inherited from the hashed TrackingConfig source; no separate sensitivity claim.,PARTIAL_NO_METHOD_SPECIFIC_SENSITIVITY,FROZEN_BY_PREDICTION_AUTHORITY,Current-main active value. The frozen prediction producer was ac9bda0f7432d56229ede36bbb8fa06167846313; inherited defaults were not preserved as a complete runtime dump.
B0_CURRENT_STANDARD_V2_20260728,engineering_or_indirect,directional_y_prior,true,boolean,INHERITED_DEFAULT_WITH_PROVENANCE,src/pig_behavior/tracking/config.py,52c5f54ad44b6f76a8d143d168bdc942542d5fd263903cbf630f9c58ecf1cdd0,95dd37982251a6b59779e0eed020e266b54fc88c,,NO,547ae86e3be26671a9a148cb0e613ea1c602a0ff842a977ce9b7f1d217c10e41,PARTIAL_INHERITED_DEFAULTS_NOT_DUMPED,BOUND_BY_SOURCE_CODE,engineering_or_indirect,Inherited from the hashed TrackingConfig source; no separate sensitivity claim.,PARTIAL_NO_METHOD_SPECIFIC_SENSITIVITY,FROZEN_BY_PREDICTION_AUTHORITY,Current-main active value. The frozen prediction producer was ac9bda0f7432d56229ede36bbb8fa06167846313; inherited defaults were not preserved as a complete runtime dump.
B0_CURRENT_STANDARD_V2_20260728,engineering_or_indirect,directional_y_velocity_epsilon_px,3.0,unitless,INHERITED_DEFAULT_WITH_PROVENANCE,src/pig_behavior/tracking/config.py,52c5f54ad44b6f76a8d143d168bdc942542d5fd263903cbf630f9c58ecf1cdd0,95dd37982251a6b59779e0eed020e266b54fc88c,,NO,547ae86e3be26671a9a148cb0e613ea1c602a0ff842a977ce9b7f1d217c10e41,PARTIAL_INHERITED_DEFAULTS_NOT_DUMPED,BOUND_BY_SOURCE_CODE,engineering_or_indirect,Inherited from the hashed TrackingConfig source; no separate sensitivity claim.,PARTIAL_NO_METHOD_SPECIFIC_SENSITIVITY,FROZEN_BY_PREDICTION_AUTHORITY,Current-main active value. The frozen prediction producer was ac9bda0f7432d56229ede36bbb8fa06167846313; inherited defaults were not preserved as a complete runtime dump.
B0_CURRENT_STANDARD_V2_20260728,engineering_or_indirect,display_inline,false,boolean,INHERITED_DEFAULT_WITH_PROVENANCE,src/pig_behavior/tracking/config.py,52c5f54ad44b6f76a8d143d168bdc942542d5fd263903cbf630f9c58ecf1cdd0,95dd37982251a6b59779e0eed020e266b54fc88c,,NO,547ae86e3be26671a9a148cb0e613ea1c602a0ff842a977ce9b7f1d217c10e41,PARTIAL_INHERITED_DEFAULTS_NOT_DUMPED,BOUND_BY_SOURCE_CODE,engineering_or_indirect,Inherited from the hashed TrackingConfig source; no separate sensitivity claim.,PARTIAL_NO_METHOD_SPECIFIC_SENSITIVITY,FROZEN_BY_PREDICTION_AUTHORITY,Current-main active value. The frozen prediction producer was ac9bda0f7432d56229ede36bbb8fa06167846313; inherited defaults were not preserved as a complete runtime dump.
B0_CURRENT_STANDARD_V2_20260728,detection,draw_mask_outline,true,boolean,INHERITED_DEFAULT_WITH_PROVENANCE,src/pig_behavior/tracking/config.py,52c5f54ad44b6f76a8d143d168bdc942542d5fd263903cbf630f9c58ecf1cdd0,95dd37982251a6b59779e0eed020e266b54fc88c,,NO,547ae86e3be26671a9a148cb0e613ea1c602a0ff842a977ce9b7f1d217c10e41,PARTIAL_INHERITED_DEFAULTS_NOT_DUMPED,BOUND_BY_SOURCE_CODE,detection,Inherited from the hashed TrackingConfig source; no separate sensitivity claim.,PARTIAL_NO_METHOD_SPECIFIC_SENSITIVITY,FROZEN_BY_PREDICTION_AUTHORITY,Current-main active value. The frozen prediction producer was ac9bda0f7432d56229ede36bbb8fa06167846313; inherited defaults were not preserved as a complete runtime dump.
B0_CURRENT_STANDARD_V2_20260728,engineering_or_indirect,dup_area_ratio_threshold,0.8,unitless,INHERITED_DEFAULT_WITH_PROVENANCE,src/pig_behavior/tracking/config.py,52c5f54ad44b6f76a8d143d168bdc942542d5fd263903cbf630f9c58ecf1cdd0,95dd37982251a6b59779e0eed020e266b54fc88c,,NO,547ae86e3be26671a9a148cb0e613ea1c602a0ff842a977ce9b7f1d217c10e41,PARTIAL_INHERITED_DEFAULTS_NOT_DUMPED,BOUND_BY_SOURCE_CODE,engineering_or_indirect,Inherited from the hashed TrackingConfig source; no separate sensitivity claim.,PARTIAL_NO_METHOD_SPECIFIC_SENSITIVITY,FROZEN_BY_PREDICTION_AUTHORITY,Current-main active value. The frozen prediction producer was ac9bda0f7432d56229ede36bbb8fa06167846313; inherited defaults were not preserved as a complete runtime dump.
B0_CURRENT_STANDARD_V2_20260728,engineering_or_indirect,dup_center_threshold,0.35,unitless,INHERITED_DEFAULT_WITH_PROVENANCE,src/pig_behavior/tracking/config.py,52c5f54ad44b6f76a8d143d168bdc942542d5fd263903cbf630f9c58ecf1cdd0,95dd37982251a6b59779e0eed020e266b54fc88c,,NO,547ae86e3be26671a9a148cb0e613ea1c602a0ff842a977ce9b7f1d217c10e41,PARTIAL_INHERITED_DEFAULTS_NOT_DUMPED,BOUND_BY_SOURCE_CODE,engineering_or_indirect,Inherited from the hashed TrackingConfig source; no separate sensitivity claim.,PARTIAL_NO_METHOD_SPECIFIC_SENSITIVITY,FROZEN_BY_PREDICTION_AUTHORITY,Current-main active value. The frozen prediction producer was ac9bda0f7432d56229ede36bbb8fa06167846313; inherited defaults were not preserved as a complete runtime dump.
B0_CURRENT_STANDARD_V2_20260728,engineering_or_indirect,dup_containment_threshold,0.85,unitless,INHERITED_DEFAULT_WITH_PROVENANCE,src/pig_behavior/tracking/config.py,52c5f54ad44b6f76a8d143d168bdc942542d5fd263903cbf630f9c58ecf1cdd0,95dd37982251a6b59779e0eed020e266b54fc88c,,NO,547ae86e3be26671a9a148cb0e613ea1c602a0ff842a977ce9b7f1d217c10e41,PARTIAL_INHERITED_DEFAULTS_NOT_DUMPED,BOUND_BY_SOURCE_CODE,engineering_or_indirect,Inherited from the hashed TrackingConfig source; no separate sensitivity claim.,PARTIAL_NO_METHOD_SPECIFIC_SENSITIVITY,FROZEN_BY_PREDICTION_AUTHORITY,Current-main active value. The frozen prediction producer was ac9bda0f7432d56229ede36bbb8fa06167846313; inherited defaults were not preserved as a complete runtime dump.
B0_CURRENT_STANDARD_V2_20260728,association,dup_iou_threshold,0.6,unitless ratio,INHERITED_DEFAULT_WITH_PROVENANCE,src/pig_behavior/tracking/config.py,52c5f54ad44b6f76a8d143d168bdc942542d5fd263903cbf630f9c58ecf1cdd0,95dd37982251a6b59779e0eed020e266b54fc88c,,NO,547ae86e3be26671a9a148cb0e613ea1c602a0ff842a977ce9b7f1d217c10e41,PARTIAL_INHERITED_DEFAULTS_NOT_DUMPED,BOUND_BY_SOURCE_CODE,association,Inherited from the hashed TrackingConfig source; no separate sensitivity claim.,PARTIAL_NO_METHOD_SPECIFIC_SENSITIVITY,FROZEN_BY_PREDICTION_AUTHORITY,Current-main active value. The frozen prediction producer was ac9bda0f7432d56229ede36bbb8fa06167846313; inherited defaults were not preserved as a complete runtime dump.
B0_CURRENT_STANDARD_V2_20260728,Hidden_state,emit_hidden_tracks,true,boolean,INHERITED_DEFAULT_WITH_PROVENANCE,src/pig_behavior/tracking/config.py,52c5f54ad44b6f76a8d143d168bdc942542d5fd263903cbf630f9c58ecf1cdd0,95dd37982251a6b59779e0eed020e266b54fc88c,,NO,547ae86e3be26671a9a148cb0e613ea1c602a0ff842a977ce9b7f1d217c10e41,PARTIAL_INHERITED_DEFAULTS_NOT_DUMPED,BOUND_BY_SOURCE_CODE,Hidden_state,Inherited from the hashed TrackingConfig source; no separate sensitivity claim.,PARTIAL_NO_METHOD_SPECIFIC_SENSITIVITY,FROZEN_BY_PREDICTION_AUTHORITY,Current-main active value. The frozen prediction producer was ac9bda0f7432d56229ede36bbb8fa06167846313; inherited defaults were not preserved as a complete runtime dump.
B0_CURRENT_STANDARD_V2_20260728,bbox_geometry,enable_offline_smoothing,false,boolean,PREDECLARED_DEVELOPMENT_SELECTION,src/pig_behavior/tracking/profiles/bytetrack_raw.py,fe62045b5e260e45cd735f8be70726d3cf8c3f7fc2ea1159f22b968728f522e0,95dd37982251a6b59779e0eed020e266b54fc88c,false,YES,547ae86e3be26671a9a148cb0e613ea1c602a0ff842a977ce9b7f1d217c10e41,YES_PROFILE_OVERRIDE_ONLY,BOUND_BY_EFFECTIVE_CONFIG,bbox_geometry,Profile override frozen by a development authority before its authority run.,SUFFICIENT_WITH_DEVELOPMENT_SCOPE_LIMITATION,FROZEN_BY_PREDICTION_AUTHORITY,Current-main active value. The frozen prediction producer was ac9bda0f7432d56229ede36bbb8fa06167846313; inherited defaults were not preserved as a complete runtime dump.
B0_CURRENT_STANDARD_V2_20260728,identity_repair,episode_pair_swap_anchor_window_frames,8,frames,INHERITED_DEFAULT_WITH_PROVENANCE,src/pig_behavior/tracking/config.py,52c5f54ad44b6f76a8d143d168bdc942542d5fd263903cbf630f9c58ecf1cdd0,95dd37982251a6b59779e0eed020e266b54fc88c,,NO,547ae86e3be26671a9a148cb0e613ea1c602a0ff842a977ce9b7f1d217c10e41,PARTIAL_INHERITED_DEFAULTS_NOT_DUMPED,BOUND_BY_SOURCE_CODE,identity_repair|runtime,Inherited from the hashed TrackingConfig source; no separate sensitivity claim.,PARTIAL_NO_METHOD_SPECIFIC_SENSITIVITY,FROZEN_BY_PREDICTION_AUTHORITY,Current-main active value. The frozen prediction producer was ac9bda0f7432d56229ede36bbb8fa06167846313; inherited defaults were not preserved as a complete runtime dump.
B0_CURRENT_STANDARD_V2_20260728,identity_repair,episode_pair_swap_max_frames,12,frames,HARDWARE_OR_RUNTIME_CONSTRAINT,src/pig_behavior/tracking/config.py,52c5f54ad44b6f76a8d143d168bdc942542d5fd263903cbf630f9c58ecf1cdd0,95dd37982251a6b59779e0eed020e266b54fc88c,,NO,547ae86e3be26671a9a148cb0e613ea1c602a0ff842a977ce9b7f1d217c10e41,PARTIAL_INHERITED_DEFAULTS_NOT_DUMPED,BOUND_BY_SOURCE_CODE,identity_repair|runtime,Execution/safety constraint rather than a quality claim.,SUFFICIENT,FROZEN_BY_PREDICTION_AUTHORITY,Current-main active value. The frozen prediction producer was ac9bda0f7432d56229ede36bbb8fa06167846313; inherited defaults were not preserved as a complete runtime dump.
B0_CURRENT_STANDARD_V2_20260728,identity_repair,episode_pair_swap_min_motion_gain,0.1,unitless,INHERITED_DEFAULT_WITH_PROVENANCE,src/pig_behavior/tracking/config.py,52c5f54ad44b6f76a8d143d168bdc942542d5fd263903cbf630f9c58ecf1cdd0,95dd37982251a6b59779e0eed020e266b54fc88c,,NO,547ae86e3be26671a9a148cb0e613ea1c602a0ff842a977ce9b7f1d217c10e41,PARTIAL_INHERITED_DEFAULTS_NOT_DUMPED,BOUND_BY_SOURCE_CODE,identity_repair,Inherited from the hashed TrackingConfig source; no separate sensitivity claim.,PARTIAL_NO_METHOD_SPECIFIC_SENSITIVITY,FROZEN_BY_PREDICTION_AUTHORITY,Current-main active value. The frozen prediction producer was ac9bda0f7432d56229ede36bbb8fa06167846313; inherited defaults were not preserved as a complete runtime dump.
B0_CURRENT_STANDARD_V2_20260728,association,episode_pair_swap_min_overlap_iou,0.2,unitless ratio,INHERITED_DEFAULT_WITH_PROVENANCE,src/pig_behavior/tracking/config.py,52c5f54ad44b6f76a8d143d168bdc942542d5fd263903cbf630f9c58ecf1cdd0,95dd37982251a6b59779e0eed020e266b54fc88c,,NO,547ae86e3be26671a9a148cb0e613ea1c602a0ff842a977ce9b7f1d217c10e41,PARTIAL_INHERITED_DEFAULTS_NOT_DUMPED,BOUND_BY_SOURCE_CODE,association|identity_repair,Inherited from the hashed TrackingConfig source; no separate sensitivity claim.,PARTIAL_NO_METHOD_SPECIFIC_SENSITIVITY,FROZEN_BY_PREDICTION_AUTHORITY,Current-main active value. The frozen prediction producer was ac9bda0f7432d56229ede36bbb8fa06167846313; inherited defaults were not preserved as a complete runtime dump.
B0_CURRENT_STANDARD_V2_20260728,identity_repair,episode_pair_swap_repair,false,boolean,INHERITED_DEFAULT_WITH_PROVENANCE,src/pig_behavior/tracking/config.py,52c5f54ad44b6f76a8d143d168bdc942542d5fd263903cbf630f9c58ecf1cdd0,95dd37982251a6b59779e0eed020e266b54fc88c,,NO,547ae86e3be26671a9a148cb0e613ea1c602a0ff842a977ce9b7f1d217c10e41,PARTIAL_INHERITED_DEFAULTS_NOT_DUMPED,BOUND_BY_SOURCE_CODE,identity_repair,Inherited from the hashed TrackingConfig source; no separate sensitivity claim.,PARTIAL_NO_METHOD_SPECIFIC_SENSITIVITY,FROZEN_BY_PREDICTION_AUTHORITY,Current-main active value. The frozen prediction producer was ac9bda0f7432d56229ede36bbb8fa06167846313; inherited defaults were not preserved as a complete runtime dump.
B0_CURRENT_STANDARD_V2_20260728,engineering_or_indirect,expected_pigs,8,count,ORIGINAL_METHOD_SPECIFICATION,src/pig_behavior/tracking/config.py,52c5f54ad44b6f76a8d143d168bdc942542d5fd263903cbf630f9c58ecf1cdd0,95dd37982251a6b59779e0eed020e266b54fc88c,,NO,547ae86e3be26671a9a148cb0e613ea1c602a0ff842a977ce9b7f1d217c10e41,PARTIAL_INHERITED_DEFAULTS_NOT_DUMPED,BOUND_BY_SOURCE_CODE,engineering_or_indirect,Defines the method family or locked eight-animal task.,SUFFICIENT,FROZEN_BY_PREDICTION_AUTHORITY,Current-main active value. The frozen prediction producer was ac9bda0f7432d56229ede36bbb8fa06167846313; inherited defaults were not preserved as a complete runtime dump.
B0_CURRENT_STANDARD_V2_20260728,Hidden_state,far_camera_hidden_geometry_max_center_shift,0.12,unitless,INHERITED_DEFAULT_WITH_PROVENANCE,src/pig_behavior/tracking/config.py,52c5f54ad44b6f76a8d143d168bdc942542d5fd263903cbf630f9c58ecf1cdd0,95dd37982251a6b59779e0eed020e266b54fc88c,,NO,547ae86e3be26671a9a148cb0e613ea1c602a0ff842a977ce9b7f1d217c10e41,PARTIAL_INHERITED_DEFAULTS_NOT_DUMPED,BOUND_BY_SOURCE_CODE,Hidden_state|bbox_geometry,Inherited from the hashed TrackingConfig source; no separate sensitivity claim.,PARTIAL_NO_METHOD_SPECIFIC_SENSITIVITY,FROZEN_BY_PREDICTION_AUTHORITY,Current-main active value. The frozen prediction producer was ac9bda0f7432d56229ede36bbb8fa06167846313; inherited defaults were not preserved as a complete runtime dump.
B0_CURRENT_STANDARD_V2_20260728,Hidden_state,far_camera_hidden_geometry_max_future_gap_frames,15,frames,INHERITED_DEFAULT_WITH_PROVENANCE,src/pig_behavior/tracking/config.py,52c5f54ad44b6f76a8d143d168bdc942542d5fd263903cbf630f9c58ecf1cdd0,95dd37982251a6b59779e0eed020e266b54fc88c,,NO,547ae86e3be26671a9a148cb0e613ea1c602a0ff842a977ce9b7f1d217c10e41,PARTIAL_INHERITED_DEFAULTS_NOT_DUMPED,BOUND_BY_SOURCE_CODE,Hidden_state|bbox_geometry|runtime,Inherited from the hashed TrackingConfig source; no separate sensitivity claim.,PARTIAL_NO_METHOD_SPECIFIC_SENSITIVITY,FROZEN_BY_PREDICTION_AUTHORITY,Current-main active value. The frozen prediction producer was ac9bda0f7432d56229ede36bbb8fa06167846313; inherited defaults were not preserved as a complete runtime dump.
B0_CURRENT_STANDARD_V2_20260728,Hidden_state,far_camera_hidden_geometry_min_height_excess,0.15,unitless,INHERITED_DEFAULT_WITH_PROVENANCE,src/pig_behavior/tracking/config.py,52c5f54ad44b6f76a8d143d168bdc942542d5fd263903cbf630f9c58ecf1cdd0,95dd37982251a6b59779e0eed020e266b54fc88c,,NO,547ae86e3be26671a9a148cb0e613ea1c602a0ff842a977ce9b7f1d217c10e41,PARTIAL_INHERITED_DEFAULTS_NOT_DUMPED,BOUND_BY_SOURCE_CODE,Hidden_state|bbox_geometry,Inherited from the hashed TrackingConfig source; no separate sensitivity claim.,PARTIAL_NO_METHOD_SPECIFIC_SENSITIVITY,FROZEN_BY_PREDICTION_AUTHORITY,Current-main active value. The frozen prediction producer was ac9bda0f7432d56229ede36bbb8fa06167846313; inherited defaults were not preserved as a complete runtime dump.
B0_CURRENT_STANDARD_V2_20260728,Hidden_state,far_camera_hidden_geometry_min_overlap_reduction,0.1,unitless,INHERITED_DEFAULT_WITH_PROVENANCE,src/pig_behavior/tracking/config.py,52c5f54ad44b6f76a8d143d168bdc942542d5fd263903cbf630f9c58ecf1cdd0,95dd37982251a6b59779e0eed020e266b54fc88c,,NO,547ae86e3be26671a9a148cb0e613ea1c602a0ff842a977ce9b7f1d217c10e41,PARTIAL_INHERITED_DEFAULTS_NOT_DUMPED,BOUND_BY_SOURCE_CODE,Hidden_state|bbox_geometry,Inherited from the hashed TrackingConfig source; no separate sensitivity claim.,PARTIAL_NO_METHOD_SPECIFIC_SENSITIVITY,FROZEN_BY_PREDICTION_AUTHORITY,Current-main active value. The frozen prediction producer was ac9bda0f7432d56229ede36bbb8fa06167846313; inherited defaults were not preserved as a complete runtime dump.
B0_CURRENT_STANDARD_V2_20260728,association,far_camera_hidden_geometry_min_visible_overlap_iou,0.65,unitless ratio,INHERITED_DEFAULT_WITH_PROVENANCE,src/pig_behavior/tracking/config.py,52c5f54ad44b6f76a8d143d168bdc942542d5fd263903cbf630f9c58ecf1cdd0,95dd37982251a6b59779e0eed020e266b54fc88c,,NO,547ae86e3be26671a9a148cb0e613ea1c602a0ff842a977ce9b7f1d217c10e41,PARTIAL_INHERITED_DEFAULTS_NOT_DUMPED,BOUND_BY_SOURCE_CODE,association|Hidden_state|bbox_geometry,Inherited from the hashed TrackingConfig source; no separate sensitivity claim.,PARTIAL_NO_METHOD_SPECIFIC_SENSITIVITY,FROZEN_BY_PREDICTION_AUTHORITY,Current-main active value. The frozen prediction producer was ac9bda0f7432d56229ede36bbb8fa06167846313; inherited defaults were not preserved as a complete runtime dump.
B0_CURRENT_STANDARD_V2_20260728,Hidden_state,far_camera_hidden_geometry_original_weight,0.1,unitless,INHERITED_DEFAULT_WITH_PROVENANCE,src/pig_behavior/tracking/config.py,52c5f54ad44b6f76a8d143d168bdc942542d5fd263903cbf630f9c58ecf1cdd0,95dd37982251a6b59779e0eed020e266b54fc88c,,NO,547ae86e3be26671a9a148cb0e613ea1c602a0ff842a977ce9b7f1d217c10e41,PARTIAL_INHERITED_DEFAULTS_NOT_DUMPED,BOUND_BY_SOURCE_CODE,Hidden_state|bbox_geometry,Inherited from the hashed TrackingConfig source; no separate sensitivity claim.,PARTIAL_NO_METHOD_SPECIFIC_SENSITIVITY,FROZEN_BY_PREDICTION_AUTHORITY,Current-main active value. The frozen prediction producer was ac9bda0f7432d56229ede36bbb8fa06167846313; inherited defaults were not preserved as a complete runtime dump.
B0_CURRENT_STANDARD_V2_20260728,Hidden_state,far_camera_hidden_geometry_refine,false,boolean,INHERITED_DEFAULT_WITH_PROVENANCE,src/pig_behavior/tracking/config.py,52c5f54ad44b6f76a8d143d168bdc942542d5fd263903cbf630f9c58ecf1cdd0,95dd37982251a6b59779e0eed020e266b54fc88c,,NO,547ae86e3be26671a9a148cb0e613ea1c602a0ff842a977ce9b7f1d217c10e41,PARTIAL_INHERITED_DEFAULTS_NOT_DUMPED,BOUND_BY_SOURCE_CODE,Hidden_state|bbox_geometry,Inherited from the hashed TrackingConfig source; no separate sensitivity claim.,PARTIAL_NO_METHOD_SPECIFIC_SENSITIVITY,FROZEN_BY_PREDICTION_AUTHORITY,Current-main active value. The frozen prediction producer was ac9bda0f7432d56229ede36bbb8fa06167846313; inherited defaults were not preserved as a complete runtime dump.
B0_CURRENT_STANDARD_V2_20260728,Hidden_state,far_camera_hidden_geometry_x_threshold,0.67,unitless,INHERITED_DEFAULT_WITH_PROVENANCE,src/pig_behavior/tracking/config.py,52c5f54ad44b6f76a8d143d168bdc942542d5fd263903cbf630f9c58ecf1cdd0,95dd37982251a6b59779e0eed020e266b54fc88c,,NO,547ae86e3be26671a9a148cb0e613ea1c602a0ff842a977ce9b7f1d217c10e41,PARTIAL_INHERITED_DEFAULTS_NOT_DUMPED,BOUND_BY_SOURCE_CODE,Hidden_state|bbox_geometry,Inherited from the hashed TrackingConfig source; no separate sensitivity claim.,PARTIAL_NO_METHOD_SPECIFIC_SENSITIVITY,FROZEN_BY_PREDICTION_AUTHORITY,Current-main active value. The frozen prediction producer was ac9bda0f7432d56229ede36bbb8fa06167846313; inherited defaults were not preserved as a complete runtime dump.
B0_CURRENT_STANDARD_V2_20260728,Hidden_state,freeze_identity_in_occlusion,true,boolean,INHERITED_DEFAULT_WITH_PROVENANCE,src/pig_behavior/tracking/config.py,52c5f54ad44b6f76a8d143d168bdc942542d5fd263903cbf630f9c58ecf1cdd0,95dd37982251a6b59779e0eed020e266b54fc88c,,NO,547ae86e3be26671a9a148cb0e613ea1c602a0ff842a977ce9b7f1d217c10e41,PARTIAL_INHERITED_DEFAULTS_NOT_DUMPED,BOUND_BY_SOURCE_CODE,Hidden_state,Inherited from the hashed TrackingConfig source; no separate sensitivity claim.,PARTIAL_NO_METHOD_SPECIFIC_SENSITIVITY,FROZEN_BY_PREDICTION_AUTHORITY,Current-main active value. The frozen prediction producer was ac9bda0f7432d56229ede36bbb8fa06167846313; inherited defaults were not preserved as a complete runtime dump.
B0_CURRENT_STANDARD_V2_20260728,runtime,half,false,boolean,HARDWARE_OR_RUNTIME_CONSTRAINT,src/pig_behavior/tracking/config.py,52c5f54ad44b6f76a8d143d168bdc942542d5fd263903cbf630f9c58ecf1cdd0,95dd37982251a6b59779e0eed020e266b54fc88c,,NO,547ae86e3be26671a9a148cb0e613ea1c602a0ff842a977ce9b7f1d217c10e41,PARTIAL_INHERITED_DEFAULTS_NOT_DUMPED,BOUND_BY_SOURCE_CODE,runtime,Execution/safety constraint rather than a quality claim.,SUFFICIENT,FROZEN_BY_PREDICTION_AUTHORITY,Current-main active value. The frozen prediction producer was ac9bda0f7432d56229ede36bbb8fa06167846313; inherited defaults were not preserved as a complete runtime dump.
B0_CURRENT_STANDARD_V2_20260728,detection,hard_occlusion_detection_iom_threshold,0.45,unitless,INHERITED_DEFAULT_WITH_PROVENANCE,src/pig_behavior/tracking/config.py,52c5f54ad44b6f76a8d143d168bdc942542d5fd263903cbf630f9c58ecf1cdd0,95dd37982251a6b59779e0eed020e266b54fc88c,,NO,547ae86e3be26671a9a148cb0e613ea1c602a0ff842a977ce9b7f1d217c10e41,PARTIAL_INHERITED_DEFAULTS_NOT_DUMPED,BOUND_BY_SOURCE_CODE,detection|Hidden_state,Inherited from the hashed TrackingConfig source; no separate sensitivity claim.,PARTIAL_NO_METHOD_SPECIFIC_SENSITIVITY,FROZEN_BY_PREDICTION_AUTHORITY,Current-main active value. The frozen prediction producer was ac9bda0f7432d56229ede36bbb8fa06167846313; inherited defaults were not preserved as a complete runtime dump.
B0_CURRENT_STANDARD_V2_20260728,Hidden_state,hard_occlusion_min_frames,2,frames,INHERITED_DEFAULT_WITH_PROVENANCE,src/pig_behavior/tracking/config.py,52c5f54ad44b6f76a8d143d168bdc942542d5fd263903cbf630f9c58ecf1cdd0,95dd37982251a6b59779e0eed020e266b54fc88c,,NO,547ae86e3be26671a9a148cb0e613ea1c602a0ff842a977ce9b7f1d217c10e41,PARTIAL_INHERITED_DEFAULTS_NOT_DUMPED,BOUND_BY_SOURCE_CODE,Hidden_state|runtime,Inherited from the hashed TrackingConfig source; no separate sensitivity claim.,PARTIAL_NO_METHOD_SPECIFIC_SENSITIVITY,FROZEN_BY_PREDICTION_AUTHORITY,Current-main active value. The frozen prediction producer was ac9bda0f7432d56229ede36bbb8fa06167846313; inherited defaults were not preserved as a complete runtime dump.
B0_CURRENT_STANDARD_V2_20260728,Hidden_state,hard_occlusion_recovery_frames,10,frames,INHERITED_DEFAULT_WITH_PROVENANCE,src/pig_behavior/tracking/config.py,52c5f54ad44b6f76a8d143d168bdc942542d5fd263903cbf630f9c58ecf1cdd0,95dd37982251a6b59779e0eed020e266b54fc88c,,NO,547ae86e3be26671a9a148cb0e613ea1c602a0ff842a977ce9b7f1d217c10e41,PARTIAL_INHERITED_DEFAULTS_NOT_DUMPED,BOUND_BY_SOURCE_CODE,Hidden_state|runtime,Inherited from the hashed TrackingConfig source; no separate sensitivity claim.,PARTIAL_NO_METHOD_SPECIFIC_SENSITIVITY,FROZEN_BY_PREDICTION_AUTHORITY,Current-main active value. The frozen prediction producer was ac9bda0f7432d56229ede36bbb8fa06167846313; inherited defaults were not preserved as a complete runtime dump.
B0_CURRENT_STANDARD_V2_20260728,Hidden_state,hard_occlusion_score_threshold,0.65,unitless,INHERITED_DEFAULT_WITH_PROVENANCE,src/pig_behavior/tracking/config.py,52c5f54ad44b6f76a8d143d168bdc942542d5fd263903cbf630f9c58ecf1cdd0,95dd37982251a6b59779e0eed020e266b54fc88c,,NO,547ae86e3be26671a9a148cb0e613ea1c602a0ff842a977ce9b7f1d217c10e41,PARTIAL_INHERITED_DEFAULTS_NOT_DUMPED,BOUND_BY_SOURCE_CODE,Hidden_state,Inherited from the hashed TrackingConfig source; no separate sensitivity claim.,PARTIAL_NO_METHOD_SPECIFIC_SENSITIVITY,FROZEN_BY_PREDICTION_AUTHORITY,Current-main active value. The frozen prediction producer was ac9bda0f7432d56229ede36bbb8fa06167846313; inherited defaults were not preserved as a complete runtime dump.
B0_CURRENT_STANDARD_V2_20260728,Hidden_state,hard_occlusion_track_iom_threshold,0.35,unitless,INHERITED_DEFAULT_WITH_PROVENANCE,src/pig_behavior/tracking/config.py,52c5f54ad44b6f76a8d143d168bdc942542d5fd263903cbf630f9c58ecf1cdd0,95dd37982251a6b59779e0eed020e266b54fc88c,,NO,547ae86e3be26671a9a148cb0e613ea1c602a0ff842a977ce9b7f1d217c10e41,PARTIAL_INHERITED_DEFAULTS_NOT_DUMPED,BOUND_BY_SOURCE_CODE,Hidden_state,Inherited from the hashed TrackingConfig source; no separate sensitivity claim.,PARTIAL_NO_METHOD_SPECIFIC_SENSITIVITY,FROZEN_BY_PREDICTION_AUTHORITY,Current-main active value. The frozen prediction producer was ac9bda0f7432d56229ede36bbb8fa06167846313; inherited defaults were not preserved as a complete runtime dump.
B0_CURRENT_STANDARD_V2_20260728,Hidden_state,hidden_acceleration_alpha,0.35,unitless,INHERITED_DEFAULT_WITH_PROVENANCE,src/pig_behavior/tracking/config.py,52c5f54ad44b6f76a8d143d168bdc942542d5fd263903cbf630f9c58ecf1cdd0,95dd37982251a6b59779e0eed020e266b54fc88c,,NO,547ae86e3be26671a9a148cb0e613ea1c602a0ff842a977ce9b7f1d217c10e41,PARTIAL_INHERITED_DEFAULTS_NOT_DUMPED,BOUND_BY_SOURCE_CODE,Hidden_state|evaluator_only,Inherited from the hashed TrackingConfig source; no separate sensitivity claim.,PARTIAL_NO_METHOD_SPECIFIC_SENSITIVITY,FROZEN_BY_PREDICTION_AUTHORITY,Current-main active value. The frozen prediction producer was ac9bda0f7432d56229ede36bbb8fa06167846313; inherited defaults were not preserved as a complete runtime dump.
B0_CURRENT_STANDARD_V2_20260728,Hidden_state,hidden_max_motion_step_box_scale,1.5,unitless,INHERITED_DEFAULT_WITH_PROVENANCE,src/pig_behavior/tracking/config.py,52c5f54ad44b6f76a8d143d168bdc942542d5fd263903cbf630f9c58ecf1cdd0,95dd37982251a6b59779e0eed020e266b54fc88c,,NO,547ae86e3be26671a9a148cb0e613ea1c602a0ff842a977ce9b7f1d217c10e41,PARTIAL_INHERITED_DEFAULTS_NOT_DUMPED,BOUND_BY_SOURCE_CODE,Hidden_state|bbox_geometry,Inherited from the hashed TrackingConfig source; no separate sensitivity claim.,PARTIAL_NO_METHOD_SPECIFIC_SENSITIVITY,FROZEN_BY_PREDICTION_AUTHORITY,Current-main active value. The frozen prediction producer was ac9bda0f7432d56229ede36bbb8fa06167846313; inherited defaults were not preserved as a complete runtime dump.
B0_CURRENT_STANDARD_V2_20260728,Hidden_state,hidden_min_motion_history,4,count,INHERITED_DEFAULT_WITH_PROVENANCE,src/pig_behavior/tracking/config.py,52c5f54ad44b6f76a8d143d168bdc942542d5fd263903cbf630f9c58ecf1cdd0,95dd37982251a6b59779e0eed020e266b54fc88c,,NO,547ae86e3be26671a9a148cb0e613ea1c602a0ff842a977ce9b7f1d217c10e41,PARTIAL_INHERITED_DEFAULTS_NOT_DUMPED,BOUND_BY_SOURCE_CODE,Hidden_state,Inherited from the hashed TrackingConfig source; no separate sensitivity claim.,PARTIAL_NO_METHOD_SPECIFIC_SENSITIVITY,FROZEN_BY_PREDICTION_AUTHORITY,Current-main active value. The frozen prediction producer was ac9bda0f7432d56229ede36bbb8fa06167846313; inherited defaults were not preserved as a complete runtime dump.
B0_CURRENT_STANDARD_V2_20260728,lifecycle,hidden_missed_frames,5,frames,INHERITED_DEFAULT_WITH_PROVENANCE,src/pig_behavior/tracking/config.py,52c5f54ad44b6f76a8d143d168bdc942542d5fd263903cbf630f9c58ecf1cdd0,95dd37982251a6b59779e0eed020e266b54fc88c,,NO,547ae86e3be26671a9a148cb0e613ea1c602a0ff842a977ce9b7f1d217c10e41,PARTIAL_INHERITED_DEFAULTS_NOT_DUMPED,BOUND_BY_SOURCE_CODE,lifecycle|Hidden_state|runtime,Inherited from the hashed TrackingConfig source; no separate sensitivity claim.,PARTIAL_NO_METHOD_SPECIFIC_SENSITIVITY,FROZEN_BY_PREDICTION_AUTHORITY,Current-main active value. The frozen prediction producer was ac9bda0f7432d56229ede36bbb8fa06167846313; inherited defaults were not preserved as a complete runtime dump.
B0_CURRENT_STANDARD_V2_20260728,Hidden_state,hidden_motion_consistency,0.55,unitless,INHERITED_DEFAULT_WITH_PROVENANCE,src/pig_behavior/tracking/config.py,52c5f54ad44b6f76a8d143d168bdc942542d5fd263903cbf630f9c58ecf1cdd0,95dd37982251a6b59779e0eed020e266b54fc88c,,NO,547ae86e3be26671a9a148cb0e613ea1c602a0ff842a977ce9b7f1d217c10e41,PARTIAL_INHERITED_DEFAULTS_NOT_DUMPED,BOUND_BY_SOURCE_CODE,Hidden_state,Inherited from the hashed TrackingConfig source; no separate sensitivity claim.,PARTIAL_NO_METHOD_SPECIFIC_SENSITIVITY,FROZEN_BY_PREDICTION_AUTHORITY,Current-main active value. The frozen prediction producer was ac9bda0f7432d56229ede36bbb8fa06167846313; inherited defaults were not preserved as a complete runtime dump.
B0_CURRENT_STANDARD_V2_20260728,Hidden_state,hidden_motion_history,8,count,INHERITED_DEFAULT_WITH_PROVENANCE,src/pig_behavior/tracking/config.py,52c5f54ad44b6f76a8d143d168bdc942542d5fd263903cbf630f9c58ecf1cdd0,95dd37982251a6b59779e0eed020e266b54fc88c,,NO,547ae86e3be26671a9a148cb0e613ea1c602a0ff842a977ce9b7f1d217c10e41,PARTIAL_INHERITED_DEFAULTS_NOT_DUMPED,BOUND_BY_SOURCE_CODE,Hidden_state,Inherited from the hashed TrackingConfig source; no separate sensitivity claim.,PARTIAL_NO_METHOD_SPECIFIC_SENSITIVITY,FROZEN_BY_PREDICTION_AUTHORITY,Current-main active value. The frozen prediction producer was ac9bda0f7432d56229ede36bbb8fa06167846313; inherited defaults were not preserved as a complete runtime dump.
B0_CURRENT_STANDARD_V2_20260728,Hidden_state,hidden_motion_model,false,boolean,PREDECLARED_DEVELOPMENT_SELECTION,src/pig_behavior/tracking/profiles/bytetrack_raw.py,fe62045b5e260e45cd735f8be70726d3cf8c3f7fc2ea1159f22b968728f522e0,95dd37982251a6b59779e0eed020e266b54fc88c,false,YES,547ae86e3be26671a9a148cb0e613ea1c602a0ff842a977ce9b7f1d217c10e41,YES_PROFILE_OVERRIDE_ONLY,BOUND_BY_EFFECTIVE_CONFIG,Hidden_state,Profile override frozen by a development authority before its authority run.,SUFFICIENT_WITH_DEVELOPMENT_SCOPE_LIMITATION,FROZEN_BY_PREDICTION_AUTHORITY,Current-main active value. The frozen prediction producer was ac9bda0f7432d56229ede36bbb8fa06167846313; inherited defaults were not preserved as a complete runtime dump.
B0_CURRENT_STANDARD_V2_20260728,Hidden_state,hidden_moving_displacement,0.035,unitless,INHERITED_DEFAULT_WITH_PROVENANCE,src/pig_behavior/tracking/config.py,52c5f54ad44b6f76a8d143d168bdc942542d5fd263903cbf630f9c58ecf1cdd0,95dd37982251a6b59779e0eed020e266b54fc88c,,NO,547ae86e3be26671a9a148cb0e613ea1c602a0ff842a977ce9b7f1d217c10e41,PARTIAL_INHERITED_DEFAULTS_NOT_DUMPED,BOUND_BY_SOURCE_CODE,Hidden_state,Inherited from the hashed TrackingConfig source; no separate sensitivity claim.,PARTIAL_NO_METHOD_SPECIFIC_SENSITIVITY,FROZEN_BY_PREDICTION_AUTHORITY,Current-main active value. The frozen prediction producer was ac9bda0f7432d56229ede36bbb8fa06167846313; inherited defaults were not preserved as a complete runtime dump.
B0_CURRENT_STANDARD_V2_20260728,association,hidden_overlap_iou_threshold,0.65,unitless ratio,INHERITED_DEFAULT_WITH_PROVENANCE,src/pig_behavior/tracking/config.py,52c5f54ad44b6f76a8d143d168bdc942542d5fd263903cbf630f9c58ecf1cdd0,95dd37982251a6b59779e0eed020e266b54fc88c,,NO,547ae86e3be26671a9a148cb0e613ea1c602a0ff842a977ce9b7f1d217c10e41,PARTIAL_INHERITED_DEFAULTS_NOT_DUMPED,BOUND_BY_SOURCE_CODE,association|Hidden_state,Inherited from the hashed TrackingConfig source; no separate sensitivity claim.,PARTIAL_NO_METHOD_SPECIFIC_SENSITIVITY,FROZEN_BY_PREDICTION_AUTHORITY,Current-main active value. The frozen prediction producer was ac9bda0f7432d56229ede36bbb8fa06167846313; inherited defaults were not preserved as a complete runtime dump.
B0_CURRENT_STANDARD_V2_20260728,Hidden_state,hidden_overlap_window_frames,2,frames,INHERITED_DEFAULT_WITH_PROVENANCE,src/pig_behavior/tracking/config.py,52c5f54ad44b6f76a8d143d168bdc942542d5fd263903cbf630f9c58ecf1cdd0,95dd37982251a6b59779e0eed020e266b54fc88c,,NO,547ae86e3be26671a9a148cb0e613ea1c602a0ff842a977ce9b7f1d217c10e41,PARTIAL_INHERITED_DEFAULTS_NOT_DUMPED,BOUND_BY_SOURCE_CODE,Hidden_state|runtime,Inherited from the hashed TrackingConfig source; no separate sensitivity claim.,PARTIAL_NO_METHOD_SPECIFIC_SENSITIVITY,FROZEN_BY_PREDICTION_AUTHORITY,Current-main active value. The frozen prediction producer was ac9bda0f7432d56229ede36bbb8fa06167846313; inherited defaults were not preserved as a complete runtime dump.
B0_CURRENT_STANDARD_V2_20260728,identity_repair,hidden_owner_guard,false,boolean,INHERITED_DEFAULT_WITH_PROVENANCE,src/pig_behavior/tracking/config.py,52c5f54ad44b6f76a8d143d168bdc942542d5fd263903cbf630f9c58ecf1cdd0,95dd37982251a6b59779e0eed020e266b54fc88c,,NO,547ae86e3be26671a9a148cb0e613ea1c602a0ff842a977ce9b7f1d217c10e41,PARTIAL_INHERITED_DEFAULTS_NOT_DUMPED,BOUND_BY_SOURCE_CODE,identity_repair|Hidden_state,Inherited from the hashed TrackingConfig source; no separate sensitivity claim.,PARTIAL_NO_METHOD_SPECIFIC_SENSITIVITY,FROZEN_BY_PREDICTION_AUTHORITY,Current-main active value. The frozen prediction producer was ac9bda0f7432d56229ede36bbb8fa06167846313; inherited defaults were not preserved as a complete runtime dump.
B0_CURRENT_STANDARD_V2_20260728,association,hidden_owner_guard_cost_margin,0.08,unitless,INHERITED_DEFAULT_WITH_PROVENANCE,src/pig_behavior/tracking/config.py,52c5f54ad44b6f76a8d143d168bdc942542d5fd263903cbf630f9c58ecf1cdd0,95dd37982251a6b59779e0eed020e266b54fc88c,,NO,547ae86e3be26671a9a148cb0e613ea1c602a0ff842a977ce9b7f1d217c10e41,PARTIAL_INHERITED_DEFAULTS_NOT_DUMPED,BOUND_BY_SOURCE_CODE,association|identity_repair|Hidden_state,Inherited from the hashed TrackingConfig source; no separate sensitivity claim.,PARTIAL_NO_METHOD_SPECIFIC_SENSITIVITY,FROZEN_BY_PREDICTION_AUTHORITY,Current-main active value. The frozen prediction producer was ac9bda0f7432d56229ede36bbb8fa06167846313; inherited defaults were not preserved as a complete runtime dump.
B0_CURRENT_STANDARD_V2_20260728,identity_repair,hidden_owner_guard_hold_assignment,false,boolean,INHERITED_DEFAULT_WITH_PROVENANCE,src/pig_behavior/tracking/config.py,52c5f54ad44b6f76a8d143d168bdc942542d5fd263903cbf630f9c58ecf1cdd0,95dd37982251a6b59779e0eed020e266b54fc88c,,NO,547ae86e3be26671a9a148cb0e613ea1c602a0ff842a977ce9b7f1d217c10e41,PARTIAL_INHERITED_DEFAULTS_NOT_DUMPED,BOUND_BY_SOURCE_CODE,identity_repair|Hidden_state,Inherited from the hashed TrackingConfig source; no separate sensitivity claim.,PARTIAL_NO_METHOD_SPECIFIC_SENSITIVITY,FROZEN_BY_PREDICTION_AUTHORITY,Current-main active value. The frozen prediction producer was ac9bda0f7432d56229ede36bbb8fa06167846313; inherited defaults were not preserved as a complete runtime dump.
B0_CURRENT_STANDARD_V2_20260728,lifecycle,hidden_owner_guard_min_missed,2,frames,INHERITED_DEFAULT_WITH_PROVENANCE,src/pig_behavior/tracking/config.py,52c5f54ad44b6f76a8d143d168bdc942542d5fd263903cbf630f9c58ecf1cdd0,95dd37982251a6b59779e0eed020e266b54fc88c,,NO,547ae86e3be26671a9a148cb0e613ea1c602a0ff842a977ce9b7f1d217c10e41,PARTIAL_INHERITED_DEFAULTS_NOT_DUMPED,BOUND_BY_SOURCE_CODE,lifecycle|identity_repair|Hidden_state,Inherited from the hashed TrackingConfig source; no separate sensitivity claim.,PARTIAL_NO_METHOD_SPECIFIC_SENSITIVITY,FROZEN_BY_PREDICTION_AUTHORITY,Current-main active value. The frozen prediction producer was ac9bda0f7432d56229ede36bbb8fa06167846313; inherited defaults were not preserved as a complete runtime dump.
B0_CURRENT_STANDARD_V2_20260728,Hidden_state,hidden_score_threshold,0.15,unitless,INHERITED_DEFAULT_WITH_PROVENANCE,src/pig_behavior/tracking/config.py,52c5f54ad44b6f76a8d143d168bdc942542d5fd263903cbf630f9c58ecf1cdd0,95dd37982251a6b59779e0eed020e266b54fc88c,,NO,547ae86e3be26671a9a148cb0e613ea1c602a0ff842a977ce9b7f1d217c10e41,PARTIAL_INHERITED_DEFAULTS_NOT_DUMPED,BOUND_BY_SOURCE_CODE,Hidden_state,Inherited from the hashed TrackingConfig source; no separate sensitivity claim.,PARTIAL_NO_METHOD_SPECIFIC_SENSITIVITY,FROZEN_BY_PREDICTION_AUTHORITY,Current-main active value. The frozen prediction producer was ac9bda0f7432d56229ede36bbb8fa06167846313; inherited defaults were not preserved as a complete runtime dump.
B0_CURRENT_STANDARD_V2_20260728,Hidden_state,hidden_stationary_displacement,0.015,unitless,INHERITED_DEFAULT_WITH_PROVENANCE,src/pig_behavior/tracking/config.py,52c5f54ad44b6f76a8d143d168bdc942542d5fd263903cbf630f9c58ecf1cdd0,95dd37982251a6b59779e0eed020e266b54fc88c,,NO,547ae86e3be26671a9a148cb0e613ea1c602a0ff842a977ce9b7f1d217c10e41,PARTIAL_INHERITED_DEFAULTS_NOT_DUMPED,BOUND_BY_SOURCE_CODE,Hidden_state,Inherited from the hashed TrackingConfig source; no separate sensitivity claim.,PARTIAL_NO_METHOD_SPECIFIC_SENSITIVITY,FROZEN_BY_PREDICTION_AUTHORITY,Current-main active value. The frozen prediction producer was ac9bda0f7432d56229ede36bbb8fa06167846313; inherited defaults were not preserved as a complete runtime dump.
B0_CURRENT_STANDARD_V2_20260728,Hidden_state,hidden_stationary_lock_frames,8,frames,INHERITED_DEFAULT_WITH_PROVENANCE,src/pig_behavior/tracking/config.py,52c5f54ad44b6f76a8d143d168bdc942542d5fd263903cbf630f9c58ecf1cdd0,95dd37982251a6b59779e0eed020e266b54fc88c,,NO,547ae86e3be26671a9a148cb0e613ea1c602a0ff842a977ce9b7f1d217c10e41,PARTIAL_INHERITED_DEFAULTS_NOT_DUMPED,BOUND_BY_SOURCE_CODE,Hidden_state|runtime,Inherited from the hashed TrackingConfig source; no separate sensitivity claim.,PARTIAL_NO_METHOD_SPECIFIC_SENSITIVITY,FROZEN_BY_PREDICTION_AUTHORITY,Current-main active value. The frozen prediction producer was ac9bda0f7432d56229ede36bbb8fa06167846313; inherited defaults were not preserved as a complete runtime dump.
B0_CURRENT_STANDARD_V2_20260728,Hidden_state,hidden_stationary_speed,0.006,unitless,INHERITED_DEFAULT_WITH_PROVENANCE,src/pig_behavior/tracking/config.py,52c5f54ad44b6f76a8d143d168bdc942542d5fd263903cbf630f9c58ecf1cdd0,95dd37982251a6b59779e0eed020e266b54fc88c,,NO,547ae86e3be26671a9a148cb0e613ea1c602a0ff842a977ce9b7f1d217c10e41,PARTIAL_INHERITED_DEFAULTS_NOT_DUMPED,BOUND_BY_SOURCE_CODE,Hidden_state,Inherited from the hashed TrackingConfig source; no separate sensitivity claim.,PARTIAL_NO_METHOD_SPECIFIC_SENSITIVITY,FROZEN_BY_PREDICTION_AUTHORITY,Current-main active value. The frozen prediction producer was ac9bda0f7432d56229ede36bbb8fa06167846313; inherited defaults were not preserved as a complete runtime dump.
B0_CURRENT_STANDARD_V2_20260728,identity_repair,hidden_suffix_id_swap_max_hidden_frames,15,frames,INHERITED_DEFAULT_WITH_PROVENANCE,src/pig_behavior/tracking/config.py,52c5f54ad44b6f76a8d143d168bdc942542d5fd263903cbf630f9c58ecf1cdd0,95dd37982251a6b59779e0eed020e266b54fc88c,,NO,547ae86e3be26671a9a148cb0e613ea1c602a0ff842a977ce9b7f1d217c10e41,PARTIAL_INHERITED_DEFAULTS_NOT_DUMPED,BOUND_BY_SOURCE_CODE,identity_repair|Hidden_state|runtime,Inherited from the hashed TrackingConfig source; no separate sensitivity claim.,PARTIAL_NO_METHOD_SPECIFIC_SENSITIVITY,FROZEN_BY_PREDICTION_AUTHORITY,Current-main active value. The frozen prediction producer was ac9bda0f7432d56229ede36bbb8fa06167846313; inherited defaults were not preserved as a complete runtime dump.
B0_CURRENT_STANDARD_V2_20260728,identity_repair,hidden_suffix_id_swap_max_hidden_median_score,0.5,unitless,INHERITED_DEFAULT_WITH_PROVENANCE,src/pig_behavior/tracking/config.py,52c5f54ad44b6f76a8d143d168bdc942542d5fd263903cbf630f9c58ecf1cdd0,95dd37982251a6b59779e0eed020e266b54fc88c,,NO,547ae86e3be26671a9a148cb0e613ea1c602a0ff842a977ce9b7f1d217c10e41,PARTIAL_INHERITED_DEFAULTS_NOT_DUMPED,BOUND_BY_SOURCE_CODE,identity_repair|Hidden_state,Inherited from the hashed TrackingConfig source; no separate sensitivity claim.,PARTIAL_NO_METHOD_SPECIFIC_SENSITIVITY,FROZEN_BY_PREDICTION_AUTHORITY,Current-main active value. The frozen prediction producer was ac9bda0f7432d56229ede36bbb8fa06167846313; inherited defaults were not preserved as a complete runtime dump.
B0_CURRENT_STANDARD_V2_20260728,identity_repair,hidden_suffix_id_swap_min_hidden_frames,8,frames,INHERITED_DEFAULT_WITH_PROVENANCE,src/pig_behavior/tracking/config.py,52c5f54ad44b6f76a8d143d168bdc942542d5fd263903cbf630f9c58ecf1cdd0,95dd37982251a6b59779e0eed020e266b54fc88c,,NO,547ae86e3be26671a9a148cb0e613ea1c602a0ff842a977ce9b7f1d217c10e41,PARTIAL_INHERITED_DEFAULTS_NOT_DUMPED,BOUND_BY_SOURCE_CODE,identity_repair|Hidden_state|runtime,Inherited from the hashed TrackingConfig source; no separate sensitivity claim.,PARTIAL_NO_METHOD_SPECIFIC_SENSITIVITY,FROZEN_BY_PREDICTION_AUTHORITY,Current-main active value. The frozen prediction producer was ac9bda0f7432d56229ede36bbb8fa06167846313; inherited defaults were not preserved as a complete runtime dump.
B0_CURRENT_STANDARD_V2_20260728,association,hidden_suffix_id_swap_min_overlap_iou,0.7,unitless ratio,INHERITED_DEFAULT_WITH_PROVENANCE,src/pig_behavior/tracking/config.py,52c5f54ad44b6f76a8d143d168bdc942542d5fd263903cbf630f9c58ecf1cdd0,95dd37982251a6b59779e0eed020e266b54fc88c,,NO,547ae86e3be26671a9a148cb0e613ea1c602a0ff842a977ce9b7f1d217c10e41,PARTIAL_INHERITED_DEFAULTS_NOT_DUMPED,BOUND_BY_SOURCE_CODE,association|identity_repair|Hidden_state,Inherited from the hashed TrackingConfig source; no separate sensitivity claim.,PARTIAL_NO_METHOD_SPECIFIC_SENSITIVITY,FROZEN_BY_PREDICTION_AUTHORITY,Current-main active value. The frozen prediction producer was ac9bda0f7432d56229ede36bbb8fa06167846313; inherited defaults were not preserved as a complete runtime dump.
B0_CURRENT_STANDARD_V2_20260728,identity_repair,hidden_suffix_id_swap_min_overlap_persistence_frames,2,frames,INHERITED_DEFAULT_WITH_PROVENANCE,src/pig_behavior/tracking/config.py,52c5f54ad44b6f76a8d143d168bdc942542d5fd263903cbf630f9c58ecf1cdd0,95dd37982251a6b59779e0eed020e266b54fc88c,,NO,547ae86e3be26671a9a148cb0e613ea1c602a0ff842a977ce9b7f1d217c10e41,PARTIAL_INHERITED_DEFAULTS_NOT_DUMPED,BOUND_BY_SOURCE_CODE,identity_repair|Hidden_state|runtime,Inherited from the hashed TrackingConfig source; no separate sensitivity claim.,PARTIAL_NO_METHOD_SPECIFIC_SENSITIVITY,FROZEN_BY_PREDICTION_AUTHORITY,Current-main active value. The frozen prediction producer was ac9bda0f7432d56229ede36bbb8fa06167846313; inherited defaults were not preserved as a complete runtime dump.
B0_CURRENT_STANDARD_V2_20260728,identity_repair,hidden_suffix_id_swap_min_suffix_frames,600,frames,INHERITED_DEFAULT_WITH_PROVENANCE,src/pig_behavior/tracking/config.py,52c5f54ad44b6f76a8d143d168bdc942542d5fd263903cbf630f9c58ecf1cdd0,95dd37982251a6b59779e0eed020e266b54fc88c,,NO,547ae86e3be26671a9a148cb0e613ea1c602a0ff842a977ce9b7f1d217c10e41,PARTIAL_INHERITED_DEFAULTS_NOT_DUMPED,BOUND_BY_SOURCE_CODE,identity_repair|Hidden_state|runtime,Inherited from the hashed TrackingConfig source; no separate sensitivity claim.,PARTIAL_NO_METHOD_SPECIFIC_SENSITIVITY,FROZEN_BY_PREDICTION_AUTHORITY,Current-main active value. The frozen prediction producer was ac9bda0f7432d56229ede36bbb8fa06167846313; inherited defaults were not preserved as a complete runtime dump.
B0_CURRENT_STANDARD_V2_20260728,identity_repair,hidden_suffix_id_swap_repair,false,boolean,PREDECLARED_DEVELOPMENT_SELECTION,src/pig_behavior/tracking/profiles/bytetrack_raw.py,fe62045b5e260e45cd735f8be70726d3cf8c3f7fc2ea1159f22b968728f522e0,95dd37982251a6b59779e0eed020e266b54fc88c,false,YES,547ae86e3be26671a9a148cb0e613ea1c602a0ff842a977ce9b7f1d217c10e41,YES_PROFILE_OVERRIDE_ONLY,BOUND_BY_EFFECTIVE_CONFIG,identity_repair|Hidden_state,Profile override frozen by a development authority before its authority run.,SUFFICIENT_WITH_DEVELOPMENT_SCOPE_LIMITATION,FROZEN_BY_PREDICTION_AUTHORITY,Current-main active value. The frozen prediction producer was ac9bda0f7432d56229ede36bbb8fa06167846313; inherited defaults were not preserved as a complete runtime dump.
B0_CURRENT_STANDARD_V2_20260728,identity_repair,hidden_suffix_id_swap_start_back_frames,7,frames,INHERITED_DEFAULT_WITH_PROVENANCE,src/pig_behavior/tracking/config.py,52c5f54ad44b6f76a8d143d168bdc942542d5fd263903cbf630f9c58ecf1cdd0,95dd37982251a6b59779e0eed020e266b54fc88c,,NO,547ae86e3be26671a9a148cb0e613ea1c602a0ff842a977ce9b7f1d217c10e41,PARTIAL_INHERITED_DEFAULTS_NOT_DUMPED,BOUND_BY_SOURCE_CODE,identity_repair|Hidden_state|runtime,Inherited from the hashed TrackingConfig source; no separate sensitivity claim.,PARTIAL_NO_METHOD_SPECIFIC_SENSITIVITY,FROZEN_BY_PREDICTION_AUTHORITY,Current-main active value. The frozen prediction producer was ac9bda0f7432d56229ede36bbb8fa06167846313; inherited defaults were not preserved as a complete runtime dump.
B0_CURRENT_STANDARD_V2_20260728,identity_repair,hidden_suffix_id_swap_use_overlap_persistence,false,boolean,INHERITED_DEFAULT_WITH_PROVENANCE,src/pig_behavior/tracking/config.py,52c5f54ad44b6f76a8d143d168bdc942542d5fd263903cbf630f9c58ecf1cdd0,95dd37982251a6b59779e0eed020e266b54fc88c,,NO,547ae86e3be26671a9a148cb0e613ea1c602a0ff842a977ce9b7f1d217c10e41,PARTIAL_INHERITED_DEFAULTS_NOT_DUMPED,BOUND_BY_SOURCE_CODE,identity_repair|Hidden_state,Inherited from the hashed TrackingConfig source; no separate sensitivity claim.,PARTIAL_NO_METHOD_SPECIFIC_SENSITIVITY,FROZEN_BY_PREDICTION_AUTHORITY,Current-main active value. The frozen prediction producer was ac9bda0f7432d56229ede36bbb8fa06167846313; inherited defaults were not preserved as a complete runtime dump.
B0_CURRENT_STANDARD_V2_20260728,Hidden_state,hidden_velocity_alpha,0.65,unitless,INHERITED_DEFAULT_WITH_PROVENANCE,src/pig_behavior/tracking/config.py,52c5f54ad44b6f76a8d143d168bdc942542d5fd263903cbf630f9c58ecf1cdd0,95dd37982251a6b59779e0eed020e266b54fc88c,,NO,547ae86e3be26671a9a148cb0e613ea1c602a0ff842a977ce9b7f1d217c10e41,PARTIAL_INHERITED_DEFAULTS_NOT_DUMPED,BOUND_BY_SOURCE_CODE,Hidden_state|evaluator_only,Inherited from the hashed TrackingConfig source; no separate sensitivity claim.,PARTIAL_NO_METHOD_SPECIFIC_SENSITIVITY,FROZEN_BY_PREDICTION_AUTHORITY,Current-main active value. The frozen prediction producer was ac9bda0f7432d56229ede36bbb8fa06167846313; inherited defaults were not preserved as a complete runtime dump.
B0_CURRENT_STANDARD_V2_20260728,bbox_geometry,high_conf_smooth_alpha,0.75,unitless,INHERITED_DEFAULT_WITH_PROVENANCE,src/pig_behavior/tracking/config.py,52c5f54ad44b6f76a8d143d168bdc942542d5fd263903cbf630f9c58ecf1cdd0,95dd37982251a6b59779e0eed020e266b54fc88c,,NO,547ae86e3be26671a9a148cb0e613ea1c602a0ff842a977ce9b7f1d217c10e41,PARTIAL_INHERITED_DEFAULTS_NOT_DUMPED,BOUND_BY_SOURCE_CODE,bbox_geometry|evaluator_only,Inherited from the hashed TrackingConfig source; no separate sensitivity claim.,PARTIAL_NO_METHOD_SPECIFIC_SENSITIVITY,FROZEN_BY_PREDICTION_AUTHORITY,Current-main active value. The frozen prediction producer was ac9bda0f7432d56229ede36bbb8fa06167846313; inherited defaults were not preserved as a complete runtime dump.
B0_CURRENT_STANDARD_V2_20260728,Hidden_state,hold_occluded_box,true,boolean,INHERITED_DEFAULT_WITH_PROVENANCE,src/pig_behavior/tracking/config.py,52c5f54ad44b6f76a8d143d168bdc942542d5fd263903cbf630f9c58ecf1cdd0,95dd37982251a6b59779e0eed020e266b54fc88c,,NO,547ae86e3be26671a9a148cb0e613ea1c602a0ff842a977ce9b7f1d217c10e41,PARTIAL_INHERITED_DEFAULTS_NOT_DUMPED,BOUND_BY_SOURCE_CODE,Hidden_state|bbox_geometry,Inherited from the hashed TrackingConfig source; no separate sensitivity claim.,PARTIAL_NO_METHOD_SPECIFIC_SENSITIVITY,FROZEN_BY_PREDICTION_AUTHORITY,Current-main active value. The frozen prediction producer was ac9bda0f7432d56229ede36bbb8fa06167846313; inherited defaults were not preserved as a complete runtime dump.
B0_CURRENT_STANDARD_V2_20260728,identity_repair,identity_swap_guard,false,boolean,PREDECLARED_DEVELOPMENT_SELECTION,src/pig_behavior/tracking/profiles/bytetrack_raw.py,fe62045b5e260e45cd735f8be70726d3cf8c3f7fc2ea1159f22b968728f522e0,95dd37982251a6b59779e0eed020e266b54fc88c,false,YES,547ae86e3be26671a9a148cb0e613ea1c602a0ff842a977ce9b7f1d217c10e41,YES_PROFILE_OVERRIDE_ONLY,BOUND_BY_EFFECTIVE_CONFIG,identity_repair,Profile override frozen by a development authority before its authority run.,SUFFICIENT_WITH_DEVELOPMENT_SCOPE_LIMITATION,FROZEN_BY_PREDICTION_AUTHORITY,Current-main active value. The frozen prediction producer was ac9bda0f7432d56229ede36bbb8fa06167846313; inherited defaults were not preserved as a complete runtime dump.
B0_CURRENT_STANDARD_V2_20260728,identity_repair,identity_swap_guard_far_x_threshold,0.67,unitless,INHERITED_DEFAULT_WITH_PROVENANCE,src/pig_behavior/tracking/config.py,52c5f54ad44b6f76a8d143d168bdc942542d5fd263903cbf630f9c58ecf1cdd0,95dd37982251a6b59779e0eed020e266b54fc88c,,NO,547ae86e3be26671a9a148cb0e613ea1c602a0ff842a977ce9b7f1d217c10e41,PARTIAL_INHERITED_DEFAULTS_NOT_DUMPED,BOUND_BY_SOURCE_CODE,identity_repair,Inherited from the hashed TrackingConfig source; no separate sensitivity claim.,PARTIAL_NO_METHOD_SPECIFIC_SENSITIVITY,FROZEN_BY_PREDICTION_AUTHORITY,Current-main active value. The frozen prediction producer was ac9bda0f7432d56229ede36bbb8fa06167846313; inherited defaults were not preserved as a complete runtime dump.
B0_CURRENT_STANDARD_V2_20260728,identity_repair,identity_swap_guard_skip_mixed_occlusion_hold,false,boolean,INHERITED_DEFAULT_WITH_PROVENANCE,src/pig_behavior/tracking/config.py,52c5f54ad44b6f76a8d143d168bdc942542d5fd263903cbf630f9c58ecf1cdd0,95dd37982251a6b59779e0eed020e266b54fc88c,,NO,547ae86e3be26671a9a148cb0e613ea1c602a0ff842a977ce9b7f1d217c10e41,PARTIAL_INHERITED_DEFAULTS_NOT_DUMPED,BOUND_BY_SOURCE_CODE,identity_repair|Hidden_state,Inherited from the hashed TrackingConfig source; no separate sensitivity claim.,PARTIAL_NO_METHOD_SPECIFIC_SENSITIVITY,FROZEN_BY_PREDICTION_AUTHORITY,Current-main active value. The frozen prediction producer was ac9bda0f7432d56229ede36bbb8fa06167846313; inherited defaults were not preserved as a complete runtime dump.
B0_CURRENT_STANDARD_V2_20260728,identity_repair,identity_swap_guard_skip_mixed_occlusion_hold_far_only,false,boolean,INHERITED_DEFAULT_WITH_PROVENANCE,src/pig_behavior/tracking/config.py,52c5f54ad44b6f76a8d143d168bdc942542d5fd263903cbf630f9c58ecf1cdd0,95dd37982251a6b59779e0eed020e266b54fc88c,,NO,547ae86e3be26671a9a148cb0e613ea1c602a0ff842a977ce9b7f1d217c10e41,PARTIAL_INHERITED_DEFAULTS_NOT_DUMPED,BOUND_BY_SOURCE_CODE,identity_repair|Hidden_state,Inherited from the hashed TrackingConfig source; no separate sensitivity claim.,PARTIAL_NO_METHOD_SPECIFIC_SENSITIVITY,FROZEN_BY_PREDICTION_AUTHORITY,Current-main active value. The frozen prediction producer was ac9bda0f7432d56229ede36bbb8fa06167846313; inherited defaults were not preserved as a complete runtime dump.
B0_CURRENT_STANDARD_V2_20260728,identity_repair,identity_swap_iom_threshold,0.1,unitless,INHERITED_DEFAULT_WITH_PROVENANCE,src/pig_behavior/tracking/config.py,52c5f54ad44b6f76a8d143d168bdc942542d5fd263903cbf630f9c58ecf1cdd0,95dd37982251a6b59779e0eed020e266b54fc88c,,NO,547ae86e3be26671a9a148cb0e613ea1c602a0ff842a977ce9b7f1d217c10e41,PARTIAL_INHERITED_DEFAULTS_NOT_DUMPED,BOUND_BY_SOURCE_CODE,identity_repair,Inherited from the hashed TrackingConfig source; no separate sensitivity claim.,PARTIAL_NO_METHOD_SPECIFIC_SENSITIVITY,FROZEN_BY_PREDICTION_AUTHORITY,Current-main active value. The frozen prediction producer was ac9bda0f7432d56229ede36bbb8fa06167846313; inherited defaults were not preserved as a complete runtime dump.
B0_CURRENT_STANDARD_V2_20260728,identity_repair,identity_swap_min_gain,0.015,unitless,INHERITED_DEFAULT_WITH_PROVENANCE,src/pig_behavior/tracking/config.py,52c5f54ad44b6f76a8d143d168bdc942542d5fd263903cbf630f9c58ecf1cdd0,95dd37982251a6b59779e0eed020e266b54fc88c,,NO,547ae86e3be26671a9a148cb0e613ea1c602a0ff842a977ce9b7f1d217c10e41,PARTIAL_INHERITED_DEFAULTS_NOT_DUMPED,BOUND_BY_SOURCE_CODE,identity_repair,Inherited from the hashed TrackingConfig source; no separate sensitivity claim.,PARTIAL_NO_METHOD_SPECIFIC_SENSITIVITY,FROZEN_BY_PREDICTION_AUTHORITY,Current-main active value. The frozen prediction producer was ac9bda0f7432d56229ede36bbb8fa06167846313; inherited defaults were not preserved as a complete runtime dump.
B0_CURRENT_STANDARD_V2_20260728,detection,imgsz,640,count,INHERITED_DEFAULT_WITH_PROVENANCE,src/pig_behavior/tracking/config.py,52c5f54ad44b6f76a8d143d168bdc942542d5fd263903cbf630f9c58ecf1cdd0,95dd37982251a6b59779e0eed020e266b54fc88c,,NO,547ae86e3be26671a9a148cb0e613ea1c602a0ff842a977ce9b7f1d217c10e41,PARTIAL_INHERITED_DEFAULTS_NOT_DUMPED,BOUND_BY_SOURCE_CODE,detection,Inherited from the hashed TrackingConfig source; no separate sensitivity claim.,PARTIAL_NO_METHOD_SPECIFIC_SENSITIVITY,FROZEN_BY_PREDICTION_AUTHORITY,Current-main active value. The frozen prediction producer was ac9bda0f7432d56229ede36bbb8fa06167846313; inherited defaults were not preserved as a complete runtime dump.
B0_CURRENT_STANDARD_V2_20260728,engineering_or_indirect,initial_track_conf,0.45,unitless ratio,INHERITED_DEFAULT_WITH_PROVENANCE,src/pig_behavior/tracking/config.py,52c5f54ad44b6f76a8d143d168bdc942542d5fd263903cbf630f9c58ecf1cdd0,95dd37982251a6b59779e0eed020e266b54fc88c,,NO,547ae86e3be26671a9a148cb0e613ea1c602a0ff842a977ce9b7f1d217c10e41,PARTIAL_INHERITED_DEFAULTS_NOT_DUMPED,BOUND_BY_SOURCE_CODE,engineering_or_indirect,Inherited from the hashed TrackingConfig source; no separate sensitivity claim.,PARTIAL_NO_METHOD_SPECIFIC_SENSITIVITY,FROZEN_BY_PREDICTION_AUTHORITY,Current-main active value. The frozen prediction producer was ac9bda0f7432d56229ede36bbb8fa06167846313; inherited defaults were not preserved as a complete runtime dump.
B0_CURRENT_STANDARD_V2_20260728,association,iou,null,unitless ratio,INHERITED_DEFAULT_WITH_PROVENANCE,src/pig_behavior/tracking/config.py,52c5f54ad44b6f76a8d143d168bdc942542d5fd263903cbf630f9c58ecf1cdd0,95dd37982251a6b59779e0eed020e266b54fc88c,,NO,547ae86e3be26671a9a148cb0e613ea1c602a0ff842a977ce9b7f1d217c10e41,PARTIAL_INHERITED_DEFAULTS_NOT_DUMPED,BOUND_BY_SOURCE_CODE,association,Inherited from the hashed TrackingConfig source; no separate sensitivity claim.,PARTIAL_NO_METHOD_SPECIFIC_SENSITIVITY,FROZEN_BY_PREDICTION_AUTHORITY,Current-main active value. The frozen prediction producer was ac9bda0f7432d56229ede36bbb8fa06167846313; inherited defaults were not preserved as a complete runtime dump.
B0_CURRENT_STANDARD_V2_20260728,association,iou_fallback_threshold,0.45,unitless ratio,INHERITED_DEFAULT_WITH_PROVENANCE,src/pig_behavior/tracking/config.py,52c5f54ad44b6f76a8d143d168bdc942542d5fd263903cbf630f9c58ecf1cdd0,95dd37982251a6b59779e0eed020e266b54fc88c,,NO,547ae86e3be26671a9a148cb0e613ea1c602a0ff842a977ce9b7f1d217c10e41,PARTIAL_INHERITED_DEFAULTS_NOT_DUMPED,BOUND_BY_SOURCE_CODE,association,Inherited from the hashed TrackingConfig source; no separate sensitivity claim.,PARTIAL_NO_METHOD_SPECIFIC_SENSITIVITY,FROZEN_BY_PREDICTION_AUTHORITY,Current-main active value. The frozen prediction producer was ac9bda0f7432d56229ede36bbb8fa06167846313; inherited defaults were not preserved as a complete runtime dump.
B0_CURRENT_STANDARD_V2_20260728,engineering_or_indirect,labels_json,null,not applicable,INHERITED_DEFAULT_WITH_PROVENANCE,src/pig_behavior/tracking/config.py,52c5f54ad44b6f76a8d143d168bdc942542d5fd263903cbf630f9c58ecf1cdd0,95dd37982251a6b59779e0eed020e266b54fc88c,,NO,547ae86e3be26671a9a148cb0e613ea1c602a0ff842a977ce9b7f1d217c10e41,PARTIAL_INHERITED_DEFAULTS_NOT_DUMPED,BOUND_BY_SOURCE_CODE,engineering_or_indirect,Inherited from the hashed TrackingConfig source; no separate sensitivity claim.,PARTIAL_NO_METHOD_SPECIFIC_SENSITIVITY,FROZEN_BY_PREDICTION_AUTHORITY,Current-main active value. The frozen prediction producer was ac9bda0f7432d56229ede36bbb8fa06167846313; inherited defaults were not preserved as a complete runtime dump.
B0_CURRENT_STANDARD_V2_20260728,identity_repair,local_pair_swap_max_gap_frames,2,frames,INHERITED_DEFAULT_WITH_PROVENANCE,src/pig_behavior/tracking/config.py,52c5f54ad44b6f76a8d143d168bdc942542d5fd263903cbf630f9c58ecf1cdd0,95dd37982251a6b59779e0eed020e266b54fc88c,,NO,547ae86e3be26671a9a148cb0e613ea1c602a0ff842a977ce9b7f1d217c10e41,PARTIAL_INHERITED_DEFAULTS_NOT_DUMPED,BOUND_BY_SOURCE_CODE,identity_repair|runtime,Inherited from the hashed TrackingConfig source; no separate sensitivity claim.,PARTIAL_NO_METHOD_SPECIFIC_SENSITIVITY,FROZEN_BY_PREDICTION_AUTHORITY,Current-main active value. The frozen prediction producer was ac9bda0f7432d56229ede36bbb8fa06167846313; inherited defaults were not preserved as a complete runtime dump.
B0_CURRENT_STANDARD_V2_20260728,identity_repair,local_pair_swap_min_motion_gain,0.08,unitless,INHERITED_DEFAULT_WITH_PROVENANCE,src/pig_behavior/tracking/config.py,52c5f54ad44b6f76a8d143d168bdc942542d5fd263903cbf630f9c58ecf1cdd0,95dd37982251a6b59779e0eed020e266b54fc88c,,NO,547ae86e3be26671a9a148cb0e613ea1c602a0ff842a977ce9b7f1d217c10e41,PARTIAL_INHERITED_DEFAULTS_NOT_DUMPED,BOUND_BY_SOURCE_CODE,identity_repair,Inherited from the hashed TrackingConfig source; no separate sensitivity claim.,PARTIAL_NO_METHOD_SPECIFIC_SENSITIVITY,FROZEN_BY_PREDICTION_AUTHORITY,Current-main active value. The frozen prediction producer was ac9bda0f7432d56229ede36bbb8fa06167846313; inherited defaults were not preserved as a complete runtime dump.
B0_CURRENT_STANDARD_V2_20260728,association,local_pair_swap_min_overlap_iou,0.2,unitless ratio,INHERITED_DEFAULT_WITH_PROVENANCE,src/pig_behavior/tracking/config.py,52c5f54ad44b6f76a8d143d168bdc942542d5fd263903cbf630f9c58ecf1cdd0,95dd37982251a6b59779e0eed020e266b54fc88c,,NO,547ae86e3be26671a9a148cb0e613ea1c602a0ff842a977ce9b7f1d217c10e41,PARTIAL_INHERITED_DEFAULTS_NOT_DUMPED,BOUND_BY_SOURCE_CODE,association|identity_repair,Inherited from the hashed TrackingConfig source; no separate sensitivity claim.,PARTIAL_NO_METHOD_SPECIFIC_SENSITIVITY,FROZEN_BY_PREDICTION_AUTHORITY,Current-main active value. The frozen prediction producer was ac9bda0f7432d56229ede36bbb8fa06167846313; inherited defaults were not preserved as a complete runtime dump.
B0_CURRENT_STANDARD_V2_20260728,identity_repair,local_pair_swap_repair,false,boolean,PREDECLARED_DEVELOPMENT_SELECTION,src/pig_behavior/tracking/profiles/bytetrack_raw.py,fe62045b5e260e45cd735f8be70726d3cf8c3f7fc2ea1159f22b968728f522e0,95dd37982251a6b59779e0eed020e266b54fc88c,false,YES,547ae86e3be26671a9a148cb0e613ea1c602a0ff842a977ce9b7f1d217c10e41,YES_PROFILE_OVERRIDE_ONLY,BOUND_BY_EFFECTIVE_CONFIG,identity_repair,Profile override frozen by a development authority before its authority run.,SUFFICIENT_WITH_DEVELOPMENT_SCOPE_LIMITATION,FROZEN_BY_PREDICTION_AUTHORITY,Current-main active value. The frozen prediction producer was ac9bda0f7432d56229ede36bbb8fa06167846313; inherited defaults were not preserved as a complete runtime dump.
B0_CURRENT_STANDARD_V2_20260728,identity_repair,local_pair_swap_window_frames,8,frames,INHERITED_DEFAULT_WITH_PROVENANCE,src/pig_behavior/tracking/config.py,52c5f54ad44b6f76a8d143d168bdc942542d5fd263903cbf630f9c58ecf1cdd0,95dd37982251a6b59779e0eed020e266b54fc88c,,NO,547ae86e3be26671a9a148cb0e613ea1c602a0ff842a977ce9b7f1d217c10e41,PARTIAL_INHERITED_DEFAULTS_NOT_DUMPED,BOUND_BY_SOURCE_CODE,identity_repair|runtime,Inherited from the hashed TrackingConfig source; no separate sensitivity claim.,PARTIAL_NO_METHOD_SPECIFIC_SENSITIVITY,FROZEN_BY_PREDICTION_AUTHORITY,Current-main active value. The frozen prediction producer was ac9bda0f7432d56229ede36bbb8fa06167846313; inherited defaults were not preserved as a complete runtime dump.
B0_CURRENT_STANDARD_V2_20260728,identity_repair,long_pair_swap_max_gap_frames,2,frames,INHERITED_DEFAULT_WITH_PROVENANCE,src/pig_behavior/tracking/config.py,52c5f54ad44b6f76a8d143d168bdc942542d5fd263903cbf630f9c58ecf1cdd0,95dd37982251a6b59779e0eed020e266b54fc88c,,NO,547ae86e3be26671a9a148cb0e613ea1c602a0ff842a977ce9b7f1d217c10e41,PARTIAL_INHERITED_DEFAULTS_NOT_DUMPED,BOUND_BY_SOURCE_CODE,identity_repair|runtime,Inherited from the hashed TrackingConfig source; no separate sensitivity claim.,PARTIAL_NO_METHOD_SPECIFIC_SENSITIVITY,FROZEN_BY_PREDICTION_AUTHORITY,Current-main active value. The frozen prediction producer was ac9bda0f7432d56229ede36bbb8fa06167846313; inherited defaults were not preserved as a complete runtime dump.
B0_CURRENT_STANDARD_V2_20260728,identity_repair,long_pair_swap_min_frames,24,frames,INHERITED_DEFAULT_WITH_PROVENANCE,src/pig_behavior/tracking/config.py,52c5f54ad44b6f76a8d143d168bdc942542d5fd263903cbf630f9c58ecf1cdd0,95dd37982251a6b59779e0eed020e266b54fc88c,,NO,547ae86e3be26671a9a148cb0e613ea1c602a0ff842a977ce9b7f1d217c10e41,PARTIAL_INHERITED_DEFAULTS_NOT_DUMPED,BOUND_BY_SOURCE_CODE,identity_repair|runtime,Inherited from the hashed TrackingConfig source; no separate sensitivity claim.,PARTIAL_NO_METHOD_SPECIFIC_SENSITIVITY,FROZEN_BY_PREDICTION_AUTHORITY,Current-main active value. The frozen prediction producer was ac9bda0f7432d56229ede36bbb8fa06167846313; inherited defaults were not preserved as a complete runtime dump.
B0_CURRENT_STANDARD_V2_20260728,identity_repair,long_pair_swap_min_median_separation,0.04,unitless,INHERITED_DEFAULT_WITH_PROVENANCE,src/pig_behavior/tracking/config.py,52c5f54ad44b6f76a8d143d168bdc942542d5fd263903cbf630f9c58ecf1cdd0,95dd37982251a6b59779e0eed020e266b54fc88c,,NO,547ae86e3be26671a9a148cb0e613ea1c602a0ff842a977ce9b7f1d217c10e41,PARTIAL_INHERITED_DEFAULTS_NOT_DUMPED,BOUND_BY_SOURCE_CODE,identity_repair,Inherited from the hashed TrackingConfig source; no separate sensitivity claim.,PARTIAL_NO_METHOD_SPECIFIC_SENSITIVITY,FROZEN_BY_PREDICTION_AUTHORITY,Current-main active value. The frozen prediction producer was ac9bda0f7432d56229ede36bbb8fa06167846313; inherited defaults were not preserved as a complete runtime dump.
B0_CURRENT_STANDARD_V2_20260728,identity_repair,long_pair_swap_min_start_gain,0.08,unitless,INHERITED_DEFAULT_WITH_PROVENANCE,src/pig_behavior/tracking/config.py,52c5f54ad44b6f76a8d143d168bdc942542d5fd263903cbf630f9c58ecf1cdd0,95dd37982251a6b59779e0eed020e266b54fc88c,,NO,547ae86e3be26671a9a148cb0e613ea1c602a0ff842a977ce9b7f1d217c10e41,PARTIAL_INHERITED_DEFAULTS_NOT_DUMPED,BOUND_BY_SOURCE_CODE,identity_repair,Inherited from the hashed TrackingConfig source; no separate sensitivity claim.,PARTIAL_NO_METHOD_SPECIFIC_SENSITIVITY,FROZEN_BY_PREDICTION_AUTHORITY,Current-main active value. The frozen prediction producer was ac9bda0f7432d56229ede36bbb8fa06167846313; inherited defaults were not preserved as a complete runtime dump.
B0_CURRENT_STANDARD_V2_20260728,identity_repair,long_pair_swap_repair,false,boolean,INHERITED_DEFAULT_WITH_PROVENANCE,src/pig_behavior/tracking/config.py,52c5f54ad44b6f76a8d143d168bdc942542d5fd263903cbf630f9c58ecf1cdd0,95dd37982251a6b59779e0eed020e266b54fc88c,,NO,547ae86e3be26671a9a148cb0e613ea1c602a0ff842a977ce9b7f1d217c10e41,PARTIAL_INHERITED_DEFAULTS_NOT_DUMPED,BOUND_BY_SOURCE_CODE,identity_repair,Inherited from the hashed TrackingConfig source; no separate sensitivity claim.,PARTIAL_NO_METHOD_SPECIFIC_SENSITIVITY,FROZEN_BY_PREDICTION_AUTHORITY,Current-main active value. The frozen prediction producer was ac9bda0f7432d56229ede36bbb8fa06167846313; inherited defaults were not preserved as a complete runtime dump.
B0_CURRENT_STANDARD_V2_20260728,association,lost_track_cost_threshold,0.95,unitless,INHERITED_DEFAULT_WITH_PROVENANCE,src/pig_behavior/tracking/config.py,52c5f54ad44b6f76a8d143d168bdc942542d5fd263903cbf630f9c58ecf1cdd0,95dd37982251a6b59779e0eed020e266b54fc88c,,NO,547ae86e3be26671a9a148cb0e613ea1c602a0ff842a977ce9b7f1d217c10e41,PARTIAL_INHERITED_DEFAULTS_NOT_DUMPED,BOUND_BY_SOURCE_CODE,association|lifecycle,Inherited from the hashed TrackingConfig source; no separate sensitivity claim.,PARTIAL_NO_METHOD_SPECIFIC_SENSITIVITY,FROZEN_BY_PREDICTION_AUTHORITY,Current-main active value. The frozen prediction producer was ac9bda0f7432d56229ede36bbb8fa06167846313; inherited defaults were not preserved as a complete runtime dump.
B0_CURRENT_STANDARD_V2_20260728,association,lost_track_different_raw_hidden_owner_appearance_threshold,0.25,unitless,INHERITED_DEFAULT_WITH_PROVENANCE,src/pig_behavior/tracking/config.py,52c5f54ad44b6f76a8d143d168bdc942542d5fd263903cbf630f9c58ecf1cdd0,95dd37982251a6b59779e0eed020e266b54fc88c,,NO,547ae86e3be26671a9a148cb0e613ea1c602a0ff842a977ce9b7f1d217c10e41,PARTIAL_INHERITED_DEFAULTS_NOT_DUMPED,BOUND_BY_SOURCE_CODE,association|lifecycle|identity_repair|Hidden_state,Inherited from the hashed TrackingConfig source; no separate sensitivity claim.,PARTIAL_NO_METHOD_SPECIFIC_SENSITIVITY,FROZEN_BY_PREDICTION_AUTHORITY,Current-main active value. The frozen prediction producer was ac9bda0f7432d56229ede36bbb8fa06167846313; inherited defaults were not preserved as a complete runtime dump.
B0_CURRENT_STANDARD_V2_20260728,lifecycle,lost_track_different_raw_hidden_owner_bypass,true,boolean,INHERITED_DEFAULT_WITH_PROVENANCE,src/pig_behavior/tracking/config.py,52c5f54ad44b6f76a8d143d168bdc942542d5fd263903cbf630f9c58ecf1cdd0,95dd37982251a6b59779e0eed020e266b54fc88c,,NO,547ae86e3be26671a9a148cb0e613ea1c602a0ff842a977ce9b7f1d217c10e41,PARTIAL_INHERITED_DEFAULTS_NOT_DUMPED,BOUND_BY_SOURCE_CODE,lifecycle|identity_repair|Hidden_state,Inherited from the hashed TrackingConfig source; no separate sensitivity claim.,PARTIAL_NO_METHOD_SPECIFIC_SENSITIVITY,FROZEN_BY_PREDICTION_AUTHORITY,Current-main active value. The frozen prediction producer was ac9bda0f7432d56229ede36bbb8fa06167846313; inherited defaults were not preserved as a complete runtime dump.
B0_CURRENT_STANDARD_V2_20260728,lifecycle,lost_track_different_raw_hidden_owner_min_center_gain,0.03,unitless,INHERITED_DEFAULT_WITH_PROVENANCE,src/pig_behavior/tracking/config.py,52c5f54ad44b6f76a8d143d168bdc942542d5fd263903cbf630f9c58ecf1cdd0,95dd37982251a6b59779e0eed020e266b54fc88c,,NO,547ae86e3be26671a9a148cb0e613ea1c602a0ff842a977ce9b7f1d217c10e41,PARTIAL_INHERITED_DEFAULTS_NOT_DUMPED,BOUND_BY_SOURCE_CODE,lifecycle|identity_repair|Hidden_state,Inherited from the hashed TrackingConfig source; no separate sensitivity claim.,PARTIAL_NO_METHOD_SPECIFIC_SENSITIVITY,FROZEN_BY_PREDICTION_AUTHORITY,Current-main active value. The frozen prediction producer was ac9bda0f7432d56229ede36bbb8fa06167846313; inherited defaults were not preserved as a complete runtime dump.
B0_CURRENT_STANDARD_V2_20260728,lifecycle,lost_track_different_raw_hidden_owner_min_missed,2,frames,INHERITED_DEFAULT_WITH_PROVENANCE,src/pig_behavior/tracking/config.py,52c5f54ad44b6f76a8d143d168bdc942542d5fd263903cbf630f9c58ecf1cdd0,95dd37982251a6b59779e0eed020e266b54fc88c,,NO,547ae86e3be26671a9a148cb0e613ea1c602a0ff842a977ce9b7f1d217c10e41,PARTIAL_INHERITED_DEFAULTS_NOT_DUMPED,BOUND_BY_SOURCE_CODE,lifecycle|identity_repair|Hidden_state,Inherited from the hashed TrackingConfig source; no separate sensitivity claim.,PARTIAL_NO_METHOD_SPECIFIC_SENSITIVITY,FROZEN_BY_PREDICTION_AUTHORITY,Current-main active value. The frozen prediction producer was ac9bda0f7432d56229ede36bbb8fa06167846313; inherited defaults were not preserved as a complete runtime dump.
B0_CURRENT_STANDARD_V2_20260728,association,lost_track_fast_motion_appearance_threshold,0.3,unitless,INHERITED_DEFAULT_WITH_PROVENANCE,src/pig_behavior/tracking/config.py,52c5f54ad44b6f76a8d143d168bdc942542d5fd263903cbf630f9c58ecf1cdd0,95dd37982251a6b59779e0eed020e266b54fc88c,,NO,547ae86e3be26671a9a148cb0e613ea1c602a0ff842a977ce9b7f1d217c10e41,PARTIAL_INHERITED_DEFAULTS_NOT_DUMPED,BOUND_BY_SOURCE_CODE,association|lifecycle,Inherited from the hashed TrackingConfig source; no separate sensitivity claim.,PARTIAL_NO_METHOD_SPECIFIC_SENSITIVITY,FROZEN_BY_PREDICTION_AUTHORITY,Current-main active value. The frozen prediction producer was ac9bda0f7432d56229ede36bbb8fa06167846313; inherited defaults were not preserved as a complete runtime dump.
B0_CURRENT_STANDARD_V2_20260728,lifecycle,lost_track_fast_motion_max_center_jump,0.42,unitless,INHERITED_DEFAULT_WITH_PROVENANCE,src/pig_behavior/tracking/config.py,52c5f54ad44b6f76a8d143d168bdc942542d5fd263903cbf630f9c58ecf1cdd0,95dd37982251a6b59779e0eed020e266b54fc88c,,NO,547ae86e3be26671a9a148cb0e613ea1c602a0ff842a977ce9b7f1d217c10e41,PARTIAL_INHERITED_DEFAULTS_NOT_DUMPED,BOUND_BY_SOURCE_CODE,lifecycle,Inherited from the hashed TrackingConfig source; no separate sensitivity claim.,PARTIAL_NO_METHOD_SPECIFIC_SENSITIVITY,FROZEN_BY_PREDICTION_AUTHORITY,Current-main active value. The frozen prediction producer was ac9bda0f7432d56229ede36bbb8fa06167846313; inherited defaults were not preserved as a complete runtime dump.
B0_CURRENT_STANDARD_V2_20260728,lifecycle,lost_track_fast_motion_min_center_jump,0.06,unitless,INHERITED_DEFAULT_WITH_PROVENANCE,src/pig_behavior/tracking/config.py,52c5f54ad44b6f76a8d143d168bdc942542d5fd263903cbf630f9c58ecf1cdd0,95dd37982251a6b59779e0eed020e266b54fc88c,,NO,547ae86e3be26671a9a148cb0e613ea1c602a0ff842a977ce9b7f1d217c10e41,PARTIAL_INHERITED_DEFAULTS_NOT_DUMPED,BOUND_BY_SOURCE_CODE,lifecycle,Inherited from the hashed TrackingConfig source; no separate sensitivity claim.,PARTIAL_NO_METHOD_SPECIFIC_SENSITIVITY,FROZEN_BY_PREDICTION_AUTHORITY,Current-main active value. The frozen prediction producer was ac9bda0f7432d56229ede36bbb8fa06167846313; inherited defaults were not preserved as a complete runtime dump.
B0_CURRENT_STANDARD_V2_20260728,lifecycle,lost_track_fast_motion_owner_grace,3,count,INHERITED_DEFAULT_WITH_PROVENANCE,src/pig_behavior/tracking/config.py,52c5f54ad44b6f76a8d143d168bdc942542d5fd263903cbf630f9c58ecf1cdd0,95dd37982251a6b59779e0eed020e266b54fc88c,,NO,547ae86e3be26671a9a148cb0e613ea1c602a0ff842a977ce9b7f1d217c10e41,PARTIAL_INHERITED_DEFAULTS_NOT_DUMPED,BOUND_BY_SOURCE_CODE,lifecycle|identity_repair,Inherited from the hashed TrackingConfig source; no separate sensitivity claim.,PARTIAL_NO_METHOD_SPECIFIC_SENSITIVITY,FROZEN_BY_PREDICTION_AUTHORITY,Current-main active value. The frozen prediction producer was ac9bda0f7432d56229ede36bbb8fa06167846313; inherited defaults were not preserved as a complete runtime dump.
B0_CURRENT_STANDARD_V2_20260728,lifecycle,lost_track_fast_motion_owner_max_gap,0.14,unitless,INHERITED_DEFAULT_WITH_PROVENANCE,src/pig_behavior/tracking/config.py,52c5f54ad44b6f76a8d143d168bdc942542d5fd263903cbf630f9c58ecf1cdd0,95dd37982251a6b59779e0eed020e266b54fc88c,,NO,547ae86e3be26671a9a148cb0e613ea1c602a0ff842a977ce9b7f1d217c10e41,PARTIAL_INHERITED_DEFAULTS_NOT_DUMPED,BOUND_BY_SOURCE_CODE,lifecycle|identity_repair,Inherited from the hashed TrackingConfig source; no separate sensitivity claim.,PARTIAL_NO_METHOD_SPECIFIC_SENSITIVITY,FROZEN_BY_PREDICTION_AUTHORITY,Current-main active value. The frozen prediction producer was ac9bda0f7432d56229ede36bbb8fa06167846313; inherited defaults were not preserved as a complete runtime dump.
B0_CURRENT_STANDARD_V2_20260728,association,lost_track_raw_owner_transfer_appearance_threshold,0.25,unitless,INHERITED_DEFAULT_WITH_PROVENANCE,src/pig_behavior/tracking/config.py,52c5f54ad44b6f76a8d143d168bdc942542d5fd263903cbf630f9c58ecf1cdd0,95dd37982251a6b59779e0eed020e266b54fc88c,,NO,547ae86e3be26671a9a148cb0e613ea1c602a0ff842a977ce9b7f1d217c10e41,PARTIAL_INHERITED_DEFAULTS_NOT_DUMPED,BOUND_BY_SOURCE_CODE,association|lifecycle|identity_repair,Inherited from the hashed TrackingConfig source; no separate sensitivity claim.,PARTIAL_NO_METHOD_SPECIFIC_SENSITIVITY,FROZEN_BY_PREDICTION_AUTHORITY,Current-main active value. The frozen prediction producer was ac9bda0f7432d56229ede36bbb8fa06167846313; inherited defaults were not preserved as a complete runtime dump.
B0_CURRENT_STANDARD_V2_20260728,association,lost_track_raw_owner_transfer_min_appearance_gain,0.05,unitless,INHERITED_DEFAULT_WITH_PROVENANCE,src/pig_behavior/tracking/config.py,52c5f54ad44b6f76a8d143d168bdc942542d5fd263903cbf630f9c58ecf1cdd0,95dd37982251a6b59779e0eed020e266b54fc88c,,NO,547ae86e3be26671a9a148cb0e613ea1c602a0ff842a977ce9b7f1d217c10e41,PARTIAL_INHERITED_DEFAULTS_NOT_DUMPED,BOUND_BY_SOURCE_CODE,association|lifecycle|identity_repair,Inherited from the hashed TrackingConfig source; no separate sensitivity claim.,PARTIAL_NO_METHOD_SPECIFIC_SENSITIVITY,FROZEN_BY_PREDICTION_AUTHORITY,Current-main active value. The frozen prediction producer was ac9bda0f7432d56229ede36bbb8fa06167846313; inherited defaults were not preserved as a complete runtime dump.
B0_CURRENT_STANDARD_V2_20260728,lifecycle,lost_track_raw_owner_transfer_min_center_gain,0.04,unitless,INHERITED_DEFAULT_WITH_PROVENANCE,src/pig_behavior/tracking/config.py,52c5f54ad44b6f76a8d143d168bdc942542d5fd263903cbf630f9c58ecf1cdd0,95dd37982251a6b59779e0eed020e266b54fc88c,,NO,547ae86e3be26671a9a148cb0e613ea1c602a0ff842a977ce9b7f1d217c10e41,PARTIAL_INHERITED_DEFAULTS_NOT_DUMPED,BOUND_BY_SOURCE_CODE,lifecycle|identity_repair,Inherited from the hashed TrackingConfig source; no separate sensitivity claim.,PARTIAL_NO_METHOD_SPECIFIC_SENSITIVITY,FROZEN_BY_PREDICTION_AUTHORITY,Current-main active value. The frozen prediction producer was ac9bda0f7432d56229ede36bbb8fa06167846313; inherited defaults were not preserved as a complete runtime dump.
B0_CURRENT_STANDARD_V2_20260728,lifecycle,lost_track_reacquire_different_raw_owner_guard,true,boolean,INHERITED_DEFAULT_WITH_PROVENANCE,src/pig_behavior/tracking/config.py,52c5f54ad44b6f76a8d143d168bdc942542d5fd263903cbf630f9c58ecf1cdd0,95dd37982251a6b59779e0eed020e266b54fc88c,,NO,547ae86e3be26671a9a148cb0e613ea1c602a0ff842a977ce9b7f1d217c10e41,PARTIAL_INHERITED_DEFAULTS_NOT_DUMPED,BOUND_BY_SOURCE_CODE,lifecycle|identity_repair,Inherited from the hashed TrackingConfig source; no separate sensitivity claim.,PARTIAL_NO_METHOD_SPECIFIC_SENSITIVITY,FROZEN_BY_PREDICTION_AUTHORITY,Current-main active value. The frozen prediction producer was ac9bda0f7432d56229ede36bbb8fa06167846313; inherited defaults were not preserved as a complete runtime dump.
B0_CURRENT_STANDARD_V2_20260728,lifecycle,lost_track_reacquire_guard,true,boolean,INHERITED_DEFAULT_WITH_PROVENANCE,src/pig_behavior/tracking/config.py,52c5f54ad44b6f76a8d143d168bdc942542d5fd263903cbf630f9c58ecf1cdd0,95dd37982251a6b59779e0eed020e266b54fc88c,,NO,547ae86e3be26671a9a148cb0e613ea1c602a0ff842a977ce9b7f1d217c10e41,PARTIAL_INHERITED_DEFAULTS_NOT_DUMPED,BOUND_BY_SOURCE_CODE,lifecycle,Inherited from the hashed TrackingConfig source; no separate sensitivity claim.,PARTIAL_NO_METHOD_SPECIFIC_SENSITIVITY,FROZEN_BY_PREDICTION_AUTHORITY,Current-main active value. The frozen prediction producer was ac9bda0f7432d56229ede36bbb8fa06167846313; inherited defaults were not preserved as a complete runtime dump.
B0_CURRENT_STANDARD_V2_20260728,lifecycle,lost_track_reacquire_max_center_jump,0.22,unitless,INHERITED_DEFAULT_WITH_PROVENANCE,src/pig_behavior/tracking/config.py,52c5f54ad44b6f76a8d143d168bdc942542d5fd263903cbf630f9c58ecf1cdd0,95dd37982251a6b59779e0eed020e266b54fc88c,,NO,547ae86e3be26671a9a148cb0e613ea1c602a0ff842a977ce9b7f1d217c10e41,PARTIAL_INHERITED_DEFAULTS_NOT_DUMPED,BOUND_BY_SOURCE_CODE,lifecycle,Inherited from the hashed TrackingConfig source; no separate sensitivity claim.,PARTIAL_NO_METHOD_SPECIFIC_SENSITIVITY,FROZEN_BY_PREDICTION_AUTHORITY,Current-main active value. The frozen prediction producer was ac9bda0f7432d56229ede36bbb8fa06167846313; inherited defaults were not preserved as a complete runtime dump.
B0_CURRENT_STANDARD_V2_20260728,lifecycle,lost_track_reacquire_non_same_raw_distance_guard,false,boolean,INHERITED_DEFAULT_WITH_PROVENANCE,src/pig_behavior/tracking/config.py,52c5f54ad44b6f76a8d143d168bdc942542d5fd263903cbf630f9c58ecf1cdd0,95dd37982251a6b59779e0eed020e266b54fc88c,,NO,547ae86e3be26671a9a148cb0e613ea1c602a0ff842a977ce9b7f1d217c10e41,PARTIAL_INHERITED_DEFAULTS_NOT_DUMPED,BOUND_BY_SOURCE_CODE,lifecycle,Inherited from the hashed TrackingConfig source; no separate sensitivity claim.,PARTIAL_NO_METHOD_SPECIFIC_SENSITIVITY,FROZEN_BY_PREDICTION_AUTHORITY,Current-main active value. The frozen prediction producer was ac9bda0f7432d56229ede36bbb8fa06167846313; inherited defaults were not preserved as a complete runtime dump.
B0_CURRENT_STANDARD_V2_20260728,lifecycle,lost_track_reacquire_raw_owner_guard,true,boolean,INHERITED_DEFAULT_WITH_PROVENANCE,src/pig_behavior/tracking/config.py,52c5f54ad44b6f76a8d143d168bdc942542d5fd263903cbf630f9c58ecf1cdd0,95dd37982251a6b59779e0eed020e266b54fc88c,,NO,547ae86e3be26671a9a148cb0e613ea1c602a0ff842a977ce9b7f1d217c10e41,PARTIAL_INHERITED_DEFAULTS_NOT_DUMPED,BOUND_BY_SOURCE_CODE,lifecycle|identity_repair,Inherited from the hashed TrackingConfig source; no separate sensitivity claim.,PARTIAL_NO_METHOD_SPECIFIC_SENSITIVITY,FROZEN_BY_PREDICTION_AUTHORITY,Current-main active value. The frozen prediction producer was ac9bda0f7432d56229ede36bbb8fa06167846313; inherited defaults were not preserved as a complete runtime dump.
B0_CURRENT_STANDARD_V2_20260728,association,lost_track_reacquire_same_raw_appearance_bypass,true,boolean,INHERITED_DEFAULT_WITH_PROVENANCE,src/pig_behavior/tracking/config.py,52c5f54ad44b6f76a8d143d168bdc942542d5fd263903cbf630f9c58ecf1cdd0,95dd37982251a6b59779e0eed020e266b54fc88c,,NO,547ae86e3be26671a9a148cb0e613ea1c602a0ff842a977ce9b7f1d217c10e41,PARTIAL_INHERITED_DEFAULTS_NOT_DUMPED,BOUND_BY_SOURCE_CODE,association|lifecycle,Inherited from the hashed TrackingConfig source; no separate sensitivity claim.,PARTIAL_NO_METHOD_SPECIFIC_SENSITIVITY,FROZEN_BY_PREDICTION_AUTHORITY,Current-main active value. The frozen prediction producer was ac9bda0f7432d56229ede36bbb8fa06167846313; inherited defaults were not preserved as a complete runtime dump.
B0_CURRENT_STANDARD_V2_20260728,association,lost_track_reacquire_same_raw_appearance_threshold,0.25,unitless,INHERITED_DEFAULT_WITH_PROVENANCE,src/pig_behavior/tracking/config.py,52c5f54ad44b6f76a8d143d168bdc942542d5fd263903cbf630f9c58ecf1cdd0,95dd37982251a6b59779e0eed020e266b54fc88c,,NO,547ae86e3be26671a9a148cb0e613ea1c602a0ff842a977ce9b7f1d217c10e41,PARTIAL_INHERITED_DEFAULTS_NOT_DUMPED,BOUND_BY_SOURCE_CODE,association|lifecycle,Inherited from the hashed TrackingConfig source; no separate sensitivity claim.,PARTIAL_NO_METHOD_SPECIFIC_SENSITIVITY,FROZEN_BY_PREDICTION_AUTHORITY,Current-main active value. The frozen prediction producer was ac9bda0f7432d56229ede36bbb8fa06167846313; inherited defaults were not preserved as a complete runtime dump.
B0_CURRENT_STANDARD_V2_20260728,lifecycle,lost_track_reacquire_same_raw_distance_guard,true,boolean,INHERITED_DEFAULT_WITH_PROVENANCE,src/pig_behavior/tracking/config.py,52c5f54ad44b6f76a8d143d168bdc942542d5fd263903cbf630f9c58ecf1cdd0,95dd37982251a6b59779e0eed020e266b54fc88c,,NO,547ae86e3be26671a9a148cb0e613ea1c602a0ff842a977ce9b7f1d217c10e41,PARTIAL_INHERITED_DEFAULTS_NOT_DUMPED,BOUND_BY_SOURCE_CODE,lifecycle,Inherited from the hashed TrackingConfig source; no separate sensitivity claim.,PARTIAL_NO_METHOD_SPECIFIC_SENSITIVITY,FROZEN_BY_PREDICTION_AUTHORITY,Current-main active value. The frozen prediction producer was ac9bda0f7432d56229ede36bbb8fa06167846313; inherited defaults were not preserved as a complete runtime dump.
B0_CURRENT_STANDARD_V2_20260728,lifecycle,lost_track_reacquire_same_raw_max_center_jump,0.34,unitless,INHERITED_DEFAULT_WITH_PROVENANCE,src/pig_behavior/tracking/config.py,52c5f54ad44b6f76a8d143d168bdc942542d5fd263903cbf630f9c58ecf1cdd0,95dd37982251a6b59779e0eed020e266b54fc88c,,NO,547ae86e3be26671a9a148cb0e613ea1c602a0ff842a977ce9b7f1d217c10e41,PARTIAL_INHERITED_DEFAULTS_NOT_DUMPED,BOUND_BY_SOURCE_CODE,lifecycle,Inherited from the hashed TrackingConfig source; no separate sensitivity claim.,PARTIAL_NO_METHOD_SPECIFIC_SENSITIVITY,FROZEN_BY_PREDICTION_AUTHORITY,Current-main active value. The frozen prediction producer was ac9bda0f7432d56229ede36bbb8fa06167846313; inherited defaults were not preserved as a complete runtime dump.
B0_CURRENT_STANDARD_V2_20260728,lifecycle,lost_track_reacquire_same_raw_owner_guard,true,boolean,INHERITED_DEFAULT_WITH_PROVENANCE,src/pig_behavior/tracking/config.py,52c5f54ad44b6f76a8d143d168bdc942542d5fd263903cbf630f9c58ecf1cdd0,95dd37982251a6b59779e0eed020e266b54fc88c,,NO,547ae86e3be26671a9a148cb0e613ea1c602a0ff842a977ce9b7f1d217c10e41,PARTIAL_INHERITED_DEFAULTS_NOT_DUMPED,BOUND_BY_SOURCE_CODE,lifecycle|identity_repair,Inherited from the hashed TrackingConfig source; no separate sensitivity claim.,PARTIAL_NO_METHOD_SPECIFIC_SENSITIVITY,FROZEN_BY_PREDICTION_AUTHORITY,Current-main active value. The frozen prediction producer was ac9bda0f7432d56229ede36bbb8fa06167846313; inherited defaults were not preserved as a complete runtime dump.
B0_CURRENT_STANDARD_V2_20260728,association,lost_track_reid_appearance_threshold,0.25,unitless,INHERITED_DEFAULT_WITH_PROVENANCE,src/pig_behavior/tracking/config.py,52c5f54ad44b6f76a8d143d168bdc942542d5fd263903cbf630f9c58ecf1cdd0,95dd37982251a6b59779e0eed020e266b54fc88c,,NO,547ae86e3be26671a9a148cb0e613ea1c602a0ff842a977ce9b7f1d217c10e41,PARTIAL_INHERITED_DEFAULTS_NOT_DUMPED,BOUND_BY_SOURCE_CODE,association|lifecycle,Inherited from the hashed TrackingConfig source; no separate sensitivity claim.,PARTIAL_NO_METHOD_SPECIFIC_SENSITIVITY,FROZEN_BY_PREDICTION_AUTHORITY,Current-main active value. The frozen prediction producer was ac9bda0f7432d56229ede36bbb8fa06167846313; inherited defaults were not preserved as a complete runtime dump.
B0_CURRENT_STANDARD_V2_20260728,bbox_geometry,low_conf_max_box_jump_scale,1.75,unitless,INHERITED_DEFAULT_WITH_PROVENANCE,src/pig_behavior/tracking/config.py,52c5f54ad44b6f76a8d143d168bdc942542d5fd263903cbf630f9c58ecf1cdd0,95dd37982251a6b59779e0eed020e266b54fc88c,,NO,547ae86e3be26671a9a148cb0e613ea1c602a0ff842a977ce9b7f1d217c10e41,PARTIAL_INHERITED_DEFAULTS_NOT_DUMPED,BOUND_BY_SOURCE_CODE,bbox_geometry,Inherited from the hashed TrackingConfig source; no separate sensitivity claim.,PARTIAL_NO_METHOD_SPECIFIC_SENSITIVITY,FROZEN_BY_PREDICTION_AUTHORITY,Current-main active value. The frozen prediction producer was ac9bda0f7432d56229ede36bbb8fa06167846313; inherited defaults were not preserved as a complete runtime dump.
B0_CURRENT_STANDARD_V2_20260728,engineering_or_indirect,low_conf_max_center_jump,0.08,unitless,INHERITED_DEFAULT_WITH_PROVENANCE,src/pig_behavior/tracking/config.py,52c5f54ad44b6f76a8d143d168bdc942542d5fd263903cbf630f9c58ecf1cdd0,95dd37982251a6b59779e0eed020e266b54fc88c,,NO,547ae86e3be26671a9a148cb0e613ea1c602a0ff842a977ce9b7f1d217c10e41,PARTIAL_INHERITED_DEFAULTS_NOT_DUMPED,BOUND_BY_SOURCE_CODE,engineering_or_indirect,Inherited from the hashed TrackingConfig source; no separate sensitivity claim.,PARTIAL_NO_METHOD_SPECIFIC_SENSITIVITY,FROZEN_BY_PREDICTION_AUTHORITY,Current-main active value. The frozen prediction producer was ac9bda0f7432d56229ede36bbb8fa06167846313; inherited defaults were not preserved as a complete runtime dump.
B0_CURRENT_STANDARD_V2_20260728,association,low_conf_min_iou,0.01,unitless ratio,INHERITED_DEFAULT_WITH_PROVENANCE,src/pig_behavior/tracking/config.py,52c5f54ad44b6f76a8d143d168bdc942542d5fd263903cbf630f9c58ecf1cdd0,95dd37982251a6b59779e0eed020e266b54fc88c,,NO,547ae86e3be26671a9a148cb0e613ea1c602a0ff842a977ce9b7f1d217c10e41,PARTIAL_INHERITED_DEFAULTS_NOT_DUMPED,BOUND_BY_SOURCE_CODE,association,Inherited from the hashed TrackingConfig source; no separate sensitivity claim.,PARTIAL_NO_METHOD_SPECIFIC_SENSITIVITY,FROZEN_BY_PREDICTION_AUTHORITY,Current-main active value. The frozen prediction producer was ac9bda0f7432d56229ede36bbb8fa06167846313; inherited defaults were not preserved as a complete runtime dump.
B0_CURRENT_STANDARD_V2_20260728,engineering_or_indirect,low_conf_motion_gate,true,boolean,INHERITED_DEFAULT_WITH_PROVENANCE,src/pig_behavior/tracking/config.py,52c5f54ad44b6f76a8d143d168bdc942542d5fd263903cbf630f9c58ecf1cdd0,95dd37982251a6b59779e0eed020e266b54fc88c,,NO,547ae86e3be26671a9a148cb0e613ea1c602a0ff842a977ce9b7f1d217c10e41,PARTIAL_INHERITED_DEFAULTS_NOT_DUMPED,BOUND_BY_SOURCE_CODE,engineering_or_indirect,Inherited from the hashed TrackingConfig source; no separate sensitivity claim.,PARTIAL_NO_METHOD_SPECIFIC_SENSITIVITY,FROZEN_BY_PREDICTION_AUTHORITY,Current-main active value. The frozen prediction producer was ac9bda0f7432d56229ede36bbb8fa06167846313; inherited defaults were not preserved as a complete runtime dump.
B0_CURRENT_STANDARD_V2_20260728,bbox_geometry,low_conf_smooth_alpha,0.35,unitless,INHERITED_DEFAULT_WITH_PROVENANCE,src/pig_behavior/tracking/config.py,52c5f54ad44b6f76a8d143d168bdc942542d5fd263903cbf630f9c58ecf1cdd0,95dd37982251a6b59779e0eed020e266b54fc88c,,NO,547ae86e3be26671a9a148cb0e613ea1c602a0ff842a977ce9b7f1d217c10e41,PARTIAL_INHERITED_DEFAULTS_NOT_DUMPED,BOUND_BY_SOURCE_CODE,bbox_geometry|evaluator_only,Inherited from the hashed TrackingConfig source; no separate sensitivity claim.,PARTIAL_NO_METHOD_SPECIFIC_SENSITIVITY,FROZEN_BY_PREDICTION_AUTHORITY,Current-main active value. The frozen prediction producer was ac9bda0f7432d56229ede36bbb8fa06167846313; inherited defaults were not preserved as a complete runtime dump.
B0_CURRENT_STANDARD_V2_20260728,engineering_or_indirect,mark_interpolated_review,true,boolean,INHERITED_DEFAULT_WITH_PROVENANCE,src/pig_behavior/tracking/config.py,52c5f54ad44b6f76a8d143d168bdc942542d5fd263903cbf630f9c58ecf1cdd0,95dd37982251a6b59779e0eed020e266b54fc88c,,NO,547ae86e3be26671a9a148cb0e613ea1c602a0ff842a977ce9b7f1d217c10e41,PARTIAL_INHERITED_DEFAULTS_NOT_DUMPED,BOUND_BY_SOURCE_CODE,engineering_or_indirect,Inherited from the hashed TrackingConfig source; no separate sensitivity claim.,PARTIAL_NO_METHOD_SPECIFIC_SENSITIVITY,FROZEN_BY_PREDICTION_AUTHORITY,Current-main active value. The frozen prediction producer was ac9bda0f7432d56229ede36bbb8fa06167846313; inherited defaults were not preserved as a complete runtime dump.
B0_CURRENT_STANDARD_V2_20260728,detection,mask_input_frame,true,boolean,INHERITED_DEFAULT_WITH_PROVENANCE,src/pig_behavior/tracking/config.py,52c5f54ad44b6f76a8d143d168bdc942542d5fd263903cbf630f9c58ecf1cdd0,95dd37982251a6b59779e0eed020e266b54fc88c,,NO,547ae86e3be26671a9a148cb0e613ea1c602a0ff842a977ce9b7f1d217c10e41,PARTIAL_INHERITED_DEFAULTS_NOT_DUMPED,BOUND_BY_SOURCE_CODE,detection|runtime,Inherited from the hashed TrackingConfig source; no separate sensitivity claim.,PARTIAL_NO_METHOD_SPECIFIC_SENSITIVITY,FROZEN_BY_PREDICTION_AUTHORITY,Current-main active value. The frozen prediction producer was ac9bda0f7432d56229ede36bbb8fa06167846313; inherited defaults were not preserved as a complete runtime dump.
B0_CURRENT_STANDARD_V2_20260728,detection,mask_iou_max_missed,10,unitless ratio,INHERITED_DEFAULT_WITH_PROVENANCE,src/pig_behavior/tracking/config.py,52c5f54ad44b6f76a8d143d168bdc942542d5fd263903cbf630f9c58ecf1cdd0,95dd37982251a6b59779e0eed020e266b54fc88c,,NO,547ae86e3be26671a9a148cb0e613ea1c602a0ff842a977ce9b7f1d217c10e41,PARTIAL_INHERITED_DEFAULTS_NOT_DUMPED,BOUND_BY_SOURCE_CODE,detection|association|lifecycle,Inherited from the hashed TrackingConfig source; no separate sensitivity claim.,PARTIAL_NO_METHOD_SPECIFIC_SENSITIVITY,FROZEN_BY_PREDICTION_AUTHORITY,Current-main active value. The frozen prediction producer was ac9bda0f7432d56229ede36bbb8fa06167846313; inherited defaults were not preserved as a complete runtime dump.
B0_CURRENT_STANDARD_V2_20260728,detection,mask_iou_min_area,64,unitless ratio,INHERITED_DEFAULT_WITH_PROVENANCE,src/pig_behavior/tracking/config.py,52c5f54ad44b6f76a8d143d168bdc942542d5fd263903cbf630f9c58ecf1cdd0,95dd37982251a6b59779e0eed020e266b54fc88c,,NO,547ae86e3be26671a9a148cb0e613ea1c602a0ff842a977ce9b7f1d217c10e41,PARTIAL_INHERITED_DEFAULTS_NOT_DUMPED,BOUND_BY_SOURCE_CODE,detection|association,Inherited from the hashed TrackingConfig source; no separate sensitivity claim.,PARTIAL_NO_METHOD_SPECIFIC_SENSITIVITY,FROZEN_BY_PREDICTION_AUTHORITY,Current-main active value. The frozen prediction producer was ac9bda0f7432d56229ede36bbb8fa06167846313; inherited defaults were not preserved as a complete runtime dump.
B0_CURRENT_STANDARD_V2_20260728,detection,mask_path,"""C:\\Users\\ironh\\Downloads\\PIG_Behavior_Project\\.codex_tmp\\worktrees\\tracking_scientific_grounding_authority\\data\\annotations\\scene\\mask.png""",categorical/path,DATA_SCHEMA_CONSTRAINT,src/pig_behavior/tracking/config.py,52c5f54ad44b6f76a8d143d168bdc942542d5fd263903cbf630f9c58ecf1cdd0,95dd37982251a6b59779e0eed020e266b54fc88c,,NO,547ae86e3be26671a9a148cb0e613ea1c602a0ff842a977ce9b7f1d217c10e41,PARTIAL_INHERITED_DEFAULTS_NOT_DUMPED,BOUND_BY_SOURCE_CODE,detection,Bound to the repository data/cache/export schema.,SUFFICIENT,FROZEN_BY_PREDICTION_AUTHORITY,Current-main active value. The frozen prediction producer was ac9bda0f7432d56229ede36bbb8fa06167846313; inherited defaults were not preserved as a complete runtime dump.
B0_CURRENT_STANDARD_V2_20260728,association,match_cost_threshold,0.78,unitless,INHERITED_DEFAULT_WITH_PROVENANCE,src/pig_behavior/tracking/config.py,52c5f54ad44b6f76a8d143d168bdc942542d5fd263903cbf630f9c58ecf1cdd0,95dd37982251a6b59779e0eed020e266b54fc88c,,NO,547ae86e3be26671a9a148cb0e613ea1c602a0ff842a977ce9b7f1d217c10e41,PARTIAL_INHERITED_DEFAULTS_NOT_DUMPED,BOUND_BY_SOURCE_CODE,association,Inherited from the hashed TrackingConfig source; no separate sensitivity claim.,PARTIAL_NO_METHOD_SPECIFIC_SENSITIVITY,FROZEN_BY_PREDICTION_AUTHORITY,Current-main active value. The frozen prediction producer was ac9bda0f7432d56229ede36bbb8fa06167846313; inherited defaults were not preserved as a complete runtime dump.
B0_CURRENT_STANDARD_V2_20260728,bbox_geometry,max_box_scale_change_after_gap,0.75,unitless,INHERITED_DEFAULT_WITH_PROVENANCE,src/pig_behavior/tracking/config.py,52c5f54ad44b6f76a8d143d168bdc942542d5fd263903cbf630f9c58ecf1cdd0,95dd37982251a6b59779e0eed020e266b54fc88c,,NO,547ae86e3be26671a9a148cb0e613ea1c602a0ff842a977ce9b7f1d217c10e41,PARTIAL_INHERITED_DEFAULTS_NOT_DUMPED,BOUND_BY_SOURCE_CODE,bbox_geometry,Inherited from the hashed TrackingConfig source; no separate sensitivity claim.,PARTIAL_NO_METHOD_SPECIFIC_SENSITIVITY,FROZEN_BY_PREDICTION_AUTHORITY,Current-main active value. The frozen prediction producer was ac9bda0f7432d56229ede36bbb8fa06167846313; inherited defaults were not preserved as a complete runtime dump.
B0_CURRENT_STANDARD_V2_20260728,bbox_geometry,max_box_scale_change_per_frame,0.25,frames,INHERITED_DEFAULT_WITH_PROVENANCE,src/pig_behavior/tracking/config.py,52c5f54ad44b6f76a8d143d168bdc942542d5fd263903cbf630f9c58ecf1cdd0,95dd37982251a6b59779e0eed020e266b54fc88c,,NO,547ae86e3be26671a9a148cb0e613ea1c602a0ff842a977ce9b7f1d217c10e41,PARTIAL_INHERITED_DEFAULTS_NOT_DUMPED,BOUND_BY_SOURCE_CODE,bbox_geometry|runtime,Inherited from the hashed TrackingConfig source; no separate sensitivity claim.,PARTIAL_NO_METHOD_SPECIFIC_SENSITIVITY,FROZEN_BY_PREDICTION_AUTHORITY,Current-main active value. The frozen prediction producer was ac9bda0f7432d56229ede36bbb8fa06167846313; inherited defaults were not preserved as a complete runtime dump.
B0_CURRENT_STANDARD_V2_20260728,runtime,max_frames,null,frames,HARDWARE_OR_RUNTIME_CONSTRAINT,src/pig_behavior/tracking/config.py,52c5f54ad44b6f76a8d143d168bdc942542d5fd263903cbf630f9c58ecf1cdd0,95dd37982251a6b59779e0eed020e266b54fc88c,,NO,547ae86e3be26671a9a148cb0e613ea1c602a0ff842a977ce9b7f1d217c10e41,PARTIAL_INHERITED_DEFAULTS_NOT_DUMPED,BOUND_BY_SOURCE_CODE,runtime,Execution/safety constraint rather than a quality claim.,SUFFICIENT,FROZEN_BY_PREDICTION_AUTHORITY,Current-main active value. The frozen prediction producer was ac9bda0f7432d56229ede36bbb8fa06167846313; inherited defaults were not preserved as a complete runtime dump.
B0_CURRENT_STANDARD_V2_20260728,engineering_or_indirect,max_interpolation_gap,30,count,INHERITED_DEFAULT_WITH_PROVENANCE,src/pig_behavior/tracking/config.py,52c5f54ad44b6f76a8d143d168bdc942542d5fd263903cbf630f9c58ecf1cdd0,95dd37982251a6b59779e0eed020e266b54fc88c,,NO,547ae86e3be26671a9a148cb0e613ea1c602a0ff842a977ce9b7f1d217c10e41,PARTIAL_INHERITED_DEFAULTS_NOT_DUMPED,BOUND_BY_SOURCE_CODE,engineering_or_indirect,Inherited from the hashed TrackingConfig source; no separate sensitivity claim.,PARTIAL_NO_METHOD_SPECIFIC_SENSITIVITY,FROZEN_BY_PREDICTION_AUTHORITY,Current-main active value. The frozen prediction producer was ac9bda0f7432d56229ede36bbb8fa06167846313; inherited defaults were not preserved as a complete runtime dump.
B0_CURRENT_STANDARD_V2_20260728,lifecycle,max_lost_frames,30,frames,INHERITED_DEFAULT_WITH_PROVENANCE,src/pig_behavior/tracking/config.py,52c5f54ad44b6f76a8d143d168bdc942542d5fd263903cbf630f9c58ecf1cdd0,95dd37982251a6b59779e0eed020e266b54fc88c,,NO,547ae86e3be26671a9a148cb0e613ea1c602a0ff842a977ce9b7f1d217c10e41,PARTIAL_INHERITED_DEFAULTS_NOT_DUMPED,BOUND_BY_SOURCE_CODE,lifecycle|runtime,Inherited from the hashed TrackingConfig source; no separate sensitivity claim.,PARTIAL_NO_METHOD_SPECIFIC_SENSITIVITY,FROZEN_BY_PREDICTION_AUTHORITY,Current-main active value. The frozen prediction producer was ac9bda0f7432d56229ede36bbb8fa06167846313; inherited defaults were not preserved as a complete runtime dump.
B0_CURRENT_STANDARD_V2_20260728,runtime,max_missing_frames,30,frames,INHERITED_DEFAULT_WITH_PROVENANCE,src/pig_behavior/tracking/config.py,52c5f54ad44b6f76a8d143d168bdc942542d5fd263903cbf630f9c58ecf1cdd0,95dd37982251a6b59779e0eed020e266b54fc88c,,NO,547ae86e3be26671a9a148cb0e613ea1c602a0ff842a977ce9b7f1d217c10e41,PARTIAL_INHERITED_DEFAULTS_NOT_DUMPED,BOUND_BY_SOURCE_CODE,runtime,Inherited from the hashed TrackingConfig source; no separate sensitivity claim.,PARTIAL_NO_METHOD_SPECIFIC_SENSITIVITY,FROZEN_BY_PREDICTION_AUTHORITY,Current-main active value. The frozen prediction producer was ac9bda0f7432d56229ede36bbb8fa06167846313; inherited defaults were not preserved as a complete runtime dump.
B0_CURRENT_STANDARD_V2_20260728,detection,max_raw_detections,20,count,INHERITED_DEFAULT_WITH_PROVENANCE,src/pig_behavior/tracking/config.py,52c5f54ad44b6f76a8d143d168bdc942542d5fd263903cbf630f9c58ecf1cdd0,95dd37982251a6b59779e0eed020e266b54fc88c,,NO,547ae86e3be26671a9a148cb0e613ea1c602a0ff842a977ce9b7f1d217c10e41,PARTIAL_INHERITED_DEFAULTS_NOT_DUMPED,BOUND_BY_SOURCE_CODE,detection,Inherited from the hashed TrackingConfig source; no separate sensitivity claim.,PARTIAL_NO_METHOD_SPECIFIC_SENSITIVITY,FROZEN_BY_PREDICTION_AUTHORITY,Current-main active value. The frozen prediction producer was ac9bda0f7432d56229ede36bbb8fa06167846313; inherited defaults were not preserved as a complete runtime dump.
B0_CURRENT_STANDARD_V2_20260728,bbox_geometry,merged_box_growth_ratio,1.5,unitless,INHERITED_DEFAULT_WITH_PROVENANCE,src/pig_behavior/tracking/config.py,52c5f54ad44b6f76a8d143d168bdc942542d5fd263903cbf630f9c58ecf1cdd0,95dd37982251a6b59779e0eed020e266b54fc88c,,NO,547ae86e3be26671a9a148cb0e613ea1c602a0ff842a977ce9b7f1d217c10e41,PARTIAL_INHERITED_DEFAULTS_NOT_DUMPED,BOUND_BY_SOURCE_CODE,bbox_geometry,Inherited from the hashed TrackingConfig source; no separate sensitivity claim.,PARTIAL_NO_METHOD_SPECIFIC_SENSITIVITY,FROZEN_BY_PREDICTION_AUTHORITY,Current-main active value. The frozen prediction producer was ac9bda0f7432d56229ede36bbb8fa06167846313; inherited defaults were not preserved as a complete runtime dump.
B0_CURRENT_STANDARD_V2_20260728,bbox_geometry,merged_box_neighbor_distance,0.12,unitless,INHERITED_DEFAULT_WITH_PROVENANCE,src/pig_behavior/tracking/config.py,52c5f54ad44b6f76a8d143d168bdc942542d5fd263903cbf630f9c58ecf1cdd0,95dd37982251a6b59779e0eed020e266b54fc88c,,NO,547ae86e3be26671a9a148cb0e613ea1c602a0ff842a977ce9b7f1d217c10e41,PARTIAL_INHERITED_DEFAULTS_NOT_DUMPED,BOUND_BY_SOURCE_CODE,bbox_geometry,Inherited from the hashed TrackingConfig source; no separate sensitivity claim.,PARTIAL_NO_METHOD_SPECIFIC_SENSITIVITY,FROZEN_BY_PREDICTION_AUTHORITY,Current-main active value. The frozen prediction producer was ac9bda0f7432d56229ede36bbb8fa06167846313; inherited defaults were not preserved as a complete runtime dump.
B0_CURRENT_STANDARD_V2_20260728,bbox_geometry,merged_box_split_max_tracks,2,count,INHERITED_DEFAULT_WITH_PROVENANCE,src/pig_behavior/tracking/config.py,52c5f54ad44b6f76a8d143d168bdc942542d5fd263903cbf630f9c58ecf1cdd0,95dd37982251a6b59779e0eed020e266b54fc88c,,NO,547ae86e3be26671a9a148cb0e613ea1c602a0ff842a977ce9b7f1d217c10e41,PARTIAL_INHERITED_DEFAULTS_NOT_DUMPED,BOUND_BY_SOURCE_CODE,bbox_geometry,Inherited from the hashed TrackingConfig source; no separate sensitivity claim.,PARTIAL_NO_METHOD_SPECIFIC_SENSITIVITY,FROZEN_BY_PREDICTION_AUTHORITY,Current-main active value. The frozen prediction producer was ac9bda0f7432d56229ede36bbb8fa06167846313; inherited defaults were not preserved as a complete runtime dump.
B0_CURRENT_STANDARD_V2_20260728,bbox_geometry,mid_conf_smooth_alpha,0.55,unitless,INHERITED_DEFAULT_WITH_PROVENANCE,src/pig_behavior/tracking/config.py,52c5f54ad44b6f76a8d143d168bdc942542d5fd263903cbf630f9c58ecf1cdd0,95dd37982251a6b59779e0eed020e266b54fc88c,,NO,547ae86e3be26671a9a148cb0e613ea1c602a0ff842a977ce9b7f1d217c10e41,PARTIAL_INHERITED_DEFAULTS_NOT_DUMPED,BOUND_BY_SOURCE_CODE,bbox_geometry|evaluator_only,Inherited from the hashed TrackingConfig source; no separate sensitivity claim.,PARTIAL_NO_METHOD_SPECIFIC_SENSITIVITY,FROZEN_BY_PREDICTION_AUTHORITY,Current-main active value. The frozen prediction producer was ac9bda0f7432d56229ede36bbb8fa06167846313; inherited defaults were not preserved as a complete runtime dump.
B0_CURRENT_STANDARD_V2_20260728,engineering_or_indirect,mode,"""bytetrack_raw""",categorical/path,ORIGINAL_METHOD_SPECIFICATION,src/pig_behavior/tracking/profiles/bytetrack_raw.py,fe62045b5e260e45cd735f8be70726d3cf8c3f7fc2ea1159f22b968728f522e0,95dd37982251a6b59779e0eed020e266b54fc88c,"""bytetrack_raw""",YES,547ae86e3be26671a9a148cb0e613ea1c602a0ff842a977ce9b7f1d217c10e41,YES_PROFILE_OVERRIDE_ONLY,BOUND_BY_EFFECTIVE_CONFIG,engineering_or_indirect,Defines the method family or locked eight-animal task.,SUFFICIENT,FROZEN_BY_PREDICTION_AUTHORITY,Current-main active value. The frozen prediction producer was ac9bda0f7432d56229ede36bbb8fa06167846313; inherited defaults were not preserved as a complete runtime dump.
B0_CURRENT_STANDARD_V2_20260728,engineering_or_indirect,motion_gate_confidence,0.45,unitless ratio,INHERITED_DEFAULT_WITH_PROVENANCE,src/pig_behavior/tracking/config.py,52c5f54ad44b6f76a8d143d168bdc942542d5fd263903cbf630f9c58ecf1cdd0,95dd37982251a6b59779e0eed020e266b54fc88c,,NO,547ae86e3be26671a9a148cb0e613ea1c602a0ff842a977ce9b7f1d217c10e41,PARTIAL_INHERITED_DEFAULTS_NOT_DUMPED,BOUND_BY_SOURCE_CODE,engineering_or_indirect,Inherited from the hashed TrackingConfig source; no separate sensitivity claim.,PARTIAL_NO_METHOD_SPECIFIC_SENSITIVITY,FROZEN_BY_PREDICTION_AUTHORITY,Current-main active value. The frozen prediction producer was ac9bda0f7432d56229ede36bbb8fa06167846313; inherited defaults were not preserved as a complete runtime dump.
B0_CURRENT_STANDARD_V2_20260728,Hidden_state,near_wall_hidden_geometry_distance_bbox_scale,0.25,unitless,INHERITED_DEFAULT_WITH_PROVENANCE,src/pig_behavior/tracking/config.py,52c5f54ad44b6f76a8d143d168bdc942542d5fd263903cbf630f9c58ecf1cdd0,95dd37982251a6b59779e0eed020e266b54fc88c,,NO,547ae86e3be26671a9a148cb0e613ea1c602a0ff842a977ce9b7f1d217c10e41,PARTIAL_INHERITED_DEFAULTS_NOT_DUMPED,BOUND_BY_SOURCE_CODE,Hidden_state|bbox_geometry,Inherited from the hashed TrackingConfig source; no separate sensitivity claim.,PARTIAL_NO_METHOD_SPECIFIC_SENSITIVITY,FROZEN_BY_PREDICTION_AUTHORITY,Current-main active value. The frozen prediction producer was ac9bda0f7432d56229ede36bbb8fa06167846313; inherited defaults were not preserved as a complete runtime dump.
B0_CURRENT_STANDARD_V2_20260728,Hidden_state,near_wall_hidden_geometry_max_center_shift,0.04,unitless,INHERITED_DEFAULT_WITH_PROVENANCE,src/pig_behavior/tracking/config.py,52c5f54ad44b6f76a8d143d168bdc942542d5fd263903cbf630f9c58ecf1cdd0,95dd37982251a6b59779e0eed020e266b54fc88c,,NO,547ae86e3be26671a9a148cb0e613ea1c602a0ff842a977ce9b7f1d217c10e41,PARTIAL_INHERITED_DEFAULTS_NOT_DUMPED,BOUND_BY_SOURCE_CODE,Hidden_state|bbox_geometry,Inherited from the hashed TrackingConfig source; no separate sensitivity claim.,PARTIAL_NO_METHOD_SPECIFIC_SENSITIVITY,FROZEN_BY_PREDICTION_AUTHORITY,Current-main active value. The frozen prediction producer was ac9bda0f7432d56229ede36bbb8fa06167846313; inherited defaults were not preserved as a complete runtime dump.
B0_CURRENT_STANDARD_V2_20260728,Hidden_state,near_wall_hidden_geometry_max_gap_frames,30,frames,INHERITED_DEFAULT_WITH_PROVENANCE,src/pig_behavior/tracking/config.py,52c5f54ad44b6f76a8d143d168bdc942542d5fd263903cbf630f9c58ecf1cdd0,95dd37982251a6b59779e0eed020e266b54fc88c,,NO,547ae86e3be26671a9a148cb0e613ea1c602a0ff842a977ce9b7f1d217c10e41,PARTIAL_INHERITED_DEFAULTS_NOT_DUMPED,BOUND_BY_SOURCE_CODE,Hidden_state|bbox_geometry|runtime,Inherited from the hashed TrackingConfig source; no separate sensitivity claim.,PARTIAL_NO_METHOD_SPECIFIC_SENSITIVITY,FROZEN_BY_PREDICTION_AUTHORITY,Current-main active value. The frozen prediction producer was ac9bda0f7432d56229ede36bbb8fa06167846313; inherited defaults were not preserved as a complete runtime dump.
B0_CURRENT_STANDARD_V2_20260728,Hidden_state,near_wall_hidden_geometry_min_width_excess,0.08,unitless,INHERITED_DEFAULT_WITH_PROVENANCE,src/pig_behavior/tracking/config.py,52c5f54ad44b6f76a8d143d168bdc942542d5fd263903cbf630f9c58ecf1cdd0,95dd37982251a6b59779e0eed020e266b54fc88c,,NO,547ae86e3be26671a9a148cb0e613ea1c602a0ff842a977ce9b7f1d217c10e41,PARTIAL_INHERITED_DEFAULTS_NOT_DUMPED,BOUND_BY_SOURCE_CODE,Hidden_state|bbox_geometry,Inherited from the hashed TrackingConfig source; no separate sensitivity claim.,PARTIAL_NO_METHOD_SPECIFIC_SENSITIVITY,FROZEN_BY_PREDICTION_AUTHORITY,Current-main active value. The frozen prediction producer was ac9bda0f7432d56229ede36bbb8fa06167846313; inherited defaults were not preserved as a complete runtime dump.
B0_CURRENT_STANDARD_V2_20260728,Hidden_state,near_wall_hidden_geometry_original_weight,0.5,unitless,INHERITED_DEFAULT_WITH_PROVENANCE,src/pig_behavior/tracking/config.py,52c5f54ad44b6f76a8d143d168bdc942542d5fd263903cbf630f9c58ecf1cdd0,95dd37982251a6b59779e0eed020e266b54fc88c,,NO,547ae86e3be26671a9a148cb0e613ea1c602a0ff842a977ce9b7f1d217c10e41,PARTIAL_INHERITED_DEFAULTS_NOT_DUMPED,BOUND_BY_SOURCE_CODE,Hidden_state|bbox_geometry,Inherited from the hashed TrackingConfig source; no separate sensitivity claim.,PARTIAL_NO_METHOD_SPECIFIC_SENSITIVITY,FROZEN_BY_PREDICTION_AUTHORITY,Current-main active value. The frozen prediction producer was ac9bda0f7432d56229ede36bbb8fa06167846313; inherited defaults were not preserved as a complete runtime dump.
B0_CURRENT_STANDARD_V2_20260728,Hidden_state,near_wall_hidden_geometry_refine,false,boolean,INHERITED_DEFAULT_WITH_PROVENANCE,src/pig_behavior/tracking/config.py,52c5f54ad44b6f76a8d143d168bdc942542d5fd263903cbf630f9c58ecf1cdd0,95dd37982251a6b59779e0eed020e266b54fc88c,,NO,547ae86e3be26671a9a148cb0e613ea1c602a0ff842a977ce9b7f1d217c10e41,PARTIAL_INHERITED_DEFAULTS_NOT_DUMPED,BOUND_BY_SOURCE_CODE,Hidden_state|bbox_geometry,Inherited from the hashed TrackingConfig source; no separate sensitivity claim.,PARTIAL_NO_METHOD_SPECIFIC_SENSITIVITY,FROZEN_BY_PREDICTION_AUTHORITY,Current-main active value. The frozen prediction producer was ac9bda0f7432d56229ede36bbb8fa06167846313; inherited defaults were not preserved as a complete runtime dump.
B0_CURRENT_STANDARD_V2_20260728,detection,nms_iou,0.5,unitless ratio,INHERITED_DEFAULT_WITH_PROVENANCE,src/pig_behavior/tracking/config.py,52c5f54ad44b6f76a8d143d168bdc942542d5fd263903cbf630f9c58ecf1cdd0,95dd37982251a6b59779e0eed020e266b54fc88c,,NO,547ae86e3be26671a9a148cb0e613ea1c602a0ff842a977ce9b7f1d217c10e41,PARTIAL_INHERITED_DEFAULTS_NOT_DUMPED,BOUND_BY_SOURCE_CODE,detection|association,Inherited from the hashed TrackingConfig source; no separate sensitivity claim.,PARTIAL_NO_METHOD_SPECIFIC_SENSITIVITY,FROZEN_BY_PREDICTION_AUTHORITY,Current-main active value. The frozen prediction producer was ac9bda0f7432d56229ede36bbb8fa06167846313; inherited defaults were not preserved as a complete runtime dump.
B0_CURRENT_STANDARD_V2_20260728,association,occlusion_appearance_margin,0.08,unitless,INHERITED_DEFAULT_WITH_PROVENANCE,src/pig_behavior/tracking/config.py,52c5f54ad44b6f76a8d143d168bdc942542d5fd263903cbf630f9c58ecf1cdd0,95dd37982251a6b59779e0eed020e266b54fc88c,,NO,547ae86e3be26671a9a148cb0e613ea1c602a0ff842a977ce9b7f1d217c10e41,PARTIAL_INHERITED_DEFAULTS_NOT_DUMPED,BOUND_BY_SOURCE_CODE,association|Hidden_state,Inherited from the hashed TrackingConfig source; no separate sensitivity claim.,PARTIAL_NO_METHOD_SPECIFIC_SENSITIVITY,FROZEN_BY_PREDICTION_AUTHORITY,Current-main active value. The frozen prediction producer was ac9bda0f7432d56229ede36bbb8fa06167846313; inherited defaults were not preserved as a complete runtime dump.
B0_CURRENT_STANDARD_V2_20260728,association,occlusion_appearance_penalty,0.3,unitless,INHERITED_DEFAULT_WITH_PROVENANCE,src/pig_behavior/tracking/config.py,52c5f54ad44b6f76a8d143d168bdc942542d5fd263903cbf630f9c58ecf1cdd0,95dd37982251a6b59779e0eed020e266b54fc88c,,NO,547ae86e3be26671a9a148cb0e613ea1c602a0ff842a977ce9b7f1d217c10e41,PARTIAL_INHERITED_DEFAULTS_NOT_DUMPED,BOUND_BY_SOURCE_CODE,association|Hidden_state,Inherited from the hashed TrackingConfig source; no separate sensitivity claim.,PARTIAL_NO_METHOD_SPECIFIC_SENSITIVITY,FROZEN_BY_PREDICTION_AUTHORITY,Current-main active value. The frozen prediction producer was ac9bda0f7432d56229ede36bbb8fa06167846313; inherited defaults were not preserved as a complete runtime dump.
B0_CURRENT_STANDARD_V2_20260728,association,occlusion_aware_matching,false,boolean,PREDECLARED_DEVELOPMENT_SELECTION,src/pig_behavior/tracking/profiles/bytetrack_raw.py,fe62045b5e260e45cd735f8be70726d3cf8c3f7fc2ea1159f22b968728f522e0,95dd37982251a6b59779e0eed020e266b54fc88c,false,YES,547ae86e3be26671a9a148cb0e613ea1c602a0ff842a977ce9b7f1d217c10e41,YES_PROFILE_OVERRIDE_ONLY,BOUND_BY_EFFECTIVE_CONFIG,association|Hidden_state,Profile override frozen by a development authority before its authority run.,SUFFICIENT_WITH_DEVELOPMENT_SCOPE_LIMITATION,FROZEN_BY_PREDICTION_AUTHORITY,Current-main active value. The frozen prediction producer was ac9bda0f7432d56229ede36bbb8fa06167846313; inherited defaults were not preserved as a complete runtime dump.
B0_CURRENT_STANDARD_V2_20260728,Hidden_state,occlusion_competitor_margin,0.12,unitless,INHERITED_DEFAULT_WITH_PROVENANCE,src/pig_behavior/tracking/config.py,52c5f54ad44b6f76a8d143d168bdc942542d5fd263903cbf630f9c58ecf1cdd0,95dd37982251a6b59779e0eed020e266b54fc88c,,NO,547ae86e3be26671a9a148cb0e613ea1c602a0ff842a977ce9b7f1d217c10e41,PARTIAL_INHERITED_DEFAULTS_NOT_DUMPED,BOUND_BY_SOURCE_CODE,Hidden_state,Inherited from the hashed TrackingConfig source; no separate sensitivity claim.,PARTIAL_NO_METHOD_SPECIFIC_SENSITIVITY,FROZEN_BY_PREDICTION_AUTHORITY,Current-main active value. The frozen prediction producer was ac9bda0f7432d56229ede36bbb8fa06167846313; inherited defaults were not preserved as a complete runtime dump.
B0_CURRENT_STANDARD_V2_20260728,detection,occlusion_detection_iom_threshold,0.3,unitless,INHERITED_DEFAULT_WITH_PROVENANCE,src/pig_behavior/tracking/config.py,52c5f54ad44b6f76a8d143d168bdc942542d5fd263903cbf630f9c58ecf1cdd0,95dd37982251a6b59779e0eed020e266b54fc88c,,NO,547ae86e3be26671a9a148cb0e613ea1c602a0ff842a977ce9b7f1d217c10e41,PARTIAL_INHERITED_DEFAULTS_NOT_DUMPED,BOUND_BY_SOURCE_CODE,detection|Hidden_state,Inherited from the hashed TrackingConfig source; no separate sensitivity claim.,PARTIAL_NO_METHOD_SPECIFIC_SENSITIVITY,FROZEN_BY_PREDICTION_AUTHORITY,Current-main active value. The frozen prediction producer was ac9bda0f7432d56229ede36bbb8fa06167846313; inherited defaults were not preserved as a complete runtime dump.
B0_CURRENT_STANDARD_V2_20260728,Hidden_state,occlusion_hold_hidden_frames,2,frames,INHERITED_DEFAULT_WITH_PROVENANCE,src/pig_behavior/tracking/config.py,52c5f54ad44b6f76a8d143d168bdc942542d5fd263903cbf630f9c58ecf1cdd0,95dd37982251a6b59779e0eed020e266b54fc88c,,NO,547ae86e3be26671a9a148cb0e613ea1c602a0ff842a977ce9b7f1d217c10e41,PARTIAL_INHERITED_DEFAULTS_NOT_DUMPED,BOUND_BY_SOURCE_CODE,Hidden_state|runtime,Inherited from the hashed TrackingConfig source; no separate sensitivity claim.,PARTIAL_NO_METHOD_SPECIFIC_SENSITIVITY,FROZEN_BY_PREDICTION_AUTHORITY,Current-main active value. The frozen prediction producer was ac9bda0f7432d56229ede36bbb8fa06167846313; inherited defaults were not preserved as a complete runtime dump.
B0_CURRENT_STANDARD_V2_20260728,Hidden_state,occlusion_hold_max_frames,30,frames,HARDWARE_OR_RUNTIME_CONSTRAINT,src/pig_behavior/tracking/config.py,52c5f54ad44b6f76a8d143d168bdc942542d5fd263903cbf630f9c58ecf1cdd0,95dd37982251a6b59779e0eed020e266b54fc88c,,NO,547ae86e3be26671a9a148cb0e613ea1c602a0ff842a977ce9b7f1d217c10e41,PARTIAL_INHERITED_DEFAULTS_NOT_DUMPED,BOUND_BY_SOURCE_CODE,Hidden_state|runtime,Execution/safety constraint rather than a quality claim.,SUFFICIENT,FROZEN_BY_PREDICTION_AUTHORITY,Current-main active value. The frozen prediction producer was ac9bda0f7432d56229ede36bbb8fa06167846313; inherited defaults were not preserved as a complete runtime dump.
B0_CURRENT_STANDARD_V2_20260728,association,occlusion_reid_bad_match_action,"""hold""",categorical/path,INHERITED_DEFAULT_WITH_PROVENANCE,src/pig_behavior/tracking/config.py,52c5f54ad44b6f76a8d143d168bdc942542d5fd263903cbf630f9c58ecf1cdd0,95dd37982251a6b59779e0eed020e266b54fc88c,,NO,547ae86e3be26671a9a148cb0e613ea1c602a0ff842a977ce9b7f1d217c10e41,PARTIAL_INHERITED_DEFAULTS_NOT_DUMPED,BOUND_BY_SOURCE_CODE,association|Hidden_state,Inherited from the hashed TrackingConfig source; no separate sensitivity claim.,PARTIAL_NO_METHOD_SPECIFIC_SENSITIVITY,FROZEN_BY_PREDICTION_AUTHORITY,Current-main active value. The frozen prediction producer was ac9bda0f7432d56229ede36bbb8fa06167846313; inherited defaults were not preserved as a complete runtime dump.
B0_CURRENT_STANDARD_V2_20260728,association,occlusion_reid_bad_match_include_recent_visible,false,boolean,INHERITED_DEFAULT_WITH_PROVENANCE,src/pig_behavior/tracking/config.py,52c5f54ad44b6f76a8d143d168bdc942542d5fd263903cbf630f9c58ecf1cdd0,95dd37982251a6b59779e0eed020e266b54fc88c,,NO,547ae86e3be26671a9a148cb0e613ea1c602a0ff842a977ce9b7f1d217c10e41,PARTIAL_INHERITED_DEFAULTS_NOT_DUMPED,BOUND_BY_SOURCE_CODE,association|Hidden_state,Inherited from the hashed TrackingConfig source; no separate sensitivity claim.,PARTIAL_NO_METHOD_SPECIFIC_SENSITIVITY,FROZEN_BY_PREDICTION_AUTHORITY,Current-main active value. The frozen prediction producer was ac9bda0f7432d56229ede36bbb8fa06167846313; inherited defaults were not preserved as a complete runtime dump.
B0_CURRENT_STANDARD_V2_20260728,association,occlusion_reid_bad_match_max_cost,1.0,unitless,INHERITED_DEFAULT_WITH_PROVENANCE,src/pig_behavior/tracking/config.py,52c5f54ad44b6f76a8d143d168bdc942542d5fd263903cbf630f9c58ecf1cdd0,95dd37982251a6b59779e0eed020e266b54fc88c,,NO,547ae86e3be26671a9a148cb0e613ea1c602a0ff842a977ce9b7f1d217c10e41,PARTIAL_INHERITED_DEFAULTS_NOT_DUMPED,BOUND_BY_SOURCE_CODE,association|Hidden_state,Inherited from the hashed TrackingConfig source; no separate sensitivity claim.,PARTIAL_NO_METHOD_SPECIFIC_SENSITIVITY,FROZEN_BY_PREDICTION_AUTHORITY,Current-main active value. The frozen prediction producer was ac9bda0f7432d56229ede36bbb8fa06167846313; inherited defaults were not preserved as a complete runtime dump.
B0_CURRENT_STANDARD_V2_20260728,association,occlusion_reid_bad_match_max_missed,3,frames,INHERITED_DEFAULT_WITH_PROVENANCE,src/pig_behavior/tracking/config.py,52c5f54ad44b6f76a8d143d168bdc942542d5fd263903cbf630f9c58ecf1cdd0,95dd37982251a6b59779e0eed020e266b54fc88c,,NO,547ae86e3be26671a9a148cb0e613ea1c602a0ff842a977ce9b7f1d217c10e41,PARTIAL_INHERITED_DEFAULTS_NOT_DUMPED,BOUND_BY_SOURCE_CODE,association|lifecycle|Hidden_state,Inherited from the hashed TrackingConfig source; no separate sensitivity claim.,PARTIAL_NO_METHOD_SPECIFIC_SENSITIVITY,FROZEN_BY_PREDICTION_AUTHORITY,Current-main active value. The frozen prediction producer was ac9bda0f7432d56229ede36bbb8fa06167846313; inherited defaults were not preserved as a complete runtime dump.
B0_CURRENT_STANDARD_V2_20260728,association,occlusion_reid_bad_match_min_cost,0.6,unitless,INHERITED_DEFAULT_WITH_PROVENANCE,src/pig_behavior/tracking/config.py,52c5f54ad44b6f76a8d143d168bdc942542d5fd263903cbf630f9c58ecf1cdd0,95dd37982251a6b59779e0eed020e266b54fc88c,,NO,547ae86e3be26671a9a148cb0e613ea1c602a0ff842a977ce9b7f1d217c10e41,PARTIAL_INHERITED_DEFAULTS_NOT_DUMPED,BOUND_BY_SOURCE_CODE,association|Hidden_state,Inherited from the hashed TrackingConfig source; no separate sensitivity claim.,PARTIAL_NO_METHOD_SPECIFIC_SENSITIVITY,FROZEN_BY_PREDICTION_AUTHORITY,Current-main active value. The frozen prediction producer was ac9bda0f7432d56229ede36bbb8fa06167846313; inherited defaults were not preserved as a complete runtime dump.
B0_CURRENT_STANDARD_V2_20260728,association,occlusion_reid_bad_match_min_missed,0,frames,INHERITED_DEFAULT_WITH_PROVENANCE,src/pig_behavior/tracking/config.py,52c5f54ad44b6f76a8d143d168bdc942542d5fd263903cbf630f9c58ecf1cdd0,95dd37982251a6b59779e0eed020e266b54fc88c,,NO,547ae86e3be26671a9a148cb0e613ea1c602a0ff842a977ce9b7f1d217c10e41,PARTIAL_INHERITED_DEFAULTS_NOT_DUMPED,BOUND_BY_SOURCE_CODE,association|lifecycle|Hidden_state,Inherited from the hashed TrackingConfig source; no separate sensitivity claim.,PARTIAL_NO_METHOD_SPECIFIC_SENSITIVITY,FROZEN_BY_PREDICTION_AUTHORITY,Current-main active value. The frozen prediction producer was ac9bda0f7432d56229ede36bbb8fa06167846313; inherited defaults were not preserved as a complete runtime dump.
B0_CURRENT_STANDARD_V2_20260728,association,occlusion_reid_bad_match_occlusion_hold_only,false,boolean,INHERITED_DEFAULT_WITH_PROVENANCE,src/pig_behavior/tracking/config.py,52c5f54ad44b6f76a8d143d168bdc942542d5fd263903cbf630f9c58ecf1cdd0,95dd37982251a6b59779e0eed020e266b54fc88c,,NO,547ae86e3be26671a9a148cb0e613ea1c602a0ff842a977ce9b7f1d217c10e41,PARTIAL_INHERITED_DEFAULTS_NOT_DUMPED,BOUND_BY_SOURCE_CODE,association|Hidden_state,Inherited from the hashed TrackingConfig source; no separate sensitivity claim.,PARTIAL_NO_METHOD_SPECIFIC_SENSITIVITY,FROZEN_BY_PREDICTION_AUTHORITY,Current-main active value. The frozen prediction producer was ac9bda0f7432d56229ede36bbb8fa06167846313; inherited defaults were not preserved as a complete runtime dump.
B0_CURRENT_STANDARD_V2_20260728,association,occlusion_reid_bad_match_once_per_episode,false,boolean,INHERITED_DEFAULT_WITH_PROVENANCE,src/pig_behavior/tracking/config.py,52c5f54ad44b6f76a8d143d168bdc942542d5fd263903cbf630f9c58ecf1cdd0,95dd37982251a6b59779e0eed020e266b54fc88c,,NO,547ae86e3be26671a9a148cb0e613ea1c602a0ff842a977ce9b7f1d217c10e41,PARTIAL_INHERITED_DEFAULTS_NOT_DUMPED,BOUND_BY_SOURCE_CODE,association|Hidden_state,Inherited from the hashed TrackingConfig source; no separate sensitivity claim.,PARTIAL_NO_METHOD_SPECIFIC_SENSITIVITY,FROZEN_BY_PREDICTION_AUTHORITY,Current-main active value. The frozen prediction producer was ac9bda0f7432d56229ede36bbb8fa06167846313; inherited defaults were not preserved as a complete runtime dump.
B0_CURRENT_STANDARD_V2_20260728,association,occlusion_reid_bad_match_raw_mismatch_only,false,boolean,INHERITED_DEFAULT_WITH_PROVENANCE,src/pig_behavior/tracking/config.py,52c5f54ad44b6f76a8d143d168bdc942542d5fd263903cbf630f9c58ecf1cdd0,95dd37982251a6b59779e0eed020e266b54fc88c,,NO,547ae86e3be26671a9a148cb0e613ea1c602a0ff842a977ce9b7f1d217c10e41,PARTIAL_INHERITED_DEFAULTS_NOT_DUMPED,BOUND_BY_SOURCE_CODE,association|Hidden_state,Inherited from the hashed TrackingConfig source; no separate sensitivity claim.,PARTIAL_NO_METHOD_SPECIFIC_SENSITIVITY,FROZEN_BY_PREDICTION_AUTHORITY,Current-main active value. The frozen prediction producer was ac9bda0f7432d56229ede36bbb8fa06167846313; inherited defaults were not preserved as a complete runtime dump.
B0_CURRENT_STANDARD_V2_20260728,association,occlusion_reid_bad_match_same_raw_only,true,boolean,INHERITED_DEFAULT_WITH_PROVENANCE,src/pig_behavior/tracking/config.py,52c5f54ad44b6f76a8d143d168bdc942542d5fd263903cbf630f9c58ecf1cdd0,95dd37982251a6b59779e0eed020e266b54fc88c,,NO,547ae86e3be26671a9a148cb0e613ea1c602a0ff842a977ce9b7f1d217c10e41,PARTIAL_INHERITED_DEFAULTS_NOT_DUMPED,BOUND_BY_SOURCE_CODE,association|Hidden_state,Inherited from the hashed TrackingConfig source; no separate sensitivity claim.,PARTIAL_NO_METHOD_SPECIFIC_SENSITIVITY,FROZEN_BY_PREDICTION_AUTHORITY,Current-main active value. The frozen prediction producer was ac9bda0f7432d56229ede36bbb8fa06167846313; inherited defaults were not preserved as a complete runtime dump.
B0_CURRENT_STANDARD_V2_20260728,association,occlusion_reid_bad_match_unowned_raw_only,false,boolean,INHERITED_DEFAULT_WITH_PROVENANCE,src/pig_behavior/tracking/config.py,52c5f54ad44b6f76a8d143d168bdc942542d5fd263903cbf630f9c58ecf1cdd0,95dd37982251a6b59779e0eed020e266b54fc88c,,NO,547ae86e3be26671a9a148cb0e613ea1c602a0ff842a977ce9b7f1d217c10e41,PARTIAL_INHERITED_DEFAULTS_NOT_DUMPED,BOUND_BY_SOURCE_CODE,association|Hidden_state,Inherited from the hashed TrackingConfig source; no separate sensitivity claim.,PARTIAL_NO_METHOD_SPECIFIC_SENSITIVITY,FROZEN_BY_PREDICTION_AUTHORITY,Current-main active value. The frozen prediction producer was ac9bda0f7432d56229ede36bbb8fa06167846313; inherited defaults were not preserved as a complete runtime dump.
B0_CURRENT_STANDARD_V2_20260728,association,occlusion_reid_bad_match_visible_min_cost,0.7,unitless,INHERITED_DEFAULT_WITH_PROVENANCE,src/pig_behavior/tracking/config.py,52c5f54ad44b6f76a8d143d168bdc942542d5fd263903cbf630f9c58ecf1cdd0,95dd37982251a6b59779e0eed020e266b54fc88c,,NO,547ae86e3be26671a9a148cb0e613ea1c602a0ff842a977ce9b7f1d217c10e41,PARTIAL_INHERITED_DEFAULTS_NOT_DUMPED,BOUND_BY_SOURCE_CODE,association|Hidden_state,Inherited from the hashed TrackingConfig source; no separate sensitivity claim.,PARTIAL_NO_METHOD_SPECIFIC_SENSITIVITY,FROZEN_BY_PREDICTION_AUTHORITY,Current-main active value. The frozen prediction producer was ac9bda0f7432d56229ede36bbb8fa06167846313; inherited defaults were not preserved as a complete runtime dump.
B0_CURRENT_STANDARD_V2_20260728,association,occlusion_reid_prefer_gap_over_bad_match,false,boolean,INHERITED_DEFAULT_WITH_PROVENANCE,src/pig_behavior/tracking/config.py,52c5f54ad44b6f76a8d143d168bdc942542d5fd263903cbf630f9c58ecf1cdd0,95dd37982251a6b59779e0eed020e266b54fc88c,,NO,547ae86e3be26671a9a148cb0e613ea1c602a0ff842a977ce9b7f1d217c10e41,PARTIAL_INHERITED_DEFAULTS_NOT_DUMPED,BOUND_BY_SOURCE_CODE,association|Hidden_state,Inherited from the hashed TrackingConfig source; no separate sensitivity claim.,PARTIAL_NO_METHOD_SPECIFIC_SENSITIVITY,FROZEN_BY_PREDICTION_AUTHORITY,Current-main active value. The frozen prediction producer was ac9bda0f7432d56229ede36bbb8fa06167846313; inherited defaults were not preserved as a complete runtime dump.
B0_CURRENT_STANDARD_V2_20260728,Hidden_state,occlusion_stationary_lock,true,boolean,INHERITED_DEFAULT_WITH_PROVENANCE,src/pig_behavior/tracking/config.py,52c5f54ad44b6f76a8d143d168bdc942542d5fd263903cbf630f9c58ecf1cdd0,95dd37982251a6b59779e0eed020e266b54fc88c,,NO,547ae86e3be26671a9a148cb0e613ea1c602a0ff842a977ce9b7f1d217c10e41,PARTIAL_INHERITED_DEFAULTS_NOT_DUMPED,BOUND_BY_SOURCE_CODE,Hidden_state,Inherited from the hashed TrackingConfig source; no separate sensitivity claim.,PARTIAL_NO_METHOD_SPECIFIC_SENSITIVITY,FROZEN_BY_PREDICTION_AUTHORITY,Current-main active value. The frozen prediction producer was ac9bda0f7432d56229ede36bbb8fa06167846313; inherited defaults were not preserved as a complete runtime dump.
B0_CURRENT_STANDARD_V2_20260728,Hidden_state,occlusion_stationary_max_center_jump,0.045,unitless,INHERITED_DEFAULT_WITH_PROVENANCE,src/pig_behavior/tracking/config.py,52c5f54ad44b6f76a8d143d168bdc942542d5fd263903cbf630f9c58ecf1cdd0,95dd37982251a6b59779e0eed020e266b54fc88c,,NO,547ae86e3be26671a9a148cb0e613ea1c602a0ff842a977ce9b7f1d217c10e41,PARTIAL_INHERITED_DEFAULTS_NOT_DUMPED,BOUND_BY_SOURCE_CODE,Hidden_state,Inherited from the hashed TrackingConfig source; no separate sensitivity claim.,PARTIAL_NO_METHOD_SPECIFIC_SENSITIVITY,FROZEN_BY_PREDICTION_AUTHORITY,Current-main active value. The frozen prediction producer was ac9bda0f7432d56229ede36bbb8fa06167846313; inherited defaults were not preserved as a complete runtime dump.
B0_CURRENT_STANDARD_V2_20260728,Hidden_state,occlusion_stationary_speed,0.006,unitless,INHERITED_DEFAULT_WITH_PROVENANCE,src/pig_behavior/tracking/config.py,52c5f54ad44b6f76a8d143d168bdc942542d5fd263903cbf630f9c58ecf1cdd0,95dd37982251a6b59779e0eed020e266b54fc88c,,NO,547ae86e3be26671a9a148cb0e613ea1c602a0ff842a977ce9b7f1d217c10e41,PARTIAL_INHERITED_DEFAULTS_NOT_DUMPED,BOUND_BY_SOURCE_CODE,Hidden_state,Inherited from the hashed TrackingConfig source; no separate sensitivity claim.,PARTIAL_NO_METHOD_SPECIFIC_SENSITIVITY,FROZEN_BY_PREDICTION_AUTHORITY,Current-main active value. The frozen prediction producer was ac9bda0f7432d56229ede36bbb8fa06167846313; inherited defaults were not preserved as a complete runtime dump.
B0_CURRENT_STANDARD_V2_20260728,Hidden_state,occlusion_switch_penalty,0.45,unitless,INHERITED_DEFAULT_WITH_PROVENANCE,src/pig_behavior/tracking/config.py,52c5f54ad44b6f76a8d143d168bdc942542d5fd263903cbf630f9c58ecf1cdd0,95dd37982251a6b59779e0eed020e266b54fc88c,,NO,547ae86e3be26671a9a148cb0e613ea1c602a0ff842a977ce9b7f1d217c10e41,PARTIAL_INHERITED_DEFAULTS_NOT_DUMPED,BOUND_BY_SOURCE_CODE,Hidden_state,Inherited from the hashed TrackingConfig source; no separate sensitivity claim.,PARTIAL_NO_METHOD_SPECIFIC_SENSITIVITY,FROZEN_BY_PREDICTION_AUTHORITY,Current-main active value. The frozen prediction producer was ac9bda0f7432d56229ede36bbb8fa06167846313; inherited defaults were not preserved as a complete runtime dump.
B0_CURRENT_STANDARD_V2_20260728,Hidden_state,occlusion_track_iom_threshold,0.3,unitless,INHERITED_DEFAULT_WITH_PROVENANCE,src/pig_behavior/tracking/config.py,52c5f54ad44b6f76a8d143d168bdc942542d5fd263903cbf630f9c58ecf1cdd0,95dd37982251a6b59779e0eed020e266b54fc88c,,NO,547ae86e3be26671a9a148cb0e613ea1c602a0ff842a977ce9b7f1d217c10e41,PARTIAL_INHERITED_DEFAULTS_NOT_DUMPED,BOUND_BY_SOURCE_CODE,Hidden_state,Inherited from the hashed TrackingConfig source; no separate sensitivity claim.,PARTIAL_NO_METHOD_SPECIFIC_SENSITIVITY,FROZEN_BY_PREDICTION_AUTHORITY,Current-main active value. The frozen prediction producer was ac9bda0f7432d56229ede36bbb8fa06167846313; inherited defaults were not preserved as a complete runtime dump.
B0_CURRENT_STANDARD_V2_20260728,engineering_or_indirect,output_dir,"""C:\\Users\\ironh\\Downloads\\PIG_Behavior_Project\\.codex_tmp\\worktrees\\tracking_scientific_grounding_authority\\outputs\\pred""",categorical/path,INHERITED_DEFAULT_WITH_PROVENANCE,src/pig_behavior/tracking/config.py,52c5f54ad44b6f76a8d143d168bdc942542d5fd263903cbf630f9c58ecf1cdd0,95dd37982251a6b59779e0eed020e266b54fc88c,,NO,547ae86e3be26671a9a148cb0e613ea1c602a0ff842a977ce9b7f1d217c10e41,PARTIAL_INHERITED_DEFAULTS_NOT_DUMPED,BOUND_BY_SOURCE_CODE,engineering_or_indirect,Inherited from the hashed TrackingConfig source; no separate sensitivity claim.,PARTIAL_NO_METHOD_SPECIFIC_SENSITIVITY,FROZEN_BY_PREDICTION_AUTHORITY,Current-main active value. The frozen prediction producer was ac9bda0f7432d56229ede36bbb8fa06167846313; inherited defaults were not preserved as a complete runtime dump.
B0_CURRENT_STANDARD_V2_20260728,engineering_or_indirect,output_fps,30.0,unitless,INHERITED_DEFAULT_WITH_PROVENANCE,src/pig_behavior/tracking/config.py,52c5f54ad44b6f76a8d143d168bdc942542d5fd263903cbf630f9c58ecf1cdd0,95dd37982251a6b59779e0eed020e266b54fc88c,,NO,547ae86e3be26671a9a148cb0e613ea1c602a0ff842a977ce9b7f1d217c10e41,PARTIAL_INHERITED_DEFAULTS_NOT_DUMPED,BOUND_BY_SOURCE_CODE,engineering_or_indirect,Inherited from the hashed TrackingConfig source; no separate sensitivity claim.,PARTIAL_NO_METHOD_SPECIFIC_SENSITIVITY,FROZEN_BY_PREDICTION_AUTHORITY,Current-main active value. The frozen prediction producer was ac9bda0f7432d56229ede36bbb8fa06167846313; inherited defaults were not preserved as a complete runtime dump.
B0_CURRENT_STANDARD_V2_20260728,runtime,output_video,null,not applicable,INHERITED_DEFAULT_WITH_PROVENANCE,src/pig_behavior/tracking/config.py,52c5f54ad44b6f76a8d143d168bdc942542d5fd263903cbf630f9c58ecf1cdd0,95dd37982251a6b59779e0eed020e266b54fc88c,,NO,547ae86e3be26671a9a148cb0e613ea1c602a0ff842a977ce9b7f1d217c10e41,PARTIAL_INHERITED_DEFAULTS_NOT_DUMPED,BOUND_BY_SOURCE_CODE,runtime,Inherited from the hashed TrackingConfig source; no separate sensitivity claim.,PARTIAL_NO_METHOD_SPECIFIC_SENSITIVITY,FROZEN_BY_PREDICTION_AUTHORITY,Current-main active value. The frozen prediction producer was ac9bda0f7432d56229ede36bbb8fa06167846313; inherited defaults were not preserved as a complete runtime dump.
B0_CURRENT_STANDARD_V2_20260728,bbox_geometry,overlap_small_box_max_area_ratio,0.65,unitless,INHERITED_DEFAULT_WITH_PROVENANCE,src/pig_behavior/tracking/config.py,52c5f54ad44b6f76a8d143d168bdc942542d5fd263903cbf630f9c58ecf1cdd0,95dd37982251a6b59779e0eed020e266b54fc88c,,NO,547ae86e3be26671a9a148cb0e613ea1c602a0ff842a977ce9b7f1d217c10e41,PARTIAL_INHERITED_DEFAULTS_NOT_DUMPED,BOUND_BY_SOURCE_CODE,bbox_geometry,Inherited from the hashed TrackingConfig source; no separate sensitivity claim.,PARTIAL_NO_METHOD_SPECIFIC_SENSITIVITY,FROZEN_BY_PREDICTION_AUTHORITY,Current-main active value. The frozen prediction producer was ac9bda0f7432d56229ede36bbb8fa06167846313; inherited defaults were not preserved as a complete runtime dump.
B0_CURRENT_STANDARD_V2_20260728,bbox_geometry,overlap_small_box_max_score,0.75,unitless,INHERITED_DEFAULT_WITH_PROVENANCE,src/pig_behavior/tracking/config.py,52c5f54ad44b6f76a8d143d168bdc942542d5fd263903cbf630f9c58ecf1cdd0,95dd37982251a6b59779e0eed020e266b54fc88c,,NO,547ae86e3be26671a9a148cb0e613ea1c602a0ff842a977ce9b7f1d217c10e41,PARTIAL_INHERITED_DEFAULTS_NOT_DUMPED,BOUND_BY_SOURCE_CODE,bbox_geometry,Inherited from the hashed TrackingConfig source; no separate sensitivity claim.,PARTIAL_NO_METHOD_SPECIFIC_SENSITIVITY,FROZEN_BY_PREDICTION_AUTHORITY,Current-main active value. The frozen prediction producer was ac9bda0f7432d56229ede36bbb8fa06167846313; inherited defaults were not preserved as a complete runtime dump.
B0_CURRENT_STANDARD_V2_20260728,association,overlap_small_box_min_iou,0.4,unitless ratio,INHERITED_DEFAULT_WITH_PROVENANCE,src/pig_behavior/tracking/config.py,52c5f54ad44b6f76a8d143d168bdc942542d5fd263903cbf630f9c58ecf1cdd0,95dd37982251a6b59779e0eed020e266b54fc88c,,NO,547ae86e3be26671a9a148cb0e613ea1c602a0ff842a977ce9b7f1d217c10e41,PARTIAL_INHERITED_DEFAULTS_NOT_DUMPED,BOUND_BY_SOURCE_CODE,association|bbox_geometry,Inherited from the hashed TrackingConfig source; no separate sensitivity claim.,PARTIAL_NO_METHOD_SPECIFIC_SENSITIVITY,FROZEN_BY_PREDICTION_AUTHORITY,Current-main active value. The frozen prediction producer was ac9bda0f7432d56229ede36bbb8fa06167846313; inherited defaults were not preserved as a complete runtime dump.
B0_CURRENT_STANDARD_V2_20260728,bbox_geometry,overlap_small_box_suppression,false,boolean,PREDECLARED_DEVELOPMENT_SELECTION,src/pig_behavior/tracking/profiles/bytetrack_raw.py,fe62045b5e260e45cd735f8be70726d3cf8c3f7fc2ea1159f22b968728f522e0,95dd37982251a6b59779e0eed020e266b54fc88c,false,YES,547ae86e3be26671a9a148cb0e613ea1c602a0ff842a977ce9b7f1d217c10e41,YES_PROFILE_OVERRIDE_ONLY,BOUND_BY_EFFECTIVE_CONFIG,bbox_geometry,Profile override frozen by a development authority before its authority run.,SUFFICIENT_WITH_DEVELOPMENT_SCOPE_LIMITATION,FROZEN_BY_PREDICTION_AUTHORITY,Current-main active value. The frozen prediction producer was ac9bda0f7432d56229ede36bbb8fa06167846313; inherited defaults were not preserved as a complete runtime dump.
B0_CURRENT_STANDARD_V2_20260728,engineering_or_indirect,overrides,"""set()""",categorical/path,INHERITED_DEFAULT_WITH_PROVENANCE,src/pig_behavior/tracking/config.py,52c5f54ad44b6f76a8d143d168bdc942542d5fd263903cbf630f9c58ecf1cdd0,95dd37982251a6b59779e0eed020e266b54fc88c,,NO,547ae86e3be26671a9a148cb0e613ea1c602a0ff842a977ce9b7f1d217c10e41,PARTIAL_INHERITED_DEFAULTS_NOT_DUMPED,BOUND_BY_SOURCE_CODE,engineering_or_indirect,Inherited from the hashed TrackingConfig source; no separate sensitivity claim.,PARTIAL_NO_METHOD_SPECIFIC_SENSITIVITY,FROZEN_BY_PREDICTION_AUTHORITY,Current-main active value. The frozen prediction producer was ac9bda0f7432d56229ede36bbb8fa06167846313; inherited defaults were not preserved as a complete runtime dump.
B0_CURRENT_STANDARD_V2_20260728,engineering_or_indirect,quality_report_csv,null,not applicable,INHERITED_DEFAULT_WITH_PROVENANCE,src/pig_behavior/tracking/config.py,52c5f54ad44b6f76a8d143d168bdc942542d5fd263903cbf630f9c58ecf1cdd0,95dd37982251a6b59779e0eed020e266b54fc88c,,NO,547ae86e3be26671a9a148cb0e613ea1c602a0ff842a977ce9b7f1d217c10e41,PARTIAL_INHERITED_DEFAULTS_NOT_DUMPED,BOUND_BY_SOURCE_CODE,engineering_or_indirect,Inherited from the hashed TrackingConfig source; no separate sensitivity claim.,PARTIAL_NO_METHOD_SPECIFIC_SENSITIVITY,FROZEN_BY_PREDICTION_AUTHORITY,Current-main active value. The frozen prediction producer was ac9bda0f7432d56229ede36bbb8fa06167846313; inherited defaults were not preserved as a complete runtime dump.
B0_CURRENT_STANDARD_V2_20260728,engineering_or_indirect,quality_report_json,null,not applicable,INHERITED_DEFAULT_WITH_PROVENANCE,src/pig_behavior/tracking/config.py,52c5f54ad44b6f76a8d143d168bdc942542d5fd263903cbf630f9c58ecf1cdd0,95dd37982251a6b59779e0eed020e266b54fc88c,,NO,547ae86e3be26671a9a148cb0e613ea1c602a0ff842a977ce9b7f1d217c10e41,PARTIAL_INHERITED_DEFAULTS_NOT_DUMPED,BOUND_BY_SOURCE_CODE,engineering_or_indirect,Inherited from the hashed TrackingConfig source; no separate sensitivity claim.,PARTIAL_NO_METHOD_SPECIFIC_SENSITIVITY,FROZEN_BY_PREDICTION_AUTHORITY,Current-main active value. The frozen prediction producer was ac9bda0f7432d56229ede36bbb8fa06167846313; inherited defaults were not preserved as a complete runtime dump.
B0_CURRENT_STANDARD_V2_20260728,association,realtime_core_pairwise_max_total_cost_increase,0.05,unitless,INHERITED_DEFAULT_WITH_PROVENANCE,src/pig_behavior/tracking/config.py,52c5f54ad44b6f76a8d143d168bdc942542d5fd263903cbf630f9c58ecf1cdd0,95dd37982251a6b59779e0eed020e266b54fc88c,,NO,547ae86e3be26671a9a148cb0e613ea1c602a0ff842a977ce9b7f1d217c10e41,PARTIAL_INHERITED_DEFAULTS_NOT_DUMPED,BOUND_BY_SOURCE_CODE,association,Inherited from the hashed TrackingConfig source; no separate sensitivity claim.,PARTIAL_NO_METHOD_SPECIFIC_SENSITIVITY,FROZEN_BY_PREDICTION_AUTHORITY,Current-main active value. The frozen prediction producer was ac9bda0f7432d56229ede36bbb8fa06167846313; inherited defaults were not preserved as a complete runtime dump.
B0_CURRENT_STANDARD_V2_20260728,detection,realtime_core_pairwise_min_detection_iou,0.3,unitless ratio,INHERITED_DEFAULT_WITH_PROVENANCE,src/pig_behavior/tracking/config.py,52c5f54ad44b6f76a8d143d168bdc942542d5fd263903cbf630f9c58ecf1cdd0,95dd37982251a6b59779e0eed020e266b54fc88c,,NO,547ae86e3be26671a9a148cb0e613ea1c602a0ff842a977ce9b7f1d217c10e41,PARTIAL_INHERITED_DEFAULTS_NOT_DUMPED,BOUND_BY_SOURCE_CODE,detection|association,Inherited from the hashed TrackingConfig source; no separate sensitivity claim.,PARTIAL_NO_METHOD_SPECIFIC_SENSITIVITY,FROZEN_BY_PREDICTION_AUTHORITY,Current-main active value. The frozen prediction producer was ac9bda0f7432d56229ede36bbb8fa06167846313; inherited defaults were not preserved as a complete runtime dump.
B0_CURRENT_STANDARD_V2_20260728,association,realtime_core_pairwise_min_total_appearance_gain,0.1,unitless,INHERITED_DEFAULT_WITH_PROVENANCE,src/pig_behavior/tracking/config.py,52c5f54ad44b6f76a8d143d168bdc942542d5fd263903cbf630f9c58ecf1cdd0,95dd37982251a6b59779e0eed020e266b54fc88c,,NO,547ae86e3be26671a9a148cb0e613ea1c602a0ff842a977ce9b7f1d217c10e41,PARTIAL_INHERITED_DEFAULTS_NOT_DUMPED,BOUND_BY_SOURCE_CODE,association,Inherited from the hashed TrackingConfig source; no separate sensitivity claim.,PARTIAL_NO_METHOD_SPECIFIC_SENSITIVITY,FROZEN_BY_PREDICTION_AUTHORITY,Current-main active value. The frozen prediction producer was ac9bda0f7432d56229ede36bbb8fa06167846313; inherited defaults were not preserved as a complete runtime dump.
B0_CURRENT_STANDARD_V2_20260728,engineering_or_indirect,realtime_core_pairwise_tiebreak,false,boolean,INHERITED_DEFAULT_WITH_PROVENANCE,src/pig_behavior/tracking/config.py,52c5f54ad44b6f76a8d143d168bdc942542d5fd263903cbf630f9c58ecf1cdd0,95dd37982251a6b59779e0eed020e266b54fc88c,,NO,547ae86e3be26671a9a148cb0e613ea1c602a0ff842a977ce9b7f1d217c10e41,PARTIAL_INHERITED_DEFAULTS_NOT_DUMPED,BOUND_BY_SOURCE_CODE,engineering_or_indirect,Inherited from the hashed TrackingConfig source; no separate sensitivity claim.,PARTIAL_NO_METHOD_SPECIFIC_SENSITIVITY,FROZEN_BY_PREDICTION_AUTHORITY,Current-main active value. The frozen prediction producer was ac9bda0f7432d56229ede36bbb8fa06167846313; inherited defaults were not preserved as a complete runtime dump.
B0_CURRENT_STANDARD_V2_20260728,association,realtime_core_unassigned_max_cost_delta,0.01,unitless,INHERITED_DEFAULT_WITH_PROVENANCE,src/pig_behavior/tracking/config.py,52c5f54ad44b6f76a8d143d168bdc942542d5fd263903cbf630f9c58ecf1cdd0,95dd37982251a6b59779e0eed020e266b54fc88c,,NO,547ae86e3be26671a9a148cb0e613ea1c602a0ff842a977ce9b7f1d217c10e41,PARTIAL_INHERITED_DEFAULTS_NOT_DUMPED,BOUND_BY_SOURCE_CODE,association,Inherited from the hashed TrackingConfig source; no separate sensitivity claim.,PARTIAL_NO_METHOD_SPECIFIC_SENSITIVITY,FROZEN_BY_PREDICTION_AUTHORITY,Current-main active value. The frozen prediction producer was ac9bda0f7432d56229ede36bbb8fa06167846313; inherited defaults were not preserved as a complete runtime dump.
B0_CURRENT_STANDARD_V2_20260728,association,realtime_core_unassigned_max_selected_cost,0.4,unitless,INHERITED_DEFAULT_WITH_PROVENANCE,src/pig_behavior/tracking/config.py,52c5f54ad44b6f76a8d143d168bdc942542d5fd263903cbf630f9c58ecf1cdd0,95dd37982251a6b59779e0eed020e266b54fc88c,,NO,547ae86e3be26671a9a148cb0e613ea1c602a0ff842a977ce9b7f1d217c10e41,PARTIAL_INHERITED_DEFAULTS_NOT_DUMPED,BOUND_BY_SOURCE_CODE,association,Inherited from the hashed TrackingConfig source; no separate sensitivity claim.,PARTIAL_NO_METHOD_SPECIFIC_SENSITIVITY,FROZEN_BY_PREDICTION_AUTHORITY,Current-main active value. The frozen prediction producer was ac9bda0f7432d56229ede36bbb8fa06167846313; inherited defaults were not preserved as a complete runtime dump.
B0_CURRENT_STANDARD_V2_20260728,association,realtime_core_unassigned_min_appearance_gain,0.01,unitless,INHERITED_DEFAULT_WITH_PROVENANCE,src/pig_behavior/tracking/config.py,52c5f54ad44b6f76a8d143d168bdc942542d5fd263903cbf630f9c58ecf1cdd0,95dd37982251a6b59779e0eed020e266b54fc88c,,NO,547ae86e3be26671a9a148cb0e613ea1c602a0ff842a977ce9b7f1d217c10e41,PARTIAL_INHERITED_DEFAULTS_NOT_DUMPED,BOUND_BY_SOURCE_CODE,association,Inherited from the hashed TrackingConfig source; no separate sensitivity claim.,PARTIAL_NO_METHOD_SPECIFIC_SENSITIVITY,FROZEN_BY_PREDICTION_AUTHORITY,Current-main active value. The frozen prediction producer was ac9bda0f7432d56229ede36bbb8fa06167846313; inherited defaults were not preserved as a complete runtime dump.
B0_CURRENT_STANDARD_V2_20260728,detection,realtime_core_unassigned_min_detection_iou,0.3,unitless ratio,INHERITED_DEFAULT_WITH_PROVENANCE,src/pig_behavior/tracking/config.py,52c5f54ad44b6f76a8d143d168bdc942542d5fd263903cbf630f9c58ecf1cdd0,95dd37982251a6b59779e0eed020e266b54fc88c,,NO,547ae86e3be26671a9a148cb0e613ea1c602a0ff842a977ce9b7f1d217c10e41,PARTIAL_INHERITED_DEFAULTS_NOT_DUMPED,BOUND_BY_SOURCE_CODE,detection|association,Inherited from the hashed TrackingConfig source; no separate sensitivity claim.,PARTIAL_NO_METHOD_SPECIFIC_SENSITIVITY,FROZEN_BY_PREDICTION_AUTHORITY,Current-main active value. The frozen prediction producer was ac9bda0f7432d56229ede36bbb8fa06167846313; inherited defaults were not preserved as a complete runtime dump.
B0_CURRENT_STANDARD_V2_20260728,engineering_or_indirect,realtime_core_unassigned_require_score_nondecrease,false,boolean,INHERITED_DEFAULT_WITH_PROVENANCE,src/pig_behavior/tracking/config.py,52c5f54ad44b6f76a8d143d168bdc942542d5fd263903cbf630f9c58ecf1cdd0,95dd37982251a6b59779e0eed020e266b54fc88c,,NO,547ae86e3be26671a9a148cb0e613ea1c602a0ff842a977ce9b7f1d217c10e41,PARTIAL_INHERITED_DEFAULTS_NOT_DUMPED,BOUND_BY_SOURCE_CODE,engineering_or_indirect,Inherited from the hashed TrackingConfig source; no separate sensitivity claim.,PARTIAL_NO_METHOD_SPECIFIC_SENSITIVITY,FROZEN_BY_PREDICTION_AUTHORITY,Current-main active value. The frozen prediction producer was ac9bda0f7432d56229ede36bbb8fa06167846313; inherited defaults were not preserved as a complete runtime dump.
B0_CURRENT_STANDARD_V2_20260728,engineering_or_indirect,realtime_core_unassigned_tiebreak,false,boolean,INHERITED_DEFAULT_WITH_PROVENANCE,src/pig_behavior/tracking/config.py,52c5f54ad44b6f76a8d143d168bdc942542d5fd263903cbf630f9c58ecf1cdd0,95dd37982251a6b59779e0eed020e266b54fc88c,,NO,547ae86e3be26671a9a148cb0e613ea1c602a0ff842a977ce9b7f1d217c10e41,PARTIAL_INHERITED_DEFAULTS_NOT_DUMPED,BOUND_BY_SOURCE_CODE,engineering_or_indirect,Inherited from the hashed TrackingConfig source; no separate sensitivity claim.,PARTIAL_NO_METHOD_SPECIFIC_SENSITIVITY,FROZEN_BY_PREDICTION_AUTHORITY,Current-main active value. The frozen prediction producer was ac9bda0f7432d56229ede36bbb8fa06167846313; inherited defaults were not preserved as a complete runtime dump.
B0_CURRENT_STANDARD_V2_20260728,engineering_or_indirect,realtime_lk_point_batching,false,boolean,INHERITED_DEFAULT_WITH_PROVENANCE,src/pig_behavior/tracking/config.py,52c5f54ad44b6f76a8d143d168bdc942542d5fd263903cbf630f9c58ecf1cdd0,95dd37982251a6b59779e0eed020e266b54fc88c,,NO,547ae86e3be26671a9a148cb0e613ea1c602a0ff842a977ce9b7f1d217c10e41,PARTIAL_INHERITED_DEFAULTS_NOT_DUMPED,BOUND_BY_SOURCE_CODE,engineering_or_indirect,Inherited from the hashed TrackingConfig source; no separate sensitivity claim.,PARTIAL_NO_METHOD_SPECIFIC_SENSITIVITY,FROZEN_BY_PREDICTION_AUTHORITY,Current-main active value. The frozen prediction producer was ac9bda0f7432d56229ede36bbb8fa06167846313; inherited defaults were not preserved as a complete runtime dump.
B0_CURRENT_STANDARD_V2_20260728,engineering_or_indirect,realtime_low_conf_recovery_guard,false,boolean,INHERITED_DEFAULT_WITH_PROVENANCE,src/pig_behavior/tracking/config.py,52c5f54ad44b6f76a8d143d168bdc942542d5fd263903cbf630f9c58ecf1cdd0,95dd37982251a6b59779e0eed020e266b54fc88c,,NO,547ae86e3be26671a9a148cb0e613ea1c602a0ff842a977ce9b7f1d217c10e41,PARTIAL_INHERITED_DEFAULTS_NOT_DUMPED,BOUND_BY_SOURCE_CODE,engineering_or_indirect,Inherited from the hashed TrackingConfig source; no separate sensitivity claim.,PARTIAL_NO_METHOD_SPECIFIC_SENSITIVITY,FROZEN_BY_PREDICTION_AUTHORITY,Current-main active value. The frozen prediction producer was ac9bda0f7432d56229ede36bbb8fa06167846313; inherited defaults were not preserved as a complete runtime dump.
B0_CURRENT_STANDARD_V2_20260728,lifecycle,realtime_low_conf_recovery_max_missed,20,frames,INHERITED_DEFAULT_WITH_PROVENANCE,src/pig_behavior/tracking/config.py,52c5f54ad44b6f76a8d143d168bdc942542d5fd263903cbf630f9c58ecf1cdd0,95dd37982251a6b59779e0eed020e266b54fc88c,,NO,547ae86e3be26671a9a148cb0e613ea1c602a0ff842a977ce9b7f1d217c10e41,PARTIAL_INHERITED_DEFAULTS_NOT_DUMPED,BOUND_BY_SOURCE_CODE,lifecycle,Inherited from the hashed TrackingConfig source; no separate sensitivity claim.,PARTIAL_NO_METHOD_SPECIFIC_SENSITIVITY,FROZEN_BY_PREDICTION_AUTHORITY,Current-main active value. The frozen prediction producer was ac9bda0f7432d56229ede36bbb8fa06167846313; inherited defaults were not preserved as a complete runtime dump.
B0_CURRENT_STANDARD_V2_20260728,lifecycle,realtime_low_conf_recovery_min_missed,3,frames,INHERITED_DEFAULT_WITH_PROVENANCE,src/pig_behavior/tracking/config.py,52c5f54ad44b6f76a8d143d168bdc942542d5fd263903cbf630f9c58ecf1cdd0,95dd37982251a6b59779e0eed020e266b54fc88c,,NO,547ae86e3be26671a9a148cb0e613ea1c602a0ff842a977ce9b7f1d217c10e41,PARTIAL_INHERITED_DEFAULTS_NOT_DUMPED,BOUND_BY_SOURCE_CODE,lifecycle,Inherited from the hashed TrackingConfig source; no separate sensitivity claim.,PARTIAL_NO_METHOD_SPECIFIC_SENSITIVITY,FROZEN_BY_PREDICTION_AUTHORITY,Current-main active value. The frozen prediction producer was ac9bda0f7432d56229ede36bbb8fa06167846313; inherited defaults were not preserved as a complete runtime dump.
B0_CURRENT_STANDARD_V2_20260728,engineering_or_indirect,realtime_low_conf_recovery_min_score,0.5,unitless,INHERITED_DEFAULT_WITH_PROVENANCE,src/pig_behavior/tracking/config.py,52c5f54ad44b6f76a8d143d168bdc942542d5fd263903cbf630f9c58ecf1cdd0,95dd37982251a6b59779e0eed020e266b54fc88c,,NO,547ae86e3be26671a9a148cb0e613ea1c602a0ff842a977ce9b7f1d217c10e41,PARTIAL_INHERITED_DEFAULTS_NOT_DUMPED,BOUND_BY_SOURCE_CODE,engineering_or_indirect,Inherited from the hashed TrackingConfig source; no separate sensitivity claim.,PARTIAL_NO_METHOD_SPECIFIC_SENSITIVITY,FROZEN_BY_PREDICTION_AUTHORITY,Current-main active value. The frozen prediction producer was ac9bda0f7432d56229ede36bbb8fa06167846313; inherited defaults were not preserved as a complete runtime dump.
B0_CURRENT_STANDARD_V2_20260728,engineering_or_indirect,realtime_motion_pair_dense_fallback_max_edges,3,count,INHERITED_DEFAULT_WITH_PROVENANCE,src/pig_behavior/tracking/config.py,52c5f54ad44b6f76a8d143d168bdc942542d5fd263903cbf630f9c58ecf1cdd0,95dd37982251a6b59779e0eed020e266b54fc88c,,NO,547ae86e3be26671a9a148cb0e613ea1c602a0ff842a977ce9b7f1d217c10e41,PARTIAL_INHERITED_DEFAULTS_NOT_DUMPED,BOUND_BY_SOURCE_CODE,engineering_or_indirect,Inherited from the hashed TrackingConfig source; no separate sensitivity claim.,PARTIAL_NO_METHOD_SPECIFIC_SENSITIVITY,FROZEN_BY_PREDICTION_AUTHORITY,Current-main active value. The frozen prediction producer was ac9bda0f7432d56229ede36bbb8fa06167846313; inherited defaults were not preserved as a complete runtime dump.
B0_CURRENT_STANDARD_V2_20260728,engineering_or_indirect,realtime_motion_pair_dense_fallback_max_support_ratio,0.35,unitless,INHERITED_DEFAULT_WITH_PROVENANCE,src/pig_behavior/tracking/config.py,52c5f54ad44b6f76a8d143d168bdc942542d5fd263903cbf630f9c58ecf1cdd0,95dd37982251a6b59779e0eed020e266b54fc88c,,NO,547ae86e3be26671a9a148cb0e613ea1c602a0ff842a977ce9b7f1d217c10e41,PARTIAL_INHERITED_DEFAULTS_NOT_DUMPED,BOUND_BY_SOURCE_CODE,engineering_or_indirect,Inherited from the hashed TrackingConfig source; no separate sensitivity claim.,PARTIAL_NO_METHOD_SPECIFIC_SENSITIVITY,FROZEN_BY_PREDICTION_AUTHORITY,Current-main active value. The frozen prediction producer was ac9bda0f7432d56229ede36bbb8fa06167846313; inherited defaults were not preserved as a complete runtime dump.
B0_CURRENT_STANDARD_V2_20260728,engineering_or_indirect,realtime_motion_pair_dense_fallback_min_edge_gain,0.0,unitless,INHERITED_DEFAULT_WITH_PROVENANCE,src/pig_behavior/tracking/config.py,52c5f54ad44b6f76a8d143d168bdc942542d5fd263903cbf630f9c58ecf1cdd0,95dd37982251a6b59779e0eed020e266b54fc88c,,NO,547ae86e3be26671a9a148cb0e613ea1c602a0ff842a977ce9b7f1d217c10e41,PARTIAL_INHERITED_DEFAULTS_NOT_DUMPED,BOUND_BY_SOURCE_CODE,engineering_or_indirect,Inherited from the hashed TrackingConfig source; no separate sensitivity claim.,PARTIAL_NO_METHOD_SPECIFIC_SENSITIVITY,FROZEN_BY_PREDICTION_AUTHORITY,Current-main active value. The frozen prediction producer was ac9bda0f7432d56229ede36bbb8fa06167846313; inherited defaults were not preserved as a complete runtime dump.
B0_CURRENT_STANDARD_V2_20260728,engineering_or_indirect,realtime_motion_pair_dense_fallback_min_median_gain,0.0,unitless,INHERITED_DEFAULT_WITH_PROVENANCE,src/pig_behavior/tracking/config.py,52c5f54ad44b6f76a8d143d168bdc942542d5fd263903cbf630f9c58ecf1cdd0,95dd37982251a6b59779e0eed020e266b54fc88c,,NO,547ae86e3be26671a9a148cb0e613ea1c602a0ff842a977ce9b7f1d217c10e41,PARTIAL_INHERITED_DEFAULTS_NOT_DUMPED,BOUND_BY_SOURCE_CODE,engineering_or_indirect,Inherited from the hashed TrackingConfig source; no separate sensitivity claim.,PARTIAL_NO_METHOD_SPECIFIC_SENSITIVITY,FROZEN_BY_PREDICTION_AUTHORITY,Current-main active value. The frozen prediction producer was ac9bda0f7432d56229ede36bbb8fa06167846313; inherited defaults were not preserved as a complete runtime dump.
B0_CURRENT_STANDARD_V2_20260728,runtime,realtime_motion_pair_fixed_lag_frames,0,frames,INHERITED_DEFAULT_WITH_PROVENANCE,src/pig_behavior/tracking/config.py,52c5f54ad44b6f76a8d143d168bdc942542d5fd263903cbf630f9c58ecf1cdd0,95dd37982251a6b59779e0eed020e266b54fc88c,,NO,547ae86e3be26671a9a148cb0e613ea1c602a0ff842a977ce9b7f1d217c10e41,PARTIAL_INHERITED_DEFAULTS_NOT_DUMPED,BOUND_BY_SOURCE_CODE,runtime,Inherited from the hashed TrackingConfig source; no separate sensitivity claim.,PARTIAL_NO_METHOD_SPECIFIC_SENSITIVITY,FROZEN_BY_PREDICTION_AUTHORITY,Current-main active value. The frozen prediction producer was ac9bda0f7432d56229ede36bbb8fa06167846313; inherited defaults were not preserved as a complete runtime dump.
B0_CURRENT_STANDARD_V2_20260728,engineering_or_indirect,realtime_motion_pair_max_component_edges,3,count,INHERITED_DEFAULT_WITH_PROVENANCE,src/pig_behavior/tracking/config.py,52c5f54ad44b6f76a8d143d168bdc942542d5fd263903cbf630f9c58ecf1cdd0,95dd37982251a6b59779e0eed020e266b54fc88c,,NO,547ae86e3be26671a9a148cb0e613ea1c602a0ff842a977ce9b7f1d217c10e41,PARTIAL_INHERITED_DEFAULTS_NOT_DUMPED,BOUND_BY_SOURCE_CODE,engineering_or_indirect,Inherited from the hashed TrackingConfig source; no separate sensitivity claim.,PARTIAL_NO_METHOD_SPECIFIC_SENSITIVITY,FROZEN_BY_PREDICTION_AUTHORITY,Current-main active value. The frozen prediction producer was ac9bda0f7432d56229ede36bbb8fa06167846313; inherited defaults were not preserved as a complete runtime dump.
B0_CURRENT_STANDARD_V2_20260728,engineering_or_indirect,realtime_motion_pair_max_component_size,4,count,INHERITED_DEFAULT_WITH_PROVENANCE,src/pig_behavior/tracking/config.py,52c5f54ad44b6f76a8d143d168bdc942542d5fd263903cbf630f9c58ecf1cdd0,95dd37982251a6b59779e0eed020e266b54fc88c,,NO,547ae86e3be26671a9a148cb0e613ea1c602a0ff842a977ce9b7f1d217c10e41,PARTIAL_INHERITED_DEFAULTS_NOT_DUMPED,BOUND_BY_SOURCE_CODE,engineering_or_indirect,Inherited from the hashed TrackingConfig source; no separate sensitivity claim.,PARTIAL_NO_METHOD_SPECIFIC_SENSITIVITY,FROZEN_BY_PREDICTION_AUTHORITY,Current-main active value. The frozen prediction producer was ac9bda0f7432d56229ede36bbb8fa06167846313; inherited defaults were not preserved as a complete runtime dump.
B0_CURRENT_STANDARD_V2_20260728,engineering_or_indirect,realtime_motion_pair_max_jump,0.1,unitless,INHERITED_DEFAULT_WITH_PROVENANCE,src/pig_behavior/tracking/config.py,52c5f54ad44b6f76a8d143d168bdc942542d5fd263903cbf630f9c58ecf1cdd0,95dd37982251a6b59779e0eed020e266b54fc88c,,NO,547ae86e3be26671a9a148cb0e613ea1c602a0ff842a977ce9b7f1d217c10e41,PARTIAL_INHERITED_DEFAULTS_NOT_DUMPED,BOUND_BY_SOURCE_CODE,engineering_or_indirect,Inherited from the hashed TrackingConfig source; no separate sensitivity claim.,PARTIAL_NO_METHOD_SPECIFIC_SENSITIVITY,FROZEN_BY_PREDICTION_AUTHORITY,Current-main active value. The frozen prediction producer was ac9bda0f7432d56229ede36bbb8fa06167846313; inherited defaults were not preserved as a complete runtime dump.
B0_CURRENT_STANDARD_V2_20260728,runtime,realtime_motion_pair_memory_frames,30,frames,INHERITED_DEFAULT_WITH_PROVENANCE,src/pig_behavior/tracking/config.py,52c5f54ad44b6f76a8d143d168bdc942542d5fd263903cbf630f9c58ecf1cdd0,95dd37982251a6b59779e0eed020e266b54fc88c,,NO,547ae86e3be26671a9a148cb0e613ea1c602a0ff842a977ce9b7f1d217c10e41,PARTIAL_INHERITED_DEFAULTS_NOT_DUMPED,BOUND_BY_SOURCE_CODE,runtime,Inherited from the hashed TrackingConfig source; no separate sensitivity claim.,PARTIAL_NO_METHOD_SPECIFIC_SENSITIVITY,FROZEN_BY_PREDICTION_AUTHORITY,Current-main active value. The frozen prediction producer was ac9bda0f7432d56229ede36bbb8fa06167846313; inherited defaults were not preserved as a complete runtime dump.
B0_CURRENT_STANDARD_V2_20260728,engineering_or_indirect,realtime_motion_pair_min_gain,0.01,unitless,INHERITED_DEFAULT_WITH_PROVENANCE,src/pig_behavior/tracking/config.py,52c5f54ad44b6f76a8d143d168bdc942542d5fd263903cbf630f9c58ecf1cdd0,95dd37982251a6b59779e0eed020e266b54fc88c,,NO,547ae86e3be26671a9a148cb0e613ea1c602a0ff842a977ce9b7f1d217c10e41,PARTIAL_INHERITED_DEFAULTS_NOT_DUMPED,BOUND_BY_SOURCE_CODE,engineering_or_indirect,Inherited from the hashed TrackingConfig source; no separate sensitivity claim.,PARTIAL_NO_METHOD_SPECIFIC_SENSITIVITY,FROZEN_BY_PREDICTION_AUTHORITY,Current-main active value. The frozen prediction producer was ac9bda0f7432d56229ede36bbb8fa06167846313; inherited defaults were not preserved as a complete runtime dump.
B0_CURRENT_STANDARD_V2_20260728,engineering_or_indirect,realtime_motion_pair_simple_max_component_size,2,count,INHERITED_DEFAULT_WITH_PROVENANCE,src/pig_behavior/tracking/config.py,52c5f54ad44b6f76a8d143d168bdc942542d5fd263903cbf630f9c58ecf1cdd0,95dd37982251a6b59779e0eed020e266b54fc88c,,NO,547ae86e3be26671a9a148cb0e613ea1c602a0ff842a977ce9b7f1d217c10e41,PARTIAL_INHERITED_DEFAULTS_NOT_DUMPED,BOUND_BY_SOURCE_CODE,engineering_or_indirect,Inherited from the hashed TrackingConfig source; no separate sensitivity claim.,PARTIAL_NO_METHOD_SPECIFIC_SENSITIVITY,FROZEN_BY_PREDICTION_AUTHORITY,Current-main active value. The frozen prediction producer was ac9bda0f7432d56229ede36bbb8fa06167846313; inherited defaults were not preserved as a complete runtime dump.
B0_CURRENT_STANDARD_V2_20260728,engineering_or_indirect,realtime_motion_pair_simple_min_gain,0.0,unitless,INHERITED_DEFAULT_WITH_PROVENANCE,src/pig_behavior/tracking/config.py,52c5f54ad44b6f76a8d143d168bdc942542d5fd263903cbf630f9c58ecf1cdd0,95dd37982251a6b59779e0eed020e266b54fc88c,,NO,547ae86e3be26671a9a148cb0e613ea1c602a0ff842a977ce9b7f1d217c10e41,PARTIAL_INHERITED_DEFAULTS_NOT_DUMPED,BOUND_BY_SOURCE_CODE,engineering_or_indirect,Inherited from the hashed TrackingConfig source; no separate sensitivity claim.,PARTIAL_NO_METHOD_SPECIFIC_SENSITIVITY,FROZEN_BY_PREDICTION_AUTHORITY,Current-main active value. The frozen prediction producer was ac9bda0f7432d56229ede36bbb8fa06167846313; inherited defaults were not preserved as a complete runtime dump.
B0_CURRENT_STANDARD_V2_20260728,engineering_or_indirect,realtime_motion_pair_stabilizer,false,boolean,PREDECLARED_DEVELOPMENT_SELECTION,src/pig_behavior/tracking/profiles/bytetrack_raw.py,fe62045b5e260e45cd735f8be70726d3cf8c3f7fc2ea1159f22b968728f522e0,95dd37982251a6b59779e0eed020e266b54fc88c,false,YES,547ae86e3be26671a9a148cb0e613ea1c602a0ff842a977ce9b7f1d217c10e41,YES_PROFILE_OVERRIDE_ONLY,BOUND_BY_EFFECTIVE_CONFIG,engineering_or_indirect,Profile override frozen by a development authority before its authority run.,SUFFICIENT_WITH_DEVELOPMENT_SCOPE_LIMITATION,FROZEN_BY_PREDICTION_AUTHORITY,Current-main active value. The frozen prediction producer was ac9bda0f7432d56229ede36bbb8fa06167846313; inherited defaults were not preserved as a complete runtime dump.
B0_CURRENT_STANDARD_V2_20260728,association,realtime_visible_better_competitor_min_cost,0.5,unitless,INHERITED_DEFAULT_WITH_PROVENANCE,src/pig_behavior/tracking/config.py,52c5f54ad44b6f76a8d143d168bdc942542d5fd263903cbf630f9c58ecf1cdd0,95dd37982251a6b59779e0eed020e266b54fc88c,,NO,547ae86e3be26671a9a148cb0e613ea1c602a0ff842a977ce9b7f1d217c10e41,PARTIAL_INHERITED_DEFAULTS_NOT_DUMPED,BOUND_BY_SOURCE_CODE,association,Inherited from the hashed TrackingConfig source; no separate sensitivity claim.,PARTIAL_NO_METHOD_SPECIFIC_SENSITIVITY,FROZEN_BY_PREDICTION_AUTHORITY,Current-main active value. The frozen prediction producer was ac9bda0f7432d56229ede36bbb8fa06167846313; inherited defaults were not preserved as a complete runtime dump.
B0_CURRENT_STANDARD_V2_20260728,engineering_or_indirect,realtime_visible_better_competitor_min_gain,0.2,unitless,INHERITED_DEFAULT_WITH_PROVENANCE,src/pig_behavior/tracking/config.py,52c5f54ad44b6f76a8d143d168bdc942542d5fd263903cbf630f9c58ecf1cdd0,95dd37982251a6b59779e0eed020e266b54fc88c,,NO,547ae86e3be26671a9a148cb0e613ea1c602a0ff842a977ce9b7f1d217c10e41,PARTIAL_INHERITED_DEFAULTS_NOT_DUMPED,BOUND_BY_SOURCE_CODE,engineering_or_indirect,Inherited from the hashed TrackingConfig source; no separate sensitivity claim.,PARTIAL_NO_METHOD_SPECIFIC_SENSITIVITY,FROZEN_BY_PREDICTION_AUTHORITY,Current-main active value. The frozen prediction producer was ac9bda0f7432d56229ede36bbb8fa06167846313; inherited defaults were not preserved as a complete runtime dump.
B0_CURRENT_STANDARD_V2_20260728,engineering_or_indirect,realtime_visible_better_competitor_prefer,false,boolean,INHERITED_DEFAULT_WITH_PROVENANCE,src/pig_behavior/tracking/config.py,52c5f54ad44b6f76a8d143d168bdc942542d5fd263903cbf630f9c58ecf1cdd0,95dd37982251a6b59779e0eed020e266b54fc88c,,NO,547ae86e3be26671a9a148cb0e613ea1c602a0ff842a977ce9b7f1d217c10e41,PARTIAL_INHERITED_DEFAULTS_NOT_DUMPED,BOUND_BY_SOURCE_CODE,engineering_or_indirect,Inherited from the hashed TrackingConfig source; no separate sensitivity claim.,PARTIAL_NO_METHOD_SPECIFIC_SENSITIVITY,FROZEN_BY_PREDICTION_AUTHORITY,Current-main active value. The frozen prediction producer was ac9bda0f7432d56229ede36bbb8fa06167846313; inherited defaults were not preserved as a complete runtime dump.
B0_CURRENT_STANDARD_V2_20260728,engineering_or_indirect,realtime_visible_better_competitor_reject,false,boolean,INHERITED_DEFAULT_WITH_PROVENANCE,src/pig_behavior/tracking/config.py,52c5f54ad44b6f76a8d143d168bdc942542d5fd263903cbf630f9c58ecf1cdd0,95dd37982251a6b59779e0eed020e266b54fc88c,,NO,547ae86e3be26671a9a148cb0e613ea1c602a0ff842a977ce9b7f1d217c10e41,PARTIAL_INHERITED_DEFAULTS_NOT_DUMPED,BOUND_BY_SOURCE_CODE,engineering_or_indirect,Inherited from the hashed TrackingConfig source; no separate sensitivity claim.,PARTIAL_NO_METHOD_SPECIFIC_SENSITIVITY,FROZEN_BY_PREDICTION_AUTHORITY,Current-main active value. The frozen prediction producer was ac9bda0f7432d56229ede36bbb8fa06167846313; inherited defaults were not preserved as a complete runtime dump.
B0_CURRENT_STANDARD_V2_20260728,engineering_or_indirect,realtime_visible_close_competitor_guard,false,boolean,INHERITED_DEFAULT_WITH_PROVENANCE,src/pig_behavior/tracking/config.py,52c5f54ad44b6f76a8d143d168bdc942542d5fd263903cbf630f9c58ecf1cdd0,95dd37982251a6b59779e0eed020e266b54fc88c,,NO,547ae86e3be26671a9a148cb0e613ea1c602a0ff842a977ce9b7f1d217c10e41,PARTIAL_INHERITED_DEFAULTS_NOT_DUMPED,BOUND_BY_SOURCE_CODE,engineering_or_indirect,Inherited from the hashed TrackingConfig source; no separate sensitivity claim.,PARTIAL_NO_METHOD_SPECIFIC_SENSITIVITY,FROZEN_BY_PREDICTION_AUTHORITY,Current-main active value. The frozen prediction producer was ac9bda0f7432d56229ede36bbb8fa06167846313; inherited defaults were not preserved as a complete runtime dump.
B0_CURRENT_STANDARD_V2_20260728,engineering_or_indirect,realtime_visible_close_competitor_margin,0.012,unitless,INHERITED_DEFAULT_WITH_PROVENANCE,src/pig_behavior/tracking/config.py,52c5f54ad44b6f76a8d143d168bdc942542d5fd263903cbf630f9c58ecf1cdd0,95dd37982251a6b59779e0eed020e266b54fc88c,,NO,547ae86e3be26671a9a148cb0e613ea1c602a0ff842a977ce9b7f1d217c10e41,PARTIAL_INHERITED_DEFAULTS_NOT_DUMPED,BOUND_BY_SOURCE_CODE,engineering_or_indirect,Inherited from the hashed TrackingConfig source; no separate sensitivity claim.,PARTIAL_NO_METHOD_SPECIFIC_SENSITIVITY,FROZEN_BY_PREDICTION_AUTHORITY,Current-main active value. The frozen prediction producer was ac9bda0f7432d56229ede36bbb8fa06167846313; inherited defaults were not preserved as a complete runtime dump.
B0_CURRENT_STANDARD_V2_20260728,association,realtime_visible_close_competitor_max_cost,0.35,unitless,INHERITED_DEFAULT_WITH_PROVENANCE,src/pig_behavior/tracking/config.py,52c5f54ad44b6f76a8d143d168bdc942542d5fd263903cbf630f9c58ecf1cdd0,95dd37982251a6b59779e0eed020e266b54fc88c,,NO,547ae86e3be26671a9a148cb0e613ea1c602a0ff842a977ce9b7f1d217c10e41,PARTIAL_INHERITED_DEFAULTS_NOT_DUMPED,BOUND_BY_SOURCE_CODE,association,Inherited from the hashed TrackingConfig source; no separate sensitivity claim.,PARTIAL_NO_METHOD_SPECIFIC_SENSITIVITY,FROZEN_BY_PREDICTION_AUTHORITY,Current-main active value. The frozen prediction producer was ac9bda0f7432d56229ede36bbb8fa06167846313; inherited defaults were not preserved as a complete runtime dump.
B0_CURRENT_STANDARD_V2_20260728,engineering_or_indirect,realtime_visible_close_competitor_min_center_x_ratio,0.0,unitless,INHERITED_DEFAULT_WITH_PROVENANCE,src/pig_behavior/tracking/config.py,52c5f54ad44b6f76a8d143d168bdc942542d5fd263903cbf630f9c58ecf1cdd0,95dd37982251a6b59779e0eed020e266b54fc88c,,NO,547ae86e3be26671a9a148cb0e613ea1c602a0ff842a977ce9b7f1d217c10e41,PARTIAL_INHERITED_DEFAULTS_NOT_DUMPED,BOUND_BY_SOURCE_CODE,engineering_or_indirect,Inherited from the hashed TrackingConfig source; no separate sensitivity claim.,PARTIAL_NO_METHOD_SPECIFIC_SENSITIVITY,FROZEN_BY_PREDICTION_AUTHORITY,Current-main active value. The frozen prediction producer was ac9bda0f7432d56229ede36bbb8fa06167846313; inherited defaults were not preserved as a complete runtime dump.
B0_CURRENT_STANDARD_V2_20260728,engineering_or_indirect,realtime_visible_close_competitor_min_hits,3,count,INHERITED_DEFAULT_WITH_PROVENANCE,src/pig_behavior/tracking/config.py,52c5f54ad44b6f76a8d143d168bdc942542d5fd263903cbf630f9c58ecf1cdd0,95dd37982251a6b59779e0eed020e266b54fc88c,,NO,547ae86e3be26671a9a148cb0e613ea1c602a0ff842a977ce9b7f1d217c10e41,PARTIAL_INHERITED_DEFAULTS_NOT_DUMPED,BOUND_BY_SOURCE_CODE,engineering_or_indirect,Inherited from the hashed TrackingConfig source; no separate sensitivity claim.,PARTIAL_NO_METHOD_SPECIFIC_SENSITIVITY,FROZEN_BY_PREDICTION_AUTHORITY,Current-main active value. The frozen prediction producer was ac9bda0f7432d56229ede36bbb8fa06167846313; inherited defaults were not preserved as a complete runtime dump.
B0_CURRENT_STANDARD_V2_20260728,lifecycle,reentry_ambiguous_hold,false,boolean,INHERITED_DEFAULT_WITH_PROVENANCE,src/pig_behavior/tracking/config.py,52c5f54ad44b6f76a8d143d168bdc942542d5fd263903cbf630f9c58ecf1cdd0,95dd37982251a6b59779e0eed020e266b54fc88c,,NO,547ae86e3be26671a9a148cb0e613ea1c602a0ff842a977ce9b7f1d217c10e41,PARTIAL_INHERITED_DEFAULTS_NOT_DUMPED,BOUND_BY_SOURCE_CODE,lifecycle,Inherited from the hashed TrackingConfig source; no separate sensitivity claim.,PARTIAL_NO_METHOD_SPECIFIC_SENSITIVITY,FROZEN_BY_PREDICTION_AUTHORITY,Current-main active value. The frozen prediction producer was ac9bda0f7432d56229ede36bbb8fa06167846313; inherited defaults were not preserved as a complete runtime dump.
B0_CURRENT_STANDARD_V2_20260728,lifecycle,reentry_ambiguous_hold_frame_windows,"""""",frames,INHERITED_DEFAULT_WITH_PROVENANCE,src/pig_behavior/tracking/config.py,52c5f54ad44b6f76a8d143d168bdc942542d5fd263903cbf630f9c58ecf1cdd0,95dd37982251a6b59779e0eed020e266b54fc88c,,NO,547ae86e3be26671a9a148cb0e613ea1c602a0ff842a977ce9b7f1d217c10e41,PARTIAL_INHERITED_DEFAULTS_NOT_DUMPED,BOUND_BY_SOURCE_CODE,lifecycle|runtime,Inherited from the hashed TrackingConfig source; no separate sensitivity claim.,PARTIAL_NO_METHOD_SPECIFIC_SENSITIVITY,FROZEN_BY_PREDICTION_AUTHORITY,Current-main active value. The frozen prediction producer was ac9bda0f7432d56229ede36bbb8fa06167846313; inherited defaults were not preserved as a complete runtime dump.
B0_CURRENT_STANDARD_V2_20260728,association,reentry_ambiguous_hold_max_cost,1.0,unitless,INHERITED_DEFAULT_WITH_PROVENANCE,src/pig_behavior/tracking/config.py,52c5f54ad44b6f76a8d143d168bdc942542d5fd263903cbf630f9c58ecf1cdd0,95dd37982251a6b59779e0eed020e266b54fc88c,,NO,547ae86e3be26671a9a148cb0e613ea1c602a0ff842a977ce9b7f1d217c10e41,PARTIAL_INHERITED_DEFAULTS_NOT_DUMPED,BOUND_BY_SOURCE_CODE,association|lifecycle,Inherited from the hashed TrackingConfig source; no separate sensitivity claim.,PARTIAL_NO_METHOD_SPECIFIC_SENSITIVITY,FROZEN_BY_PREDICTION_AUTHORITY,Current-main active value. The frozen prediction producer was ac9bda0f7432d56229ede36bbb8fa06167846313; inherited defaults were not preserved as a complete runtime dump.
B0_CURRENT_STANDARD_V2_20260728,lifecycle,reentry_ambiguous_hold_max_missed,0,frames,INHERITED_DEFAULT_WITH_PROVENANCE,src/pig_behavior/tracking/config.py,52c5f54ad44b6f76a8d143d168bdc942542d5fd263903cbf630f9c58ecf1cdd0,95dd37982251a6b59779e0eed020e266b54fc88c,,NO,547ae86e3be26671a9a148cb0e613ea1c602a0ff842a977ce9b7f1d217c10e41,PARTIAL_INHERITED_DEFAULTS_NOT_DUMPED,BOUND_BY_SOURCE_CODE,lifecycle,Inherited from the hashed TrackingConfig source; no separate sensitivity claim.,PARTIAL_NO_METHOD_SPECIFIC_SENSITIVITY,FROZEN_BY_PREDICTION_AUTHORITY,Current-main active value. The frozen prediction producer was ac9bda0f7432d56229ede36bbb8fa06167846313; inherited defaults were not preserved as a complete runtime dump.
B0_CURRENT_STANDARD_V2_20260728,association,reentry_ambiguous_hold_min_cost,0.0,unitless,INHERITED_DEFAULT_WITH_PROVENANCE,src/pig_behavior/tracking/config.py,52c5f54ad44b6f76a8d143d168bdc942542d5fd263903cbf630f9c58ecf1cdd0,95dd37982251a6b59779e0eed020e266b54fc88c,,NO,547ae86e3be26671a9a148cb0e613ea1c602a0ff842a977ce9b7f1d217c10e41,PARTIAL_INHERITED_DEFAULTS_NOT_DUMPED,BOUND_BY_SOURCE_CODE,association|lifecycle,Inherited from the hashed TrackingConfig source; no separate sensitivity claim.,PARTIAL_NO_METHOD_SPECIFIC_SENSITIVITY,FROZEN_BY_PREDICTION_AUTHORITY,Current-main active value. The frozen prediction producer was ac9bda0f7432d56229ede36bbb8fa06167846313; inherited defaults were not preserved as a complete runtime dump.
B0_CURRENT_STANDARD_V2_20260728,lifecycle,reentry_ambiguous_hold_min_hits,3,count,INHERITED_DEFAULT_WITH_PROVENANCE,src/pig_behavior/tracking/config.py,52c5f54ad44b6f76a8d143d168bdc942542d5fd263903cbf630f9c58ecf1cdd0,95dd37982251a6b59779e0eed020e266b54fc88c,,NO,547ae86e3be26671a9a148cb0e613ea1c602a0ff842a977ce9b7f1d217c10e41,PARTIAL_INHERITED_DEFAULTS_NOT_DUMPED,BOUND_BY_SOURCE_CODE,lifecycle,Inherited from the hashed TrackingConfig source; no separate sensitivity claim.,PARTIAL_NO_METHOD_SPECIFIC_SENSITIVITY,FROZEN_BY_PREDICTION_AUTHORITY,Current-main active value. The frozen prediction producer was ac9bda0f7432d56229ede36bbb8fa06167846313; inherited defaults were not preserved as a complete runtime dump.
B0_CURRENT_STANDARD_V2_20260728,lifecycle,reentry_ambiguous_hold_min_missed,2,frames,INHERITED_DEFAULT_WITH_PROVENANCE,src/pig_behavior/tracking/config.py,52c5f54ad44b6f76a8d143d168bdc942542d5fd263903cbf630f9c58ecf1cdd0,95dd37982251a6b59779e0eed020e266b54fc88c,,NO,547ae86e3be26671a9a148cb0e613ea1c602a0ff842a977ce9b7f1d217c10e41,PARTIAL_INHERITED_DEFAULTS_NOT_DUMPED,BOUND_BY_SOURCE_CODE,lifecycle,Inherited from the hashed TrackingConfig source; no separate sensitivity claim.,PARTIAL_NO_METHOD_SPECIFIC_SENSITIVITY,FROZEN_BY_PREDICTION_AUTHORITY,Current-main active value. The frozen prediction producer was ac9bda0f7432d56229ede36bbb8fa06167846313; inherited defaults were not preserved as a complete runtime dump.
B0_CURRENT_STANDARD_V2_20260728,lifecycle,reentry_ambiguous_hold_raw_evidence_only,false,boolean,INHERITED_DEFAULT_WITH_PROVENANCE,src/pig_behavior/tracking/config.py,52c5f54ad44b6f76a8d143d168bdc942542d5fd263903cbf630f9c58ecf1cdd0,95dd37982251a6b59779e0eed020e266b54fc88c,,NO,547ae86e3be26671a9a148cb0e613ea1c602a0ff842a977ce9b7f1d217c10e41,PARTIAL_INHERITED_DEFAULTS_NOT_DUMPED,BOUND_BY_SOURCE_CODE,lifecycle,Inherited from the hashed TrackingConfig source; no separate sensitivity claim.,PARTIAL_NO_METHOD_SPECIFIC_SENSITIVITY,FROZEN_BY_PREDICTION_AUTHORITY,Current-main active value. The frozen prediction producer was ac9bda0f7432d56229ede36bbb8fa06167846313; inherited defaults were not preserved as a complete runtime dump.
B0_CURRENT_STANDARD_V2_20260728,lifecycle,reentry_ambiguous_hold_video_stems,"""""",categorical/path,INHERITED_DEFAULT_WITH_PROVENANCE,src/pig_behavior/tracking/config.py,52c5f54ad44b6f76a8d143d168bdc942542d5fd263903cbf630f9c58ecf1cdd0,95dd37982251a6b59779e0eed020e266b54fc88c,,NO,547ae86e3be26671a9a148cb0e613ea1c602a0ff842a977ce9b7f1d217c10e41,PARTIAL_INHERITED_DEFAULTS_NOT_DUMPED,BOUND_BY_SOURCE_CODE,lifecycle|runtime,Inherited from the hashed TrackingConfig source; no separate sensitivity claim.,PARTIAL_NO_METHOD_SPECIFIC_SENSITIVITY,FROZEN_BY_PREDICTION_AUTHORITY,Current-main active value. The frozen prediction producer was ac9bda0f7432d56229ede36bbb8fa06167846313; inherited defaults were not preserved as a complete runtime dump.
B0_CURRENT_STANDARD_V2_20260728,association,reentry_unowned_raw_mismatch_episode_action,"""reject""",categorical/path,INHERITED_DEFAULT_WITH_PROVENANCE,src/pig_behavior/tracking/config.py,52c5f54ad44b6f76a8d143d168bdc942542d5fd263903cbf630f9c58ecf1cdd0,95dd37982251a6b59779e0eed020e266b54fc88c,,NO,547ae86e3be26671a9a148cb0e613ea1c602a0ff842a977ce9b7f1d217c10e41,PARTIAL_INHERITED_DEFAULTS_NOT_DUMPED,BOUND_BY_SOURCE_CODE,association|lifecycle,Inherited from the hashed TrackingConfig source; no separate sensitivity claim.,PARTIAL_NO_METHOD_SPECIFIC_SENSITIVITY,FROZEN_BY_PREDICTION_AUTHORITY,Current-main active value. The frozen prediction producer was ac9bda0f7432d56229ede36bbb8fa06167846313; inherited defaults were not preserved as a complete runtime dump.
B0_CURRENT_STANDARD_V2_20260728,association,reentry_unowned_raw_mismatch_episode_max_cost,0.36,unitless,INHERITED_DEFAULT_WITH_PROVENANCE,src/pig_behavior/tracking/config.py,52c5f54ad44b6f76a8d143d168bdc942542d5fd263903cbf630f9c58ecf1cdd0,95dd37982251a6b59779e0eed020e266b54fc88c,,NO,547ae86e3be26671a9a148cb0e613ea1c602a0ff842a977ce9b7f1d217c10e41,PARTIAL_INHERITED_DEFAULTS_NOT_DUMPED,BOUND_BY_SOURCE_CODE,association|lifecycle,Inherited from the hashed TrackingConfig source; no separate sensitivity claim.,PARTIAL_NO_METHOD_SPECIFIC_SENSITIVITY,FROZEN_BY_PREDICTION_AUTHORITY,Current-main active value. The frozen prediction producer was ac9bda0f7432d56229ede36bbb8fa06167846313; inherited defaults were not preserved as a complete runtime dump.
B0_CURRENT_STANDARD_V2_20260728,association,reentry_unowned_raw_mismatch_episode_max_events,8,count,INHERITED_DEFAULT_WITH_PROVENANCE,src/pig_behavior/tracking/config.py,52c5f54ad44b6f76a8d143d168bdc942542d5fd263903cbf630f9c58ecf1cdd0,95dd37982251a6b59779e0eed020e266b54fc88c,,NO,547ae86e3be26671a9a148cb0e613ea1c602a0ff842a977ce9b7f1d217c10e41,PARTIAL_INHERITED_DEFAULTS_NOT_DUMPED,BOUND_BY_SOURCE_CODE,association|lifecycle,Inherited from the hashed TrackingConfig source; no separate sensitivity claim.,PARTIAL_NO_METHOD_SPECIFIC_SENSITIVITY,FROZEN_BY_PREDICTION_AUTHORITY,Current-main active value. The frozen prediction producer was ac9bda0f7432d56229ede36bbb8fa06167846313; inherited defaults were not preserved as a complete runtime dump.
B0_CURRENT_STANDARD_V2_20260728,association,reentry_unowned_raw_mismatch_episode_max_missed,20,frames,INHERITED_DEFAULT_WITH_PROVENANCE,src/pig_behavior/tracking/config.py,52c5f54ad44b6f76a8d143d168bdc942542d5fd263903cbf630f9c58ecf1cdd0,95dd37982251a6b59779e0eed020e266b54fc88c,,NO,547ae86e3be26671a9a148cb0e613ea1c602a0ff842a977ce9b7f1d217c10e41,PARTIAL_INHERITED_DEFAULTS_NOT_DUMPED,BOUND_BY_SOURCE_CODE,association|lifecycle,Inherited from the hashed TrackingConfig source; no separate sensitivity claim.,PARTIAL_NO_METHOD_SPECIFIC_SENSITIVITY,FROZEN_BY_PREDICTION_AUTHORITY,Current-main active value. The frozen prediction producer was ac9bda0f7432d56229ede36bbb8fa06167846313; inherited defaults were not preserved as a complete runtime dump.
B0_CURRENT_STANDARD_V2_20260728,association,reentry_unowned_raw_mismatch_episode_min_cost,0.0,unitless,INHERITED_DEFAULT_WITH_PROVENANCE,src/pig_behavior/tracking/config.py,52c5f54ad44b6f76a8d143d168bdc942542d5fd263903cbf630f9c58ecf1cdd0,95dd37982251a6b59779e0eed020e266b54fc88c,,NO,547ae86e3be26671a9a148cb0e613ea1c602a0ff842a977ce9b7f1d217c10e41,PARTIAL_INHERITED_DEFAULTS_NOT_DUMPED,BOUND_BY_SOURCE_CODE,association|lifecycle,Inherited from the hashed TrackingConfig source; no separate sensitivity claim.,PARTIAL_NO_METHOD_SPECIFIC_SENSITIVITY,FROZEN_BY_PREDICTION_AUTHORITY,Current-main active value. The frozen prediction producer was ac9bda0f7432d56229ede36bbb8fa06167846313; inherited defaults were not preserved as a complete runtime dump.
B0_CURRENT_STANDARD_V2_20260728,association,reentry_unowned_raw_mismatch_episode_min_events,3,count,INHERITED_DEFAULT_WITH_PROVENANCE,src/pig_behavior/tracking/config.py,52c5f54ad44b6f76a8d143d168bdc942542d5fd263903cbf630f9c58ecf1cdd0,95dd37982251a6b59779e0eed020e266b54fc88c,,NO,547ae86e3be26671a9a148cb0e613ea1c602a0ff842a977ce9b7f1d217c10e41,PARTIAL_INHERITED_DEFAULTS_NOT_DUMPED,BOUND_BY_SOURCE_CODE,association|lifecycle,Inherited from the hashed TrackingConfig source; no separate sensitivity claim.,PARTIAL_NO_METHOD_SPECIFIC_SENSITIVITY,FROZEN_BY_PREDICTION_AUTHORITY,Current-main active value. The frozen prediction producer was ac9bda0f7432d56229ede36bbb8fa06167846313; inherited defaults were not preserved as a complete runtime dump.
B0_CURRENT_STANDARD_V2_20260728,association,reentry_unowned_raw_mismatch_episode_min_missed,1,frames,INHERITED_DEFAULT_WITH_PROVENANCE,src/pig_behavior/tracking/config.py,52c5f54ad44b6f76a8d143d168bdc942542d5fd263903cbf630f9c58ecf1cdd0,95dd37982251a6b59779e0eed020e266b54fc88c,,NO,547ae86e3be26671a9a148cb0e613ea1c602a0ff842a977ce9b7f1d217c10e41,PARTIAL_INHERITED_DEFAULTS_NOT_DUMPED,BOUND_BY_SOURCE_CODE,association|lifecycle,Inherited from the hashed TrackingConfig source; no separate sensitivity claim.,PARTIAL_NO_METHOD_SPECIFIC_SENSITIVITY,FROZEN_BY_PREDICTION_AUTHORITY,Current-main active value. The frozen prediction producer was ac9bda0f7432d56229ede36bbb8fa06167846313; inherited defaults were not preserved as a complete runtime dump.
B0_CURRENT_STANDARD_V2_20260728,association,reentry_unowned_raw_mismatch_episode_phases,"""reid""",categorical/path,INHERITED_DEFAULT_WITH_PROVENANCE,src/pig_behavior/tracking/config.py,52c5f54ad44b6f76a8d143d168bdc942542d5fd263903cbf630f9c58ecf1cdd0,95dd37982251a6b59779e0eed020e266b54fc88c,,NO,547ae86e3be26671a9a148cb0e613ea1c602a0ff842a977ce9b7f1d217c10e41,PARTIAL_INHERITED_DEFAULTS_NOT_DUMPED,BOUND_BY_SOURCE_CODE,association|lifecycle,Inherited from the hashed TrackingConfig source; no separate sensitivity claim.,PARTIAL_NO_METHOD_SPECIFIC_SENSITIVITY,FROZEN_BY_PREDICTION_AUTHORITY,Current-main active value. The frozen prediction producer was ac9bda0f7432d56229ede36bbb8fa06167846313; inherited defaults were not preserved as a complete runtime dump.
B0_CURRENT_STANDARD_V2_20260728,association,reentry_unowned_raw_mismatch_episode_reject,false,boolean,INHERITED_DEFAULT_WITH_PROVENANCE,src/pig_behavior/tracking/config.py,52c5f54ad44b6f76a8d143d168bdc942542d5fd263903cbf630f9c58ecf1cdd0,95dd37982251a6b59779e0eed020e266b54fc88c,,NO,547ae86e3be26671a9a148cb0e613ea1c602a0ff842a977ce9b7f1d217c10e41,PARTIAL_INHERITED_DEFAULTS_NOT_DUMPED,BOUND_BY_SOURCE_CODE,association|lifecycle,Inherited from the hashed TrackingConfig source; no separate sensitivity claim.,PARTIAL_NO_METHOD_SPECIFIC_SENSITIVITY,FROZEN_BY_PREDICTION_AUTHORITY,Current-main active value. The frozen prediction producer was ac9bda0f7432d56229ede36bbb8fa06167846313; inherited defaults were not preserved as a complete runtime dump.
B0_CURRENT_STANDARD_V2_20260728,association,reentry_unowned_raw_mismatch_episode_window_frames,24,frames,INHERITED_DEFAULT_WITH_PROVENANCE,src/pig_behavior/tracking/config.py,52c5f54ad44b6f76a8d143d168bdc942542d5fd263903cbf630f9c58ecf1cdd0,95dd37982251a6b59779e0eed020e266b54fc88c,,NO,547ae86e3be26671a9a148cb0e613ea1c602a0ff842a977ce9b7f1d217c10e41,PARTIAL_INHERITED_DEFAULTS_NOT_DUMPED,BOUND_BY_SOURCE_CODE,association|lifecycle|runtime,Inherited from the hashed TrackingConfig source; no separate sensitivity claim.,PARTIAL_NO_METHOD_SPECIFIC_SENSITIVITY,FROZEN_BY_PREDICTION_AUTHORITY,Current-main active value. The frozen prediction producer was ac9bda0f7432d56229ede36bbb8fa06167846313; inherited defaults were not preserved as a complete runtime dump.
B0_CURRENT_STANDARD_V2_20260728,association,reentry_unowned_raw_mismatch_max_cost,0.3,unitless,INHERITED_DEFAULT_WITH_PROVENANCE,src/pig_behavior/tracking/config.py,52c5f54ad44b6f76a8d143d168bdc942542d5fd263903cbf630f9c58ecf1cdd0,95dd37982251a6b59779e0eed020e266b54fc88c,,NO,547ae86e3be26671a9a148cb0e613ea1c602a0ff842a977ce9b7f1d217c10e41,PARTIAL_INHERITED_DEFAULTS_NOT_DUMPED,BOUND_BY_SOURCE_CODE,association|lifecycle,Inherited from the hashed TrackingConfig source; no separate sensitivity claim.,PARTIAL_NO_METHOD_SPECIFIC_SENSITIVITY,FROZEN_BY_PREDICTION_AUTHORITY,Current-main active value. The frozen prediction producer was ac9bda0f7432d56229ede36bbb8fa06167846313; inherited defaults were not preserved as a complete runtime dump.
B0_CURRENT_STANDARD_V2_20260728,association,reentry_unowned_raw_mismatch_max_missed,5,frames,INHERITED_DEFAULT_WITH_PROVENANCE,src/pig_behavior/tracking/config.py,52c5f54ad44b6f76a8d143d168bdc942542d5fd263903cbf630f9c58ecf1cdd0,95dd37982251a6b59779e0eed020e266b54fc88c,,NO,547ae86e3be26671a9a148cb0e613ea1c602a0ff842a977ce9b7f1d217c10e41,PARTIAL_INHERITED_DEFAULTS_NOT_DUMPED,BOUND_BY_SOURCE_CODE,association|lifecycle,Inherited from the hashed TrackingConfig source; no separate sensitivity claim.,PARTIAL_NO_METHOD_SPECIFIC_SENSITIVITY,FROZEN_BY_PREDICTION_AUTHORITY,Current-main active value. The frozen prediction producer was ac9bda0f7432d56229ede36bbb8fa06167846313; inherited defaults were not preserved as a complete runtime dump.
B0_CURRENT_STANDARD_V2_20260728,association,reentry_unowned_raw_mismatch_min_missed,1,frames,INHERITED_DEFAULT_WITH_PROVENANCE,src/pig_behavior/tracking/config.py,52c5f54ad44b6f76a8d143d168bdc942542d5fd263903cbf630f9c58ecf1cdd0,95dd37982251a6b59779e0eed020e266b54fc88c,,NO,547ae86e3be26671a9a148cb0e613ea1c602a0ff842a977ce9b7f1d217c10e41,PARTIAL_INHERITED_DEFAULTS_NOT_DUMPED,BOUND_BY_SOURCE_CODE,association|lifecycle,Inherited from the hashed TrackingConfig source; no separate sensitivity claim.,PARTIAL_NO_METHOD_SPECIFIC_SENSITIVITY,FROZEN_BY_PREDICTION_AUTHORITY,Current-main active value. The frozen prediction producer was ac9bda0f7432d56229ede36bbb8fa06167846313; inherited defaults were not preserved as a complete runtime dump.
B0_CURRENT_STANDARD_V2_20260728,association,reentry_unowned_raw_mismatch_quarantine_frames,0,frames,INHERITED_DEFAULT_WITH_PROVENANCE,src/pig_behavior/tracking/config.py,52c5f54ad44b6f76a8d143d168bdc942542d5fd263903cbf630f9c58ecf1cdd0,95dd37982251a6b59779e0eed020e266b54fc88c,,NO,547ae86e3be26671a9a148cb0e613ea1c602a0ff842a977ce9b7f1d217c10e41,PARTIAL_INHERITED_DEFAULTS_NOT_DUMPED,BOUND_BY_SOURCE_CODE,association|lifecycle|runtime,Inherited from the hashed TrackingConfig source; no separate sensitivity claim.,PARTIAL_NO_METHOD_SPECIFIC_SENSITIVITY,FROZEN_BY_PREDICTION_AUTHORITY,Current-main active value. The frozen prediction producer was ac9bda0f7432d56229ede36bbb8fa06167846313; inherited defaults were not preserved as a complete runtime dump.
B0_CURRENT_STANDARD_V2_20260728,association,reentry_unowned_raw_mismatch_quarantine_max_cost,0.35,unitless,INHERITED_DEFAULT_WITH_PROVENANCE,src/pig_behavior/tracking/config.py,52c5f54ad44b6f76a8d143d168bdc942542d5fd263903cbf630f9c58ecf1cdd0,95dd37982251a6b59779e0eed020e266b54fc88c,,NO,547ae86e3be26671a9a148cb0e613ea1c602a0ff842a977ce9b7f1d217c10e41,PARTIAL_INHERITED_DEFAULTS_NOT_DUMPED,BOUND_BY_SOURCE_CODE,association|lifecycle,Inherited from the hashed TrackingConfig source; no separate sensitivity claim.,PARTIAL_NO_METHOD_SPECIFIC_SENSITIVITY,FROZEN_BY_PREDICTION_AUTHORITY,Current-main active value. The frozen prediction producer was ac9bda0f7432d56229ede36bbb8fa06167846313; inherited defaults were not preserved as a complete runtime dump.
B0_CURRENT_STANDARD_V2_20260728,association,reentry_unowned_raw_mismatch_quarantine_min_seed_cost,0.0,unitless,INHERITED_DEFAULT_WITH_PROVENANCE,src/pig_behavior/tracking/config.py,52c5f54ad44b6f76a8d143d168bdc942542d5fd263903cbf630f9c58ecf1cdd0,95dd37982251a6b59779e0eed020e266b54fc88c,,NO,547ae86e3be26671a9a148cb0e613ea1c602a0ff842a977ce9b7f1d217c10e41,PARTIAL_INHERITED_DEFAULTS_NOT_DUMPED,BOUND_BY_SOURCE_CODE,association|lifecycle,Inherited from the hashed TrackingConfig source; no separate sensitivity claim.,PARTIAL_NO_METHOD_SPECIFIC_SENSITIVITY,FROZEN_BY_PREDICTION_AUTHORITY,Current-main active value. The frozen prediction producer was ac9bda0f7432d56229ede36bbb8fa06167846313; inherited defaults were not preserved as a complete runtime dump.
B0_CURRENT_STANDARD_V2_20260728,association,reentry_unowned_raw_mismatch_reject,false,boolean,INHERITED_DEFAULT_WITH_PROVENANCE,src/pig_behavior/tracking/config.py,52c5f54ad44b6f76a8d143d168bdc942542d5fd263903cbf630f9c58ecf1cdd0,95dd37982251a6b59779e0eed020e266b54fc88c,,NO,547ae86e3be26671a9a148cb0e613ea1c602a0ff842a977ce9b7f1d217c10e41,PARTIAL_INHERITED_DEFAULTS_NOT_DUMPED,BOUND_BY_SOURCE_CODE,association|lifecycle,Inherited from the hashed TrackingConfig source; no separate sensitivity claim.,PARTIAL_NO_METHOD_SPECIFIC_SENSITIVITY,FROZEN_BY_PREDICTION_AUTHORITY,Current-main active value. The frozen prediction producer was ac9bda0f7432d56229ede36bbb8fa06167846313; inherited defaults were not preserved as a complete runtime dump.
B0_CURRENT_STANDARD_V2_20260728,bbox_geometry,refine_boxes,false,boolean,PREDECLARED_DEVELOPMENT_SELECTION,src/pig_behavior/tracking/profiles/bytetrack_raw.py,fe62045b5e260e45cd735f8be70726d3cf8c3f7fc2ea1159f22b968728f522e0,95dd37982251a6b59779e0eed020e266b54fc88c,false,YES,547ae86e3be26671a9a148cb0e613ea1c602a0ff842a977ce9b7f1d217c10e41,YES_PROFILE_OVERRIDE_ONLY,BOUND_BY_EFFECTIVE_CONFIG,bbox_geometry,Profile override frozen by a development authority before its authority run.,SUFFICIENT_WITH_DEVELOPMENT_SCOPE_LIMITATION,FROZEN_BY_PREDICTION_AUTHORITY,Current-main active value. The frozen prediction producer was ac9bda0f7432d56229ede36bbb8fa06167846313; inherited defaults were not preserved as a complete runtime dump.
B0_CURRENT_STANDARD_V2_20260728,bbox_geometry,refine_max_gap_frames,15,frames,INHERITED_DEFAULT_WITH_PROVENANCE,src/pig_behavior/tracking/config.py,52c5f54ad44b6f76a8d143d168bdc942542d5fd263903cbf630f9c58ecf1cdd0,95dd37982251a6b59779e0eed020e266b54fc88c,,NO,547ae86e3be26671a9a148cb0e613ea1c602a0ff842a977ce9b7f1d217c10e41,PARTIAL_INHERITED_DEFAULTS_NOT_DUMPED,BOUND_BY_SOURCE_CODE,bbox_geometry|runtime,Inherited from the hashed TrackingConfig source; no separate sensitivity claim.,PARTIAL_NO_METHOD_SPECIFIC_SENSITIVITY,FROZEN_BY_PREDICTION_AUTHORITY,Current-main active value. The frozen prediction producer was ac9bda0f7432d56229ede36bbb8fa06167846313; inherited defaults were not preserved as a complete runtime dump.
B0_CURRENT_STANDARD_V2_20260728,association,refine_max_previous_gap_frames,0,unitless ratio,INHERITED_DEFAULT_WITH_PROVENANCE,src/pig_behavior/tracking/config.py,52c5f54ad44b6f76a8d143d168bdc942542d5fd263903cbf630f9c58ecf1cdd0,95dd37982251a6b59779e0eed020e266b54fc88c,,NO,547ae86e3be26671a9a148cb0e613ea1c602a0ff842a977ce9b7f1d217c10e41,PARTIAL_INHERITED_DEFAULTS_NOT_DUMPED,BOUND_BY_SOURCE_CODE,association|bbox_geometry|runtime,Inherited from the hashed TrackingConfig source; no separate sensitivity claim.,PARTIAL_NO_METHOD_SPECIFIC_SENSITIVITY,FROZEN_BY_PREDICTION_AUTHORITY,Current-main active value. The frozen prediction producer was ac9bda0f7432d56229ede36bbb8fa06167846313; inherited defaults were not preserved as a complete runtime dump.
B0_CURRENT_STANDARD_V2_20260728,bbox_geometry,refine_size_jump_threshold,0.45,unitless,INHERITED_DEFAULT_WITH_PROVENANCE,src/pig_behavior/tracking/config.py,52c5f54ad44b6f76a8d143d168bdc942542d5fd263903cbf630f9c58ecf1cdd0,95dd37982251a6b59779e0eed020e266b54fc88c,,NO,547ae86e3be26671a9a148cb0e613ea1c602a0ff842a977ce9b7f1d217c10e41,PARTIAL_INHERITED_DEFAULTS_NOT_DUMPED,BOUND_BY_SOURCE_CODE,bbox_geometry,Inherited from the hashed TrackingConfig source; no separate sensitivity claim.,PARTIAL_NO_METHOD_SPECIFIC_SENSITIVITY,FROZEN_BY_PREDICTION_AUTHORITY,Current-main active value. The frozen prediction producer was ac9bda0f7432d56229ede36bbb8fa06167846313; inherited defaults were not preserved as a complete runtime dump.
B0_CURRENT_STANDARD_V2_20260728,engineering_or_indirect,reid_unowned_competing_candidate_hold,false,boolean,INHERITED_DEFAULT_WITH_PROVENANCE,src/pig_behavior/tracking/config.py,52c5f54ad44b6f76a8d143d168bdc942542d5fd263903cbf630f9c58ecf1cdd0,95dd37982251a6b59779e0eed020e266b54fc88c,,NO,547ae86e3be26671a9a148cb0e613ea1c602a0ff842a977ce9b7f1d217c10e41,PARTIAL_INHERITED_DEFAULTS_NOT_DUMPED,BOUND_BY_SOURCE_CODE,engineering_or_indirect,Inherited from the hashed TrackingConfig source; no separate sensitivity claim.,PARTIAL_NO_METHOD_SPECIFIC_SENSITIVITY,FROZEN_BY_PREDICTION_AUTHORITY,Current-main active value. The frozen prediction producer was ac9bda0f7432d56229ede36bbb8fa06167846313; inherited defaults were not preserved as a complete runtime dump.
B0_CURRENT_STANDARD_V2_20260728,association,reid_unowned_competing_candidate_min_cost,0.55,unitless,INHERITED_DEFAULT_WITH_PROVENANCE,src/pig_behavior/tracking/config.py,52c5f54ad44b6f76a8d143d168bdc942542d5fd263903cbf630f9c58ecf1cdd0,95dd37982251a6b59779e0eed020e266b54fc88c,,NO,547ae86e3be26671a9a148cb0e613ea1c602a0ff842a977ce9b7f1d217c10e41,PARTIAL_INHERITED_DEFAULTS_NOT_DUMPED,BOUND_BY_SOURCE_CODE,association,Inherited from the hashed TrackingConfig source; no separate sensitivity claim.,PARTIAL_NO_METHOD_SPECIFIC_SENSITIVITY,FROZEN_BY_PREDICTION_AUTHORITY,Current-main active value. The frozen prediction producer was ac9bda0f7432d56229ede36bbb8fa06167846313; inherited defaults were not preserved as a complete runtime dump.
B0_CURRENT_STANDARD_V2_20260728,engineering_or_indirect,reid_unowned_competing_candidate_min_gap,0.15,unitless,INHERITED_DEFAULT_WITH_PROVENANCE,src/pig_behavior/tracking/config.py,52c5f54ad44b6f76a8d143d168bdc942542d5fd263903cbf630f9c58ecf1cdd0,95dd37982251a6b59779e0eed020e266b54fc88c,,NO,547ae86e3be26671a9a148cb0e613ea1c602a0ff842a977ce9b7f1d217c10e41,PARTIAL_INHERITED_DEFAULTS_NOT_DUMPED,BOUND_BY_SOURCE_CODE,engineering_or_indirect,Inherited from the hashed TrackingConfig source; no separate sensitivity claim.,PARTIAL_NO_METHOD_SPECIFIC_SENSITIVITY,FROZEN_BY_PREDICTION_AUTHORITY,Current-main active value. The frozen prediction producer was ac9bda0f7432d56229ede36bbb8fa06167846313; inherited defaults were not preserved as a complete runtime dump.
B0_CURRENT_STANDARD_V2_20260728,lifecycle,reid_unowned_competing_candidate_min_missed,1,frames,INHERITED_DEFAULT_WITH_PROVENANCE,src/pig_behavior/tracking/config.py,52c5f54ad44b6f76a8d143d168bdc942542d5fd263903cbf630f9c58ecf1cdd0,95dd37982251a6b59779e0eed020e266b54fc88c,,NO,547ae86e3be26671a9a148cb0e613ea1c602a0ff842a977ce9b7f1d217c10e41,PARTIAL_INHERITED_DEFAULTS_NOT_DUMPED,BOUND_BY_SOURCE_CODE,lifecycle,Inherited from the hashed TrackingConfig source; no separate sensitivity claim.,PARTIAL_NO_METHOD_SPECIFIC_SENSITIVITY,FROZEN_BY_PREDICTION_AUTHORITY,Current-main active value. The frozen prediction producer was ac9bda0f7432d56229ede36bbb8fa06167846313; inherited defaults were not preserved as a complete runtime dump.
B0_CURRENT_STANDARD_V2_20260728,Hidden_state,reid_unowned_competing_candidate_occlusion_hold_only,true,boolean,INHERITED_DEFAULT_WITH_PROVENANCE,src/pig_behavior/tracking/config.py,52c5f54ad44b6f76a8d143d168bdc942542d5fd263903cbf630f9c58ecf1cdd0,95dd37982251a6b59779e0eed020e266b54fc88c,,NO,547ae86e3be26671a9a148cb0e613ea1c602a0ff842a977ce9b7f1d217c10e41,PARTIAL_INHERITED_DEFAULTS_NOT_DUMPED,BOUND_BY_SOURCE_CODE,Hidden_state,Inherited from the hashed TrackingConfig source; no separate sensitivity claim.,PARTIAL_NO_METHOD_SPECIFIC_SENSITIVITY,FROZEN_BY_PREDICTION_AUTHORITY,Current-main active value. The frozen prediction producer was ac9bda0f7432d56229ede36bbb8fa06167846313; inherited defaults were not preserved as a complete runtime dump.
B0_CURRENT_STANDARD_V2_20260728,engineering_or_indirect,review_conf,0.5,unitless ratio,INHERITED_DEFAULT_WITH_PROVENANCE,src/pig_behavior/tracking/config.py,52c5f54ad44b6f76a8d143d168bdc942542d5fd263903cbf630f9c58ecf1cdd0,95dd37982251a6b59779e0eed020e266b54fc88c,,NO,547ae86e3be26671a9a148cb0e613ea1c602a0ff842a977ce9b7f1d217c10e41,PARTIAL_INHERITED_DEFAULTS_NOT_DUMPED,BOUND_BY_SOURCE_CODE,engineering_or_indirect,Inherited from the hashed TrackingConfig source; no separate sensitivity claim.,PARTIAL_NO_METHOD_SPECIFIC_SENSITIVITY,FROZEN_BY_PREDICTION_AUTHORITY,Current-main active value. The frozen prediction producer was ac9bda0f7432d56229ede36bbb8fa06167846313; inherited defaults were not preserved as a complete runtime dump.
B0_CURRENT_STANDARD_V2_20260728,engineering_or_indirect,rf_hybrid_offline,false,boolean,INHERITED_DEFAULT_WITH_PROVENANCE,src/pig_behavior/tracking/config.py,52c5f54ad44b6f76a8d143d168bdc942542d5fd263903cbf630f9c58ecf1cdd0,95dd37982251a6b59779e0eed020e266b54fc88c,,NO,547ae86e3be26671a9a148cb0e613ea1c602a0ff842a977ce9b7f1d217c10e41,PARTIAL_INHERITED_DEFAULTS_NOT_DUMPED,BOUND_BY_SOURCE_CODE,engineering_or_indirect,Inherited from the hashed TrackingConfig source; no separate sensitivity claim.,PARTIAL_NO_METHOD_SPECIFIC_SENSITIVITY,FROZEN_BY_PREDICTION_AUTHORITY,Current-main active value. The frozen prediction producer was ac9bda0f7432d56229ede36bbb8fa06167846313; inherited defaults were not preserved as a complete runtime dump.
B0_CURRENT_STANDARD_V2_20260728,engineering_or_indirect,roi_dilate_px,8,count,INHERITED_DEFAULT_WITH_PROVENANCE,src/pig_behavior/tracking/config.py,52c5f54ad44b6f76a8d143d168bdc942542d5fd263903cbf630f9c58ecf1cdd0,95dd37982251a6b59779e0eed020e266b54fc88c,,NO,547ae86e3be26671a9a148cb0e613ea1c602a0ff842a977ce9b7f1d217c10e41,PARTIAL_INHERITED_DEFAULTS_NOT_DUMPED,BOUND_BY_SOURCE_CODE,engineering_or_indirect,Inherited from the hashed TrackingConfig source; no separate sensitivity claim.,PARTIAL_NO_METHOD_SPECIFIC_SENSITIVITY,FROZEN_BY_PREDICTION_AUTHORITY,Current-main active value. The frozen prediction producer was ac9bda0f7432d56229ede36bbb8fa06167846313; inherited defaults were not preserved as a complete runtime dump.
B0_CURRENT_STANDARD_V2_20260728,engineering_or_indirect,roi_min_cover,0.1,unitless,INHERITED_DEFAULT_WITH_PROVENANCE,src/pig_behavior/tracking/config.py,52c5f54ad44b6f76a8d143d168bdc942542d5fd263903cbf630f9c58ecf1cdd0,95dd37982251a6b59779e0eed020e266b54fc88c,,NO,547ae86e3be26671a9a148cb0e613ea1c602a0ff842a977ce9b7f1d217c10e41,PARTIAL_INHERITED_DEFAULTS_NOT_DUMPED,BOUND_BY_SOURCE_CODE,engineering_or_indirect,Inherited from the hashed TrackingConfig source; no separate sensitivity claim.,PARTIAL_NO_METHOD_SPECIFIC_SENSITIVITY,FROZEN_BY_PREDICTION_AUTHORITY,Current-main active value. The frozen prediction producer was ac9bda0f7432d56229ede36bbb8fa06167846313; inherited defaults were not preserved as a complete runtime dump.
B0_CURRENT_STANDARD_V2_20260728,engineering_or_indirect,roi_mode,"""center""",categorical/path,INHERITED_DEFAULT_WITH_PROVENANCE,src/pig_behavior/tracking/config.py,52c5f54ad44b6f76a8d143d168bdc942542d5fd263903cbf630f9c58ecf1cdd0,95dd37982251a6b59779e0eed020e266b54fc88c,,NO,547ae86e3be26671a9a148cb0e613ea1c602a0ff842a977ce9b7f1d217c10e41,PARTIAL_INHERITED_DEFAULTS_NOT_DUMPED,BOUND_BY_SOURCE_CODE,engineering_or_indirect,Inherited from the hashed TrackingConfig source; no separate sensitivity claim.,PARTIAL_NO_METHOD_SPECIFIC_SENSITIVITY,FROZEN_BY_PREDICTION_AUTHORITY,Current-main active value. The frozen prediction producer was ac9bda0f7432d56229ede36bbb8fa06167846313; inherited defaults were not preserved as a complete runtime dump.
B0_CURRENT_STANDARD_V2_20260728,detection,shade_outside_mask,true,boolean,INHERITED_DEFAULT_WITH_PROVENANCE,src/pig_behavior/tracking/config.py,52c5f54ad44b6f76a8d143d168bdc942542d5fd263903cbf630f9c58ecf1cdd0,95dd37982251a6b59779e0eed020e266b54fc88c,,NO,547ae86e3be26671a9a148cb0e613ea1c602a0ff842a977ce9b7f1d217c10e41,PARTIAL_INHERITED_DEFAULTS_NOT_DUMPED,BOUND_BY_SOURCE_CODE,detection,Inherited from the hashed TrackingConfig source; no separate sensitivity claim.,PARTIAL_NO_METHOD_SPECIFIC_SENSITIVITY,FROZEN_BY_PREDICTION_AUTHORITY,Current-main active value. The frozen prediction producer was ac9bda0f7432d56229ede36bbb8fa06167846313; inherited defaults were not preserved as a complete runtime dump.
B0_CURRENT_STANDARD_V2_20260728,engineering_or_indirect,show,false,boolean,INHERITED_DEFAULT_WITH_PROVENANCE,src/pig_behavior/tracking/config.py,52c5f54ad44b6f76a8d143d168bdc942542d5fd263903cbf630f9c58ecf1cdd0,95dd37982251a6b59779e0eed020e266b54fc88c,,NO,547ae86e3be26671a9a148cb0e613ea1c602a0ff842a977ce9b7f1d217c10e41,PARTIAL_INHERITED_DEFAULTS_NOT_DUMPED,BOUND_BY_SOURCE_CODE,engineering_or_indirect,Inherited from the hashed TrackingConfig source; no separate sensitivity claim.,PARTIAL_NO_METHOD_SPECIFIC_SENSITIVITY,FROZEN_BY_PREDICTION_AUTHORITY,Current-main active value. The frozen prediction producer was ac9bda0f7432d56229ede36bbb8fa06167846313; inherited defaults were not preserved as a complete runtime dump.
B0_CURRENT_STANDARD_V2_20260728,bbox_geometry,smooth_boxes,false,boolean,PREDECLARED_DEVELOPMENT_SELECTION,src/pig_behavior/tracking/profiles/bytetrack_raw.py,fe62045b5e260e45cd735f8be70726d3cf8c3f7fc2ea1159f22b968728f522e0,95dd37982251a6b59779e0eed020e266b54fc88c,false,YES,547ae86e3be26671a9a148cb0e613ea1c602a0ff842a977ce9b7f1d217c10e41,YES_PROFILE_OVERRIDE_ONLY,BOUND_BY_EFFECTIVE_CONFIG,bbox_geometry,Profile override frozen by a development authority before its authority run.,SUFFICIENT_WITH_DEVELOPMENT_SCOPE_LIMITATION,FROZEN_BY_PREDICTION_AUTHORITY,Current-main active value. The frozen prediction producer was ac9bda0f7432d56229ede36bbb8fa06167846313; inherited defaults were not preserved as a complete runtime dump.
B0_CURRENT_STANDARD_V2_20260728,runtime,start_frame,0,frames,INHERITED_DEFAULT_WITH_PROVENANCE,src/pig_behavior/tracking/config.py,52c5f54ad44b6f76a8d143d168bdc942542d5fd263903cbf630f9c58ecf1cdd0,95dd37982251a6b59779e0eed020e266b54fc88c,,NO,547ae86e3be26671a9a148cb0e613ea1c602a0ff842a977ce9b7f1d217c10e41,PARTIAL_INHERITED_DEFAULTS_NOT_DUMPED,BOUND_BY_SOURCE_CODE,runtime,Inherited from the hashed TrackingConfig source; no separate sensitivity claim.,PARTIAL_NO_METHOD_SPECIFIC_SENSITIVITY,FROZEN_BY_PREDICTION_AUTHORITY,Current-main active value. The frozen prediction producer was ac9bda0f7432d56229ede36bbb8fa06167846313; inherited defaults were not preserved as a complete runtime dump.
B0_CURRENT_STANDARD_V2_20260728,identity_repair,suffix_pair_swap_max_overlap_frames,8,frames,INHERITED_DEFAULT_WITH_PROVENANCE,src/pig_behavior/tracking/config.py,52c5f54ad44b6f76a8d143d168bdc942542d5fd263903cbf630f9c58ecf1cdd0,95dd37982251a6b59779e0eed020e266b54fc88c,,NO,547ae86e3be26671a9a148cb0e613ea1c602a0ff842a977ce9b7f1d217c10e41,PARTIAL_INHERITED_DEFAULTS_NOT_DUMPED,BOUND_BY_SOURCE_CODE,identity_repair|runtime,Inherited from the hashed TrackingConfig source; no separate sensitivity claim.,PARTIAL_NO_METHOD_SPECIFIC_SENSITIVITY,FROZEN_BY_PREDICTION_AUTHORITY,Current-main active value. The frozen prediction producer was ac9bda0f7432d56229ede36bbb8fa06167846313; inherited defaults were not preserved as a complete runtime dump.
B0_CURRENT_STANDARD_V2_20260728,association,suffix_pair_swap_max_suffix_overlap_iou,0.3,unitless ratio,INHERITED_DEFAULT_WITH_PROVENANCE,src/pig_behavior/tracking/config.py,52c5f54ad44b6f76a8d143d168bdc942542d5fd263903cbf630f9c58ecf1cdd0,95dd37982251a6b59779e0eed020e266b54fc88c,,NO,547ae86e3be26671a9a148cb0e613ea1c602a0ff842a977ce9b7f1d217c10e41,PARTIAL_INHERITED_DEFAULTS_NOT_DUMPED,BOUND_BY_SOURCE_CODE,association|identity_repair,Inherited from the hashed TrackingConfig source; no separate sensitivity claim.,PARTIAL_NO_METHOD_SPECIFIC_SENSITIVITY,FROZEN_BY_PREDICTION_AUTHORITY,Current-main active value. The frozen prediction producer was ac9bda0f7432d56229ede36bbb8fa06167846313; inherited defaults were not preserved as a complete runtime dump.
B0_CURRENT_STANDARD_V2_20260728,association,suffix_pair_swap_min_overlap_iou,0.45,unitless ratio,INHERITED_DEFAULT_WITH_PROVENANCE,src/pig_behavior/tracking/config.py,52c5f54ad44b6f76a8d143d168bdc942542d5fd263903cbf630f9c58ecf1cdd0,95dd37982251a6b59779e0eed020e266b54fc88c,,NO,547ae86e3be26671a9a148cb0e613ea1c602a0ff842a977ce9b7f1d217c10e41,PARTIAL_INHERITED_DEFAULTS_NOT_DUMPED,BOUND_BY_SOURCE_CODE,association|identity_repair,Inherited from the hashed TrackingConfig source; no separate sensitivity claim.,PARTIAL_NO_METHOD_SPECIFIC_SENSITIVITY,FROZEN_BY_PREDICTION_AUTHORITY,Current-main active value. The frozen prediction producer was ac9bda0f7432d56229ede36bbb8fa06167846313; inherited defaults were not preserved as a complete runtime dump.
B0_CURRENT_STANDARD_V2_20260728,identity_repair,suffix_pair_swap_min_suffix_frames,1500,frames,INHERITED_DEFAULT_WITH_PROVENANCE,src/pig_behavior/tracking/config.py,52c5f54ad44b6f76a8d143d168bdc942542d5fd263903cbf630f9c58ecf1cdd0,95dd37982251a6b59779e0eed020e266b54fc88c,,NO,547ae86e3be26671a9a148cb0e613ea1c602a0ff842a977ce9b7f1d217c10e41,PARTIAL_INHERITED_DEFAULTS_NOT_DUMPED,BOUND_BY_SOURCE_CODE,identity_repair|runtime,Inherited from the hashed TrackingConfig source; no separate sensitivity claim.,PARTIAL_NO_METHOD_SPECIFIC_SENSITIVITY,FROZEN_BY_PREDICTION_AUTHORITY,Current-main active value. The frozen prediction producer was ac9bda0f7432d56229ede36bbb8fa06167846313; inherited defaults were not preserved as a complete runtime dump.
B0_CURRENT_STANDARD_V2_20260728,identity_repair,suffix_pair_swap_repair,false,boolean,PREDECLARED_DEVELOPMENT_SELECTION,src/pig_behavior/tracking/profiles/bytetrack_raw.py,fe62045b5e260e45cd735f8be70726d3cf8c3f7fc2ea1159f22b968728f522e0,95dd37982251a6b59779e0eed020e266b54fc88c,false,YES,547ae86e3be26671a9a148cb0e613ea1c602a0ff842a977ce9b7f1d217c10e41,YES_PROFILE_OVERRIDE_ONLY,BOUND_BY_EFFECTIVE_CONFIG,identity_repair,Profile override frozen by a development authority before its authority run.,SUFFICIENT_WITH_DEVELOPMENT_SCOPE_LIMITATION,FROZEN_BY_PREDICTION_AUTHORITY,Current-main active value. The frozen prediction producer was ac9bda0f7432d56229ede36bbb8fa06167846313; inherited defaults were not preserved as a complete runtime dump.
B0_CURRENT_STANDARD_V2_20260728,engineering_or_indirect,target_fps,15,count,INHERITED_DEFAULT_WITH_PROVENANCE,src/pig_behavior/tracking/config.py,52c5f54ad44b6f76a8d143d168bdc942542d5fd263903cbf630f9c58ecf1cdd0,95dd37982251a6b59779e0eed020e266b54fc88c,,NO,547ae86e3be26671a9a148cb0e613ea1c602a0ff842a977ce9b7f1d217c10e41,PARTIAL_INHERITED_DEFAULTS_NOT_DUMPED,BOUND_BY_SOURCE_CODE,engineering_or_indirect,Inherited from the hashed TrackingConfig source; no separate sensitivity claim.,PARTIAL_NO_METHOD_SPECIFIC_SENSITIVITY,FROZEN_BY_PREDICTION_AUTHORITY,Current-main active value. The frozen prediction producer was ac9bda0f7432d56229ede36bbb8fa06167846313; inherited defaults were not preserved as a complete runtime dump.
B0_CURRENT_STANDARD_V2_20260728,engineering_or_indirect,track_high_conf,0.45,unitless ratio,INHERITED_DEFAULT_WITH_PROVENANCE,src/pig_behavior/tracking/config.py,52c5f54ad44b6f76a8d143d168bdc942542d5fd263903cbf630f9c58ecf1cdd0,95dd37982251a6b59779e0eed020e266b54fc88c,,NO,547ae86e3be26671a9a148cb0e613ea1c602a0ff842a977ce9b7f1d217c10e41,PARTIAL_INHERITED_DEFAULTS_NOT_DUMPED,BOUND_BY_SOURCE_CODE,engineering_or_indirect,Inherited from the hashed TrackingConfig source; no separate sensitivity claim.,PARTIAL_NO_METHOD_SPECIFIC_SENSITIVITY,FROZEN_BY_PREDICTION_AUTHORITY,Current-main active value. The frozen prediction producer was ac9bda0f7432d56229ede36bbb8fa06167846313; inherited defaults were not preserved as a complete runtime dump.
B0_CURRENT_STANDARD_V2_20260728,association,track_match_iou,0.75,unitless ratio,INHERITED_DEFAULT_WITH_PROVENANCE,src/pig_behavior/tracking/config.py,52c5f54ad44b6f76a8d143d168bdc942542d5fd263903cbf630f9c58ecf1cdd0,95dd37982251a6b59779e0eed020e266b54fc88c,,NO,547ae86e3be26671a9a148cb0e613ea1c602a0ff842a977ce9b7f1d217c10e41,PARTIAL_INHERITED_DEFAULTS_NOT_DUMPED,BOUND_BY_SOURCE_CODE,association,Inherited from the hashed TrackingConfig source; no separate sensitivity claim.,PARTIAL_NO_METHOD_SPECIFIC_SENSITIVITY,FROZEN_BY_PREDICTION_AUTHORITY,Current-main active value. The frozen prediction producer was ac9bda0f7432d56229ede36bbb8fa06167846313; inherited defaults were not preserved as a complete runtime dump.
B0_CURRENT_STANDARD_V2_20260728,engineering_or_indirect,tracker_type,"""bytetrack""",categorical/path,ORIGINAL_METHOD_SPECIFICATION,src/pig_behavior/tracking/config.py,52c5f54ad44b6f76a8d143d168bdc942542d5fd263903cbf630f9c58ecf1cdd0,95dd37982251a6b59779e0eed020e266b54fc88c,,NO,547ae86e3be26671a9a148cb0e613ea1c602a0ff842a977ce9b7f1d217c10e41,PARTIAL_INHERITED_DEFAULTS_NOT_DUMPED,BOUND_BY_SOURCE_CODE,engineering_or_indirect,Defines the method family or locked eight-animal task.,SUFFICIENT,FROZEN_BY_PREDICTION_AUTHORITY,Current-main active value. The frozen prediction producer was ac9bda0f7432d56229ede36bbb8fa06167846313; inherited defaults were not preserved as a complete runtime dump.
B0_CURRENT_STANDARD_V2_20260728,engineering_or_indirect,tracker_yaml,null,not applicable,INHERITED_DEFAULT_WITH_PROVENANCE,src/pig_behavior/tracking/config.py,52c5f54ad44b6f76a8d143d168bdc942542d5fd263903cbf630f9c58ecf1cdd0,95dd37982251a6b59779e0eed020e266b54fc88c,,NO,547ae86e3be26671a9a148cb0e613ea1c602a0ff842a977ce9b7f1d217c10e41,PARTIAL_INHERITED_DEFAULTS_NOT_DUMPED,BOUND_BY_SOURCE_CODE,engineering_or_indirect,Inherited from the hashed TrackingConfig source; no separate sensitivity claim.,PARTIAL_NO_METHOD_SPECIFIC_SENSITIVITY,FROZEN_BY_PREDICTION_AUTHORITY,Current-main active value. The frozen prediction producer was ac9bda0f7432d56229ede36bbb8fa06167846313; inherited defaults were not preserved as a complete runtime dump.
B0_CURRENT_STANDARD_V2_20260728,association,unseen_track_cost_threshold,1.1,unitless,INHERITED_DEFAULT_WITH_PROVENANCE,src/pig_behavior/tracking/config.py,52c5f54ad44b6f76a8d143d168bdc942542d5fd263903cbf630f9c58ecf1cdd0,95dd37982251a6b59779e0eed020e266b54fc88c,,NO,547ae86e3be26671a9a148cb0e613ea1c602a0ff842a977ce9b7f1d217c10e41,PARTIAL_INHERITED_DEFAULTS_NOT_DUMPED,BOUND_BY_SOURCE_CODE,association,Inherited from the hashed TrackingConfig source; no separate sensitivity claim.,PARTIAL_NO_METHOD_SPECIFIC_SENSITIVITY,FROZEN_BY_PREDICTION_AUTHORITY,Current-main active value. The frozen prediction producer was ac9bda0f7432d56229ede36bbb8fa06167846313; inherited defaults were not preserved as a complete runtime dump.
B0_CURRENT_STANDARD_V2_20260728,detection,use_mask,true,boolean,INHERITED_DEFAULT_WITH_PROVENANCE,src/pig_behavior/tracking/config.py,52c5f54ad44b6f76a8d143d168bdc942542d5fd263903cbf630f9c58ecf1cdd0,95dd37982251a6b59779e0eed020e266b54fc88c,,NO,547ae86e3be26671a9a148cb0e613ea1c602a0ff842a977ce9b7f1d217c10e41,PARTIAL_INHERITED_DEFAULTS_NOT_DUMPED,BOUND_BY_SOURCE_CODE,detection,Inherited from the hashed TrackingConfig source; no separate sensitivity claim.,PARTIAL_NO_METHOD_SPECIFIC_SENSITIVITY,FROZEN_BY_PREDICTION_AUTHORITY,Current-main active value. The frozen prediction producer was ac9bda0f7432d56229ede36bbb8fa06167846313; inherited defaults were not preserved as a complete runtime dump.
B0_CURRENT_STANDARD_V2_20260728,detection,use_mask_iou,true,boolean,INHERITED_DEFAULT_WITH_PROVENANCE,src/pig_behavior/tracking/config.py,52c5f54ad44b6f76a8d143d168bdc942542d5fd263903cbf630f9c58ecf1cdd0,95dd37982251a6b59779e0eed020e266b54fc88c,,NO,547ae86e3be26671a9a148cb0e613ea1c602a0ff842a977ce9b7f1d217c10e41,PARTIAL_INHERITED_DEFAULTS_NOT_DUMPED,BOUND_BY_SOURCE_CODE,detection|association,Inherited from the hashed TrackingConfig source; no separate sensitivity claim.,PARTIAL_NO_METHOD_SPECIFIC_SENSITIVITY,FROZEN_BY_PREDICTION_AUTHORITY,Current-main active value. The frozen prediction producer was ac9bda0f7432d56229ede36bbb8fa06167846313; inherited defaults were not preserved as a complete runtime dump.
B0_CURRENT_STANDARD_V2_20260728,runtime,video_path,"""C:\\Users\\ironh\\Downloads\\PIG_Behavior_Project\\.codex_tmp\\worktrees\\tracking_scientific_grounding_authority\\data\\videos\\Pigs281119_000085_30fps.mp4""",categorical/path,DATA_SCHEMA_CONSTRAINT,src/pig_behavior/tracking/config.py,52c5f54ad44b6f76a8d143d168bdc942542d5fd263903cbf630f9c58ecf1cdd0,95dd37982251a6b59779e0eed020e266b54fc88c,,NO,547ae86e3be26671a9a148cb0e613ea1c602a0ff842a977ce9b7f1d217c10e41,PARTIAL_INHERITED_DEFAULTS_NOT_DUMPED,BOUND_BY_SOURCE_CODE,runtime,Bound to the repository data/cache/export schema.,SUFFICIENT,FROZEN_BY_PREDICTION_AUTHORITY,Current-main active value. The frozen prediction producer was ac9bda0f7432d56229ede36bbb8fa06167846313; inherited defaults were not preserved as a complete runtime dump.
B0_CURRENT_STANDARD_V2_20260728,identity_repair,visible_raw_owner_transfer_min_gain,0.04,unitless,INHERITED_DEFAULT_WITH_PROVENANCE,src/pig_behavior/tracking/config.py,52c5f54ad44b6f76a8d143d168bdc942542d5fd263903cbf630f9c58ecf1cdd0,95dd37982251a6b59779e0eed020e266b54fc88c,,NO,547ae86e3be26671a9a148cb0e613ea1c602a0ff842a977ce9b7f1d217c10e41,PARTIAL_INHERITED_DEFAULTS_NOT_DUMPED,BOUND_BY_SOURCE_CODE,identity_repair,Inherited from the hashed TrackingConfig source; no separate sensitivity claim.,PARTIAL_NO_METHOD_SPECIFIC_SENSITIVITY,FROZEN_BY_PREDICTION_AUTHORITY,Current-main active value. The frozen prediction producer was ac9bda0f7432d56229ede36bbb8fa06167846313; inherited defaults were not preserved as a complete runtime dump.
B0_CURRENT_STANDARD_V2_20260728,engineering_or_indirect,visual_opacity,0.75,unitless,INHERITED_DEFAULT_WITH_PROVENANCE,src/pig_behavior/tracking/config.py,52c5f54ad44b6f76a8d143d168bdc942542d5fd263903cbf630f9c58ecf1cdd0,95dd37982251a6b59779e0eed020e266b54fc88c,,NO,547ae86e3be26671a9a148cb0e613ea1c602a0ff842a977ce9b7f1d217c10e41,PARTIAL_INHERITED_DEFAULTS_NOT_DUMPED,BOUND_BY_SOURCE_CODE,engineering_or_indirect,Inherited from the hashed TrackingConfig source; no separate sensitivity claim.,PARTIAL_NO_METHOD_SPECIFIC_SENSITIVITY,FROZEN_BY_PREDICTION_AUTHORITY,Current-main active value. The frozen prediction producer was ac9bda0f7432d56229ede36bbb8fa06167846313; inherited defaults were not preserved as a complete runtime dump.
B0_CURRENT_STANDARD_V2_20260728,engineering_or_indirect,weights_path,"""C:\\Users\\ironh\\Downloads\\PIG_Behavior_Project\\.codex_tmp\\worktrees\\tracking_scientific_grounding_authority\\models\\detector\\pig_detector_yolov8.pt""",categorical/path,DATA_SCHEMA_CONSTRAINT,src/pig_behavior/tracking/config.py,52c5f54ad44b6f76a8d143d168bdc942542d5fd263903cbf630f9c58ecf1cdd0,95dd37982251a6b59779e0eed020e266b54fc88c,,NO,547ae86e3be26671a9a148cb0e613ea1c602a0ff842a977ce9b7f1d217c10e41,PARTIAL_INHERITED_DEFAULTS_NOT_DUMPED,BOUND_BY_SOURCE_CODE,engineering_or_indirect,Bound to the repository data/cache/export schema.,SUFFICIENT,FROZEN_BY_PREDICTION_AUTHORITY,Current-main active value. The frozen prediction producer was ac9bda0f7432d56229ede36bbb8fa06167846313; inherited defaults were not preserved as a complete runtime dump.
B0_CURRENT_STANDARD_V2_20260728,runtime,write_output_video,true,boolean,HARDWARE_OR_RUNTIME_CONSTRAINT,src/pig_behavior/tracking/config.py,52c5f54ad44b6f76a8d143d168bdc942542d5fd263903cbf630f9c58ecf1cdd0,95dd37982251a6b59779e0eed020e266b54fc88c,,NO,547ae86e3be26671a9a148cb0e613ea1c602a0ff842a977ce9b7f1d217c10e41,PARTIAL_INHERITED_DEFAULTS_NOT_DUMPED,BOUND_BY_SOURCE_CODE,runtime,Execution/safety constraint rather than a quality claim.,SUFFICIENT,FROZEN_BY_PREDICTION_AUTHORITY,Current-main active value. The frozen prediction producer was ac9bda0f7432d56229ede36bbb8fa06167846313; inherited defaults were not preserved as a complete runtime dump.
B1_CURRENT_STANDARD_V2_20260728,Hidden_state,USE_AREA_OCCLUSION_FREEZE,false,boolean,PREDECLARED_DEVELOPMENT_SELECTION,src/pig_behavior/tracking/profiles/hybrid_bytetrack.py,b3c63faffa705915e2e9e9b7823068af229ceedd9b263a68579e7d7b384500e6,95dd37982251a6b59779e0eed020e266b54fc88c,false,YES,4eb3d4e2262485d48d425be06fd8a6b3adfd8a01a27b28e76b5a8d55958d1d55,YES_PROFILE_OVERRIDE_ONLY,BOUND_BY_EFFECTIVE_CONFIG,Hidden_state,Profile override frozen by a development authority before its authority run.,SUFFICIENT_WITH_DEVELOPMENT_SCOPE_LIMITATION,FROZEN_BY_PREDICTION_AUTHORITY,Current-main active value. The frozen prediction producer was ac9bda0f7432d56229ede36bbb8fa06167846313; inherited defaults were not preserved as a complete runtime dump.
B1_CURRENT_STANDARD_V2_20260728,Hidden_state,USE_CONDITIONAL_AREA_OCCLUSION_FREEZE,false,boolean,PREDECLARED_DEVELOPMENT_SELECTION,src/pig_behavior/tracking/profiles/hybrid_bytetrack.py,b3c63faffa705915e2e9e9b7823068af229ceedd9b263a68579e7d7b384500e6,95dd37982251a6b59779e0eed020e266b54fc88c,false,YES,4eb3d4e2262485d48d425be06fd8a6b3adfd8a01a27b28e76b5a8d55958d1d55,YES_PROFILE_OVERRIDE_ONLY,BOUND_BY_EFFECTIVE_CONFIG,Hidden_state,Profile override frozen by a development authority before its authority run.,SUFFICIENT_WITH_DEVELOPMENT_SCOPE_LIMITATION,FROZEN_BY_PREDICTION_AUTHORITY,Current-main active value. The frozen prediction producer was ac9bda0f7432d56229ede36bbb8fa06167846313; inherited defaults were not preserved as a complete runtime dump.
B1_CURRENT_STANDARD_V2_20260728,association,USE_IOU_FALLBACK,false,boolean,PREDECLARED_DEVELOPMENT_SELECTION,src/pig_behavior/tracking/profiles/hybrid_bytetrack.py,b3c63faffa705915e2e9e9b7823068af229ceedd9b263a68579e7d7b384500e6,95dd37982251a6b59779e0eed020e266b54fc88c,false,YES,4eb3d4e2262485d48d425be06fd8a6b3adfd8a01a27b28e76b5a8d55958d1d55,YES_PROFILE_OVERRIDE_ONLY,BOUND_BY_EFFECTIVE_CONFIG,association,Profile override frozen by a development authority before its authority run.,SUFFICIENT_WITH_DEVELOPMENT_SCOPE_LIMITATION,FROZEN_BY_PREDICTION_AUTHORITY,Current-main active value. The frozen prediction producer was ac9bda0f7432d56229ede36bbb8fa06167846313; inherited defaults were not preserved as a complete runtime dump.
B1_CURRENT_STANDARD_V2_20260728,bbox_geometry,USE_MERGED_BOX_SPLIT,false,boolean,PREDECLARED_DEVELOPMENT_SELECTION,src/pig_behavior/tracking/profiles/hybrid_bytetrack.py,b3c63faffa705915e2e9e9b7823068af229ceedd9b263a68579e7d7b384500e6,95dd37982251a6b59779e0eed020e266b54fc88c,false,YES,4eb3d4e2262485d48d425be06fd8a6b3adfd8a01a27b28e76b5a8d55958d1d55,YES_PROFILE_OVERRIDE_ONLY,BOUND_BY_EFFECTIVE_CONFIG,bbox_geometry,Profile override frozen by a development authority before its authority run.,SUFFICIENT_WITH_DEVELOPMENT_SCOPE_LIMITATION,FROZEN_BY_PREDICTION_AUTHORITY,Current-main active value. The frozen prediction producer was ac9bda0f7432d56229ede36bbb8fa06167846313; inherited defaults were not preserved as a complete runtime dump.
B1_CURRENT_STANDARD_V2_20260728,engineering_or_indirect,adaptive_conf_step,0.05,unitless,INHERITED_DEFAULT_WITH_PROVENANCE,src/pig_behavior/tracking/config.py,52c5f54ad44b6f76a8d143d168bdc942542d5fd263903cbf630f9c58ecf1cdd0,95dd37982251a6b59779e0eed020e266b54fc88c,,NO,4eb3d4e2262485d48d425be06fd8a6b3adfd8a01a27b28e76b5a8d55958d1d55,PARTIAL_INHERITED_DEFAULTS_NOT_DUMPED,BOUND_BY_SOURCE_CODE,engineering_or_indirect,Inherited from the hashed TrackingConfig source; no separate sensitivity claim.,PARTIAL_NO_METHOD_SPECIFIC_SENSITIVITY,FROZEN_BY_PREDICTION_AUTHORITY,Current-main active value. The frozen prediction producer was ac9bda0f7432d56229ede36bbb8fa06167846313; inherited defaults were not preserved as a complete runtime dump.
B1_CURRENT_STANDARD_V2_20260728,detection,allowed_class_name,null,not applicable,INHERITED_DEFAULT_WITH_PROVENANCE,src/pig_behavior/tracking/config.py,52c5f54ad44b6f76a8d143d168bdc942542d5fd263903cbf630f9c58ecf1cdd0,95dd37982251a6b59779e0eed020e266b54fc88c,,NO,4eb3d4e2262485d48d425be06fd8a6b3adfd8a01a27b28e76b5a8d55958d1d55,PARTIAL_INHERITED_DEFAULTS_NOT_DUMPED,BOUND_BY_SOURCE_CODE,detection,Inherited from the hashed TrackingConfig source; no separate sensitivity claim.,PARTIAL_NO_METHOD_SPECIFIC_SENSITIVITY,FROZEN_BY_PREDICTION_AUTHORITY,Current-main active value. The frozen prediction producer was ac9bda0f7432d56229ede36bbb8fa06167846313; inherited defaults were not preserved as a complete runtime dump.
B1_CURRENT_STANDARD_V2_20260728,identity_repair,ambiguity_owner_guard,false,boolean,INHERITED_DEFAULT_WITH_PROVENANCE,src/pig_behavior/tracking/config.py,52c5f54ad44b6f76a8d143d168bdc942542d5fd263903cbf630f9c58ecf1cdd0,95dd37982251a6b59779e0eed020e266b54fc88c,,NO,4eb3d4e2262485d48d425be06fd8a6b3adfd8a01a27b28e76b5a8d55958d1d55,PARTIAL_INHERITED_DEFAULTS_NOT_DUMPED,BOUND_BY_SOURCE_CODE,identity_repair,Inherited from the hashed TrackingConfig source; no separate sensitivity claim.,PARTIAL_NO_METHOD_SPECIFIC_SENSITIVITY,FROZEN_BY_PREDICTION_AUTHORITY,Current-main active value. The frozen prediction producer was ac9bda0f7432d56229ede36bbb8fa06167846313; inherited defaults were not preserved as a complete runtime dump.
B1_CURRENT_STANDARD_V2_20260728,association,ambiguity_owner_guard_cost_margin,0.04,unitless,INHERITED_DEFAULT_WITH_PROVENANCE,src/pig_behavior/tracking/config.py,52c5f54ad44b6f76a8d143d168bdc942542d5fd263903cbf630f9c58ecf1cdd0,95dd37982251a6b59779e0eed020e266b54fc88c,,NO,4eb3d4e2262485d48d425be06fd8a6b3adfd8a01a27b28e76b5a8d55958d1d55,PARTIAL_INHERITED_DEFAULTS_NOT_DUMPED,BOUND_BY_SOURCE_CODE,association|identity_repair,Inherited from the hashed TrackingConfig source; no separate sensitivity claim.,PARTIAL_NO_METHOD_SPECIFIC_SENSITIVITY,FROZEN_BY_PREDICTION_AUTHORITY,Current-main active value. The frozen prediction producer was ac9bda0f7432d56229ede36bbb8fa06167846313; inherited defaults were not preserved as a complete runtime dump.
B1_CURRENT_STANDARD_V2_20260728,engineering_or_indirect,annotations_json,null,not applicable,INHERITED_DEFAULT_WITH_PROVENANCE,src/pig_behavior/tracking/config.py,52c5f54ad44b6f76a8d143d168bdc942542d5fd263903cbf630f9c58ecf1cdd0,95dd37982251a6b59779e0eed020e266b54fc88c,,NO,4eb3d4e2262485d48d425be06fd8a6b3adfd8a01a27b28e76b5a8d55958d1d55,PARTIAL_INHERITED_DEFAULTS_NOT_DUMPED,BOUND_BY_SOURCE_CODE,engineering_or_indirect,Inherited from the hashed TrackingConfig source; no separate sensitivity claim.,PARTIAL_NO_METHOD_SPECIFIC_SENSITIVITY,FROZEN_BY_PREDICTION_AUTHORITY,Current-main active value. The frozen prediction producer was ac9bda0f7432d56229ede36bbb8fa06167846313; inherited defaults were not preserved as a complete runtime dump.
B1_CURRENT_STANDARD_V2_20260728,association,appearance_hist_foreground_core,false,boolean,INHERITED_DEFAULT_WITH_PROVENANCE,src/pig_behavior/tracking/config.py,52c5f54ad44b6f76a8d143d168bdc942542d5fd263903cbf630f9c58ecf1cdd0,95dd37982251a6b59779e0eed020e266b54fc88c,,NO,4eb3d4e2262485d48d425be06fd8a6b3adfd8a01a27b28e76b5a8d55958d1d55,PARTIAL_INHERITED_DEFAULTS_NOT_DUMPED,BOUND_BY_SOURCE_CODE,association,Inherited from the hashed TrackingConfig source; no separate sensitivity claim.,PARTIAL_NO_METHOD_SPECIFIC_SENSITIVITY,FROZEN_BY_PREDICTION_AUTHORITY,Current-main active value. The frozen prediction producer was ac9bda0f7432d56229ede36bbb8fa06167846313; inherited defaults were not preserved as a complete runtime dump.
B1_CURRENT_STANDARD_V2_20260728,Hidden_state,area_occlusion_freeze_frames,15,frames,INHERITED_DEFAULT_WITH_PROVENANCE,src/pig_behavior/tracking/config.py,52c5f54ad44b6f76a8d143d168bdc942542d5fd263903cbf630f9c58ecf1cdd0,95dd37982251a6b59779e0eed020e266b54fc88c,,NO,4eb3d4e2262485d48d425be06fd8a6b3adfd8a01a27b28e76b5a8d55958d1d55,PARTIAL_INHERITED_DEFAULTS_NOT_DUMPED,BOUND_BY_SOURCE_CODE,Hidden_state|runtime,Inherited from the hashed TrackingConfig source; no separate sensitivity claim.,PARTIAL_NO_METHOD_SPECIFIC_SENSITIVITY,FROZEN_BY_PREDICTION_AUTHORITY,Current-main active value. The frozen prediction producer was ac9bda0f7432d56229ede36bbb8fa06167846313; inherited defaults were not preserved as a complete runtime dump.
B1_CURRENT_STANDARD_V2_20260728,Hidden_state,area_occlusion_shrink_ratio,0.6,unitless,INHERITED_DEFAULT_WITH_PROVENANCE,src/pig_behavior/tracking/config.py,52c5f54ad44b6f76a8d143d168bdc942542d5fd263903cbf630f9c58ecf1cdd0,95dd37982251a6b59779e0eed020e266b54fc88c,,NO,4eb3d4e2262485d48d425be06fd8a6b3adfd8a01a27b28e76b5a8d55958d1d55,PARTIAL_INHERITED_DEFAULTS_NOT_DUMPED,BOUND_BY_SOURCE_CODE,Hidden_state,Inherited from the hashed TrackingConfig source; no separate sensitivity claim.,PARTIAL_NO_METHOD_SPECIFIC_SENSITIVITY,FROZEN_BY_PREDICTION_AUTHORITY,Current-main active value. The frozen prediction producer was ac9bda0f7432d56229ede36bbb8fa06167846313; inherited defaults were not preserved as a complete runtime dump.
B1_CURRENT_STANDARD_V2_20260728,association,association_debug,false,boolean,INHERITED_DEFAULT_WITH_PROVENANCE,src/pig_behavior/tracking/config.py,52c5f54ad44b6f76a8d143d168bdc942542d5fd263903cbf630f9c58ecf1cdd0,95dd37982251a6b59779e0eed020e266b54fc88c,,NO,4eb3d4e2262485d48d425be06fd8a6b3adfd8a01a27b28e76b5a8d55958d1d55,PARTIAL_INHERITED_DEFAULTS_NOT_DUMPED,BOUND_BY_SOURCE_CODE,association,Inherited from the hashed TrackingConfig source; no separate sensitivity claim.,PARTIAL_NO_METHOD_SPECIFIC_SENSITIVITY,FROZEN_BY_PREDICTION_AUTHORITY,Current-main active value. The frozen prediction producer was ac9bda0f7432d56229ede36bbb8fa06167846313; inherited defaults were not preserved as a complete runtime dump.
B1_CURRENT_STANDARD_V2_20260728,detection,causal_hidden_detection_reservation,false,boolean,INHERITED_DEFAULT_WITH_PROVENANCE,src/pig_behavior/tracking/config.py,52c5f54ad44b6f76a8d143d168bdc942542d5fd263903cbf630f9c58ecf1cdd0,95dd37982251a6b59779e0eed020e266b54fc88c,,NO,4eb3d4e2262485d48d425be06fd8a6b3adfd8a01a27b28e76b5a8d55958d1d55,PARTIAL_INHERITED_DEFAULTS_NOT_DUMPED,BOUND_BY_SOURCE_CODE,detection|Hidden_state,Inherited from the hashed TrackingConfig source; no separate sensitivity claim.,PARTIAL_NO_METHOD_SPECIFIC_SENSITIVITY,FROZEN_BY_PREDICTION_AUTHORITY,Current-main active value. The frozen prediction producer was ac9bda0f7432d56229ede36bbb8fa06167846313; inherited defaults were not preserved as a complete runtime dump.
B1_CURRENT_STANDARD_V2_20260728,detection,causal_hidden_detection_reservation_allow_visible_hold,false,boolean,INHERITED_DEFAULT_WITH_PROVENANCE,src/pig_behavior/tracking/config.py,52c5f54ad44b6f76a8d143d168bdc942542d5fd263903cbf630f9c58ecf1cdd0,95dd37982251a6b59779e0eed020e266b54fc88c,,NO,4eb3d4e2262485d48d425be06fd8a6b3adfd8a01a27b28e76b5a8d55958d1d55,PARTIAL_INHERITED_DEFAULTS_NOT_DUMPED,BOUND_BY_SOURCE_CODE,detection|Hidden_state,Inherited from the hashed TrackingConfig source; no separate sensitivity claim.,PARTIAL_NO_METHOD_SPECIFIC_SENSITIVITY,FROZEN_BY_PREDICTION_AUTHORITY,Current-main active value. The frozen prediction producer was ac9bda0f7432d56229ede36bbb8fa06167846313; inherited defaults were not preserved as a complete runtime dump.
B1_CURRENT_STANDARD_V2_20260728,detection,causal_hidden_detection_reservation_hold_max_claim_cost,0.1,unitless,INHERITED_DEFAULT_WITH_PROVENANCE,src/pig_behavior/tracking/config.py,52c5f54ad44b6f76a8d143d168bdc942542d5fd263903cbf630f9c58ecf1cdd0,95dd37982251a6b59779e0eed020e266b54fc88c,,NO,4eb3d4e2262485d48d425be06fd8a6b3adfd8a01a27b28e76b5a8d55958d1d55,PARTIAL_INHERITED_DEFAULTS_NOT_DUMPED,BOUND_BY_SOURCE_CODE,detection|association|Hidden_state,Inherited from the hashed TrackingConfig source; no separate sensitivity claim.,PARTIAL_NO_METHOD_SPECIFIC_SENSITIVITY,FROZEN_BY_PREDICTION_AUTHORITY,Current-main active value. The frozen prediction producer was ac9bda0f7432d56229ede36bbb8fa06167846313; inherited defaults were not preserved as a complete runtime dump.
B1_CURRENT_STANDARD_V2_20260728,detection,causal_hidden_detection_reservation_hold_min_gain,0.1,unitless,INHERITED_DEFAULT_WITH_PROVENANCE,src/pig_behavior/tracking/config.py,52c5f54ad44b6f76a8d143d168bdc942542d5fd263903cbf630f9c58ecf1cdd0,95dd37982251a6b59779e0eed020e266b54fc88c,,NO,4eb3d4e2262485d48d425be06fd8a6b3adfd8a01a27b28e76b5a8d55958d1d55,PARTIAL_INHERITED_DEFAULTS_NOT_DUMPED,BOUND_BY_SOURCE_CODE,detection|Hidden_state,Inherited from the hashed TrackingConfig source; no separate sensitivity claim.,PARTIAL_NO_METHOD_SPECIFIC_SENSITIVITY,FROZEN_BY_PREDICTION_AUTHORITY,Current-main active value. The frozen prediction producer was ac9bda0f7432d56229ede36bbb8fa06167846313; inherited defaults were not preserved as a complete runtime dump.
B1_CURRENT_STANDARD_V2_20260728,detection,causal_hidden_detection_reservation_hold_min_iom,0.96,unitless,INHERITED_DEFAULT_WITH_PROVENANCE,src/pig_behavior/tracking/config.py,52c5f54ad44b6f76a8d143d168bdc942542d5fd263903cbf630f9c58ecf1cdd0,95dd37982251a6b59779e0eed020e266b54fc88c,,NO,4eb3d4e2262485d48d425be06fd8a6b3adfd8a01a27b28e76b5a8d55958d1d55,PARTIAL_INHERITED_DEFAULTS_NOT_DUMPED,BOUND_BY_SOURCE_CODE,detection|Hidden_state,Inherited from the hashed TrackingConfig source; no separate sensitivity claim.,PARTIAL_NO_METHOD_SPECIFIC_SENSITIVITY,FROZEN_BY_PREDICTION_AUTHORITY,Current-main active value. The frozen prediction producer was ac9bda0f7432d56229ede36bbb8fa06167846313; inherited defaults were not preserved as a complete runtime dump.
B1_CURRENT_STANDARD_V2_20260728,detection,causal_hidden_detection_reservation_hold_min_visible_cost,0.2,unitless,INHERITED_DEFAULT_WITH_PROVENANCE,src/pig_behavior/tracking/config.py,52c5f54ad44b6f76a8d143d168bdc942542d5fd263903cbf630f9c58ecf1cdd0,95dd37982251a6b59779e0eed020e266b54fc88c,,NO,4eb3d4e2262485d48d425be06fd8a6b3adfd8a01a27b28e76b5a8d55958d1d55,PARTIAL_INHERITED_DEFAULTS_NOT_DUMPED,BOUND_BY_SOURCE_CODE,detection|association|Hidden_state,Inherited from the hashed TrackingConfig source; no separate sensitivity claim.,PARTIAL_NO_METHOD_SPECIFIC_SENSITIVITY,FROZEN_BY_PREDICTION_AUTHORITY,Current-main active value. The frozen prediction producer was ac9bda0f7432d56229ede36bbb8fa06167846313; inherited defaults were not preserved as a complete runtime dump.
B1_CURRENT_STANDARD_V2_20260728,detection,causal_hidden_detection_reservation_hold_reserved_reid,false,boolean,INHERITED_DEFAULT_WITH_PROVENANCE,src/pig_behavior/tracking/config.py,52c5f54ad44b6f76a8d143d168bdc942542d5fd263903cbf630f9c58ecf1cdd0,95dd37982251a6b59779e0eed020e266b54fc88c,,NO,4eb3d4e2262485d48d425be06fd8a6b3adfd8a01a27b28e76b5a8d55958d1d55,PARTIAL_INHERITED_DEFAULTS_NOT_DUMPED,BOUND_BY_SOURCE_CODE,detection|Hidden_state,Inherited from the hashed TrackingConfig source; no separate sensitivity claim.,PARTIAL_NO_METHOD_SPECIFIC_SENSITIVITY,FROZEN_BY_PREDICTION_AUTHORITY,Current-main active value. The frozen prediction producer was ac9bda0f7432d56229ede36bbb8fa06167846313; inherited defaults were not preserved as a complete runtime dump.
B1_CURRENT_STANDARD_V2_20260728,detection,causal_hidden_detection_reservation_max_alternative_cost,0.78,unitless,INHERITED_DEFAULT_WITH_PROVENANCE,src/pig_behavior/tracking/config.py,52c5f54ad44b6f76a8d143d168bdc942542d5fd263903cbf630f9c58ecf1cdd0,95dd37982251a6b59779e0eed020e266b54fc88c,,NO,4eb3d4e2262485d48d425be06fd8a6b3adfd8a01a27b28e76b5a8d55958d1d55,PARTIAL_INHERITED_DEFAULTS_NOT_DUMPED,BOUND_BY_SOURCE_CODE,detection|association|Hidden_state,Inherited from the hashed TrackingConfig source; no separate sensitivity claim.,PARTIAL_NO_METHOD_SPECIFIC_SENSITIVITY,FROZEN_BY_PREDICTION_AUTHORITY,Current-main active value. The frozen prediction producer was ac9bda0f7432d56229ede36bbb8fa06167846313; inherited defaults were not preserved as a complete runtime dump.
B1_CURRENT_STANDARD_V2_20260728,detection,causal_hidden_detection_reservation_max_center_distance,0.09,unitless,INHERITED_DEFAULT_WITH_PROVENANCE,src/pig_behavior/tracking/config.py,52c5f54ad44b6f76a8d143d168bdc942542d5fd263903cbf630f9c58ecf1cdd0,95dd37982251a6b59779e0eed020e266b54fc88c,,NO,4eb3d4e2262485d48d425be06fd8a6b3adfd8a01a27b28e76b5a8d55958d1d55,PARTIAL_INHERITED_DEFAULTS_NOT_DUMPED,BOUND_BY_SOURCE_CODE,detection|Hidden_state,Inherited from the hashed TrackingConfig source; no separate sensitivity claim.,PARTIAL_NO_METHOD_SPECIFIC_SENSITIVITY,FROZEN_BY_PREDICTION_AUTHORITY,Current-main active value. The frozen prediction producer was ac9bda0f7432d56229ede36bbb8fa06167846313; inherited defaults were not preserved as a complete runtime dump.
B1_CURRENT_STANDARD_V2_20260728,detection,causal_hidden_detection_reservation_max_claim_cost,0.25,unitless,INHERITED_DEFAULT_WITH_PROVENANCE,src/pig_behavior/tracking/config.py,52c5f54ad44b6f76a8d143d168bdc942542d5fd263903cbf630f9c58ecf1cdd0,95dd37982251a6b59779e0eed020e266b54fc88c,,NO,4eb3d4e2262485d48d425be06fd8a6b3adfd8a01a27b28e76b5a8d55958d1d55,PARTIAL_INHERITED_DEFAULTS_NOT_DUMPED,BOUND_BY_SOURCE_CODE,detection|association|Hidden_state,Inherited from the hashed TrackingConfig source; no separate sensitivity claim.,PARTIAL_NO_METHOD_SPECIFIC_SENSITIVITY,FROZEN_BY_PREDICTION_AUTHORITY,Current-main active value. The frozen prediction producer was ac9bda0f7432d56229ede36bbb8fa06167846313; inherited defaults were not preserved as a complete runtime dump.
B1_CURRENT_STANDARD_V2_20260728,detection,causal_hidden_detection_reservation_max_missed,5,frames,INHERITED_DEFAULT_WITH_PROVENANCE,src/pig_behavior/tracking/config.py,52c5f54ad44b6f76a8d143d168bdc942542d5fd263903cbf630f9c58ecf1cdd0,95dd37982251a6b59779e0eed020e266b54fc88c,,NO,4eb3d4e2262485d48d425be06fd8a6b3adfd8a01a27b28e76b5a8d55958d1d55,PARTIAL_INHERITED_DEFAULTS_NOT_DUMPED,BOUND_BY_SOURCE_CODE,detection|lifecycle|Hidden_state,Inherited from the hashed TrackingConfig source; no separate sensitivity claim.,PARTIAL_NO_METHOD_SPECIFIC_SENSITIVITY,FROZEN_BY_PREDICTION_AUTHORITY,Current-main active value. The frozen prediction producer was ac9bda0f7432d56229ede36bbb8fa06167846313; inherited defaults were not preserved as a complete runtime dump.
B1_CURRENT_STANDARD_V2_20260728,detection,causal_hidden_detection_reservation_min_gain,0.08,unitless,INHERITED_DEFAULT_WITH_PROVENANCE,src/pig_behavior/tracking/config.py,52c5f54ad44b6f76a8d143d168bdc942542d5fd263903cbf630f9c58ecf1cdd0,95dd37982251a6b59779e0eed020e266b54fc88c,,NO,4eb3d4e2262485d48d425be06fd8a6b3adfd8a01a27b28e76b5a8d55958d1d55,PARTIAL_INHERITED_DEFAULTS_NOT_DUMPED,BOUND_BY_SOURCE_CODE,detection|Hidden_state,Inherited from the hashed TrackingConfig source; no separate sensitivity claim.,PARTIAL_NO_METHOD_SPECIFIC_SENSITIVITY,FROZEN_BY_PREDICTION_AUTHORITY,Current-main active value. The frozen prediction producer was ac9bda0f7432d56229ede36bbb8fa06167846313; inherited defaults were not preserved as a complete runtime dump.
B1_CURRENT_STANDARD_V2_20260728,detection,causal_hidden_detection_reservation_min_iom,0.55,unitless,INHERITED_DEFAULT_WITH_PROVENANCE,src/pig_behavior/tracking/config.py,52c5f54ad44b6f76a8d143d168bdc942542d5fd263903cbf630f9c58ecf1cdd0,95dd37982251a6b59779e0eed020e266b54fc88c,,NO,4eb3d4e2262485d48d425be06fd8a6b3adfd8a01a27b28e76b5a8d55958d1d55,PARTIAL_INHERITED_DEFAULTS_NOT_DUMPED,BOUND_BY_SOURCE_CODE,detection|Hidden_state,Inherited from the hashed TrackingConfig source; no separate sensitivity claim.,PARTIAL_NO_METHOD_SPECIFIC_SENSITIVITY,FROZEN_BY_PREDICTION_AUTHORITY,Current-main active value. The frozen prediction producer was ac9bda0f7432d56229ede36bbb8fa06167846313; inherited defaults were not preserved as a complete runtime dump.
B1_CURRENT_STANDARD_V2_20260728,detection,class_id,null,not applicable,DATA_SCHEMA_CONSTRAINT,src/pig_behavior/tracking/config.py,52c5f54ad44b6f76a8d143d168bdc942542d5fd263903cbf630f9c58ecf1cdd0,95dd37982251a6b59779e0eed020e266b54fc88c,,NO,4eb3d4e2262485d48d425be06fd8a6b3adfd8a01a27b28e76b5a8d55958d1d55,PARTIAL_INHERITED_DEFAULTS_NOT_DUMPED,BOUND_BY_SOURCE_CODE,detection,Bound to the repository data/cache/export schema.,SUFFICIENT,FROZEN_BY_PREDICTION_AUTHORITY,Current-main active value. The frozen prediction producer was ac9bda0f7432d56229ede36bbb8fa06167846313; inherited defaults were not preserved as a complete runtime dump.
B1_CURRENT_STANDARD_V2_20260728,engineering_or_indirect,clean_coco_annotations_json,null,not applicable,INHERITED_DEFAULT_WITH_PROVENANCE,src/pig_behavior/tracking/config.py,52c5f54ad44b6f76a8d143d168bdc942542d5fd263903cbf630f9c58ecf1cdd0,95dd37982251a6b59779e0eed020e266b54fc88c,,NO,4eb3d4e2262485d48d425be06fd8a6b3adfd8a01a27b28e76b5a8d55958d1d55,PARTIAL_INHERITED_DEFAULTS_NOT_DUMPED,BOUND_BY_SOURCE_CODE,engineering_or_indirect,Inherited from the hashed TrackingConfig source; no separate sensitivity claim.,PARTIAL_NO_METHOD_SPECIFIC_SENSITIVITY,FROZEN_BY_PREDICTION_AUTHORITY,Current-main active value. The frozen prediction producer was ac9bda0f7432d56229ede36bbb8fa06167846313; inherited defaults were not preserved as a complete runtime dump.
B1_CURRENT_STANDARD_V2_20260728,engineering_or_indirect,coco_annotations_json,null,not applicable,INHERITED_DEFAULT_WITH_PROVENANCE,src/pig_behavior/tracking/config.py,52c5f54ad44b6f76a8d143d168bdc942542d5fd263903cbf630f9c58ecf1cdd0,95dd37982251a6b59779e0eed020e266b54fc88c,,NO,4eb3d4e2262485d48d425be06fd8a6b3adfd8a01a27b28e76b5a8d55958d1d55,PARTIAL_INHERITED_DEFAULTS_NOT_DUMPED,BOUND_BY_SOURCE_CODE,engineering_or_indirect,Inherited from the hashed TrackingConfig source; no separate sensitivity claim.,PARTIAL_NO_METHOD_SPECIFIC_SENSITIVITY,FROZEN_BY_PREDICTION_AUTHORITY,Current-main active value. The frozen prediction producer was ac9bda0f7432d56229ede36bbb8fa06167846313; inherited defaults were not preserved as a complete runtime dump.
B1_CURRENT_STANDARD_V2_20260728,engineering_or_indirect,conf,null,not applicable,INHERITED_DEFAULT_WITH_PROVENANCE,src/pig_behavior/tracking/config.py,52c5f54ad44b6f76a8d143d168bdc942542d5fd263903cbf630f9c58ecf1cdd0,95dd37982251a6b59779e0eed020e266b54fc88c,,NO,4eb3d4e2262485d48d425be06fd8a6b3adfd8a01a27b28e76b5a8d55958d1d55,PARTIAL_INHERITED_DEFAULTS_NOT_DUMPED,BOUND_BY_SOURCE_CODE,engineering_or_indirect,Inherited from the hashed TrackingConfig source; no separate sensitivity claim.,PARTIAL_NO_METHOD_SPECIFIC_SENSITIVITY,FROZEN_BY_PREDICTION_AUTHORITY,Current-main active value. The frozen prediction producer was ac9bda0f7432d56229ede36bbb8fa06167846313; inherited defaults were not preserved as a complete runtime dump.
B1_CURRENT_STANDARD_V2_20260728,runtime,cvat_video_xml,null,not applicable,INHERITED_DEFAULT_WITH_PROVENANCE,src/pig_behavior/tracking/config.py,52c5f54ad44b6f76a8d143d168bdc942542d5fd263903cbf630f9c58ecf1cdd0,95dd37982251a6b59779e0eed020e266b54fc88c,,NO,4eb3d4e2262485d48d425be06fd8a6b3adfd8a01a27b28e76b5a8d55958d1d55,PARTIAL_INHERITED_DEFAULTS_NOT_DUMPED,BOUND_BY_SOURCE_CODE,runtime,Inherited from the hashed TrackingConfig source; no separate sensitivity claim.,PARTIAL_NO_METHOD_SPECIFIC_SENSITIVITY,FROZEN_BY_PREDICTION_AUTHORITY,Current-main active value. The frozen prediction producer was ac9bda0f7432d56229ede36bbb8fa06167846313; inherited defaults were not preserved as a complete runtime dump.
B1_CURRENT_STANDARD_V2_20260728,engineering_or_indirect,default_behavior,"""lying""",categorical/path,INHERITED_DEFAULT_WITH_PROVENANCE,src/pig_behavior/tracking/config.py,52c5f54ad44b6f76a8d143d168bdc942542d5fd263903cbf630f9c58ecf1cdd0,95dd37982251a6b59779e0eed020e266b54fc88c,,NO,4eb3d4e2262485d48d425be06fd8a6b3adfd8a01a27b28e76b5a8d55958d1d55,PARTIAL_INHERITED_DEFAULTS_NOT_DUMPED,BOUND_BY_SOURCE_CODE,engineering_or_indirect,Inherited from the hashed TrackingConfig source; no separate sensitivity claim.,PARTIAL_NO_METHOD_SPECIFIC_SENSITIVITY,FROZEN_BY_PREDICTION_AUTHORITY,Current-main active value. The frozen prediction producer was ac9bda0f7432d56229ede36bbb8fa06167846313; inherited defaults were not preserved as a complete runtime dump.
B1_CURRENT_STANDARD_V2_20260728,detection,det_conf,0.2,unitless ratio,PREDECLARED_DEVELOPMENT_SELECTION,src/pig_behavior/tracking/profiles/hybrid_bytetrack.py,b3c63faffa705915e2e9e9b7823068af229ceedd9b263a68579e7d7b384500e6,95dd37982251a6b59779e0eed020e266b54fc88c,0.2,YES,4eb3d4e2262485d48d425be06fd8a6b3adfd8a01a27b28e76b5a8d55958d1d55,YES_PROFILE_OVERRIDE_ONLY,BOUND_BY_EFFECTIVE_CONFIG,detection,Profile override frozen by a development authority before its authority run.,SUFFICIENT_WITH_DEVELOPMENT_SCOPE_LIMITATION,FROZEN_BY_PREDICTION_AUTHORITY,Current-main active value. The frozen prediction producer was ac9bda0f7432d56229ede36bbb8fa06167846313; inherited defaults were not preserved as a complete runtime dump.
B1_CURRENT_STANDARD_V2_20260728,detection,detect_every_n_frames,1,frames,INHERITED_DEFAULT_WITH_PROVENANCE,src/pig_behavior/tracking/config.py,52c5f54ad44b6f76a8d143d168bdc942542d5fd263903cbf630f9c58ecf1cdd0,95dd37982251a6b59779e0eed020e266b54fc88c,,NO,4eb3d4e2262485d48d425be06fd8a6b3adfd8a01a27b28e76b5a8d55958d1d55,PARTIAL_INHERITED_DEFAULTS_NOT_DUMPED,BOUND_BY_SOURCE_CODE,detection|runtime,Inherited from the hashed TrackingConfig source; no separate sensitivity claim.,PARTIAL_NO_METHOD_SPECIFIC_SENSITIVITY,FROZEN_BY_PREDICTION_AUTHORITY,Current-main active value. The frozen prediction producer was ac9bda0f7432d56229ede36bbb8fa06167846313; inherited defaults were not preserved as a complete runtime dump.
B1_CURRENT_STANDARD_V2_20260728,runtime,device,null,not applicable,HARDWARE_OR_RUNTIME_CONSTRAINT,src/pig_behavior/tracking/config.py,52c5f54ad44b6f76a8d143d168bdc942542d5fd263903cbf630f9c58ecf1cdd0,95dd37982251a6b59779e0eed020e266b54fc88c,,NO,4eb3d4e2262485d48d425be06fd8a6b3adfd8a01a27b28e76b5a8d55958d1d55,PARTIAL_INHERITED_DEFAULTS_NOT_DUMPED,BOUND_BY_SOURCE_CODE,runtime,Execution/safety constraint rather than a quality claim.,SUFFICIENT,FROZEN_BY_PREDICTION_AUTHORITY,Current-main active value. The frozen prediction producer was ac9bda0f7432d56229ede36bbb8fa06167846313; inherited defaults were not preserved as a complete runtime dump.
B1_CURRENT_STANDARD_V2_20260728,engineering_or_indirect,directional_y_margin_px,5.0,unitless,INHERITED_DEFAULT_WITH_PROVENANCE,src/pig_behavior/tracking/config.py,52c5f54ad44b6f76a8d143d168bdc942542d5fd263903cbf630f9c58ecf1cdd0,95dd37982251a6b59779e0eed020e266b54fc88c,,NO,4eb3d4e2262485d48d425be06fd8a6b3adfd8a01a27b28e76b5a8d55958d1d55,PARTIAL_INHERITED_DEFAULTS_NOT_DUMPED,BOUND_BY_SOURCE_CODE,engineering_or_indirect,Inherited from the hashed TrackingConfig source; no separate sensitivity claim.,PARTIAL_NO_METHOD_SPECIFIC_SENSITIVITY,FROZEN_BY_PREDICTION_AUTHORITY,Current-main active value. The frozen prediction producer was ac9bda0f7432d56229ede36bbb8fa06167846313; inherited defaults were not preserved as a complete runtime dump.
B1_CURRENT_STANDARD_V2_20260728,engineering_or_indirect,directional_y_penalty_weight,0.12,unitless,INHERITED_DEFAULT_WITH_PROVENANCE,src/pig_behavior/tracking/config.py,52c5f54ad44b6f76a8d143d168bdc942542d5fd263903cbf630f9c58ecf1cdd0,95dd37982251a6b59779e0eed020e266b54fc88c,,NO,4eb3d4e2262485d48d425be06fd8a6b3adfd8a01a27b28e76b5a8d55958d1d55,PARTIAL_INHERITED_DEFAULTS_NOT_DUMPED,BOUND_BY_SOURCE_CODE,engineering_or_indirect,Inherited from the hashed TrackingConfig source; no separate sensitivity claim.,PARTIAL_NO_METHOD_SPECIFIC_SENSITIVITY,FROZEN_BY_PREDICTION_AUTHORITY,Current-main active value. The frozen prediction producer was ac9bda0f7432d56229ede36bbb8fa06167846313; inherited defaults were not preserved as a complete runtime dump.
B1_CURRENT_STANDARD_V2_20260728,engineering_or_indirect,directional_y_prior,true,boolean,INHERITED_DEFAULT_WITH_PROVENANCE,src/pig_behavior/tracking/config.py,52c5f54ad44b6f76a8d143d168bdc942542d5fd263903cbf630f9c58ecf1cdd0,95dd37982251a6b59779e0eed020e266b54fc88c,,NO,4eb3d4e2262485d48d425be06fd8a6b3adfd8a01a27b28e76b5a8d55958d1d55,PARTIAL_INHERITED_DEFAULTS_NOT_DUMPED,BOUND_BY_SOURCE_CODE,engineering_or_indirect,Inherited from the hashed TrackingConfig source; no separate sensitivity claim.,PARTIAL_NO_METHOD_SPECIFIC_SENSITIVITY,FROZEN_BY_PREDICTION_AUTHORITY,Current-main active value. The frozen prediction producer was ac9bda0f7432d56229ede36bbb8fa06167846313; inherited defaults were not preserved as a complete runtime dump.
B1_CURRENT_STANDARD_V2_20260728,engineering_or_indirect,directional_y_velocity_epsilon_px,3.0,unitless,INHERITED_DEFAULT_WITH_PROVENANCE,src/pig_behavior/tracking/config.py,52c5f54ad44b6f76a8d143d168bdc942542d5fd263903cbf630f9c58ecf1cdd0,95dd37982251a6b59779e0eed020e266b54fc88c,,NO,4eb3d4e2262485d48d425be06fd8a6b3adfd8a01a27b28e76b5a8d55958d1d55,PARTIAL_INHERITED_DEFAULTS_NOT_DUMPED,BOUND_BY_SOURCE_CODE,engineering_or_indirect,Inherited from the hashed TrackingConfig source; no separate sensitivity claim.,PARTIAL_NO_METHOD_SPECIFIC_SENSITIVITY,FROZEN_BY_PREDICTION_AUTHORITY,Current-main active value. The frozen prediction producer was ac9bda0f7432d56229ede36bbb8fa06167846313; inherited defaults were not preserved as a complete runtime dump.
B1_CURRENT_STANDARD_V2_20260728,engineering_or_indirect,display_inline,false,boolean,INHERITED_DEFAULT_WITH_PROVENANCE,src/pig_behavior/tracking/config.py,52c5f54ad44b6f76a8d143d168bdc942542d5fd263903cbf630f9c58ecf1cdd0,95dd37982251a6b59779e0eed020e266b54fc88c,,NO,4eb3d4e2262485d48d425be06fd8a6b3adfd8a01a27b28e76b5a8d55958d1d55,PARTIAL_INHERITED_DEFAULTS_NOT_DUMPED,BOUND_BY_SOURCE_CODE,engineering_or_indirect,Inherited from the hashed TrackingConfig source; no separate sensitivity claim.,PARTIAL_NO_METHOD_SPECIFIC_SENSITIVITY,FROZEN_BY_PREDICTION_AUTHORITY,Current-main active value. The frozen prediction producer was ac9bda0f7432d56229ede36bbb8fa06167846313; inherited defaults were not preserved as a complete runtime dump.
B1_CURRENT_STANDARD_V2_20260728,detection,draw_mask_outline,true,boolean,INHERITED_DEFAULT_WITH_PROVENANCE,src/pig_behavior/tracking/config.py,52c5f54ad44b6f76a8d143d168bdc942542d5fd263903cbf630f9c58ecf1cdd0,95dd37982251a6b59779e0eed020e266b54fc88c,,NO,4eb3d4e2262485d48d425be06fd8a6b3adfd8a01a27b28e76b5a8d55958d1d55,PARTIAL_INHERITED_DEFAULTS_NOT_DUMPED,BOUND_BY_SOURCE_CODE,detection,Inherited from the hashed TrackingConfig source; no separate sensitivity claim.,PARTIAL_NO_METHOD_SPECIFIC_SENSITIVITY,FROZEN_BY_PREDICTION_AUTHORITY,Current-main active value. The frozen prediction producer was ac9bda0f7432d56229ede36bbb8fa06167846313; inherited defaults were not preserved as a complete runtime dump.
B1_CURRENT_STANDARD_V2_20260728,engineering_or_indirect,dup_area_ratio_threshold,0.8,unitless,INHERITED_DEFAULT_WITH_PROVENANCE,src/pig_behavior/tracking/config.py,52c5f54ad44b6f76a8d143d168bdc942542d5fd263903cbf630f9c58ecf1cdd0,95dd37982251a6b59779e0eed020e266b54fc88c,,NO,4eb3d4e2262485d48d425be06fd8a6b3adfd8a01a27b28e76b5a8d55958d1d55,PARTIAL_INHERITED_DEFAULTS_NOT_DUMPED,BOUND_BY_SOURCE_CODE,engineering_or_indirect,Inherited from the hashed TrackingConfig source; no separate sensitivity claim.,PARTIAL_NO_METHOD_SPECIFIC_SENSITIVITY,FROZEN_BY_PREDICTION_AUTHORITY,Current-main active value. The frozen prediction producer was ac9bda0f7432d56229ede36bbb8fa06167846313; inherited defaults were not preserved as a complete runtime dump.
B1_CURRENT_STANDARD_V2_20260728,engineering_or_indirect,dup_center_threshold,0.35,unitless,INHERITED_DEFAULT_WITH_PROVENANCE,src/pig_behavior/tracking/config.py,52c5f54ad44b6f76a8d143d168bdc942542d5fd263903cbf630f9c58ecf1cdd0,95dd37982251a6b59779e0eed020e266b54fc88c,,NO,4eb3d4e2262485d48d425be06fd8a6b3adfd8a01a27b28e76b5a8d55958d1d55,PARTIAL_INHERITED_DEFAULTS_NOT_DUMPED,BOUND_BY_SOURCE_CODE,engineering_or_indirect,Inherited from the hashed TrackingConfig source; no separate sensitivity claim.,PARTIAL_NO_METHOD_SPECIFIC_SENSITIVITY,FROZEN_BY_PREDICTION_AUTHORITY,Current-main active value. The frozen prediction producer was ac9bda0f7432d56229ede36bbb8fa06167846313; inherited defaults were not preserved as a complete runtime dump.
B1_CURRENT_STANDARD_V2_20260728,engineering_or_indirect,dup_containment_threshold,0.85,unitless,INHERITED_DEFAULT_WITH_PROVENANCE,src/pig_behavior/tracking/config.py,52c5f54ad44b6f76a8d143d168bdc942542d5fd263903cbf630f9c58ecf1cdd0,95dd37982251a6b59779e0eed020e266b54fc88c,,NO,4eb3d4e2262485d48d425be06fd8a6b3adfd8a01a27b28e76b5a8d55958d1d55,PARTIAL_INHERITED_DEFAULTS_NOT_DUMPED,BOUND_BY_SOURCE_CODE,engineering_or_indirect,Inherited from the hashed TrackingConfig source; no separate sensitivity claim.,PARTIAL_NO_METHOD_SPECIFIC_SENSITIVITY,FROZEN_BY_PREDICTION_AUTHORITY,Current-main active value. The frozen prediction producer was ac9bda0f7432d56229ede36bbb8fa06167846313; inherited defaults were not preserved as a complete runtime dump.
B1_CURRENT_STANDARD_V2_20260728,association,dup_iou_threshold,0.6,unitless ratio,INHERITED_DEFAULT_WITH_PROVENANCE,src/pig_behavior/tracking/config.py,52c5f54ad44b6f76a8d143d168bdc942542d5fd263903cbf630f9c58ecf1cdd0,95dd37982251a6b59779e0eed020e266b54fc88c,,NO,4eb3d4e2262485d48d425be06fd8a6b3adfd8a01a27b28e76b5a8d55958d1d55,PARTIAL_INHERITED_DEFAULTS_NOT_DUMPED,BOUND_BY_SOURCE_CODE,association,Inherited from the hashed TrackingConfig source; no separate sensitivity claim.,PARTIAL_NO_METHOD_SPECIFIC_SENSITIVITY,FROZEN_BY_PREDICTION_AUTHORITY,Current-main active value. The frozen prediction producer was ac9bda0f7432d56229ede36bbb8fa06167846313; inherited defaults were not preserved as a complete runtime dump.
B1_CURRENT_STANDARD_V2_20260728,Hidden_state,emit_hidden_tracks,true,boolean,INHERITED_DEFAULT_WITH_PROVENANCE,src/pig_behavior/tracking/config.py,52c5f54ad44b6f76a8d143d168bdc942542d5fd263903cbf630f9c58ecf1cdd0,95dd37982251a6b59779e0eed020e266b54fc88c,,NO,4eb3d4e2262485d48d425be06fd8a6b3adfd8a01a27b28e76b5a8d55958d1d55,PARTIAL_INHERITED_DEFAULTS_NOT_DUMPED,BOUND_BY_SOURCE_CODE,Hidden_state,Inherited from the hashed TrackingConfig source; no separate sensitivity claim.,PARTIAL_NO_METHOD_SPECIFIC_SENSITIVITY,FROZEN_BY_PREDICTION_AUTHORITY,Current-main active value. The frozen prediction producer was ac9bda0f7432d56229ede36bbb8fa06167846313; inherited defaults were not preserved as a complete runtime dump.
B1_CURRENT_STANDARD_V2_20260728,bbox_geometry,enable_offline_smoothing,true,boolean,PREDECLARED_DEVELOPMENT_SELECTION,src/pig_behavior/tracking/profiles/hybrid_bytetrack.py,b3c63faffa705915e2e9e9b7823068af229ceedd9b263a68579e7d7b384500e6,95dd37982251a6b59779e0eed020e266b54fc88c,true,YES,4eb3d4e2262485d48d425be06fd8a6b3adfd8a01a27b28e76b5a8d55958d1d55,YES_PROFILE_OVERRIDE_ONLY,BOUND_BY_EFFECTIVE_CONFIG,bbox_geometry,Profile override frozen by a development authority before its authority run.,SUFFICIENT_WITH_DEVELOPMENT_SCOPE_LIMITATION,FROZEN_BY_PREDICTION_AUTHORITY,Current-main active value. The frozen prediction producer was ac9bda0f7432d56229ede36bbb8fa06167846313; inherited defaults were not preserved as a complete runtime dump.
B1_CURRENT_STANDARD_V2_20260728,identity_repair,episode_pair_swap_anchor_window_frames,8,frames,INHERITED_DEFAULT_WITH_PROVENANCE,src/pig_behavior/tracking/config.py,52c5f54ad44b6f76a8d143d168bdc942542d5fd263903cbf630f9c58ecf1cdd0,95dd37982251a6b59779e0eed020e266b54fc88c,,NO,4eb3d4e2262485d48d425be06fd8a6b3adfd8a01a27b28e76b5a8d55958d1d55,PARTIAL_INHERITED_DEFAULTS_NOT_DUMPED,BOUND_BY_SOURCE_CODE,identity_repair|runtime,Inherited from the hashed TrackingConfig source; no separate sensitivity claim.,PARTIAL_NO_METHOD_SPECIFIC_SENSITIVITY,FROZEN_BY_PREDICTION_AUTHORITY,Current-main active value. The frozen prediction producer was ac9bda0f7432d56229ede36bbb8fa06167846313; inherited defaults were not preserved as a complete runtime dump.
B1_CURRENT_STANDARD_V2_20260728,identity_repair,episode_pair_swap_max_frames,12,frames,HARDWARE_OR_RUNTIME_CONSTRAINT,src/pig_behavior/tracking/config.py,52c5f54ad44b6f76a8d143d168bdc942542d5fd263903cbf630f9c58ecf1cdd0,95dd37982251a6b59779e0eed020e266b54fc88c,,NO,4eb3d4e2262485d48d425be06fd8a6b3adfd8a01a27b28e76b5a8d55958d1d55,PARTIAL_INHERITED_DEFAULTS_NOT_DUMPED,BOUND_BY_SOURCE_CODE,identity_repair|runtime,Execution/safety constraint rather than a quality claim.,SUFFICIENT,FROZEN_BY_PREDICTION_AUTHORITY,Current-main active value. The frozen prediction producer was ac9bda0f7432d56229ede36bbb8fa06167846313; inherited defaults were not preserved as a complete runtime dump.
B1_CURRENT_STANDARD_V2_20260728,identity_repair,episode_pair_swap_min_motion_gain,0.1,unitless,INHERITED_DEFAULT_WITH_PROVENANCE,src/pig_behavior/tracking/config.py,52c5f54ad44b6f76a8d143d168bdc942542d5fd263903cbf630f9c58ecf1cdd0,95dd37982251a6b59779e0eed020e266b54fc88c,,NO,4eb3d4e2262485d48d425be06fd8a6b3adfd8a01a27b28e76b5a8d55958d1d55,PARTIAL_INHERITED_DEFAULTS_NOT_DUMPED,BOUND_BY_SOURCE_CODE,identity_repair,Inherited from the hashed TrackingConfig source; no separate sensitivity claim.,PARTIAL_NO_METHOD_SPECIFIC_SENSITIVITY,FROZEN_BY_PREDICTION_AUTHORITY,Current-main active value. The frozen prediction producer was ac9bda0f7432d56229ede36bbb8fa06167846313; inherited defaults were not preserved as a complete runtime dump.
B1_CURRENT_STANDARD_V2_20260728,association,episode_pair_swap_min_overlap_iou,0.2,unitless ratio,INHERITED_DEFAULT_WITH_PROVENANCE,src/pig_behavior/tracking/config.py,52c5f54ad44b6f76a8d143d168bdc942542d5fd263903cbf630f9c58ecf1cdd0,95dd37982251a6b59779e0eed020e266b54fc88c,,NO,4eb3d4e2262485d48d425be06fd8a6b3adfd8a01a27b28e76b5a8d55958d1d55,PARTIAL_INHERITED_DEFAULTS_NOT_DUMPED,BOUND_BY_SOURCE_CODE,association|identity_repair,Inherited from the hashed TrackingConfig source; no separate sensitivity claim.,PARTIAL_NO_METHOD_SPECIFIC_SENSITIVITY,FROZEN_BY_PREDICTION_AUTHORITY,Current-main active value. The frozen prediction producer was ac9bda0f7432d56229ede36bbb8fa06167846313; inherited defaults were not preserved as a complete runtime dump.
B1_CURRENT_STANDARD_V2_20260728,identity_repair,episode_pair_swap_repair,false,boolean,INHERITED_DEFAULT_WITH_PROVENANCE,src/pig_behavior/tracking/config.py,52c5f54ad44b6f76a8d143d168bdc942542d5fd263903cbf630f9c58ecf1cdd0,95dd37982251a6b59779e0eed020e266b54fc88c,,NO,4eb3d4e2262485d48d425be06fd8a6b3adfd8a01a27b28e76b5a8d55958d1d55,PARTIAL_INHERITED_DEFAULTS_NOT_DUMPED,BOUND_BY_SOURCE_CODE,identity_repair,Inherited from the hashed TrackingConfig source; no separate sensitivity claim.,PARTIAL_NO_METHOD_SPECIFIC_SENSITIVITY,FROZEN_BY_PREDICTION_AUTHORITY,Current-main active value. The frozen prediction producer was ac9bda0f7432d56229ede36bbb8fa06167846313; inherited defaults were not preserved as a complete runtime dump.
B1_CURRENT_STANDARD_V2_20260728,engineering_or_indirect,expected_pigs,8,count,ORIGINAL_METHOD_SPECIFICATION,src/pig_behavior/tracking/config.py,52c5f54ad44b6f76a8d143d168bdc942542d5fd263903cbf630f9c58ecf1cdd0,95dd37982251a6b59779e0eed020e266b54fc88c,,NO,4eb3d4e2262485d48d425be06fd8a6b3adfd8a01a27b28e76b5a8d55958d1d55,PARTIAL_INHERITED_DEFAULTS_NOT_DUMPED,BOUND_BY_SOURCE_CODE,engineering_or_indirect,Defines the method family or locked eight-animal task.,SUFFICIENT,FROZEN_BY_PREDICTION_AUTHORITY,Current-main active value. The frozen prediction producer was ac9bda0f7432d56229ede36bbb8fa06167846313; inherited defaults were not preserved as a complete runtime dump.
B1_CURRENT_STANDARD_V2_20260728,Hidden_state,far_camera_hidden_geometry_max_center_shift,0.12,unitless,PREDECLARED_DEVELOPMENT_SELECTION,src/pig_behavior/tracking/profiles/hybrid_bytetrack.py,b3c63faffa705915e2e9e9b7823068af229ceedd9b263a68579e7d7b384500e6,95dd37982251a6b59779e0eed020e266b54fc88c,0.12,YES,4eb3d4e2262485d48d425be06fd8a6b3adfd8a01a27b28e76b5a8d55958d1d55,YES_PROFILE_OVERRIDE_ONLY,BOUND_BY_EFFECTIVE_CONFIG,Hidden_state|bbox_geometry,Profile override frozen by a development authority before its authority run.,SUFFICIENT_WITH_DEVELOPMENT_SCOPE_LIMITATION,FROZEN_BY_PREDICTION_AUTHORITY,Current-main active value. The frozen prediction producer was ac9bda0f7432d56229ede36bbb8fa06167846313; inherited defaults were not preserved as a complete runtime dump.
B1_CURRENT_STANDARD_V2_20260728,Hidden_state,far_camera_hidden_geometry_max_future_gap_frames,15,frames,PREDECLARED_DEVELOPMENT_SELECTION,src/pig_behavior/tracking/profiles/hybrid_bytetrack.py,b3c63faffa705915e2e9e9b7823068af229ceedd9b263a68579e7d7b384500e6,95dd37982251a6b59779e0eed020e266b54fc88c,15,YES,4eb3d4e2262485d48d425be06fd8a6b3adfd8a01a27b28e76b5a8d55958d1d55,YES_PROFILE_OVERRIDE_ONLY,BOUND_BY_EFFECTIVE_CONFIG,Hidden_state|bbox_geometry|runtime,Profile override frozen by a development authority before its authority run.,SUFFICIENT_WITH_DEVELOPMENT_SCOPE_LIMITATION,FROZEN_BY_PREDICTION_AUTHORITY,Current-main active value. The frozen prediction producer was ac9bda0f7432d56229ede36bbb8fa06167846313; inherited defaults were not preserved as a complete runtime dump.
B1_CURRENT_STANDARD_V2_20260728,Hidden_state,far_camera_hidden_geometry_min_height_excess,0.15,unitless,PREDECLARED_DEVELOPMENT_SELECTION,src/pig_behavior/tracking/profiles/hybrid_bytetrack.py,b3c63faffa705915e2e9e9b7823068af229ceedd9b263a68579e7d7b384500e6,95dd37982251a6b59779e0eed020e266b54fc88c,0.15,YES,4eb3d4e2262485d48d425be06fd8a6b3adfd8a01a27b28e76b5a8d55958d1d55,YES_PROFILE_OVERRIDE_ONLY,BOUND_BY_EFFECTIVE_CONFIG,Hidden_state|bbox_geometry,Profile override frozen by a development authority before its authority run.,SUFFICIENT_WITH_DEVELOPMENT_SCOPE_LIMITATION,FROZEN_BY_PREDICTION_AUTHORITY,Current-main active value. The frozen prediction producer was ac9bda0f7432d56229ede36bbb8fa06167846313; inherited defaults were not preserved as a complete runtime dump.
B1_CURRENT_STANDARD_V2_20260728,Hidden_state,far_camera_hidden_geometry_min_overlap_reduction,0.1,unitless,PREDECLARED_DEVELOPMENT_SELECTION,src/pig_behavior/tracking/profiles/hybrid_bytetrack.py,b3c63faffa705915e2e9e9b7823068af229ceedd9b263a68579e7d7b384500e6,95dd37982251a6b59779e0eed020e266b54fc88c,0.1,YES,4eb3d4e2262485d48d425be06fd8a6b3adfd8a01a27b28e76b5a8d55958d1d55,YES_PROFILE_OVERRIDE_ONLY,BOUND_BY_EFFECTIVE_CONFIG,Hidden_state|bbox_geometry,Profile override frozen by a development authority before its authority run.,SUFFICIENT_WITH_DEVELOPMENT_SCOPE_LIMITATION,FROZEN_BY_PREDICTION_AUTHORITY,Current-main active value. The frozen prediction producer was ac9bda0f7432d56229ede36bbb8fa06167846313; inherited defaults were not preserved as a complete runtime dump.
B1_CURRENT_STANDARD_V2_20260728,association,far_camera_hidden_geometry_min_visible_overlap_iou,0.65,unitless ratio,PREDECLARED_DEVELOPMENT_SELECTION,src/pig_behavior/tracking/profiles/hybrid_bytetrack.py,b3c63faffa705915e2e9e9b7823068af229ceedd9b263a68579e7d7b384500e6,95dd37982251a6b59779e0eed020e266b54fc88c,0.65,YES,4eb3d4e2262485d48d425be06fd8a6b3adfd8a01a27b28e76b5a8d55958d1d55,YES_PROFILE_OVERRIDE_ONLY,BOUND_BY_EFFECTIVE_CONFIG,association|Hidden_state|bbox_geometry,Profile override frozen by a development authority before its authority run.,SUFFICIENT_WITH_DEVELOPMENT_SCOPE_LIMITATION,FROZEN_BY_PREDICTION_AUTHORITY,Current-main active value. The frozen prediction producer was ac9bda0f7432d56229ede36bbb8fa06167846313; inherited defaults were not preserved as a complete runtime dump.
B1_CURRENT_STANDARD_V2_20260728,Hidden_state,far_camera_hidden_geometry_original_weight,0.1,unitless,PREDECLARED_DEVELOPMENT_SELECTION,src/pig_behavior/tracking/profiles/hybrid_bytetrack.py,b3c63faffa705915e2e9e9b7823068af229ceedd9b263a68579e7d7b384500e6,95dd37982251a6b59779e0eed020e266b54fc88c,0.1,YES,4eb3d4e2262485d48d425be06fd8a6b3adfd8a01a27b28e76b5a8d55958d1d55,YES_PROFILE_OVERRIDE_ONLY,BOUND_BY_EFFECTIVE_CONFIG,Hidden_state|bbox_geometry,Profile override frozen by a development authority before its authority run.,SUFFICIENT_WITH_DEVELOPMENT_SCOPE_LIMITATION,FROZEN_BY_PREDICTION_AUTHORITY,Current-main active value. The frozen prediction producer was ac9bda0f7432d56229ede36bbb8fa06167846313; inherited defaults were not preserved as a complete runtime dump.
B1_CURRENT_STANDARD_V2_20260728,Hidden_state,far_camera_hidden_geometry_refine,true,boolean,PREDECLARED_DEVELOPMENT_SELECTION,src/pig_behavior/tracking/profiles/hybrid_bytetrack.py,b3c63faffa705915e2e9e9b7823068af229ceedd9b263a68579e7d7b384500e6,95dd37982251a6b59779e0eed020e266b54fc88c,true,YES,4eb3d4e2262485d48d425be06fd8a6b3adfd8a01a27b28e76b5a8d55958d1d55,YES_PROFILE_OVERRIDE_ONLY,BOUND_BY_EFFECTIVE_CONFIG,Hidden_state|bbox_geometry,Profile override frozen by a development authority before its authority run.,SUFFICIENT_WITH_DEVELOPMENT_SCOPE_LIMITATION,FROZEN_BY_PREDICTION_AUTHORITY,Current-main active value. The frozen prediction producer was ac9bda0f7432d56229ede36bbb8fa06167846313; inherited defaults were not preserved as a complete runtime dump.
B1_CURRENT_STANDARD_V2_20260728,Hidden_state,far_camera_hidden_geometry_x_threshold,0.67,unitless,PREDECLARED_DEVELOPMENT_SELECTION,src/pig_behavior/tracking/profiles/hybrid_bytetrack.py,b3c63faffa705915e2e9e9b7823068af229ceedd9b263a68579e7d7b384500e6,95dd37982251a6b59779e0eed020e266b54fc88c,0.67,YES,4eb3d4e2262485d48d425be06fd8a6b3adfd8a01a27b28e76b5a8d55958d1d55,YES_PROFILE_OVERRIDE_ONLY,BOUND_BY_EFFECTIVE_CONFIG,Hidden_state|bbox_geometry,Profile override frozen by a development authority before its authority run.,SUFFICIENT_WITH_DEVELOPMENT_SCOPE_LIMITATION,FROZEN_BY_PREDICTION_AUTHORITY,Current-main active value. The frozen prediction producer was ac9bda0f7432d56229ede36bbb8fa06167846313; inherited defaults were not preserved as a complete runtime dump.
B1_CURRENT_STANDARD_V2_20260728,Hidden_state,freeze_identity_in_occlusion,true,boolean,INHERITED_DEFAULT_WITH_PROVENANCE,src/pig_behavior/tracking/config.py,52c5f54ad44b6f76a8d143d168bdc942542d5fd263903cbf630f9c58ecf1cdd0,95dd37982251a6b59779e0eed020e266b54fc88c,,NO,4eb3d4e2262485d48d425be06fd8a6b3adfd8a01a27b28e76b5a8d55958d1d55,PARTIAL_INHERITED_DEFAULTS_NOT_DUMPED,BOUND_BY_SOURCE_CODE,Hidden_state,Inherited from the hashed TrackingConfig source; no separate sensitivity claim.,PARTIAL_NO_METHOD_SPECIFIC_SENSITIVITY,FROZEN_BY_PREDICTION_AUTHORITY,Current-main active value. The frozen prediction producer was ac9bda0f7432d56229ede36bbb8fa06167846313; inherited defaults were not preserved as a complete runtime dump.
B1_CURRENT_STANDARD_V2_20260728,runtime,half,false,boolean,HARDWARE_OR_RUNTIME_CONSTRAINT,src/pig_behavior/tracking/config.py,52c5f54ad44b6f76a8d143d168bdc942542d5fd263903cbf630f9c58ecf1cdd0,95dd37982251a6b59779e0eed020e266b54fc88c,,NO,4eb3d4e2262485d48d425be06fd8a6b3adfd8a01a27b28e76b5a8d55958d1d55,PARTIAL_INHERITED_DEFAULTS_NOT_DUMPED,BOUND_BY_SOURCE_CODE,runtime,Execution/safety constraint rather than a quality claim.,SUFFICIENT,FROZEN_BY_PREDICTION_AUTHORITY,Current-main active value. The frozen prediction producer was ac9bda0f7432d56229ede36bbb8fa06167846313; inherited defaults were not preserved as a complete runtime dump.
B1_CURRENT_STANDARD_V2_20260728,detection,hard_occlusion_detection_iom_threshold,0.45,unitless,INHERITED_DEFAULT_WITH_PROVENANCE,src/pig_behavior/tracking/config.py,52c5f54ad44b6f76a8d143d168bdc942542d5fd263903cbf630f9c58ecf1cdd0,95dd37982251a6b59779e0eed020e266b54fc88c,,NO,4eb3d4e2262485d48d425be06fd8a6b3adfd8a01a27b28e76b5a8d55958d1d55,PARTIAL_INHERITED_DEFAULTS_NOT_DUMPED,BOUND_BY_SOURCE_CODE,detection|Hidden_state,Inherited from the hashed TrackingConfig source; no separate sensitivity claim.,PARTIAL_NO_METHOD_SPECIFIC_SENSITIVITY,FROZEN_BY_PREDICTION_AUTHORITY,Current-main active value. The frozen prediction producer was ac9bda0f7432d56229ede36bbb8fa06167846313; inherited defaults were not preserved as a complete runtime dump.
B1_CURRENT_STANDARD_V2_20260728,Hidden_state,hard_occlusion_min_frames,2,frames,INHERITED_DEFAULT_WITH_PROVENANCE,src/pig_behavior/tracking/config.py,52c5f54ad44b6f76a8d143d168bdc942542d5fd263903cbf630f9c58ecf1cdd0,95dd37982251a6b59779e0eed020e266b54fc88c,,NO,4eb3d4e2262485d48d425be06fd8a6b3adfd8a01a27b28e76b5a8d55958d1d55,PARTIAL_INHERITED_DEFAULTS_NOT_DUMPED,BOUND_BY_SOURCE_CODE,Hidden_state|runtime,Inherited from the hashed TrackingConfig source; no separate sensitivity claim.,PARTIAL_NO_METHOD_SPECIFIC_SENSITIVITY,FROZEN_BY_PREDICTION_AUTHORITY,Current-main active value. The frozen prediction producer was ac9bda0f7432d56229ede36bbb8fa06167846313; inherited defaults were not preserved as a complete runtime dump.
B1_CURRENT_STANDARD_V2_20260728,Hidden_state,hard_occlusion_recovery_frames,10,frames,INHERITED_DEFAULT_WITH_PROVENANCE,src/pig_behavior/tracking/config.py,52c5f54ad44b6f76a8d143d168bdc942542d5fd263903cbf630f9c58ecf1cdd0,95dd37982251a6b59779e0eed020e266b54fc88c,,NO,4eb3d4e2262485d48d425be06fd8a6b3adfd8a01a27b28e76b5a8d55958d1d55,PARTIAL_INHERITED_DEFAULTS_NOT_DUMPED,BOUND_BY_SOURCE_CODE,Hidden_state|runtime,Inherited from the hashed TrackingConfig source; no separate sensitivity claim.,PARTIAL_NO_METHOD_SPECIFIC_SENSITIVITY,FROZEN_BY_PREDICTION_AUTHORITY,Current-main active value. The frozen prediction producer was ac9bda0f7432d56229ede36bbb8fa06167846313; inherited defaults were not preserved as a complete runtime dump.
B1_CURRENT_STANDARD_V2_20260728,Hidden_state,hard_occlusion_score_threshold,0.65,unitless,INHERITED_DEFAULT_WITH_PROVENANCE,src/pig_behavior/tracking/config.py,52c5f54ad44b6f76a8d143d168bdc942542d5fd263903cbf630f9c58ecf1cdd0,95dd37982251a6b59779e0eed020e266b54fc88c,,NO,4eb3d4e2262485d48d425be06fd8a6b3adfd8a01a27b28e76b5a8d55958d1d55,PARTIAL_INHERITED_DEFAULTS_NOT_DUMPED,BOUND_BY_SOURCE_CODE,Hidden_state,Inherited from the hashed TrackingConfig source; no separate sensitivity claim.,PARTIAL_NO_METHOD_SPECIFIC_SENSITIVITY,FROZEN_BY_PREDICTION_AUTHORITY,Current-main active value. The frozen prediction producer was ac9bda0f7432d56229ede36bbb8fa06167846313; inherited defaults were not preserved as a complete runtime dump.
B1_CURRENT_STANDARD_V2_20260728,Hidden_state,hard_occlusion_track_iom_threshold,0.35,unitless,INHERITED_DEFAULT_WITH_PROVENANCE,src/pig_behavior/tracking/config.py,52c5f54ad44b6f76a8d143d168bdc942542d5fd263903cbf630f9c58ecf1cdd0,95dd37982251a6b59779e0eed020e266b54fc88c,,NO,4eb3d4e2262485d48d425be06fd8a6b3adfd8a01a27b28e76b5a8d55958d1d55,PARTIAL_INHERITED_DEFAULTS_NOT_DUMPED,BOUND_BY_SOURCE_CODE,Hidden_state,Inherited from the hashed TrackingConfig source; no separate sensitivity claim.,PARTIAL_NO_METHOD_SPECIFIC_SENSITIVITY,FROZEN_BY_PREDICTION_AUTHORITY,Current-main active value. The frozen prediction producer was ac9bda0f7432d56229ede36bbb8fa06167846313; inherited defaults were not preserved as a complete runtime dump.
B1_CURRENT_STANDARD_V2_20260728,Hidden_state,hidden_acceleration_alpha,0.35,unitless,INHERITED_DEFAULT_WITH_PROVENANCE,src/pig_behavior/tracking/config.py,52c5f54ad44b6f76a8d143d168bdc942542d5fd263903cbf630f9c58ecf1cdd0,95dd37982251a6b59779e0eed020e266b54fc88c,,NO,4eb3d4e2262485d48d425be06fd8a6b3adfd8a01a27b28e76b5a8d55958d1d55,PARTIAL_INHERITED_DEFAULTS_NOT_DUMPED,BOUND_BY_SOURCE_CODE,Hidden_state|evaluator_only,Inherited from the hashed TrackingConfig source; no separate sensitivity claim.,PARTIAL_NO_METHOD_SPECIFIC_SENSITIVITY,FROZEN_BY_PREDICTION_AUTHORITY,Current-main active value. The frozen prediction producer was ac9bda0f7432d56229ede36bbb8fa06167846313; inherited defaults were not preserved as a complete runtime dump.
B1_CURRENT_STANDARD_V2_20260728,Hidden_state,hidden_max_motion_step_box_scale,1.5,unitless,INHERITED_DEFAULT_WITH_PROVENANCE,src/pig_behavior/tracking/config.py,52c5f54ad44b6f76a8d143d168bdc942542d5fd263903cbf630f9c58ecf1cdd0,95dd37982251a6b59779e0eed020e266b54fc88c,,NO,4eb3d4e2262485d48d425be06fd8a6b3adfd8a01a27b28e76b5a8d55958d1d55,PARTIAL_INHERITED_DEFAULTS_NOT_DUMPED,BOUND_BY_SOURCE_CODE,Hidden_state|bbox_geometry,Inherited from the hashed TrackingConfig source; no separate sensitivity claim.,PARTIAL_NO_METHOD_SPECIFIC_SENSITIVITY,FROZEN_BY_PREDICTION_AUTHORITY,Current-main active value. The frozen prediction producer was ac9bda0f7432d56229ede36bbb8fa06167846313; inherited defaults were not preserved as a complete runtime dump.
B1_CURRENT_STANDARD_V2_20260728,Hidden_state,hidden_min_motion_history,4,count,INHERITED_DEFAULT_WITH_PROVENANCE,src/pig_behavior/tracking/config.py,52c5f54ad44b6f76a8d143d168bdc942542d5fd263903cbf630f9c58ecf1cdd0,95dd37982251a6b59779e0eed020e266b54fc88c,,NO,4eb3d4e2262485d48d425be06fd8a6b3adfd8a01a27b28e76b5a8d55958d1d55,PARTIAL_INHERITED_DEFAULTS_NOT_DUMPED,BOUND_BY_SOURCE_CODE,Hidden_state,Inherited from the hashed TrackingConfig source; no separate sensitivity claim.,PARTIAL_NO_METHOD_SPECIFIC_SENSITIVITY,FROZEN_BY_PREDICTION_AUTHORITY,Current-main active value. The frozen prediction producer was ac9bda0f7432d56229ede36bbb8fa06167846313; inherited defaults were not preserved as a complete runtime dump.
B1_CURRENT_STANDARD_V2_20260728,lifecycle,hidden_missed_frames,5,frames,INHERITED_DEFAULT_WITH_PROVENANCE,src/pig_behavior/tracking/config.py,52c5f54ad44b6f76a8d143d168bdc942542d5fd263903cbf630f9c58ecf1cdd0,95dd37982251a6b59779e0eed020e266b54fc88c,,NO,4eb3d4e2262485d48d425be06fd8a6b3adfd8a01a27b28e76b5a8d55958d1d55,PARTIAL_INHERITED_DEFAULTS_NOT_DUMPED,BOUND_BY_SOURCE_CODE,lifecycle|Hidden_state|runtime,Inherited from the hashed TrackingConfig source; no separate sensitivity claim.,PARTIAL_NO_METHOD_SPECIFIC_SENSITIVITY,FROZEN_BY_PREDICTION_AUTHORITY,Current-main active value. The frozen prediction producer was ac9bda0f7432d56229ede36bbb8fa06167846313; inherited defaults were not preserved as a complete runtime dump.
B1_CURRENT_STANDARD_V2_20260728,Hidden_state,hidden_motion_consistency,0.55,unitless,INHERITED_DEFAULT_WITH_PROVENANCE,src/pig_behavior/tracking/config.py,52c5f54ad44b6f76a8d143d168bdc942542d5fd263903cbf630f9c58ecf1cdd0,95dd37982251a6b59779e0eed020e266b54fc88c,,NO,4eb3d4e2262485d48d425be06fd8a6b3adfd8a01a27b28e76b5a8d55958d1d55,PARTIAL_INHERITED_DEFAULTS_NOT_DUMPED,BOUND_BY_SOURCE_CODE,Hidden_state,Inherited from the hashed TrackingConfig source; no separate sensitivity claim.,PARTIAL_NO_METHOD_SPECIFIC_SENSITIVITY,FROZEN_BY_PREDICTION_AUTHORITY,Current-main active value. The frozen prediction producer was ac9bda0f7432d56229ede36bbb8fa06167846313; inherited defaults were not preserved as a complete runtime dump.
B1_CURRENT_STANDARD_V2_20260728,Hidden_state,hidden_motion_history,8,count,INHERITED_DEFAULT_WITH_PROVENANCE,src/pig_behavior/tracking/config.py,52c5f54ad44b6f76a8d143d168bdc942542d5fd263903cbf630f9c58ecf1cdd0,95dd37982251a6b59779e0eed020e266b54fc88c,,NO,4eb3d4e2262485d48d425be06fd8a6b3adfd8a01a27b28e76b5a8d55958d1d55,PARTIAL_INHERITED_DEFAULTS_NOT_DUMPED,BOUND_BY_SOURCE_CODE,Hidden_state,Inherited from the hashed TrackingConfig source; no separate sensitivity claim.,PARTIAL_NO_METHOD_SPECIFIC_SENSITIVITY,FROZEN_BY_PREDICTION_AUTHORITY,Current-main active value. The frozen prediction producer was ac9bda0f7432d56229ede36bbb8fa06167846313; inherited defaults were not preserved as a complete runtime dump.
B1_CURRENT_STANDARD_V2_20260728,Hidden_state,hidden_motion_model,true,boolean,INHERITED_DEFAULT_WITH_PROVENANCE,src/pig_behavior/tracking/config.py,52c5f54ad44b6f76a8d143d168bdc942542d5fd263903cbf630f9c58ecf1cdd0,95dd37982251a6b59779e0eed020e266b54fc88c,,NO,4eb3d4e2262485d48d425be06fd8a6b3adfd8a01a27b28e76b5a8d55958d1d55,PARTIAL_INHERITED_DEFAULTS_NOT_DUMPED,BOUND_BY_SOURCE_CODE,Hidden_state,Inherited from the hashed TrackingConfig source; no separate sensitivity claim.,PARTIAL_NO_METHOD_SPECIFIC_SENSITIVITY,FROZEN_BY_PREDICTION_AUTHORITY,Current-main active value. The frozen prediction producer was ac9bda0f7432d56229ede36bbb8fa06167846313; inherited defaults were not preserved as a complete runtime dump.
B1_CURRENT_STANDARD_V2_20260728,Hidden_state,hidden_moving_displacement,0.035,unitless,INHERITED_DEFAULT_WITH_PROVENANCE,src/pig_behavior/tracking/config.py,52c5f54ad44b6f76a8d143d168bdc942542d5fd263903cbf630f9c58ecf1cdd0,95dd37982251a6b59779e0eed020e266b54fc88c,,NO,4eb3d4e2262485d48d425be06fd8a6b3adfd8a01a27b28e76b5a8d55958d1d55,PARTIAL_INHERITED_DEFAULTS_NOT_DUMPED,BOUND_BY_SOURCE_CODE,Hidden_state,Inherited from the hashed TrackingConfig source; no separate sensitivity claim.,PARTIAL_NO_METHOD_SPECIFIC_SENSITIVITY,FROZEN_BY_PREDICTION_AUTHORITY,Current-main active value. The frozen prediction producer was ac9bda0f7432d56229ede36bbb8fa06167846313; inherited defaults were not preserved as a complete runtime dump.
B1_CURRENT_STANDARD_V2_20260728,association,hidden_overlap_iou_threshold,0.65,unitless ratio,INHERITED_DEFAULT_WITH_PROVENANCE,src/pig_behavior/tracking/config.py,52c5f54ad44b6f76a8d143d168bdc942542d5fd263903cbf630f9c58ecf1cdd0,95dd37982251a6b59779e0eed020e266b54fc88c,,NO,4eb3d4e2262485d48d425be06fd8a6b3adfd8a01a27b28e76b5a8d55958d1d55,PARTIAL_INHERITED_DEFAULTS_NOT_DUMPED,BOUND_BY_SOURCE_CODE,association|Hidden_state,Inherited from the hashed TrackingConfig source; no separate sensitivity claim.,PARTIAL_NO_METHOD_SPECIFIC_SENSITIVITY,FROZEN_BY_PREDICTION_AUTHORITY,Current-main active value. The frozen prediction producer was ac9bda0f7432d56229ede36bbb8fa06167846313; inherited defaults were not preserved as a complete runtime dump.
B1_CURRENT_STANDARD_V2_20260728,Hidden_state,hidden_overlap_window_frames,2,frames,INHERITED_DEFAULT_WITH_PROVENANCE,src/pig_behavior/tracking/config.py,52c5f54ad44b6f76a8d143d168bdc942542d5fd263903cbf630f9c58ecf1cdd0,95dd37982251a6b59779e0eed020e266b54fc88c,,NO,4eb3d4e2262485d48d425be06fd8a6b3adfd8a01a27b28e76b5a8d55958d1d55,PARTIAL_INHERITED_DEFAULTS_NOT_DUMPED,BOUND_BY_SOURCE_CODE,Hidden_state|runtime,Inherited from the hashed TrackingConfig source; no separate sensitivity claim.,PARTIAL_NO_METHOD_SPECIFIC_SENSITIVITY,FROZEN_BY_PREDICTION_AUTHORITY,Current-main active value. The frozen prediction producer was ac9bda0f7432d56229ede36bbb8fa06167846313; inherited defaults were not preserved as a complete runtime dump.
B1_CURRENT_STANDARD_V2_20260728,identity_repair,hidden_owner_guard,true,boolean,PREDECLARED_DEVELOPMENT_SELECTION,src/pig_behavior/tracking/profiles/hybrid_bytetrack.py,b3c63faffa705915e2e9e9b7823068af229ceedd9b263a68579e7d7b384500e6,95dd37982251a6b59779e0eed020e266b54fc88c,true,YES,4eb3d4e2262485d48d425be06fd8a6b3adfd8a01a27b28e76b5a8d55958d1d55,YES_PROFILE_OVERRIDE_ONLY,BOUND_BY_EFFECTIVE_CONFIG,identity_repair|Hidden_state,Profile override frozen by a development authority before its authority run.,SUFFICIENT_WITH_DEVELOPMENT_SCOPE_LIMITATION,FROZEN_BY_PREDICTION_AUTHORITY,Current-main active value. The frozen prediction producer was ac9bda0f7432d56229ede36bbb8fa06167846313; inherited defaults were not preserved as a complete runtime dump.
B1_CURRENT_STANDARD_V2_20260728,association,hidden_owner_guard_cost_margin,0.08,unitless,INHERITED_DEFAULT_WITH_PROVENANCE,src/pig_behavior/tracking/config.py,52c5f54ad44b6f76a8d143d168bdc942542d5fd263903cbf630f9c58ecf1cdd0,95dd37982251a6b59779e0eed020e266b54fc88c,,NO,4eb3d4e2262485d48d425be06fd8a6b3adfd8a01a27b28e76b5a8d55958d1d55,PARTIAL_INHERITED_DEFAULTS_NOT_DUMPED,BOUND_BY_SOURCE_CODE,association|identity_repair|Hidden_state,Inherited from the hashed TrackingConfig source; no separate sensitivity claim.,PARTIAL_NO_METHOD_SPECIFIC_SENSITIVITY,FROZEN_BY_PREDICTION_AUTHORITY,Current-main active value. The frozen prediction producer was ac9bda0f7432d56229ede36bbb8fa06167846313; inherited defaults were not preserved as a complete runtime dump.
B1_CURRENT_STANDARD_V2_20260728,identity_repair,hidden_owner_guard_hold_assignment,true,boolean,PREDECLARED_DEVELOPMENT_SELECTION,src/pig_behavior/tracking/profiles/hybrid_bytetrack.py,b3c63faffa705915e2e9e9b7823068af229ceedd9b263a68579e7d7b384500e6,95dd37982251a6b59779e0eed020e266b54fc88c,true,YES,4eb3d4e2262485d48d425be06fd8a6b3adfd8a01a27b28e76b5a8d55958d1d55,YES_PROFILE_OVERRIDE_ONLY,BOUND_BY_EFFECTIVE_CONFIG,identity_repair|Hidden_state,Profile override frozen by a development authority before its authority run.,SUFFICIENT_WITH_DEVELOPMENT_SCOPE_LIMITATION,FROZEN_BY_PREDICTION_AUTHORITY,Current-main active value. The frozen prediction producer was ac9bda0f7432d56229ede36bbb8fa06167846313; inherited defaults were not preserved as a complete runtime dump.
B1_CURRENT_STANDARD_V2_20260728,lifecycle,hidden_owner_guard_min_missed,2,frames,INHERITED_DEFAULT_WITH_PROVENANCE,src/pig_behavior/tracking/config.py,52c5f54ad44b6f76a8d143d168bdc942542d5fd263903cbf630f9c58ecf1cdd0,95dd37982251a6b59779e0eed020e266b54fc88c,,NO,4eb3d4e2262485d48d425be06fd8a6b3adfd8a01a27b28e76b5a8d55958d1d55,PARTIAL_INHERITED_DEFAULTS_NOT_DUMPED,BOUND_BY_SOURCE_CODE,lifecycle|identity_repair|Hidden_state,Inherited from the hashed TrackingConfig source; no separate sensitivity claim.,PARTIAL_NO_METHOD_SPECIFIC_SENSITIVITY,FROZEN_BY_PREDICTION_AUTHORITY,Current-main active value. The frozen prediction producer was ac9bda0f7432d56229ede36bbb8fa06167846313; inherited defaults were not preserved as a complete runtime dump.
B1_CURRENT_STANDARD_V2_20260728,Hidden_state,hidden_score_threshold,0.15,unitless,INHERITED_DEFAULT_WITH_PROVENANCE,src/pig_behavior/tracking/config.py,52c5f54ad44b6f76a8d143d168bdc942542d5fd263903cbf630f9c58ecf1cdd0,95dd37982251a6b59779e0eed020e266b54fc88c,,NO,4eb3d4e2262485d48d425be06fd8a6b3adfd8a01a27b28e76b5a8d55958d1d55,PARTIAL_INHERITED_DEFAULTS_NOT_DUMPED,BOUND_BY_SOURCE_CODE,Hidden_state,Inherited from the hashed TrackingConfig source; no separate sensitivity claim.,PARTIAL_NO_METHOD_SPECIFIC_SENSITIVITY,FROZEN_BY_PREDICTION_AUTHORITY,Current-main active value. The frozen prediction producer was ac9bda0f7432d56229ede36bbb8fa06167846313; inherited defaults were not preserved as a complete runtime dump.
B1_CURRENT_STANDARD_V2_20260728,Hidden_state,hidden_stationary_displacement,0.015,unitless,INHERITED_DEFAULT_WITH_PROVENANCE,src/pig_behavior/tracking/config.py,52c5f54ad44b6f76a8d143d168bdc942542d5fd263903cbf630f9c58ecf1cdd0,95dd37982251a6b59779e0eed020e266b54fc88c,,NO,4eb3d4e2262485d48d425be06fd8a6b3adfd8a01a27b28e76b5a8d55958d1d55,PARTIAL_INHERITED_DEFAULTS_NOT_DUMPED,BOUND_BY_SOURCE_CODE,Hidden_state,Inherited from the hashed TrackingConfig source; no separate sensitivity claim.,PARTIAL_NO_METHOD_SPECIFIC_SENSITIVITY,FROZEN_BY_PREDICTION_AUTHORITY,Current-main active value. The frozen prediction producer was ac9bda0f7432d56229ede36bbb8fa06167846313; inherited defaults were not preserved as a complete runtime dump.
B1_CURRENT_STANDARD_V2_20260728,Hidden_state,hidden_stationary_lock_frames,8,frames,INHERITED_DEFAULT_WITH_PROVENANCE,src/pig_behavior/tracking/config.py,52c5f54ad44b6f76a8d143d168bdc942542d5fd263903cbf630f9c58ecf1cdd0,95dd37982251a6b59779e0eed020e266b54fc88c,,NO,4eb3d4e2262485d48d425be06fd8a6b3adfd8a01a27b28e76b5a8d55958d1d55,PARTIAL_INHERITED_DEFAULTS_NOT_DUMPED,BOUND_BY_SOURCE_CODE,Hidden_state|runtime,Inherited from the hashed TrackingConfig source; no separate sensitivity claim.,PARTIAL_NO_METHOD_SPECIFIC_SENSITIVITY,FROZEN_BY_PREDICTION_AUTHORITY,Current-main active value. The frozen prediction producer was ac9bda0f7432d56229ede36bbb8fa06167846313; inherited defaults were not preserved as a complete runtime dump.
B1_CURRENT_STANDARD_V2_20260728,Hidden_state,hidden_stationary_speed,0.006,unitless,INHERITED_DEFAULT_WITH_PROVENANCE,src/pig_behavior/tracking/config.py,52c5f54ad44b6f76a8d143d168bdc942542d5fd263903cbf630f9c58ecf1cdd0,95dd37982251a6b59779e0eed020e266b54fc88c,,NO,4eb3d4e2262485d48d425be06fd8a6b3adfd8a01a27b28e76b5a8d55958d1d55,PARTIAL_INHERITED_DEFAULTS_NOT_DUMPED,BOUND_BY_SOURCE_CODE,Hidden_state,Inherited from the hashed TrackingConfig source; no separate sensitivity claim.,PARTIAL_NO_METHOD_SPECIFIC_SENSITIVITY,FROZEN_BY_PREDICTION_AUTHORITY,Current-main active value. The frozen prediction producer was ac9bda0f7432d56229ede36bbb8fa06167846313; inherited defaults were not preserved as a complete runtime dump.
B1_CURRENT_STANDARD_V2_20260728,identity_repair,hidden_suffix_id_swap_max_hidden_frames,15,frames,INHERITED_DEFAULT_WITH_PROVENANCE,src/pig_behavior/tracking/config.py,52c5f54ad44b6f76a8d143d168bdc942542d5fd263903cbf630f9c58ecf1cdd0,95dd37982251a6b59779e0eed020e266b54fc88c,,NO,4eb3d4e2262485d48d425be06fd8a6b3adfd8a01a27b28e76b5a8d55958d1d55,PARTIAL_INHERITED_DEFAULTS_NOT_DUMPED,BOUND_BY_SOURCE_CODE,identity_repair|Hidden_state|runtime,Inherited from the hashed TrackingConfig source; no separate sensitivity claim.,PARTIAL_NO_METHOD_SPECIFIC_SENSITIVITY,FROZEN_BY_PREDICTION_AUTHORITY,Current-main active value. The frozen prediction producer was ac9bda0f7432d56229ede36bbb8fa06167846313; inherited defaults were not preserved as a complete runtime dump.
B1_CURRENT_STANDARD_V2_20260728,identity_repair,hidden_suffix_id_swap_max_hidden_median_score,0.5,unitless,INHERITED_DEFAULT_WITH_PROVENANCE,src/pig_behavior/tracking/config.py,52c5f54ad44b6f76a8d143d168bdc942542d5fd263903cbf630f9c58ecf1cdd0,95dd37982251a6b59779e0eed020e266b54fc88c,,NO,4eb3d4e2262485d48d425be06fd8a6b3adfd8a01a27b28e76b5a8d55958d1d55,PARTIAL_INHERITED_DEFAULTS_NOT_DUMPED,BOUND_BY_SOURCE_CODE,identity_repair|Hidden_state,Inherited from the hashed TrackingConfig source; no separate sensitivity claim.,PARTIAL_NO_METHOD_SPECIFIC_SENSITIVITY,FROZEN_BY_PREDICTION_AUTHORITY,Current-main active value. The frozen prediction producer was ac9bda0f7432d56229ede36bbb8fa06167846313; inherited defaults were not preserved as a complete runtime dump.
B1_CURRENT_STANDARD_V2_20260728,identity_repair,hidden_suffix_id_swap_min_hidden_frames,8,frames,INHERITED_DEFAULT_WITH_PROVENANCE,src/pig_behavior/tracking/config.py,52c5f54ad44b6f76a8d143d168bdc942542d5fd263903cbf630f9c58ecf1cdd0,95dd37982251a6b59779e0eed020e266b54fc88c,,NO,4eb3d4e2262485d48d425be06fd8a6b3adfd8a01a27b28e76b5a8d55958d1d55,PARTIAL_INHERITED_DEFAULTS_NOT_DUMPED,BOUND_BY_SOURCE_CODE,identity_repair|Hidden_state|runtime,Inherited from the hashed TrackingConfig source; no separate sensitivity claim.,PARTIAL_NO_METHOD_SPECIFIC_SENSITIVITY,FROZEN_BY_PREDICTION_AUTHORITY,Current-main active value. The frozen prediction producer was ac9bda0f7432d56229ede36bbb8fa06167846313; inherited defaults were not preserved as a complete runtime dump.
B1_CURRENT_STANDARD_V2_20260728,association,hidden_suffix_id_swap_min_overlap_iou,0.7,unitless ratio,INHERITED_DEFAULT_WITH_PROVENANCE,src/pig_behavior/tracking/config.py,52c5f54ad44b6f76a8d143d168bdc942542d5fd263903cbf630f9c58ecf1cdd0,95dd37982251a6b59779e0eed020e266b54fc88c,,NO,4eb3d4e2262485d48d425be06fd8a6b3adfd8a01a27b28e76b5a8d55958d1d55,PARTIAL_INHERITED_DEFAULTS_NOT_DUMPED,BOUND_BY_SOURCE_CODE,association|identity_repair|Hidden_state,Inherited from the hashed TrackingConfig source; no separate sensitivity claim.,PARTIAL_NO_METHOD_SPECIFIC_SENSITIVITY,FROZEN_BY_PREDICTION_AUTHORITY,Current-main active value. The frozen prediction producer was ac9bda0f7432d56229ede36bbb8fa06167846313; inherited defaults were not preserved as a complete runtime dump.
B1_CURRENT_STANDARD_V2_20260728,identity_repair,hidden_suffix_id_swap_min_overlap_persistence_frames,2,frames,PREDECLARED_DEVELOPMENT_SELECTION,src/pig_behavior/tracking/profiles/hybrid_bytetrack.py,b3c63faffa705915e2e9e9b7823068af229ceedd9b263a68579e7d7b384500e6,95dd37982251a6b59779e0eed020e266b54fc88c,2,YES,4eb3d4e2262485d48d425be06fd8a6b3adfd8a01a27b28e76b5a8d55958d1d55,YES_PROFILE_OVERRIDE_ONLY,BOUND_BY_EFFECTIVE_CONFIG,identity_repair|Hidden_state|runtime,Profile override frozen by a development authority before its authority run.,SUFFICIENT_WITH_DEVELOPMENT_SCOPE_LIMITATION,FROZEN_BY_PREDICTION_AUTHORITY,Current-main active value. The frozen prediction producer was ac9bda0f7432d56229ede36bbb8fa06167846313; inherited defaults were not preserved as a complete runtime dump.
B1_CURRENT_STANDARD_V2_20260728,identity_repair,hidden_suffix_id_swap_min_suffix_frames,600,frames,INHERITED_DEFAULT_WITH_PROVENANCE,src/pig_behavior/tracking/config.py,52c5f54ad44b6f76a8d143d168bdc942542d5fd263903cbf630f9c58ecf1cdd0,95dd37982251a6b59779e0eed020e266b54fc88c,,NO,4eb3d4e2262485d48d425be06fd8a6b3adfd8a01a27b28e76b5a8d55958d1d55,PARTIAL_INHERITED_DEFAULTS_NOT_DUMPED,BOUND_BY_SOURCE_CODE,identity_repair|Hidden_state|runtime,Inherited from the hashed TrackingConfig source; no separate sensitivity claim.,PARTIAL_NO_METHOD_SPECIFIC_SENSITIVITY,FROZEN_BY_PREDICTION_AUTHORITY,Current-main active value. The frozen prediction producer was ac9bda0f7432d56229ede36bbb8fa06167846313; inherited defaults were not preserved as a complete runtime dump.
B1_CURRENT_STANDARD_V2_20260728,identity_repair,hidden_suffix_id_swap_repair,true,boolean,PREDECLARED_DEVELOPMENT_SELECTION,src/pig_behavior/tracking/profiles/hybrid_bytetrack.py,b3c63faffa705915e2e9e9b7823068af229ceedd9b263a68579e7d7b384500e6,95dd37982251a6b59779e0eed020e266b54fc88c,true,YES,4eb3d4e2262485d48d425be06fd8a6b3adfd8a01a27b28e76b5a8d55958d1d55,YES_PROFILE_OVERRIDE_ONLY,BOUND_BY_EFFECTIVE_CONFIG,identity_repair|Hidden_state,Profile override frozen by a development authority before its authority run.,SUFFICIENT_WITH_DEVELOPMENT_SCOPE_LIMITATION,FROZEN_BY_PREDICTION_AUTHORITY,Current-main active value. The frozen prediction producer was ac9bda0f7432d56229ede36bbb8fa06167846313; inherited defaults were not preserved as a complete runtime dump.
B1_CURRENT_STANDARD_V2_20260728,identity_repair,hidden_suffix_id_swap_start_back_frames,7,frames,INHERITED_DEFAULT_WITH_PROVENANCE,src/pig_behavior/tracking/config.py,52c5f54ad44b6f76a8d143d168bdc942542d5fd263903cbf630f9c58ecf1cdd0,95dd37982251a6b59779e0eed020e266b54fc88c,,NO,4eb3d4e2262485d48d425be06fd8a6b3adfd8a01a27b28e76b5a8d55958d1d55,PARTIAL_INHERITED_DEFAULTS_NOT_DUMPED,BOUND_BY_SOURCE_CODE,identity_repair|Hidden_state|runtime,Inherited from the hashed TrackingConfig source; no separate sensitivity claim.,PARTIAL_NO_METHOD_SPECIFIC_SENSITIVITY,FROZEN_BY_PREDICTION_AUTHORITY,Current-main active value. The frozen prediction producer was ac9bda0f7432d56229ede36bbb8fa06167846313; inherited defaults were not preserved as a complete runtime dump.
B1_CURRENT_STANDARD_V2_20260728,identity_repair,hidden_suffix_id_swap_use_overlap_persistence,true,boolean,PREDECLARED_DEVELOPMENT_SELECTION,src/pig_behavior/tracking/profiles/hybrid_bytetrack.py,b3c63faffa705915e2e9e9b7823068af229ceedd9b263a68579e7d7b384500e6,95dd37982251a6b59779e0eed020e266b54fc88c,true,YES,4eb3d4e2262485d48d425be06fd8a6b3adfd8a01a27b28e76b5a8d55958d1d55,YES_PROFILE_OVERRIDE_ONLY,BOUND_BY_EFFECTIVE_CONFIG,identity_repair|Hidden_state,Profile override frozen by a development authority before its authority run.,SUFFICIENT_WITH_DEVELOPMENT_SCOPE_LIMITATION,FROZEN_BY_PREDICTION_AUTHORITY,Current-main active value. The frozen prediction producer was ac9bda0f7432d56229ede36bbb8fa06167846313; inherited defaults were not preserved as a complete runtime dump.
B1_CURRENT_STANDARD_V2_20260728,Hidden_state,hidden_velocity_alpha,0.65,unitless,INHERITED_DEFAULT_WITH_PROVENANCE,src/pig_behavior/tracking/config.py,52c5f54ad44b6f76a8d143d168bdc942542d5fd263903cbf630f9c58ecf1cdd0,95dd37982251a6b59779e0eed020e266b54fc88c,,NO,4eb3d4e2262485d48d425be06fd8a6b3adfd8a01a27b28e76b5a8d55958d1d55,PARTIAL_INHERITED_DEFAULTS_NOT_DUMPED,BOUND_BY_SOURCE_CODE,Hidden_state|evaluator_only,Inherited from the hashed TrackingConfig source; no separate sensitivity claim.,PARTIAL_NO_METHOD_SPECIFIC_SENSITIVITY,FROZEN_BY_PREDICTION_AUTHORITY,Current-main active value. The frozen prediction producer was ac9bda0f7432d56229ede36bbb8fa06167846313; inherited defaults were not preserved as a complete runtime dump.
B1_CURRENT_STANDARD_V2_20260728,bbox_geometry,high_conf_smooth_alpha,0.75,unitless,INHERITED_DEFAULT_WITH_PROVENANCE,src/pig_behavior/tracking/config.py,52c5f54ad44b6f76a8d143d168bdc942542d5fd263903cbf630f9c58ecf1cdd0,95dd37982251a6b59779e0eed020e266b54fc88c,,NO,4eb3d4e2262485d48d425be06fd8a6b3adfd8a01a27b28e76b5a8d55958d1d55,PARTIAL_INHERITED_DEFAULTS_NOT_DUMPED,BOUND_BY_SOURCE_CODE,bbox_geometry|evaluator_only,Inherited from the hashed TrackingConfig source; no separate sensitivity claim.,PARTIAL_NO_METHOD_SPECIFIC_SENSITIVITY,FROZEN_BY_PREDICTION_AUTHORITY,Current-main active value. The frozen prediction producer was ac9bda0f7432d56229ede36bbb8fa06167846313; inherited defaults were not preserved as a complete runtime dump.
B1_CURRENT_STANDARD_V2_20260728,Hidden_state,hold_occluded_box,true,boolean,INHERITED_DEFAULT_WITH_PROVENANCE,src/pig_behavior/tracking/config.py,52c5f54ad44b6f76a8d143d168bdc942542d5fd263903cbf630f9c58ecf1cdd0,95dd37982251a6b59779e0eed020e266b54fc88c,,NO,4eb3d4e2262485d48d425be06fd8a6b3adfd8a01a27b28e76b5a8d55958d1d55,PARTIAL_INHERITED_DEFAULTS_NOT_DUMPED,BOUND_BY_SOURCE_CODE,Hidden_state|bbox_geometry,Inherited from the hashed TrackingConfig source; no separate sensitivity claim.,PARTIAL_NO_METHOD_SPECIFIC_SENSITIVITY,FROZEN_BY_PREDICTION_AUTHORITY,Current-main active value. The frozen prediction producer was ac9bda0f7432d56229ede36bbb8fa06167846313; inherited defaults were not preserved as a complete runtime dump.
B1_CURRENT_STANDARD_V2_20260728,identity_repair,identity_swap_guard,true,boolean,PREDECLARED_DEVELOPMENT_SELECTION,src/pig_behavior/tracking/profiles/hybrid_bytetrack.py,b3c63faffa705915e2e9e9b7823068af229ceedd9b263a68579e7d7b384500e6,95dd37982251a6b59779e0eed020e266b54fc88c,true,YES,4eb3d4e2262485d48d425be06fd8a6b3adfd8a01a27b28e76b5a8d55958d1d55,YES_PROFILE_OVERRIDE_ONLY,BOUND_BY_EFFECTIVE_CONFIG,identity_repair,Profile override frozen by a development authority before its authority run.,SUFFICIENT_WITH_DEVELOPMENT_SCOPE_LIMITATION,FROZEN_BY_PREDICTION_AUTHORITY,Current-main active value. The frozen prediction producer was ac9bda0f7432d56229ede36bbb8fa06167846313; inherited defaults were not preserved as a complete runtime dump.
B1_CURRENT_STANDARD_V2_20260728,identity_repair,identity_swap_guard_far_x_threshold,0.67,unitless,PREDECLARED_DEVELOPMENT_SELECTION,src/pig_behavior/tracking/profiles/hybrid_bytetrack.py,b3c63faffa705915e2e9e9b7823068af229ceedd9b263a68579e7d7b384500e6,95dd37982251a6b59779e0eed020e266b54fc88c,0.67,YES,4eb3d4e2262485d48d425be06fd8a6b3adfd8a01a27b28e76b5a8d55958d1d55,YES_PROFILE_OVERRIDE_ONLY,BOUND_BY_EFFECTIVE_CONFIG,identity_repair,Profile override frozen by a development authority before its authority run.,SUFFICIENT_WITH_DEVELOPMENT_SCOPE_LIMITATION,FROZEN_BY_PREDICTION_AUTHORITY,Current-main active value. The frozen prediction producer was ac9bda0f7432d56229ede36bbb8fa06167846313; inherited defaults were not preserved as a complete runtime dump.
B1_CURRENT_STANDARD_V2_20260728,identity_repair,identity_swap_guard_skip_mixed_occlusion_hold,true,boolean,PREDECLARED_DEVELOPMENT_SELECTION,src/pig_behavior/tracking/profiles/hybrid_bytetrack.py,b3c63faffa705915e2e9e9b7823068af229ceedd9b263a68579e7d7b384500e6,95dd37982251a6b59779e0eed020e266b54fc88c,true,YES,4eb3d4e2262485d48d425be06fd8a6b3adfd8a01a27b28e76b5a8d55958d1d55,YES_PROFILE_OVERRIDE_ONLY,BOUND_BY_EFFECTIVE_CONFIG,identity_repair|Hidden_state,Profile override frozen by a development authority before its authority run.,SUFFICIENT_WITH_DEVELOPMENT_SCOPE_LIMITATION,FROZEN_BY_PREDICTION_AUTHORITY,Current-main active value. The frozen prediction producer was ac9bda0f7432d56229ede36bbb8fa06167846313; inherited defaults were not preserved as a complete runtime dump.
B1_CURRENT_STANDARD_V2_20260728,identity_repair,identity_swap_guard_skip_mixed_occlusion_hold_far_only,true,boolean,PREDECLARED_DEVELOPMENT_SELECTION,src/pig_behavior/tracking/profiles/hybrid_bytetrack.py,b3c63faffa705915e2e9e9b7823068af229ceedd9b263a68579e7d7b384500e6,95dd37982251a6b59779e0eed020e266b54fc88c,true,YES,4eb3d4e2262485d48d425be06fd8a6b3adfd8a01a27b28e76b5a8d55958d1d55,YES_PROFILE_OVERRIDE_ONLY,BOUND_BY_EFFECTIVE_CONFIG,identity_repair|Hidden_state,Profile override frozen by a development authority before its authority run.,SUFFICIENT_WITH_DEVELOPMENT_SCOPE_LIMITATION,FROZEN_BY_PREDICTION_AUTHORITY,Current-main active value. The frozen prediction producer was ac9bda0f7432d56229ede36bbb8fa06167846313; inherited defaults were not preserved as a complete runtime dump.
B1_CURRENT_STANDARD_V2_20260728,identity_repair,identity_swap_iom_threshold,0.1,unitless,INHERITED_DEFAULT_WITH_PROVENANCE,src/pig_behavior/tracking/config.py,52c5f54ad44b6f76a8d143d168bdc942542d5fd263903cbf630f9c58ecf1cdd0,95dd37982251a6b59779e0eed020e266b54fc88c,,NO,4eb3d4e2262485d48d425be06fd8a6b3adfd8a01a27b28e76b5a8d55958d1d55,PARTIAL_INHERITED_DEFAULTS_NOT_DUMPED,BOUND_BY_SOURCE_CODE,identity_repair,Inherited from the hashed TrackingConfig source; no separate sensitivity claim.,PARTIAL_NO_METHOD_SPECIFIC_SENSITIVITY,FROZEN_BY_PREDICTION_AUTHORITY,Current-main active value. The frozen prediction producer was ac9bda0f7432d56229ede36bbb8fa06167846313; inherited defaults were not preserved as a complete runtime dump.
B1_CURRENT_STANDARD_V2_20260728,identity_repair,identity_swap_min_gain,0.015,unitless,INHERITED_DEFAULT_WITH_PROVENANCE,src/pig_behavior/tracking/config.py,52c5f54ad44b6f76a8d143d168bdc942542d5fd263903cbf630f9c58ecf1cdd0,95dd37982251a6b59779e0eed020e266b54fc88c,,NO,4eb3d4e2262485d48d425be06fd8a6b3adfd8a01a27b28e76b5a8d55958d1d55,PARTIAL_INHERITED_DEFAULTS_NOT_DUMPED,BOUND_BY_SOURCE_CODE,identity_repair,Inherited from the hashed TrackingConfig source; no separate sensitivity claim.,PARTIAL_NO_METHOD_SPECIFIC_SENSITIVITY,FROZEN_BY_PREDICTION_AUTHORITY,Current-main active value. The frozen prediction producer was ac9bda0f7432d56229ede36bbb8fa06167846313; inherited defaults were not preserved as a complete runtime dump.
B1_CURRENT_STANDARD_V2_20260728,detection,imgsz,640,count,INHERITED_DEFAULT_WITH_PROVENANCE,src/pig_behavior/tracking/config.py,52c5f54ad44b6f76a8d143d168bdc942542d5fd263903cbf630f9c58ecf1cdd0,95dd37982251a6b59779e0eed020e266b54fc88c,,NO,4eb3d4e2262485d48d425be06fd8a6b3adfd8a01a27b28e76b5a8d55958d1d55,PARTIAL_INHERITED_DEFAULTS_NOT_DUMPED,BOUND_BY_SOURCE_CODE,detection,Inherited from the hashed TrackingConfig source; no separate sensitivity claim.,PARTIAL_NO_METHOD_SPECIFIC_SENSITIVITY,FROZEN_BY_PREDICTION_AUTHORITY,Current-main active value. The frozen prediction producer was ac9bda0f7432d56229ede36bbb8fa06167846313; inherited defaults were not preserved as a complete runtime dump.
B1_CURRENT_STANDARD_V2_20260728,engineering_or_indirect,initial_track_conf,0.45,unitless ratio,INHERITED_DEFAULT_WITH_PROVENANCE,src/pig_behavior/tracking/config.py,52c5f54ad44b6f76a8d143d168bdc942542d5fd263903cbf630f9c58ecf1cdd0,95dd37982251a6b59779e0eed020e266b54fc88c,,NO,4eb3d4e2262485d48d425be06fd8a6b3adfd8a01a27b28e76b5a8d55958d1d55,PARTIAL_INHERITED_DEFAULTS_NOT_DUMPED,BOUND_BY_SOURCE_CODE,engineering_or_indirect,Inherited from the hashed TrackingConfig source; no separate sensitivity claim.,PARTIAL_NO_METHOD_SPECIFIC_SENSITIVITY,FROZEN_BY_PREDICTION_AUTHORITY,Current-main active value. The frozen prediction producer was ac9bda0f7432d56229ede36bbb8fa06167846313; inherited defaults were not preserved as a complete runtime dump.
B1_CURRENT_STANDARD_V2_20260728,association,iou,null,unitless ratio,INHERITED_DEFAULT_WITH_PROVENANCE,src/pig_behavior/tracking/config.py,52c5f54ad44b6f76a8d143d168bdc942542d5fd263903cbf630f9c58ecf1cdd0,95dd37982251a6b59779e0eed020e266b54fc88c,,NO,4eb3d4e2262485d48d425be06fd8a6b3adfd8a01a27b28e76b5a8d55958d1d55,PARTIAL_INHERITED_DEFAULTS_NOT_DUMPED,BOUND_BY_SOURCE_CODE,association,Inherited from the hashed TrackingConfig source; no separate sensitivity claim.,PARTIAL_NO_METHOD_SPECIFIC_SENSITIVITY,FROZEN_BY_PREDICTION_AUTHORITY,Current-main active value. The frozen prediction producer was ac9bda0f7432d56229ede36bbb8fa06167846313; inherited defaults were not preserved as a complete runtime dump.
B1_CURRENT_STANDARD_V2_20260728,association,iou_fallback_threshold,0.45,unitless ratio,INHERITED_DEFAULT_WITH_PROVENANCE,src/pig_behavior/tracking/config.py,52c5f54ad44b6f76a8d143d168bdc942542d5fd263903cbf630f9c58ecf1cdd0,95dd37982251a6b59779e0eed020e266b54fc88c,,NO,4eb3d4e2262485d48d425be06fd8a6b3adfd8a01a27b28e76b5a8d55958d1d55,PARTIAL_INHERITED_DEFAULTS_NOT_DUMPED,BOUND_BY_SOURCE_CODE,association,Inherited from the hashed TrackingConfig source; no separate sensitivity claim.,PARTIAL_NO_METHOD_SPECIFIC_SENSITIVITY,FROZEN_BY_PREDICTION_AUTHORITY,Current-main active value. The frozen prediction producer was ac9bda0f7432d56229ede36bbb8fa06167846313; inherited defaults were not preserved as a complete runtime dump.
B1_CURRENT_STANDARD_V2_20260728,engineering_or_indirect,labels_json,null,not applicable,INHERITED_DEFAULT_WITH_PROVENANCE,src/pig_behavior/tracking/config.py,52c5f54ad44b6f76a8d143d168bdc942542d5fd263903cbf630f9c58ecf1cdd0,95dd37982251a6b59779e0eed020e266b54fc88c,,NO,4eb3d4e2262485d48d425be06fd8a6b3adfd8a01a27b28e76b5a8d55958d1d55,PARTIAL_INHERITED_DEFAULTS_NOT_DUMPED,BOUND_BY_SOURCE_CODE,engineering_or_indirect,Inherited from the hashed TrackingConfig source; no separate sensitivity claim.,PARTIAL_NO_METHOD_SPECIFIC_SENSITIVITY,FROZEN_BY_PREDICTION_AUTHORITY,Current-main active value. The frozen prediction producer was ac9bda0f7432d56229ede36bbb8fa06167846313; inherited defaults were not preserved as a complete runtime dump.
B1_CURRENT_STANDARD_V2_20260728,identity_repair,local_pair_swap_max_gap_frames,2,frames,INHERITED_DEFAULT_WITH_PROVENANCE,src/pig_behavior/tracking/config.py,52c5f54ad44b6f76a8d143d168bdc942542d5fd263903cbf630f9c58ecf1cdd0,95dd37982251a6b59779e0eed020e266b54fc88c,,NO,4eb3d4e2262485d48d425be06fd8a6b3adfd8a01a27b28e76b5a8d55958d1d55,PARTIAL_INHERITED_DEFAULTS_NOT_DUMPED,BOUND_BY_SOURCE_CODE,identity_repair|runtime,Inherited from the hashed TrackingConfig source; no separate sensitivity claim.,PARTIAL_NO_METHOD_SPECIFIC_SENSITIVITY,FROZEN_BY_PREDICTION_AUTHORITY,Current-main active value. The frozen prediction producer was ac9bda0f7432d56229ede36bbb8fa06167846313; inherited defaults were not preserved as a complete runtime dump.
B1_CURRENT_STANDARD_V2_20260728,identity_repair,local_pair_swap_min_motion_gain,0.08,unitless,INHERITED_DEFAULT_WITH_PROVENANCE,src/pig_behavior/tracking/config.py,52c5f54ad44b6f76a8d143d168bdc942542d5fd263903cbf630f9c58ecf1cdd0,95dd37982251a6b59779e0eed020e266b54fc88c,,NO,4eb3d4e2262485d48d425be06fd8a6b3adfd8a01a27b28e76b5a8d55958d1d55,PARTIAL_INHERITED_DEFAULTS_NOT_DUMPED,BOUND_BY_SOURCE_CODE,identity_repair,Inherited from the hashed TrackingConfig source; no separate sensitivity claim.,PARTIAL_NO_METHOD_SPECIFIC_SENSITIVITY,FROZEN_BY_PREDICTION_AUTHORITY,Current-main active value. The frozen prediction producer was ac9bda0f7432d56229ede36bbb8fa06167846313; inherited defaults were not preserved as a complete runtime dump.
B1_CURRENT_STANDARD_V2_20260728,association,local_pair_swap_min_overlap_iou,0.2,unitless ratio,INHERITED_DEFAULT_WITH_PROVENANCE,src/pig_behavior/tracking/config.py,52c5f54ad44b6f76a8d143d168bdc942542d5fd263903cbf630f9c58ecf1cdd0,95dd37982251a6b59779e0eed020e266b54fc88c,,NO,4eb3d4e2262485d48d425be06fd8a6b3adfd8a01a27b28e76b5a8d55958d1d55,PARTIAL_INHERITED_DEFAULTS_NOT_DUMPED,BOUND_BY_SOURCE_CODE,association|identity_repair,Inherited from the hashed TrackingConfig source; no separate sensitivity claim.,PARTIAL_NO_METHOD_SPECIFIC_SENSITIVITY,FROZEN_BY_PREDICTION_AUTHORITY,Current-main active value. The frozen prediction producer was ac9bda0f7432d56229ede36bbb8fa06167846313; inherited defaults were not preserved as a complete runtime dump.
B1_CURRENT_STANDARD_V2_20260728,identity_repair,local_pair_swap_repair,false,boolean,INHERITED_DEFAULT_WITH_PROVENANCE,src/pig_behavior/tracking/config.py,52c5f54ad44b6f76a8d143d168bdc942542d5fd263903cbf630f9c58ecf1cdd0,95dd37982251a6b59779e0eed020e266b54fc88c,,NO,4eb3d4e2262485d48d425be06fd8a6b3adfd8a01a27b28e76b5a8d55958d1d55,PARTIAL_INHERITED_DEFAULTS_NOT_DUMPED,BOUND_BY_SOURCE_CODE,identity_repair,Inherited from the hashed TrackingConfig source; no separate sensitivity claim.,PARTIAL_NO_METHOD_SPECIFIC_SENSITIVITY,FROZEN_BY_PREDICTION_AUTHORITY,Current-main active value. The frozen prediction producer was ac9bda0f7432d56229ede36bbb8fa06167846313; inherited defaults were not preserved as a complete runtime dump.
B1_CURRENT_STANDARD_V2_20260728,identity_repair,local_pair_swap_window_frames,8,frames,INHERITED_DEFAULT_WITH_PROVENANCE,src/pig_behavior/tracking/config.py,52c5f54ad44b6f76a8d143d168bdc942542d5fd263903cbf630f9c58ecf1cdd0,95dd37982251a6b59779e0eed020e266b54fc88c,,NO,4eb3d4e2262485d48d425be06fd8a6b3adfd8a01a27b28e76b5a8d55958d1d55,PARTIAL_INHERITED_DEFAULTS_NOT_DUMPED,BOUND_BY_SOURCE_CODE,identity_repair|runtime,Inherited from the hashed TrackingConfig source; no separate sensitivity claim.,PARTIAL_NO_METHOD_SPECIFIC_SENSITIVITY,FROZEN_BY_PREDICTION_AUTHORITY,Current-main active value. The frozen prediction producer was ac9bda0f7432d56229ede36bbb8fa06167846313; inherited defaults were not preserved as a complete runtime dump.
B1_CURRENT_STANDARD_V2_20260728,identity_repair,long_pair_swap_max_gap_frames,2,frames,INHERITED_DEFAULT_WITH_PROVENANCE,src/pig_behavior/tracking/config.py,52c5f54ad44b6f76a8d143d168bdc942542d5fd263903cbf630f9c58ecf1cdd0,95dd37982251a6b59779e0eed020e266b54fc88c,,NO,4eb3d4e2262485d48d425be06fd8a6b3adfd8a01a27b28e76b5a8d55958d1d55,PARTIAL_INHERITED_DEFAULTS_NOT_DUMPED,BOUND_BY_SOURCE_CODE,identity_repair|runtime,Inherited from the hashed TrackingConfig source; no separate sensitivity claim.,PARTIAL_NO_METHOD_SPECIFIC_SENSITIVITY,FROZEN_BY_PREDICTION_AUTHORITY,Current-main active value. The frozen prediction producer was ac9bda0f7432d56229ede36bbb8fa06167846313; inherited defaults were not preserved as a complete runtime dump.
B1_CURRENT_STANDARD_V2_20260728,identity_repair,long_pair_swap_min_frames,24,frames,INHERITED_DEFAULT_WITH_PROVENANCE,src/pig_behavior/tracking/config.py,52c5f54ad44b6f76a8d143d168bdc942542d5fd263903cbf630f9c58ecf1cdd0,95dd37982251a6b59779e0eed020e266b54fc88c,,NO,4eb3d4e2262485d48d425be06fd8a6b3adfd8a01a27b28e76b5a8d55958d1d55,PARTIAL_INHERITED_DEFAULTS_NOT_DUMPED,BOUND_BY_SOURCE_CODE,identity_repair|runtime,Inherited from the hashed TrackingConfig source; no separate sensitivity claim.,PARTIAL_NO_METHOD_SPECIFIC_SENSITIVITY,FROZEN_BY_PREDICTION_AUTHORITY,Current-main active value. The frozen prediction producer was ac9bda0f7432d56229ede36bbb8fa06167846313; inherited defaults were not preserved as a complete runtime dump.
B1_CURRENT_STANDARD_V2_20260728,identity_repair,long_pair_swap_min_median_separation,0.04,unitless,INHERITED_DEFAULT_WITH_PROVENANCE,src/pig_behavior/tracking/config.py,52c5f54ad44b6f76a8d143d168bdc942542d5fd263903cbf630f9c58ecf1cdd0,95dd37982251a6b59779e0eed020e266b54fc88c,,NO,4eb3d4e2262485d48d425be06fd8a6b3adfd8a01a27b28e76b5a8d55958d1d55,PARTIAL_INHERITED_DEFAULTS_NOT_DUMPED,BOUND_BY_SOURCE_CODE,identity_repair,Inherited from the hashed TrackingConfig source; no separate sensitivity claim.,PARTIAL_NO_METHOD_SPECIFIC_SENSITIVITY,FROZEN_BY_PREDICTION_AUTHORITY,Current-main active value. The frozen prediction producer was ac9bda0f7432d56229ede36bbb8fa06167846313; inherited defaults were not preserved as a complete runtime dump.
B1_CURRENT_STANDARD_V2_20260728,identity_repair,long_pair_swap_min_start_gain,0.08,unitless,INHERITED_DEFAULT_WITH_PROVENANCE,src/pig_behavior/tracking/config.py,52c5f54ad44b6f76a8d143d168bdc942542d5fd263903cbf630f9c58ecf1cdd0,95dd37982251a6b59779e0eed020e266b54fc88c,,NO,4eb3d4e2262485d48d425be06fd8a6b3adfd8a01a27b28e76b5a8d55958d1d55,PARTIAL_INHERITED_DEFAULTS_NOT_DUMPED,BOUND_BY_SOURCE_CODE,identity_repair,Inherited from the hashed TrackingConfig source; no separate sensitivity claim.,PARTIAL_NO_METHOD_SPECIFIC_SENSITIVITY,FROZEN_BY_PREDICTION_AUTHORITY,Current-main active value. The frozen prediction producer was ac9bda0f7432d56229ede36bbb8fa06167846313; inherited defaults were not preserved as a complete runtime dump.
B1_CURRENT_STANDARD_V2_20260728,identity_repair,long_pair_swap_repair,false,boolean,INHERITED_DEFAULT_WITH_PROVENANCE,src/pig_behavior/tracking/config.py,52c5f54ad44b6f76a8d143d168bdc942542d5fd263903cbf630f9c58ecf1cdd0,95dd37982251a6b59779e0eed020e266b54fc88c,,NO,4eb3d4e2262485d48d425be06fd8a6b3adfd8a01a27b28e76b5a8d55958d1d55,PARTIAL_INHERITED_DEFAULTS_NOT_DUMPED,BOUND_BY_SOURCE_CODE,identity_repair,Inherited from the hashed TrackingConfig source; no separate sensitivity claim.,PARTIAL_NO_METHOD_SPECIFIC_SENSITIVITY,FROZEN_BY_PREDICTION_AUTHORITY,Current-main active value. The frozen prediction producer was ac9bda0f7432d56229ede36bbb8fa06167846313; inherited defaults were not preserved as a complete runtime dump.
B1_CURRENT_STANDARD_V2_20260728,association,lost_track_cost_threshold,0.95,unitless,INHERITED_DEFAULT_WITH_PROVENANCE,src/pig_behavior/tracking/config.py,52c5f54ad44b6f76a8d143d168bdc942542d5fd263903cbf630f9c58ecf1cdd0,95dd37982251a6b59779e0eed020e266b54fc88c,,NO,4eb3d4e2262485d48d425be06fd8a6b3adfd8a01a27b28e76b5a8d55958d1d55,PARTIAL_INHERITED_DEFAULTS_NOT_DUMPED,BOUND_BY_SOURCE_CODE,association|lifecycle,Inherited from the hashed TrackingConfig source; no separate sensitivity claim.,PARTIAL_NO_METHOD_SPECIFIC_SENSITIVITY,FROZEN_BY_PREDICTION_AUTHORITY,Current-main active value. The frozen prediction producer was ac9bda0f7432d56229ede36bbb8fa06167846313; inherited defaults were not preserved as a complete runtime dump.
B1_CURRENT_STANDARD_V2_20260728,association,lost_track_different_raw_hidden_owner_appearance_threshold,0.25,unitless,INHERITED_DEFAULT_WITH_PROVENANCE,src/pig_behavior/tracking/config.py,52c5f54ad44b6f76a8d143d168bdc942542d5fd263903cbf630f9c58ecf1cdd0,95dd37982251a6b59779e0eed020e266b54fc88c,,NO,4eb3d4e2262485d48d425be06fd8a6b3adfd8a01a27b28e76b5a8d55958d1d55,PARTIAL_INHERITED_DEFAULTS_NOT_DUMPED,BOUND_BY_SOURCE_CODE,association|lifecycle|identity_repair|Hidden_state,Inherited from the hashed TrackingConfig source; no separate sensitivity claim.,PARTIAL_NO_METHOD_SPECIFIC_SENSITIVITY,FROZEN_BY_PREDICTION_AUTHORITY,Current-main active value. The frozen prediction producer was ac9bda0f7432d56229ede36bbb8fa06167846313; inherited defaults were not preserved as a complete runtime dump.
B1_CURRENT_STANDARD_V2_20260728,lifecycle,lost_track_different_raw_hidden_owner_bypass,true,boolean,INHERITED_DEFAULT_WITH_PROVENANCE,src/pig_behavior/tracking/config.py,52c5f54ad44b6f76a8d143d168bdc942542d5fd263903cbf630f9c58ecf1cdd0,95dd37982251a6b59779e0eed020e266b54fc88c,,NO,4eb3d4e2262485d48d425be06fd8a6b3adfd8a01a27b28e76b5a8d55958d1d55,PARTIAL_INHERITED_DEFAULTS_NOT_DUMPED,BOUND_BY_SOURCE_CODE,lifecycle|identity_repair|Hidden_state,Inherited from the hashed TrackingConfig source; no separate sensitivity claim.,PARTIAL_NO_METHOD_SPECIFIC_SENSITIVITY,FROZEN_BY_PREDICTION_AUTHORITY,Current-main active value. The frozen prediction producer was ac9bda0f7432d56229ede36bbb8fa06167846313; inherited defaults were not preserved as a complete runtime dump.
B1_CURRENT_STANDARD_V2_20260728,lifecycle,lost_track_different_raw_hidden_owner_min_center_gain,0.03,unitless,INHERITED_DEFAULT_WITH_PROVENANCE,src/pig_behavior/tracking/config.py,52c5f54ad44b6f76a8d143d168bdc942542d5fd263903cbf630f9c58ecf1cdd0,95dd37982251a6b59779e0eed020e266b54fc88c,,NO,4eb3d4e2262485d48d425be06fd8a6b3adfd8a01a27b28e76b5a8d55958d1d55,PARTIAL_INHERITED_DEFAULTS_NOT_DUMPED,BOUND_BY_SOURCE_CODE,lifecycle|identity_repair|Hidden_state,Inherited from the hashed TrackingConfig source; no separate sensitivity claim.,PARTIAL_NO_METHOD_SPECIFIC_SENSITIVITY,FROZEN_BY_PREDICTION_AUTHORITY,Current-main active value. The frozen prediction producer was ac9bda0f7432d56229ede36bbb8fa06167846313; inherited defaults were not preserved as a complete runtime dump.
B1_CURRENT_STANDARD_V2_20260728,lifecycle,lost_track_different_raw_hidden_owner_min_missed,2,frames,INHERITED_DEFAULT_WITH_PROVENANCE,src/pig_behavior/tracking/config.py,52c5f54ad44b6f76a8d143d168bdc942542d5fd263903cbf630f9c58ecf1cdd0,95dd37982251a6b59779e0eed020e266b54fc88c,,NO,4eb3d4e2262485d48d425be06fd8a6b3adfd8a01a27b28e76b5a8d55958d1d55,PARTIAL_INHERITED_DEFAULTS_NOT_DUMPED,BOUND_BY_SOURCE_CODE,lifecycle|identity_repair|Hidden_state,Inherited from the hashed TrackingConfig source; no separate sensitivity claim.,PARTIAL_NO_METHOD_SPECIFIC_SENSITIVITY,FROZEN_BY_PREDICTION_AUTHORITY,Current-main active value. The frozen prediction producer was ac9bda0f7432d56229ede36bbb8fa06167846313; inherited defaults were not preserved as a complete runtime dump.
B1_CURRENT_STANDARD_V2_20260728,association,lost_track_fast_motion_appearance_threshold,0.3,unitless,INHERITED_DEFAULT_WITH_PROVENANCE,src/pig_behavior/tracking/config.py,52c5f54ad44b6f76a8d143d168bdc942542d5fd263903cbf630f9c58ecf1cdd0,95dd37982251a6b59779e0eed020e266b54fc88c,,NO,4eb3d4e2262485d48d425be06fd8a6b3adfd8a01a27b28e76b5a8d55958d1d55,PARTIAL_INHERITED_DEFAULTS_NOT_DUMPED,BOUND_BY_SOURCE_CODE,association|lifecycle,Inherited from the hashed TrackingConfig source; no separate sensitivity claim.,PARTIAL_NO_METHOD_SPECIFIC_SENSITIVITY,FROZEN_BY_PREDICTION_AUTHORITY,Current-main active value. The frozen prediction producer was ac9bda0f7432d56229ede36bbb8fa06167846313; inherited defaults were not preserved as a complete runtime dump.
B1_CURRENT_STANDARD_V2_20260728,lifecycle,lost_track_fast_motion_max_center_jump,0.42,unitless,INHERITED_DEFAULT_WITH_PROVENANCE,src/pig_behavior/tracking/config.py,52c5f54ad44b6f76a8d143d168bdc942542d5fd263903cbf630f9c58ecf1cdd0,95dd37982251a6b59779e0eed020e266b54fc88c,,NO,4eb3d4e2262485d48d425be06fd8a6b3adfd8a01a27b28e76b5a8d55958d1d55,PARTIAL_INHERITED_DEFAULTS_NOT_DUMPED,BOUND_BY_SOURCE_CODE,lifecycle,Inherited from the hashed TrackingConfig source; no separate sensitivity claim.,PARTIAL_NO_METHOD_SPECIFIC_SENSITIVITY,FROZEN_BY_PREDICTION_AUTHORITY,Current-main active value. The frozen prediction producer was ac9bda0f7432d56229ede36bbb8fa06167846313; inherited defaults were not preserved as a complete runtime dump.
B1_CURRENT_STANDARD_V2_20260728,lifecycle,lost_track_fast_motion_min_center_jump,0.06,unitless,INHERITED_DEFAULT_WITH_PROVENANCE,src/pig_behavior/tracking/config.py,52c5f54ad44b6f76a8d143d168bdc942542d5fd263903cbf630f9c58ecf1cdd0,95dd37982251a6b59779e0eed020e266b54fc88c,,NO,4eb3d4e2262485d48d425be06fd8a6b3adfd8a01a27b28e76b5a8d55958d1d55,PARTIAL_INHERITED_DEFAULTS_NOT_DUMPED,BOUND_BY_SOURCE_CODE,lifecycle,Inherited from the hashed TrackingConfig source; no separate sensitivity claim.,PARTIAL_NO_METHOD_SPECIFIC_SENSITIVITY,FROZEN_BY_PREDICTION_AUTHORITY,Current-main active value. The frozen prediction producer was ac9bda0f7432d56229ede36bbb8fa06167846313; inherited defaults were not preserved as a complete runtime dump.
B1_CURRENT_STANDARD_V2_20260728,lifecycle,lost_track_fast_motion_owner_grace,3,count,INHERITED_DEFAULT_WITH_PROVENANCE,src/pig_behavior/tracking/config.py,52c5f54ad44b6f76a8d143d168bdc942542d5fd263903cbf630f9c58ecf1cdd0,95dd37982251a6b59779e0eed020e266b54fc88c,,NO,4eb3d4e2262485d48d425be06fd8a6b3adfd8a01a27b28e76b5a8d55958d1d55,PARTIAL_INHERITED_DEFAULTS_NOT_DUMPED,BOUND_BY_SOURCE_CODE,lifecycle|identity_repair,Inherited from the hashed TrackingConfig source; no separate sensitivity claim.,PARTIAL_NO_METHOD_SPECIFIC_SENSITIVITY,FROZEN_BY_PREDICTION_AUTHORITY,Current-main active value. The frozen prediction producer was ac9bda0f7432d56229ede36bbb8fa06167846313; inherited defaults were not preserved as a complete runtime dump.
B1_CURRENT_STANDARD_V2_20260728,lifecycle,lost_track_fast_motion_owner_max_gap,0.14,unitless,INHERITED_DEFAULT_WITH_PROVENANCE,src/pig_behavior/tracking/config.py,52c5f54ad44b6f76a8d143d168bdc942542d5fd263903cbf630f9c58ecf1cdd0,95dd37982251a6b59779e0eed020e266b54fc88c,,NO,4eb3d4e2262485d48d425be06fd8a6b3adfd8a01a27b28e76b5a8d55958d1d55,PARTIAL_INHERITED_DEFAULTS_NOT_DUMPED,BOUND_BY_SOURCE_CODE,lifecycle|identity_repair,Inherited from the hashed TrackingConfig source; no separate sensitivity claim.,PARTIAL_NO_METHOD_SPECIFIC_SENSITIVITY,FROZEN_BY_PREDICTION_AUTHORITY,Current-main active value. The frozen prediction producer was ac9bda0f7432d56229ede36bbb8fa06167846313; inherited defaults were not preserved as a complete runtime dump.
B1_CURRENT_STANDARD_V2_20260728,association,lost_track_raw_owner_transfer_appearance_threshold,0.25,unitless,INHERITED_DEFAULT_WITH_PROVENANCE,src/pig_behavior/tracking/config.py,52c5f54ad44b6f76a8d143d168bdc942542d5fd263903cbf630f9c58ecf1cdd0,95dd37982251a6b59779e0eed020e266b54fc88c,,NO,4eb3d4e2262485d48d425be06fd8a6b3adfd8a01a27b28e76b5a8d55958d1d55,PARTIAL_INHERITED_DEFAULTS_NOT_DUMPED,BOUND_BY_SOURCE_CODE,association|lifecycle|identity_repair,Inherited from the hashed TrackingConfig source; no separate sensitivity claim.,PARTIAL_NO_METHOD_SPECIFIC_SENSITIVITY,FROZEN_BY_PREDICTION_AUTHORITY,Current-main active value. The frozen prediction producer was ac9bda0f7432d56229ede36bbb8fa06167846313; inherited defaults were not preserved as a complete runtime dump.
B1_CURRENT_STANDARD_V2_20260728,association,lost_track_raw_owner_transfer_min_appearance_gain,0.05,unitless,INHERITED_DEFAULT_WITH_PROVENANCE,src/pig_behavior/tracking/config.py,52c5f54ad44b6f76a8d143d168bdc942542d5fd263903cbf630f9c58ecf1cdd0,95dd37982251a6b59779e0eed020e266b54fc88c,,NO,4eb3d4e2262485d48d425be06fd8a6b3adfd8a01a27b28e76b5a8d55958d1d55,PARTIAL_INHERITED_DEFAULTS_NOT_DUMPED,BOUND_BY_SOURCE_CODE,association|lifecycle|identity_repair,Inherited from the hashed TrackingConfig source; no separate sensitivity claim.,PARTIAL_NO_METHOD_SPECIFIC_SENSITIVITY,FROZEN_BY_PREDICTION_AUTHORITY,Current-main active value. The frozen prediction producer was ac9bda0f7432d56229ede36bbb8fa06167846313; inherited defaults were not preserved as a complete runtime dump.
B1_CURRENT_STANDARD_V2_20260728,lifecycle,lost_track_raw_owner_transfer_min_center_gain,0.04,unitless,INHERITED_DEFAULT_WITH_PROVENANCE,src/pig_behavior/tracking/config.py,52c5f54ad44b6f76a8d143d168bdc942542d5fd263903cbf630f9c58ecf1cdd0,95dd37982251a6b59779e0eed020e266b54fc88c,,NO,4eb3d4e2262485d48d425be06fd8a6b3adfd8a01a27b28e76b5a8d55958d1d55,PARTIAL_INHERITED_DEFAULTS_NOT_DUMPED,BOUND_BY_SOURCE_CODE,lifecycle|identity_repair,Inherited from the hashed TrackingConfig source; no separate sensitivity claim.,PARTIAL_NO_METHOD_SPECIFIC_SENSITIVITY,FROZEN_BY_PREDICTION_AUTHORITY,Current-main active value. The frozen prediction producer was ac9bda0f7432d56229ede36bbb8fa06167846313; inherited defaults were not preserved as a complete runtime dump.
B1_CURRENT_STANDARD_V2_20260728,lifecycle,lost_track_reacquire_different_raw_owner_guard,true,boolean,INHERITED_DEFAULT_WITH_PROVENANCE,src/pig_behavior/tracking/config.py,52c5f54ad44b6f76a8d143d168bdc942542d5fd263903cbf630f9c58ecf1cdd0,95dd37982251a6b59779e0eed020e266b54fc88c,,NO,4eb3d4e2262485d48d425be06fd8a6b3adfd8a01a27b28e76b5a8d55958d1d55,PARTIAL_INHERITED_DEFAULTS_NOT_DUMPED,BOUND_BY_SOURCE_CODE,lifecycle|identity_repair,Inherited from the hashed TrackingConfig source; no separate sensitivity claim.,PARTIAL_NO_METHOD_SPECIFIC_SENSITIVITY,FROZEN_BY_PREDICTION_AUTHORITY,Current-main active value. The frozen prediction producer was ac9bda0f7432d56229ede36bbb8fa06167846313; inherited defaults were not preserved as a complete runtime dump.
B1_CURRENT_STANDARD_V2_20260728,lifecycle,lost_track_reacquire_guard,true,boolean,INHERITED_DEFAULT_WITH_PROVENANCE,src/pig_behavior/tracking/config.py,52c5f54ad44b6f76a8d143d168bdc942542d5fd263903cbf630f9c58ecf1cdd0,95dd37982251a6b59779e0eed020e266b54fc88c,,NO,4eb3d4e2262485d48d425be06fd8a6b3adfd8a01a27b28e76b5a8d55958d1d55,PARTIAL_INHERITED_DEFAULTS_NOT_DUMPED,BOUND_BY_SOURCE_CODE,lifecycle,Inherited from the hashed TrackingConfig source; no separate sensitivity claim.,PARTIAL_NO_METHOD_SPECIFIC_SENSITIVITY,FROZEN_BY_PREDICTION_AUTHORITY,Current-main active value. The frozen prediction producer was ac9bda0f7432d56229ede36bbb8fa06167846313; inherited defaults were not preserved as a complete runtime dump.
B1_CURRENT_STANDARD_V2_20260728,lifecycle,lost_track_reacquire_max_center_jump,0.22,unitless,INHERITED_DEFAULT_WITH_PROVENANCE,src/pig_behavior/tracking/config.py,52c5f54ad44b6f76a8d143d168bdc942542d5fd263903cbf630f9c58ecf1cdd0,95dd37982251a6b59779e0eed020e266b54fc88c,,NO,4eb3d4e2262485d48d425be06fd8a6b3adfd8a01a27b28e76b5a8d55958d1d55,PARTIAL_INHERITED_DEFAULTS_NOT_DUMPED,BOUND_BY_SOURCE_CODE,lifecycle,Inherited from the hashed TrackingConfig source; no separate sensitivity claim.,PARTIAL_NO_METHOD_SPECIFIC_SENSITIVITY,FROZEN_BY_PREDICTION_AUTHORITY,Current-main active value. The frozen prediction producer was ac9bda0f7432d56229ede36bbb8fa06167846313; inherited defaults were not preserved as a complete runtime dump.
B1_CURRENT_STANDARD_V2_20260728,lifecycle,lost_track_reacquire_non_same_raw_distance_guard,false,boolean,INHERITED_DEFAULT_WITH_PROVENANCE,src/pig_behavior/tracking/config.py,52c5f54ad44b6f76a8d143d168bdc942542d5fd263903cbf630f9c58ecf1cdd0,95dd37982251a6b59779e0eed020e266b54fc88c,,NO,4eb3d4e2262485d48d425be06fd8a6b3adfd8a01a27b28e76b5a8d55958d1d55,PARTIAL_INHERITED_DEFAULTS_NOT_DUMPED,BOUND_BY_SOURCE_CODE,lifecycle,Inherited from the hashed TrackingConfig source; no separate sensitivity claim.,PARTIAL_NO_METHOD_SPECIFIC_SENSITIVITY,FROZEN_BY_PREDICTION_AUTHORITY,Current-main active value. The frozen prediction producer was ac9bda0f7432d56229ede36bbb8fa06167846313; inherited defaults were not preserved as a complete runtime dump.
B1_CURRENT_STANDARD_V2_20260728,lifecycle,lost_track_reacquire_raw_owner_guard,true,boolean,INHERITED_DEFAULT_WITH_PROVENANCE,src/pig_behavior/tracking/config.py,52c5f54ad44b6f76a8d143d168bdc942542d5fd263903cbf630f9c58ecf1cdd0,95dd37982251a6b59779e0eed020e266b54fc88c,,NO,4eb3d4e2262485d48d425be06fd8a6b3adfd8a01a27b28e76b5a8d55958d1d55,PARTIAL_INHERITED_DEFAULTS_NOT_DUMPED,BOUND_BY_SOURCE_CODE,lifecycle|identity_repair,Inherited from the hashed TrackingConfig source; no separate sensitivity claim.,PARTIAL_NO_METHOD_SPECIFIC_SENSITIVITY,FROZEN_BY_PREDICTION_AUTHORITY,Current-main active value. The frozen prediction producer was ac9bda0f7432d56229ede36bbb8fa06167846313; inherited defaults were not preserved as a complete runtime dump.
B1_CURRENT_STANDARD_V2_20260728,association,lost_track_reacquire_same_raw_appearance_bypass,true,boolean,INHERITED_DEFAULT_WITH_PROVENANCE,src/pig_behavior/tracking/config.py,52c5f54ad44b6f76a8d143d168bdc942542d5fd263903cbf630f9c58ecf1cdd0,95dd37982251a6b59779e0eed020e266b54fc88c,,NO,4eb3d4e2262485d48d425be06fd8a6b3adfd8a01a27b28e76b5a8d55958d1d55,PARTIAL_INHERITED_DEFAULTS_NOT_DUMPED,BOUND_BY_SOURCE_CODE,association|lifecycle,Inherited from the hashed TrackingConfig source; no separate sensitivity claim.,PARTIAL_NO_METHOD_SPECIFIC_SENSITIVITY,FROZEN_BY_PREDICTION_AUTHORITY,Current-main active value. The frozen prediction producer was ac9bda0f7432d56229ede36bbb8fa06167846313; inherited defaults were not preserved as a complete runtime dump.
B1_CURRENT_STANDARD_V2_20260728,association,lost_track_reacquire_same_raw_appearance_threshold,0.25,unitless,INHERITED_DEFAULT_WITH_PROVENANCE,src/pig_behavior/tracking/config.py,52c5f54ad44b6f76a8d143d168bdc942542d5fd263903cbf630f9c58ecf1cdd0,95dd37982251a6b59779e0eed020e266b54fc88c,,NO,4eb3d4e2262485d48d425be06fd8a6b3adfd8a01a27b28e76b5a8d55958d1d55,PARTIAL_INHERITED_DEFAULTS_NOT_DUMPED,BOUND_BY_SOURCE_CODE,association|lifecycle,Inherited from the hashed TrackingConfig source; no separate sensitivity claim.,PARTIAL_NO_METHOD_SPECIFIC_SENSITIVITY,FROZEN_BY_PREDICTION_AUTHORITY,Current-main active value. The frozen prediction producer was ac9bda0f7432d56229ede36bbb8fa06167846313; inherited defaults were not preserved as a complete runtime dump.
B1_CURRENT_STANDARD_V2_20260728,lifecycle,lost_track_reacquire_same_raw_distance_guard,true,boolean,INHERITED_DEFAULT_WITH_PROVENANCE,src/pig_behavior/tracking/config.py,52c5f54ad44b6f76a8d143d168bdc942542d5fd263903cbf630f9c58ecf1cdd0,95dd37982251a6b59779e0eed020e266b54fc88c,,NO,4eb3d4e2262485d48d425be06fd8a6b3adfd8a01a27b28e76b5a8d55958d1d55,PARTIAL_INHERITED_DEFAULTS_NOT_DUMPED,BOUND_BY_SOURCE_CODE,lifecycle,Inherited from the hashed TrackingConfig source; no separate sensitivity claim.,PARTIAL_NO_METHOD_SPECIFIC_SENSITIVITY,FROZEN_BY_PREDICTION_AUTHORITY,Current-main active value. The frozen prediction producer was ac9bda0f7432d56229ede36bbb8fa06167846313; inherited defaults were not preserved as a complete runtime dump.
B1_CURRENT_STANDARD_V2_20260728,lifecycle,lost_track_reacquire_same_raw_max_center_jump,0.34,unitless,INHERITED_DEFAULT_WITH_PROVENANCE,src/pig_behavior/tracking/config.py,52c5f54ad44b6f76a8d143d168bdc942542d5fd263903cbf630f9c58ecf1cdd0,95dd37982251a6b59779e0eed020e266b54fc88c,,NO,4eb3d4e2262485d48d425be06fd8a6b3adfd8a01a27b28e76b5a8d55958d1d55,PARTIAL_INHERITED_DEFAULTS_NOT_DUMPED,BOUND_BY_SOURCE_CODE,lifecycle,Inherited from the hashed TrackingConfig source; no separate sensitivity claim.,PARTIAL_NO_METHOD_SPECIFIC_SENSITIVITY,FROZEN_BY_PREDICTION_AUTHORITY,Current-main active value. The frozen prediction producer was ac9bda0f7432d56229ede36bbb8fa06167846313; inherited defaults were not preserved as a complete runtime dump.
B1_CURRENT_STANDARD_V2_20260728,lifecycle,lost_track_reacquire_same_raw_owner_guard,true,boolean,INHERITED_DEFAULT_WITH_PROVENANCE,src/pig_behavior/tracking/config.py,52c5f54ad44b6f76a8d143d168bdc942542d5fd263903cbf630f9c58ecf1cdd0,95dd37982251a6b59779e0eed020e266b54fc88c,,NO,4eb3d4e2262485d48d425be06fd8a6b3adfd8a01a27b28e76b5a8d55958d1d55,PARTIAL_INHERITED_DEFAULTS_NOT_DUMPED,BOUND_BY_SOURCE_CODE,lifecycle|identity_repair,Inherited from the hashed TrackingConfig source; no separate sensitivity claim.,PARTIAL_NO_METHOD_SPECIFIC_SENSITIVITY,FROZEN_BY_PREDICTION_AUTHORITY,Current-main active value. The frozen prediction producer was ac9bda0f7432d56229ede36bbb8fa06167846313; inherited defaults were not preserved as a complete runtime dump.
B1_CURRENT_STANDARD_V2_20260728,association,lost_track_reid_appearance_threshold,0.25,unitless,INHERITED_DEFAULT_WITH_PROVENANCE,src/pig_behavior/tracking/config.py,52c5f54ad44b6f76a8d143d168bdc942542d5fd263903cbf630f9c58ecf1cdd0,95dd37982251a6b59779e0eed020e266b54fc88c,,NO,4eb3d4e2262485d48d425be06fd8a6b3adfd8a01a27b28e76b5a8d55958d1d55,PARTIAL_INHERITED_DEFAULTS_NOT_DUMPED,BOUND_BY_SOURCE_CODE,association|lifecycle,Inherited from the hashed TrackingConfig source; no separate sensitivity claim.,PARTIAL_NO_METHOD_SPECIFIC_SENSITIVITY,FROZEN_BY_PREDICTION_AUTHORITY,Current-main active value. The frozen prediction producer was ac9bda0f7432d56229ede36bbb8fa06167846313; inherited defaults were not preserved as a complete runtime dump.
B1_CURRENT_STANDARD_V2_20260728,bbox_geometry,low_conf_max_box_jump_scale,2.0,unitless,PREDECLARED_DEVELOPMENT_SELECTION,src/pig_behavior/tracking/profiles/hybrid_bytetrack.py,b3c63faffa705915e2e9e9b7823068af229ceedd9b263a68579e7d7b384500e6,95dd37982251a6b59779e0eed020e266b54fc88c,2.0,YES,4eb3d4e2262485d48d425be06fd8a6b3adfd8a01a27b28e76b5a8d55958d1d55,YES_PROFILE_OVERRIDE_ONLY,BOUND_BY_EFFECTIVE_CONFIG,bbox_geometry,Profile override frozen by a development authority before its authority run.,SUFFICIENT_WITH_DEVELOPMENT_SCOPE_LIMITATION,FROZEN_BY_PREDICTION_AUTHORITY,Current-main active value. The frozen prediction producer was ac9bda0f7432d56229ede36bbb8fa06167846313; inherited defaults were not preserved as a complete runtime dump.
B1_CURRENT_STANDARD_V2_20260728,engineering_or_indirect,low_conf_max_center_jump,0.1,unitless,PREDECLARED_DEVELOPMENT_SELECTION,src/pig_behavior/tracking/profiles/hybrid_bytetrack.py,b3c63faffa705915e2e9e9b7823068af229ceedd9b263a68579e7d7b384500e6,95dd37982251a6b59779e0eed020e266b54fc88c,0.1,YES,4eb3d4e2262485d48d425be06fd8a6b3adfd8a01a27b28e76b5a8d55958d1d55,YES_PROFILE_OVERRIDE_ONLY,BOUND_BY_EFFECTIVE_CONFIG,engineering_or_indirect,Profile override frozen by a development authority before its authority run.,SUFFICIENT_WITH_DEVELOPMENT_SCOPE_LIMITATION,FROZEN_BY_PREDICTION_AUTHORITY,Current-main active value. The frozen prediction producer was ac9bda0f7432d56229ede36bbb8fa06167846313; inherited defaults were not preserved as a complete runtime dump.
B1_CURRENT_STANDARD_V2_20260728,association,low_conf_min_iou,0.01,unitless ratio,INHERITED_DEFAULT_WITH_PROVENANCE,src/pig_behavior/tracking/config.py,52c5f54ad44b6f76a8d143d168bdc942542d5fd263903cbf630f9c58ecf1cdd0,95dd37982251a6b59779e0eed020e266b54fc88c,,NO,4eb3d4e2262485d48d425be06fd8a6b3adfd8a01a27b28e76b5a8d55958d1d55,PARTIAL_INHERITED_DEFAULTS_NOT_DUMPED,BOUND_BY_SOURCE_CODE,association,Inherited from the hashed TrackingConfig source; no separate sensitivity claim.,PARTIAL_NO_METHOD_SPECIFIC_SENSITIVITY,FROZEN_BY_PREDICTION_AUTHORITY,Current-main active value. The frozen prediction producer was ac9bda0f7432d56229ede36bbb8fa06167846313; inherited defaults were not preserved as a complete runtime dump.
B1_CURRENT_STANDARD_V2_20260728,engineering_or_indirect,low_conf_motion_gate,true,boolean,INHERITED_DEFAULT_WITH_PROVENANCE,src/pig_behavior/tracking/config.py,52c5f54ad44b6f76a8d143d168bdc942542d5fd263903cbf630f9c58ecf1cdd0,95dd37982251a6b59779e0eed020e266b54fc88c,,NO,4eb3d4e2262485d48d425be06fd8a6b3adfd8a01a27b28e76b5a8d55958d1d55,PARTIAL_INHERITED_DEFAULTS_NOT_DUMPED,BOUND_BY_SOURCE_CODE,engineering_or_indirect,Inherited from the hashed TrackingConfig source; no separate sensitivity claim.,PARTIAL_NO_METHOD_SPECIFIC_SENSITIVITY,FROZEN_BY_PREDICTION_AUTHORITY,Current-main active value. The frozen prediction producer was ac9bda0f7432d56229ede36bbb8fa06167846313; inherited defaults were not preserved as a complete runtime dump.
B1_CURRENT_STANDARD_V2_20260728,bbox_geometry,low_conf_smooth_alpha,0.35,unitless,INHERITED_DEFAULT_WITH_PROVENANCE,src/pig_behavior/tracking/config.py,52c5f54ad44b6f76a8d143d168bdc942542d5fd263903cbf630f9c58ecf1cdd0,95dd37982251a6b59779e0eed020e266b54fc88c,,NO,4eb3d4e2262485d48d425be06fd8a6b3adfd8a01a27b28e76b5a8d55958d1d55,PARTIAL_INHERITED_DEFAULTS_NOT_DUMPED,BOUND_BY_SOURCE_CODE,bbox_geometry|evaluator_only,Inherited from the hashed TrackingConfig source; no separate sensitivity claim.,PARTIAL_NO_METHOD_SPECIFIC_SENSITIVITY,FROZEN_BY_PREDICTION_AUTHORITY,Current-main active value. The frozen prediction producer was ac9bda0f7432d56229ede36bbb8fa06167846313; inherited defaults were not preserved as a complete runtime dump.
B1_CURRENT_STANDARD_V2_20260728,engineering_or_indirect,mark_interpolated_review,true,boolean,INHERITED_DEFAULT_WITH_PROVENANCE,src/pig_behavior/tracking/config.py,52c5f54ad44b6f76a8d143d168bdc942542d5fd263903cbf630f9c58ecf1cdd0,95dd37982251a6b59779e0eed020e266b54fc88c,,NO,4eb3d4e2262485d48d425be06fd8a6b3adfd8a01a27b28e76b5a8d55958d1d55,PARTIAL_INHERITED_DEFAULTS_NOT_DUMPED,BOUND_BY_SOURCE_CODE,engineering_or_indirect,Inherited from the hashed TrackingConfig source; no separate sensitivity claim.,PARTIAL_NO_METHOD_SPECIFIC_SENSITIVITY,FROZEN_BY_PREDICTION_AUTHORITY,Current-main active value. The frozen prediction producer was ac9bda0f7432d56229ede36bbb8fa06167846313; inherited defaults were not preserved as a complete runtime dump.
B1_CURRENT_STANDARD_V2_20260728,detection,mask_input_frame,true,boolean,INHERITED_DEFAULT_WITH_PROVENANCE,src/pig_behavior/tracking/config.py,52c5f54ad44b6f76a8d143d168bdc942542d5fd263903cbf630f9c58ecf1cdd0,95dd37982251a6b59779e0eed020e266b54fc88c,,NO,4eb3d4e2262485d48d425be06fd8a6b3adfd8a01a27b28e76b5a8d55958d1d55,PARTIAL_INHERITED_DEFAULTS_NOT_DUMPED,BOUND_BY_SOURCE_CODE,detection|runtime,Inherited from the hashed TrackingConfig source; no separate sensitivity claim.,PARTIAL_NO_METHOD_SPECIFIC_SENSITIVITY,FROZEN_BY_PREDICTION_AUTHORITY,Current-main active value. The frozen prediction producer was ac9bda0f7432d56229ede36bbb8fa06167846313; inherited defaults were not preserved as a complete runtime dump.
B1_CURRENT_STANDARD_V2_20260728,detection,mask_iou_max_missed,10,unitless ratio,INHERITED_DEFAULT_WITH_PROVENANCE,src/pig_behavior/tracking/config.py,52c5f54ad44b6f76a8d143d168bdc942542d5fd263903cbf630f9c58ecf1cdd0,95dd37982251a6b59779e0eed020e266b54fc88c,,NO,4eb3d4e2262485d48d425be06fd8a6b3adfd8a01a27b28e76b5a8d55958d1d55,PARTIAL_INHERITED_DEFAULTS_NOT_DUMPED,BOUND_BY_SOURCE_CODE,detection|association|lifecycle,Inherited from the hashed TrackingConfig source; no separate sensitivity claim.,PARTIAL_NO_METHOD_SPECIFIC_SENSITIVITY,FROZEN_BY_PREDICTION_AUTHORITY,Current-main active value. The frozen prediction producer was ac9bda0f7432d56229ede36bbb8fa06167846313; inherited defaults were not preserved as a complete runtime dump.
B1_CURRENT_STANDARD_V2_20260728,detection,mask_iou_min_area,64,unitless ratio,INHERITED_DEFAULT_WITH_PROVENANCE,src/pig_behavior/tracking/config.py,52c5f54ad44b6f76a8d143d168bdc942542d5fd263903cbf630f9c58ecf1cdd0,95dd37982251a6b59779e0eed020e266b54fc88c,,NO,4eb3d4e2262485d48d425be06fd8a6b3adfd8a01a27b28e76b5a8d55958d1d55,PARTIAL_INHERITED_DEFAULTS_NOT_DUMPED,BOUND_BY_SOURCE_CODE,detection|association,Inherited from the hashed TrackingConfig source; no separate sensitivity claim.,PARTIAL_NO_METHOD_SPECIFIC_SENSITIVITY,FROZEN_BY_PREDICTION_AUTHORITY,Current-main active value. The frozen prediction producer was ac9bda0f7432d56229ede36bbb8fa06167846313; inherited defaults were not preserved as a complete runtime dump.
B1_CURRENT_STANDARD_V2_20260728,detection,mask_path,"""C:\\Users\\ironh\\Downloads\\PIG_Behavior_Project\\.codex_tmp\\worktrees\\tracking_scientific_grounding_authority\\data\\annotations\\scene\\mask.png""",categorical/path,DATA_SCHEMA_CONSTRAINT,src/pig_behavior/tracking/config.py,52c5f54ad44b6f76a8d143d168bdc942542d5fd263903cbf630f9c58ecf1cdd0,95dd37982251a6b59779e0eed020e266b54fc88c,,NO,4eb3d4e2262485d48d425be06fd8a6b3adfd8a01a27b28e76b5a8d55958d1d55,PARTIAL_INHERITED_DEFAULTS_NOT_DUMPED,BOUND_BY_SOURCE_CODE,detection,Bound to the repository data/cache/export schema.,SUFFICIENT,FROZEN_BY_PREDICTION_AUTHORITY,Current-main active value. The frozen prediction producer was ac9bda0f7432d56229ede36bbb8fa06167846313; inherited defaults were not preserved as a complete runtime dump.
B1_CURRENT_STANDARD_V2_20260728,association,match_cost_threshold,0.78,unitless,INHERITED_DEFAULT_WITH_PROVENANCE,src/pig_behavior/tracking/config.py,52c5f54ad44b6f76a8d143d168bdc942542d5fd263903cbf630f9c58ecf1cdd0,95dd37982251a6b59779e0eed020e266b54fc88c,,NO,4eb3d4e2262485d48d425be06fd8a6b3adfd8a01a27b28e76b5a8d55958d1d55,PARTIAL_INHERITED_DEFAULTS_NOT_DUMPED,BOUND_BY_SOURCE_CODE,association,Inherited from the hashed TrackingConfig source; no separate sensitivity claim.,PARTIAL_NO_METHOD_SPECIFIC_SENSITIVITY,FROZEN_BY_PREDICTION_AUTHORITY,Current-main active value. The frozen prediction producer was ac9bda0f7432d56229ede36bbb8fa06167846313; inherited defaults were not preserved as a complete runtime dump.
B1_CURRENT_STANDARD_V2_20260728,bbox_geometry,max_box_scale_change_after_gap,0.75,unitless,INHERITED_DEFAULT_WITH_PROVENANCE,src/pig_behavior/tracking/config.py,52c5f54ad44b6f76a8d143d168bdc942542d5fd263903cbf630f9c58ecf1cdd0,95dd37982251a6b59779e0eed020e266b54fc88c,,NO,4eb3d4e2262485d48d425be06fd8a6b3adfd8a01a27b28e76b5a8d55958d1d55,PARTIAL_INHERITED_DEFAULTS_NOT_DUMPED,BOUND_BY_SOURCE_CODE,bbox_geometry,Inherited from the hashed TrackingConfig source; no separate sensitivity claim.,PARTIAL_NO_METHOD_SPECIFIC_SENSITIVITY,FROZEN_BY_PREDICTION_AUTHORITY,Current-main active value. The frozen prediction producer was ac9bda0f7432d56229ede36bbb8fa06167846313; inherited defaults were not preserved as a complete runtime dump.
B1_CURRENT_STANDARD_V2_20260728,bbox_geometry,max_box_scale_change_per_frame,0.25,frames,INHERITED_DEFAULT_WITH_PROVENANCE,src/pig_behavior/tracking/config.py,52c5f54ad44b6f76a8d143d168bdc942542d5fd263903cbf630f9c58ecf1cdd0,95dd37982251a6b59779e0eed020e266b54fc88c,,NO,4eb3d4e2262485d48d425be06fd8a6b3adfd8a01a27b28e76b5a8d55958d1d55,PARTIAL_INHERITED_DEFAULTS_NOT_DUMPED,BOUND_BY_SOURCE_CODE,bbox_geometry|runtime,Inherited from the hashed TrackingConfig source; no separate sensitivity claim.,PARTIAL_NO_METHOD_SPECIFIC_SENSITIVITY,FROZEN_BY_PREDICTION_AUTHORITY,Current-main active value. The frozen prediction producer was ac9bda0f7432d56229ede36bbb8fa06167846313; inherited defaults were not preserved as a complete runtime dump.
B1_CURRENT_STANDARD_V2_20260728,runtime,max_frames,null,frames,HARDWARE_OR_RUNTIME_CONSTRAINT,src/pig_behavior/tracking/config.py,52c5f54ad44b6f76a8d143d168bdc942542d5fd263903cbf630f9c58ecf1cdd0,95dd37982251a6b59779e0eed020e266b54fc88c,,NO,4eb3d4e2262485d48d425be06fd8a6b3adfd8a01a27b28e76b5a8d55958d1d55,PARTIAL_INHERITED_DEFAULTS_NOT_DUMPED,BOUND_BY_SOURCE_CODE,runtime,Execution/safety constraint rather than a quality claim.,SUFFICIENT,FROZEN_BY_PREDICTION_AUTHORITY,Current-main active value. The frozen prediction producer was ac9bda0f7432d56229ede36bbb8fa06167846313; inherited defaults were not preserved as a complete runtime dump.
B1_CURRENT_STANDARD_V2_20260728,engineering_or_indirect,max_interpolation_gap,30,count,INHERITED_DEFAULT_WITH_PROVENANCE,src/pig_behavior/tracking/config.py,52c5f54ad44b6f76a8d143d168bdc942542d5fd263903cbf630f9c58ecf1cdd0,95dd37982251a6b59779e0eed020e266b54fc88c,,NO,4eb3d4e2262485d48d425be06fd8a6b3adfd8a01a27b28e76b5a8d55958d1d55,PARTIAL_INHERITED_DEFAULTS_NOT_DUMPED,BOUND_BY_SOURCE_CODE,engineering_or_indirect,Inherited from the hashed TrackingConfig source; no separate sensitivity claim.,PARTIAL_NO_METHOD_SPECIFIC_SENSITIVITY,FROZEN_BY_PREDICTION_AUTHORITY,Current-main active value. The frozen prediction producer was ac9bda0f7432d56229ede36bbb8fa06167846313; inherited defaults were not preserved as a complete runtime dump.
B1_CURRENT_STANDARD_V2_20260728,lifecycle,max_lost_frames,30,frames,INHERITED_DEFAULT_WITH_PROVENANCE,src/pig_behavior/tracking/config.py,52c5f54ad44b6f76a8d143d168bdc942542d5fd263903cbf630f9c58ecf1cdd0,95dd37982251a6b59779e0eed020e266b54fc88c,,NO,4eb3d4e2262485d48d425be06fd8a6b3adfd8a01a27b28e76b5a8d55958d1d55,PARTIAL_INHERITED_DEFAULTS_NOT_DUMPED,BOUND_BY_SOURCE_CODE,lifecycle|runtime,Inherited from the hashed TrackingConfig source; no separate sensitivity claim.,PARTIAL_NO_METHOD_SPECIFIC_SENSITIVITY,FROZEN_BY_PREDICTION_AUTHORITY,Current-main active value. The frozen prediction producer was ac9bda0f7432d56229ede36bbb8fa06167846313; inherited defaults were not preserved as a complete runtime dump.
B1_CURRENT_STANDARD_V2_20260728,runtime,max_missing_frames,30,frames,INHERITED_DEFAULT_WITH_PROVENANCE,src/pig_behavior/tracking/config.py,52c5f54ad44b6f76a8d143d168bdc942542d5fd263903cbf630f9c58ecf1cdd0,95dd37982251a6b59779e0eed020e266b54fc88c,,NO,4eb3d4e2262485d48d425be06fd8a6b3adfd8a01a27b28e76b5a8d55958d1d55,PARTIAL_INHERITED_DEFAULTS_NOT_DUMPED,BOUND_BY_SOURCE_CODE,runtime,Inherited from the hashed TrackingConfig source; no separate sensitivity claim.,PARTIAL_NO_METHOD_SPECIFIC_SENSITIVITY,FROZEN_BY_PREDICTION_AUTHORITY,Current-main active value. The frozen prediction producer was ac9bda0f7432d56229ede36bbb8fa06167846313; inherited defaults were not preserved as a complete runtime dump.
B1_CURRENT_STANDARD_V2_20260728,detection,max_raw_detections,64,count,PREDECLARED_DEVELOPMENT_SELECTION,src/pig_behavior/tracking/profiles/hybrid_bytetrack.py,b3c63faffa705915e2e9e9b7823068af229ceedd9b263a68579e7d7b384500e6,95dd37982251a6b59779e0eed020e266b54fc88c,64,YES,4eb3d4e2262485d48d425be06fd8a6b3adfd8a01a27b28e76b5a8d55958d1d55,YES_PROFILE_OVERRIDE_ONLY,BOUND_BY_EFFECTIVE_CONFIG,detection,Profile override frozen by a development authority before its authority run.,SUFFICIENT_WITH_DEVELOPMENT_SCOPE_LIMITATION,FROZEN_BY_PREDICTION_AUTHORITY,Current-main active value. The frozen prediction producer was ac9bda0f7432d56229ede36bbb8fa06167846313; inherited defaults were not preserved as a complete runtime dump.
B1_CURRENT_STANDARD_V2_20260728,bbox_geometry,merged_box_growth_ratio,1.5,unitless,INHERITED_DEFAULT_WITH_PROVENANCE,src/pig_behavior/tracking/config.py,52c5f54ad44b6f76a8d143d168bdc942542d5fd263903cbf630f9c58ecf1cdd0,95dd37982251a6b59779e0eed020e266b54fc88c,,NO,4eb3d4e2262485d48d425be06fd8a6b3adfd8a01a27b28e76b5a8d55958d1d55,PARTIAL_INHERITED_DEFAULTS_NOT_DUMPED,BOUND_BY_SOURCE_CODE,bbox_geometry,Inherited from the hashed TrackingConfig source; no separate sensitivity claim.,PARTIAL_NO_METHOD_SPECIFIC_SENSITIVITY,FROZEN_BY_PREDICTION_AUTHORITY,Current-main active value. The frozen prediction producer was ac9bda0f7432d56229ede36bbb8fa06167846313; inherited defaults were not preserved as a complete runtime dump.
B1_CURRENT_STANDARD_V2_20260728,bbox_geometry,merged_box_neighbor_distance,0.12,unitless,INHERITED_DEFAULT_WITH_PROVENANCE,src/pig_behavior/tracking/config.py,52c5f54ad44b6f76a8d143d168bdc942542d5fd263903cbf630f9c58ecf1cdd0,95dd37982251a6b59779e0eed020e266b54fc88c,,NO,4eb3d4e2262485d48d425be06fd8a6b3adfd8a01a27b28e76b5a8d55958d1d55,PARTIAL_INHERITED_DEFAULTS_NOT_DUMPED,BOUND_BY_SOURCE_CODE,bbox_geometry,Inherited from the hashed TrackingConfig source; no separate sensitivity claim.,PARTIAL_NO_METHOD_SPECIFIC_SENSITIVITY,FROZEN_BY_PREDICTION_AUTHORITY,Current-main active value. The frozen prediction producer was ac9bda0f7432d56229ede36bbb8fa06167846313; inherited defaults were not preserved as a complete runtime dump.
B1_CURRENT_STANDARD_V2_20260728,bbox_geometry,merged_box_split_max_tracks,2,count,INHERITED_DEFAULT_WITH_PROVENANCE,src/pig_behavior/tracking/config.py,52c5f54ad44b6f76a8d143d168bdc942542d5fd263903cbf630f9c58ecf1cdd0,95dd37982251a6b59779e0eed020e266b54fc88c,,NO,4eb3d4e2262485d48d425be06fd8a6b3adfd8a01a27b28e76b5a8d55958d1d55,PARTIAL_INHERITED_DEFAULTS_NOT_DUMPED,BOUND_BY_SOURCE_CODE,bbox_geometry,Inherited from the hashed TrackingConfig source; no separate sensitivity claim.,PARTIAL_NO_METHOD_SPECIFIC_SENSITIVITY,FROZEN_BY_PREDICTION_AUTHORITY,Current-main active value. The frozen prediction producer was ac9bda0f7432d56229ede36bbb8fa06167846313; inherited defaults were not preserved as a complete runtime dump.
B1_CURRENT_STANDARD_V2_20260728,bbox_geometry,mid_conf_smooth_alpha,0.55,unitless,INHERITED_DEFAULT_WITH_PROVENANCE,src/pig_behavior/tracking/config.py,52c5f54ad44b6f76a8d143d168bdc942542d5fd263903cbf630f9c58ecf1cdd0,95dd37982251a6b59779e0eed020e266b54fc88c,,NO,4eb3d4e2262485d48d425be06fd8a6b3adfd8a01a27b28e76b5a8d55958d1d55,PARTIAL_INHERITED_DEFAULTS_NOT_DUMPED,BOUND_BY_SOURCE_CODE,bbox_geometry|evaluator_only,Inherited from the hashed TrackingConfig source; no separate sensitivity claim.,PARTIAL_NO_METHOD_SPECIFIC_SENSITIVITY,FROZEN_BY_PREDICTION_AUTHORITY,Current-main active value. The frozen prediction producer was ac9bda0f7432d56229ede36bbb8fa06167846313; inherited defaults were not preserved as a complete runtime dump.
B1_CURRENT_STANDARD_V2_20260728,engineering_or_indirect,mode,"""realtime""",categorical/path,ORIGINAL_METHOD_SPECIFICATION,src/pig_behavior/tracking/config.py,52c5f54ad44b6f76a8d143d168bdc942542d5fd263903cbf630f9c58ecf1cdd0,95dd37982251a6b59779e0eed020e266b54fc88c,,NO,4eb3d4e2262485d48d425be06fd8a6b3adfd8a01a27b28e76b5a8d55958d1d55,PARTIAL_INHERITED_DEFAULTS_NOT_DUMPED,BOUND_BY_SOURCE_CODE,engineering_or_indirect,Defines the method family or locked eight-animal task.,SUFFICIENT,FROZEN_BY_PREDICTION_AUTHORITY,Current-main active value. The frozen prediction producer was ac9bda0f7432d56229ede36bbb8fa06167846313; inherited defaults were not preserved as a complete runtime dump.
B1_CURRENT_STANDARD_V2_20260728,engineering_or_indirect,motion_gate_confidence,0.45,unitless ratio,INHERITED_DEFAULT_WITH_PROVENANCE,src/pig_behavior/tracking/config.py,52c5f54ad44b6f76a8d143d168bdc942542d5fd263903cbf630f9c58ecf1cdd0,95dd37982251a6b59779e0eed020e266b54fc88c,,NO,4eb3d4e2262485d48d425be06fd8a6b3adfd8a01a27b28e76b5a8d55958d1d55,PARTIAL_INHERITED_DEFAULTS_NOT_DUMPED,BOUND_BY_SOURCE_CODE,engineering_or_indirect,Inherited from the hashed TrackingConfig source; no separate sensitivity claim.,PARTIAL_NO_METHOD_SPECIFIC_SENSITIVITY,FROZEN_BY_PREDICTION_AUTHORITY,Current-main active value. The frozen prediction producer was ac9bda0f7432d56229ede36bbb8fa06167846313; inherited defaults were not preserved as a complete runtime dump.
B1_CURRENT_STANDARD_V2_20260728,Hidden_state,near_wall_hidden_geometry_distance_bbox_scale,0.25,unitless,PREDECLARED_DEVELOPMENT_SELECTION,src/pig_behavior/tracking/profiles/hybrid_bytetrack.py,b3c63faffa705915e2e9e9b7823068af229ceedd9b263a68579e7d7b384500e6,95dd37982251a6b59779e0eed020e266b54fc88c,0.25,YES,4eb3d4e2262485d48d425be06fd8a6b3adfd8a01a27b28e76b5a8d55958d1d55,YES_PROFILE_OVERRIDE_ONLY,BOUND_BY_EFFECTIVE_CONFIG,Hidden_state|bbox_geometry,Profile override frozen by a development authority before its authority run.,SUFFICIENT_WITH_DEVELOPMENT_SCOPE_LIMITATION,FROZEN_BY_PREDICTION_AUTHORITY,Current-main active value. The frozen prediction producer was ac9bda0f7432d56229ede36bbb8fa06167846313; inherited defaults were not preserved as a complete runtime dump.
B1_CURRENT_STANDARD_V2_20260728,Hidden_state,near_wall_hidden_geometry_max_center_shift,0.04,unitless,PREDECLARED_DEVELOPMENT_SELECTION,src/pig_behavior/tracking/profiles/hybrid_bytetrack.py,b3c63faffa705915e2e9e9b7823068af229ceedd9b263a68579e7d7b384500e6,95dd37982251a6b59779e0eed020e266b54fc88c,0.04,YES,4eb3d4e2262485d48d425be06fd8a6b3adfd8a01a27b28e76b5a8d55958d1d55,YES_PROFILE_OVERRIDE_ONLY,BOUND_BY_EFFECTIVE_CONFIG,Hidden_state|bbox_geometry,Profile override frozen by a development authority before its authority run.,SUFFICIENT_WITH_DEVELOPMENT_SCOPE_LIMITATION,FROZEN_BY_PREDICTION_AUTHORITY,Current-main active value. The frozen prediction producer was ac9bda0f7432d56229ede36bbb8fa06167846313; inherited defaults were not preserved as a complete runtime dump.
B1_CURRENT_STANDARD_V2_20260728,Hidden_state,near_wall_hidden_geometry_max_gap_frames,30,frames,PREDECLARED_DEVELOPMENT_SELECTION,src/pig_behavior/tracking/profiles/hybrid_bytetrack.py,b3c63faffa705915e2e9e9b7823068af229ceedd9b263a68579e7d7b384500e6,95dd37982251a6b59779e0eed020e266b54fc88c,30,YES,4eb3d4e2262485d48d425be06fd8a6b3adfd8a01a27b28e76b5a8d55958d1d55,YES_PROFILE_OVERRIDE_ONLY,BOUND_BY_EFFECTIVE_CONFIG,Hidden_state|bbox_geometry|runtime,Profile override frozen by a development authority before its authority run.,SUFFICIENT_WITH_DEVELOPMENT_SCOPE_LIMITATION,FROZEN_BY_PREDICTION_AUTHORITY,Current-main active value. The frozen prediction producer was ac9bda0f7432d56229ede36bbb8fa06167846313; inherited defaults were not preserved as a complete runtime dump.
B1_CURRENT_STANDARD_V2_20260728,Hidden_state,near_wall_hidden_geometry_min_width_excess,0.08,unitless,PREDECLARED_DEVELOPMENT_SELECTION,src/pig_behavior/tracking/profiles/hybrid_bytetrack.py,b3c63faffa705915e2e9e9b7823068af229ceedd9b263a68579e7d7b384500e6,95dd37982251a6b59779e0eed020e266b54fc88c,0.08,YES,4eb3d4e2262485d48d425be06fd8a6b3adfd8a01a27b28e76b5a8d55958d1d55,YES_PROFILE_OVERRIDE_ONLY,BOUND_BY_EFFECTIVE_CONFIG,Hidden_state|bbox_geometry,Profile override frozen by a development authority before its authority run.,SUFFICIENT_WITH_DEVELOPMENT_SCOPE_LIMITATION,FROZEN_BY_PREDICTION_AUTHORITY,Current-main active value. The frozen prediction producer was ac9bda0f7432d56229ede36bbb8fa06167846313; inherited defaults were not preserved as a complete runtime dump.
B1_CURRENT_STANDARD_V2_20260728,Hidden_state,near_wall_hidden_geometry_original_weight,0.5,unitless,PREDECLARED_DEVELOPMENT_SELECTION,src/pig_behavior/tracking/profiles/hybrid_bytetrack.py,b3c63faffa705915e2e9e9b7823068af229ceedd9b263a68579e7d7b384500e6,95dd37982251a6b59779e0eed020e266b54fc88c,0.5,YES,4eb3d4e2262485d48d425be06fd8a6b3adfd8a01a27b28e76b5a8d55958d1d55,YES_PROFILE_OVERRIDE_ONLY,BOUND_BY_EFFECTIVE_CONFIG,Hidden_state|bbox_geometry,Profile override frozen by a development authority before its authority run.,SUFFICIENT_WITH_DEVELOPMENT_SCOPE_LIMITATION,FROZEN_BY_PREDICTION_AUTHORITY,Current-main active value. The frozen prediction producer was ac9bda0f7432d56229ede36bbb8fa06167846313; inherited defaults were not preserved as a complete runtime dump.
B1_CURRENT_STANDARD_V2_20260728,Hidden_state,near_wall_hidden_geometry_refine,true,boolean,PREDECLARED_DEVELOPMENT_SELECTION,src/pig_behavior/tracking/profiles/hybrid_bytetrack.py,b3c63faffa705915e2e9e9b7823068af229ceedd9b263a68579e7d7b384500e6,95dd37982251a6b59779e0eed020e266b54fc88c,true,YES,4eb3d4e2262485d48d425be06fd8a6b3adfd8a01a27b28e76b5a8d55958d1d55,YES_PROFILE_OVERRIDE_ONLY,BOUND_BY_EFFECTIVE_CONFIG,Hidden_state|bbox_geometry,Profile override frozen by a development authority before its authority run.,SUFFICIENT_WITH_DEVELOPMENT_SCOPE_LIMITATION,FROZEN_BY_PREDICTION_AUTHORITY,Current-main active value. The frozen prediction producer was ac9bda0f7432d56229ede36bbb8fa06167846313; inherited defaults were not preserved as a complete runtime dump.
B1_CURRENT_STANDARD_V2_20260728,detection,nms_iou,0.5,unitless ratio,INHERITED_DEFAULT_WITH_PROVENANCE,src/pig_behavior/tracking/config.py,52c5f54ad44b6f76a8d143d168bdc942542d5fd263903cbf630f9c58ecf1cdd0,95dd37982251a6b59779e0eed020e266b54fc88c,,NO,4eb3d4e2262485d48d425be06fd8a6b3adfd8a01a27b28e76b5a8d55958d1d55,PARTIAL_INHERITED_DEFAULTS_NOT_DUMPED,BOUND_BY_SOURCE_CODE,detection|association,Inherited from the hashed TrackingConfig source; no separate sensitivity claim.,PARTIAL_NO_METHOD_SPECIFIC_SENSITIVITY,FROZEN_BY_PREDICTION_AUTHORITY,Current-main active value. The frozen prediction producer was ac9bda0f7432d56229ede36bbb8fa06167846313; inherited defaults were not preserved as a complete runtime dump.
B1_CURRENT_STANDARD_V2_20260728,association,occlusion_appearance_margin,0.08,unitless,INHERITED_DEFAULT_WITH_PROVENANCE,src/pig_behavior/tracking/config.py,52c5f54ad44b6f76a8d143d168bdc942542d5fd263903cbf630f9c58ecf1cdd0,95dd37982251a6b59779e0eed020e266b54fc88c,,NO,4eb3d4e2262485d48d425be06fd8a6b3adfd8a01a27b28e76b5a8d55958d1d55,PARTIAL_INHERITED_DEFAULTS_NOT_DUMPED,BOUND_BY_SOURCE_CODE,association|Hidden_state,Inherited from the hashed TrackingConfig source; no separate sensitivity claim.,PARTIAL_NO_METHOD_SPECIFIC_SENSITIVITY,FROZEN_BY_PREDICTION_AUTHORITY,Current-main active value. The frozen prediction producer was ac9bda0f7432d56229ede36bbb8fa06167846313; inherited defaults were not preserved as a complete runtime dump.
B1_CURRENT_STANDARD_V2_20260728,association,occlusion_appearance_penalty,0.3,unitless,INHERITED_DEFAULT_WITH_PROVENANCE,src/pig_behavior/tracking/config.py,52c5f54ad44b6f76a8d143d168bdc942542d5fd263903cbf630f9c58ecf1cdd0,95dd37982251a6b59779e0eed020e266b54fc88c,,NO,4eb3d4e2262485d48d425be06fd8a6b3adfd8a01a27b28e76b5a8d55958d1d55,PARTIAL_INHERITED_DEFAULTS_NOT_DUMPED,BOUND_BY_SOURCE_CODE,association|Hidden_state,Inherited from the hashed TrackingConfig source; no separate sensitivity claim.,PARTIAL_NO_METHOD_SPECIFIC_SENSITIVITY,FROZEN_BY_PREDICTION_AUTHORITY,Current-main active value. The frozen prediction producer was ac9bda0f7432d56229ede36bbb8fa06167846313; inherited defaults were not preserved as a complete runtime dump.
B1_CURRENT_STANDARD_V2_20260728,association,occlusion_aware_matching,true,boolean,INHERITED_DEFAULT_WITH_PROVENANCE,src/pig_behavior/tracking/config.py,52c5f54ad44b6f76a8d143d168bdc942542d5fd263903cbf630f9c58ecf1cdd0,95dd37982251a6b59779e0eed020e266b54fc88c,,NO,4eb3d4e2262485d48d425be06fd8a6b3adfd8a01a27b28e76b5a8d55958d1d55,PARTIAL_INHERITED_DEFAULTS_NOT_DUMPED,BOUND_BY_SOURCE_CODE,association|Hidden_state,Inherited from the hashed TrackingConfig source; no separate sensitivity claim.,PARTIAL_NO_METHOD_SPECIFIC_SENSITIVITY,FROZEN_BY_PREDICTION_AUTHORITY,Current-main active value. The frozen prediction producer was ac9bda0f7432d56229ede36bbb8fa06167846313; inherited defaults were not preserved as a complete runtime dump.
B1_CURRENT_STANDARD_V2_20260728,Hidden_state,occlusion_competitor_margin,0.12,unitless,INHERITED_DEFAULT_WITH_PROVENANCE,src/pig_behavior/tracking/config.py,52c5f54ad44b6f76a8d143d168bdc942542d5fd263903cbf630f9c58ecf1cdd0,95dd37982251a6b59779e0eed020e266b54fc88c,,NO,4eb3d4e2262485d48d425be06fd8a6b3adfd8a01a27b28e76b5a8d55958d1d55,PARTIAL_INHERITED_DEFAULTS_NOT_DUMPED,BOUND_BY_SOURCE_CODE,Hidden_state,Inherited from the hashed TrackingConfig source; no separate sensitivity claim.,PARTIAL_NO_METHOD_SPECIFIC_SENSITIVITY,FROZEN_BY_PREDICTION_AUTHORITY,Current-main active value. The frozen prediction producer was ac9bda0f7432d56229ede36bbb8fa06167846313; inherited defaults were not preserved as a complete runtime dump.
B1_CURRENT_STANDARD_V2_20260728,detection,occlusion_detection_iom_threshold,0.3,unitless,INHERITED_DEFAULT_WITH_PROVENANCE,src/pig_behavior/tracking/config.py,52c5f54ad44b6f76a8d143d168bdc942542d5fd263903cbf630f9c58ecf1cdd0,95dd37982251a6b59779e0eed020e266b54fc88c,,NO,4eb3d4e2262485d48d425be06fd8a6b3adfd8a01a27b28e76b5a8d55958d1d55,PARTIAL_INHERITED_DEFAULTS_NOT_DUMPED,BOUND_BY_SOURCE_CODE,detection|Hidden_state,Inherited from the hashed TrackingConfig source; no separate sensitivity claim.,PARTIAL_NO_METHOD_SPECIFIC_SENSITIVITY,FROZEN_BY_PREDICTION_AUTHORITY,Current-main active value. The frozen prediction producer was ac9bda0f7432d56229ede36bbb8fa06167846313; inherited defaults were not preserved as a complete runtime dump.
B1_CURRENT_STANDARD_V2_20260728,Hidden_state,occlusion_hold_hidden_frames,2,frames,INHERITED_DEFAULT_WITH_PROVENANCE,src/pig_behavior/tracking/config.py,52c5f54ad44b6f76a8d143d168bdc942542d5fd263903cbf630f9c58ecf1cdd0,95dd37982251a6b59779e0eed020e266b54fc88c,,NO,4eb3d4e2262485d48d425be06fd8a6b3adfd8a01a27b28e76b5a8d55958d1d55,PARTIAL_INHERITED_DEFAULTS_NOT_DUMPED,BOUND_BY_SOURCE_CODE,Hidden_state|runtime,Inherited from the hashed TrackingConfig source; no separate sensitivity claim.,PARTIAL_NO_METHOD_SPECIFIC_SENSITIVITY,FROZEN_BY_PREDICTION_AUTHORITY,Current-main active value. The frozen prediction producer was ac9bda0f7432d56229ede36bbb8fa06167846313; inherited defaults were not preserved as a complete runtime dump.
B1_CURRENT_STANDARD_V2_20260728,Hidden_state,occlusion_hold_max_frames,30,frames,HARDWARE_OR_RUNTIME_CONSTRAINT,src/pig_behavior/tracking/config.py,52c5f54ad44b6f76a8d143d168bdc942542d5fd263903cbf630f9c58ecf1cdd0,95dd37982251a6b59779e0eed020e266b54fc88c,,NO,4eb3d4e2262485d48d425be06fd8a6b3adfd8a01a27b28e76b5a8d55958d1d55,PARTIAL_INHERITED_DEFAULTS_NOT_DUMPED,BOUND_BY_SOURCE_CODE,Hidden_state|runtime,Execution/safety constraint rather than a quality claim.,SUFFICIENT,FROZEN_BY_PREDICTION_AUTHORITY,Current-main active value. The frozen prediction producer was ac9bda0f7432d56229ede36bbb8fa06167846313; inherited defaults were not preserved as a complete runtime dump.
B1_CURRENT_STANDARD_V2_20260728,association,occlusion_reid_bad_match_action,"""reject""",categorical/path,PREDECLARED_DEVELOPMENT_SELECTION,src/pig_behavior/tracking/profiles/hybrid_bytetrack.py,b3c63faffa705915e2e9e9b7823068af229ceedd9b263a68579e7d7b384500e6,95dd37982251a6b59779e0eed020e266b54fc88c,"""reject""",YES,4eb3d4e2262485d48d425be06fd8a6b3adfd8a01a27b28e76b5a8d55958d1d55,YES_PROFILE_OVERRIDE_ONLY,BOUND_BY_EFFECTIVE_CONFIG,association|Hidden_state,Profile override frozen by a development authority before its authority run.,SUFFICIENT_WITH_DEVELOPMENT_SCOPE_LIMITATION,FROZEN_BY_PREDICTION_AUTHORITY,Current-main active value. The frozen prediction producer was ac9bda0f7432d56229ede36bbb8fa06167846313; inherited defaults were not preserved as a complete runtime dump.
B1_CURRENT_STANDARD_V2_20260728,association,occlusion_reid_bad_match_include_recent_visible,false,boolean,INHERITED_DEFAULT_WITH_PROVENANCE,src/pig_behavior/tracking/config.py,52c5f54ad44b6f76a8d143d168bdc942542d5fd263903cbf630f9c58ecf1cdd0,95dd37982251a6b59779e0eed020e266b54fc88c,,NO,4eb3d4e2262485d48d425be06fd8a6b3adfd8a01a27b28e76b5a8d55958d1d55,PARTIAL_INHERITED_DEFAULTS_NOT_DUMPED,BOUND_BY_SOURCE_CODE,association|Hidden_state,Inherited from the hashed TrackingConfig source; no separate sensitivity claim.,PARTIAL_NO_METHOD_SPECIFIC_SENSITIVITY,FROZEN_BY_PREDICTION_AUTHORITY,Current-main active value. The frozen prediction producer was ac9bda0f7432d56229ede36bbb8fa06167846313; inherited defaults were not preserved as a complete runtime dump.
B1_CURRENT_STANDARD_V2_20260728,association,occlusion_reid_bad_match_max_cost,0.7,unitless,PREDECLARED_DEVELOPMENT_SELECTION,src/pig_behavior/tracking/profiles/hybrid_bytetrack.py,b3c63faffa705915e2e9e9b7823068af229ceedd9b263a68579e7d7b384500e6,95dd37982251a6b59779e0eed020e266b54fc88c,0.7,YES,4eb3d4e2262485d48d425be06fd8a6b3adfd8a01a27b28e76b5a8d55958d1d55,YES_PROFILE_OVERRIDE_ONLY,BOUND_BY_EFFECTIVE_CONFIG,association|Hidden_state,Profile override frozen by a development authority before its authority run.,SUFFICIENT_WITH_DEVELOPMENT_SCOPE_LIMITATION,FROZEN_BY_PREDICTION_AUTHORITY,Current-main active value. The frozen prediction producer was ac9bda0f7432d56229ede36bbb8fa06167846313; inherited defaults were not preserved as a complete runtime dump.
B1_CURRENT_STANDARD_V2_20260728,association,occlusion_reid_bad_match_max_missed,12,frames,PREDECLARED_DEVELOPMENT_SELECTION,src/pig_behavior/tracking/profiles/hybrid_bytetrack.py,b3c63faffa705915e2e9e9b7823068af229ceedd9b263a68579e7d7b384500e6,95dd37982251a6b59779e0eed020e266b54fc88c,12,YES,4eb3d4e2262485d48d425be06fd8a6b3adfd8a01a27b28e76b5a8d55958d1d55,YES_PROFILE_OVERRIDE_ONLY,BOUND_BY_EFFECTIVE_CONFIG,association|lifecycle|Hidden_state,Profile override frozen by a development authority before its authority run.,SUFFICIENT_WITH_DEVELOPMENT_SCOPE_LIMITATION,FROZEN_BY_PREDICTION_AUTHORITY,Current-main active value. The frozen prediction producer was ac9bda0f7432d56229ede36bbb8fa06167846313; inherited defaults were not preserved as a complete runtime dump.
B1_CURRENT_STANDARD_V2_20260728,association,occlusion_reid_bad_match_min_cost,0.55,unitless,PREDECLARED_DEVELOPMENT_SELECTION,src/pig_behavior/tracking/profiles/hybrid_bytetrack.py,b3c63faffa705915e2e9e9b7823068af229ceedd9b263a68579e7d7b384500e6,95dd37982251a6b59779e0eed020e266b54fc88c,0.55,YES,4eb3d4e2262485d48d425be06fd8a6b3adfd8a01a27b28e76b5a8d55958d1d55,YES_PROFILE_OVERRIDE_ONLY,BOUND_BY_EFFECTIVE_CONFIG,association|Hidden_state,Profile override frozen by a development authority before its authority run.,SUFFICIENT_WITH_DEVELOPMENT_SCOPE_LIMITATION,FROZEN_BY_PREDICTION_AUTHORITY,Current-main active value. The frozen prediction producer was ac9bda0f7432d56229ede36bbb8fa06167846313; inherited defaults were not preserved as a complete runtime dump.
B1_CURRENT_STANDARD_V2_20260728,association,occlusion_reid_bad_match_min_missed,7,frames,PREDECLARED_DEVELOPMENT_SELECTION,src/pig_behavior/tracking/profiles/hybrid_bytetrack.py,b3c63faffa705915e2e9e9b7823068af229ceedd9b263a68579e7d7b384500e6,95dd37982251a6b59779e0eed020e266b54fc88c,7,YES,4eb3d4e2262485d48d425be06fd8a6b3adfd8a01a27b28e76b5a8d55958d1d55,YES_PROFILE_OVERRIDE_ONLY,BOUND_BY_EFFECTIVE_CONFIG,association|lifecycle|Hidden_state,Profile override frozen by a development authority before its authority run.,SUFFICIENT_WITH_DEVELOPMENT_SCOPE_LIMITATION,FROZEN_BY_PREDICTION_AUTHORITY,Current-main active value. The frozen prediction producer was ac9bda0f7432d56229ede36bbb8fa06167846313; inherited defaults were not preserved as a complete runtime dump.
B1_CURRENT_STANDARD_V2_20260728,association,occlusion_reid_bad_match_occlusion_hold_only,true,boolean,PREDECLARED_DEVELOPMENT_SELECTION,src/pig_behavior/tracking/profiles/hybrid_bytetrack.py,b3c63faffa705915e2e9e9b7823068af229ceedd9b263a68579e7d7b384500e6,95dd37982251a6b59779e0eed020e266b54fc88c,true,YES,4eb3d4e2262485d48d425be06fd8a6b3adfd8a01a27b28e76b5a8d55958d1d55,YES_PROFILE_OVERRIDE_ONLY,BOUND_BY_EFFECTIVE_CONFIG,association|Hidden_state,Profile override frozen by a development authority before its authority run.,SUFFICIENT_WITH_DEVELOPMENT_SCOPE_LIMITATION,FROZEN_BY_PREDICTION_AUTHORITY,Current-main active value. The frozen prediction producer was ac9bda0f7432d56229ede36bbb8fa06167846313; inherited defaults were not preserved as a complete runtime dump.
B1_CURRENT_STANDARD_V2_20260728,association,occlusion_reid_bad_match_once_per_episode,false,boolean,INHERITED_DEFAULT_WITH_PROVENANCE,src/pig_behavior/tracking/config.py,52c5f54ad44b6f76a8d143d168bdc942542d5fd263903cbf630f9c58ecf1cdd0,95dd37982251a6b59779e0eed020e266b54fc88c,,NO,4eb3d4e2262485d48d425be06fd8a6b3adfd8a01a27b28e76b5a8d55958d1d55,PARTIAL_INHERITED_DEFAULTS_NOT_DUMPED,BOUND_BY_SOURCE_CODE,association|Hidden_state,Inherited from the hashed TrackingConfig source; no separate sensitivity claim.,PARTIAL_NO_METHOD_SPECIFIC_SENSITIVITY,FROZEN_BY_PREDICTION_AUTHORITY,Current-main active value. The frozen prediction producer was ac9bda0f7432d56229ede36bbb8fa06167846313; inherited defaults were not preserved as a complete runtime dump.
B1_CURRENT_STANDARD_V2_20260728,association,occlusion_reid_bad_match_raw_mismatch_only,true,boolean,PREDECLARED_DEVELOPMENT_SELECTION,src/pig_behavior/tracking/profiles/hybrid_bytetrack.py,b3c63faffa705915e2e9e9b7823068af229ceedd9b263a68579e7d7b384500e6,95dd37982251a6b59779e0eed020e266b54fc88c,true,YES,4eb3d4e2262485d48d425be06fd8a6b3adfd8a01a27b28e76b5a8d55958d1d55,YES_PROFILE_OVERRIDE_ONLY,BOUND_BY_EFFECTIVE_CONFIG,association|Hidden_state,Profile override frozen by a development authority before its authority run.,SUFFICIENT_WITH_DEVELOPMENT_SCOPE_LIMITATION,FROZEN_BY_PREDICTION_AUTHORITY,Current-main active value. The frozen prediction producer was ac9bda0f7432d56229ede36bbb8fa06167846313; inherited defaults were not preserved as a complete runtime dump.
B1_CURRENT_STANDARD_V2_20260728,association,occlusion_reid_bad_match_same_raw_only,false,boolean,PREDECLARED_DEVELOPMENT_SELECTION,src/pig_behavior/tracking/profiles/hybrid_bytetrack.py,b3c63faffa705915e2e9e9b7823068af229ceedd9b263a68579e7d7b384500e6,95dd37982251a6b59779e0eed020e266b54fc88c,false,YES,4eb3d4e2262485d48d425be06fd8a6b3adfd8a01a27b28e76b5a8d55958d1d55,YES_PROFILE_OVERRIDE_ONLY,BOUND_BY_EFFECTIVE_CONFIG,association|Hidden_state,Profile override frozen by a development authority before its authority run.,SUFFICIENT_WITH_DEVELOPMENT_SCOPE_LIMITATION,FROZEN_BY_PREDICTION_AUTHORITY,Current-main active value. The frozen prediction producer was ac9bda0f7432d56229ede36bbb8fa06167846313; inherited defaults were not preserved as a complete runtime dump.
B1_CURRENT_STANDARD_V2_20260728,association,occlusion_reid_bad_match_unowned_raw_only,true,boolean,PREDECLARED_DEVELOPMENT_SELECTION,src/pig_behavior/tracking/profiles/hybrid_bytetrack.py,b3c63faffa705915e2e9e9b7823068af229ceedd9b263a68579e7d7b384500e6,95dd37982251a6b59779e0eed020e266b54fc88c,true,YES,4eb3d4e2262485d48d425be06fd8a6b3adfd8a01a27b28e76b5a8d55958d1d55,YES_PROFILE_OVERRIDE_ONLY,BOUND_BY_EFFECTIVE_CONFIG,association|Hidden_state,Profile override frozen by a development authority before its authority run.,SUFFICIENT_WITH_DEVELOPMENT_SCOPE_LIMITATION,FROZEN_BY_PREDICTION_AUTHORITY,Current-main active value. The frozen prediction producer was ac9bda0f7432d56229ede36bbb8fa06167846313; inherited defaults were not preserved as a complete runtime dump.
B1_CURRENT_STANDARD_V2_20260728,association,occlusion_reid_bad_match_visible_min_cost,0.7,unitless,INHERITED_DEFAULT_WITH_PROVENANCE,src/pig_behavior/tracking/config.py,52c5f54ad44b6f76a8d143d168bdc942542d5fd263903cbf630f9c58ecf1cdd0,95dd37982251a6b59779e0eed020e266b54fc88c,,NO,4eb3d4e2262485d48d425be06fd8a6b3adfd8a01a27b28e76b5a8d55958d1d55,PARTIAL_INHERITED_DEFAULTS_NOT_DUMPED,BOUND_BY_SOURCE_CODE,association|Hidden_state,Inherited from the hashed TrackingConfig source; no separate sensitivity claim.,PARTIAL_NO_METHOD_SPECIFIC_SENSITIVITY,FROZEN_BY_PREDICTION_AUTHORITY,Current-main active value. The frozen prediction producer was ac9bda0f7432d56229ede36bbb8fa06167846313; inherited defaults were not preserved as a complete runtime dump.
B1_CURRENT_STANDARD_V2_20260728,association,occlusion_reid_prefer_gap_over_bad_match,true,boolean,PREDECLARED_DEVELOPMENT_SELECTION,src/pig_behavior/tracking/profiles/hybrid_bytetrack.py,b3c63faffa705915e2e9e9b7823068af229ceedd9b263a68579e7d7b384500e6,95dd37982251a6b59779e0eed020e266b54fc88c,true,YES,4eb3d4e2262485d48d425be06fd8a6b3adfd8a01a27b28e76b5a8d55958d1d55,YES_PROFILE_OVERRIDE_ONLY,BOUND_BY_EFFECTIVE_CONFIG,association|Hidden_state,Profile override frozen by a development authority before its authority run.,SUFFICIENT_WITH_DEVELOPMENT_SCOPE_LIMITATION,FROZEN_BY_PREDICTION_AUTHORITY,Current-main active value. The frozen prediction producer was ac9bda0f7432d56229ede36bbb8fa06167846313; inherited defaults were not preserved as a complete runtime dump.
B1_CURRENT_STANDARD_V2_20260728,Hidden_state,occlusion_stationary_lock,true,boolean,INHERITED_DEFAULT_WITH_PROVENANCE,src/pig_behavior/tracking/config.py,52c5f54ad44b6f76a8d143d168bdc942542d5fd263903cbf630f9c58ecf1cdd0,95dd37982251a6b59779e0eed020e266b54fc88c,,NO,4eb3d4e2262485d48d425be06fd8a6b3adfd8a01a27b28e76b5a8d55958d1d55,PARTIAL_INHERITED_DEFAULTS_NOT_DUMPED,BOUND_BY_SOURCE_CODE,Hidden_state,Inherited from the hashed TrackingConfig source; no separate sensitivity claim.,PARTIAL_NO_METHOD_SPECIFIC_SENSITIVITY,FROZEN_BY_PREDICTION_AUTHORITY,Current-main active value. The frozen prediction producer was ac9bda0f7432d56229ede36bbb8fa06167846313; inherited defaults were not preserved as a complete runtime dump.
B1_CURRENT_STANDARD_V2_20260728,Hidden_state,occlusion_stationary_max_center_jump,0.045,unitless,INHERITED_DEFAULT_WITH_PROVENANCE,src/pig_behavior/tracking/config.py,52c5f54ad44b6f76a8d143d168bdc942542d5fd263903cbf630f9c58ecf1cdd0,95dd37982251a6b59779e0eed020e266b54fc88c,,NO,4eb3d4e2262485d48d425be06fd8a6b3adfd8a01a27b28e76b5a8d55958d1d55,PARTIAL_INHERITED_DEFAULTS_NOT_DUMPED,BOUND_BY_SOURCE_CODE,Hidden_state,Inherited from the hashed TrackingConfig source; no separate sensitivity claim.,PARTIAL_NO_METHOD_SPECIFIC_SENSITIVITY,FROZEN_BY_PREDICTION_AUTHORITY,Current-main active value. The frozen prediction producer was ac9bda0f7432d56229ede36bbb8fa06167846313; inherited defaults were not preserved as a complete runtime dump.
B1_CURRENT_STANDARD_V2_20260728,Hidden_state,occlusion_stationary_speed,0.006,unitless,INHERITED_DEFAULT_WITH_PROVENANCE,src/pig_behavior/tracking/config.py,52c5f54ad44b6f76a8d143d168bdc942542d5fd263903cbf630f9c58ecf1cdd0,95dd37982251a6b59779e0eed020e266b54fc88c,,NO,4eb3d4e2262485d48d425be06fd8a6b3adfd8a01a27b28e76b5a8d55958d1d55,PARTIAL_INHERITED_DEFAULTS_NOT_DUMPED,BOUND_BY_SOURCE_CODE,Hidden_state,Inherited from the hashed TrackingConfig source; no separate sensitivity claim.,PARTIAL_NO_METHOD_SPECIFIC_SENSITIVITY,FROZEN_BY_PREDICTION_AUTHORITY,Current-main active value. The frozen prediction producer was ac9bda0f7432d56229ede36bbb8fa06167846313; inherited defaults were not preserved as a complete runtime dump.
B1_CURRENT_STANDARD_V2_20260728,Hidden_state,occlusion_switch_penalty,0.45,unitless,INHERITED_DEFAULT_WITH_PROVENANCE,src/pig_behavior/tracking/config.py,52c5f54ad44b6f76a8d143d168bdc942542d5fd263903cbf630f9c58ecf1cdd0,95dd37982251a6b59779e0eed020e266b54fc88c,,NO,4eb3d4e2262485d48d425be06fd8a6b3adfd8a01a27b28e76b5a8d55958d1d55,PARTIAL_INHERITED_DEFAULTS_NOT_DUMPED,BOUND_BY_SOURCE_CODE,Hidden_state,Inherited from the hashed TrackingConfig source; no separate sensitivity claim.,PARTIAL_NO_METHOD_SPECIFIC_SENSITIVITY,FROZEN_BY_PREDICTION_AUTHORITY,Current-main active value. The frozen prediction producer was ac9bda0f7432d56229ede36bbb8fa06167846313; inherited defaults were not preserved as a complete runtime dump.
B1_CURRENT_STANDARD_V2_20260728,Hidden_state,occlusion_track_iom_threshold,0.3,unitless,INHERITED_DEFAULT_WITH_PROVENANCE,src/pig_behavior/tracking/config.py,52c5f54ad44b6f76a8d143d168bdc942542d5fd263903cbf630f9c58ecf1cdd0,95dd37982251a6b59779e0eed020e266b54fc88c,,NO,4eb3d4e2262485d48d425be06fd8a6b3adfd8a01a27b28e76b5a8d55958d1d55,PARTIAL_INHERITED_DEFAULTS_NOT_DUMPED,BOUND_BY_SOURCE_CODE,Hidden_state,Inherited from the hashed TrackingConfig source; no separate sensitivity claim.,PARTIAL_NO_METHOD_SPECIFIC_SENSITIVITY,FROZEN_BY_PREDICTION_AUTHORITY,Current-main active value. The frozen prediction producer was ac9bda0f7432d56229ede36bbb8fa06167846313; inherited defaults were not preserved as a complete runtime dump.
B1_CURRENT_STANDARD_V2_20260728,engineering_or_indirect,output_dir,"""C:\\Users\\ironh\\Downloads\\PIG_Behavior_Project\\.codex_tmp\\worktrees\\tracking_scientific_grounding_authority\\outputs\\pred""",categorical/path,INHERITED_DEFAULT_WITH_PROVENANCE,src/pig_behavior/tracking/config.py,52c5f54ad44b6f76a8d143d168bdc942542d5fd263903cbf630f9c58ecf1cdd0,95dd37982251a6b59779e0eed020e266b54fc88c,,NO,4eb3d4e2262485d48d425be06fd8a6b3adfd8a01a27b28e76b5a8d55958d1d55,PARTIAL_INHERITED_DEFAULTS_NOT_DUMPED,BOUND_BY_SOURCE_CODE,engineering_or_indirect,Inherited from the hashed TrackingConfig source; no separate sensitivity claim.,PARTIAL_NO_METHOD_SPECIFIC_SENSITIVITY,FROZEN_BY_PREDICTION_AUTHORITY,Current-main active value. The frozen prediction producer was ac9bda0f7432d56229ede36bbb8fa06167846313; inherited defaults were not preserved as a complete runtime dump.
B1_CURRENT_STANDARD_V2_20260728,engineering_or_indirect,output_fps,30.0,unitless,INHERITED_DEFAULT_WITH_PROVENANCE,src/pig_behavior/tracking/config.py,52c5f54ad44b6f76a8d143d168bdc942542d5fd263903cbf630f9c58ecf1cdd0,95dd37982251a6b59779e0eed020e266b54fc88c,,NO,4eb3d4e2262485d48d425be06fd8a6b3adfd8a01a27b28e76b5a8d55958d1d55,PARTIAL_INHERITED_DEFAULTS_NOT_DUMPED,BOUND_BY_SOURCE_CODE,engineering_or_indirect,Inherited from the hashed TrackingConfig source; no separate sensitivity claim.,PARTIAL_NO_METHOD_SPECIFIC_SENSITIVITY,FROZEN_BY_PREDICTION_AUTHORITY,Current-main active value. The frozen prediction producer was ac9bda0f7432d56229ede36bbb8fa06167846313; inherited defaults were not preserved as a complete runtime dump.
B1_CURRENT_STANDARD_V2_20260728,runtime,output_video,null,not applicable,INHERITED_DEFAULT_WITH_PROVENANCE,src/pig_behavior/tracking/config.py,52c5f54ad44b6f76a8d143d168bdc942542d5fd263903cbf630f9c58ecf1cdd0,95dd37982251a6b59779e0eed020e266b54fc88c,,NO,4eb3d4e2262485d48d425be06fd8a6b3adfd8a01a27b28e76b5a8d55958d1d55,PARTIAL_INHERITED_DEFAULTS_NOT_DUMPED,BOUND_BY_SOURCE_CODE,runtime,Inherited from the hashed TrackingConfig source; no separate sensitivity claim.,PARTIAL_NO_METHOD_SPECIFIC_SENSITIVITY,FROZEN_BY_PREDICTION_AUTHORITY,Current-main active value. The frozen prediction producer was ac9bda0f7432d56229ede36bbb8fa06167846313; inherited defaults were not preserved as a complete runtime dump.
B1_CURRENT_STANDARD_V2_20260728,bbox_geometry,overlap_small_box_max_area_ratio,0.65,unitless,INHERITED_DEFAULT_WITH_PROVENANCE,src/pig_behavior/tracking/config.py,52c5f54ad44b6f76a8d143d168bdc942542d5fd263903cbf630f9c58ecf1cdd0,95dd37982251a6b59779e0eed020e266b54fc88c,,NO,4eb3d4e2262485d48d425be06fd8a6b3adfd8a01a27b28e76b5a8d55958d1d55,PARTIAL_INHERITED_DEFAULTS_NOT_DUMPED,BOUND_BY_SOURCE_CODE,bbox_geometry,Inherited from the hashed TrackingConfig source; no separate sensitivity claim.,PARTIAL_NO_METHOD_SPECIFIC_SENSITIVITY,FROZEN_BY_PREDICTION_AUTHORITY,Current-main active value. The frozen prediction producer was ac9bda0f7432d56229ede36bbb8fa06167846313; inherited defaults were not preserved as a complete runtime dump.
B1_CURRENT_STANDARD_V2_20260728,bbox_geometry,overlap_small_box_max_score,0.75,unitless,INHERITED_DEFAULT_WITH_PROVENANCE,src/pig_behavior/tracking/config.py,52c5f54ad44b6f76a8d143d168bdc942542d5fd263903cbf630f9c58ecf1cdd0,95dd37982251a6b59779e0eed020e266b54fc88c,,NO,4eb3d4e2262485d48d425be06fd8a6b3adfd8a01a27b28e76b5a8d55958d1d55,PARTIAL_INHERITED_DEFAULTS_NOT_DUMPED,BOUND_BY_SOURCE_CODE,bbox_geometry,Inherited from the hashed TrackingConfig source; no separate sensitivity claim.,PARTIAL_NO_METHOD_SPECIFIC_SENSITIVITY,FROZEN_BY_PREDICTION_AUTHORITY,Current-main active value. The frozen prediction producer was ac9bda0f7432d56229ede36bbb8fa06167846313; inherited defaults were not preserved as a complete runtime dump.
B1_CURRENT_STANDARD_V2_20260728,association,overlap_small_box_min_iou,0.4,unitless ratio,INHERITED_DEFAULT_WITH_PROVENANCE,src/pig_behavior/tracking/config.py,52c5f54ad44b6f76a8d143d168bdc942542d5fd263903cbf630f9c58ecf1cdd0,95dd37982251a6b59779e0eed020e266b54fc88c,,NO,4eb3d4e2262485d48d425be06fd8a6b3adfd8a01a27b28e76b5a8d55958d1d55,PARTIAL_INHERITED_DEFAULTS_NOT_DUMPED,BOUND_BY_SOURCE_CODE,association|bbox_geometry,Inherited from the hashed TrackingConfig source; no separate sensitivity claim.,PARTIAL_NO_METHOD_SPECIFIC_SENSITIVITY,FROZEN_BY_PREDICTION_AUTHORITY,Current-main active value. The frozen prediction producer was ac9bda0f7432d56229ede36bbb8fa06167846313; inherited defaults were not preserved as a complete runtime dump.
B1_CURRENT_STANDARD_V2_20260728,bbox_geometry,overlap_small_box_suppression,true,boolean,PREDECLARED_DEVELOPMENT_SELECTION,src/pig_behavior/tracking/profiles/hybrid_bytetrack.py,b3c63faffa705915e2e9e9b7823068af229ceedd9b263a68579e7d7b384500e6,95dd37982251a6b59779e0eed020e266b54fc88c,true,YES,4eb3d4e2262485d48d425be06fd8a6b3adfd8a01a27b28e76b5a8d55958d1d55,YES_PROFILE_OVERRIDE_ONLY,BOUND_BY_EFFECTIVE_CONFIG,bbox_geometry,Profile override frozen by a development authority before its authority run.,SUFFICIENT_WITH_DEVELOPMENT_SCOPE_LIMITATION,FROZEN_BY_PREDICTION_AUTHORITY,Current-main active value. The frozen prediction producer was ac9bda0f7432d56229ede36bbb8fa06167846313; inherited defaults were not preserved as a complete runtime dump.
B1_CURRENT_STANDARD_V2_20260728,engineering_or_indirect,overrides,"""set()""",categorical/path,INHERITED_DEFAULT_WITH_PROVENANCE,src/pig_behavior/tracking/config.py,52c5f54ad44b6f76a8d143d168bdc942542d5fd263903cbf630f9c58ecf1cdd0,95dd37982251a6b59779e0eed020e266b54fc88c,,NO,4eb3d4e2262485d48d425be06fd8a6b3adfd8a01a27b28e76b5a8d55958d1d55,PARTIAL_INHERITED_DEFAULTS_NOT_DUMPED,BOUND_BY_SOURCE_CODE,engineering_or_indirect,Inherited from the hashed TrackingConfig source; no separate sensitivity claim.,PARTIAL_NO_METHOD_SPECIFIC_SENSITIVITY,FROZEN_BY_PREDICTION_AUTHORITY,Current-main active value. The frozen prediction producer was ac9bda0f7432d56229ede36bbb8fa06167846313; inherited defaults were not preserved as a complete runtime dump.
B1_CURRENT_STANDARD_V2_20260728,engineering_or_indirect,quality_report_csv,null,not applicable,INHERITED_DEFAULT_WITH_PROVENANCE,src/pig_behavior/tracking/config.py,52c5f54ad44b6f76a8d143d168bdc942542d5fd263903cbf630f9c58ecf1cdd0,95dd37982251a6b59779e0eed020e266b54fc88c,,NO,4eb3d4e2262485d48d425be06fd8a6b3adfd8a01a27b28e76b5a8d55958d1d55,PARTIAL_INHERITED_DEFAULTS_NOT_DUMPED,BOUND_BY_SOURCE_CODE,engineering_or_indirect,Inherited from the hashed TrackingConfig source; no separate sensitivity claim.,PARTIAL_NO_METHOD_SPECIFIC_SENSITIVITY,FROZEN_BY_PREDICTION_AUTHORITY,Current-main active value. The frozen prediction producer was ac9bda0f7432d56229ede36bbb8fa06167846313; inherited defaults were not preserved as a complete runtime dump.
B1_CURRENT_STANDARD_V2_20260728,engineering_or_indirect,quality_report_json,null,not applicable,INHERITED_DEFAULT_WITH_PROVENANCE,src/pig_behavior/tracking/config.py,52c5f54ad44b6f76a8d143d168bdc942542d5fd263903cbf630f9c58ecf1cdd0,95dd37982251a6b59779e0eed020e266b54fc88c,,NO,4eb3d4e2262485d48d425be06fd8a6b3adfd8a01a27b28e76b5a8d55958d1d55,PARTIAL_INHERITED_DEFAULTS_NOT_DUMPED,BOUND_BY_SOURCE_CODE,engineering_or_indirect,Inherited from the hashed TrackingConfig source; no separate sensitivity claim.,PARTIAL_NO_METHOD_SPECIFIC_SENSITIVITY,FROZEN_BY_PREDICTION_AUTHORITY,Current-main active value. The frozen prediction producer was ac9bda0f7432d56229ede36bbb8fa06167846313; inherited defaults were not preserved as a complete runtime dump.
B1_CURRENT_STANDARD_V2_20260728,association,realtime_core_pairwise_max_total_cost_increase,0.05,unitless,INHERITED_DEFAULT_WITH_PROVENANCE,src/pig_behavior/tracking/config.py,52c5f54ad44b6f76a8d143d168bdc942542d5fd263903cbf630f9c58ecf1cdd0,95dd37982251a6b59779e0eed020e266b54fc88c,,NO,4eb3d4e2262485d48d425be06fd8a6b3adfd8a01a27b28e76b5a8d55958d1d55,PARTIAL_INHERITED_DEFAULTS_NOT_DUMPED,BOUND_BY_SOURCE_CODE,association,Inherited from the hashed TrackingConfig source; no separate sensitivity claim.,PARTIAL_NO_METHOD_SPECIFIC_SENSITIVITY,FROZEN_BY_PREDICTION_AUTHORITY,Current-main active value. The frozen prediction producer was ac9bda0f7432d56229ede36bbb8fa06167846313; inherited defaults were not preserved as a complete runtime dump.
B1_CURRENT_STANDARD_V2_20260728,detection,realtime_core_pairwise_min_detection_iou,0.3,unitless ratio,INHERITED_DEFAULT_WITH_PROVENANCE,src/pig_behavior/tracking/config.py,52c5f54ad44b6f76a8d143d168bdc942542d5fd263903cbf630f9c58ecf1cdd0,95dd37982251a6b59779e0eed020e266b54fc88c,,NO,4eb3d4e2262485d48d425be06fd8a6b3adfd8a01a27b28e76b5a8d55958d1d55,PARTIAL_INHERITED_DEFAULTS_NOT_DUMPED,BOUND_BY_SOURCE_CODE,detection|association,Inherited from the hashed TrackingConfig source; no separate sensitivity claim.,PARTIAL_NO_METHOD_SPECIFIC_SENSITIVITY,FROZEN_BY_PREDICTION_AUTHORITY,Current-main active value. The frozen prediction producer was ac9bda0f7432d56229ede36bbb8fa06167846313; inherited defaults were not preserved as a complete runtime dump.
B1_CURRENT_STANDARD_V2_20260728,association,realtime_core_pairwise_min_total_appearance_gain,0.1,unitless,INHERITED_DEFAULT_WITH_PROVENANCE,src/pig_behavior/tracking/config.py,52c5f54ad44b6f76a8d143d168bdc942542d5fd263903cbf630f9c58ecf1cdd0,95dd37982251a6b59779e0eed020e266b54fc88c,,NO,4eb3d4e2262485d48d425be06fd8a6b3adfd8a01a27b28e76b5a8d55958d1d55,PARTIAL_INHERITED_DEFAULTS_NOT_DUMPED,BOUND_BY_SOURCE_CODE,association,Inherited from the hashed TrackingConfig source; no separate sensitivity claim.,PARTIAL_NO_METHOD_SPECIFIC_SENSITIVITY,FROZEN_BY_PREDICTION_AUTHORITY,Current-main active value. The frozen prediction producer was ac9bda0f7432d56229ede36bbb8fa06167846313; inherited defaults were not preserved as a complete runtime dump.
B1_CURRENT_STANDARD_V2_20260728,engineering_or_indirect,realtime_core_pairwise_tiebreak,false,boolean,INHERITED_DEFAULT_WITH_PROVENANCE,src/pig_behavior/tracking/config.py,52c5f54ad44b6f76a8d143d168bdc942542d5fd263903cbf630f9c58ecf1cdd0,95dd37982251a6b59779e0eed020e266b54fc88c,,NO,4eb3d4e2262485d48d425be06fd8a6b3adfd8a01a27b28e76b5a8d55958d1d55,PARTIAL_INHERITED_DEFAULTS_NOT_DUMPED,BOUND_BY_SOURCE_CODE,engineering_or_indirect,Inherited from the hashed TrackingConfig source; no separate sensitivity claim.,PARTIAL_NO_METHOD_SPECIFIC_SENSITIVITY,FROZEN_BY_PREDICTION_AUTHORITY,Current-main active value. The frozen prediction producer was ac9bda0f7432d56229ede36bbb8fa06167846313; inherited defaults were not preserved as a complete runtime dump.
B1_CURRENT_STANDARD_V2_20260728,association,realtime_core_unassigned_max_cost_delta,0.01,unitless,INHERITED_DEFAULT_WITH_PROVENANCE,src/pig_behavior/tracking/config.py,52c5f54ad44b6f76a8d143d168bdc942542d5fd263903cbf630f9c58ecf1cdd0,95dd37982251a6b59779e0eed020e266b54fc88c,,NO,4eb3d4e2262485d48d425be06fd8a6b3adfd8a01a27b28e76b5a8d55958d1d55,PARTIAL_INHERITED_DEFAULTS_NOT_DUMPED,BOUND_BY_SOURCE_CODE,association,Inherited from the hashed TrackingConfig source; no separate sensitivity claim.,PARTIAL_NO_METHOD_SPECIFIC_SENSITIVITY,FROZEN_BY_PREDICTION_AUTHORITY,Current-main active value. The frozen prediction producer was ac9bda0f7432d56229ede36bbb8fa06167846313; inherited defaults were not preserved as a complete runtime dump.
B1_CURRENT_STANDARD_V2_20260728,association,realtime_core_unassigned_max_selected_cost,0.4,unitless,INHERITED_DEFAULT_WITH_PROVENANCE,src/pig_behavior/tracking/config.py,52c5f54ad44b6f76a8d143d168bdc942542d5fd263903cbf630f9c58ecf1cdd0,95dd37982251a6b59779e0eed020e266b54fc88c,,NO,4eb3d4e2262485d48d425be06fd8a6b3adfd8a01a27b28e76b5a8d55958d1d55,PARTIAL_INHERITED_DEFAULTS_NOT_DUMPED,BOUND_BY_SOURCE_CODE,association,Inherited from the hashed TrackingConfig source; no separate sensitivity claim.,PARTIAL_NO_METHOD_SPECIFIC_SENSITIVITY,FROZEN_BY_PREDICTION_AUTHORITY,Current-main active value. The frozen prediction producer was ac9bda0f7432d56229ede36bbb8fa06167846313; inherited defaults were not preserved as a complete runtime dump.
B1_CURRENT_STANDARD_V2_20260728,association,realtime_core_unassigned_min_appearance_gain,0.01,unitless,INHERITED_DEFAULT_WITH_PROVENANCE,src/pig_behavior/tracking/config.py,52c5f54ad44b6f76a8d143d168bdc942542d5fd263903cbf630f9c58ecf1cdd0,95dd37982251a6b59779e0eed020e266b54fc88c,,NO,4eb3d4e2262485d48d425be06fd8a6b3adfd8a01a27b28e76b5a8d55958d1d55,PARTIAL_INHERITED_DEFAULTS_NOT_DUMPED,BOUND_BY_SOURCE_CODE,association,Inherited from the hashed TrackingConfig source; no separate sensitivity claim.,PARTIAL_NO_METHOD_SPECIFIC_SENSITIVITY,FROZEN_BY_PREDICTION_AUTHORITY,Current-main active value. The frozen prediction producer was ac9bda0f7432d56229ede36bbb8fa06167846313; inherited defaults were not preserved as a complete runtime dump.
B1_CURRENT_STANDARD_V2_20260728,detection,realtime_core_unassigned_min_detection_iou,0.3,unitless ratio,INHERITED_DEFAULT_WITH_PROVENANCE,src/pig_behavior/tracking/config.py,52c5f54ad44b6f76a8d143d168bdc942542d5fd263903cbf630f9c58ecf1cdd0,95dd37982251a6b59779e0eed020e266b54fc88c,,NO,4eb3d4e2262485d48d425be06fd8a6b3adfd8a01a27b28e76b5a8d55958d1d55,PARTIAL_INHERITED_DEFAULTS_NOT_DUMPED,BOUND_BY_SOURCE_CODE,detection|association,Inherited from the hashed TrackingConfig source; no separate sensitivity claim.,PARTIAL_NO_METHOD_SPECIFIC_SENSITIVITY,FROZEN_BY_PREDICTION_AUTHORITY,Current-main active value. The frozen prediction producer was ac9bda0f7432d56229ede36bbb8fa06167846313; inherited defaults were not preserved as a complete runtime dump.
B1_CURRENT_STANDARD_V2_20260728,engineering_or_indirect,realtime_core_unassigned_require_score_nondecrease,false,boolean,INHERITED_DEFAULT_WITH_PROVENANCE,src/pig_behavior/tracking/config.py,52c5f54ad44b6f76a8d143d168bdc942542d5fd263903cbf630f9c58ecf1cdd0,95dd37982251a6b59779e0eed020e266b54fc88c,,NO,4eb3d4e2262485d48d425be06fd8a6b3adfd8a01a27b28e76b5a8d55958d1d55,PARTIAL_INHERITED_DEFAULTS_NOT_DUMPED,BOUND_BY_SOURCE_CODE,engineering_or_indirect,Inherited from the hashed TrackingConfig source; no separate sensitivity claim.,PARTIAL_NO_METHOD_SPECIFIC_SENSITIVITY,FROZEN_BY_PREDICTION_AUTHORITY,Current-main active value. The frozen prediction producer was ac9bda0f7432d56229ede36bbb8fa06167846313; inherited defaults were not preserved as a complete runtime dump.
B1_CURRENT_STANDARD_V2_20260728,engineering_or_indirect,realtime_core_unassigned_tiebreak,false,boolean,INHERITED_DEFAULT_WITH_PROVENANCE,src/pig_behavior/tracking/config.py,52c5f54ad44b6f76a8d143d168bdc942542d5fd263903cbf630f9c58ecf1cdd0,95dd37982251a6b59779e0eed020e266b54fc88c,,NO,4eb3d4e2262485d48d425be06fd8a6b3adfd8a01a27b28e76b5a8d55958d1d55,PARTIAL_INHERITED_DEFAULTS_NOT_DUMPED,BOUND_BY_SOURCE_CODE,engineering_or_indirect,Inherited from the hashed TrackingConfig source; no separate sensitivity claim.,PARTIAL_NO_METHOD_SPECIFIC_SENSITIVITY,FROZEN_BY_PREDICTION_AUTHORITY,Current-main active value. The frozen prediction producer was ac9bda0f7432d56229ede36bbb8fa06167846313; inherited defaults were not preserved as a complete runtime dump.
B1_CURRENT_STANDARD_V2_20260728,engineering_or_indirect,realtime_lk_point_batching,false,boolean,INHERITED_DEFAULT_WITH_PROVENANCE,src/pig_behavior/tracking/config.py,52c5f54ad44b6f76a8d143d168bdc942542d5fd263903cbf630f9c58ecf1cdd0,95dd37982251a6b59779e0eed020e266b54fc88c,,NO,4eb3d4e2262485d48d425be06fd8a6b3adfd8a01a27b28e76b5a8d55958d1d55,PARTIAL_INHERITED_DEFAULTS_NOT_DUMPED,BOUND_BY_SOURCE_CODE,engineering_or_indirect,Inherited from the hashed TrackingConfig source; no separate sensitivity claim.,PARTIAL_NO_METHOD_SPECIFIC_SENSITIVITY,FROZEN_BY_PREDICTION_AUTHORITY,Current-main active value. The frozen prediction producer was ac9bda0f7432d56229ede36bbb8fa06167846313; inherited defaults were not preserved as a complete runtime dump.
B1_CURRENT_STANDARD_V2_20260728,engineering_or_indirect,realtime_low_conf_recovery_guard,false,boolean,INHERITED_DEFAULT_WITH_PROVENANCE,src/pig_behavior/tracking/config.py,52c5f54ad44b6f76a8d143d168bdc942542d5fd263903cbf630f9c58ecf1cdd0,95dd37982251a6b59779e0eed020e266b54fc88c,,NO,4eb3d4e2262485d48d425be06fd8a6b3adfd8a01a27b28e76b5a8d55958d1d55,PARTIAL_INHERITED_DEFAULTS_NOT_DUMPED,BOUND_BY_SOURCE_CODE,engineering_or_indirect,Inherited from the hashed TrackingConfig source; no separate sensitivity claim.,PARTIAL_NO_METHOD_SPECIFIC_SENSITIVITY,FROZEN_BY_PREDICTION_AUTHORITY,Current-main active value. The frozen prediction producer was ac9bda0f7432d56229ede36bbb8fa06167846313; inherited defaults were not preserved as a complete runtime dump.
B1_CURRENT_STANDARD_V2_20260728,lifecycle,realtime_low_conf_recovery_max_missed,20,frames,INHERITED_DEFAULT_WITH_PROVENANCE,src/pig_behavior/tracking/config.py,52c5f54ad44b6f76a8d143d168bdc942542d5fd263903cbf630f9c58ecf1cdd0,95dd37982251a6b59779e0eed020e266b54fc88c,,NO,4eb3d4e2262485d48d425be06fd8a6b3adfd8a01a27b28e76b5a8d55958d1d55,PARTIAL_INHERITED_DEFAULTS_NOT_DUMPED,BOUND_BY_SOURCE_CODE,lifecycle,Inherited from the hashed TrackingConfig source; no separate sensitivity claim.,PARTIAL_NO_METHOD_SPECIFIC_SENSITIVITY,FROZEN_BY_PREDICTION_AUTHORITY,Current-main active value. The frozen prediction producer was ac9bda0f7432d56229ede36bbb8fa06167846313; inherited defaults were not preserved as a complete runtime dump.
B1_CURRENT_STANDARD_V2_20260728,lifecycle,realtime_low_conf_recovery_min_missed,3,frames,INHERITED_DEFAULT_WITH_PROVENANCE,src/pig_behavior/tracking/config.py,52c5f54ad44b6f76a8d143d168bdc942542d5fd263903cbf630f9c58ecf1cdd0,95dd37982251a6b59779e0eed020e266b54fc88c,,NO,4eb3d4e2262485d48d425be06fd8a6b3adfd8a01a27b28e76b5a8d55958d1d55,PARTIAL_INHERITED_DEFAULTS_NOT_DUMPED,BOUND_BY_SOURCE_CODE,lifecycle,Inherited from the hashed TrackingConfig source; no separate sensitivity claim.,PARTIAL_NO_METHOD_SPECIFIC_SENSITIVITY,FROZEN_BY_PREDICTION_AUTHORITY,Current-main active value. The frozen prediction producer was ac9bda0f7432d56229ede36bbb8fa06167846313; inherited defaults were not preserved as a complete runtime dump.
B1_CURRENT_STANDARD_V2_20260728,engineering_or_indirect,realtime_low_conf_recovery_min_score,0.5,unitless,INHERITED_DEFAULT_WITH_PROVENANCE,src/pig_behavior/tracking/config.py,52c5f54ad44b6f76a8d143d168bdc942542d5fd263903cbf630f9c58ecf1cdd0,95dd37982251a6b59779e0eed020e266b54fc88c,,NO,4eb3d4e2262485d48d425be06fd8a6b3adfd8a01a27b28e76b5a8d55958d1d55,PARTIAL_INHERITED_DEFAULTS_NOT_DUMPED,BOUND_BY_SOURCE_CODE,engineering_or_indirect,Inherited from the hashed TrackingConfig source; no separate sensitivity claim.,PARTIAL_NO_METHOD_SPECIFIC_SENSITIVITY,FROZEN_BY_PREDICTION_AUTHORITY,Current-main active value. The frozen prediction producer was ac9bda0f7432d56229ede36bbb8fa06167846313; inherited defaults were not preserved as a complete runtime dump.
B1_CURRENT_STANDARD_V2_20260728,engineering_or_indirect,realtime_motion_pair_dense_fallback_max_edges,3,count,INHERITED_DEFAULT_WITH_PROVENANCE,src/pig_behavior/tracking/config.py,52c5f54ad44b6f76a8d143d168bdc942542d5fd263903cbf630f9c58ecf1cdd0,95dd37982251a6b59779e0eed020e266b54fc88c,,NO,4eb3d4e2262485d48d425be06fd8a6b3adfd8a01a27b28e76b5a8d55958d1d55,PARTIAL_INHERITED_DEFAULTS_NOT_DUMPED,BOUND_BY_SOURCE_CODE,engineering_or_indirect,Inherited from the hashed TrackingConfig source; no separate sensitivity claim.,PARTIAL_NO_METHOD_SPECIFIC_SENSITIVITY,FROZEN_BY_PREDICTION_AUTHORITY,Current-main active value. The frozen prediction producer was ac9bda0f7432d56229ede36bbb8fa06167846313; inherited defaults were not preserved as a complete runtime dump.
B1_CURRENT_STANDARD_V2_20260728,engineering_or_indirect,realtime_motion_pair_dense_fallback_max_support_ratio,0.35,unitless,INHERITED_DEFAULT_WITH_PROVENANCE,src/pig_behavior/tracking/config.py,52c5f54ad44b6f76a8d143d168bdc942542d5fd263903cbf630f9c58ecf1cdd0,95dd37982251a6b59779e0eed020e266b54fc88c,,NO,4eb3d4e2262485d48d425be06fd8a6b3adfd8a01a27b28e76b5a8d55958d1d55,PARTIAL_INHERITED_DEFAULTS_NOT_DUMPED,BOUND_BY_SOURCE_CODE,engineering_or_indirect,Inherited from the hashed TrackingConfig source; no separate sensitivity claim.,PARTIAL_NO_METHOD_SPECIFIC_SENSITIVITY,FROZEN_BY_PREDICTION_AUTHORITY,Current-main active value. The frozen prediction producer was ac9bda0f7432d56229ede36bbb8fa06167846313; inherited defaults were not preserved as a complete runtime dump.
B1_CURRENT_STANDARD_V2_20260728,engineering_or_indirect,realtime_motion_pair_dense_fallback_min_edge_gain,0.0,unitless,INHERITED_DEFAULT_WITH_PROVENANCE,src/pig_behavior/tracking/config.py,52c5f54ad44b6f76a8d143d168bdc942542d5fd263903cbf630f9c58ecf1cdd0,95dd37982251a6b59779e0eed020e266b54fc88c,,NO,4eb3d4e2262485d48d425be06fd8a6b3adfd8a01a27b28e76b5a8d55958d1d55,PARTIAL_INHERITED_DEFAULTS_NOT_DUMPED,BOUND_BY_SOURCE_CODE,engineering_or_indirect,Inherited from the hashed TrackingConfig source; no separate sensitivity claim.,PARTIAL_NO_METHOD_SPECIFIC_SENSITIVITY,FROZEN_BY_PREDICTION_AUTHORITY,Current-main active value. The frozen prediction producer was ac9bda0f7432d56229ede36bbb8fa06167846313; inherited defaults were not preserved as a complete runtime dump.
B1_CURRENT_STANDARD_V2_20260728,engineering_or_indirect,realtime_motion_pair_dense_fallback_min_median_gain,0.0,unitless,INHERITED_DEFAULT_WITH_PROVENANCE,src/pig_behavior/tracking/config.py,52c5f54ad44b6f76a8d143d168bdc942542d5fd263903cbf630f9c58ecf1cdd0,95dd37982251a6b59779e0eed020e266b54fc88c,,NO,4eb3d4e2262485d48d425be06fd8a6b3adfd8a01a27b28e76b5a8d55958d1d55,PARTIAL_INHERITED_DEFAULTS_NOT_DUMPED,BOUND_BY_SOURCE_CODE,engineering_or_indirect,Inherited from the hashed TrackingConfig source; no separate sensitivity claim.,PARTIAL_NO_METHOD_SPECIFIC_SENSITIVITY,FROZEN_BY_PREDICTION_AUTHORITY,Current-main active value. The frozen prediction producer was ac9bda0f7432d56229ede36bbb8fa06167846313; inherited defaults were not preserved as a complete runtime dump.
B1_CURRENT_STANDARD_V2_20260728,runtime,realtime_motion_pair_fixed_lag_frames,0,frames,INHERITED_DEFAULT_WITH_PROVENANCE,src/pig_behavior/tracking/config.py,52c5f54ad44b6f76a8d143d168bdc942542d5fd263903cbf630f9c58ecf1cdd0,95dd37982251a6b59779e0eed020e266b54fc88c,,NO,4eb3d4e2262485d48d425be06fd8a6b3adfd8a01a27b28e76b5a8d55958d1d55,PARTIAL_INHERITED_DEFAULTS_NOT_DUMPED,BOUND_BY_SOURCE_CODE,runtime,Inherited from the hashed TrackingConfig source; no separate sensitivity claim.,PARTIAL_NO_METHOD_SPECIFIC_SENSITIVITY,FROZEN_BY_PREDICTION_AUTHORITY,Current-main active value. The frozen prediction producer was ac9bda0f7432d56229ede36bbb8fa06167846313; inherited defaults were not preserved as a complete runtime dump.
B1_CURRENT_STANDARD_V2_20260728,engineering_or_indirect,realtime_motion_pair_max_component_edges,3,count,INHERITED_DEFAULT_WITH_PROVENANCE,src/pig_behavior/tracking/config.py,52c5f54ad44b6f76a8d143d168bdc942542d5fd263903cbf630f9c58ecf1cdd0,95dd37982251a6b59779e0eed020e266b54fc88c,,NO,4eb3d4e2262485d48d425be06fd8a6b3adfd8a01a27b28e76b5a8d55958d1d55,PARTIAL_INHERITED_DEFAULTS_NOT_DUMPED,BOUND_BY_SOURCE_CODE,engineering_or_indirect,Inherited from the hashed TrackingConfig source; no separate sensitivity claim.,PARTIAL_NO_METHOD_SPECIFIC_SENSITIVITY,FROZEN_BY_PREDICTION_AUTHORITY,Current-main active value. The frozen prediction producer was ac9bda0f7432d56229ede36bbb8fa06167846313; inherited defaults were not preserved as a complete runtime dump.
B1_CURRENT_STANDARD_V2_20260728,engineering_or_indirect,realtime_motion_pair_max_component_size,4,count,INHERITED_DEFAULT_WITH_PROVENANCE,src/pig_behavior/tracking/config.py,52c5f54ad44b6f76a8d143d168bdc942542d5fd263903cbf630f9c58ecf1cdd0,95dd37982251a6b59779e0eed020e266b54fc88c,,NO,4eb3d4e2262485d48d425be06fd8a6b3adfd8a01a27b28e76b5a8d55958d1d55,PARTIAL_INHERITED_DEFAULTS_NOT_DUMPED,BOUND_BY_SOURCE_CODE,engineering_or_indirect,Inherited from the hashed TrackingConfig source; no separate sensitivity claim.,PARTIAL_NO_METHOD_SPECIFIC_SENSITIVITY,FROZEN_BY_PREDICTION_AUTHORITY,Current-main active value. The frozen prediction producer was ac9bda0f7432d56229ede36bbb8fa06167846313; inherited defaults were not preserved as a complete runtime dump.
B1_CURRENT_STANDARD_V2_20260728,engineering_or_indirect,realtime_motion_pair_max_jump,0.1,unitless,INHERITED_DEFAULT_WITH_PROVENANCE,src/pig_behavior/tracking/config.py,52c5f54ad44b6f76a8d143d168bdc942542d5fd263903cbf630f9c58ecf1cdd0,95dd37982251a6b59779e0eed020e266b54fc88c,,NO,4eb3d4e2262485d48d425be06fd8a6b3adfd8a01a27b28e76b5a8d55958d1d55,PARTIAL_INHERITED_DEFAULTS_NOT_DUMPED,BOUND_BY_SOURCE_CODE,engineering_or_indirect,Inherited from the hashed TrackingConfig source; no separate sensitivity claim.,PARTIAL_NO_METHOD_SPECIFIC_SENSITIVITY,FROZEN_BY_PREDICTION_AUTHORITY,Current-main active value. The frozen prediction producer was ac9bda0f7432d56229ede36bbb8fa06167846313; inherited defaults were not preserved as a complete runtime dump.
B1_CURRENT_STANDARD_V2_20260728,runtime,realtime_motion_pair_memory_frames,30,frames,INHERITED_DEFAULT_WITH_PROVENANCE,src/pig_behavior/tracking/config.py,52c5f54ad44b6f76a8d143d168bdc942542d5fd263903cbf630f9c58ecf1cdd0,95dd37982251a6b59779e0eed020e266b54fc88c,,NO,4eb3d4e2262485d48d425be06fd8a6b3adfd8a01a27b28e76b5a8d55958d1d55,PARTIAL_INHERITED_DEFAULTS_NOT_DUMPED,BOUND_BY_SOURCE_CODE,runtime,Inherited from the hashed TrackingConfig source; no separate sensitivity claim.,PARTIAL_NO_METHOD_SPECIFIC_SENSITIVITY,FROZEN_BY_PREDICTION_AUTHORITY,Current-main active value. The frozen prediction producer was ac9bda0f7432d56229ede36bbb8fa06167846313; inherited defaults were not preserved as a complete runtime dump.
B1_CURRENT_STANDARD_V2_20260728,engineering_or_indirect,realtime_motion_pair_min_gain,0.01,unitless,INHERITED_DEFAULT_WITH_PROVENANCE,src/pig_behavior/tracking/config.py,52c5f54ad44b6f76a8d143d168bdc942542d5fd263903cbf630f9c58ecf1cdd0,95dd37982251a6b59779e0eed020e266b54fc88c,,NO,4eb3d4e2262485d48d425be06fd8a6b3adfd8a01a27b28e76b5a8d55958d1d55,PARTIAL_INHERITED_DEFAULTS_NOT_DUMPED,BOUND_BY_SOURCE_CODE,engineering_or_indirect,Inherited from the hashed TrackingConfig source; no separate sensitivity claim.,PARTIAL_NO_METHOD_SPECIFIC_SENSITIVITY,FROZEN_BY_PREDICTION_AUTHORITY,Current-main active value. The frozen prediction producer was ac9bda0f7432d56229ede36bbb8fa06167846313; inherited defaults were not preserved as a complete runtime dump.
B1_CURRENT_STANDARD_V2_20260728,engineering_or_indirect,realtime_motion_pair_simple_max_component_size,2,count,INHERITED_DEFAULT_WITH_PROVENANCE,src/pig_behavior/tracking/config.py,52c5f54ad44b6f76a8d143d168bdc942542d5fd263903cbf630f9c58ecf1cdd0,95dd37982251a6b59779e0eed020e266b54fc88c,,NO,4eb3d4e2262485d48d425be06fd8a6b3adfd8a01a27b28e76b5a8d55958d1d55,PARTIAL_INHERITED_DEFAULTS_NOT_DUMPED,BOUND_BY_SOURCE_CODE,engineering_or_indirect,Inherited from the hashed TrackingConfig source; no separate sensitivity claim.,PARTIAL_NO_METHOD_SPECIFIC_SENSITIVITY,FROZEN_BY_PREDICTION_AUTHORITY,Current-main active value. The frozen prediction producer was ac9bda0f7432d56229ede36bbb8fa06167846313; inherited defaults were not preserved as a complete runtime dump.
B1_CURRENT_STANDARD_V2_20260728,engineering_or_indirect,realtime_motion_pair_simple_min_gain,0.0,unitless,INHERITED_DEFAULT_WITH_PROVENANCE,src/pig_behavior/tracking/config.py,52c5f54ad44b6f76a8d143d168bdc942542d5fd263903cbf630f9c58ecf1cdd0,95dd37982251a6b59779e0eed020e266b54fc88c,,NO,4eb3d4e2262485d48d425be06fd8a6b3adfd8a01a27b28e76b5a8d55958d1d55,PARTIAL_INHERITED_DEFAULTS_NOT_DUMPED,BOUND_BY_SOURCE_CODE,engineering_or_indirect,Inherited from the hashed TrackingConfig source; no separate sensitivity claim.,PARTIAL_NO_METHOD_SPECIFIC_SENSITIVITY,FROZEN_BY_PREDICTION_AUTHORITY,Current-main active value. The frozen prediction producer was ac9bda0f7432d56229ede36bbb8fa06167846313; inherited defaults were not preserved as a complete runtime dump.
B1_CURRENT_STANDARD_V2_20260728,engineering_or_indirect,realtime_motion_pair_stabilizer,false,boolean,INHERITED_DEFAULT_WITH_PROVENANCE,src/pig_behavior/tracking/config.py,52c5f54ad44b6f76a8d143d168bdc942542d5fd263903cbf630f9c58ecf1cdd0,95dd37982251a6b59779e0eed020e266b54fc88c,,NO,4eb3d4e2262485d48d425be06fd8a6b3adfd8a01a27b28e76b5a8d55958d1d55,PARTIAL_INHERITED_DEFAULTS_NOT_DUMPED,BOUND_BY_SOURCE_CODE,engineering_or_indirect,Inherited from the hashed TrackingConfig source; no separate sensitivity claim.,PARTIAL_NO_METHOD_SPECIFIC_SENSITIVITY,FROZEN_BY_PREDICTION_AUTHORITY,Current-main active value. The frozen prediction producer was ac9bda0f7432d56229ede36bbb8fa06167846313; inherited defaults were not preserved as a complete runtime dump.
B1_CURRENT_STANDARD_V2_20260728,association,realtime_visible_better_competitor_min_cost,0.5,unitless,INHERITED_DEFAULT_WITH_PROVENANCE,src/pig_behavior/tracking/config.py,52c5f54ad44b6f76a8d143d168bdc942542d5fd263903cbf630f9c58ecf1cdd0,95dd37982251a6b59779e0eed020e266b54fc88c,,NO,4eb3d4e2262485d48d425be06fd8a6b3adfd8a01a27b28e76b5a8d55958d1d55,PARTIAL_INHERITED_DEFAULTS_NOT_DUMPED,BOUND_BY_SOURCE_CODE,association,Inherited from the hashed TrackingConfig source; no separate sensitivity claim.,PARTIAL_NO_METHOD_SPECIFIC_SENSITIVITY,FROZEN_BY_PREDICTION_AUTHORITY,Current-main active value. The frozen prediction producer was ac9bda0f7432d56229ede36bbb8fa06167846313; inherited defaults were not preserved as a complete runtime dump.
B1_CURRENT_STANDARD_V2_20260728,engineering_or_indirect,realtime_visible_better_competitor_min_gain,0.2,unitless,INHERITED_DEFAULT_WITH_PROVENANCE,src/pig_behavior/tracking/config.py,52c5f54ad44b6f76a8d143d168bdc942542d5fd263903cbf630f9c58ecf1cdd0,95dd37982251a6b59779e0eed020e266b54fc88c,,NO,4eb3d4e2262485d48d425be06fd8a6b3adfd8a01a27b28e76b5a8d55958d1d55,PARTIAL_INHERITED_DEFAULTS_NOT_DUMPED,BOUND_BY_SOURCE_CODE,engineering_or_indirect,Inherited from the hashed TrackingConfig source; no separate sensitivity claim.,PARTIAL_NO_METHOD_SPECIFIC_SENSITIVITY,FROZEN_BY_PREDICTION_AUTHORITY,Current-main active value. The frozen prediction producer was ac9bda0f7432d56229ede36bbb8fa06167846313; inherited defaults were not preserved as a complete runtime dump.
B1_CURRENT_STANDARD_V2_20260728,engineering_or_indirect,realtime_visible_better_competitor_prefer,false,boolean,INHERITED_DEFAULT_WITH_PROVENANCE,src/pig_behavior/tracking/config.py,52c5f54ad44b6f76a8d143d168bdc942542d5fd263903cbf630f9c58ecf1cdd0,95dd37982251a6b59779e0eed020e266b54fc88c,,NO,4eb3d4e2262485d48d425be06fd8a6b3adfd8a01a27b28e76b5a8d55958d1d55,PARTIAL_INHERITED_DEFAULTS_NOT_DUMPED,BOUND_BY_SOURCE_CODE,engineering_or_indirect,Inherited from the hashed TrackingConfig source; no separate sensitivity claim.,PARTIAL_NO_METHOD_SPECIFIC_SENSITIVITY,FROZEN_BY_PREDICTION_AUTHORITY,Current-main active value. The frozen prediction producer was ac9bda0f7432d56229ede36bbb8fa06167846313; inherited defaults were not preserved as a complete runtime dump.
B1_CURRENT_STANDARD_V2_20260728,engineering_or_indirect,realtime_visible_better_competitor_reject,false,boolean,INHERITED_DEFAULT_WITH_PROVENANCE,src/pig_behavior/tracking/config.py,52c5f54ad44b6f76a8d143d168bdc942542d5fd263903cbf630f9c58ecf1cdd0,95dd37982251a6b59779e0eed020e266b54fc88c,,NO,4eb3d4e2262485d48d425be06fd8a6b3adfd8a01a27b28e76b5a8d55958d1d55,PARTIAL_INHERITED_DEFAULTS_NOT_DUMPED,BOUND_BY_SOURCE_CODE,engineering_or_indirect,Inherited from the hashed TrackingConfig source; no separate sensitivity claim.,PARTIAL_NO_METHOD_SPECIFIC_SENSITIVITY,FROZEN_BY_PREDICTION_AUTHORITY,Current-main active value. The frozen prediction producer was ac9bda0f7432d56229ede36bbb8fa06167846313; inherited defaults were not preserved as a complete runtime dump.
B1_CURRENT_STANDARD_V2_20260728,engineering_or_indirect,realtime_visible_close_competitor_guard,false,boolean,INHERITED_DEFAULT_WITH_PROVENANCE,src/pig_behavior/tracking/config.py,52c5f54ad44b6f76a8d143d168bdc942542d5fd263903cbf630f9c58ecf1cdd0,95dd37982251a6b59779e0eed020e266b54fc88c,,NO,4eb3d4e2262485d48d425be06fd8a6b3adfd8a01a27b28e76b5a8d55958d1d55,PARTIAL_INHERITED_DEFAULTS_NOT_DUMPED,BOUND_BY_SOURCE_CODE,engineering_or_indirect,Inherited from the hashed TrackingConfig source; no separate sensitivity claim.,PARTIAL_NO_METHOD_SPECIFIC_SENSITIVITY,FROZEN_BY_PREDICTION_AUTHORITY,Current-main active value. The frozen prediction producer was ac9bda0f7432d56229ede36bbb8fa06167846313; inherited defaults were not preserved as a complete runtime dump.
B1_CURRENT_STANDARD_V2_20260728,engineering_or_indirect,realtime_visible_close_competitor_margin,0.012,unitless,INHERITED_DEFAULT_WITH_PROVENANCE,src/pig_behavior/tracking/config.py,52c5f54ad44b6f76a8d143d168bdc942542d5fd263903cbf630f9c58ecf1cdd0,95dd37982251a6b59779e0eed020e266b54fc88c,,NO,4eb3d4e2262485d48d425be06fd8a6b3adfd8a01a27b28e76b5a8d55958d1d55,PARTIAL_INHERITED_DEFAULTS_NOT_DUMPED,BOUND_BY_SOURCE_CODE,engineering_or_indirect,Inherited from the hashed TrackingConfig source; no separate sensitivity claim.,PARTIAL_NO_METHOD_SPECIFIC_SENSITIVITY,FROZEN_BY_PREDICTION_AUTHORITY,Current-main active value. The frozen prediction producer was ac9bda0f7432d56229ede36bbb8fa06167846313; inherited defaults were not preserved as a complete runtime dump.
B1_CURRENT_STANDARD_V2_20260728,association,realtime_visible_close_competitor_max_cost,0.35,unitless,INHERITED_DEFAULT_WITH_PROVENANCE,src/pig_behavior/tracking/config.py,52c5f54ad44b6f76a8d143d168bdc942542d5fd263903cbf630f9c58ecf1cdd0,95dd37982251a6b59779e0eed020e266b54fc88c,,NO,4eb3d4e2262485d48d425be06fd8a6b3adfd8a01a27b28e76b5a8d55958d1d55,PARTIAL_INHERITED_DEFAULTS_NOT_DUMPED,BOUND_BY_SOURCE_CODE,association,Inherited from the hashed TrackingConfig source; no separate sensitivity claim.,PARTIAL_NO_METHOD_SPECIFIC_SENSITIVITY,FROZEN_BY_PREDICTION_AUTHORITY,Current-main active value. The frozen prediction producer was ac9bda0f7432d56229ede36bbb8fa06167846313; inherited defaults were not preserved as a complete runtime dump.
B1_CURRENT_STANDARD_V2_20260728,engineering_or_indirect,realtime_visible_close_competitor_min_center_x_ratio,0.0,unitless,INHERITED_DEFAULT_WITH_PROVENANCE,src/pig_behavior/tracking/config.py,52c5f54ad44b6f76a8d143d168bdc942542d5fd263903cbf630f9c58ecf1cdd0,95dd37982251a6b59779e0eed020e266b54fc88c,,NO,4eb3d4e2262485d48d425be06fd8a6b3adfd8a01a27b28e76b5a8d55958d1d55,PARTIAL_INHERITED_DEFAULTS_NOT_DUMPED,BOUND_BY_SOURCE_CODE,engineering_or_indirect,Inherited from the hashed TrackingConfig source; no separate sensitivity claim.,PARTIAL_NO_METHOD_SPECIFIC_SENSITIVITY,FROZEN_BY_PREDICTION_AUTHORITY,Current-main active value. The frozen prediction producer was ac9bda0f7432d56229ede36bbb8fa06167846313; inherited defaults were not preserved as a complete runtime dump.
B1_CURRENT_STANDARD_V2_20260728,engineering_or_indirect,realtime_visible_close_competitor_min_hits,3,count,INHERITED_DEFAULT_WITH_PROVENANCE,src/pig_behavior/tracking/config.py,52c5f54ad44b6f76a8d143d168bdc942542d5fd263903cbf630f9c58ecf1cdd0,95dd37982251a6b59779e0eed020e266b54fc88c,,NO,4eb3d4e2262485d48d425be06fd8a6b3adfd8a01a27b28e76b5a8d55958d1d55,PARTIAL_INHERITED_DEFAULTS_NOT_DUMPED,BOUND_BY_SOURCE_CODE,engineering_or_indirect,Inherited from the hashed TrackingConfig source; no separate sensitivity claim.,PARTIAL_NO_METHOD_SPECIFIC_SENSITIVITY,FROZEN_BY_PREDICTION_AUTHORITY,Current-main active value. The frozen prediction producer was ac9bda0f7432d56229ede36bbb8fa06167846313; inherited defaults were not preserved as a complete runtime dump.
B1_CURRENT_STANDARD_V2_20260728,lifecycle,reentry_ambiguous_hold,false,boolean,INHERITED_DEFAULT_WITH_PROVENANCE,src/pig_behavior/tracking/config.py,52c5f54ad44b6f76a8d143d168bdc942542d5fd263903cbf630f9c58ecf1cdd0,95dd37982251a6b59779e0eed020e266b54fc88c,,NO,4eb3d4e2262485d48d425be06fd8a6b3adfd8a01a27b28e76b5a8d55958d1d55,PARTIAL_INHERITED_DEFAULTS_NOT_DUMPED,BOUND_BY_SOURCE_CODE,lifecycle,Inherited from the hashed TrackingConfig source; no separate sensitivity claim.,PARTIAL_NO_METHOD_SPECIFIC_SENSITIVITY,FROZEN_BY_PREDICTION_AUTHORITY,Current-main active value. The frozen prediction producer was ac9bda0f7432d56229ede36bbb8fa06167846313; inherited defaults were not preserved as a complete runtime dump.
B1_CURRENT_STANDARD_V2_20260728,lifecycle,reentry_ambiguous_hold_frame_windows,"""""",frames,INHERITED_DEFAULT_WITH_PROVENANCE,src/pig_behavior/tracking/config.py,52c5f54ad44b6f76a8d143d168bdc942542d5fd263903cbf630f9c58ecf1cdd0,95dd37982251a6b59779e0eed020e266b54fc88c,,NO,4eb3d4e2262485d48d425be06fd8a6b3adfd8a01a27b28e76b5a8d55958d1d55,PARTIAL_INHERITED_DEFAULTS_NOT_DUMPED,BOUND_BY_SOURCE_CODE,lifecycle|runtime,Inherited from the hashed TrackingConfig source; no separate sensitivity claim.,PARTIAL_NO_METHOD_SPECIFIC_SENSITIVITY,FROZEN_BY_PREDICTION_AUTHORITY,Current-main active value. The frozen prediction producer was ac9bda0f7432d56229ede36bbb8fa06167846313; inherited defaults were not preserved as a complete runtime dump.
B1_CURRENT_STANDARD_V2_20260728,association,reentry_ambiguous_hold_max_cost,1.0,unitless,INHERITED_DEFAULT_WITH_PROVENANCE,src/pig_behavior/tracking/config.py,52c5f54ad44b6f76a8d143d168bdc942542d5fd263903cbf630f9c58ecf1cdd0,95dd37982251a6b59779e0eed020e266b54fc88c,,NO,4eb3d4e2262485d48d425be06fd8a6b3adfd8a01a27b28e76b5a8d55958d1d55,PARTIAL_INHERITED_DEFAULTS_NOT_DUMPED,BOUND_BY_SOURCE_CODE,association|lifecycle,Inherited from the hashed TrackingConfig source; no separate sensitivity claim.,PARTIAL_NO_METHOD_SPECIFIC_SENSITIVITY,FROZEN_BY_PREDICTION_AUTHORITY,Current-main active value. The frozen prediction producer was ac9bda0f7432d56229ede36bbb8fa06167846313; inherited defaults were not preserved as a complete runtime dump.
B1_CURRENT_STANDARD_V2_20260728,lifecycle,reentry_ambiguous_hold_max_missed,0,frames,INHERITED_DEFAULT_WITH_PROVENANCE,src/pig_behavior/tracking/config.py,52c5f54ad44b6f76a8d143d168bdc942542d5fd263903cbf630f9c58ecf1cdd0,95dd37982251a6b59779e0eed020e266b54fc88c,,NO,4eb3d4e2262485d48d425be06fd8a6b3adfd8a01a27b28e76b5a8d55958d1d55,PARTIAL_INHERITED_DEFAULTS_NOT_DUMPED,BOUND_BY_SOURCE_CODE,lifecycle,Inherited from the hashed TrackingConfig source; no separate sensitivity claim.,PARTIAL_NO_METHOD_SPECIFIC_SENSITIVITY,FROZEN_BY_PREDICTION_AUTHORITY,Current-main active value. The frozen prediction producer was ac9bda0f7432d56229ede36bbb8fa06167846313; inherited defaults were not preserved as a complete runtime dump.
B1_CURRENT_STANDARD_V2_20260728,association,reentry_ambiguous_hold_min_cost,0.0,unitless,INHERITED_DEFAULT_WITH_PROVENANCE,src/pig_behavior/tracking/config.py,52c5f54ad44b6f76a8d143d168bdc942542d5fd263903cbf630f9c58ecf1cdd0,95dd37982251a6b59779e0eed020e266b54fc88c,,NO,4eb3d4e2262485d48d425be06fd8a6b3adfd8a01a27b28e76b5a8d55958d1d55,PARTIAL_INHERITED_DEFAULTS_NOT_DUMPED,BOUND_BY_SOURCE_CODE,association|lifecycle,Inherited from the hashed TrackingConfig source; no separate sensitivity claim.,PARTIAL_NO_METHOD_SPECIFIC_SENSITIVITY,FROZEN_BY_PREDICTION_AUTHORITY,Current-main active value. The frozen prediction producer was ac9bda0f7432d56229ede36bbb8fa06167846313; inherited defaults were not preserved as a complete runtime dump.
B1_CURRENT_STANDARD_V2_20260728,lifecycle,reentry_ambiguous_hold_min_hits,3,count,INHERITED_DEFAULT_WITH_PROVENANCE,src/pig_behavior/tracking/config.py,52c5f54ad44b6f76a8d143d168bdc942542d5fd263903cbf630f9c58ecf1cdd0,95dd37982251a6b59779e0eed020e266b54fc88c,,NO,4eb3d4e2262485d48d425be06fd8a6b3adfd8a01a27b28e76b5a8d55958d1d55,PARTIAL_INHERITED_DEFAULTS_NOT_DUMPED,BOUND_BY_SOURCE_CODE,lifecycle,Inherited from the hashed TrackingConfig source; no separate sensitivity claim.,PARTIAL_NO_METHOD_SPECIFIC_SENSITIVITY,FROZEN_BY_PREDICTION_AUTHORITY,Current-main active value. The frozen prediction producer was ac9bda0f7432d56229ede36bbb8fa06167846313; inherited defaults were not preserved as a complete runtime dump.
B1_CURRENT_STANDARD_V2_20260728,lifecycle,reentry_ambiguous_hold_min_missed,2,frames,INHERITED_DEFAULT_WITH_PROVENANCE,src/pig_behavior/tracking/config.py,52c5f54ad44b6f76a8d143d168bdc942542d5fd263903cbf630f9c58ecf1cdd0,95dd37982251a6b59779e0eed020e266b54fc88c,,NO,4eb3d4e2262485d48d425be06fd8a6b3adfd8a01a27b28e76b5a8d55958d1d55,PARTIAL_INHERITED_DEFAULTS_NOT_DUMPED,BOUND_BY_SOURCE_CODE,lifecycle,Inherited from the hashed TrackingConfig source; no separate sensitivity claim.,PARTIAL_NO_METHOD_SPECIFIC_SENSITIVITY,FROZEN_BY_PREDICTION_AUTHORITY,Current-main active value. The frozen prediction producer was ac9bda0f7432d56229ede36bbb8fa06167846313; inherited defaults were not preserved as a complete runtime dump.
B1_CURRENT_STANDARD_V2_20260728,lifecycle,reentry_ambiguous_hold_raw_evidence_only,false,boolean,INHERITED_DEFAULT_WITH_PROVENANCE,src/pig_behavior/tracking/config.py,52c5f54ad44b6f76a8d143d168bdc942542d5fd263903cbf630f9c58ecf1cdd0,95dd37982251a6b59779e0eed020e266b54fc88c,,NO,4eb3d4e2262485d48d425be06fd8a6b3adfd8a01a27b28e76b5a8d55958d1d55,PARTIAL_INHERITED_DEFAULTS_NOT_DUMPED,BOUND_BY_SOURCE_CODE,lifecycle,Inherited from the hashed TrackingConfig source; no separate sensitivity claim.,PARTIAL_NO_METHOD_SPECIFIC_SENSITIVITY,FROZEN_BY_PREDICTION_AUTHORITY,Current-main active value. The frozen prediction producer was ac9bda0f7432d56229ede36bbb8fa06167846313; inherited defaults were not preserved as a complete runtime dump.
B1_CURRENT_STANDARD_V2_20260728,lifecycle,reentry_ambiguous_hold_video_stems,"""""",categorical/path,INHERITED_DEFAULT_WITH_PROVENANCE,src/pig_behavior/tracking/config.py,52c5f54ad44b6f76a8d143d168bdc942542d5fd263903cbf630f9c58ecf1cdd0,95dd37982251a6b59779e0eed020e266b54fc88c,,NO,4eb3d4e2262485d48d425be06fd8a6b3adfd8a01a27b28e76b5a8d55958d1d55,PARTIAL_INHERITED_DEFAULTS_NOT_DUMPED,BOUND_BY_SOURCE_CODE,lifecycle|runtime,Inherited from the hashed TrackingConfig source; no separate sensitivity claim.,PARTIAL_NO_METHOD_SPECIFIC_SENSITIVITY,FROZEN_BY_PREDICTION_AUTHORITY,Current-main active value. The frozen prediction producer was ac9bda0f7432d56229ede36bbb8fa06167846313; inherited defaults were not preserved as a complete runtime dump.
B1_CURRENT_STANDARD_V2_20260728,association,reentry_unowned_raw_mismatch_episode_action,"""hold""",categorical/path,PREDECLARED_DEVELOPMENT_SELECTION,src/pig_behavior/tracking/profiles/hybrid_bytetrack.py,b3c63faffa705915e2e9e9b7823068af229ceedd9b263a68579e7d7b384500e6,95dd37982251a6b59779e0eed020e266b54fc88c,"""hold""",YES,4eb3d4e2262485d48d425be06fd8a6b3adfd8a01a27b28e76b5a8d55958d1d55,YES_PROFILE_OVERRIDE_ONLY,BOUND_BY_EFFECTIVE_CONFIG,association|lifecycle,Profile override frozen by a development authority before its authority run.,SUFFICIENT_WITH_DEVELOPMENT_SCOPE_LIMITATION,FROZEN_BY_PREDICTION_AUTHORITY,Current-main active value. The frozen prediction producer was ac9bda0f7432d56229ede36bbb8fa06167846313; inherited defaults were not preserved as a complete runtime dump.
B1_CURRENT_STANDARD_V2_20260728,association,reentry_unowned_raw_mismatch_episode_max_cost,0.36,unitless,PREDECLARED_DEVELOPMENT_SELECTION,src/pig_behavior/tracking/profiles/hybrid_bytetrack.py,b3c63faffa705915e2e9e9b7823068af229ceedd9b263a68579e7d7b384500e6,95dd37982251a6b59779e0eed020e266b54fc88c,0.36,YES,4eb3d4e2262485d48d425be06fd8a6b3adfd8a01a27b28e76b5a8d55958d1d55,YES_PROFILE_OVERRIDE_ONLY,BOUND_BY_EFFECTIVE_CONFIG,association|lifecycle,Profile override frozen by a development authority before its authority run.,SUFFICIENT_WITH_DEVELOPMENT_SCOPE_LIMITATION,FROZEN_BY_PREDICTION_AUTHORITY,Current-main active value. The frozen prediction producer was ac9bda0f7432d56229ede36bbb8fa06167846313; inherited defaults were not preserved as a complete runtime dump.
B1_CURRENT_STANDARD_V2_20260728,association,reentry_unowned_raw_mismatch_episode_max_events,8,count,PREDECLARED_DEVELOPMENT_SELECTION,src/pig_behavior/tracking/profiles/hybrid_bytetrack.py,b3c63faffa705915e2e9e9b7823068af229ceedd9b263a68579e7d7b384500e6,95dd37982251a6b59779e0eed020e266b54fc88c,8,YES,4eb3d4e2262485d48d425be06fd8a6b3adfd8a01a27b28e76b5a8d55958d1d55,YES_PROFILE_OVERRIDE_ONLY,BOUND_BY_EFFECTIVE_CONFIG,association|lifecycle,Profile override frozen by a development authority before its authority run.,SUFFICIENT_WITH_DEVELOPMENT_SCOPE_LIMITATION,FROZEN_BY_PREDICTION_AUTHORITY,Current-main active value. The frozen prediction producer was ac9bda0f7432d56229ede36bbb8fa06167846313; inherited defaults were not preserved as a complete runtime dump.
B1_CURRENT_STANDARD_V2_20260728,association,reentry_unowned_raw_mismatch_episode_max_missed,20,frames,PREDECLARED_DEVELOPMENT_SELECTION,src/pig_behavior/tracking/profiles/hybrid_bytetrack.py,b3c63faffa705915e2e9e9b7823068af229ceedd9b263a68579e7d7b384500e6,95dd37982251a6b59779e0eed020e266b54fc88c,20,YES,4eb3d4e2262485d48d425be06fd8a6b3adfd8a01a27b28e76b5a8d55958d1d55,YES_PROFILE_OVERRIDE_ONLY,BOUND_BY_EFFECTIVE_CONFIG,association|lifecycle,Profile override frozen by a development authority before its authority run.,SUFFICIENT_WITH_DEVELOPMENT_SCOPE_LIMITATION,FROZEN_BY_PREDICTION_AUTHORITY,Current-main active value. The frozen prediction producer was ac9bda0f7432d56229ede36bbb8fa06167846313; inherited defaults were not preserved as a complete runtime dump.
B1_CURRENT_STANDARD_V2_20260728,association,reentry_unowned_raw_mismatch_episode_min_cost,0.0,unitless,INHERITED_DEFAULT_WITH_PROVENANCE,src/pig_behavior/tracking/config.py,52c5f54ad44b6f76a8d143d168bdc942542d5fd263903cbf630f9c58ecf1cdd0,95dd37982251a6b59779e0eed020e266b54fc88c,,NO,4eb3d4e2262485d48d425be06fd8a6b3adfd8a01a27b28e76b5a8d55958d1d55,PARTIAL_INHERITED_DEFAULTS_NOT_DUMPED,BOUND_BY_SOURCE_CODE,association|lifecycle,Inherited from the hashed TrackingConfig source; no separate sensitivity claim.,PARTIAL_NO_METHOD_SPECIFIC_SENSITIVITY,FROZEN_BY_PREDICTION_AUTHORITY,Current-main active value. The frozen prediction producer was ac9bda0f7432d56229ede36bbb8fa06167846313; inherited defaults were not preserved as a complete runtime dump.
B1_CURRENT_STANDARD_V2_20260728,association,reentry_unowned_raw_mismatch_episode_min_events,3,count,INHERITED_DEFAULT_WITH_PROVENANCE,src/pig_behavior/tracking/config.py,52c5f54ad44b6f76a8d143d168bdc942542d5fd263903cbf630f9c58ecf1cdd0,95dd37982251a6b59779e0eed020e266b54fc88c,,NO,4eb3d4e2262485d48d425be06fd8a6b3adfd8a01a27b28e76b5a8d55958d1d55,PARTIAL_INHERITED_DEFAULTS_NOT_DUMPED,BOUND_BY_SOURCE_CODE,association|lifecycle,Inherited from the hashed TrackingConfig source; no separate sensitivity claim.,PARTIAL_NO_METHOD_SPECIFIC_SENSITIVITY,FROZEN_BY_PREDICTION_AUTHORITY,Current-main active value. The frozen prediction producer was ac9bda0f7432d56229ede36bbb8fa06167846313; inherited defaults were not preserved as a complete runtime dump.
B1_CURRENT_STANDARD_V2_20260728,association,reentry_unowned_raw_mismatch_episode_min_missed,1,frames,PREDECLARED_DEVELOPMENT_SELECTION,src/pig_behavior/tracking/profiles/hybrid_bytetrack.py,b3c63faffa705915e2e9e9b7823068af229ceedd9b263a68579e7d7b384500e6,95dd37982251a6b59779e0eed020e266b54fc88c,1,YES,4eb3d4e2262485d48d425be06fd8a6b3adfd8a01a27b28e76b5a8d55958d1d55,YES_PROFILE_OVERRIDE_ONLY,BOUND_BY_EFFECTIVE_CONFIG,association|lifecycle,Profile override frozen by a development authority before its authority run.,SUFFICIENT_WITH_DEVELOPMENT_SCOPE_LIMITATION,FROZEN_BY_PREDICTION_AUTHORITY,Current-main active value. The frozen prediction producer was ac9bda0f7432d56229ede36bbb8fa06167846313; inherited defaults were not preserved as a complete runtime dump.
B1_CURRENT_STANDARD_V2_20260728,association,reentry_unowned_raw_mismatch_episode_phases,"""reid""",categorical/path,INHERITED_DEFAULT_WITH_PROVENANCE,src/pig_behavior/tracking/config.py,52c5f54ad44b6f76a8d143d168bdc942542d5fd263903cbf630f9c58ecf1cdd0,95dd37982251a6b59779e0eed020e266b54fc88c,,NO,4eb3d4e2262485d48d425be06fd8a6b3adfd8a01a27b28e76b5a8d55958d1d55,PARTIAL_INHERITED_DEFAULTS_NOT_DUMPED,BOUND_BY_SOURCE_CODE,association|lifecycle,Inherited from the hashed TrackingConfig source; no separate sensitivity claim.,PARTIAL_NO_METHOD_SPECIFIC_SENSITIVITY,FROZEN_BY_PREDICTION_AUTHORITY,Current-main active value. The frozen prediction producer was ac9bda0f7432d56229ede36bbb8fa06167846313; inherited defaults were not preserved as a complete runtime dump.
B1_CURRENT_STANDARD_V2_20260728,association,reentry_unowned_raw_mismatch_episode_reject,true,boolean,PREDECLARED_DEVELOPMENT_SELECTION,src/pig_behavior/tracking/profiles/hybrid_bytetrack.py,b3c63faffa705915e2e9e9b7823068af229ceedd9b263a68579e7d7b384500e6,95dd37982251a6b59779e0eed020e266b54fc88c,true,YES,4eb3d4e2262485d48d425be06fd8a6b3adfd8a01a27b28e76b5a8d55958d1d55,YES_PROFILE_OVERRIDE_ONLY,BOUND_BY_EFFECTIVE_CONFIG,association|lifecycle,Profile override frozen by a development authority before its authority run.,SUFFICIENT_WITH_DEVELOPMENT_SCOPE_LIMITATION,FROZEN_BY_PREDICTION_AUTHORITY,Current-main active value. The frozen prediction producer was ac9bda0f7432d56229ede36bbb8fa06167846313; inherited defaults were not preserved as a complete runtime dump.
B1_CURRENT_STANDARD_V2_20260728,association,reentry_unowned_raw_mismatch_episode_window_frames,24,frames,INHERITED_DEFAULT_WITH_PROVENANCE,src/pig_behavior/tracking/config.py,52c5f54ad44b6f76a8d143d168bdc942542d5fd263903cbf630f9c58ecf1cdd0,95dd37982251a6b59779e0eed020e266b54fc88c,,NO,4eb3d4e2262485d48d425be06fd8a6b3adfd8a01a27b28e76b5a8d55958d1d55,PARTIAL_INHERITED_DEFAULTS_NOT_DUMPED,BOUND_BY_SOURCE_CODE,association|lifecycle|runtime,Inherited from the hashed TrackingConfig source; no separate sensitivity claim.,PARTIAL_NO_METHOD_SPECIFIC_SENSITIVITY,FROZEN_BY_PREDICTION_AUTHORITY,Current-main active value. The frozen prediction producer was ac9bda0f7432d56229ede36bbb8fa06167846313; inherited defaults were not preserved as a complete runtime dump.
B1_CURRENT_STANDARD_V2_20260728,association,reentry_unowned_raw_mismatch_max_cost,0.3,unitless,INHERITED_DEFAULT_WITH_PROVENANCE,src/pig_behavior/tracking/config.py,52c5f54ad44b6f76a8d143d168bdc942542d5fd263903cbf630f9c58ecf1cdd0,95dd37982251a6b59779e0eed020e266b54fc88c,,NO,4eb3d4e2262485d48d425be06fd8a6b3adfd8a01a27b28e76b5a8d55958d1d55,PARTIAL_INHERITED_DEFAULTS_NOT_DUMPED,BOUND_BY_SOURCE_CODE,association|lifecycle,Inherited from the hashed TrackingConfig source; no separate sensitivity claim.,PARTIAL_NO_METHOD_SPECIFIC_SENSITIVITY,FROZEN_BY_PREDICTION_AUTHORITY,Current-main active value. The frozen prediction producer was ac9bda0f7432d56229ede36bbb8fa06167846313; inherited defaults were not preserved as a complete runtime dump.
B1_CURRENT_STANDARD_V2_20260728,association,reentry_unowned_raw_mismatch_max_missed,5,frames,INHERITED_DEFAULT_WITH_PROVENANCE,src/pig_behavior/tracking/config.py,52c5f54ad44b6f76a8d143d168bdc942542d5fd263903cbf630f9c58ecf1cdd0,95dd37982251a6b59779e0eed020e266b54fc88c,,NO,4eb3d4e2262485d48d425be06fd8a6b3adfd8a01a27b28e76b5a8d55958d1d55,PARTIAL_INHERITED_DEFAULTS_NOT_DUMPED,BOUND_BY_SOURCE_CODE,association|lifecycle,Inherited from the hashed TrackingConfig source; no separate sensitivity claim.,PARTIAL_NO_METHOD_SPECIFIC_SENSITIVITY,FROZEN_BY_PREDICTION_AUTHORITY,Current-main active value. The frozen prediction producer was ac9bda0f7432d56229ede36bbb8fa06167846313; inherited defaults were not preserved as a complete runtime dump.
B1_CURRENT_STANDARD_V2_20260728,association,reentry_unowned_raw_mismatch_min_missed,1,frames,INHERITED_DEFAULT_WITH_PROVENANCE,src/pig_behavior/tracking/config.py,52c5f54ad44b6f76a8d143d168bdc942542d5fd263903cbf630f9c58ecf1cdd0,95dd37982251a6b59779e0eed020e266b54fc88c,,NO,4eb3d4e2262485d48d425be06fd8a6b3adfd8a01a27b28e76b5a8d55958d1d55,PARTIAL_INHERITED_DEFAULTS_NOT_DUMPED,BOUND_BY_SOURCE_CODE,association|lifecycle,Inherited from the hashed TrackingConfig source; no separate sensitivity claim.,PARTIAL_NO_METHOD_SPECIFIC_SENSITIVITY,FROZEN_BY_PREDICTION_AUTHORITY,Current-main active value. The frozen prediction producer was ac9bda0f7432d56229ede36bbb8fa06167846313; inherited defaults were not preserved as a complete runtime dump.
B1_CURRENT_STANDARD_V2_20260728,association,reentry_unowned_raw_mismatch_quarantine_frames,0,frames,INHERITED_DEFAULT_WITH_PROVENANCE,src/pig_behavior/tracking/config.py,52c5f54ad44b6f76a8d143d168bdc942542d5fd263903cbf630f9c58ecf1cdd0,95dd37982251a6b59779e0eed020e266b54fc88c,,NO,4eb3d4e2262485d48d425be06fd8a6b3adfd8a01a27b28e76b5a8d55958d1d55,PARTIAL_INHERITED_DEFAULTS_NOT_DUMPED,BOUND_BY_SOURCE_CODE,association|lifecycle|runtime,Inherited from the hashed TrackingConfig source; no separate sensitivity claim.,PARTIAL_NO_METHOD_SPECIFIC_SENSITIVITY,FROZEN_BY_PREDICTION_AUTHORITY,Current-main active value. The frozen prediction producer was ac9bda0f7432d56229ede36bbb8fa06167846313; inherited defaults were not preserved as a complete runtime dump.
B1_CURRENT_STANDARD_V2_20260728,association,reentry_unowned_raw_mismatch_quarantine_max_cost,0.35,unitless,INHERITED_DEFAULT_WITH_PROVENANCE,src/pig_behavior/tracking/config.py,52c5f54ad44b6f76a8d143d168bdc942542d5fd263903cbf630f9c58ecf1cdd0,95dd37982251a6b59779e0eed020e266b54fc88c,,NO,4eb3d4e2262485d48d425be06fd8a6b3adfd8a01a27b28e76b5a8d55958d1d55,PARTIAL_INHERITED_DEFAULTS_NOT_DUMPED,BOUND_BY_SOURCE_CODE,association|lifecycle,Inherited from the hashed TrackingConfig source; no separate sensitivity claim.,PARTIAL_NO_METHOD_SPECIFIC_SENSITIVITY,FROZEN_BY_PREDICTION_AUTHORITY,Current-main active value. The frozen prediction producer was ac9bda0f7432d56229ede36bbb8fa06167846313; inherited defaults were not preserved as a complete runtime dump.
B1_CURRENT_STANDARD_V2_20260728,association,reentry_unowned_raw_mismatch_quarantine_min_seed_cost,0.0,unitless,INHERITED_DEFAULT_WITH_PROVENANCE,src/pig_behavior/tracking/config.py,52c5f54ad44b6f76a8d143d168bdc942542d5fd263903cbf630f9c58ecf1cdd0,95dd37982251a6b59779e0eed020e266b54fc88c,,NO,4eb3d4e2262485d48d425be06fd8a6b3adfd8a01a27b28e76b5a8d55958d1d55,PARTIAL_INHERITED_DEFAULTS_NOT_DUMPED,BOUND_BY_SOURCE_CODE,association|lifecycle,Inherited from the hashed TrackingConfig source; no separate sensitivity claim.,PARTIAL_NO_METHOD_SPECIFIC_SENSITIVITY,FROZEN_BY_PREDICTION_AUTHORITY,Current-main active value. The frozen prediction producer was ac9bda0f7432d56229ede36bbb8fa06167846313; inherited defaults were not preserved as a complete runtime dump.
B1_CURRENT_STANDARD_V2_20260728,association,reentry_unowned_raw_mismatch_reject,false,boolean,INHERITED_DEFAULT_WITH_PROVENANCE,src/pig_behavior/tracking/config.py,52c5f54ad44b6f76a8d143d168bdc942542d5fd263903cbf630f9c58ecf1cdd0,95dd37982251a6b59779e0eed020e266b54fc88c,,NO,4eb3d4e2262485d48d425be06fd8a6b3adfd8a01a27b28e76b5a8d55958d1d55,PARTIAL_INHERITED_DEFAULTS_NOT_DUMPED,BOUND_BY_SOURCE_CODE,association|lifecycle,Inherited from the hashed TrackingConfig source; no separate sensitivity claim.,PARTIAL_NO_METHOD_SPECIFIC_SENSITIVITY,FROZEN_BY_PREDICTION_AUTHORITY,Current-main active value. The frozen prediction producer was ac9bda0f7432d56229ede36bbb8fa06167846313; inherited defaults were not preserved as a complete runtime dump.
B1_CURRENT_STANDARD_V2_20260728,bbox_geometry,refine_boxes,true,boolean,PREDECLARED_DEVELOPMENT_SELECTION,src/pig_behavior/tracking/profiles/hybrid_bytetrack.py,b3c63faffa705915e2e9e9b7823068af229ceedd9b263a68579e7d7b384500e6,95dd37982251a6b59779e0eed020e266b54fc88c,true,YES,4eb3d4e2262485d48d425be06fd8a6b3adfd8a01a27b28e76b5a8d55958d1d55,YES_PROFILE_OVERRIDE_ONLY,BOUND_BY_EFFECTIVE_CONFIG,bbox_geometry,Profile override frozen by a development authority before its authority run.,SUFFICIENT_WITH_DEVELOPMENT_SCOPE_LIMITATION,FROZEN_BY_PREDICTION_AUTHORITY,Current-main active value. The frozen prediction producer was ac9bda0f7432d56229ede36bbb8fa06167846313; inherited defaults were not preserved as a complete runtime dump.
B1_CURRENT_STANDARD_V2_20260728,bbox_geometry,refine_max_gap_frames,15,frames,INHERITED_DEFAULT_WITH_PROVENANCE,src/pig_behavior/tracking/config.py,52c5f54ad44b6f76a8d143d168bdc942542d5fd263903cbf630f9c58ecf1cdd0,95dd37982251a6b59779e0eed020e266b54fc88c,,NO,4eb3d4e2262485d48d425be06fd8a6b3adfd8a01a27b28e76b5a8d55958d1d55,PARTIAL_INHERITED_DEFAULTS_NOT_DUMPED,BOUND_BY_SOURCE_CODE,bbox_geometry|runtime,Inherited from the hashed TrackingConfig source; no separate sensitivity claim.,PARTIAL_NO_METHOD_SPECIFIC_SENSITIVITY,FROZEN_BY_PREDICTION_AUTHORITY,Current-main active value. The frozen prediction producer was ac9bda0f7432d56229ede36bbb8fa06167846313; inherited defaults were not preserved as a complete runtime dump.
B1_CURRENT_STANDARD_V2_20260728,association,refine_max_previous_gap_frames,0,unitless ratio,INHERITED_DEFAULT_WITH_PROVENANCE,src/pig_behavior/tracking/config.py,52c5f54ad44b6f76a8d143d168bdc942542d5fd263903cbf630f9c58ecf1cdd0,95dd37982251a6b59779e0eed020e266b54fc88c,,NO,4eb3d4e2262485d48d425be06fd8a6b3adfd8a01a27b28e76b5a8d55958d1d55,PARTIAL_INHERITED_DEFAULTS_NOT_DUMPED,BOUND_BY_SOURCE_CODE,association|bbox_geometry|runtime,Inherited from the hashed TrackingConfig source; no separate sensitivity claim.,PARTIAL_NO_METHOD_SPECIFIC_SENSITIVITY,FROZEN_BY_PREDICTION_AUTHORITY,Current-main active value. The frozen prediction producer was ac9bda0f7432d56229ede36bbb8fa06167846313; inherited defaults were not preserved as a complete runtime dump.
B1_CURRENT_STANDARD_V2_20260728,bbox_geometry,refine_size_jump_threshold,0.45,unitless,INHERITED_DEFAULT_WITH_PROVENANCE,src/pig_behavior/tracking/config.py,52c5f54ad44b6f76a8d143d168bdc942542d5fd263903cbf630f9c58ecf1cdd0,95dd37982251a6b59779e0eed020e266b54fc88c,,NO,4eb3d4e2262485d48d425be06fd8a6b3adfd8a01a27b28e76b5a8d55958d1d55,PARTIAL_INHERITED_DEFAULTS_NOT_DUMPED,BOUND_BY_SOURCE_CODE,bbox_geometry,Inherited from the hashed TrackingConfig source; no separate sensitivity claim.,PARTIAL_NO_METHOD_SPECIFIC_SENSITIVITY,FROZEN_BY_PREDICTION_AUTHORITY,Current-main active value. The frozen prediction producer was ac9bda0f7432d56229ede36bbb8fa06167846313; inherited defaults were not preserved as a complete runtime dump.
B1_CURRENT_STANDARD_V2_20260728,engineering_or_indirect,reid_unowned_competing_candidate_hold,false,boolean,INHERITED_DEFAULT_WITH_PROVENANCE,src/pig_behavior/tracking/config.py,52c5f54ad44b6f76a8d143d168bdc942542d5fd263903cbf630f9c58ecf1cdd0,95dd37982251a6b59779e0eed020e266b54fc88c,,NO,4eb3d4e2262485d48d425be06fd8a6b3adfd8a01a27b28e76b5a8d55958d1d55,PARTIAL_INHERITED_DEFAULTS_NOT_DUMPED,BOUND_BY_SOURCE_CODE,engineering_or_indirect,Inherited from the hashed TrackingConfig source; no separate sensitivity claim.,PARTIAL_NO_METHOD_SPECIFIC_SENSITIVITY,FROZEN_BY_PREDICTION_AUTHORITY,Current-main active value. The frozen prediction producer was ac9bda0f7432d56229ede36bbb8fa06167846313; inherited defaults were not preserved as a complete runtime dump.
B1_CURRENT_STANDARD_V2_20260728,association,reid_unowned_competing_candidate_min_cost,0.55,unitless,INHERITED_DEFAULT_WITH_PROVENANCE,src/pig_behavior/tracking/config.py,52c5f54ad44b6f76a8d143d168bdc942542d5fd263903cbf630f9c58ecf1cdd0,95dd37982251a6b59779e0eed020e266b54fc88c,,NO,4eb3d4e2262485d48d425be06fd8a6b3adfd8a01a27b28e76b5a8d55958d1d55,PARTIAL_INHERITED_DEFAULTS_NOT_DUMPED,BOUND_BY_SOURCE_CODE,association,Inherited from the hashed TrackingConfig source; no separate sensitivity claim.,PARTIAL_NO_METHOD_SPECIFIC_SENSITIVITY,FROZEN_BY_PREDICTION_AUTHORITY,Current-main active value. The frozen prediction producer was ac9bda0f7432d56229ede36bbb8fa06167846313; inherited defaults were not preserved as a complete runtime dump.
B1_CURRENT_STANDARD_V2_20260728,engineering_or_indirect,reid_unowned_competing_candidate_min_gap,0.15,unitless,INHERITED_DEFAULT_WITH_PROVENANCE,src/pig_behavior/tracking/config.py,52c5f54ad44b6f76a8d143d168bdc942542d5fd263903cbf630f9c58ecf1cdd0,95dd37982251a6b59779e0eed020e266b54fc88c,,NO,4eb3d4e2262485d48d425be06fd8a6b3adfd8a01a27b28e76b5a8d55958d1d55,PARTIAL_INHERITED_DEFAULTS_NOT_DUMPED,BOUND_BY_SOURCE_CODE,engineering_or_indirect,Inherited from the hashed TrackingConfig source; no separate sensitivity claim.,PARTIAL_NO_METHOD_SPECIFIC_SENSITIVITY,FROZEN_BY_PREDICTION_AUTHORITY,Current-main active value. The frozen prediction producer was ac9bda0f7432d56229ede36bbb8fa06167846313; inherited defaults were not preserved as a complete runtime dump.
B1_CURRENT_STANDARD_V2_20260728,lifecycle,reid_unowned_competing_candidate_min_missed,1,frames,INHERITED_DEFAULT_WITH_PROVENANCE,src/pig_behavior/tracking/config.py,52c5f54ad44b6f76a8d143d168bdc942542d5fd263903cbf630f9c58ecf1cdd0,95dd37982251a6b59779e0eed020e266b54fc88c,,NO,4eb3d4e2262485d48d425be06fd8a6b3adfd8a01a27b28e76b5a8d55958d1d55,PARTIAL_INHERITED_DEFAULTS_NOT_DUMPED,BOUND_BY_SOURCE_CODE,lifecycle,Inherited from the hashed TrackingConfig source; no separate sensitivity claim.,PARTIAL_NO_METHOD_SPECIFIC_SENSITIVITY,FROZEN_BY_PREDICTION_AUTHORITY,Current-main active value. The frozen prediction producer was ac9bda0f7432d56229ede36bbb8fa06167846313; inherited defaults were not preserved as a complete runtime dump.
B1_CURRENT_STANDARD_V2_20260728,Hidden_state,reid_unowned_competing_candidate_occlusion_hold_only,true,boolean,INHERITED_DEFAULT_WITH_PROVENANCE,src/pig_behavior/tracking/config.py,52c5f54ad44b6f76a8d143d168bdc942542d5fd263903cbf630f9c58ecf1cdd0,95dd37982251a6b59779e0eed020e266b54fc88c,,NO,4eb3d4e2262485d48d425be06fd8a6b3adfd8a01a27b28e76b5a8d55958d1d55,PARTIAL_INHERITED_DEFAULTS_NOT_DUMPED,BOUND_BY_SOURCE_CODE,Hidden_state,Inherited from the hashed TrackingConfig source; no separate sensitivity claim.,PARTIAL_NO_METHOD_SPECIFIC_SENSITIVITY,FROZEN_BY_PREDICTION_AUTHORITY,Current-main active value. The frozen prediction producer was ac9bda0f7432d56229ede36bbb8fa06167846313; inherited defaults were not preserved as a complete runtime dump.
B1_CURRENT_STANDARD_V2_20260728,engineering_or_indirect,review_conf,0.5,unitless ratio,INHERITED_DEFAULT_WITH_PROVENANCE,src/pig_behavior/tracking/config.py,52c5f54ad44b6f76a8d143d168bdc942542d5fd263903cbf630f9c58ecf1cdd0,95dd37982251a6b59779e0eed020e266b54fc88c,,NO,4eb3d4e2262485d48d425be06fd8a6b3adfd8a01a27b28e76b5a8d55958d1d55,PARTIAL_INHERITED_DEFAULTS_NOT_DUMPED,BOUND_BY_SOURCE_CODE,engineering_or_indirect,Inherited from the hashed TrackingConfig source; no separate sensitivity claim.,PARTIAL_NO_METHOD_SPECIFIC_SENSITIVITY,FROZEN_BY_PREDICTION_AUTHORITY,Current-main active value. The frozen prediction producer was ac9bda0f7432d56229ede36bbb8fa06167846313; inherited defaults were not preserved as a complete runtime dump.
B1_CURRENT_STANDARD_V2_20260728,engineering_or_indirect,rf_hybrid_offline,false,boolean,INHERITED_DEFAULT_WITH_PROVENANCE,src/pig_behavior/tracking/config.py,52c5f54ad44b6f76a8d143d168bdc942542d5fd263903cbf630f9c58ecf1cdd0,95dd37982251a6b59779e0eed020e266b54fc88c,,NO,4eb3d4e2262485d48d425be06fd8a6b3adfd8a01a27b28e76b5a8d55958d1d55,PARTIAL_INHERITED_DEFAULTS_NOT_DUMPED,BOUND_BY_SOURCE_CODE,engineering_or_indirect,Inherited from the hashed TrackingConfig source; no separate sensitivity claim.,PARTIAL_NO_METHOD_SPECIFIC_SENSITIVITY,FROZEN_BY_PREDICTION_AUTHORITY,Current-main active value. The frozen prediction producer was ac9bda0f7432d56229ede36bbb8fa06167846313; inherited defaults were not preserved as a complete runtime dump.
B1_CURRENT_STANDARD_V2_20260728,engineering_or_indirect,roi_dilate_px,8,count,INHERITED_DEFAULT_WITH_PROVENANCE,src/pig_behavior/tracking/config.py,52c5f54ad44b6f76a8d143d168bdc942542d5fd263903cbf630f9c58ecf1cdd0,95dd37982251a6b59779e0eed020e266b54fc88c,,NO,4eb3d4e2262485d48d425be06fd8a6b3adfd8a01a27b28e76b5a8d55958d1d55,PARTIAL_INHERITED_DEFAULTS_NOT_DUMPED,BOUND_BY_SOURCE_CODE,engineering_or_indirect,Inherited from the hashed TrackingConfig source; no separate sensitivity claim.,PARTIAL_NO_METHOD_SPECIFIC_SENSITIVITY,FROZEN_BY_PREDICTION_AUTHORITY,Current-main active value. The frozen prediction producer was ac9bda0f7432d56229ede36bbb8fa06167846313; inherited defaults were not preserved as a complete runtime dump.
B1_CURRENT_STANDARD_V2_20260728,engineering_or_indirect,roi_min_cover,0.1,unitless,INHERITED_DEFAULT_WITH_PROVENANCE,src/pig_behavior/tracking/config.py,52c5f54ad44b6f76a8d143d168bdc942542d5fd263903cbf630f9c58ecf1cdd0,95dd37982251a6b59779e0eed020e266b54fc88c,,NO,4eb3d4e2262485d48d425be06fd8a6b3adfd8a01a27b28e76b5a8d55958d1d55,PARTIAL_INHERITED_DEFAULTS_NOT_DUMPED,BOUND_BY_SOURCE_CODE,engineering_or_indirect,Inherited from the hashed TrackingConfig source; no separate sensitivity claim.,PARTIAL_NO_METHOD_SPECIFIC_SENSITIVITY,FROZEN_BY_PREDICTION_AUTHORITY,Current-main active value. The frozen prediction producer was ac9bda0f7432d56229ede36bbb8fa06167846313; inherited defaults were not preserved as a complete runtime dump.
B1_CURRENT_STANDARD_V2_20260728,engineering_or_indirect,roi_mode,"""center""",categorical/path,INHERITED_DEFAULT_WITH_PROVENANCE,src/pig_behavior/tracking/config.py,52c5f54ad44b6f76a8d143d168bdc942542d5fd263903cbf630f9c58ecf1cdd0,95dd37982251a6b59779e0eed020e266b54fc88c,,NO,4eb3d4e2262485d48d425be06fd8a6b3adfd8a01a27b28e76b5a8d55958d1d55,PARTIAL_INHERITED_DEFAULTS_NOT_DUMPED,BOUND_BY_SOURCE_CODE,engineering_or_indirect,Inherited from the hashed TrackingConfig source; no separate sensitivity claim.,PARTIAL_NO_METHOD_SPECIFIC_SENSITIVITY,FROZEN_BY_PREDICTION_AUTHORITY,Current-main active value. The frozen prediction producer was ac9bda0f7432d56229ede36bbb8fa06167846313; inherited defaults were not preserved as a complete runtime dump.
B1_CURRENT_STANDARD_V2_20260728,detection,shade_outside_mask,true,boolean,INHERITED_DEFAULT_WITH_PROVENANCE,src/pig_behavior/tracking/config.py,52c5f54ad44b6f76a8d143d168bdc942542d5fd263903cbf630f9c58ecf1cdd0,95dd37982251a6b59779e0eed020e266b54fc88c,,NO,4eb3d4e2262485d48d425be06fd8a6b3adfd8a01a27b28e76b5a8d55958d1d55,PARTIAL_INHERITED_DEFAULTS_NOT_DUMPED,BOUND_BY_SOURCE_CODE,detection,Inherited from the hashed TrackingConfig source; no separate sensitivity claim.,PARTIAL_NO_METHOD_SPECIFIC_SENSITIVITY,FROZEN_BY_PREDICTION_AUTHORITY,Current-main active value. The frozen prediction producer was ac9bda0f7432d56229ede36bbb8fa06167846313; inherited defaults were not preserved as a complete runtime dump.
B1_CURRENT_STANDARD_V2_20260728,engineering_or_indirect,show,false,boolean,INHERITED_DEFAULT_WITH_PROVENANCE,src/pig_behavior/tracking/config.py,52c5f54ad44b6f76a8d143d168bdc942542d5fd263903cbf630f9c58ecf1cdd0,95dd37982251a6b59779e0eed020e266b54fc88c,,NO,4eb3d4e2262485d48d425be06fd8a6b3adfd8a01a27b28e76b5a8d55958d1d55,PARTIAL_INHERITED_DEFAULTS_NOT_DUMPED,BOUND_BY_SOURCE_CODE,engineering_or_indirect,Inherited from the hashed TrackingConfig source; no separate sensitivity claim.,PARTIAL_NO_METHOD_SPECIFIC_SENSITIVITY,FROZEN_BY_PREDICTION_AUTHORITY,Current-main active value. The frozen prediction producer was ac9bda0f7432d56229ede36bbb8fa06167846313; inherited defaults were not preserved as a complete runtime dump.
B1_CURRENT_STANDARD_V2_20260728,bbox_geometry,smooth_boxes,true,boolean,PREDECLARED_DEVELOPMENT_SELECTION,src/pig_behavior/tracking/profiles/hybrid_bytetrack.py,b3c63faffa705915e2e9e9b7823068af229ceedd9b263a68579e7d7b384500e6,95dd37982251a6b59779e0eed020e266b54fc88c,true,YES,4eb3d4e2262485d48d425be06fd8a6b3adfd8a01a27b28e76b5a8d55958d1d55,YES_PROFILE_OVERRIDE_ONLY,BOUND_BY_EFFECTIVE_CONFIG,bbox_geometry,Profile override frozen by a development authority before its authority run.,SUFFICIENT_WITH_DEVELOPMENT_SCOPE_LIMITATION,FROZEN_BY_PREDICTION_AUTHORITY,Current-main active value. The frozen prediction producer was ac9bda0f7432d56229ede36bbb8fa06167846313; inherited defaults were not preserved as a complete runtime dump.
B1_CURRENT_STANDARD_V2_20260728,runtime,start_frame,0,frames,INHERITED_DEFAULT_WITH_PROVENANCE,src/pig_behavior/tracking/config.py,52c5f54ad44b6f76a8d143d168bdc942542d5fd263903cbf630f9c58ecf1cdd0,95dd37982251a6b59779e0eed020e266b54fc88c,,NO,4eb3d4e2262485d48d425be06fd8a6b3adfd8a01a27b28e76b5a8d55958d1d55,PARTIAL_INHERITED_DEFAULTS_NOT_DUMPED,BOUND_BY_SOURCE_CODE,runtime,Inherited from the hashed TrackingConfig source; no separate sensitivity claim.,PARTIAL_NO_METHOD_SPECIFIC_SENSITIVITY,FROZEN_BY_PREDICTION_AUTHORITY,Current-main active value. The frozen prediction producer was ac9bda0f7432d56229ede36bbb8fa06167846313; inherited defaults were not preserved as a complete runtime dump.
B1_CURRENT_STANDARD_V2_20260728,identity_repair,suffix_pair_swap_max_overlap_frames,8,frames,INHERITED_DEFAULT_WITH_PROVENANCE,src/pig_behavior/tracking/config.py,52c5f54ad44b6f76a8d143d168bdc942542d5fd263903cbf630f9c58ecf1cdd0,95dd37982251a6b59779e0eed020e266b54fc88c,,NO,4eb3d4e2262485d48d425be06fd8a6b3adfd8a01a27b28e76b5a8d55958d1d55,PARTIAL_INHERITED_DEFAULTS_NOT_DUMPED,BOUND_BY_SOURCE_CODE,identity_repair|runtime,Inherited from the hashed TrackingConfig source; no separate sensitivity claim.,PARTIAL_NO_METHOD_SPECIFIC_SENSITIVITY,FROZEN_BY_PREDICTION_AUTHORITY,Current-main active value. The frozen prediction producer was ac9bda0f7432d56229ede36bbb8fa06167846313; inherited defaults were not preserved as a complete runtime dump.
B1_CURRENT_STANDARD_V2_20260728,association,suffix_pair_swap_max_suffix_overlap_iou,0.3,unitless ratio,INHERITED_DEFAULT_WITH_PROVENANCE,src/pig_behavior/tracking/config.py,52c5f54ad44b6f76a8d143d168bdc942542d5fd263903cbf630f9c58ecf1cdd0,95dd37982251a6b59779e0eed020e266b54fc88c,,NO,4eb3d4e2262485d48d425be06fd8a6b3adfd8a01a27b28e76b5a8d55958d1d55,PARTIAL_INHERITED_DEFAULTS_NOT_DUMPED,BOUND_BY_SOURCE_CODE,association|identity_repair,Inherited from the hashed TrackingConfig source; no separate sensitivity claim.,PARTIAL_NO_METHOD_SPECIFIC_SENSITIVITY,FROZEN_BY_PREDICTION_AUTHORITY,Current-main active value. The frozen prediction producer was ac9bda0f7432d56229ede36bbb8fa06167846313; inherited defaults were not preserved as a complete runtime dump.
B1_CURRENT_STANDARD_V2_20260728,association,suffix_pair_swap_min_overlap_iou,0.45,unitless ratio,INHERITED_DEFAULT_WITH_PROVENANCE,src/pig_behavior/tracking/config.py,52c5f54ad44b6f76a8d143d168bdc942542d5fd263903cbf630f9c58ecf1cdd0,95dd37982251a6b59779e0eed020e266b54fc88c,,NO,4eb3d4e2262485d48d425be06fd8a6b3adfd8a01a27b28e76b5a8d55958d1d55,PARTIAL_INHERITED_DEFAULTS_NOT_DUMPED,BOUND_BY_SOURCE_CODE,association|identity_repair,Inherited from the hashed TrackingConfig source; no separate sensitivity claim.,PARTIAL_NO_METHOD_SPECIFIC_SENSITIVITY,FROZEN_BY_PREDICTION_AUTHORITY,Current-main active value. The frozen prediction producer was ac9bda0f7432d56229ede36bbb8fa06167846313; inherited defaults were not preserved as a complete runtime dump.
B1_CURRENT_STANDARD_V2_20260728,identity_repair,suffix_pair_swap_min_suffix_frames,1500,frames,PREDECLARED_DEVELOPMENT_SELECTION,src/pig_behavior/tracking/profiles/hybrid_bytetrack.py,b3c63faffa705915e2e9e9b7823068af229ceedd9b263a68579e7d7b384500e6,95dd37982251a6b59779e0eed020e266b54fc88c,1500,YES,4eb3d4e2262485d48d425be06fd8a6b3adfd8a01a27b28e76b5a8d55958d1d55,YES_PROFILE_OVERRIDE_ONLY,BOUND_BY_EFFECTIVE_CONFIG,identity_repair|runtime,Profile override frozen by a development authority before its authority run.,SUFFICIENT_WITH_DEVELOPMENT_SCOPE_LIMITATION,FROZEN_BY_PREDICTION_AUTHORITY,Current-main active value. The frozen prediction producer was ac9bda0f7432d56229ede36bbb8fa06167846313; inherited defaults were not preserved as a complete runtime dump.
B1_CURRENT_STANDARD_V2_20260728,identity_repair,suffix_pair_swap_repair,true,boolean,PREDECLARED_DEVELOPMENT_SELECTION,src/pig_behavior/tracking/profiles/hybrid_bytetrack.py,b3c63faffa705915e2e9e9b7823068af229ceedd9b263a68579e7d7b384500e6,95dd37982251a6b59779e0eed020e266b54fc88c,true,YES,4eb3d4e2262485d48d425be06fd8a6b3adfd8a01a27b28e76b5a8d55958d1d55,YES_PROFILE_OVERRIDE_ONLY,BOUND_BY_EFFECTIVE_CONFIG,identity_repair,Profile override frozen by a development authority before its authority run.,SUFFICIENT_WITH_DEVELOPMENT_SCOPE_LIMITATION,FROZEN_BY_PREDICTION_AUTHORITY,Current-main active value. The frozen prediction producer was ac9bda0f7432d56229ede36bbb8fa06167846313; inherited defaults were not preserved as a complete runtime dump.
B1_CURRENT_STANDARD_V2_20260728,engineering_or_indirect,target_fps,15,count,INHERITED_DEFAULT_WITH_PROVENANCE,src/pig_behavior/tracking/config.py,52c5f54ad44b6f76a8d143d168bdc942542d5fd263903cbf630f9c58ecf1cdd0,95dd37982251a6b59779e0eed020e266b54fc88c,,NO,4eb3d4e2262485d48d425be06fd8a6b3adfd8a01a27b28e76b5a8d55958d1d55,PARTIAL_INHERITED_DEFAULTS_NOT_DUMPED,BOUND_BY_SOURCE_CODE,engineering_or_indirect,Inherited from the hashed TrackingConfig source; no separate sensitivity claim.,PARTIAL_NO_METHOD_SPECIFIC_SENSITIVITY,FROZEN_BY_PREDICTION_AUTHORITY,Current-main active value. The frozen prediction producer was ac9bda0f7432d56229ede36bbb8fa06167846313; inherited defaults were not preserved as a complete runtime dump.
B1_CURRENT_STANDARD_V2_20260728,engineering_or_indirect,track_high_conf,0.45,unitless ratio,INHERITED_DEFAULT_WITH_PROVENANCE,src/pig_behavior/tracking/config.py,52c5f54ad44b6f76a8d143d168bdc942542d5fd263903cbf630f9c58ecf1cdd0,95dd37982251a6b59779e0eed020e266b54fc88c,,NO,4eb3d4e2262485d48d425be06fd8a6b3adfd8a01a27b28e76b5a8d55958d1d55,PARTIAL_INHERITED_DEFAULTS_NOT_DUMPED,BOUND_BY_SOURCE_CODE,engineering_or_indirect,Inherited from the hashed TrackingConfig source; no separate sensitivity claim.,PARTIAL_NO_METHOD_SPECIFIC_SENSITIVITY,FROZEN_BY_PREDICTION_AUTHORITY,Current-main active value. The frozen prediction producer was ac9bda0f7432d56229ede36bbb8fa06167846313; inherited defaults were not preserved as a complete runtime dump.
B1_CURRENT_STANDARD_V2_20260728,association,track_match_iou,0.75,unitless ratio,INHERITED_DEFAULT_WITH_PROVENANCE,src/pig_behavior/tracking/config.py,52c5f54ad44b6f76a8d143d168bdc942542d5fd263903cbf630f9c58ecf1cdd0,95dd37982251a6b59779e0eed020e266b54fc88c,,NO,4eb3d4e2262485d48d425be06fd8a6b3adfd8a01a27b28e76b5a8d55958d1d55,PARTIAL_INHERITED_DEFAULTS_NOT_DUMPED,BOUND_BY_SOURCE_CODE,association,Inherited from the hashed TrackingConfig source; no separate sensitivity claim.,PARTIAL_NO_METHOD_SPECIFIC_SENSITIVITY,FROZEN_BY_PREDICTION_AUTHORITY,Current-main active value. The frozen prediction producer was ac9bda0f7432d56229ede36bbb8fa06167846313; inherited defaults were not preserved as a complete runtime dump.
B1_CURRENT_STANDARD_V2_20260728,engineering_or_indirect,tracker_type,"""bytetrack""",categorical/path,ORIGINAL_METHOD_SPECIFICATION,src/pig_behavior/tracking/config.py,52c5f54ad44b6f76a8d143d168bdc942542d5fd263903cbf630f9c58ecf1cdd0,95dd37982251a6b59779e0eed020e266b54fc88c,,NO,4eb3d4e2262485d48d425be06fd8a6b3adfd8a01a27b28e76b5a8d55958d1d55,PARTIAL_INHERITED_DEFAULTS_NOT_DUMPED,BOUND_BY_SOURCE_CODE,engineering_or_indirect,Defines the method family or locked eight-animal task.,SUFFICIENT,FROZEN_BY_PREDICTION_AUTHORITY,Current-main active value. The frozen prediction producer was ac9bda0f7432d56229ede36bbb8fa06167846313; inherited defaults were not preserved as a complete runtime dump.
B1_CURRENT_STANDARD_V2_20260728,engineering_or_indirect,tracker_yaml,null,not applicable,INHERITED_DEFAULT_WITH_PROVENANCE,src/pig_behavior/tracking/config.py,52c5f54ad44b6f76a8d143d168bdc942542d5fd263903cbf630f9c58ecf1cdd0,95dd37982251a6b59779e0eed020e266b54fc88c,,NO,4eb3d4e2262485d48d425be06fd8a6b3adfd8a01a27b28e76b5a8d55958d1d55,PARTIAL_INHERITED_DEFAULTS_NOT_DUMPED,BOUND_BY_SOURCE_CODE,engineering_or_indirect,Inherited from the hashed TrackingConfig source; no separate sensitivity claim.,PARTIAL_NO_METHOD_SPECIFIC_SENSITIVITY,FROZEN_BY_PREDICTION_AUTHORITY,Current-main active value. The frozen prediction producer was ac9bda0f7432d56229ede36bbb8fa06167846313; inherited defaults were not preserved as a complete runtime dump.
B1_CURRENT_STANDARD_V2_20260728,association,unseen_track_cost_threshold,1.1,unitless,INHERITED_DEFAULT_WITH_PROVENANCE,src/pig_behavior/tracking/config.py,52c5f54ad44b6f76a8d143d168bdc942542d5fd263903cbf630f9c58ecf1cdd0,95dd37982251a6b59779e0eed020e266b54fc88c,,NO,4eb3d4e2262485d48d425be06fd8a6b3adfd8a01a27b28e76b5a8d55958d1d55,PARTIAL_INHERITED_DEFAULTS_NOT_DUMPED,BOUND_BY_SOURCE_CODE,association,Inherited from the hashed TrackingConfig source; no separate sensitivity claim.,PARTIAL_NO_METHOD_SPECIFIC_SENSITIVITY,FROZEN_BY_PREDICTION_AUTHORITY,Current-main active value. The frozen prediction producer was ac9bda0f7432d56229ede36bbb8fa06167846313; inherited defaults were not preserved as a complete runtime dump.
B1_CURRENT_STANDARD_V2_20260728,detection,use_mask,true,boolean,INHERITED_DEFAULT_WITH_PROVENANCE,src/pig_behavior/tracking/config.py,52c5f54ad44b6f76a8d143d168bdc942542d5fd263903cbf630f9c58ecf1cdd0,95dd37982251a6b59779e0eed020e266b54fc88c,,NO,4eb3d4e2262485d48d425be06fd8a6b3adfd8a01a27b28e76b5a8d55958d1d55,PARTIAL_INHERITED_DEFAULTS_NOT_DUMPED,BOUND_BY_SOURCE_CODE,detection,Inherited from the hashed TrackingConfig source; no separate sensitivity claim.,PARTIAL_NO_METHOD_SPECIFIC_SENSITIVITY,FROZEN_BY_PREDICTION_AUTHORITY,Current-main active value. The frozen prediction producer was ac9bda0f7432d56229ede36bbb8fa06167846313; inherited defaults were not preserved as a complete runtime dump.
B1_CURRENT_STANDARD_V2_20260728,detection,use_mask_iou,true,boolean,INHERITED_DEFAULT_WITH_PROVENANCE,src/pig_behavior/tracking/config.py,52c5f54ad44b6f76a8d143d168bdc942542d5fd263903cbf630f9c58ecf1cdd0,95dd37982251a6b59779e0eed020e266b54fc88c,,NO,4eb3d4e2262485d48d425be06fd8a6b3adfd8a01a27b28e76b5a8d55958d1d55,PARTIAL_INHERITED_DEFAULTS_NOT_DUMPED,BOUND_BY_SOURCE_CODE,detection|association,Inherited from the hashed TrackingConfig source; no separate sensitivity claim.,PARTIAL_NO_METHOD_SPECIFIC_SENSITIVITY,FROZEN_BY_PREDICTION_AUTHORITY,Current-main active value. The frozen prediction producer was ac9bda0f7432d56229ede36bbb8fa06167846313; inherited defaults were not preserved as a complete runtime dump.
B1_CURRENT_STANDARD_V2_20260728,runtime,video_path,"""C:\\Users\\ironh\\Downloads\\PIG_Behavior_Project\\.codex_tmp\\worktrees\\tracking_scientific_grounding_authority\\data\\videos\\Pigs281119_000085_30fps.mp4""",categorical/path,DATA_SCHEMA_CONSTRAINT,src/pig_behavior/tracking/config.py,52c5f54ad44b6f76a8d143d168bdc942542d5fd263903cbf630f9c58ecf1cdd0,95dd37982251a6b59779e0eed020e266b54fc88c,,NO,4eb3d4e2262485d48d425be06fd8a6b3adfd8a01a27b28e76b5a8d55958d1d55,PARTIAL_INHERITED_DEFAULTS_NOT_DUMPED,BOUND_BY_SOURCE_CODE,runtime,Bound to the repository data/cache/export schema.,SUFFICIENT,FROZEN_BY_PREDICTION_AUTHORITY,Current-main active value. The frozen prediction producer was ac9bda0f7432d56229ede36bbb8fa06167846313; inherited defaults were not preserved as a complete runtime dump.
B1_CURRENT_STANDARD_V2_20260728,identity_repair,visible_raw_owner_transfer_min_gain,0.04,unitless,INHERITED_DEFAULT_WITH_PROVENANCE,src/pig_behavior/tracking/config.py,52c5f54ad44b6f76a8d143d168bdc942542d5fd263903cbf630f9c58ecf1cdd0,95dd37982251a6b59779e0eed020e266b54fc88c,,NO,4eb3d4e2262485d48d425be06fd8a6b3adfd8a01a27b28e76b5a8d55958d1d55,PARTIAL_INHERITED_DEFAULTS_NOT_DUMPED,BOUND_BY_SOURCE_CODE,identity_repair,Inherited from the hashed TrackingConfig source; no separate sensitivity claim.,PARTIAL_NO_METHOD_SPECIFIC_SENSITIVITY,FROZEN_BY_PREDICTION_AUTHORITY,Current-main active value. The frozen prediction producer was ac9bda0f7432d56229ede36bbb8fa06167846313; inherited defaults were not preserved as a complete runtime dump.
B1_CURRENT_STANDARD_V2_20260728,engineering_or_indirect,visual_opacity,0.75,unitless,INHERITED_DEFAULT_WITH_PROVENANCE,src/pig_behavior/tracking/config.py,52c5f54ad44b6f76a8d143d168bdc942542d5fd263903cbf630f9c58ecf1cdd0,95dd37982251a6b59779e0eed020e266b54fc88c,,NO,4eb3d4e2262485d48d425be06fd8a6b3adfd8a01a27b28e76b5a8d55958d1d55,PARTIAL_INHERITED_DEFAULTS_NOT_DUMPED,BOUND_BY_SOURCE_CODE,engineering_or_indirect,Inherited from the hashed TrackingConfig source; no separate sensitivity claim.,PARTIAL_NO_METHOD_SPECIFIC_SENSITIVITY,FROZEN_BY_PREDICTION_AUTHORITY,Current-main active value. The frozen prediction producer was ac9bda0f7432d56229ede36bbb8fa06167846313; inherited defaults were not preserved as a complete runtime dump.
B1_CURRENT_STANDARD_V2_20260728,engineering_or_indirect,weights_path,"""C:\\Users\\ironh\\Downloads\\PIG_Behavior_Project\\.codex_tmp\\worktrees\\tracking_scientific_grounding_authority\\models\\detector\\pig_detector_yolov8.pt""",categorical/path,DATA_SCHEMA_CONSTRAINT,src/pig_behavior/tracking/config.py,52c5f54ad44b6f76a8d143d168bdc942542d5fd263903cbf630f9c58ecf1cdd0,95dd37982251a6b59779e0eed020e266b54fc88c,,NO,4eb3d4e2262485d48d425be06fd8a6b3adfd8a01a27b28e76b5a8d55958d1d55,PARTIAL_INHERITED_DEFAULTS_NOT_DUMPED,BOUND_BY_SOURCE_CODE,engineering_or_indirect,Bound to the repository data/cache/export schema.,SUFFICIENT,FROZEN_BY_PREDICTION_AUTHORITY,Current-main active value. The frozen prediction producer was ac9bda0f7432d56229ede36bbb8fa06167846313; inherited defaults were not preserved as a complete runtime dump.
B1_CURRENT_STANDARD_V2_20260728,runtime,write_output_video,true,boolean,HARDWARE_OR_RUNTIME_CONSTRAINT,src/pig_behavior/tracking/config.py,52c5f54ad44b6f76a8d143d168bdc942542d5fd263903cbf630f9c58ecf1cdd0,95dd37982251a6b59779e0eed020e266b54fc88c,,NO,4eb3d4e2262485d48d425be06fd8a6b3adfd8a01a27b28e76b5a8d55958d1d55,PARTIAL_INHERITED_DEFAULTS_NOT_DUMPED,BOUND_BY_SOURCE_CODE,runtime,Execution/safety constraint rather than a quality claim.,SUFFICIENT,FROZEN_BY_PREDICTION_AUTHORITY,Current-main active value. The frozen prediction producer was ac9bda0f7432d56229ede36bbb8fa06167846313; inherited defaults were not preserved as a complete runtime dump.
R0_CURRENT_STANDARD_V2_20260728,Hidden_state,USE_AREA_OCCLUSION_FREEZE,false,boolean,PREDECLARED_DEVELOPMENT_SELECTION,src/pig_behavior/tracking/profiles/realtime.py,c7f63149f4577a8b5285f9387b46c75cd0fbbcabcc4c585ec89f319a06b8a496,95dd37982251a6b59779e0eed020e266b54fc88c,false,YES,9bf4ce6d07423ab517b4705c716e3eb012349b756b7c0591cc3458eac207808d,YES_PROFILE_OVERRIDE_ONLY,BOUND_BY_EFFECTIVE_CONFIG,Hidden_state,Profile override frozen by a development authority before its authority run.,SUFFICIENT_WITH_DEVELOPMENT_SCOPE_LIMITATION,FROZEN_BY_PREDICTION_AUTHORITY,Current-main active value. The frozen prediction producer was 64d835cbf1b25ecdef3a777a50f0b46db6c93f61; inherited defaults were not preserved as a complete runtime dump.
R0_CURRENT_STANDARD_V2_20260728,Hidden_state,USE_CONDITIONAL_AREA_OCCLUSION_FREEZE,false,boolean,PREDECLARED_DEVELOPMENT_SELECTION,src/pig_behavior/tracking/profiles/realtime.py,c7f63149f4577a8b5285f9387b46c75cd0fbbcabcc4c585ec89f319a06b8a496,95dd37982251a6b59779e0eed020e266b54fc88c,false,YES,9bf4ce6d07423ab517b4705c716e3eb012349b756b7c0591cc3458eac207808d,YES_PROFILE_OVERRIDE_ONLY,BOUND_BY_EFFECTIVE_CONFIG,Hidden_state,Profile override frozen by a development authority before its authority run.,SUFFICIENT_WITH_DEVELOPMENT_SCOPE_LIMITATION,FROZEN_BY_PREDICTION_AUTHORITY,Current-main active value. The frozen prediction producer was 64d835cbf1b25ecdef3a777a50f0b46db6c93f61; inherited defaults were not preserved as a complete runtime dump.
R0_CURRENT_STANDARD_V2_20260728,association,USE_IOU_FALLBACK,false,boolean,PREDECLARED_DEVELOPMENT_SELECTION,src/pig_behavior/tracking/profiles/realtime.py,c7f63149f4577a8b5285f9387b46c75cd0fbbcabcc4c585ec89f319a06b8a496,95dd37982251a6b59779e0eed020e266b54fc88c,false,YES,9bf4ce6d07423ab517b4705c716e3eb012349b756b7c0591cc3458eac207808d,YES_PROFILE_OVERRIDE_ONLY,BOUND_BY_EFFECTIVE_CONFIG,association,Profile override frozen by a development authority before its authority run.,SUFFICIENT_WITH_DEVELOPMENT_SCOPE_LIMITATION,FROZEN_BY_PREDICTION_AUTHORITY,Current-main active value. The frozen prediction producer was 64d835cbf1b25ecdef3a777a50f0b46db6c93f61; inherited defaults were not preserved as a complete runtime dump.
R0_CURRENT_STANDARD_V2_20260728,bbox_geometry,USE_MERGED_BOX_SPLIT,false,boolean,PREDECLARED_DEVELOPMENT_SELECTION,src/pig_behavior/tracking/profiles/realtime.py,c7f63149f4577a8b5285f9387b46c75cd0fbbcabcc4c585ec89f319a06b8a496,95dd37982251a6b59779e0eed020e266b54fc88c,false,YES,9bf4ce6d07423ab517b4705c716e3eb012349b756b7c0591cc3458eac207808d,YES_PROFILE_OVERRIDE_ONLY,BOUND_BY_EFFECTIVE_CONFIG,bbox_geometry,Profile override frozen by a development authority before its authority run.,SUFFICIENT_WITH_DEVELOPMENT_SCOPE_LIMITATION,FROZEN_BY_PREDICTION_AUTHORITY,Current-main active value. The frozen prediction producer was 64d835cbf1b25ecdef3a777a50f0b46db6c93f61; inherited defaults were not preserved as a complete runtime dump.
R0_CURRENT_STANDARD_V2_20260728,engineering_or_indirect,adaptive_conf_step,0.05,unitless,INHERITED_DEFAULT_WITH_PROVENANCE,src/pig_behavior/tracking/config.py,52c5f54ad44b6f76a8d143d168bdc942542d5fd263903cbf630f9c58ecf1cdd0,95dd37982251a6b59779e0eed020e266b54fc88c,,NO,9bf4ce6d07423ab517b4705c716e3eb012349b756b7c0591cc3458eac207808d,PARTIAL_INHERITED_DEFAULTS_NOT_DUMPED,BOUND_BY_SOURCE_CODE,engineering_or_indirect,Inherited from the hashed TrackingConfig source; no separate sensitivity claim.,PARTIAL_NO_METHOD_SPECIFIC_SENSITIVITY,FROZEN_BY_PREDICTION_AUTHORITY,Current-main active value. The frozen prediction producer was 64d835cbf1b25ecdef3a777a50f0b46db6c93f61; inherited defaults were not preserved as a complete runtime dump.
R0_CURRENT_STANDARD_V2_20260728,detection,allowed_class_name,null,not applicable,INHERITED_DEFAULT_WITH_PROVENANCE,src/pig_behavior/tracking/config.py,52c5f54ad44b6f76a8d143d168bdc942542d5fd263903cbf630f9c58ecf1cdd0,95dd37982251a6b59779e0eed020e266b54fc88c,,NO,9bf4ce6d07423ab517b4705c716e3eb012349b756b7c0591cc3458eac207808d,PARTIAL_INHERITED_DEFAULTS_NOT_DUMPED,BOUND_BY_SOURCE_CODE,detection,Inherited from the hashed TrackingConfig source; no separate sensitivity claim.,PARTIAL_NO_METHOD_SPECIFIC_SENSITIVITY,FROZEN_BY_PREDICTION_AUTHORITY,Current-main active value. The frozen prediction producer was 64d835cbf1b25ecdef3a777a50f0b46db6c93f61; inherited defaults were not preserved as a complete runtime dump.
R0_CURRENT_STANDARD_V2_20260728,identity_repair,ambiguity_owner_guard,false,boolean,INHERITED_DEFAULT_WITH_PROVENANCE,src/pig_behavior/tracking/config.py,52c5f54ad44b6f76a8d143d168bdc942542d5fd263903cbf630f9c58ecf1cdd0,95dd37982251a6b59779e0eed020e266b54fc88c,,NO,9bf4ce6d07423ab517b4705c716e3eb012349b756b7c0591cc3458eac207808d,PARTIAL_INHERITED_DEFAULTS_NOT_DUMPED,BOUND_BY_SOURCE_CODE,identity_repair,Inherited from the hashed TrackingConfig source; no separate sensitivity claim.,PARTIAL_NO_METHOD_SPECIFIC_SENSITIVITY,FROZEN_BY_PREDICTION_AUTHORITY,Current-main active value. The frozen prediction producer was 64d835cbf1b25ecdef3a777a50f0b46db6c93f61; inherited defaults were not preserved as a complete runtime dump.
R0_CURRENT_STANDARD_V2_20260728,association,ambiguity_owner_guard_cost_margin,0.04,unitless,INHERITED_DEFAULT_WITH_PROVENANCE,src/pig_behavior/tracking/config.py,52c5f54ad44b6f76a8d143d168bdc942542d5fd263903cbf630f9c58ecf1cdd0,95dd37982251a6b59779e0eed020e266b54fc88c,,NO,9bf4ce6d07423ab517b4705c716e3eb012349b756b7c0591cc3458eac207808d,PARTIAL_INHERITED_DEFAULTS_NOT_DUMPED,BOUND_BY_SOURCE_CODE,association|identity_repair,Inherited from the hashed TrackingConfig source; no separate sensitivity claim.,PARTIAL_NO_METHOD_SPECIFIC_SENSITIVITY,FROZEN_BY_PREDICTION_AUTHORITY,Current-main active value. The frozen prediction producer was 64d835cbf1b25ecdef3a777a50f0b46db6c93f61; inherited defaults were not preserved as a complete runtime dump.
R0_CURRENT_STANDARD_V2_20260728,engineering_or_indirect,annotations_json,null,not applicable,INHERITED_DEFAULT_WITH_PROVENANCE,src/pig_behavior/tracking/config.py,52c5f54ad44b6f76a8d143d168bdc942542d5fd263903cbf630f9c58ecf1cdd0,95dd37982251a6b59779e0eed020e266b54fc88c,,NO,9bf4ce6d07423ab517b4705c716e3eb012349b756b7c0591cc3458eac207808d,PARTIAL_INHERITED_DEFAULTS_NOT_DUMPED,BOUND_BY_SOURCE_CODE,engineering_or_indirect,Inherited from the hashed TrackingConfig source; no separate sensitivity claim.,PARTIAL_NO_METHOD_SPECIFIC_SENSITIVITY,FROZEN_BY_PREDICTION_AUTHORITY,Current-main active value. The frozen prediction producer was 64d835cbf1b25ecdef3a777a50f0b46db6c93f61; inherited defaults were not preserved as a complete runtime dump.
R0_CURRENT_STANDARD_V2_20260728,association,appearance_hist_foreground_core,false,boolean,INHERITED_DEFAULT_WITH_PROVENANCE,src/pig_behavior/tracking/config.py,52c5f54ad44b6f76a8d143d168bdc942542d5fd263903cbf630f9c58ecf1cdd0,95dd37982251a6b59779e0eed020e266b54fc88c,,NO,9bf4ce6d07423ab517b4705c716e3eb012349b756b7c0591cc3458eac207808d,PARTIAL_INHERITED_DEFAULTS_NOT_DUMPED,BOUND_BY_SOURCE_CODE,association,Inherited from the hashed TrackingConfig source; no separate sensitivity claim.,PARTIAL_NO_METHOD_SPECIFIC_SENSITIVITY,FROZEN_BY_PREDICTION_AUTHORITY,Current-main active value. The frozen prediction producer was 64d835cbf1b25ecdef3a777a50f0b46db6c93f61; inherited defaults were not preserved as a complete runtime dump.
R0_CURRENT_STANDARD_V2_20260728,Hidden_state,area_occlusion_freeze_frames,15,frames,INHERITED_DEFAULT_WITH_PROVENANCE,src/pig_behavior/tracking/config.py,52c5f54ad44b6f76a8d143d168bdc942542d5fd263903cbf630f9c58ecf1cdd0,95dd37982251a6b59779e0eed020e266b54fc88c,,NO,9bf4ce6d07423ab517b4705c716e3eb012349b756b7c0591cc3458eac207808d,PARTIAL_INHERITED_DEFAULTS_NOT_DUMPED,BOUND_BY_SOURCE_CODE,Hidden_state|runtime,Inherited from the hashed TrackingConfig source; no separate sensitivity claim.,PARTIAL_NO_METHOD_SPECIFIC_SENSITIVITY,FROZEN_BY_PREDICTION_AUTHORITY,Current-main active value. The frozen prediction producer was 64d835cbf1b25ecdef3a777a50f0b46db6c93f61; inherited defaults were not preserved as a complete runtime dump.
R0_CURRENT_STANDARD_V2_20260728,Hidden_state,area_occlusion_shrink_ratio,0.6,unitless,INHERITED_DEFAULT_WITH_PROVENANCE,src/pig_behavior/tracking/config.py,52c5f54ad44b6f76a8d143d168bdc942542d5fd263903cbf630f9c58ecf1cdd0,95dd37982251a6b59779e0eed020e266b54fc88c,,NO,9bf4ce6d07423ab517b4705c716e3eb012349b756b7c0591cc3458eac207808d,PARTIAL_INHERITED_DEFAULTS_NOT_DUMPED,BOUND_BY_SOURCE_CODE,Hidden_state,Inherited from the hashed TrackingConfig source; no separate sensitivity claim.,PARTIAL_NO_METHOD_SPECIFIC_SENSITIVITY,FROZEN_BY_PREDICTION_AUTHORITY,Current-main active value. The frozen prediction producer was 64d835cbf1b25ecdef3a777a50f0b46db6c93f61; inherited defaults were not preserved as a complete runtime dump.
R0_CURRENT_STANDARD_V2_20260728,association,association_debug,false,boolean,INHERITED_DEFAULT_WITH_PROVENANCE,src/pig_behavior/tracking/config.py,52c5f54ad44b6f76a8d143d168bdc942542d5fd263903cbf630f9c58ecf1cdd0,95dd37982251a6b59779e0eed020e266b54fc88c,,NO,9bf4ce6d07423ab517b4705c716e3eb012349b756b7c0591cc3458eac207808d,PARTIAL_INHERITED_DEFAULTS_NOT_DUMPED,BOUND_BY_SOURCE_CODE,association,Inherited from the hashed TrackingConfig source; no separate sensitivity claim.,PARTIAL_NO_METHOD_SPECIFIC_SENSITIVITY,FROZEN_BY_PREDICTION_AUTHORITY,Current-main active value. The frozen prediction producer was 64d835cbf1b25ecdef3a777a50f0b46db6c93f61; inherited defaults were not preserved as a complete runtime dump.
R0_CURRENT_STANDARD_V2_20260728,detection,causal_hidden_detection_reservation,false,boolean,INHERITED_DEFAULT_WITH_PROVENANCE,src/pig_behavior/tracking/config.py,52c5f54ad44b6f76a8d143d168bdc942542d5fd263903cbf630f9c58ecf1cdd0,95dd37982251a6b59779e0eed020e266b54fc88c,,NO,9bf4ce6d07423ab517b4705c716e3eb012349b756b7c0591cc3458eac207808d,PARTIAL_INHERITED_DEFAULTS_NOT_DUMPED,BOUND_BY_SOURCE_CODE,detection|Hidden_state,Inherited from the hashed TrackingConfig source; no separate sensitivity claim.,PARTIAL_NO_METHOD_SPECIFIC_SENSITIVITY,FROZEN_BY_PREDICTION_AUTHORITY,Current-main active value. The frozen prediction producer was 64d835cbf1b25ecdef3a777a50f0b46db6c93f61; inherited defaults were not preserved as a complete runtime dump.
R0_CURRENT_STANDARD_V2_20260728,detection,causal_hidden_detection_reservation_allow_visible_hold,false,boolean,INHERITED_DEFAULT_WITH_PROVENANCE,src/pig_behavior/tracking/config.py,52c5f54ad44b6f76a8d143d168bdc942542d5fd263903cbf630f9c58ecf1cdd0,95dd37982251a6b59779e0eed020e266b54fc88c,,NO,9bf4ce6d07423ab517b4705c716e3eb012349b756b7c0591cc3458eac207808d,PARTIAL_INHERITED_DEFAULTS_NOT_DUMPED,BOUND_BY_SOURCE_CODE,detection|Hidden_state,Inherited from the hashed TrackingConfig source; no separate sensitivity claim.,PARTIAL_NO_METHOD_SPECIFIC_SENSITIVITY,FROZEN_BY_PREDICTION_AUTHORITY,Current-main active value. The frozen prediction producer was 64d835cbf1b25ecdef3a777a50f0b46db6c93f61; inherited defaults were not preserved as a complete runtime dump.
R0_CURRENT_STANDARD_V2_20260728,detection,causal_hidden_detection_reservation_hold_max_claim_cost,0.1,unitless,INHERITED_DEFAULT_WITH_PROVENANCE,src/pig_behavior/tracking/config.py,52c5f54ad44b6f76a8d143d168bdc942542d5fd263903cbf630f9c58ecf1cdd0,95dd37982251a6b59779e0eed020e266b54fc88c,,NO,9bf4ce6d07423ab517b4705c716e3eb012349b756b7c0591cc3458eac207808d,PARTIAL_INHERITED_DEFAULTS_NOT_DUMPED,BOUND_BY_SOURCE_CODE,detection|association|Hidden_state,Inherited from the hashed TrackingConfig source; no separate sensitivity claim.,PARTIAL_NO_METHOD_SPECIFIC_SENSITIVITY,FROZEN_BY_PREDICTION_AUTHORITY,Current-main active value. The frozen prediction producer was 64d835cbf1b25ecdef3a777a50f0b46db6c93f61; inherited defaults were not preserved as a complete runtime dump.
R0_CURRENT_STANDARD_V2_20260728,detection,causal_hidden_detection_reservation_hold_min_gain,0.1,unitless,INHERITED_DEFAULT_WITH_PROVENANCE,src/pig_behavior/tracking/config.py,52c5f54ad44b6f76a8d143d168bdc942542d5fd263903cbf630f9c58ecf1cdd0,95dd37982251a6b59779e0eed020e266b54fc88c,,NO,9bf4ce6d07423ab517b4705c716e3eb012349b756b7c0591cc3458eac207808d,PARTIAL_INHERITED_DEFAULTS_NOT_DUMPED,BOUND_BY_SOURCE_CODE,detection|Hidden_state,Inherited from the hashed TrackingConfig source; no separate sensitivity claim.,PARTIAL_NO_METHOD_SPECIFIC_SENSITIVITY,FROZEN_BY_PREDICTION_AUTHORITY,Current-main active value. The frozen prediction producer was 64d835cbf1b25ecdef3a777a50f0b46db6c93f61; inherited defaults were not preserved as a complete runtime dump.
R0_CURRENT_STANDARD_V2_20260728,detection,causal_hidden_detection_reservation_hold_min_iom,0.96,unitless,INHERITED_DEFAULT_WITH_PROVENANCE,src/pig_behavior/tracking/config.py,52c5f54ad44b6f76a8d143d168bdc942542d5fd263903cbf630f9c58ecf1cdd0,95dd37982251a6b59779e0eed020e266b54fc88c,,NO,9bf4ce6d07423ab517b4705c716e3eb012349b756b7c0591cc3458eac207808d,PARTIAL_INHERITED_DEFAULTS_NOT_DUMPED,BOUND_BY_SOURCE_CODE,detection|Hidden_state,Inherited from the hashed TrackingConfig source; no separate sensitivity claim.,PARTIAL_NO_METHOD_SPECIFIC_SENSITIVITY,FROZEN_BY_PREDICTION_AUTHORITY,Current-main active value. The frozen prediction producer was 64d835cbf1b25ecdef3a777a50f0b46db6c93f61; inherited defaults were not preserved as a complete runtime dump.
R0_CURRENT_STANDARD_V2_20260728,detection,causal_hidden_detection_reservation_hold_min_visible_cost,0.2,unitless,INHERITED_DEFAULT_WITH_PROVENANCE,src/pig_behavior/tracking/config.py,52c5f54ad44b6f76a8d143d168bdc942542d5fd263903cbf630f9c58ecf1cdd0,95dd37982251a6b59779e0eed020e266b54fc88c,,NO,9bf4ce6d07423ab517b4705c716e3eb012349b756b7c0591cc3458eac207808d,PARTIAL_INHERITED_DEFAULTS_NOT_DUMPED,BOUND_BY_SOURCE_CODE,detection|association|Hidden_state,Inherited from the hashed TrackingConfig source; no separate sensitivity claim.,PARTIAL_NO_METHOD_SPECIFIC_SENSITIVITY,FROZEN_BY_PREDICTION_AUTHORITY,Current-main active value. The frozen prediction producer was 64d835cbf1b25ecdef3a777a50f0b46db6c93f61; inherited defaults were not preserved as a complete runtime dump.
R0_CURRENT_STANDARD_V2_20260728,detection,causal_hidden_detection_reservation_hold_reserved_reid,false,boolean,INHERITED_DEFAULT_WITH_PROVENANCE,src/pig_behavior/tracking/config.py,52c5f54ad44b6f76a8d143d168bdc942542d5fd263903cbf630f9c58ecf1cdd0,95dd37982251a6b59779e0eed020e266b54fc88c,,NO,9bf4ce6d07423ab517b4705c716e3eb012349b756b7c0591cc3458eac207808d,PARTIAL_INHERITED_DEFAULTS_NOT_DUMPED,BOUND_BY_SOURCE_CODE,detection|Hidden_state,Inherited from the hashed TrackingConfig source; no separate sensitivity claim.,PARTIAL_NO_METHOD_SPECIFIC_SENSITIVITY,FROZEN_BY_PREDICTION_AUTHORITY,Current-main active value. The frozen prediction producer was 64d835cbf1b25ecdef3a777a50f0b46db6c93f61; inherited defaults were not preserved as a complete runtime dump.
R0_CURRENT_STANDARD_V2_20260728,detection,causal_hidden_detection_reservation_max_alternative_cost,0.78,unitless,INHERITED_DEFAULT_WITH_PROVENANCE,src/pig_behavior/tracking/config.py,52c5f54ad44b6f76a8d143d168bdc942542d5fd263903cbf630f9c58ecf1cdd0,95dd37982251a6b59779e0eed020e266b54fc88c,,NO,9bf4ce6d07423ab517b4705c716e3eb012349b756b7c0591cc3458eac207808d,PARTIAL_INHERITED_DEFAULTS_NOT_DUMPED,BOUND_BY_SOURCE_CODE,detection|association|Hidden_state,Inherited from the hashed TrackingConfig source; no separate sensitivity claim.,PARTIAL_NO_METHOD_SPECIFIC_SENSITIVITY,FROZEN_BY_PREDICTION_AUTHORITY,Current-main active value. The frozen prediction producer was 64d835cbf1b25ecdef3a777a50f0b46db6c93f61; inherited defaults were not preserved as a complete runtime dump.
R0_CURRENT_STANDARD_V2_20260728,detection,causal_hidden_detection_reservation_max_center_distance,0.09,unitless,INHERITED_DEFAULT_WITH_PROVENANCE,src/pig_behavior/tracking/config.py,52c5f54ad44b6f76a8d143d168bdc942542d5fd263903cbf630f9c58ecf1cdd0,95dd37982251a6b59779e0eed020e266b54fc88c,,NO,9bf4ce6d07423ab517b4705c716e3eb012349b756b7c0591cc3458eac207808d,PARTIAL_INHERITED_DEFAULTS_NOT_DUMPED,BOUND_BY_SOURCE_CODE,detection|Hidden_state,Inherited from the hashed TrackingConfig source; no separate sensitivity claim.,PARTIAL_NO_METHOD_SPECIFIC_SENSITIVITY,FROZEN_BY_PREDICTION_AUTHORITY,Current-main active value. The frozen prediction producer was 64d835cbf1b25ecdef3a777a50f0b46db6c93f61; inherited defaults were not preserved as a complete runtime dump.
R0_CURRENT_STANDARD_V2_20260728,detection,causal_hidden_detection_reservation_max_claim_cost,0.25,unitless,INHERITED_DEFAULT_WITH_PROVENANCE,src/pig_behavior/tracking/config.py,52c5f54ad44b6f76a8d143d168bdc942542d5fd263903cbf630f9c58ecf1cdd0,95dd37982251a6b59779e0eed020e266b54fc88c,,NO,9bf4ce6d07423ab517b4705c716e3eb012349b756b7c0591cc3458eac207808d,PARTIAL_INHERITED_DEFAULTS_NOT_DUMPED,BOUND_BY_SOURCE_CODE,detection|association|Hidden_state,Inherited from the hashed TrackingConfig source; no separate sensitivity claim.,PARTIAL_NO_METHOD_SPECIFIC_SENSITIVITY,FROZEN_BY_PREDICTION_AUTHORITY,Current-main active value. The frozen prediction producer was 64d835cbf1b25ecdef3a777a50f0b46db6c93f61; inherited defaults were not preserved as a complete runtime dump.
R0_CURRENT_STANDARD_V2_20260728,detection,causal_hidden_detection_reservation_max_missed,5,frames,INHERITED_DEFAULT_WITH_PROVENANCE,src/pig_behavior/tracking/config.py,52c5f54ad44b6f76a8d143d168bdc942542d5fd263903cbf630f9c58ecf1cdd0,95dd37982251a6b59779e0eed020e266b54fc88c,,NO,9bf4ce6d07423ab517b4705c716e3eb012349b756b7c0591cc3458eac207808d,PARTIAL_INHERITED_DEFAULTS_NOT_DUMPED,BOUND_BY_SOURCE_CODE,detection|lifecycle|Hidden_state,Inherited from the hashed TrackingConfig source; no separate sensitivity claim.,PARTIAL_NO_METHOD_SPECIFIC_SENSITIVITY,FROZEN_BY_PREDICTION_AUTHORITY,Current-main active value. The frozen prediction producer was 64d835cbf1b25ecdef3a777a50f0b46db6c93f61; inherited defaults were not preserved as a complete runtime dump.
R0_CURRENT_STANDARD_V2_20260728,detection,causal_hidden_detection_reservation_min_gain,0.08,unitless,INHERITED_DEFAULT_WITH_PROVENANCE,src/pig_behavior/tracking/config.py,52c5f54ad44b6f76a8d143d168bdc942542d5fd263903cbf630f9c58ecf1cdd0,95dd37982251a6b59779e0eed020e266b54fc88c,,NO,9bf4ce6d07423ab517b4705c716e3eb012349b756b7c0591cc3458eac207808d,PARTIAL_INHERITED_DEFAULTS_NOT_DUMPED,BOUND_BY_SOURCE_CODE,detection|Hidden_state,Inherited from the hashed TrackingConfig source; no separate sensitivity claim.,PARTIAL_NO_METHOD_SPECIFIC_SENSITIVITY,FROZEN_BY_PREDICTION_AUTHORITY,Current-main active value. The frozen prediction producer was 64d835cbf1b25ecdef3a777a50f0b46db6c93f61; inherited defaults were not preserved as a complete runtime dump.
R0_CURRENT_STANDARD_V2_20260728,detection,causal_hidden_detection_reservation_min_iom,0.55,unitless,INHERITED_DEFAULT_WITH_PROVENANCE,src/pig_behavior/tracking/config.py,52c5f54ad44b6f76a8d143d168bdc942542d5fd263903cbf630f9c58ecf1cdd0,95dd37982251a6b59779e0eed020e266b54fc88c,,NO,9bf4ce6d07423ab517b4705c716e3eb012349b756b7c0591cc3458eac207808d,PARTIAL_INHERITED_DEFAULTS_NOT_DUMPED,BOUND_BY_SOURCE_CODE,detection|Hidden_state,Inherited from the hashed TrackingConfig source; no separate sensitivity claim.,PARTIAL_NO_METHOD_SPECIFIC_SENSITIVITY,FROZEN_BY_PREDICTION_AUTHORITY,Current-main active value. The frozen prediction producer was 64d835cbf1b25ecdef3a777a50f0b46db6c93f61; inherited defaults were not preserved as a complete runtime dump.
R0_CURRENT_STANDARD_V2_20260728,detection,class_id,null,not applicable,DATA_SCHEMA_CONSTRAINT,src/pig_behavior/tracking/config.py,52c5f54ad44b6f76a8d143d168bdc942542d5fd263903cbf630f9c58ecf1cdd0,95dd37982251a6b59779e0eed020e266b54fc88c,,NO,9bf4ce6d07423ab517b4705c716e3eb012349b756b7c0591cc3458eac207808d,PARTIAL_INHERITED_DEFAULTS_NOT_DUMPED,BOUND_BY_SOURCE_CODE,detection,Bound to the repository data/cache/export schema.,SUFFICIENT,FROZEN_BY_PREDICTION_AUTHORITY,Current-main active value. The frozen prediction producer was 64d835cbf1b25ecdef3a777a50f0b46db6c93f61; inherited defaults were not preserved as a complete runtime dump.
R0_CURRENT_STANDARD_V2_20260728,engineering_or_indirect,clean_coco_annotations_json,null,not applicable,INHERITED_DEFAULT_WITH_PROVENANCE,src/pig_behavior/tracking/config.py,52c5f54ad44b6f76a8d143d168bdc942542d5fd263903cbf630f9c58ecf1cdd0,95dd37982251a6b59779e0eed020e266b54fc88c,,NO,9bf4ce6d07423ab517b4705c716e3eb012349b756b7c0591cc3458eac207808d,PARTIAL_INHERITED_DEFAULTS_NOT_DUMPED,BOUND_BY_SOURCE_CODE,engineering_or_indirect,Inherited from the hashed TrackingConfig source; no separate sensitivity claim.,PARTIAL_NO_METHOD_SPECIFIC_SENSITIVITY,FROZEN_BY_PREDICTION_AUTHORITY,Current-main active value. The frozen prediction producer was 64d835cbf1b25ecdef3a777a50f0b46db6c93f61; inherited defaults were not preserved as a complete runtime dump.
R0_CURRENT_STANDARD_V2_20260728,engineering_or_indirect,coco_annotations_json,null,not applicable,INHERITED_DEFAULT_WITH_PROVENANCE,src/pig_behavior/tracking/config.py,52c5f54ad44b6f76a8d143d168bdc942542d5fd263903cbf630f9c58ecf1cdd0,95dd37982251a6b59779e0eed020e266b54fc88c,,NO,9bf4ce6d07423ab517b4705c716e3eb012349b756b7c0591cc3458eac207808d,PARTIAL_INHERITED_DEFAULTS_NOT_DUMPED,BOUND_BY_SOURCE_CODE,engineering_or_indirect,Inherited from the hashed TrackingConfig source; no separate sensitivity claim.,PARTIAL_NO_METHOD_SPECIFIC_SENSITIVITY,FROZEN_BY_PREDICTION_AUTHORITY,Current-main active value. The frozen prediction producer was 64d835cbf1b25ecdef3a777a50f0b46db6c93f61; inherited defaults were not preserved as a complete runtime dump.
R0_CURRENT_STANDARD_V2_20260728,engineering_or_indirect,conf,null,not applicable,INHERITED_DEFAULT_WITH_PROVENANCE,src/pig_behavior/tracking/config.py,52c5f54ad44b6f76a8d143d168bdc942542d5fd263903cbf630f9c58ecf1cdd0,95dd37982251a6b59779e0eed020e266b54fc88c,,NO,9bf4ce6d07423ab517b4705c716e3eb012349b756b7c0591cc3458eac207808d,PARTIAL_INHERITED_DEFAULTS_NOT_DUMPED,BOUND_BY_SOURCE_CODE,engineering_or_indirect,Inherited from the hashed TrackingConfig source; no separate sensitivity claim.,PARTIAL_NO_METHOD_SPECIFIC_SENSITIVITY,FROZEN_BY_PREDICTION_AUTHORITY,Current-main active value. The frozen prediction producer was 64d835cbf1b25ecdef3a777a50f0b46db6c93f61; inherited defaults were not preserved as a complete runtime dump.
R0_CURRENT_STANDARD_V2_20260728,runtime,cvat_video_xml,null,not applicable,INHERITED_DEFAULT_WITH_PROVENANCE,src/pig_behavior/tracking/config.py,52c5f54ad44b6f76a8d143d168bdc942542d5fd263903cbf630f9c58ecf1cdd0,95dd37982251a6b59779e0eed020e266b54fc88c,,NO,9bf4ce6d07423ab517b4705c716e3eb012349b756b7c0591cc3458eac207808d,PARTIAL_INHERITED_DEFAULTS_NOT_DUMPED,BOUND_BY_SOURCE_CODE,runtime,Inherited from the hashed TrackingConfig source; no separate sensitivity claim.,PARTIAL_NO_METHOD_SPECIFIC_SENSITIVITY,FROZEN_BY_PREDICTION_AUTHORITY,Current-main active value. The frozen prediction producer was 64d835cbf1b25ecdef3a777a50f0b46db6c93f61; inherited defaults were not preserved as a complete runtime dump.
R0_CURRENT_STANDARD_V2_20260728,engineering_or_indirect,default_behavior,"""lying""",categorical/path,INHERITED_DEFAULT_WITH_PROVENANCE,src/pig_behavior/tracking/config.py,52c5f54ad44b6f76a8d143d168bdc942542d5fd263903cbf630f9c58ecf1cdd0,95dd37982251a6b59779e0eed020e266b54fc88c,,NO,9bf4ce6d07423ab517b4705c716e3eb012349b756b7c0591cc3458eac207808d,PARTIAL_INHERITED_DEFAULTS_NOT_DUMPED,BOUND_BY_SOURCE_CODE,engineering_or_indirect,Inherited from the hashed TrackingConfig source; no separate sensitivity claim.,PARTIAL_NO_METHOD_SPECIFIC_SENSITIVITY,FROZEN_BY_PREDICTION_AUTHORITY,Current-main active value. The frozen prediction producer was 64d835cbf1b25ecdef3a777a50f0b46db6c93f61; inherited defaults were not preserved as a complete runtime dump.
R0_CURRENT_STANDARD_V2_20260728,detection,det_conf,0.25,unitless ratio,PREDECLARED_DEVELOPMENT_SELECTION,src/pig_behavior/tracking/profiles/realtime.py,c7f63149f4577a8b5285f9387b46c75cd0fbbcabcc4c585ec89f319a06b8a496,95dd37982251a6b59779e0eed020e266b54fc88c,0.25,YES,9bf4ce6d07423ab517b4705c716e3eb012349b756b7c0591cc3458eac207808d,YES_PROFILE_OVERRIDE_ONLY,BOUND_BY_EFFECTIVE_CONFIG,detection,Profile override frozen by a development authority before its authority run.,SUFFICIENT_WITH_DEVELOPMENT_SCOPE_LIMITATION,FROZEN_BY_PREDICTION_AUTHORITY,Current-main active value. The frozen prediction producer was 64d835cbf1b25ecdef3a777a50f0b46db6c93f61; inherited defaults were not preserved as a complete runtime dump.
R0_CURRENT_STANDARD_V2_20260728,detection,detect_every_n_frames,2,frames,PREDECLARED_DEVELOPMENT_SELECTION,src/pig_behavior/tracking/profiles/realtime.py,c7f63149f4577a8b5285f9387b46c75cd0fbbcabcc4c585ec89f319a06b8a496,95dd37982251a6b59779e0eed020e266b54fc88c,2,YES,9bf4ce6d07423ab517b4705c716e3eb012349b756b7c0591cc3458eac207808d,YES_PROFILE_OVERRIDE_ONLY,BOUND_BY_EFFECTIVE_CONFIG,detection|runtime,Profile override frozen by a development authority before its authority run.,SUFFICIENT_WITH_DEVELOPMENT_SCOPE_LIMITATION,FROZEN_BY_PREDICTION_AUTHORITY,Current-main active value. The frozen prediction producer was 64d835cbf1b25ecdef3a777a50f0b46db6c93f61; inherited defaults were not preserved as a complete runtime dump.
R0_CURRENT_STANDARD_V2_20260728,runtime,device,null,not applicable,HARDWARE_OR_RUNTIME_CONSTRAINT,src/pig_behavior/tracking/config.py,52c5f54ad44b6f76a8d143d168bdc942542d5fd263903cbf630f9c58ecf1cdd0,95dd37982251a6b59779e0eed020e266b54fc88c,,NO,9bf4ce6d07423ab517b4705c716e3eb012349b756b7c0591cc3458eac207808d,PARTIAL_INHERITED_DEFAULTS_NOT_DUMPED,BOUND_BY_SOURCE_CODE,runtime,Execution/safety constraint rather than a quality claim.,SUFFICIENT,FROZEN_BY_PREDICTION_AUTHORITY,Current-main active value. The frozen prediction producer was 64d835cbf1b25ecdef3a777a50f0b46db6c93f61; inherited defaults were not preserved as a complete runtime dump.
R0_CURRENT_STANDARD_V2_20260728,engineering_or_indirect,directional_y_margin_px,5.0,unitless,INHERITED_DEFAULT_WITH_PROVENANCE,src/pig_behavior/tracking/config.py,52c5f54ad44b6f76a8d143d168bdc942542d5fd263903cbf630f9c58ecf1cdd0,95dd37982251a6b59779e0eed020e266b54fc88c,,NO,9bf4ce6d07423ab517b4705c716e3eb012349b756b7c0591cc3458eac207808d,PARTIAL_INHERITED_DEFAULTS_NOT_DUMPED,BOUND_BY_SOURCE_CODE,engineering_or_indirect,Inherited from the hashed TrackingConfig source; no separate sensitivity claim.,PARTIAL_NO_METHOD_SPECIFIC_SENSITIVITY,FROZEN_BY_PREDICTION_AUTHORITY,Current-main active value. The frozen prediction producer was 64d835cbf1b25ecdef3a777a50f0b46db6c93f61; inherited defaults were not preserved as a complete runtime dump.
R0_CURRENT_STANDARD_V2_20260728,engineering_or_indirect,directional_y_penalty_weight,0.12,unitless,INHERITED_DEFAULT_WITH_PROVENANCE,src/pig_behavior/tracking/config.py,52c5f54ad44b6f76a8d143d168bdc942542d5fd263903cbf630f9c58ecf1cdd0,95dd37982251a6b59779e0eed020e266b54fc88c,,NO,9bf4ce6d07423ab517b4705c716e3eb012349b756b7c0591cc3458eac207808d,PARTIAL_INHERITED_DEFAULTS_NOT_DUMPED,BOUND_BY_SOURCE_CODE,engineering_or_indirect,Inherited from the hashed TrackingConfig source; no separate sensitivity claim.,PARTIAL_NO_METHOD_SPECIFIC_SENSITIVITY,FROZEN_BY_PREDICTION_AUTHORITY,Current-main active value. The frozen prediction producer was 64d835cbf1b25ecdef3a777a50f0b46db6c93f61; inherited defaults were not preserved as a complete runtime dump.
R0_CURRENT_STANDARD_V2_20260728,engineering_or_indirect,directional_y_prior,true,boolean,INHERITED_DEFAULT_WITH_PROVENANCE,src/pig_behavior/tracking/config.py,52c5f54ad44b6f76a8d143d168bdc942542d5fd263903cbf630f9c58ecf1cdd0,95dd37982251a6b59779e0eed020e266b54fc88c,,NO,9bf4ce6d07423ab517b4705c716e3eb012349b756b7c0591cc3458eac207808d,PARTIAL_INHERITED_DEFAULTS_NOT_DUMPED,BOUND_BY_SOURCE_CODE,engineering_or_indirect,Inherited from the hashed TrackingConfig source; no separate sensitivity claim.,PARTIAL_NO_METHOD_SPECIFIC_SENSITIVITY,FROZEN_BY_PREDICTION_AUTHORITY,Current-main active value. The frozen prediction producer was 64d835cbf1b25ecdef3a777a50f0b46db6c93f61; inherited defaults were not preserved as a complete runtime dump.
R0_CURRENT_STANDARD_V2_20260728,engineering_or_indirect,directional_y_velocity_epsilon_px,3.0,unitless,INHERITED_DEFAULT_WITH_PROVENANCE,src/pig_behavior/tracking/config.py,52c5f54ad44b6f76a8d143d168bdc942542d5fd263903cbf630f9c58ecf1cdd0,95dd37982251a6b59779e0eed020e266b54fc88c,,NO,9bf4ce6d07423ab517b4705c716e3eb012349b756b7c0591cc3458eac207808d,PARTIAL_INHERITED_DEFAULTS_NOT_DUMPED,BOUND_BY_SOURCE_CODE,engineering_or_indirect,Inherited from the hashed TrackingConfig source; no separate sensitivity claim.,PARTIAL_NO_METHOD_SPECIFIC_SENSITIVITY,FROZEN_BY_PREDICTION_AUTHORITY,Current-main active value. The frozen prediction producer was 64d835cbf1b25ecdef3a777a50f0b46db6c93f61; inherited defaults were not preserved as a complete runtime dump.
R0_CURRENT_STANDARD_V2_20260728,engineering_or_indirect,display_inline,false,boolean,INHERITED_DEFAULT_WITH_PROVENANCE,src/pig_behavior/tracking/config.py,52c5f54ad44b6f76a8d143d168bdc942542d5fd263903cbf630f9c58ecf1cdd0,95dd37982251a6b59779e0eed020e266b54fc88c,,NO,9bf4ce6d07423ab517b4705c716e3eb012349b756b7c0591cc3458eac207808d,PARTIAL_INHERITED_DEFAULTS_NOT_DUMPED,BOUND_BY_SOURCE_CODE,engineering_or_indirect,Inherited from the hashed TrackingConfig source; no separate sensitivity claim.,PARTIAL_NO_METHOD_SPECIFIC_SENSITIVITY,FROZEN_BY_PREDICTION_AUTHORITY,Current-main active value. The frozen prediction producer was 64d835cbf1b25ecdef3a777a50f0b46db6c93f61; inherited defaults were not preserved as a complete runtime dump.
R0_CURRENT_STANDARD_V2_20260728,detection,draw_mask_outline,true,boolean,INHERITED_DEFAULT_WITH_PROVENANCE,src/pig_behavior/tracking/config.py,52c5f54ad44b6f76a8d143d168bdc942542d5fd263903cbf630f9c58ecf1cdd0,95dd37982251a6b59779e0eed020e266b54fc88c,,NO,9bf4ce6d07423ab517b4705c716e3eb012349b756b7c0591cc3458eac207808d,PARTIAL_INHERITED_DEFAULTS_NOT_DUMPED,BOUND_BY_SOURCE_CODE,detection,Inherited from the hashed TrackingConfig source; no separate sensitivity claim.,PARTIAL_NO_METHOD_SPECIFIC_SENSITIVITY,FROZEN_BY_PREDICTION_AUTHORITY,Current-main active value. The frozen prediction producer was 64d835cbf1b25ecdef3a777a50f0b46db6c93f61; inherited defaults were not preserved as a complete runtime dump.
R0_CURRENT_STANDARD_V2_20260728,engineering_or_indirect,dup_area_ratio_threshold,0.8,unitless,INHERITED_DEFAULT_WITH_PROVENANCE,src/pig_behavior/tracking/config.py,52c5f54ad44b6f76a8d143d168bdc942542d5fd263903cbf630f9c58ecf1cdd0,95dd37982251a6b59779e0eed020e266b54fc88c,,NO,9bf4ce6d07423ab517b4705c716e3eb012349b756b7c0591cc3458eac207808d,PARTIAL_INHERITED_DEFAULTS_NOT_DUMPED,BOUND_BY_SOURCE_CODE,engineering_or_indirect,Inherited from the hashed TrackingConfig source; no separate sensitivity claim.,PARTIAL_NO_METHOD_SPECIFIC_SENSITIVITY,FROZEN_BY_PREDICTION_AUTHORITY,Current-main active value. The frozen prediction producer was 64d835cbf1b25ecdef3a777a50f0b46db6c93f61; inherited defaults were not preserved as a complete runtime dump.
R0_CURRENT_STANDARD_V2_20260728,engineering_or_indirect,dup_center_threshold,0.35,unitless,INHERITED_DEFAULT_WITH_PROVENANCE,src/pig_behavior/tracking/config.py,52c5f54ad44b6f76a8d143d168bdc942542d5fd263903cbf630f9c58ecf1cdd0,95dd37982251a6b59779e0eed020e266b54fc88c,,NO,9bf4ce6d07423ab517b4705c716e3eb012349b756b7c0591cc3458eac207808d,PARTIAL_INHERITED_DEFAULTS_NOT_DUMPED,BOUND_BY_SOURCE_CODE,engineering_or_indirect,Inherited from the hashed TrackingConfig source; no separate sensitivity claim.,PARTIAL_NO_METHOD_SPECIFIC_SENSITIVITY,FROZEN_BY_PREDICTION_AUTHORITY,Current-main active value. The frozen prediction producer was 64d835cbf1b25ecdef3a777a50f0b46db6c93f61; inherited defaults were not preserved as a complete runtime dump.
R0_CURRENT_STANDARD_V2_20260728,engineering_or_indirect,dup_containment_threshold,0.85,unitless,INHERITED_DEFAULT_WITH_PROVENANCE,src/pig_behavior/tracking/config.py,52c5f54ad44b6f76a8d143d168bdc942542d5fd263903cbf630f9c58ecf1cdd0,95dd37982251a6b59779e0eed020e266b54fc88c,,NO,9bf4ce6d07423ab517b4705c716e3eb012349b756b7c0591cc3458eac207808d,PARTIAL_INHERITED_DEFAULTS_NOT_DUMPED,BOUND_BY_SOURCE_CODE,engineering_or_indirect,Inherited from the hashed TrackingConfig source; no separate sensitivity claim.,PARTIAL_NO_METHOD_SPECIFIC_SENSITIVITY,FROZEN_BY_PREDICTION_AUTHORITY,Current-main active value. The frozen prediction producer was 64d835cbf1b25ecdef3a777a50f0b46db6c93f61; inherited defaults were not preserved as a complete runtime dump.
R0_CURRENT_STANDARD_V2_20260728,association,dup_iou_threshold,0.6,unitless ratio,INHERITED_DEFAULT_WITH_PROVENANCE,src/pig_behavior/tracking/config.py,52c5f54ad44b6f76a8d143d168bdc942542d5fd263903cbf630f9c58ecf1cdd0,95dd37982251a6b59779e0eed020e266b54fc88c,,NO,9bf4ce6d07423ab517b4705c716e3eb012349b756b7c0591cc3458eac207808d,PARTIAL_INHERITED_DEFAULTS_NOT_DUMPED,BOUND_BY_SOURCE_CODE,association,Inherited from the hashed TrackingConfig source; no separate sensitivity claim.,PARTIAL_NO_METHOD_SPECIFIC_SENSITIVITY,FROZEN_BY_PREDICTION_AUTHORITY,Current-main active value. The frozen prediction producer was 64d835cbf1b25ecdef3a777a50f0b46db6c93f61; inherited defaults were not preserved as a complete runtime dump.
R0_CURRENT_STANDARD_V2_20260728,Hidden_state,emit_hidden_tracks,true,boolean,INHERITED_DEFAULT_WITH_PROVENANCE,src/pig_behavior/tracking/config.py,52c5f54ad44b6f76a8d143d168bdc942542d5fd263903cbf630f9c58ecf1cdd0,95dd37982251a6b59779e0eed020e266b54fc88c,,NO,9bf4ce6d07423ab517b4705c716e3eb012349b756b7c0591cc3458eac207808d,PARTIAL_INHERITED_DEFAULTS_NOT_DUMPED,BOUND_BY_SOURCE_CODE,Hidden_state,Inherited from the hashed TrackingConfig source; no separate sensitivity claim.,PARTIAL_NO_METHOD_SPECIFIC_SENSITIVITY,FROZEN_BY_PREDICTION_AUTHORITY,Current-main active value. The frozen prediction producer was 64d835cbf1b25ecdef3a777a50f0b46db6c93f61; inherited defaults were not preserved as a complete runtime dump.
R0_CURRENT_STANDARD_V2_20260728,bbox_geometry,enable_offline_smoothing,false,boolean,PREDECLARED_DEVELOPMENT_SELECTION,src/pig_behavior/tracking/profiles/realtime.py,c7f63149f4577a8b5285f9387b46c75cd0fbbcabcc4c585ec89f319a06b8a496,95dd37982251a6b59779e0eed020e266b54fc88c,false,YES,9bf4ce6d07423ab517b4705c716e3eb012349b756b7c0591cc3458eac207808d,YES_PROFILE_OVERRIDE_ONLY,BOUND_BY_EFFECTIVE_CONFIG,bbox_geometry,Profile override frozen by a development authority before its authority run.,SUFFICIENT_WITH_DEVELOPMENT_SCOPE_LIMITATION,FROZEN_BY_PREDICTION_AUTHORITY,Current-main active value. The frozen prediction producer was 64d835cbf1b25ecdef3a777a50f0b46db6c93f61; inherited defaults were not preserved as a complete runtime dump.
R0_CURRENT_STANDARD_V2_20260728,identity_repair,episode_pair_swap_anchor_window_frames,8,frames,INHERITED_DEFAULT_WITH_PROVENANCE,src/pig_behavior/tracking/config.py,52c5f54ad44b6f76a8d143d168bdc942542d5fd263903cbf630f9c58ecf1cdd0,95dd37982251a6b59779e0eed020e266b54fc88c,,NO,9bf4ce6d07423ab517b4705c716e3eb012349b756b7c0591cc3458eac207808d,PARTIAL_INHERITED_DEFAULTS_NOT_DUMPED,BOUND_BY_SOURCE_CODE,identity_repair|runtime,Inherited from the hashed TrackingConfig source; no separate sensitivity claim.,PARTIAL_NO_METHOD_SPECIFIC_SENSITIVITY,FROZEN_BY_PREDICTION_AUTHORITY,Current-main active value. The frozen prediction producer was 64d835cbf1b25ecdef3a777a50f0b46db6c93f61; inherited defaults were not preserved as a complete runtime dump.
R0_CURRENT_STANDARD_V2_20260728,identity_repair,episode_pair_swap_max_frames,12,frames,HARDWARE_OR_RUNTIME_CONSTRAINT,src/pig_behavior/tracking/config.py,52c5f54ad44b6f76a8d143d168bdc942542d5fd263903cbf630f9c58ecf1cdd0,95dd37982251a6b59779e0eed020e266b54fc88c,,NO,9bf4ce6d07423ab517b4705c716e3eb012349b756b7c0591cc3458eac207808d,PARTIAL_INHERITED_DEFAULTS_NOT_DUMPED,BOUND_BY_SOURCE_CODE,identity_repair|runtime,Execution/safety constraint rather than a quality claim.,SUFFICIENT,FROZEN_BY_PREDICTION_AUTHORITY,Current-main active value. The frozen prediction producer was 64d835cbf1b25ecdef3a777a50f0b46db6c93f61; inherited defaults were not preserved as a complete runtime dump.
R0_CURRENT_STANDARD_V2_20260728,identity_repair,episode_pair_swap_min_motion_gain,0.1,unitless,INHERITED_DEFAULT_WITH_PROVENANCE,src/pig_behavior/tracking/config.py,52c5f54ad44b6f76a8d143d168bdc942542d5fd263903cbf630f9c58ecf1cdd0,95dd37982251a6b59779e0eed020e266b54fc88c,,NO,9bf4ce6d07423ab517b4705c716e3eb012349b756b7c0591cc3458eac207808d,PARTIAL_INHERITED_DEFAULTS_NOT_DUMPED,BOUND_BY_SOURCE_CODE,identity_repair,Inherited from the hashed TrackingConfig source; no separate sensitivity claim.,PARTIAL_NO_METHOD_SPECIFIC_SENSITIVITY,FROZEN_BY_PREDICTION_AUTHORITY,Current-main active value. The frozen prediction producer was 64d835cbf1b25ecdef3a777a50f0b46db6c93f61; inherited defaults were not preserved as a complete runtime dump.
R0_CURRENT_STANDARD_V2_20260728,association,episode_pair_swap_min_overlap_iou,0.2,unitless ratio,INHERITED_DEFAULT_WITH_PROVENANCE,src/pig_behavior/tracking/config.py,52c5f54ad44b6f76a8d143d168bdc942542d5fd263903cbf630f9c58ecf1cdd0,95dd37982251a6b59779e0eed020e266b54fc88c,,NO,9bf4ce6d07423ab517b4705c716e3eb012349b756b7c0591cc3458eac207808d,PARTIAL_INHERITED_DEFAULTS_NOT_DUMPED,BOUND_BY_SOURCE_CODE,association|identity_repair,Inherited from the hashed TrackingConfig source; no separate sensitivity claim.,PARTIAL_NO_METHOD_SPECIFIC_SENSITIVITY,FROZEN_BY_PREDICTION_AUTHORITY,Current-main active value. The frozen prediction producer was 64d835cbf1b25ecdef3a777a50f0b46db6c93f61; inherited defaults were not preserved as a complete runtime dump.
R0_CURRENT_STANDARD_V2_20260728,identity_repair,episode_pair_swap_repair,false,boolean,INHERITED_DEFAULT_WITH_PROVENANCE,src/pig_behavior/tracking/config.py,52c5f54ad44b6f76a8d143d168bdc942542d5fd263903cbf630f9c58ecf1cdd0,95dd37982251a6b59779e0eed020e266b54fc88c,,NO,9bf4ce6d07423ab517b4705c716e3eb012349b756b7c0591cc3458eac207808d,PARTIAL_INHERITED_DEFAULTS_NOT_DUMPED,BOUND_BY_SOURCE_CODE,identity_repair,Inherited from the hashed TrackingConfig source; no separate sensitivity claim.,PARTIAL_NO_METHOD_SPECIFIC_SENSITIVITY,FROZEN_BY_PREDICTION_AUTHORITY,Current-main active value. The frozen prediction producer was 64d835cbf1b25ecdef3a777a50f0b46db6c93f61; inherited defaults were not preserved as a complete runtime dump.
R0_CURRENT_STANDARD_V2_20260728,engineering_or_indirect,expected_pigs,8,count,ORIGINAL_METHOD_SPECIFICATION,src/pig_behavior/tracking/config.py,52c5f54ad44b6f76a8d143d168bdc942542d5fd263903cbf630f9c58ecf1cdd0,95dd37982251a6b59779e0eed020e266b54fc88c,,NO,9bf4ce6d07423ab517b4705c716e3eb012349b756b7c0591cc3458eac207808d,PARTIAL_INHERITED_DEFAULTS_NOT_DUMPED,BOUND_BY_SOURCE_CODE,engineering_or_indirect,Defines the method family or locked eight-animal task.,SUFFICIENT,FROZEN_BY_PREDICTION_AUTHORITY,Current-main active value. The frozen prediction producer was 64d835cbf1b25ecdef3a777a50f0b46db6c93f61; inherited defaults were not preserved as a complete runtime dump.
R0_CURRENT_STANDARD_V2_20260728,Hidden_state,far_camera_hidden_geometry_max_center_shift,0.12,unitless,INHERITED_DEFAULT_WITH_PROVENANCE,src/pig_behavior/tracking/config.py,52c5f54ad44b6f76a8d143d168bdc942542d5fd263903cbf630f9c58ecf1cdd0,95dd37982251a6b59779e0eed020e266b54fc88c,,NO,9bf4ce6d07423ab517b4705c716e3eb012349b756b7c0591cc3458eac207808d,PARTIAL_INHERITED_DEFAULTS_NOT_DUMPED,BOUND_BY_SOURCE_CODE,Hidden_state|bbox_geometry,Inherited from the hashed TrackingConfig source; no separate sensitivity claim.,PARTIAL_NO_METHOD_SPECIFIC_SENSITIVITY,FROZEN_BY_PREDICTION_AUTHORITY,Current-main active value. The frozen prediction producer was 64d835cbf1b25ecdef3a777a50f0b46db6c93f61; inherited defaults were not preserved as a complete runtime dump.
R0_CURRENT_STANDARD_V2_20260728,Hidden_state,far_camera_hidden_geometry_max_future_gap_frames,15,frames,INHERITED_DEFAULT_WITH_PROVENANCE,src/pig_behavior/tracking/config.py,52c5f54ad44b6f76a8d143d168bdc942542d5fd263903cbf630f9c58ecf1cdd0,95dd37982251a6b59779e0eed020e266b54fc88c,,NO,9bf4ce6d07423ab517b4705c716e3eb012349b756b7c0591cc3458eac207808d,PARTIAL_INHERITED_DEFAULTS_NOT_DUMPED,BOUND_BY_SOURCE_CODE,Hidden_state|bbox_geometry|runtime,Inherited from the hashed TrackingConfig source; no separate sensitivity claim.,PARTIAL_NO_METHOD_SPECIFIC_SENSITIVITY,FROZEN_BY_PREDICTION_AUTHORITY,Current-main active value. The frozen prediction producer was 64d835cbf1b25ecdef3a777a50f0b46db6c93f61; inherited defaults were not preserved as a complete runtime dump.
R0_CURRENT_STANDARD_V2_20260728,Hidden_state,far_camera_hidden_geometry_min_height_excess,0.15,unitless,INHERITED_DEFAULT_WITH_PROVENANCE,src/pig_behavior/tracking/config.py,52c5f54ad44b6f76a8d143d168bdc942542d5fd263903cbf630f9c58ecf1cdd0,95dd37982251a6b59779e0eed020e266b54fc88c,,NO,9bf4ce6d07423ab517b4705c716e3eb012349b756b7c0591cc3458eac207808d,PARTIAL_INHERITED_DEFAULTS_NOT_DUMPED,BOUND_BY_SOURCE_CODE,Hidden_state|bbox_geometry,Inherited from the hashed TrackingConfig source; no separate sensitivity claim.,PARTIAL_NO_METHOD_SPECIFIC_SENSITIVITY,FROZEN_BY_PREDICTION_AUTHORITY,Current-main active value. The frozen prediction producer was 64d835cbf1b25ecdef3a777a50f0b46db6c93f61; inherited defaults were not preserved as a complete runtime dump.
R0_CURRENT_STANDARD_V2_20260728,Hidden_state,far_camera_hidden_geometry_min_overlap_reduction,0.1,unitless,INHERITED_DEFAULT_WITH_PROVENANCE,src/pig_behavior/tracking/config.py,52c5f54ad44b6f76a8d143d168bdc942542d5fd263903cbf630f9c58ecf1cdd0,95dd37982251a6b59779e0eed020e266b54fc88c,,NO,9bf4ce6d07423ab517b4705c716e3eb012349b756b7c0591cc3458eac207808d,PARTIAL_INHERITED_DEFAULTS_NOT_DUMPED,BOUND_BY_SOURCE_CODE,Hidden_state|bbox_geometry,Inherited from the hashed TrackingConfig source; no separate sensitivity claim.,PARTIAL_NO_METHOD_SPECIFIC_SENSITIVITY,FROZEN_BY_PREDICTION_AUTHORITY,Current-main active value. The frozen prediction producer was 64d835cbf1b25ecdef3a777a50f0b46db6c93f61; inherited defaults were not preserved as a complete runtime dump.
R0_CURRENT_STANDARD_V2_20260728,association,far_camera_hidden_geometry_min_visible_overlap_iou,0.65,unitless ratio,INHERITED_DEFAULT_WITH_PROVENANCE,src/pig_behavior/tracking/config.py,52c5f54ad44b6f76a8d143d168bdc942542d5fd263903cbf630f9c58ecf1cdd0,95dd37982251a6b59779e0eed020e266b54fc88c,,NO,9bf4ce6d07423ab517b4705c716e3eb012349b756b7c0591cc3458eac207808d,PARTIAL_INHERITED_DEFAULTS_NOT_DUMPED,BOUND_BY_SOURCE_CODE,association|Hidden_state|bbox_geometry,Inherited from the hashed TrackingConfig source; no separate sensitivity claim.,PARTIAL_NO_METHOD_SPECIFIC_SENSITIVITY,FROZEN_BY_PREDICTION_AUTHORITY,Current-main active value. The frozen prediction producer was 64d835cbf1b25ecdef3a777a50f0b46db6c93f61; inherited defaults were not preserved as a complete runtime dump.
R0_CURRENT_STANDARD_V2_20260728,Hidden_state,far_camera_hidden_geometry_original_weight,0.1,unitless,INHERITED_DEFAULT_WITH_PROVENANCE,src/pig_behavior/tracking/config.py,52c5f54ad44b6f76a8d143d168bdc942542d5fd263903cbf630f9c58ecf1cdd0,95dd37982251a6b59779e0eed020e266b54fc88c,,NO,9bf4ce6d07423ab517b4705c716e3eb012349b756b7c0591cc3458eac207808d,PARTIAL_INHERITED_DEFAULTS_NOT_DUMPED,BOUND_BY_SOURCE_CODE,Hidden_state|bbox_geometry,Inherited from the hashed TrackingConfig source; no separate sensitivity claim.,PARTIAL_NO_METHOD_SPECIFIC_SENSITIVITY,FROZEN_BY_PREDICTION_AUTHORITY,Current-main active value. The frozen prediction producer was 64d835cbf1b25ecdef3a777a50f0b46db6c93f61; inherited defaults were not preserved as a complete runtime dump.
R0_CURRENT_STANDARD_V2_20260728,Hidden_state,far_camera_hidden_geometry_refine,false,boolean,INHERITED_DEFAULT_WITH_PROVENANCE,src/pig_behavior/tracking/config.py,52c5f54ad44b6f76a8d143d168bdc942542d5fd263903cbf630f9c58ecf1cdd0,95dd37982251a6b59779e0eed020e266b54fc88c,,NO,9bf4ce6d07423ab517b4705c716e3eb012349b756b7c0591cc3458eac207808d,PARTIAL_INHERITED_DEFAULTS_NOT_DUMPED,BOUND_BY_SOURCE_CODE,Hidden_state|bbox_geometry,Inherited from the hashed TrackingConfig source; no separate sensitivity claim.,PARTIAL_NO_METHOD_SPECIFIC_SENSITIVITY,FROZEN_BY_PREDICTION_AUTHORITY,Current-main active value. The frozen prediction producer was 64d835cbf1b25ecdef3a777a50f0b46db6c93f61; inherited defaults were not preserved as a complete runtime dump.
R0_CURRENT_STANDARD_V2_20260728,Hidden_state,far_camera_hidden_geometry_x_threshold,0.67,unitless,INHERITED_DEFAULT_WITH_PROVENANCE,src/pig_behavior/tracking/config.py,52c5f54ad44b6f76a8d143d168bdc942542d5fd263903cbf630f9c58ecf1cdd0,95dd37982251a6b59779e0eed020e266b54fc88c,,NO,9bf4ce6d07423ab517b4705c716e3eb012349b756b7c0591cc3458eac207808d,PARTIAL_INHERITED_DEFAULTS_NOT_DUMPED,BOUND_BY_SOURCE_CODE,Hidden_state|bbox_geometry,Inherited from the hashed TrackingConfig source; no separate sensitivity claim.,PARTIAL_NO_METHOD_SPECIFIC_SENSITIVITY,FROZEN_BY_PREDICTION_AUTHORITY,Current-main active value. The frozen prediction producer was 64d835cbf1b25ecdef3a777a50f0b46db6c93f61; inherited defaults were not preserved as a complete runtime dump.
R0_CURRENT_STANDARD_V2_20260728,Hidden_state,freeze_identity_in_occlusion,true,boolean,INHERITED_DEFAULT_WITH_PROVENANCE,src/pig_behavior/tracking/config.py,52c5f54ad44b6f76a8d143d168bdc942542d5fd263903cbf630f9c58ecf1cdd0,95dd37982251a6b59779e0eed020e266b54fc88c,,NO,9bf4ce6d07423ab517b4705c716e3eb012349b756b7c0591cc3458eac207808d,PARTIAL_INHERITED_DEFAULTS_NOT_DUMPED,BOUND_BY_SOURCE_CODE,Hidden_state,Inherited from the hashed TrackingConfig source; no separate sensitivity claim.,PARTIAL_NO_METHOD_SPECIFIC_SENSITIVITY,FROZEN_BY_PREDICTION_AUTHORITY,Current-main active value. The frozen prediction producer was 64d835cbf1b25ecdef3a777a50f0b46db6c93f61; inherited defaults were not preserved as a complete runtime dump.
R0_CURRENT_STANDARD_V2_20260728,runtime,half,false,boolean,HARDWARE_OR_RUNTIME_CONSTRAINT,src/pig_behavior/tracking/config.py,52c5f54ad44b6f76a8d143d168bdc942542d5fd263903cbf630f9c58ecf1cdd0,95dd37982251a6b59779e0eed020e266b54fc88c,,NO,9bf4ce6d07423ab517b4705c716e3eb012349b756b7c0591cc3458eac207808d,PARTIAL_INHERITED_DEFAULTS_NOT_DUMPED,BOUND_BY_SOURCE_CODE,runtime,Execution/safety constraint rather than a quality claim.,SUFFICIENT,FROZEN_BY_PREDICTION_AUTHORITY,Current-main active value. The frozen prediction producer was 64d835cbf1b25ecdef3a777a50f0b46db6c93f61; inherited defaults were not preserved as a complete runtime dump.
R0_CURRENT_STANDARD_V2_20260728,detection,hard_occlusion_detection_iom_threshold,0.45,unitless,INHERITED_DEFAULT_WITH_PROVENANCE,src/pig_behavior/tracking/config.py,52c5f54ad44b6f76a8d143d168bdc942542d5fd263903cbf630f9c58ecf1cdd0,95dd37982251a6b59779e0eed020e266b54fc88c,,NO,9bf4ce6d07423ab517b4705c716e3eb012349b756b7c0591cc3458eac207808d,PARTIAL_INHERITED_DEFAULTS_NOT_DUMPED,BOUND_BY_SOURCE_CODE,detection|Hidden_state,Inherited from the hashed TrackingConfig source; no separate sensitivity claim.,PARTIAL_NO_METHOD_SPECIFIC_SENSITIVITY,FROZEN_BY_PREDICTION_AUTHORITY,Current-main active value. The frozen prediction producer was 64d835cbf1b25ecdef3a777a50f0b46db6c93f61; inherited defaults were not preserved as a complete runtime dump.
R0_CURRENT_STANDARD_V2_20260728,Hidden_state,hard_occlusion_min_frames,2,frames,INHERITED_DEFAULT_WITH_PROVENANCE,src/pig_behavior/tracking/config.py,52c5f54ad44b6f76a8d143d168bdc942542d5fd263903cbf630f9c58ecf1cdd0,95dd37982251a6b59779e0eed020e266b54fc88c,,NO,9bf4ce6d07423ab517b4705c716e3eb012349b756b7c0591cc3458eac207808d,PARTIAL_INHERITED_DEFAULTS_NOT_DUMPED,BOUND_BY_SOURCE_CODE,Hidden_state|runtime,Inherited from the hashed TrackingConfig source; no separate sensitivity claim.,PARTIAL_NO_METHOD_SPECIFIC_SENSITIVITY,FROZEN_BY_PREDICTION_AUTHORITY,Current-main active value. The frozen prediction producer was 64d835cbf1b25ecdef3a777a50f0b46db6c93f61; inherited defaults were not preserved as a complete runtime dump.
R0_CURRENT_STANDARD_V2_20260728,Hidden_state,hard_occlusion_recovery_frames,10,frames,INHERITED_DEFAULT_WITH_PROVENANCE,src/pig_behavior/tracking/config.py,52c5f54ad44b6f76a8d143d168bdc942542d5fd263903cbf630f9c58ecf1cdd0,95dd37982251a6b59779e0eed020e266b54fc88c,,NO,9bf4ce6d07423ab517b4705c716e3eb012349b756b7c0591cc3458eac207808d,PARTIAL_INHERITED_DEFAULTS_NOT_DUMPED,BOUND_BY_SOURCE_CODE,Hidden_state|runtime,Inherited from the hashed TrackingConfig source; no separate sensitivity claim.,PARTIAL_NO_METHOD_SPECIFIC_SENSITIVITY,FROZEN_BY_PREDICTION_AUTHORITY,Current-main active value. The frozen prediction producer was 64d835cbf1b25ecdef3a777a50f0b46db6c93f61; inherited defaults were not preserved as a complete runtime dump.
R0_CURRENT_STANDARD_V2_20260728,Hidden_state,hard_occlusion_score_threshold,0.65,unitless,INHERITED_DEFAULT_WITH_PROVENANCE,src/pig_behavior/tracking/config.py,52c5f54ad44b6f76a8d143d168bdc942542d5fd263903cbf630f9c58ecf1cdd0,95dd37982251a6b59779e0eed020e266b54fc88c,,NO,9bf4ce6d07423ab517b4705c716e3eb012349b756b7c0591cc3458eac207808d,PARTIAL_INHERITED_DEFAULTS_NOT_DUMPED,BOUND_BY_SOURCE_CODE,Hidden_state,Inherited from the hashed TrackingConfig source; no separate sensitivity claim.,PARTIAL_NO_METHOD_SPECIFIC_SENSITIVITY,FROZEN_BY_PREDICTION_AUTHORITY,Current-main active value. The frozen prediction producer was 64d835cbf1b25ecdef3a777a50f0b46db6c93f61; inherited defaults were not preserved as a complete runtime dump.
R0_CURRENT_STANDARD_V2_20260728,Hidden_state,hard_occlusion_track_iom_threshold,0.35,unitless,INHERITED_DEFAULT_WITH_PROVENANCE,src/pig_behavior/tracking/config.py,52c5f54ad44b6f76a8d143d168bdc942542d5fd263903cbf630f9c58ecf1cdd0,95dd37982251a6b59779e0eed020e266b54fc88c,,NO,9bf4ce6d07423ab517b4705c716e3eb012349b756b7c0591cc3458eac207808d,PARTIAL_INHERITED_DEFAULTS_NOT_DUMPED,BOUND_BY_SOURCE_CODE,Hidden_state,Inherited from the hashed TrackingConfig source; no separate sensitivity claim.,PARTIAL_NO_METHOD_SPECIFIC_SENSITIVITY,FROZEN_BY_PREDICTION_AUTHORITY,Current-main active value. The frozen prediction producer was 64d835cbf1b25ecdef3a777a50f0b46db6c93f61; inherited defaults were not preserved as a complete runtime dump.
R0_CURRENT_STANDARD_V2_20260728,Hidden_state,hidden_acceleration_alpha,0.35,unitless,INHERITED_DEFAULT_WITH_PROVENANCE,src/pig_behavior/tracking/config.py,52c5f54ad44b6f76a8d143d168bdc942542d5fd263903cbf630f9c58ecf1cdd0,95dd37982251a6b59779e0eed020e266b54fc88c,,NO,9bf4ce6d07423ab517b4705c716e3eb012349b756b7c0591cc3458eac207808d,PARTIAL_INHERITED_DEFAULTS_NOT_DUMPED,BOUND_BY_SOURCE_CODE,Hidden_state|evaluator_only,Inherited from the hashed TrackingConfig source; no separate sensitivity claim.,PARTIAL_NO_METHOD_SPECIFIC_SENSITIVITY,FROZEN_BY_PREDICTION_AUTHORITY,Current-main active value. The frozen prediction producer was 64d835cbf1b25ecdef3a777a50f0b46db6c93f61; inherited defaults were not preserved as a complete runtime dump.
R0_CURRENT_STANDARD_V2_20260728,Hidden_state,hidden_max_motion_step_box_scale,1.5,unitless,INHERITED_DEFAULT_WITH_PROVENANCE,src/pig_behavior/tracking/config.py,52c5f54ad44b6f76a8d143d168bdc942542d5fd263903cbf630f9c58ecf1cdd0,95dd37982251a6b59779e0eed020e266b54fc88c,,NO,9bf4ce6d07423ab517b4705c716e3eb012349b756b7c0591cc3458eac207808d,PARTIAL_INHERITED_DEFAULTS_NOT_DUMPED,BOUND_BY_SOURCE_CODE,Hidden_state|bbox_geometry,Inherited from the hashed TrackingConfig source; no separate sensitivity claim.,PARTIAL_NO_METHOD_SPECIFIC_SENSITIVITY,FROZEN_BY_PREDICTION_AUTHORITY,Current-main active value. The frozen prediction producer was 64d835cbf1b25ecdef3a777a50f0b46db6c93f61; inherited defaults were not preserved as a complete runtime dump.
R0_CURRENT_STANDARD_V2_20260728,Hidden_state,hidden_min_motion_history,4,count,INHERITED_DEFAULT_WITH_PROVENANCE,src/pig_behavior/tracking/config.py,52c5f54ad44b6f76a8d143d168bdc942542d5fd263903cbf630f9c58ecf1cdd0,95dd37982251a6b59779e0eed020e266b54fc88c,,NO,9bf4ce6d07423ab517b4705c716e3eb012349b756b7c0591cc3458eac207808d,PARTIAL_INHERITED_DEFAULTS_NOT_DUMPED,BOUND_BY_SOURCE_CODE,Hidden_state,Inherited from the hashed TrackingConfig source; no separate sensitivity claim.,PARTIAL_NO_METHOD_SPECIFIC_SENSITIVITY,FROZEN_BY_PREDICTION_AUTHORITY,Current-main active value. The frozen prediction producer was 64d835cbf1b25ecdef3a777a50f0b46db6c93f61; inherited defaults were not preserved as a complete runtime dump.
R0_CURRENT_STANDARD_V2_20260728,lifecycle,hidden_missed_frames,5,frames,INHERITED_DEFAULT_WITH_PROVENANCE,src/pig_behavior/tracking/config.py,52c5f54ad44b6f76a8d143d168bdc942542d5fd263903cbf630f9c58ecf1cdd0,95dd37982251a6b59779e0eed020e266b54fc88c,,NO,9bf4ce6d07423ab517b4705c716e3eb012349b756b7c0591cc3458eac207808d,PARTIAL_INHERITED_DEFAULTS_NOT_DUMPED,BOUND_BY_SOURCE_CODE,lifecycle|Hidden_state|runtime,Inherited from the hashed TrackingConfig source; no separate sensitivity claim.,PARTIAL_NO_METHOD_SPECIFIC_SENSITIVITY,FROZEN_BY_PREDICTION_AUTHORITY,Current-main active value. The frozen prediction producer was 64d835cbf1b25ecdef3a777a50f0b46db6c93f61; inherited defaults were not preserved as a complete runtime dump.
R0_CURRENT_STANDARD_V2_20260728,Hidden_state,hidden_motion_consistency,0.55,unitless,INHERITED_DEFAULT_WITH_PROVENANCE,src/pig_behavior/tracking/config.py,52c5f54ad44b6f76a8d143d168bdc942542d5fd263903cbf630f9c58ecf1cdd0,95dd37982251a6b59779e0eed020e266b54fc88c,,NO,9bf4ce6d07423ab517b4705c716e3eb012349b756b7c0591cc3458eac207808d,PARTIAL_INHERITED_DEFAULTS_NOT_DUMPED,BOUND_BY_SOURCE_CODE,Hidden_state,Inherited from the hashed TrackingConfig source; no separate sensitivity claim.,PARTIAL_NO_METHOD_SPECIFIC_SENSITIVITY,FROZEN_BY_PREDICTION_AUTHORITY,Current-main active value. The frozen prediction producer was 64d835cbf1b25ecdef3a777a50f0b46db6c93f61; inherited defaults were not preserved as a complete runtime dump.
R0_CURRENT_STANDARD_V2_20260728,Hidden_state,hidden_motion_history,8,count,INHERITED_DEFAULT_WITH_PROVENANCE,src/pig_behavior/tracking/config.py,52c5f54ad44b6f76a8d143d168bdc942542d5fd263903cbf630f9c58ecf1cdd0,95dd37982251a6b59779e0eed020e266b54fc88c,,NO,9bf4ce6d07423ab517b4705c716e3eb012349b756b7c0591cc3458eac207808d,PARTIAL_INHERITED_DEFAULTS_NOT_DUMPED,BOUND_BY_SOURCE_CODE,Hidden_state,Inherited from the hashed TrackingConfig source; no separate sensitivity claim.,PARTIAL_NO_METHOD_SPECIFIC_SENSITIVITY,FROZEN_BY_PREDICTION_AUTHORITY,Current-main active value. The frozen prediction producer was 64d835cbf1b25ecdef3a777a50f0b46db6c93f61; inherited defaults were not preserved as a complete runtime dump.
R0_CURRENT_STANDARD_V2_20260728,Hidden_state,hidden_motion_model,true,boolean,INHERITED_DEFAULT_WITH_PROVENANCE,src/pig_behavior/tracking/config.py,52c5f54ad44b6f76a8d143d168bdc942542d5fd263903cbf630f9c58ecf1cdd0,95dd37982251a6b59779e0eed020e266b54fc88c,,NO,9bf4ce6d07423ab517b4705c716e3eb012349b756b7c0591cc3458eac207808d,PARTIAL_INHERITED_DEFAULTS_NOT_DUMPED,BOUND_BY_SOURCE_CODE,Hidden_state,Inherited from the hashed TrackingConfig source; no separate sensitivity claim.,PARTIAL_NO_METHOD_SPECIFIC_SENSITIVITY,FROZEN_BY_PREDICTION_AUTHORITY,Current-main active value. The frozen prediction producer was 64d835cbf1b25ecdef3a777a50f0b46db6c93f61; inherited defaults were not preserved as a complete runtime dump.
R0_CURRENT_STANDARD_V2_20260728,Hidden_state,hidden_moving_displacement,0.035,unitless,INHERITED_DEFAULT_WITH_PROVENANCE,src/pig_behavior/tracking/config.py,52c5f54ad44b6f76a8d143d168bdc942542d5fd263903cbf630f9c58ecf1cdd0,95dd37982251a6b59779e0eed020e266b54fc88c,,NO,9bf4ce6d07423ab517b4705c716e3eb012349b756b7c0591cc3458eac207808d,PARTIAL_INHERITED_DEFAULTS_NOT_DUMPED,BOUND_BY_SOURCE_CODE,Hidden_state,Inherited from the hashed TrackingConfig source; no separate sensitivity claim.,PARTIAL_NO_METHOD_SPECIFIC_SENSITIVITY,FROZEN_BY_PREDICTION_AUTHORITY,Current-main active value. The frozen prediction producer was 64d835cbf1b25ecdef3a777a50f0b46db6c93f61; inherited defaults were not preserved as a complete runtime dump.
R0_CURRENT_STANDARD_V2_20260728,association,hidden_overlap_iou_threshold,0.65,unitless ratio,INHERITED_DEFAULT_WITH_PROVENANCE,src/pig_behavior/tracking/config.py,52c5f54ad44b6f76a8d143d168bdc942542d5fd263903cbf630f9c58ecf1cdd0,95dd37982251a6b59779e0eed020e266b54fc88c,,NO,9bf4ce6d07423ab517b4705c716e3eb012349b756b7c0591cc3458eac207808d,PARTIAL_INHERITED_DEFAULTS_NOT_DUMPED,BOUND_BY_SOURCE_CODE,association|Hidden_state,Inherited from the hashed TrackingConfig source; no separate sensitivity claim.,PARTIAL_NO_METHOD_SPECIFIC_SENSITIVITY,FROZEN_BY_PREDICTION_AUTHORITY,Current-main active value. The frozen prediction producer was 64d835cbf1b25ecdef3a777a50f0b46db6c93f61; inherited defaults were not preserved as a complete runtime dump.
R0_CURRENT_STANDARD_V2_20260728,Hidden_state,hidden_overlap_window_frames,2,frames,INHERITED_DEFAULT_WITH_PROVENANCE,src/pig_behavior/tracking/config.py,52c5f54ad44b6f76a8d143d168bdc942542d5fd263903cbf630f9c58ecf1cdd0,95dd37982251a6b59779e0eed020e266b54fc88c,,NO,9bf4ce6d07423ab517b4705c716e3eb012349b756b7c0591cc3458eac207808d,PARTIAL_INHERITED_DEFAULTS_NOT_DUMPED,BOUND_BY_SOURCE_CODE,Hidden_state|runtime,Inherited from the hashed TrackingConfig source; no separate sensitivity claim.,PARTIAL_NO_METHOD_SPECIFIC_SENSITIVITY,FROZEN_BY_PREDICTION_AUTHORITY,Current-main active value. The frozen prediction producer was 64d835cbf1b25ecdef3a777a50f0b46db6c93f61; inherited defaults were not preserved as a complete runtime dump.
R0_CURRENT_STANDARD_V2_20260728,identity_repair,hidden_owner_guard,false,boolean,INHERITED_DEFAULT_WITH_PROVENANCE,src/pig_behavior/tracking/config.py,52c5f54ad44b6f76a8d143d168bdc942542d5fd263903cbf630f9c58ecf1cdd0,95dd37982251a6b59779e0eed020e266b54fc88c,,NO,9bf4ce6d07423ab517b4705c716e3eb012349b756b7c0591cc3458eac207808d,PARTIAL_INHERITED_DEFAULTS_NOT_DUMPED,BOUND_BY_SOURCE_CODE,identity_repair|Hidden_state,Inherited from the hashed TrackingConfig source; no separate sensitivity claim.,PARTIAL_NO_METHOD_SPECIFIC_SENSITIVITY,FROZEN_BY_PREDICTION_AUTHORITY,Current-main active value. The frozen prediction producer was 64d835cbf1b25ecdef3a777a50f0b46db6c93f61; inherited defaults were not preserved as a complete runtime dump.
R0_CURRENT_STANDARD_V2_20260728,association,hidden_owner_guard_cost_margin,0.08,unitless,INHERITED_DEFAULT_WITH_PROVENANCE,src/pig_behavior/tracking/config.py,52c5f54ad44b6f76a8d143d168bdc942542d5fd263903cbf630f9c58ecf1cdd0,95dd37982251a6b59779e0eed020e266b54fc88c,,NO,9bf4ce6d07423ab517b4705c716e3eb012349b756b7c0591cc3458eac207808d,PARTIAL_INHERITED_DEFAULTS_NOT_DUMPED,BOUND_BY_SOURCE_CODE,association|identity_repair|Hidden_state,Inherited from the hashed TrackingConfig source; no separate sensitivity claim.,PARTIAL_NO_METHOD_SPECIFIC_SENSITIVITY,FROZEN_BY_PREDICTION_AUTHORITY,Current-main active value. The frozen prediction producer was 64d835cbf1b25ecdef3a777a50f0b46db6c93f61; inherited defaults were not preserved as a complete runtime dump.
R0_CURRENT_STANDARD_V2_20260728,identity_repair,hidden_owner_guard_hold_assignment,false,boolean,INHERITED_DEFAULT_WITH_PROVENANCE,src/pig_behavior/tracking/config.py,52c5f54ad44b6f76a8d143d168bdc942542d5fd263903cbf630f9c58ecf1cdd0,95dd37982251a6b59779e0eed020e266b54fc88c,,NO,9bf4ce6d07423ab517b4705c716e3eb012349b756b7c0591cc3458eac207808d,PARTIAL_INHERITED_DEFAULTS_NOT_DUMPED,BOUND_BY_SOURCE_CODE,identity_repair|Hidden_state,Inherited from the hashed TrackingConfig source; no separate sensitivity claim.,PARTIAL_NO_METHOD_SPECIFIC_SENSITIVITY,FROZEN_BY_PREDICTION_AUTHORITY,Current-main active value. The frozen prediction producer was 64d835cbf1b25ecdef3a777a50f0b46db6c93f61; inherited defaults were not preserved as a complete runtime dump.
R0_CURRENT_STANDARD_V2_20260728,lifecycle,hidden_owner_guard_min_missed,2,frames,INHERITED_DEFAULT_WITH_PROVENANCE,src/pig_behavior/tracking/config.py,52c5f54ad44b6f76a8d143d168bdc942542d5fd263903cbf630f9c58ecf1cdd0,95dd37982251a6b59779e0eed020e266b54fc88c,,NO,9bf4ce6d07423ab517b4705c716e3eb012349b756b7c0591cc3458eac207808d,PARTIAL_INHERITED_DEFAULTS_NOT_DUMPED,BOUND_BY_SOURCE_CODE,lifecycle|identity_repair|Hidden_state,Inherited from the hashed TrackingConfig source; no separate sensitivity claim.,PARTIAL_NO_METHOD_SPECIFIC_SENSITIVITY,FROZEN_BY_PREDICTION_AUTHORITY,Current-main active value. The frozen prediction producer was 64d835cbf1b25ecdef3a777a50f0b46db6c93f61; inherited defaults were not preserved as a complete runtime dump.
R0_CURRENT_STANDARD_V2_20260728,Hidden_state,hidden_score_threshold,0.15,unitless,INHERITED_DEFAULT_WITH_PROVENANCE,src/pig_behavior/tracking/config.py,52c5f54ad44b6f76a8d143d168bdc942542d5fd263903cbf630f9c58ecf1cdd0,95dd37982251a6b59779e0eed020e266b54fc88c,,NO,9bf4ce6d07423ab517b4705c716e3eb012349b756b7c0591cc3458eac207808d,PARTIAL_INHERITED_DEFAULTS_NOT_DUMPED,BOUND_BY_SOURCE_CODE,Hidden_state,Inherited from the hashed TrackingConfig source; no separate sensitivity claim.,PARTIAL_NO_METHOD_SPECIFIC_SENSITIVITY,FROZEN_BY_PREDICTION_AUTHORITY,Current-main active value. The frozen prediction producer was 64d835cbf1b25ecdef3a777a50f0b46db6c93f61; inherited defaults were not preserved as a complete runtime dump.
R0_CURRENT_STANDARD_V2_20260728,Hidden_state,hidden_stationary_displacement,0.015,unitless,INHERITED_DEFAULT_WITH_PROVENANCE,src/pig_behavior/tracking/config.py,52c5f54ad44b6f76a8d143d168bdc942542d5fd263903cbf630f9c58ecf1cdd0,95dd37982251a6b59779e0eed020e266b54fc88c,,NO,9bf4ce6d07423ab517b4705c716e3eb012349b756b7c0591cc3458eac207808d,PARTIAL_INHERITED_DEFAULTS_NOT_DUMPED,BOUND_BY_SOURCE_CODE,Hidden_state,Inherited from the hashed TrackingConfig source; no separate sensitivity claim.,PARTIAL_NO_METHOD_SPECIFIC_SENSITIVITY,FROZEN_BY_PREDICTION_AUTHORITY,Current-main active value. The frozen prediction producer was 64d835cbf1b25ecdef3a777a50f0b46db6c93f61; inherited defaults were not preserved as a complete runtime dump.
R0_CURRENT_STANDARD_V2_20260728,Hidden_state,hidden_stationary_lock_frames,8,frames,INHERITED_DEFAULT_WITH_PROVENANCE,src/pig_behavior/tracking/config.py,52c5f54ad44b6f76a8d143d168bdc942542d5fd263903cbf630f9c58ecf1cdd0,95dd37982251a6b59779e0eed020e266b54fc88c,,NO,9bf4ce6d07423ab517b4705c716e3eb012349b756b7c0591cc3458eac207808d,PARTIAL_INHERITED_DEFAULTS_NOT_DUMPED,BOUND_BY_SOURCE_CODE,Hidden_state|runtime,Inherited from the hashed TrackingConfig source; no separate sensitivity claim.,PARTIAL_NO_METHOD_SPECIFIC_SENSITIVITY,FROZEN_BY_PREDICTION_AUTHORITY,Current-main active value. The frozen prediction producer was 64d835cbf1b25ecdef3a777a50f0b46db6c93f61; inherited defaults were not preserved as a complete runtime dump.
R0_CURRENT_STANDARD_V2_20260728,Hidden_state,hidden_stationary_speed,0.006,unitless,INHERITED_DEFAULT_WITH_PROVENANCE,src/pig_behavior/tracking/config.py,52c5f54ad44b6f76a8d143d168bdc942542d5fd263903cbf630f9c58ecf1cdd0,95dd37982251a6b59779e0eed020e266b54fc88c,,NO,9bf4ce6d07423ab517b4705c716e3eb012349b756b7c0591cc3458eac207808d,PARTIAL_INHERITED_DEFAULTS_NOT_DUMPED,BOUND_BY_SOURCE_CODE,Hidden_state,Inherited from the hashed TrackingConfig source; no separate sensitivity claim.,PARTIAL_NO_METHOD_SPECIFIC_SENSITIVITY,FROZEN_BY_PREDICTION_AUTHORITY,Current-main active value. The frozen prediction producer was 64d835cbf1b25ecdef3a777a50f0b46db6c93f61; inherited defaults were not preserved as a complete runtime dump.
R0_CURRENT_STANDARD_V2_20260728,identity_repair,hidden_suffix_id_swap_max_hidden_frames,15,frames,INHERITED_DEFAULT_WITH_PROVENANCE,src/pig_behavior/tracking/config.py,52c5f54ad44b6f76a8d143d168bdc942542d5fd263903cbf630f9c58ecf1cdd0,95dd37982251a6b59779e0eed020e266b54fc88c,,NO,9bf4ce6d07423ab517b4705c716e3eb012349b756b7c0591cc3458eac207808d,PARTIAL_INHERITED_DEFAULTS_NOT_DUMPED,BOUND_BY_SOURCE_CODE,identity_repair|Hidden_state|runtime,Inherited from the hashed TrackingConfig source; no separate sensitivity claim.,PARTIAL_NO_METHOD_SPECIFIC_SENSITIVITY,FROZEN_BY_PREDICTION_AUTHORITY,Current-main active value. The frozen prediction producer was 64d835cbf1b25ecdef3a777a50f0b46db6c93f61; inherited defaults were not preserved as a complete runtime dump.
R0_CURRENT_STANDARD_V2_20260728,identity_repair,hidden_suffix_id_swap_max_hidden_median_score,0.5,unitless,INHERITED_DEFAULT_WITH_PROVENANCE,src/pig_behavior/tracking/config.py,52c5f54ad44b6f76a8d143d168bdc942542d5fd263903cbf630f9c58ecf1cdd0,95dd37982251a6b59779e0eed020e266b54fc88c,,NO,9bf4ce6d07423ab517b4705c716e3eb012349b756b7c0591cc3458eac207808d,PARTIAL_INHERITED_DEFAULTS_NOT_DUMPED,BOUND_BY_SOURCE_CODE,identity_repair|Hidden_state,Inherited from the hashed TrackingConfig source; no separate sensitivity claim.,PARTIAL_NO_METHOD_SPECIFIC_SENSITIVITY,FROZEN_BY_PREDICTION_AUTHORITY,Current-main active value. The frozen prediction producer was 64d835cbf1b25ecdef3a777a50f0b46db6c93f61; inherited defaults were not preserved as a complete runtime dump.
R0_CURRENT_STANDARD_V2_20260728,identity_repair,hidden_suffix_id_swap_min_hidden_frames,8,frames,INHERITED_DEFAULT_WITH_PROVENANCE,src/pig_behavior/tracking/config.py,52c5f54ad44b6f76a8d143d168bdc942542d5fd263903cbf630f9c58ecf1cdd0,95dd37982251a6b59779e0eed020e266b54fc88c,,NO,9bf4ce6d07423ab517b4705c716e3eb012349b756b7c0591cc3458eac207808d,PARTIAL_INHERITED_DEFAULTS_NOT_DUMPED,BOUND_BY_SOURCE_CODE,identity_repair|Hidden_state|runtime,Inherited from the hashed TrackingConfig source; no separate sensitivity claim.,PARTIAL_NO_METHOD_SPECIFIC_SENSITIVITY,FROZEN_BY_PREDICTION_AUTHORITY,Current-main active value. The frozen prediction producer was 64d835cbf1b25ecdef3a777a50f0b46db6c93f61; inherited defaults were not preserved as a complete runtime dump.
R0_CURRENT_STANDARD_V2_20260728,association,hidden_suffix_id_swap_min_overlap_iou,0.7,unitless ratio,INHERITED_DEFAULT_WITH_PROVENANCE,src/pig_behavior/tracking/config.py,52c5f54ad44b6f76a8d143d168bdc942542d5fd263903cbf630f9c58ecf1cdd0,95dd37982251a6b59779e0eed020e266b54fc88c,,NO,9bf4ce6d07423ab517b4705c716e3eb012349b756b7c0591cc3458eac207808d,PARTIAL_INHERITED_DEFAULTS_NOT_DUMPED,BOUND_BY_SOURCE_CODE,association|identity_repair|Hidden_state,Inherited from the hashed TrackingConfig source; no separate sensitivity claim.,PARTIAL_NO_METHOD_SPECIFIC_SENSITIVITY,FROZEN_BY_PREDICTION_AUTHORITY,Current-main active value. The frozen prediction producer was 64d835cbf1b25ecdef3a777a50f0b46db6c93f61; inherited defaults were not preserved as a complete runtime dump.
R0_CURRENT_STANDARD_V2_20260728,identity_repair,hidden_suffix_id_swap_min_overlap_persistence_frames,2,frames,INHERITED_DEFAULT_WITH_PROVENANCE,src/pig_behavior/tracking/config.py,52c5f54ad44b6f76a8d143d168bdc942542d5fd263903cbf630f9c58ecf1cdd0,95dd37982251a6b59779e0eed020e266b54fc88c,,NO,9bf4ce6d07423ab517b4705c716e3eb012349b756b7c0591cc3458eac207808d,PARTIAL_INHERITED_DEFAULTS_NOT_DUMPED,BOUND_BY_SOURCE_CODE,identity_repair|Hidden_state|runtime,Inherited from the hashed TrackingConfig source; no separate sensitivity claim.,PARTIAL_NO_METHOD_SPECIFIC_SENSITIVITY,FROZEN_BY_PREDICTION_AUTHORITY,Current-main active value. The frozen prediction producer was 64d835cbf1b25ecdef3a777a50f0b46db6c93f61; inherited defaults were not preserved as a complete runtime dump.
R0_CURRENT_STANDARD_V2_20260728,identity_repair,hidden_suffix_id_swap_min_suffix_frames,600,frames,INHERITED_DEFAULT_WITH_PROVENANCE,src/pig_behavior/tracking/config.py,52c5f54ad44b6f76a8d143d168bdc942542d5fd263903cbf630f9c58ecf1cdd0,95dd37982251a6b59779e0eed020e266b54fc88c,,NO,9bf4ce6d07423ab517b4705c716e3eb012349b756b7c0591cc3458eac207808d,PARTIAL_INHERITED_DEFAULTS_NOT_DUMPED,BOUND_BY_SOURCE_CODE,identity_repair|Hidden_state|runtime,Inherited from the hashed TrackingConfig source; no separate sensitivity claim.,PARTIAL_NO_METHOD_SPECIFIC_SENSITIVITY,FROZEN_BY_PREDICTION_AUTHORITY,Current-main active value. The frozen prediction producer was 64d835cbf1b25ecdef3a777a50f0b46db6c93f61; inherited defaults were not preserved as a complete runtime dump.
R0_CURRENT_STANDARD_V2_20260728,identity_repair,hidden_suffix_id_swap_repair,false,boolean,INHERITED_DEFAULT_WITH_PROVENANCE,src/pig_behavior/tracking/config.py,52c5f54ad44b6f76a8d143d168bdc942542d5fd263903cbf630f9c58ecf1cdd0,95dd37982251a6b59779e0eed020e266b54fc88c,,NO,9bf4ce6d07423ab517b4705c716e3eb012349b756b7c0591cc3458eac207808d,PARTIAL_INHERITED_DEFAULTS_NOT_DUMPED,BOUND_BY_SOURCE_CODE,identity_repair|Hidden_state,Inherited from the hashed TrackingConfig source; no separate sensitivity claim.,PARTIAL_NO_METHOD_SPECIFIC_SENSITIVITY,FROZEN_BY_PREDICTION_AUTHORITY,Current-main active value. The frozen prediction producer was 64d835cbf1b25ecdef3a777a50f0b46db6c93f61; inherited defaults were not preserved as a complete runtime dump.
R0_CURRENT_STANDARD_V2_20260728,identity_repair,hidden_suffix_id_swap_start_back_frames,7,frames,INHERITED_DEFAULT_WITH_PROVENANCE,src/pig_behavior/tracking/config.py,52c5f54ad44b6f76a8d143d168bdc942542d5fd263903cbf630f9c58ecf1cdd0,95dd37982251a6b59779e0eed020e266b54fc88c,,NO,9bf4ce6d07423ab517b4705c716e3eb012349b756b7c0591cc3458eac207808d,PARTIAL_INHERITED_DEFAULTS_NOT_DUMPED,BOUND_BY_SOURCE_CODE,identity_repair|Hidden_state|runtime,Inherited from the hashed TrackingConfig source; no separate sensitivity claim.,PARTIAL_NO_METHOD_SPECIFIC_SENSITIVITY,FROZEN_BY_PREDICTION_AUTHORITY,Current-main active value. The frozen prediction producer was 64d835cbf1b25ecdef3a777a50f0b46db6c93f61; inherited defaults were not preserved as a complete runtime dump.
R0_CURRENT_STANDARD_V2_20260728,identity_repair,hidden_suffix_id_swap_use_overlap_persistence,false,boolean,INHERITED_DEFAULT_WITH_PROVENANCE,src/pig_behavior/tracking/config.py,52c5f54ad44b6f76a8d143d168bdc942542d5fd263903cbf630f9c58ecf1cdd0,95dd37982251a6b59779e0eed020e266b54fc88c,,NO,9bf4ce6d07423ab517b4705c716e3eb012349b756b7c0591cc3458eac207808d,PARTIAL_INHERITED_DEFAULTS_NOT_DUMPED,BOUND_BY_SOURCE_CODE,identity_repair|Hidden_state,Inherited from the hashed TrackingConfig source; no separate sensitivity claim.,PARTIAL_NO_METHOD_SPECIFIC_SENSITIVITY,FROZEN_BY_PREDICTION_AUTHORITY,Current-main active value. The frozen prediction producer was 64d835cbf1b25ecdef3a777a50f0b46db6c93f61; inherited defaults were not preserved as a complete runtime dump.
R0_CURRENT_STANDARD_V2_20260728,Hidden_state,hidden_velocity_alpha,0.65,unitless,INHERITED_DEFAULT_WITH_PROVENANCE,src/pig_behavior/tracking/config.py,52c5f54ad44b6f76a8d143d168bdc942542d5fd263903cbf630f9c58ecf1cdd0,95dd37982251a6b59779e0eed020e266b54fc88c,,NO,9bf4ce6d07423ab517b4705c716e3eb012349b756b7c0591cc3458eac207808d,PARTIAL_INHERITED_DEFAULTS_NOT_DUMPED,BOUND_BY_SOURCE_CODE,Hidden_state|evaluator_only,Inherited from the hashed TrackingConfig source; no separate sensitivity claim.,PARTIAL_NO_METHOD_SPECIFIC_SENSITIVITY,FROZEN_BY_PREDICTION_AUTHORITY,Current-main active value. The frozen prediction producer was 64d835cbf1b25ecdef3a777a50f0b46db6c93f61; inherited defaults were not preserved as a complete runtime dump.
R0_CURRENT_STANDARD_V2_20260728,bbox_geometry,high_conf_smooth_alpha,0.75,unitless,INHERITED_DEFAULT_WITH_PROVENANCE,src/pig_behavior/tracking/config.py,52c5f54ad44b6f76a8d143d168bdc942542d5fd263903cbf630f9c58ecf1cdd0,95dd37982251a6b59779e0eed020e266b54fc88c,,NO,9bf4ce6d07423ab517b4705c716e3eb012349b756b7c0591cc3458eac207808d,PARTIAL_INHERITED_DEFAULTS_NOT_DUMPED,BOUND_BY_SOURCE_CODE,bbox_geometry|evaluator_only,Inherited from the hashed TrackingConfig source; no separate sensitivity claim.,PARTIAL_NO_METHOD_SPECIFIC_SENSITIVITY,FROZEN_BY_PREDICTION_AUTHORITY,Current-main active value. The frozen prediction producer was 64d835cbf1b25ecdef3a777a50f0b46db6c93f61; inherited defaults were not preserved as a complete runtime dump.
R0_CURRENT_STANDARD_V2_20260728,Hidden_state,hold_occluded_box,true,boolean,INHERITED_DEFAULT_WITH_PROVENANCE,src/pig_behavior/tracking/config.py,52c5f54ad44b6f76a8d143d168bdc942542d5fd263903cbf630f9c58ecf1cdd0,95dd37982251a6b59779e0eed020e266b54fc88c,,NO,9bf4ce6d07423ab517b4705c716e3eb012349b756b7c0591cc3458eac207808d,PARTIAL_INHERITED_DEFAULTS_NOT_DUMPED,BOUND_BY_SOURCE_CODE,Hidden_state|bbox_geometry,Inherited from the hashed TrackingConfig source; no separate sensitivity claim.,PARTIAL_NO_METHOD_SPECIFIC_SENSITIVITY,FROZEN_BY_PREDICTION_AUTHORITY,Current-main active value. The frozen prediction producer was 64d835cbf1b25ecdef3a777a50f0b46db6c93f61; inherited defaults were not preserved as a complete runtime dump.
R0_CURRENT_STANDARD_V2_20260728,identity_repair,identity_swap_guard,false,boolean,PREDECLARED_DEVELOPMENT_SELECTION,src/pig_behavior/tracking/profiles/realtime.py,c7f63149f4577a8b5285f9387b46c75cd0fbbcabcc4c585ec89f319a06b8a496,95dd37982251a6b59779e0eed020e266b54fc88c,false,YES,9bf4ce6d07423ab517b4705c716e3eb012349b756b7c0591cc3458eac207808d,YES_PROFILE_OVERRIDE_ONLY,BOUND_BY_EFFECTIVE_CONFIG,identity_repair,Profile override frozen by a development authority before its authority run.,SUFFICIENT_WITH_DEVELOPMENT_SCOPE_LIMITATION,FROZEN_BY_PREDICTION_AUTHORITY,Current-main active value. The frozen prediction producer was 64d835cbf1b25ecdef3a777a50f0b46db6c93f61; inherited defaults were not preserved as a complete runtime dump.
R0_CURRENT_STANDARD_V2_20260728,identity_repair,identity_swap_guard_far_x_threshold,0.67,unitless,INHERITED_DEFAULT_WITH_PROVENANCE,src/pig_behavior/tracking/config.py,52c5f54ad44b6f76a8d143d168bdc942542d5fd263903cbf630f9c58ecf1cdd0,95dd37982251a6b59779e0eed020e266b54fc88c,,NO,9bf4ce6d07423ab517b4705c716e3eb012349b756b7c0591cc3458eac207808d,PARTIAL_INHERITED_DEFAULTS_NOT_DUMPED,BOUND_BY_SOURCE_CODE,identity_repair,Inherited from the hashed TrackingConfig source; no separate sensitivity claim.,PARTIAL_NO_METHOD_SPECIFIC_SENSITIVITY,FROZEN_BY_PREDICTION_AUTHORITY,Current-main active value. The frozen prediction producer was 64d835cbf1b25ecdef3a777a50f0b46db6c93f61; inherited defaults were not preserved as a complete runtime dump.
R0_CURRENT_STANDARD_V2_20260728,identity_repair,identity_swap_guard_skip_mixed_occlusion_hold,false,boolean,INHERITED_DEFAULT_WITH_PROVENANCE,src/pig_behavior/tracking/config.py,52c5f54ad44b6f76a8d143d168bdc942542d5fd263903cbf630f9c58ecf1cdd0,95dd37982251a6b59779e0eed020e266b54fc88c,,NO,9bf4ce6d07423ab517b4705c716e3eb012349b756b7c0591cc3458eac207808d,PARTIAL_INHERITED_DEFAULTS_NOT_DUMPED,BOUND_BY_SOURCE_CODE,identity_repair|Hidden_state,Inherited from the hashed TrackingConfig source; no separate sensitivity claim.,PARTIAL_NO_METHOD_SPECIFIC_SENSITIVITY,FROZEN_BY_PREDICTION_AUTHORITY,Current-main active value. The frozen prediction producer was 64d835cbf1b25ecdef3a777a50f0b46db6c93f61; inherited defaults were not preserved as a complete runtime dump.
R0_CURRENT_STANDARD_V2_20260728,identity_repair,identity_swap_guard_skip_mixed_occlusion_hold_far_only,false,boolean,INHERITED_DEFAULT_WITH_PROVENANCE,src/pig_behavior/tracking/config.py,52c5f54ad44b6f76a8d143d168bdc942542d5fd263903cbf630f9c58ecf1cdd0,95dd37982251a6b59779e0eed020e266b54fc88c,,NO,9bf4ce6d07423ab517b4705c716e3eb012349b756b7c0591cc3458eac207808d,PARTIAL_INHERITED_DEFAULTS_NOT_DUMPED,BOUND_BY_SOURCE_CODE,identity_repair|Hidden_state,Inherited from the hashed TrackingConfig source; no separate sensitivity claim.,PARTIAL_NO_METHOD_SPECIFIC_SENSITIVITY,FROZEN_BY_PREDICTION_AUTHORITY,Current-main active value. The frozen prediction producer was 64d835cbf1b25ecdef3a777a50f0b46db6c93f61; inherited defaults were not preserved as a complete runtime dump.
R0_CURRENT_STANDARD_V2_20260728,identity_repair,identity_swap_iom_threshold,0.1,unitless,INHERITED_DEFAULT_WITH_PROVENANCE,src/pig_behavior/tracking/config.py,52c5f54ad44b6f76a8d143d168bdc942542d5fd263903cbf630f9c58ecf1cdd0,95dd37982251a6b59779e0eed020e266b54fc88c,,NO,9bf4ce6d07423ab517b4705c716e3eb012349b756b7c0591cc3458eac207808d,PARTIAL_INHERITED_DEFAULTS_NOT_DUMPED,BOUND_BY_SOURCE_CODE,identity_repair,Inherited from the hashed TrackingConfig source; no separate sensitivity claim.,PARTIAL_NO_METHOD_SPECIFIC_SENSITIVITY,FROZEN_BY_PREDICTION_AUTHORITY,Current-main active value. The frozen prediction producer was 64d835cbf1b25ecdef3a777a50f0b46db6c93f61; inherited defaults were not preserved as a complete runtime dump.
R0_CURRENT_STANDARD_V2_20260728,identity_repair,identity_swap_min_gain,0.015,unitless,INHERITED_DEFAULT_WITH_PROVENANCE,src/pig_behavior/tracking/config.py,52c5f54ad44b6f76a8d143d168bdc942542d5fd263903cbf630f9c58ecf1cdd0,95dd37982251a6b59779e0eed020e266b54fc88c,,NO,9bf4ce6d07423ab517b4705c716e3eb012349b756b7c0591cc3458eac207808d,PARTIAL_INHERITED_DEFAULTS_NOT_DUMPED,BOUND_BY_SOURCE_CODE,identity_repair,Inherited from the hashed TrackingConfig source; no separate sensitivity claim.,PARTIAL_NO_METHOD_SPECIFIC_SENSITIVITY,FROZEN_BY_PREDICTION_AUTHORITY,Current-main active value. The frozen prediction producer was 64d835cbf1b25ecdef3a777a50f0b46db6c93f61; inherited defaults were not preserved as a complete runtime dump.
R0_CURRENT_STANDARD_V2_20260728,detection,imgsz,640,count,INHERITED_DEFAULT_WITH_PROVENANCE,src/pig_behavior/tracking/config.py,52c5f54ad44b6f76a8d143d168bdc942542d5fd263903cbf630f9c58ecf1cdd0,95dd37982251a6b59779e0eed020e266b54fc88c,,NO,9bf4ce6d07423ab517b4705c716e3eb012349b756b7c0591cc3458eac207808d,PARTIAL_INHERITED_DEFAULTS_NOT_DUMPED,BOUND_BY_SOURCE_CODE,detection,Inherited from the hashed TrackingConfig source; no separate sensitivity claim.,PARTIAL_NO_METHOD_SPECIFIC_SENSITIVITY,FROZEN_BY_PREDICTION_AUTHORITY,Current-main active value. The frozen prediction producer was 64d835cbf1b25ecdef3a777a50f0b46db6c93f61; inherited defaults were not preserved as a complete runtime dump.
R0_CURRENT_STANDARD_V2_20260728,engineering_or_indirect,initial_track_conf,0.45,unitless ratio,INHERITED_DEFAULT_WITH_PROVENANCE,src/pig_behavior/tracking/config.py,52c5f54ad44b6f76a8d143d168bdc942542d5fd263903cbf630f9c58ecf1cdd0,95dd37982251a6b59779e0eed020e266b54fc88c,,NO,9bf4ce6d07423ab517b4705c716e3eb012349b756b7c0591cc3458eac207808d,PARTIAL_INHERITED_DEFAULTS_NOT_DUMPED,BOUND_BY_SOURCE_CODE,engineering_or_indirect,Inherited from the hashed TrackingConfig source; no separate sensitivity claim.,PARTIAL_NO_METHOD_SPECIFIC_SENSITIVITY,FROZEN_BY_PREDICTION_AUTHORITY,Current-main active value. The frozen prediction producer was 64d835cbf1b25ecdef3a777a50f0b46db6c93f61; inherited defaults were not preserved as a complete runtime dump.
R0_CURRENT_STANDARD_V2_20260728,association,iou,null,unitless ratio,INHERITED_DEFAULT_WITH_PROVENANCE,src/pig_behavior/tracking/config.py,52c5f54ad44b6f76a8d143d168bdc942542d5fd263903cbf630f9c58ecf1cdd0,95dd37982251a6b59779e0eed020e266b54fc88c,,NO,9bf4ce6d07423ab517b4705c716e3eb012349b756b7c0591cc3458eac207808d,PARTIAL_INHERITED_DEFAULTS_NOT_DUMPED,BOUND_BY_SOURCE_CODE,association,Inherited from the hashed TrackingConfig source; no separate sensitivity claim.,PARTIAL_NO_METHOD_SPECIFIC_SENSITIVITY,FROZEN_BY_PREDICTION_AUTHORITY,Current-main active value. The frozen prediction producer was 64d835cbf1b25ecdef3a777a50f0b46db6c93f61; inherited defaults were not preserved as a complete runtime dump.
R0_CURRENT_STANDARD_V2_20260728,association,iou_fallback_threshold,0.45,unitless ratio,INHERITED_DEFAULT_WITH_PROVENANCE,src/pig_behavior/tracking/config.py,52c5f54ad44b6f76a8d143d168bdc942542d5fd263903cbf630f9c58ecf1cdd0,95dd37982251a6b59779e0eed020e266b54fc88c,,NO,9bf4ce6d07423ab517b4705c716e3eb012349b756b7c0591cc3458eac207808d,PARTIAL_INHERITED_DEFAULTS_NOT_DUMPED,BOUND_BY_SOURCE_CODE,association,Inherited from the hashed TrackingConfig source; no separate sensitivity claim.,PARTIAL_NO_METHOD_SPECIFIC_SENSITIVITY,FROZEN_BY_PREDICTION_AUTHORITY,Current-main active value. The frozen prediction producer was 64d835cbf1b25ecdef3a777a50f0b46db6c93f61; inherited defaults were not preserved as a complete runtime dump.
R0_CURRENT_STANDARD_V2_20260728,engineering_or_indirect,labels_json,null,not applicable,INHERITED_DEFAULT_WITH_PROVENANCE,src/pig_behavior/tracking/config.py,52c5f54ad44b6f76a8d143d168bdc942542d5fd263903cbf630f9c58ecf1cdd0,95dd37982251a6b59779e0eed020e266b54fc88c,,NO,9bf4ce6d07423ab517b4705c716e3eb012349b756b7c0591cc3458eac207808d,PARTIAL_INHERITED_DEFAULTS_NOT_DUMPED,BOUND_BY_SOURCE_CODE,engineering_or_indirect,Inherited from the hashed TrackingConfig source; no separate sensitivity claim.,PARTIAL_NO_METHOD_SPECIFIC_SENSITIVITY,FROZEN_BY_PREDICTION_AUTHORITY,Current-main active value. The frozen prediction producer was 64d835cbf1b25ecdef3a777a50f0b46db6c93f61; inherited defaults were not preserved as a complete runtime dump.
R0_CURRENT_STANDARD_V2_20260728,identity_repair,local_pair_swap_max_gap_frames,2,frames,INHERITED_DEFAULT_WITH_PROVENANCE,src/pig_behavior/tracking/config.py,52c5f54ad44b6f76a8d143d168bdc942542d5fd263903cbf630f9c58ecf1cdd0,95dd37982251a6b59779e0eed020e266b54fc88c,,NO,9bf4ce6d07423ab517b4705c716e3eb012349b756b7c0591cc3458eac207808d,PARTIAL_INHERITED_DEFAULTS_NOT_DUMPED,BOUND_BY_SOURCE_CODE,identity_repair|runtime,Inherited from the hashed TrackingConfig source; no separate sensitivity claim.,PARTIAL_NO_METHOD_SPECIFIC_SENSITIVITY,FROZEN_BY_PREDICTION_AUTHORITY,Current-main active value. The frozen prediction producer was 64d835cbf1b25ecdef3a777a50f0b46db6c93f61; inherited defaults were not preserved as a complete runtime dump.
R0_CURRENT_STANDARD_V2_20260728,identity_repair,local_pair_swap_min_motion_gain,0.08,unitless,INHERITED_DEFAULT_WITH_PROVENANCE,src/pig_behavior/tracking/config.py,52c5f54ad44b6f76a8d143d168bdc942542d5fd263903cbf630f9c58ecf1cdd0,95dd37982251a6b59779e0eed020e266b54fc88c,,NO,9bf4ce6d07423ab517b4705c716e3eb012349b756b7c0591cc3458eac207808d,PARTIAL_INHERITED_DEFAULTS_NOT_DUMPED,BOUND_BY_SOURCE_CODE,identity_repair,Inherited from the hashed TrackingConfig source; no separate sensitivity claim.,PARTIAL_NO_METHOD_SPECIFIC_SENSITIVITY,FROZEN_BY_PREDICTION_AUTHORITY,Current-main active value. The frozen prediction producer was 64d835cbf1b25ecdef3a777a50f0b46db6c93f61; inherited defaults were not preserved as a complete runtime dump.
R0_CURRENT_STANDARD_V2_20260728,association,local_pair_swap_min_overlap_iou,0.2,unitless ratio,INHERITED_DEFAULT_WITH_PROVENANCE,src/pig_behavior/tracking/config.py,52c5f54ad44b6f76a8d143d168bdc942542d5fd263903cbf630f9c58ecf1cdd0,95dd37982251a6b59779e0eed020e266b54fc88c,,NO,9bf4ce6d07423ab517b4705c716e3eb012349b756b7c0591cc3458eac207808d,PARTIAL_INHERITED_DEFAULTS_NOT_DUMPED,BOUND_BY_SOURCE_CODE,association|identity_repair,Inherited from the hashed TrackingConfig source; no separate sensitivity claim.,PARTIAL_NO_METHOD_SPECIFIC_SENSITIVITY,FROZEN_BY_PREDICTION_AUTHORITY,Current-main active value. The frozen prediction producer was 64d835cbf1b25ecdef3a777a50f0b46db6c93f61; inherited defaults were not preserved as a complete runtime dump.
R0_CURRENT_STANDARD_V2_20260728,identity_repair,local_pair_swap_repair,false,boolean,INHERITED_DEFAULT_WITH_PROVENANCE,src/pig_behavior/tracking/config.py,52c5f54ad44b6f76a8d143d168bdc942542d5fd263903cbf630f9c58ecf1cdd0,95dd37982251a6b59779e0eed020e266b54fc88c,,NO,9bf4ce6d07423ab517b4705c716e3eb012349b756b7c0591cc3458eac207808d,PARTIAL_INHERITED_DEFAULTS_NOT_DUMPED,BOUND_BY_SOURCE_CODE,identity_repair,Inherited from the hashed TrackingConfig source; no separate sensitivity claim.,PARTIAL_NO_METHOD_SPECIFIC_SENSITIVITY,FROZEN_BY_PREDICTION_AUTHORITY,Current-main active value. The frozen prediction producer was 64d835cbf1b25ecdef3a777a50f0b46db6c93f61; inherited defaults were not preserved as a complete runtime dump.
R0_CURRENT_STANDARD_V2_20260728,identity_repair,local_pair_swap_window_frames,8,frames,INHERITED_DEFAULT_WITH_PROVENANCE,src/pig_behavior/tracking/config.py,52c5f54ad44b6f76a8d143d168bdc942542d5fd263903cbf630f9c58ecf1cdd0,95dd37982251a6b59779e0eed020e266b54fc88c,,NO,9bf4ce6d07423ab517b4705c716e3eb012349b756b7c0591cc3458eac207808d,PARTIAL_INHERITED_DEFAULTS_NOT_DUMPED,BOUND_BY_SOURCE_CODE,identity_repair|runtime,Inherited from the hashed TrackingConfig source; no separate sensitivity claim.,PARTIAL_NO_METHOD_SPECIFIC_SENSITIVITY,FROZEN_BY_PREDICTION_AUTHORITY,Current-main active value. The frozen prediction producer was 64d835cbf1b25ecdef3a777a50f0b46db6c93f61; inherited defaults were not preserved as a complete runtime dump.
R0_CURRENT_STANDARD_V2_20260728,identity_repair,long_pair_swap_max_gap_frames,2,frames,INHERITED_DEFAULT_WITH_PROVENANCE,src/pig_behavior/tracking/config.py,52c5f54ad44b6f76a8d143d168bdc942542d5fd263903cbf630f9c58ecf1cdd0,95dd37982251a6b59779e0eed020e266b54fc88c,,NO,9bf4ce6d07423ab517b4705c716e3eb012349b756b7c0591cc3458eac207808d,PARTIAL_INHERITED_DEFAULTS_NOT_DUMPED,BOUND_BY_SOURCE_CODE,identity_repair|runtime,Inherited from the hashed TrackingConfig source; no separate sensitivity claim.,PARTIAL_NO_METHOD_SPECIFIC_SENSITIVITY,FROZEN_BY_PREDICTION_AUTHORITY,Current-main active value. The frozen prediction producer was 64d835cbf1b25ecdef3a777a50f0b46db6c93f61; inherited defaults were not preserved as a complete runtime dump.
R0_CURRENT_STANDARD_V2_20260728,identity_repair,long_pair_swap_min_frames,24,frames,INHERITED_DEFAULT_WITH_PROVENANCE,src/pig_behavior/tracking/config.py,52c5f54ad44b6f76a8d143d168bdc942542d5fd263903cbf630f9c58ecf1cdd0,95dd37982251a6b59779e0eed020e266b54fc88c,,NO,9bf4ce6d07423ab517b4705c716e3eb012349b756b7c0591cc3458eac207808d,PARTIAL_INHERITED_DEFAULTS_NOT_DUMPED,BOUND_BY_SOURCE_CODE,identity_repair|runtime,Inherited from the hashed TrackingConfig source; no separate sensitivity claim.,PARTIAL_NO_METHOD_SPECIFIC_SENSITIVITY,FROZEN_BY_PREDICTION_AUTHORITY,Current-main active value. The frozen prediction producer was 64d835cbf1b25ecdef3a777a50f0b46db6c93f61; inherited defaults were not preserved as a complete runtime dump.
R0_CURRENT_STANDARD_V2_20260728,identity_repair,long_pair_swap_min_median_separation,0.04,unitless,INHERITED_DEFAULT_WITH_PROVENANCE,src/pig_behavior/tracking/config.py,52c5f54ad44b6f76a8d143d168bdc942542d5fd263903cbf630f9c58ecf1cdd0,95dd37982251a6b59779e0eed020e266b54fc88c,,NO,9bf4ce6d07423ab517b4705c716e3eb012349b756b7c0591cc3458eac207808d,PARTIAL_INHERITED_DEFAULTS_NOT_DUMPED,BOUND_BY_SOURCE_CODE,identity_repair,Inherited from the hashed TrackingConfig source; no separate sensitivity claim.,PARTIAL_NO_METHOD_SPECIFIC_SENSITIVITY,FROZEN_BY_PREDICTION_AUTHORITY,Current-main active value. The frozen prediction producer was 64d835cbf1b25ecdef3a777a50f0b46db6c93f61; inherited defaults were not preserved as a complete runtime dump.
R0_CURRENT_STANDARD_V2_20260728,identity_repair,long_pair_swap_min_start_gain,0.08,unitless,INHERITED_DEFAULT_WITH_PROVENANCE,src/pig_behavior/tracking/config.py,52c5f54ad44b6f76a8d143d168bdc942542d5fd263903cbf630f9c58ecf1cdd0,95dd37982251a6b59779e0eed020e266b54fc88c,,NO,9bf4ce6d07423ab517b4705c716e3eb012349b756b7c0591cc3458eac207808d,PARTIAL_INHERITED_DEFAULTS_NOT_DUMPED,BOUND_BY_SOURCE_CODE,identity_repair,Inherited from the hashed TrackingConfig source; no separate sensitivity claim.,PARTIAL_NO_METHOD_SPECIFIC_SENSITIVITY,FROZEN_BY_PREDICTION_AUTHORITY,Current-main active value. The frozen prediction producer was 64d835cbf1b25ecdef3a777a50f0b46db6c93f61; inherited defaults were not preserved as a complete runtime dump.
R0_CURRENT_STANDARD_V2_20260728,identity_repair,long_pair_swap_repair,false,boolean,INHERITED_DEFAULT_WITH_PROVENANCE,src/pig_behavior/tracking/config.py,52c5f54ad44b6f76a8d143d168bdc942542d5fd263903cbf630f9c58ecf1cdd0,95dd37982251a6b59779e0eed020e266b54fc88c,,NO,9bf4ce6d07423ab517b4705c716e3eb012349b756b7c0591cc3458eac207808d,PARTIAL_INHERITED_DEFAULTS_NOT_DUMPED,BOUND_BY_SOURCE_CODE,identity_repair,Inherited from the hashed TrackingConfig source; no separate sensitivity claim.,PARTIAL_NO_METHOD_SPECIFIC_SENSITIVITY,FROZEN_BY_PREDICTION_AUTHORITY,Current-main active value. The frozen prediction producer was 64d835cbf1b25ecdef3a777a50f0b46db6c93f61; inherited defaults were not preserved as a complete runtime dump.
R0_CURRENT_STANDARD_V2_20260728,association,lost_track_cost_threshold,0.95,unitless,INHERITED_DEFAULT_WITH_PROVENANCE,src/pig_behavior/tracking/config.py,52c5f54ad44b6f76a8d143d168bdc942542d5fd263903cbf630f9c58ecf1cdd0,95dd37982251a6b59779e0eed020e266b54fc88c,,NO,9bf4ce6d07423ab517b4705c716e3eb012349b756b7c0591cc3458eac207808d,PARTIAL_INHERITED_DEFAULTS_NOT_DUMPED,BOUND_BY_SOURCE_CODE,association|lifecycle,Inherited from the hashed TrackingConfig source; no separate sensitivity claim.,PARTIAL_NO_METHOD_SPECIFIC_SENSITIVITY,FROZEN_BY_PREDICTION_AUTHORITY,Current-main active value. The frozen prediction producer was 64d835cbf1b25ecdef3a777a50f0b46db6c93f61; inherited defaults were not preserved as a complete runtime dump.
R0_CURRENT_STANDARD_V2_20260728,association,lost_track_different_raw_hidden_owner_appearance_threshold,0.25,unitless,INHERITED_DEFAULT_WITH_PROVENANCE,src/pig_behavior/tracking/config.py,52c5f54ad44b6f76a8d143d168bdc942542d5fd263903cbf630f9c58ecf1cdd0,95dd37982251a6b59779e0eed020e266b54fc88c,,NO,9bf4ce6d07423ab517b4705c716e3eb012349b756b7c0591cc3458eac207808d,PARTIAL_INHERITED_DEFAULTS_NOT_DUMPED,BOUND_BY_SOURCE_CODE,association|lifecycle|identity_repair|Hidden_state,Inherited from the hashed TrackingConfig source; no separate sensitivity claim.,PARTIAL_NO_METHOD_SPECIFIC_SENSITIVITY,FROZEN_BY_PREDICTION_AUTHORITY,Current-main active value. The frozen prediction producer was 64d835cbf1b25ecdef3a777a50f0b46db6c93f61; inherited defaults were not preserved as a complete runtime dump.
R0_CURRENT_STANDARD_V2_20260728,lifecycle,lost_track_different_raw_hidden_owner_bypass,true,boolean,INHERITED_DEFAULT_WITH_PROVENANCE,src/pig_behavior/tracking/config.py,52c5f54ad44b6f76a8d143d168bdc942542d5fd263903cbf630f9c58ecf1cdd0,95dd37982251a6b59779e0eed020e266b54fc88c,,NO,9bf4ce6d07423ab517b4705c716e3eb012349b756b7c0591cc3458eac207808d,PARTIAL_INHERITED_DEFAULTS_NOT_DUMPED,BOUND_BY_SOURCE_CODE,lifecycle|identity_repair|Hidden_state,Inherited from the hashed TrackingConfig source; no separate sensitivity claim.,PARTIAL_NO_METHOD_SPECIFIC_SENSITIVITY,FROZEN_BY_PREDICTION_AUTHORITY,Current-main active value. The frozen prediction producer was 64d835cbf1b25ecdef3a777a50f0b46db6c93f61; inherited defaults were not preserved as a complete runtime dump.
R0_CURRENT_STANDARD_V2_20260728,lifecycle,lost_track_different_raw_hidden_owner_min_center_gain,0.03,unitless,INHERITED_DEFAULT_WITH_PROVENANCE,src/pig_behavior/tracking/config.py,52c5f54ad44b6f76a8d143d168bdc942542d5fd263903cbf630f9c58ecf1cdd0,95dd37982251a6b59779e0eed020e266b54fc88c,,NO,9bf4ce6d07423ab517b4705c716e3eb012349b756b7c0591cc3458eac207808d,PARTIAL_INHERITED_DEFAULTS_NOT_DUMPED,BOUND_BY_SOURCE_CODE,lifecycle|identity_repair|Hidden_state,Inherited from the hashed TrackingConfig source; no separate sensitivity claim.,PARTIAL_NO_METHOD_SPECIFIC_SENSITIVITY,FROZEN_BY_PREDICTION_AUTHORITY,Current-main active value. The frozen prediction producer was 64d835cbf1b25ecdef3a777a50f0b46db6c93f61; inherited defaults were not preserved as a complete runtime dump.
R0_CURRENT_STANDARD_V2_20260728,lifecycle,lost_track_different_raw_hidden_owner_min_missed,2,frames,INHERITED_DEFAULT_WITH_PROVENANCE,src/pig_behavior/tracking/config.py,52c5f54ad44b6f76a8d143d168bdc942542d5fd263903cbf630f9c58ecf1cdd0,95dd37982251a6b59779e0eed020e266b54fc88c,,NO,9bf4ce6d07423ab517b4705c716e3eb012349b756b7c0591cc3458eac207808d,PARTIAL_INHERITED_DEFAULTS_NOT_DUMPED,BOUND_BY_SOURCE_CODE,lifecycle|identity_repair|Hidden_state,Inherited from the hashed TrackingConfig source; no separate sensitivity claim.,PARTIAL_NO_METHOD_SPECIFIC_SENSITIVITY,FROZEN_BY_PREDICTION_AUTHORITY,Current-main active value. The frozen prediction producer was 64d835cbf1b25ecdef3a777a50f0b46db6c93f61; inherited defaults were not preserved as a complete runtime dump.
R0_CURRENT_STANDARD_V2_20260728,association,lost_track_fast_motion_appearance_threshold,0.3,unitless,INHERITED_DEFAULT_WITH_PROVENANCE,src/pig_behavior/tracking/config.py,52c5f54ad44b6f76a8d143d168bdc942542d5fd263903cbf630f9c58ecf1cdd0,95dd37982251a6b59779e0eed020e266b54fc88c,,NO,9bf4ce6d07423ab517b4705c716e3eb012349b756b7c0591cc3458eac207808d,PARTIAL_INHERITED_DEFAULTS_NOT_DUMPED,BOUND_BY_SOURCE_CODE,association|lifecycle,Inherited from the hashed TrackingConfig source; no separate sensitivity claim.,PARTIAL_NO_METHOD_SPECIFIC_SENSITIVITY,FROZEN_BY_PREDICTION_AUTHORITY,Current-main active value. The frozen prediction producer was 64d835cbf1b25ecdef3a777a50f0b46db6c93f61; inherited defaults were not preserved as a complete runtime dump.
R0_CURRENT_STANDARD_V2_20260728,lifecycle,lost_track_fast_motion_max_center_jump,0.42,unitless,INHERITED_DEFAULT_WITH_PROVENANCE,src/pig_behavior/tracking/config.py,52c5f54ad44b6f76a8d143d168bdc942542d5fd263903cbf630f9c58ecf1cdd0,95dd37982251a6b59779e0eed020e266b54fc88c,,NO,9bf4ce6d07423ab517b4705c716e3eb012349b756b7c0591cc3458eac207808d,PARTIAL_INHERITED_DEFAULTS_NOT_DUMPED,BOUND_BY_SOURCE_CODE,lifecycle,Inherited from the hashed TrackingConfig source; no separate sensitivity claim.,PARTIAL_NO_METHOD_SPECIFIC_SENSITIVITY,FROZEN_BY_PREDICTION_AUTHORITY,Current-main active value. The frozen prediction producer was 64d835cbf1b25ecdef3a777a50f0b46db6c93f61; inherited defaults were not preserved as a complete runtime dump.
R0_CURRENT_STANDARD_V2_20260728,lifecycle,lost_track_fast_motion_min_center_jump,0.06,unitless,INHERITED_DEFAULT_WITH_PROVENANCE,src/pig_behavior/tracking/config.py,52c5f54ad44b6f76a8d143d168bdc942542d5fd263903cbf630f9c58ecf1cdd0,95dd37982251a6b59779e0eed020e266b54fc88c,,NO,9bf4ce6d07423ab517b4705c716e3eb012349b756b7c0591cc3458eac207808d,PARTIAL_INHERITED_DEFAULTS_NOT_DUMPED,BOUND_BY_SOURCE_CODE,lifecycle,Inherited from the hashed TrackingConfig source; no separate sensitivity claim.,PARTIAL_NO_METHOD_SPECIFIC_SENSITIVITY,FROZEN_BY_PREDICTION_AUTHORITY,Current-main active value. The frozen prediction producer was 64d835cbf1b25ecdef3a777a50f0b46db6c93f61; inherited defaults were not preserved as a complete runtime dump.
R0_CURRENT_STANDARD_V2_20260728,lifecycle,lost_track_fast_motion_owner_grace,3,count,INHERITED_DEFAULT_WITH_PROVENANCE,src/pig_behavior/tracking/config.py,52c5f54ad44b6f76a8d143d168bdc942542d5fd263903cbf630f9c58ecf1cdd0,95dd37982251a6b59779e0eed020e266b54fc88c,,NO,9bf4ce6d07423ab517b4705c716e3eb012349b756b7c0591cc3458eac207808d,PARTIAL_INHERITED_DEFAULTS_NOT_DUMPED,BOUND_BY_SOURCE_CODE,lifecycle|identity_repair,Inherited from the hashed TrackingConfig source; no separate sensitivity claim.,PARTIAL_NO_METHOD_SPECIFIC_SENSITIVITY,FROZEN_BY_PREDICTION_AUTHORITY,Current-main active value. The frozen prediction producer was 64d835cbf1b25ecdef3a777a50f0b46db6c93f61; inherited defaults were not preserved as a complete runtime dump.
R0_CURRENT_STANDARD_V2_20260728,lifecycle,lost_track_fast_motion_owner_max_gap,0.14,unitless,INHERITED_DEFAULT_WITH_PROVENANCE,src/pig_behavior/tracking/config.py,52c5f54ad44b6f76a8d143d168bdc942542d5fd263903cbf630f9c58ecf1cdd0,95dd37982251a6b59779e0eed020e266b54fc88c,,NO,9bf4ce6d07423ab517b4705c716e3eb012349b756b7c0591cc3458eac207808d,PARTIAL_INHERITED_DEFAULTS_NOT_DUMPED,BOUND_BY_SOURCE_CODE,lifecycle|identity_repair,Inherited from the hashed TrackingConfig source; no separate sensitivity claim.,PARTIAL_NO_METHOD_SPECIFIC_SENSITIVITY,FROZEN_BY_PREDICTION_AUTHORITY,Current-main active value. The frozen prediction producer was 64d835cbf1b25ecdef3a777a50f0b46db6c93f61; inherited defaults were not preserved as a complete runtime dump.
R0_CURRENT_STANDARD_V2_20260728,association,lost_track_raw_owner_transfer_appearance_threshold,0.25,unitless,INHERITED_DEFAULT_WITH_PROVENANCE,src/pig_behavior/tracking/config.py,52c5f54ad44b6f76a8d143d168bdc942542d5fd263903cbf630f9c58ecf1cdd0,95dd37982251a6b59779e0eed020e266b54fc88c,,NO,9bf4ce6d07423ab517b4705c716e3eb012349b756b7c0591cc3458eac207808d,PARTIAL_INHERITED_DEFAULTS_NOT_DUMPED,BOUND_BY_SOURCE_CODE,association|lifecycle|identity_repair,Inherited from the hashed TrackingConfig source; no separate sensitivity claim.,PARTIAL_NO_METHOD_SPECIFIC_SENSITIVITY,FROZEN_BY_PREDICTION_AUTHORITY,Current-main active value. The frozen prediction producer was 64d835cbf1b25ecdef3a777a50f0b46db6c93f61; inherited defaults were not preserved as a complete runtime dump.
R0_CURRENT_STANDARD_V2_20260728,association,lost_track_raw_owner_transfer_min_appearance_gain,0.05,unitless,INHERITED_DEFAULT_WITH_PROVENANCE,src/pig_behavior/tracking/config.py,52c5f54ad44b6f76a8d143d168bdc942542d5fd263903cbf630f9c58ecf1cdd0,95dd37982251a6b59779e0eed020e266b54fc88c,,NO,9bf4ce6d07423ab517b4705c716e3eb012349b756b7c0591cc3458eac207808d,PARTIAL_INHERITED_DEFAULTS_NOT_DUMPED,BOUND_BY_SOURCE_CODE,association|lifecycle|identity_repair,Inherited from the hashed TrackingConfig source; no separate sensitivity claim.,PARTIAL_NO_METHOD_SPECIFIC_SENSITIVITY,FROZEN_BY_PREDICTION_AUTHORITY,Current-main active value. The frozen prediction producer was 64d835cbf1b25ecdef3a777a50f0b46db6c93f61; inherited defaults were not preserved as a complete runtime dump.
R0_CURRENT_STANDARD_V2_20260728,lifecycle,lost_track_raw_owner_transfer_min_center_gain,0.04,unitless,INHERITED_DEFAULT_WITH_PROVENANCE,src/pig_behavior/tracking/config.py,52c5f54ad44b6f76a8d143d168bdc942542d5fd263903cbf630f9c58ecf1cdd0,95dd37982251a6b59779e0eed020e266b54fc88c,,NO,9bf4ce6d07423ab517b4705c716e3eb012349b756b7c0591cc3458eac207808d,PARTIAL_INHERITED_DEFAULTS_NOT_DUMPED,BOUND_BY_SOURCE_CODE,lifecycle|identity_repair,Inherited from the hashed TrackingConfig source; no separate sensitivity claim.,PARTIAL_NO_METHOD_SPECIFIC_SENSITIVITY,FROZEN_BY_PREDICTION_AUTHORITY,Current-main active value. The frozen prediction producer was 64d835cbf1b25ecdef3a777a50f0b46db6c93f61; inherited defaults were not preserved as a complete runtime dump.
R0_CURRENT_STANDARD_V2_20260728,lifecycle,lost_track_reacquire_different_raw_owner_guard,true,boolean,INHERITED_DEFAULT_WITH_PROVENANCE,src/pig_behavior/tracking/config.py,52c5f54ad44b6f76a8d143d168bdc942542d5fd263903cbf630f9c58ecf1cdd0,95dd37982251a6b59779e0eed020e266b54fc88c,,NO,9bf4ce6d07423ab517b4705c716e3eb012349b756b7c0591cc3458eac207808d,PARTIAL_INHERITED_DEFAULTS_NOT_DUMPED,BOUND_BY_SOURCE_CODE,lifecycle|identity_repair,Inherited from the hashed TrackingConfig source; no separate sensitivity claim.,PARTIAL_NO_METHOD_SPECIFIC_SENSITIVITY,FROZEN_BY_PREDICTION_AUTHORITY,Current-main active value. The frozen prediction producer was 64d835cbf1b25ecdef3a777a50f0b46db6c93f61; inherited defaults were not preserved as a complete runtime dump.
R0_CURRENT_STANDARD_V2_20260728,lifecycle,lost_track_reacquire_guard,true,boolean,INHERITED_DEFAULT_WITH_PROVENANCE,src/pig_behavior/tracking/config.py,52c5f54ad44b6f76a8d143d168bdc942542d5fd263903cbf630f9c58ecf1cdd0,95dd37982251a6b59779e0eed020e266b54fc88c,,NO,9bf4ce6d07423ab517b4705c716e3eb012349b756b7c0591cc3458eac207808d,PARTIAL_INHERITED_DEFAULTS_NOT_DUMPED,BOUND_BY_SOURCE_CODE,lifecycle,Inherited from the hashed TrackingConfig source; no separate sensitivity claim.,PARTIAL_NO_METHOD_SPECIFIC_SENSITIVITY,FROZEN_BY_PREDICTION_AUTHORITY,Current-main active value. The frozen prediction producer was 64d835cbf1b25ecdef3a777a50f0b46db6c93f61; inherited defaults were not preserved as a complete runtime dump.
R0_CURRENT_STANDARD_V2_20260728,lifecycle,lost_track_reacquire_max_center_jump,0.22,unitless,INHERITED_DEFAULT_WITH_PROVENANCE,src/pig_behavior/tracking/config.py,52c5f54ad44b6f76a8d143d168bdc942542d5fd263903cbf630f9c58ecf1cdd0,95dd37982251a6b59779e0eed020e266b54fc88c,,NO,9bf4ce6d07423ab517b4705c716e3eb012349b756b7c0591cc3458eac207808d,PARTIAL_INHERITED_DEFAULTS_NOT_DUMPED,BOUND_BY_SOURCE_CODE,lifecycle,Inherited from the hashed TrackingConfig source; no separate sensitivity claim.,PARTIAL_NO_METHOD_SPECIFIC_SENSITIVITY,FROZEN_BY_PREDICTION_AUTHORITY,Current-main active value. The frozen prediction producer was 64d835cbf1b25ecdef3a777a50f0b46db6c93f61; inherited defaults were not preserved as a complete runtime dump.
R0_CURRENT_STANDARD_V2_20260728,lifecycle,lost_track_reacquire_non_same_raw_distance_guard,false,boolean,INHERITED_DEFAULT_WITH_PROVENANCE,src/pig_behavior/tracking/config.py,52c5f54ad44b6f76a8d143d168bdc942542d5fd263903cbf630f9c58ecf1cdd0,95dd37982251a6b59779e0eed020e266b54fc88c,,NO,9bf4ce6d07423ab517b4705c716e3eb012349b756b7c0591cc3458eac207808d,PARTIAL_INHERITED_DEFAULTS_NOT_DUMPED,BOUND_BY_SOURCE_CODE,lifecycle,Inherited from the hashed TrackingConfig source; no separate sensitivity claim.,PARTIAL_NO_METHOD_SPECIFIC_SENSITIVITY,FROZEN_BY_PREDICTION_AUTHORITY,Current-main active value. The frozen prediction producer was 64d835cbf1b25ecdef3a777a50f0b46db6c93f61; inherited defaults were not preserved as a complete runtime dump.
R0_CURRENT_STANDARD_V2_20260728,lifecycle,lost_track_reacquire_raw_owner_guard,true,boolean,INHERITED_DEFAULT_WITH_PROVENANCE,src/pig_behavior/tracking/config.py,52c5f54ad44b6f76a8d143d168bdc942542d5fd263903cbf630f9c58ecf1cdd0,95dd37982251a6b59779e0eed020e266b54fc88c,,NO,9bf4ce6d07423ab517b4705c716e3eb012349b756b7c0591cc3458eac207808d,PARTIAL_INHERITED_DEFAULTS_NOT_DUMPED,BOUND_BY_SOURCE_CODE,lifecycle|identity_repair,Inherited from the hashed TrackingConfig source; no separate sensitivity claim.,PARTIAL_NO_METHOD_SPECIFIC_SENSITIVITY,FROZEN_BY_PREDICTION_AUTHORITY,Current-main active value. The frozen prediction producer was 64d835cbf1b25ecdef3a777a50f0b46db6c93f61; inherited defaults were not preserved as a complete runtime dump.
R0_CURRENT_STANDARD_V2_20260728,association,lost_track_reacquire_same_raw_appearance_bypass,true,boolean,INHERITED_DEFAULT_WITH_PROVENANCE,src/pig_behavior/tracking/config.py,52c5f54ad44b6f76a8d143d168bdc942542d5fd263903cbf630f9c58ecf1cdd0,95dd37982251a6b59779e0eed020e266b54fc88c,,NO,9bf4ce6d07423ab517b4705c716e3eb012349b756b7c0591cc3458eac207808d,PARTIAL_INHERITED_DEFAULTS_NOT_DUMPED,BOUND_BY_SOURCE_CODE,association|lifecycle,Inherited from the hashed TrackingConfig source; no separate sensitivity claim.,PARTIAL_NO_METHOD_SPECIFIC_SENSITIVITY,FROZEN_BY_PREDICTION_AUTHORITY,Current-main active value. The frozen prediction producer was 64d835cbf1b25ecdef3a777a50f0b46db6c93f61; inherited defaults were not preserved as a complete runtime dump.
R0_CURRENT_STANDARD_V2_20260728,association,lost_track_reacquire_same_raw_appearance_threshold,0.25,unitless,INHERITED_DEFAULT_WITH_PROVENANCE,src/pig_behavior/tracking/config.py,52c5f54ad44b6f76a8d143d168bdc942542d5fd263903cbf630f9c58ecf1cdd0,95dd37982251a6b59779e0eed020e266b54fc88c,,NO,9bf4ce6d07423ab517b4705c716e3eb012349b756b7c0591cc3458eac207808d,PARTIAL_INHERITED_DEFAULTS_NOT_DUMPED,BOUND_BY_SOURCE_CODE,association|lifecycle,Inherited from the hashed TrackingConfig source; no separate sensitivity claim.,PARTIAL_NO_METHOD_SPECIFIC_SENSITIVITY,FROZEN_BY_PREDICTION_AUTHORITY,Current-main active value. The frozen prediction producer was 64d835cbf1b25ecdef3a777a50f0b46db6c93f61; inherited defaults were not preserved as a complete runtime dump.
R0_CURRENT_STANDARD_V2_20260728,lifecycle,lost_track_reacquire_same_raw_distance_guard,true,boolean,INHERITED_DEFAULT_WITH_PROVENANCE,src/pig_behavior/tracking/config.py,52c5f54ad44b6f76a8d143d168bdc942542d5fd263903cbf630f9c58ecf1cdd0,95dd37982251a6b59779e0eed020e266b54fc88c,,NO,9bf4ce6d07423ab517b4705c716e3eb012349b756b7c0591cc3458eac207808d,PARTIAL_INHERITED_DEFAULTS_NOT_DUMPED,BOUND_BY_SOURCE_CODE,lifecycle,Inherited from the hashed TrackingConfig source; no separate sensitivity claim.,PARTIAL_NO_METHOD_SPECIFIC_SENSITIVITY,FROZEN_BY_PREDICTION_AUTHORITY,Current-main active value. The frozen prediction producer was 64d835cbf1b25ecdef3a777a50f0b46db6c93f61; inherited defaults were not preserved as a complete runtime dump.
R0_CURRENT_STANDARD_V2_20260728,lifecycle,lost_track_reacquire_same_raw_max_center_jump,0.34,unitless,INHERITED_DEFAULT_WITH_PROVENANCE,src/pig_behavior/tracking/config.py,52c5f54ad44b6f76a8d143d168bdc942542d5fd263903cbf630f9c58ecf1cdd0,95dd37982251a6b59779e0eed020e266b54fc88c,,NO,9bf4ce6d07423ab517b4705c716e3eb012349b756b7c0591cc3458eac207808d,PARTIAL_INHERITED_DEFAULTS_NOT_DUMPED,BOUND_BY_SOURCE_CODE,lifecycle,Inherited from the hashed TrackingConfig source; no separate sensitivity claim.,PARTIAL_NO_METHOD_SPECIFIC_SENSITIVITY,FROZEN_BY_PREDICTION_AUTHORITY,Current-main active value. The frozen prediction producer was 64d835cbf1b25ecdef3a777a50f0b46db6c93f61; inherited defaults were not preserved as a complete runtime dump.
R0_CURRENT_STANDARD_V2_20260728,lifecycle,lost_track_reacquire_same_raw_owner_guard,true,boolean,INHERITED_DEFAULT_WITH_PROVENANCE,src/pig_behavior/tracking/config.py,52c5f54ad44b6f76a8d143d168bdc942542d5fd263903cbf630f9c58ecf1cdd0,95dd37982251a6b59779e0eed020e266b54fc88c,,NO,9bf4ce6d07423ab517b4705c716e3eb012349b756b7c0591cc3458eac207808d,PARTIAL_INHERITED_DEFAULTS_NOT_DUMPED,BOUND_BY_SOURCE_CODE,lifecycle|identity_repair,Inherited from the hashed TrackingConfig source; no separate sensitivity claim.,PARTIAL_NO_METHOD_SPECIFIC_SENSITIVITY,FROZEN_BY_PREDICTION_AUTHORITY,Current-main active value. The frozen prediction producer was 64d835cbf1b25ecdef3a777a50f0b46db6c93f61; inherited defaults were not preserved as a complete runtime dump.
R0_CURRENT_STANDARD_V2_20260728,association,lost_track_reid_appearance_threshold,0.25,unitless,INHERITED_DEFAULT_WITH_PROVENANCE,src/pig_behavior/tracking/config.py,52c5f54ad44b6f76a8d143d168bdc942542d5fd263903cbf630f9c58ecf1cdd0,95dd37982251a6b59779e0eed020e266b54fc88c,,NO,9bf4ce6d07423ab517b4705c716e3eb012349b756b7c0591cc3458eac207808d,PARTIAL_INHERITED_DEFAULTS_NOT_DUMPED,BOUND_BY_SOURCE_CODE,association|lifecycle,Inherited from the hashed TrackingConfig source; no separate sensitivity claim.,PARTIAL_NO_METHOD_SPECIFIC_SENSITIVITY,FROZEN_BY_PREDICTION_AUTHORITY,Current-main active value. The frozen prediction producer was 64d835cbf1b25ecdef3a777a50f0b46db6c93f61; inherited defaults were not preserved as a complete runtime dump.
R0_CURRENT_STANDARD_V2_20260728,bbox_geometry,low_conf_max_box_jump_scale,1.75,unitless,INHERITED_DEFAULT_WITH_PROVENANCE,src/pig_behavior/tracking/config.py,52c5f54ad44b6f76a8d143d168bdc942542d5fd263903cbf630f9c58ecf1cdd0,95dd37982251a6b59779e0eed020e266b54fc88c,,NO,9bf4ce6d07423ab517b4705c716e3eb012349b756b7c0591cc3458eac207808d,PARTIAL_INHERITED_DEFAULTS_NOT_DUMPED,BOUND_BY_SOURCE_CODE,bbox_geometry,Inherited from the hashed TrackingConfig source; no separate sensitivity claim.,PARTIAL_NO_METHOD_SPECIFIC_SENSITIVITY,FROZEN_BY_PREDICTION_AUTHORITY,Current-main active value. The frozen prediction producer was 64d835cbf1b25ecdef3a777a50f0b46db6c93f61; inherited defaults were not preserved as a complete runtime dump.
R0_CURRENT_STANDARD_V2_20260728,engineering_or_indirect,low_conf_max_center_jump,0.08,unitless,INHERITED_DEFAULT_WITH_PROVENANCE,src/pig_behavior/tracking/config.py,52c5f54ad44b6f76a8d143d168bdc942542d5fd263903cbf630f9c58ecf1cdd0,95dd37982251a6b59779e0eed020e266b54fc88c,,NO,9bf4ce6d07423ab517b4705c716e3eb012349b756b7c0591cc3458eac207808d,PARTIAL_INHERITED_DEFAULTS_NOT_DUMPED,BOUND_BY_SOURCE_CODE,engineering_or_indirect,Inherited from the hashed TrackingConfig source; no separate sensitivity claim.,PARTIAL_NO_METHOD_SPECIFIC_SENSITIVITY,FROZEN_BY_PREDICTION_AUTHORITY,Current-main active value. The frozen prediction producer was 64d835cbf1b25ecdef3a777a50f0b46db6c93f61; inherited defaults were not preserved as a complete runtime dump.
R0_CURRENT_STANDARD_V2_20260728,association,low_conf_min_iou,0.01,unitless ratio,INHERITED_DEFAULT_WITH_PROVENANCE,src/pig_behavior/tracking/config.py,52c5f54ad44b6f76a8d143d168bdc942542d5fd263903cbf630f9c58ecf1cdd0,95dd37982251a6b59779e0eed020e266b54fc88c,,NO,9bf4ce6d07423ab517b4705c716e3eb012349b756b7c0591cc3458eac207808d,PARTIAL_INHERITED_DEFAULTS_NOT_DUMPED,BOUND_BY_SOURCE_CODE,association,Inherited from the hashed TrackingConfig source; no separate sensitivity claim.,PARTIAL_NO_METHOD_SPECIFIC_SENSITIVITY,FROZEN_BY_PREDICTION_AUTHORITY,Current-main active value. The frozen prediction producer was 64d835cbf1b25ecdef3a777a50f0b46db6c93f61; inherited defaults were not preserved as a complete runtime dump.
R0_CURRENT_STANDARD_V2_20260728,engineering_or_indirect,low_conf_motion_gate,true,boolean,INHERITED_DEFAULT_WITH_PROVENANCE,src/pig_behavior/tracking/config.py,52c5f54ad44b6f76a8d143d168bdc942542d5fd263903cbf630f9c58ecf1cdd0,95dd37982251a6b59779e0eed020e266b54fc88c,,NO,9bf4ce6d07423ab517b4705c716e3eb012349b756b7c0591cc3458eac207808d,PARTIAL_INHERITED_DEFAULTS_NOT_DUMPED,BOUND_BY_SOURCE_CODE,engineering_or_indirect,Inherited from the hashed TrackingConfig source; no separate sensitivity claim.,PARTIAL_NO_METHOD_SPECIFIC_SENSITIVITY,FROZEN_BY_PREDICTION_AUTHORITY,Current-main active value. The frozen prediction producer was 64d835cbf1b25ecdef3a777a50f0b46db6c93f61; inherited defaults were not preserved as a complete runtime dump.
R0_CURRENT_STANDARD_V2_20260728,bbox_geometry,low_conf_smooth_alpha,0.35,unitless,INHERITED_DEFAULT_WITH_PROVENANCE,src/pig_behavior/tracking/config.py,52c5f54ad44b6f76a8d143d168bdc942542d5fd263903cbf630f9c58ecf1cdd0,95dd37982251a6b59779e0eed020e266b54fc88c,,NO,9bf4ce6d07423ab517b4705c716e3eb012349b756b7c0591cc3458eac207808d,PARTIAL_INHERITED_DEFAULTS_NOT_DUMPED,BOUND_BY_SOURCE_CODE,bbox_geometry|evaluator_only,Inherited from the hashed TrackingConfig source; no separate sensitivity claim.,PARTIAL_NO_METHOD_SPECIFIC_SENSITIVITY,FROZEN_BY_PREDICTION_AUTHORITY,Current-main active value. The frozen prediction producer was 64d835cbf1b25ecdef3a777a50f0b46db6c93f61; inherited defaults were not preserved as a complete runtime dump.
R0_CURRENT_STANDARD_V2_20260728,engineering_or_indirect,mark_interpolated_review,true,boolean,INHERITED_DEFAULT_WITH_PROVENANCE,src/pig_behavior/tracking/config.py,52c5f54ad44b6f76a8d143d168bdc942542d5fd263903cbf630f9c58ecf1cdd0,95dd37982251a6b59779e0eed020e266b54fc88c,,NO,9bf4ce6d07423ab517b4705c716e3eb012349b756b7c0591cc3458eac207808d,PARTIAL_INHERITED_DEFAULTS_NOT_DUMPED,BOUND_BY_SOURCE_CODE,engineering_or_indirect,Inherited from the hashed TrackingConfig source; no separate sensitivity claim.,PARTIAL_NO_METHOD_SPECIFIC_SENSITIVITY,FROZEN_BY_PREDICTION_AUTHORITY,Current-main active value. The frozen prediction producer was 64d835cbf1b25ecdef3a777a50f0b46db6c93f61; inherited defaults were not preserved as a complete runtime dump.
R0_CURRENT_STANDARD_V2_20260728,detection,mask_input_frame,true,boolean,INHERITED_DEFAULT_WITH_PROVENANCE,src/pig_behavior/tracking/config.py,52c5f54ad44b6f76a8d143d168bdc942542d5fd263903cbf630f9c58ecf1cdd0,95dd37982251a6b59779e0eed020e266b54fc88c,,NO,9bf4ce6d07423ab517b4705c716e3eb012349b756b7c0591cc3458eac207808d,PARTIAL_INHERITED_DEFAULTS_NOT_DUMPED,BOUND_BY_SOURCE_CODE,detection|runtime,Inherited from the hashed TrackingConfig source; no separate sensitivity claim.,PARTIAL_NO_METHOD_SPECIFIC_SENSITIVITY,FROZEN_BY_PREDICTION_AUTHORITY,Current-main active value. The frozen prediction producer was 64d835cbf1b25ecdef3a777a50f0b46db6c93f61; inherited defaults were not preserved as a complete runtime dump.
R0_CURRENT_STANDARD_V2_20260728,detection,mask_iou_max_missed,10,unitless ratio,INHERITED_DEFAULT_WITH_PROVENANCE,src/pig_behavior/tracking/config.py,52c5f54ad44b6f76a8d143d168bdc942542d5fd263903cbf630f9c58ecf1cdd0,95dd37982251a6b59779e0eed020e266b54fc88c,,NO,9bf4ce6d07423ab517b4705c716e3eb012349b756b7c0591cc3458eac207808d,PARTIAL_INHERITED_DEFAULTS_NOT_DUMPED,BOUND_BY_SOURCE_CODE,detection|association|lifecycle,Inherited from the hashed TrackingConfig source; no separate sensitivity claim.,PARTIAL_NO_METHOD_SPECIFIC_SENSITIVITY,FROZEN_BY_PREDICTION_AUTHORITY,Current-main active value. The frozen prediction producer was 64d835cbf1b25ecdef3a777a50f0b46db6c93f61; inherited defaults were not preserved as a complete runtime dump.
R0_CURRENT_STANDARD_V2_20260728,detection,mask_iou_min_area,64,unitless ratio,INHERITED_DEFAULT_WITH_PROVENANCE,src/pig_behavior/tracking/config.py,52c5f54ad44b6f76a8d143d168bdc942542d5fd263903cbf630f9c58ecf1cdd0,95dd37982251a6b59779e0eed020e266b54fc88c,,NO,9bf4ce6d07423ab517b4705c716e3eb012349b756b7c0591cc3458eac207808d,PARTIAL_INHERITED_DEFAULTS_NOT_DUMPED,BOUND_BY_SOURCE_CODE,detection|association,Inherited from the hashed TrackingConfig source; no separate sensitivity claim.,PARTIAL_NO_METHOD_SPECIFIC_SENSITIVITY,FROZEN_BY_PREDICTION_AUTHORITY,Current-main active value. The frozen prediction producer was 64d835cbf1b25ecdef3a777a50f0b46db6c93f61; inherited defaults were not preserved as a complete runtime dump.
R0_CURRENT_STANDARD_V2_20260728,detection,mask_path,"""C:\\Users\\ironh\\Downloads\\PIG_Behavior_Project\\.codex_tmp\\worktrees\\tracking_scientific_grounding_authority\\data\\annotations\\scene\\mask.png""",categorical/path,DATA_SCHEMA_CONSTRAINT,src/pig_behavior/tracking/config.py,52c5f54ad44b6f76a8d143d168bdc942542d5fd263903cbf630f9c58ecf1cdd0,95dd37982251a6b59779e0eed020e266b54fc88c,,NO,9bf4ce6d07423ab517b4705c716e3eb012349b756b7c0591cc3458eac207808d,PARTIAL_INHERITED_DEFAULTS_NOT_DUMPED,BOUND_BY_SOURCE_CODE,detection,Bound to the repository data/cache/export schema.,SUFFICIENT,FROZEN_BY_PREDICTION_AUTHORITY,Current-main active value. The frozen prediction producer was 64d835cbf1b25ecdef3a777a50f0b46db6c93f61; inherited defaults were not preserved as a complete runtime dump.
R0_CURRENT_STANDARD_V2_20260728,association,match_cost_threshold,0.78,unitless,INHERITED_DEFAULT_WITH_PROVENANCE,src/pig_behavior/tracking/config.py,52c5f54ad44b6f76a8d143d168bdc942542d5fd263903cbf630f9c58ecf1cdd0,95dd37982251a6b59779e0eed020e266b54fc88c,,NO,9bf4ce6d07423ab517b4705c716e3eb012349b756b7c0591cc3458eac207808d,PARTIAL_INHERITED_DEFAULTS_NOT_DUMPED,BOUND_BY_SOURCE_CODE,association,Inherited from the hashed TrackingConfig source; no separate sensitivity claim.,PARTIAL_NO_METHOD_SPECIFIC_SENSITIVITY,FROZEN_BY_PREDICTION_AUTHORITY,Current-main active value. The frozen prediction producer was 64d835cbf1b25ecdef3a777a50f0b46db6c93f61; inherited defaults were not preserved as a complete runtime dump.
R0_CURRENT_STANDARD_V2_20260728,bbox_geometry,max_box_scale_change_after_gap,0.75,unitless,INHERITED_DEFAULT_WITH_PROVENANCE,src/pig_behavior/tracking/config.py,52c5f54ad44b6f76a8d143d168bdc942542d5fd263903cbf630f9c58ecf1cdd0,95dd37982251a6b59779e0eed020e266b54fc88c,,NO,9bf4ce6d07423ab517b4705c716e3eb012349b756b7c0591cc3458eac207808d,PARTIAL_INHERITED_DEFAULTS_NOT_DUMPED,BOUND_BY_SOURCE_CODE,bbox_geometry,Inherited from the hashed TrackingConfig source; no separate sensitivity claim.,PARTIAL_NO_METHOD_SPECIFIC_SENSITIVITY,FROZEN_BY_PREDICTION_AUTHORITY,Current-main active value. The frozen prediction producer was 64d835cbf1b25ecdef3a777a50f0b46db6c93f61; inherited defaults were not preserved as a complete runtime dump.
R0_CURRENT_STANDARD_V2_20260728,bbox_geometry,max_box_scale_change_per_frame,0.25,frames,INHERITED_DEFAULT_WITH_PROVENANCE,src/pig_behavior/tracking/config.py,52c5f54ad44b6f76a8d143d168bdc942542d5fd263903cbf630f9c58ecf1cdd0,95dd37982251a6b59779e0eed020e266b54fc88c,,NO,9bf4ce6d07423ab517b4705c716e3eb012349b756b7c0591cc3458eac207808d,PARTIAL_INHERITED_DEFAULTS_NOT_DUMPED,BOUND_BY_SOURCE_CODE,bbox_geometry|runtime,Inherited from the hashed TrackingConfig source; no separate sensitivity claim.,PARTIAL_NO_METHOD_SPECIFIC_SENSITIVITY,FROZEN_BY_PREDICTION_AUTHORITY,Current-main active value. The frozen prediction producer was 64d835cbf1b25ecdef3a777a50f0b46db6c93f61; inherited defaults were not preserved as a complete runtime dump.
R0_CURRENT_STANDARD_V2_20260728,runtime,max_frames,null,frames,HARDWARE_OR_RUNTIME_CONSTRAINT,src/pig_behavior/tracking/config.py,52c5f54ad44b6f76a8d143d168bdc942542d5fd263903cbf630f9c58ecf1cdd0,95dd37982251a6b59779e0eed020e266b54fc88c,,NO,9bf4ce6d07423ab517b4705c716e3eb012349b756b7c0591cc3458eac207808d,PARTIAL_INHERITED_DEFAULTS_NOT_DUMPED,BOUND_BY_SOURCE_CODE,runtime,Execution/safety constraint rather than a quality claim.,SUFFICIENT,FROZEN_BY_PREDICTION_AUTHORITY,Current-main active value. The frozen prediction producer was 64d835cbf1b25ecdef3a777a50f0b46db6c93f61; inherited defaults were not preserved as a complete runtime dump.
R0_CURRENT_STANDARD_V2_20260728,engineering_or_indirect,max_interpolation_gap,30,count,INHERITED_DEFAULT_WITH_PROVENANCE,src/pig_behavior/tracking/config.py,52c5f54ad44b6f76a8d143d168bdc942542d5fd263903cbf630f9c58ecf1cdd0,95dd37982251a6b59779e0eed020e266b54fc88c,,NO,9bf4ce6d07423ab517b4705c716e3eb012349b756b7c0591cc3458eac207808d,PARTIAL_INHERITED_DEFAULTS_NOT_DUMPED,BOUND_BY_SOURCE_CODE,engineering_or_indirect,Inherited from the hashed TrackingConfig source; no separate sensitivity claim.,PARTIAL_NO_METHOD_SPECIFIC_SENSITIVITY,FROZEN_BY_PREDICTION_AUTHORITY,Current-main active value. The frozen prediction producer was 64d835cbf1b25ecdef3a777a50f0b46db6c93f61; inherited defaults were not preserved as a complete runtime dump.
R0_CURRENT_STANDARD_V2_20260728,lifecycle,max_lost_frames,30,frames,INHERITED_DEFAULT_WITH_PROVENANCE,src/pig_behavior/tracking/config.py,52c5f54ad44b6f76a8d143d168bdc942542d5fd263903cbf630f9c58ecf1cdd0,95dd37982251a6b59779e0eed020e266b54fc88c,,NO,9bf4ce6d07423ab517b4705c716e3eb012349b756b7c0591cc3458eac207808d,PARTIAL_INHERITED_DEFAULTS_NOT_DUMPED,BOUND_BY_SOURCE_CODE,lifecycle|runtime,Inherited from the hashed TrackingConfig source; no separate sensitivity claim.,PARTIAL_NO_METHOD_SPECIFIC_SENSITIVITY,FROZEN_BY_PREDICTION_AUTHORITY,Current-main active value. The frozen prediction producer was 64d835cbf1b25ecdef3a777a50f0b46db6c93f61; inherited defaults were not preserved as a complete runtime dump.
R0_CURRENT_STANDARD_V2_20260728,runtime,max_missing_frames,30,frames,INHERITED_DEFAULT_WITH_PROVENANCE,src/pig_behavior/tracking/config.py,52c5f54ad44b6f76a8d143d168bdc942542d5fd263903cbf630f9c58ecf1cdd0,95dd37982251a6b59779e0eed020e266b54fc88c,,NO,9bf4ce6d07423ab517b4705c716e3eb012349b756b7c0591cc3458eac207808d,PARTIAL_INHERITED_DEFAULTS_NOT_DUMPED,BOUND_BY_SOURCE_CODE,runtime,Inherited from the hashed TrackingConfig source; no separate sensitivity claim.,PARTIAL_NO_METHOD_SPECIFIC_SENSITIVITY,FROZEN_BY_PREDICTION_AUTHORITY,Current-main active value. The frozen prediction producer was 64d835cbf1b25ecdef3a777a50f0b46db6c93f61; inherited defaults were not preserved as a complete runtime dump.
R0_CURRENT_STANDARD_V2_20260728,detection,max_raw_detections,32,count,PREDECLARED_DEVELOPMENT_SELECTION,src/pig_behavior/tracking/profiles/realtime.py,c7f63149f4577a8b5285f9387b46c75cd0fbbcabcc4c585ec89f319a06b8a496,95dd37982251a6b59779e0eed020e266b54fc88c,32,YES,9bf4ce6d07423ab517b4705c716e3eb012349b756b7c0591cc3458eac207808d,YES_PROFILE_OVERRIDE_ONLY,BOUND_BY_EFFECTIVE_CONFIG,detection,Profile override frozen by a development authority before its authority run.,SUFFICIENT_WITH_DEVELOPMENT_SCOPE_LIMITATION,FROZEN_BY_PREDICTION_AUTHORITY,Current-main active value. The frozen prediction producer was 64d835cbf1b25ecdef3a777a50f0b46db6c93f61; inherited defaults were not preserved as a complete runtime dump.
R0_CURRENT_STANDARD_V2_20260728,bbox_geometry,merged_box_growth_ratio,1.5,unitless,INHERITED_DEFAULT_WITH_PROVENANCE,src/pig_behavior/tracking/config.py,52c5f54ad44b6f76a8d143d168bdc942542d5fd263903cbf630f9c58ecf1cdd0,95dd37982251a6b59779e0eed020e266b54fc88c,,NO,9bf4ce6d07423ab517b4705c716e3eb012349b756b7c0591cc3458eac207808d,PARTIAL_INHERITED_DEFAULTS_NOT_DUMPED,BOUND_BY_SOURCE_CODE,bbox_geometry,Inherited from the hashed TrackingConfig source; no separate sensitivity claim.,PARTIAL_NO_METHOD_SPECIFIC_SENSITIVITY,FROZEN_BY_PREDICTION_AUTHORITY,Current-main active value. The frozen prediction producer was 64d835cbf1b25ecdef3a777a50f0b46db6c93f61; inherited defaults were not preserved as a complete runtime dump.
R0_CURRENT_STANDARD_V2_20260728,bbox_geometry,merged_box_neighbor_distance,0.12,unitless,INHERITED_DEFAULT_WITH_PROVENANCE,src/pig_behavior/tracking/config.py,52c5f54ad44b6f76a8d143d168bdc942542d5fd263903cbf630f9c58ecf1cdd0,95dd37982251a6b59779e0eed020e266b54fc88c,,NO,9bf4ce6d07423ab517b4705c716e3eb012349b756b7c0591cc3458eac207808d,PARTIAL_INHERITED_DEFAULTS_NOT_DUMPED,BOUND_BY_SOURCE_CODE,bbox_geometry,Inherited from the hashed TrackingConfig source; no separate sensitivity claim.,PARTIAL_NO_METHOD_SPECIFIC_SENSITIVITY,FROZEN_BY_PREDICTION_AUTHORITY,Current-main active value. The frozen prediction producer was 64d835cbf1b25ecdef3a777a50f0b46db6c93f61; inherited defaults were not preserved as a complete runtime dump.
R0_CURRENT_STANDARD_V2_20260728,bbox_geometry,merged_box_split_max_tracks,2,count,INHERITED_DEFAULT_WITH_PROVENANCE,src/pig_behavior/tracking/config.py,52c5f54ad44b6f76a8d143d168bdc942542d5fd263903cbf630f9c58ecf1cdd0,95dd37982251a6b59779e0eed020e266b54fc88c,,NO,9bf4ce6d07423ab517b4705c716e3eb012349b756b7c0591cc3458eac207808d,PARTIAL_INHERITED_DEFAULTS_NOT_DUMPED,BOUND_BY_SOURCE_CODE,bbox_geometry,Inherited from the hashed TrackingConfig source; no separate sensitivity claim.,PARTIAL_NO_METHOD_SPECIFIC_SENSITIVITY,FROZEN_BY_PREDICTION_AUTHORITY,Current-main active value. The frozen prediction producer was 64d835cbf1b25ecdef3a777a50f0b46db6c93f61; inherited defaults were not preserved as a complete runtime dump.
R0_CURRENT_STANDARD_V2_20260728,bbox_geometry,mid_conf_smooth_alpha,0.55,unitless,INHERITED_DEFAULT_WITH_PROVENANCE,src/pig_behavior/tracking/config.py,52c5f54ad44b6f76a8d143d168bdc942542d5fd263903cbf630f9c58ecf1cdd0,95dd37982251a6b59779e0eed020e266b54fc88c,,NO,9bf4ce6d07423ab517b4705c716e3eb012349b756b7c0591cc3458eac207808d,PARTIAL_INHERITED_DEFAULTS_NOT_DUMPED,BOUND_BY_SOURCE_CODE,bbox_geometry|evaluator_only,Inherited from the hashed TrackingConfig source; no separate sensitivity claim.,PARTIAL_NO_METHOD_SPECIFIC_SENSITIVITY,FROZEN_BY_PREDICTION_AUTHORITY,Current-main active value. The frozen prediction producer was 64d835cbf1b25ecdef3a777a50f0b46db6c93f61; inherited defaults were not preserved as a complete runtime dump.
R0_CURRENT_STANDARD_V2_20260728,engineering_or_indirect,mode,"""realtime""",categorical/path,ORIGINAL_METHOD_SPECIFICATION,src/pig_behavior/tracking/config.py,52c5f54ad44b6f76a8d143d168bdc942542d5fd263903cbf630f9c58ecf1cdd0,95dd37982251a6b59779e0eed020e266b54fc88c,,NO,9bf4ce6d07423ab517b4705c716e3eb012349b756b7c0591cc3458eac207808d,PARTIAL_INHERITED_DEFAULTS_NOT_DUMPED,BOUND_BY_SOURCE_CODE,engineering_or_indirect,Defines the method family or locked eight-animal task.,SUFFICIENT,FROZEN_BY_PREDICTION_AUTHORITY,Current-main active value. The frozen prediction producer was 64d835cbf1b25ecdef3a777a50f0b46db6c93f61; inherited defaults were not preserved as a complete runtime dump.
R0_CURRENT_STANDARD_V2_20260728,engineering_or_indirect,motion_gate_confidence,0.45,unitless ratio,INHERITED_DEFAULT_WITH_PROVENANCE,src/pig_behavior/tracking/config.py,52c5f54ad44b6f76a8d143d168bdc942542d5fd263903cbf630f9c58ecf1cdd0,95dd37982251a6b59779e0eed020e266b54fc88c,,NO,9bf4ce6d07423ab517b4705c716e3eb012349b756b7c0591cc3458eac207808d,PARTIAL_INHERITED_DEFAULTS_NOT_DUMPED,BOUND_BY_SOURCE_CODE,engineering_or_indirect,Inherited from the hashed TrackingConfig source; no separate sensitivity claim.,PARTIAL_NO_METHOD_SPECIFIC_SENSITIVITY,FROZEN_BY_PREDICTION_AUTHORITY,Current-main active value. The frozen prediction producer was 64d835cbf1b25ecdef3a777a50f0b46db6c93f61; inherited defaults were not preserved as a complete runtime dump.
R0_CURRENT_STANDARD_V2_20260728,Hidden_state,near_wall_hidden_geometry_distance_bbox_scale,0.25,unitless,INHERITED_DEFAULT_WITH_PROVENANCE,src/pig_behavior/tracking/config.py,52c5f54ad44b6f76a8d143d168bdc942542d5fd263903cbf630f9c58ecf1cdd0,95dd37982251a6b59779e0eed020e266b54fc88c,,NO,9bf4ce6d07423ab517b4705c716e3eb012349b756b7c0591cc3458eac207808d,PARTIAL_INHERITED_DEFAULTS_NOT_DUMPED,BOUND_BY_SOURCE_CODE,Hidden_state|bbox_geometry,Inherited from the hashed TrackingConfig source; no separate sensitivity claim.,PARTIAL_NO_METHOD_SPECIFIC_SENSITIVITY,FROZEN_BY_PREDICTION_AUTHORITY,Current-main active value. The frozen prediction producer was 64d835cbf1b25ecdef3a777a50f0b46db6c93f61; inherited defaults were not preserved as a complete runtime dump.
R0_CURRENT_STANDARD_V2_20260728,Hidden_state,near_wall_hidden_geometry_max_center_shift,0.04,unitless,INHERITED_DEFAULT_WITH_PROVENANCE,src/pig_behavior/tracking/config.py,52c5f54ad44b6f76a8d143d168bdc942542d5fd263903cbf630f9c58ecf1cdd0,95dd37982251a6b59779e0eed020e266b54fc88c,,NO,9bf4ce6d07423ab517b4705c716e3eb012349b756b7c0591cc3458eac207808d,PARTIAL_INHERITED_DEFAULTS_NOT_DUMPED,BOUND_BY_SOURCE_CODE,Hidden_state|bbox_geometry,Inherited from the hashed TrackingConfig source; no separate sensitivity claim.,PARTIAL_NO_METHOD_SPECIFIC_SENSITIVITY,FROZEN_BY_PREDICTION_AUTHORITY,Current-main active value. The frozen prediction producer was 64d835cbf1b25ecdef3a777a50f0b46db6c93f61; inherited defaults were not preserved as a complete runtime dump.
R0_CURRENT_STANDARD_V2_20260728,Hidden_state,near_wall_hidden_geometry_max_gap_frames,30,frames,INHERITED_DEFAULT_WITH_PROVENANCE,src/pig_behavior/tracking/config.py,52c5f54ad44b6f76a8d143d168bdc942542d5fd263903cbf630f9c58ecf1cdd0,95dd37982251a6b59779e0eed020e266b54fc88c,,NO,9bf4ce6d07423ab517b4705c716e3eb012349b756b7c0591cc3458eac207808d,PARTIAL_INHERITED_DEFAULTS_NOT_DUMPED,BOUND_BY_SOURCE_CODE,Hidden_state|bbox_geometry|runtime,Inherited from the hashed TrackingConfig source; no separate sensitivity claim.,PARTIAL_NO_METHOD_SPECIFIC_SENSITIVITY,FROZEN_BY_PREDICTION_AUTHORITY,Current-main active value. The frozen prediction producer was 64d835cbf1b25ecdef3a777a50f0b46db6c93f61; inherited defaults were not preserved as a complete runtime dump.
R0_CURRENT_STANDARD_V2_20260728,Hidden_state,near_wall_hidden_geometry_min_width_excess,0.08,unitless,INHERITED_DEFAULT_WITH_PROVENANCE,src/pig_behavior/tracking/config.py,52c5f54ad44b6f76a8d143d168bdc942542d5fd263903cbf630f9c58ecf1cdd0,95dd37982251a6b59779e0eed020e266b54fc88c,,NO,9bf4ce6d07423ab517b4705c716e3eb012349b756b7c0591cc3458eac207808d,PARTIAL_INHERITED_DEFAULTS_NOT_DUMPED,BOUND_BY_SOURCE_CODE,Hidden_state|bbox_geometry,Inherited from the hashed TrackingConfig source; no separate sensitivity claim.,PARTIAL_NO_METHOD_SPECIFIC_SENSITIVITY,FROZEN_BY_PREDICTION_AUTHORITY,Current-main active value. The frozen prediction producer was 64d835cbf1b25ecdef3a777a50f0b46db6c93f61; inherited defaults were not preserved as a complete runtime dump.
R0_CURRENT_STANDARD_V2_20260728,Hidden_state,near_wall_hidden_geometry_original_weight,0.5,unitless,INHERITED_DEFAULT_WITH_PROVENANCE,src/pig_behavior/tracking/config.py,52c5f54ad44b6f76a8d143d168bdc942542d5fd263903cbf630f9c58ecf1cdd0,95dd37982251a6b59779e0eed020e266b54fc88c,,NO,9bf4ce6d07423ab517b4705c716e3eb012349b756b7c0591cc3458eac207808d,PARTIAL_INHERITED_DEFAULTS_NOT_DUMPED,BOUND_BY_SOURCE_CODE,Hidden_state|bbox_geometry,Inherited from the hashed TrackingConfig source; no separate sensitivity claim.,PARTIAL_NO_METHOD_SPECIFIC_SENSITIVITY,FROZEN_BY_PREDICTION_AUTHORITY,Current-main active value. The frozen prediction producer was 64d835cbf1b25ecdef3a777a50f0b46db6c93f61; inherited defaults were not preserved as a complete runtime dump.
R0_CURRENT_STANDARD_V2_20260728,Hidden_state,near_wall_hidden_geometry_refine,false,boolean,INHERITED_DEFAULT_WITH_PROVENANCE,src/pig_behavior/tracking/config.py,52c5f54ad44b6f76a8d143d168bdc942542d5fd263903cbf630f9c58ecf1cdd0,95dd37982251a6b59779e0eed020e266b54fc88c,,NO,9bf4ce6d07423ab517b4705c716e3eb012349b756b7c0591cc3458eac207808d,PARTIAL_INHERITED_DEFAULTS_NOT_DUMPED,BOUND_BY_SOURCE_CODE,Hidden_state|bbox_geometry,Inherited from the hashed TrackingConfig source; no separate sensitivity claim.,PARTIAL_NO_METHOD_SPECIFIC_SENSITIVITY,FROZEN_BY_PREDICTION_AUTHORITY,Current-main active value. The frozen prediction producer was 64d835cbf1b25ecdef3a777a50f0b46db6c93f61; inherited defaults were not preserved as a complete runtime dump.
R0_CURRENT_STANDARD_V2_20260728,detection,nms_iou,0.5,unitless ratio,INHERITED_DEFAULT_WITH_PROVENANCE,src/pig_behavior/tracking/config.py,52c5f54ad44b6f76a8d143d168bdc942542d5fd263903cbf630f9c58ecf1cdd0,95dd37982251a6b59779e0eed020e266b54fc88c,,NO,9bf4ce6d07423ab517b4705c716e3eb012349b756b7c0591cc3458eac207808d,PARTIAL_INHERITED_DEFAULTS_NOT_DUMPED,BOUND_BY_SOURCE_CODE,detection|association,Inherited from the hashed TrackingConfig source; no separate sensitivity claim.,PARTIAL_NO_METHOD_SPECIFIC_SENSITIVITY,FROZEN_BY_PREDICTION_AUTHORITY,Current-main active value. The frozen prediction producer was 64d835cbf1b25ecdef3a777a50f0b46db6c93f61; inherited defaults were not preserved as a complete runtime dump.
R0_CURRENT_STANDARD_V2_20260728,association,occlusion_appearance_margin,0.08,unitless,INHERITED_DEFAULT_WITH_PROVENANCE,src/pig_behavior/tracking/config.py,52c5f54ad44b6f76a8d143d168bdc942542d5fd263903cbf630f9c58ecf1cdd0,95dd37982251a6b59779e0eed020e266b54fc88c,,NO,9bf4ce6d07423ab517b4705c716e3eb012349b756b7c0591cc3458eac207808d,PARTIAL_INHERITED_DEFAULTS_NOT_DUMPED,BOUND_BY_SOURCE_CODE,association|Hidden_state,Inherited from the hashed TrackingConfig source; no separate sensitivity claim.,PARTIAL_NO_METHOD_SPECIFIC_SENSITIVITY,FROZEN_BY_PREDICTION_AUTHORITY,Current-main active value. The frozen prediction producer was 64d835cbf1b25ecdef3a777a50f0b46db6c93f61; inherited defaults were not preserved as a complete runtime dump.
R0_CURRENT_STANDARD_V2_20260728,association,occlusion_appearance_penalty,0.3,unitless,INHERITED_DEFAULT_WITH_PROVENANCE,src/pig_behavior/tracking/config.py,52c5f54ad44b6f76a8d143d168bdc942542d5fd263903cbf630f9c58ecf1cdd0,95dd37982251a6b59779e0eed020e266b54fc88c,,NO,9bf4ce6d07423ab517b4705c716e3eb012349b756b7c0591cc3458eac207808d,PARTIAL_INHERITED_DEFAULTS_NOT_DUMPED,BOUND_BY_SOURCE_CODE,association|Hidden_state,Inherited from the hashed TrackingConfig source; no separate sensitivity claim.,PARTIAL_NO_METHOD_SPECIFIC_SENSITIVITY,FROZEN_BY_PREDICTION_AUTHORITY,Current-main active value. The frozen prediction producer was 64d835cbf1b25ecdef3a777a50f0b46db6c93f61; inherited defaults were not preserved as a complete runtime dump.
R0_CURRENT_STANDARD_V2_20260728,association,occlusion_aware_matching,false,boolean,PREDECLARED_DEVELOPMENT_SELECTION,src/pig_behavior/tracking/profiles/realtime.py,c7f63149f4577a8b5285f9387b46c75cd0fbbcabcc4c585ec89f319a06b8a496,95dd37982251a6b59779e0eed020e266b54fc88c,false,YES,9bf4ce6d07423ab517b4705c716e3eb012349b756b7c0591cc3458eac207808d,YES_PROFILE_OVERRIDE_ONLY,BOUND_BY_EFFECTIVE_CONFIG,association|Hidden_state,Profile override frozen by a development authority before its authority run.,SUFFICIENT_WITH_DEVELOPMENT_SCOPE_LIMITATION,FROZEN_BY_PREDICTION_AUTHORITY,Current-main active value. The frozen prediction producer was 64d835cbf1b25ecdef3a777a50f0b46db6c93f61; inherited defaults were not preserved as a complete runtime dump.
R0_CURRENT_STANDARD_V2_20260728,Hidden_state,occlusion_competitor_margin,0.12,unitless,INHERITED_DEFAULT_WITH_PROVENANCE,src/pig_behavior/tracking/config.py,52c5f54ad44b6f76a8d143d168bdc942542d5fd263903cbf630f9c58ecf1cdd0,95dd37982251a6b59779e0eed020e266b54fc88c,,NO,9bf4ce6d07423ab517b4705c716e3eb012349b756b7c0591cc3458eac207808d,PARTIAL_INHERITED_DEFAULTS_NOT_DUMPED,BOUND_BY_SOURCE_CODE,Hidden_state,Inherited from the hashed TrackingConfig source; no separate sensitivity claim.,PARTIAL_NO_METHOD_SPECIFIC_SENSITIVITY,FROZEN_BY_PREDICTION_AUTHORITY,Current-main active value. The frozen prediction producer was 64d835cbf1b25ecdef3a777a50f0b46db6c93f61; inherited defaults were not preserved as a complete runtime dump.
R0_CURRENT_STANDARD_V2_20260728,detection,occlusion_detection_iom_threshold,0.3,unitless,INHERITED_DEFAULT_WITH_PROVENANCE,src/pig_behavior/tracking/config.py,52c5f54ad44b6f76a8d143d168bdc942542d5fd263903cbf630f9c58ecf1cdd0,95dd37982251a6b59779e0eed020e266b54fc88c,,NO,9bf4ce6d07423ab517b4705c716e3eb012349b756b7c0591cc3458eac207808d,PARTIAL_INHERITED_DEFAULTS_NOT_DUMPED,BOUND_BY_SOURCE_CODE,detection|Hidden_state,Inherited from the hashed TrackingConfig source; no separate sensitivity claim.,PARTIAL_NO_METHOD_SPECIFIC_SENSITIVITY,FROZEN_BY_PREDICTION_AUTHORITY,Current-main active value. The frozen prediction producer was 64d835cbf1b25ecdef3a777a50f0b46db6c93f61; inherited defaults were not preserved as a complete runtime dump.
R0_CURRENT_STANDARD_V2_20260728,Hidden_state,occlusion_hold_hidden_frames,2,frames,INHERITED_DEFAULT_WITH_PROVENANCE,src/pig_behavior/tracking/config.py,52c5f54ad44b6f76a8d143d168bdc942542d5fd263903cbf630f9c58ecf1cdd0,95dd37982251a6b59779e0eed020e266b54fc88c,,NO,9bf4ce6d07423ab517b4705c716e3eb012349b756b7c0591cc3458eac207808d,PARTIAL_INHERITED_DEFAULTS_NOT_DUMPED,BOUND_BY_SOURCE_CODE,Hidden_state|runtime,Inherited from the hashed TrackingConfig source; no separate sensitivity claim.,PARTIAL_NO_METHOD_SPECIFIC_SENSITIVITY,FROZEN_BY_PREDICTION_AUTHORITY,Current-main active value. The frozen prediction producer was 64d835cbf1b25ecdef3a777a50f0b46db6c93f61; inherited defaults were not preserved as a complete runtime dump.
R0_CURRENT_STANDARD_V2_20260728,Hidden_state,occlusion_hold_max_frames,30,frames,HARDWARE_OR_RUNTIME_CONSTRAINT,src/pig_behavior/tracking/config.py,52c5f54ad44b6f76a8d143d168bdc942542d5fd263903cbf630f9c58ecf1cdd0,95dd37982251a6b59779e0eed020e266b54fc88c,,NO,9bf4ce6d07423ab517b4705c716e3eb012349b756b7c0591cc3458eac207808d,PARTIAL_INHERITED_DEFAULTS_NOT_DUMPED,BOUND_BY_SOURCE_CODE,Hidden_state|runtime,Execution/safety constraint rather than a quality claim.,SUFFICIENT,FROZEN_BY_PREDICTION_AUTHORITY,Current-main active value. The frozen prediction producer was 64d835cbf1b25ecdef3a777a50f0b46db6c93f61; inherited defaults were not preserved as a complete runtime dump.
R0_CURRENT_STANDARD_V2_20260728,association,occlusion_reid_bad_match_action,"""hold""",categorical/path,INHERITED_DEFAULT_WITH_PROVENANCE,src/pig_behavior/tracking/config.py,52c5f54ad44b6f76a8d143d168bdc942542d5fd263903cbf630f9c58ecf1cdd0,95dd37982251a6b59779e0eed020e266b54fc88c,,NO,9bf4ce6d07423ab517b4705c716e3eb012349b756b7c0591cc3458eac207808d,PARTIAL_INHERITED_DEFAULTS_NOT_DUMPED,BOUND_BY_SOURCE_CODE,association|Hidden_state,Inherited from the hashed TrackingConfig source; no separate sensitivity claim.,PARTIAL_NO_METHOD_SPECIFIC_SENSITIVITY,FROZEN_BY_PREDICTION_AUTHORITY,Current-main active value. The frozen prediction producer was 64d835cbf1b25ecdef3a777a50f0b46db6c93f61; inherited defaults were not preserved as a complete runtime dump.
R0_CURRENT_STANDARD_V2_20260728,association,occlusion_reid_bad_match_include_recent_visible,false,boolean,INHERITED_DEFAULT_WITH_PROVENANCE,src/pig_behavior/tracking/config.py,52c5f54ad44b6f76a8d143d168bdc942542d5fd263903cbf630f9c58ecf1cdd0,95dd37982251a6b59779e0eed020e266b54fc88c,,NO,9bf4ce6d07423ab517b4705c716e3eb012349b756b7c0591cc3458eac207808d,PARTIAL_INHERITED_DEFAULTS_NOT_DUMPED,BOUND_BY_SOURCE_CODE,association|Hidden_state,Inherited from the hashed TrackingConfig source; no separate sensitivity claim.,PARTIAL_NO_METHOD_SPECIFIC_SENSITIVITY,FROZEN_BY_PREDICTION_AUTHORITY,Current-main active value. The frozen prediction producer was 64d835cbf1b25ecdef3a777a50f0b46db6c93f61; inherited defaults were not preserved as a complete runtime dump.
R0_CURRENT_STANDARD_V2_20260728,association,occlusion_reid_bad_match_max_cost,1.0,unitless,INHERITED_DEFAULT_WITH_PROVENANCE,src/pig_behavior/tracking/config.py,52c5f54ad44b6f76a8d143d168bdc942542d5fd263903cbf630f9c58ecf1cdd0,95dd37982251a6b59779e0eed020e266b54fc88c,,NO,9bf4ce6d07423ab517b4705c716e3eb012349b756b7c0591cc3458eac207808d,PARTIAL_INHERITED_DEFAULTS_NOT_DUMPED,BOUND_BY_SOURCE_CODE,association|Hidden_state,Inherited from the hashed TrackingConfig source; no separate sensitivity claim.,PARTIAL_NO_METHOD_SPECIFIC_SENSITIVITY,FROZEN_BY_PREDICTION_AUTHORITY,Current-main active value. The frozen prediction producer was 64d835cbf1b25ecdef3a777a50f0b46db6c93f61; inherited defaults were not preserved as a complete runtime dump.
R0_CURRENT_STANDARD_V2_20260728,association,occlusion_reid_bad_match_max_missed,3,frames,INHERITED_DEFAULT_WITH_PROVENANCE,src/pig_behavior/tracking/config.py,52c5f54ad44b6f76a8d143d168bdc942542d5fd263903cbf630f9c58ecf1cdd0,95dd37982251a6b59779e0eed020e266b54fc88c,,NO,9bf4ce6d07423ab517b4705c716e3eb012349b756b7c0591cc3458eac207808d,PARTIAL_INHERITED_DEFAULTS_NOT_DUMPED,BOUND_BY_SOURCE_CODE,association|lifecycle|Hidden_state,Inherited from the hashed TrackingConfig source; no separate sensitivity claim.,PARTIAL_NO_METHOD_SPECIFIC_SENSITIVITY,FROZEN_BY_PREDICTION_AUTHORITY,Current-main active value. The frozen prediction producer was 64d835cbf1b25ecdef3a777a50f0b46db6c93f61; inherited defaults were not preserved as a complete runtime dump.
R0_CURRENT_STANDARD_V2_20260728,association,occlusion_reid_bad_match_min_cost,0.6,unitless,INHERITED_DEFAULT_WITH_PROVENANCE,src/pig_behavior/tracking/config.py,52c5f54ad44b6f76a8d143d168bdc942542d5fd263903cbf630f9c58ecf1cdd0,95dd37982251a6b59779e0eed020e266b54fc88c,,NO,9bf4ce6d07423ab517b4705c716e3eb012349b756b7c0591cc3458eac207808d,PARTIAL_INHERITED_DEFAULTS_NOT_DUMPED,BOUND_BY_SOURCE_CODE,association|Hidden_state,Inherited from the hashed TrackingConfig source; no separate sensitivity claim.,PARTIAL_NO_METHOD_SPECIFIC_SENSITIVITY,FROZEN_BY_PREDICTION_AUTHORITY,Current-main active value. The frozen prediction producer was 64d835cbf1b25ecdef3a777a50f0b46db6c93f61; inherited defaults were not preserved as a complete runtime dump.
R0_CURRENT_STANDARD_V2_20260728,association,occlusion_reid_bad_match_min_missed,0,frames,INHERITED_DEFAULT_WITH_PROVENANCE,src/pig_behavior/tracking/config.py,52c5f54ad44b6f76a8d143d168bdc942542d5fd263903cbf630f9c58ecf1cdd0,95dd37982251a6b59779e0eed020e266b54fc88c,,NO,9bf4ce6d07423ab517b4705c716e3eb012349b756b7c0591cc3458eac207808d,PARTIAL_INHERITED_DEFAULTS_NOT_DUMPED,BOUND_BY_SOURCE_CODE,association|lifecycle|Hidden_state,Inherited from the hashed TrackingConfig source; no separate sensitivity claim.,PARTIAL_NO_METHOD_SPECIFIC_SENSITIVITY,FROZEN_BY_PREDICTION_AUTHORITY,Current-main active value. The frozen prediction producer was 64d835cbf1b25ecdef3a777a50f0b46db6c93f61; inherited defaults were not preserved as a complete runtime dump.
R0_CURRENT_STANDARD_V2_20260728,association,occlusion_reid_bad_match_occlusion_hold_only,false,boolean,INHERITED_DEFAULT_WITH_PROVENANCE,src/pig_behavior/tracking/config.py,52c5f54ad44b6f76a8d143d168bdc942542d5fd263903cbf630f9c58ecf1cdd0,95dd37982251a6b59779e0eed020e266b54fc88c,,NO,9bf4ce6d07423ab517b4705c716e3eb012349b756b7c0591cc3458eac207808d,PARTIAL_INHERITED_DEFAULTS_NOT_DUMPED,BOUND_BY_SOURCE_CODE,association|Hidden_state,Inherited from the hashed TrackingConfig source; no separate sensitivity claim.,PARTIAL_NO_METHOD_SPECIFIC_SENSITIVITY,FROZEN_BY_PREDICTION_AUTHORITY,Current-main active value. The frozen prediction producer was 64d835cbf1b25ecdef3a777a50f0b46db6c93f61; inherited defaults were not preserved as a complete runtime dump.
R0_CURRENT_STANDARD_V2_20260728,association,occlusion_reid_bad_match_once_per_episode,false,boolean,INHERITED_DEFAULT_WITH_PROVENANCE,src/pig_behavior/tracking/config.py,52c5f54ad44b6f76a8d143d168bdc942542d5fd263903cbf630f9c58ecf1cdd0,95dd37982251a6b59779e0eed020e266b54fc88c,,NO,9bf4ce6d07423ab517b4705c716e3eb012349b756b7c0591cc3458eac207808d,PARTIAL_INHERITED_DEFAULTS_NOT_DUMPED,BOUND_BY_SOURCE_CODE,association|Hidden_state,Inherited from the hashed TrackingConfig source; no separate sensitivity claim.,PARTIAL_NO_METHOD_SPECIFIC_SENSITIVITY,FROZEN_BY_PREDICTION_AUTHORITY,Current-main active value. The frozen prediction producer was 64d835cbf1b25ecdef3a777a50f0b46db6c93f61; inherited defaults were not preserved as a complete runtime dump.
R0_CURRENT_STANDARD_V2_20260728,association,occlusion_reid_bad_match_raw_mismatch_only,false,boolean,INHERITED_DEFAULT_WITH_PROVENANCE,src/pig_behavior/tracking/config.py,52c5f54ad44b6f76a8d143d168bdc942542d5fd263903cbf630f9c58ecf1cdd0,95dd37982251a6b59779e0eed020e266b54fc88c,,NO,9bf4ce6d07423ab517b4705c716e3eb012349b756b7c0591cc3458eac207808d,PARTIAL_INHERITED_DEFAULTS_NOT_DUMPED,BOUND_BY_SOURCE_CODE,association|Hidden_state,Inherited from the hashed TrackingConfig source; no separate sensitivity claim.,PARTIAL_NO_METHOD_SPECIFIC_SENSITIVITY,FROZEN_BY_PREDICTION_AUTHORITY,Current-main active value. The frozen prediction producer was 64d835cbf1b25ecdef3a777a50f0b46db6c93f61; inherited defaults were not preserved as a complete runtime dump.
R0_CURRENT_STANDARD_V2_20260728,association,occlusion_reid_bad_match_same_raw_only,true,boolean,INHERITED_DEFAULT_WITH_PROVENANCE,src/pig_behavior/tracking/config.py,52c5f54ad44b6f76a8d143d168bdc942542d5fd263903cbf630f9c58ecf1cdd0,95dd37982251a6b59779e0eed020e266b54fc88c,,NO,9bf4ce6d07423ab517b4705c716e3eb012349b756b7c0591cc3458eac207808d,PARTIAL_INHERITED_DEFAULTS_NOT_DUMPED,BOUND_BY_SOURCE_CODE,association|Hidden_state,Inherited from the hashed TrackingConfig source; no separate sensitivity claim.,PARTIAL_NO_METHOD_SPECIFIC_SENSITIVITY,FROZEN_BY_PREDICTION_AUTHORITY,Current-main active value. The frozen prediction producer was 64d835cbf1b25ecdef3a777a50f0b46db6c93f61; inherited defaults were not preserved as a complete runtime dump.
R0_CURRENT_STANDARD_V2_20260728,association,occlusion_reid_bad_match_unowned_raw_only,false,boolean,INHERITED_DEFAULT_WITH_PROVENANCE,src/pig_behavior/tracking/config.py,52c5f54ad44b6f76a8d143d168bdc942542d5fd263903cbf630f9c58ecf1cdd0,95dd37982251a6b59779e0eed020e266b54fc88c,,NO,9bf4ce6d07423ab517b4705c716e3eb012349b756b7c0591cc3458eac207808d,PARTIAL_INHERITED_DEFAULTS_NOT_DUMPED,BOUND_BY_SOURCE_CODE,association|Hidden_state,Inherited from the hashed TrackingConfig source; no separate sensitivity claim.,PARTIAL_NO_METHOD_SPECIFIC_SENSITIVITY,FROZEN_BY_PREDICTION_AUTHORITY,Current-main active value. The frozen prediction producer was 64d835cbf1b25ecdef3a777a50f0b46db6c93f61; inherited defaults were not preserved as a complete runtime dump.
R0_CURRENT_STANDARD_V2_20260728,association,occlusion_reid_bad_match_visible_min_cost,0.7,unitless,INHERITED_DEFAULT_WITH_PROVENANCE,src/pig_behavior/tracking/config.py,52c5f54ad44b6f76a8d143d168bdc942542d5fd263903cbf630f9c58ecf1cdd0,95dd37982251a6b59779e0eed020e266b54fc88c,,NO,9bf4ce6d07423ab517b4705c716e3eb012349b756b7c0591cc3458eac207808d,PARTIAL_INHERITED_DEFAULTS_NOT_DUMPED,BOUND_BY_SOURCE_CODE,association|Hidden_state,Inherited from the hashed TrackingConfig source; no separate sensitivity claim.,PARTIAL_NO_METHOD_SPECIFIC_SENSITIVITY,FROZEN_BY_PREDICTION_AUTHORITY,Current-main active value. The frozen prediction producer was 64d835cbf1b25ecdef3a777a50f0b46db6c93f61; inherited defaults were not preserved as a complete runtime dump.
R0_CURRENT_STANDARD_V2_20260728,association,occlusion_reid_prefer_gap_over_bad_match,false,boolean,INHERITED_DEFAULT_WITH_PROVENANCE,src/pig_behavior/tracking/config.py,52c5f54ad44b6f76a8d143d168bdc942542d5fd263903cbf630f9c58ecf1cdd0,95dd37982251a6b59779e0eed020e266b54fc88c,,NO,9bf4ce6d07423ab517b4705c716e3eb012349b756b7c0591cc3458eac207808d,PARTIAL_INHERITED_DEFAULTS_NOT_DUMPED,BOUND_BY_SOURCE_CODE,association|Hidden_state,Inherited from the hashed TrackingConfig source; no separate sensitivity claim.,PARTIAL_NO_METHOD_SPECIFIC_SENSITIVITY,FROZEN_BY_PREDICTION_AUTHORITY,Current-main active value. The frozen prediction producer was 64d835cbf1b25ecdef3a777a50f0b46db6c93f61; inherited defaults were not preserved as a complete runtime dump.
R0_CURRENT_STANDARD_V2_20260728,Hidden_state,occlusion_stationary_lock,true,boolean,INHERITED_DEFAULT_WITH_PROVENANCE,src/pig_behavior/tracking/config.py,52c5f54ad44b6f76a8d143d168bdc942542d5fd263903cbf630f9c58ecf1cdd0,95dd37982251a6b59779e0eed020e266b54fc88c,,NO,9bf4ce6d07423ab517b4705c716e3eb012349b756b7c0591cc3458eac207808d,PARTIAL_INHERITED_DEFAULTS_NOT_DUMPED,BOUND_BY_SOURCE_CODE,Hidden_state,Inherited from the hashed TrackingConfig source; no separate sensitivity claim.,PARTIAL_NO_METHOD_SPECIFIC_SENSITIVITY,FROZEN_BY_PREDICTION_AUTHORITY,Current-main active value. The frozen prediction producer was 64d835cbf1b25ecdef3a777a50f0b46db6c93f61; inherited defaults were not preserved as a complete runtime dump.
R0_CURRENT_STANDARD_V2_20260728,Hidden_state,occlusion_stationary_max_center_jump,0.045,unitless,INHERITED_DEFAULT_WITH_PROVENANCE,src/pig_behavior/tracking/config.py,52c5f54ad44b6f76a8d143d168bdc942542d5fd263903cbf630f9c58ecf1cdd0,95dd37982251a6b59779e0eed020e266b54fc88c,,NO,9bf4ce6d07423ab517b4705c716e3eb012349b756b7c0591cc3458eac207808d,PARTIAL_INHERITED_DEFAULTS_NOT_DUMPED,BOUND_BY_SOURCE_CODE,Hidden_state,Inherited from the hashed TrackingConfig source; no separate sensitivity claim.,PARTIAL_NO_METHOD_SPECIFIC_SENSITIVITY,FROZEN_BY_PREDICTION_AUTHORITY,Current-main active value. The frozen prediction producer was 64d835cbf1b25ecdef3a777a50f0b46db6c93f61; inherited defaults were not preserved as a complete runtime dump.
R0_CURRENT_STANDARD_V2_20260728,Hidden_state,occlusion_stationary_speed,0.006,unitless,INHERITED_DEFAULT_WITH_PROVENANCE,src/pig_behavior/tracking/config.py,52c5f54ad44b6f76a8d143d168bdc942542d5fd263903cbf630f9c58ecf1cdd0,95dd37982251a6b59779e0eed020e266b54fc88c,,NO,9bf4ce6d07423ab517b4705c716e3eb012349b756b7c0591cc3458eac207808d,PARTIAL_INHERITED_DEFAULTS_NOT_DUMPED,BOUND_BY_SOURCE_CODE,Hidden_state,Inherited from the hashed TrackingConfig source; no separate sensitivity claim.,PARTIAL_NO_METHOD_SPECIFIC_SENSITIVITY,FROZEN_BY_PREDICTION_AUTHORITY,Current-main active value. The frozen prediction producer was 64d835cbf1b25ecdef3a777a50f0b46db6c93f61; inherited defaults were not preserved as a complete runtime dump.
R0_CURRENT_STANDARD_V2_20260728,Hidden_state,occlusion_switch_penalty,0.45,unitless,INHERITED_DEFAULT_WITH_PROVENANCE,src/pig_behavior/tracking/config.py,52c5f54ad44b6f76a8d143d168bdc942542d5fd263903cbf630f9c58ecf1cdd0,95dd37982251a6b59779e0eed020e266b54fc88c,,NO,9bf4ce6d07423ab517b4705c716e3eb012349b756b7c0591cc3458eac207808d,PARTIAL_INHERITED_DEFAULTS_NOT_DUMPED,BOUND_BY_SOURCE_CODE,Hidden_state,Inherited from the hashed TrackingConfig source; no separate sensitivity claim.,PARTIAL_NO_METHOD_SPECIFIC_SENSITIVITY,FROZEN_BY_PREDICTION_AUTHORITY,Current-main active value. The frozen prediction producer was 64d835cbf1b25ecdef3a777a50f0b46db6c93f61; inherited defaults were not preserved as a complete runtime dump.
R0_CURRENT_STANDARD_V2_20260728,Hidden_state,occlusion_track_iom_threshold,0.3,unitless,INHERITED_DEFAULT_WITH_PROVENANCE,src/pig_behavior/tracking/config.py,52c5f54ad44b6f76a8d143d168bdc942542d5fd263903cbf630f9c58ecf1cdd0,95dd37982251a6b59779e0eed020e266b54fc88c,,NO,9bf4ce6d07423ab517b4705c716e3eb012349b756b7c0591cc3458eac207808d,PARTIAL_INHERITED_DEFAULTS_NOT_DUMPED,BOUND_BY_SOURCE_CODE,Hidden_state,Inherited from the hashed TrackingConfig source; no separate sensitivity claim.,PARTIAL_NO_METHOD_SPECIFIC_SENSITIVITY,FROZEN_BY_PREDICTION_AUTHORITY,Current-main active value. The frozen prediction producer was 64d835cbf1b25ecdef3a777a50f0b46db6c93f61; inherited defaults were not preserved as a complete runtime dump.
R0_CURRENT_STANDARD_V2_20260728,engineering_or_indirect,output_dir,"""C:\\Users\\ironh\\Downloads\\PIG_Behavior_Project\\.codex_tmp\\worktrees\\tracking_scientific_grounding_authority\\outputs\\pred""",categorical/path,INHERITED_DEFAULT_WITH_PROVENANCE,src/pig_behavior/tracking/config.py,52c5f54ad44b6f76a8d143d168bdc942542d5fd263903cbf630f9c58ecf1cdd0,95dd37982251a6b59779e0eed020e266b54fc88c,,NO,9bf4ce6d07423ab517b4705c716e3eb012349b756b7c0591cc3458eac207808d,PARTIAL_INHERITED_DEFAULTS_NOT_DUMPED,BOUND_BY_SOURCE_CODE,engineering_or_indirect,Inherited from the hashed TrackingConfig source; no separate sensitivity claim.,PARTIAL_NO_METHOD_SPECIFIC_SENSITIVITY,FROZEN_BY_PREDICTION_AUTHORITY,Current-main active value. The frozen prediction producer was 64d835cbf1b25ecdef3a777a50f0b46db6c93f61; inherited defaults were not preserved as a complete runtime dump.
R0_CURRENT_STANDARD_V2_20260728,engineering_or_indirect,output_fps,30.0,unitless,INHERITED_DEFAULT_WITH_PROVENANCE,src/pig_behavior/tracking/config.py,52c5f54ad44b6f76a8d143d168bdc942542d5fd263903cbf630f9c58ecf1cdd0,95dd37982251a6b59779e0eed020e266b54fc88c,,NO,9bf4ce6d07423ab517b4705c716e3eb012349b756b7c0591cc3458eac207808d,PARTIAL_INHERITED_DEFAULTS_NOT_DUMPED,BOUND_BY_SOURCE_CODE,engineering_or_indirect,Inherited from the hashed TrackingConfig source; no separate sensitivity claim.,PARTIAL_NO_METHOD_SPECIFIC_SENSITIVITY,FROZEN_BY_PREDICTION_AUTHORITY,Current-main active value. The frozen prediction producer was 64d835cbf1b25ecdef3a777a50f0b46db6c93f61; inherited defaults were not preserved as a complete runtime dump.
R0_CURRENT_STANDARD_V2_20260728,runtime,output_video,null,not applicable,INHERITED_DEFAULT_WITH_PROVENANCE,src/pig_behavior/tracking/config.py,52c5f54ad44b6f76a8d143d168bdc942542d5fd263903cbf630f9c58ecf1cdd0,95dd37982251a6b59779e0eed020e266b54fc88c,,NO,9bf4ce6d07423ab517b4705c716e3eb012349b756b7c0591cc3458eac207808d,PARTIAL_INHERITED_DEFAULTS_NOT_DUMPED,BOUND_BY_SOURCE_CODE,runtime,Inherited from the hashed TrackingConfig source; no separate sensitivity claim.,PARTIAL_NO_METHOD_SPECIFIC_SENSITIVITY,FROZEN_BY_PREDICTION_AUTHORITY,Current-main active value. The frozen prediction producer was 64d835cbf1b25ecdef3a777a50f0b46db6c93f61; inherited defaults were not preserved as a complete runtime dump.
R0_CURRENT_STANDARD_V2_20260728,bbox_geometry,overlap_small_box_max_area_ratio,0.65,unitless,INHERITED_DEFAULT_WITH_PROVENANCE,src/pig_behavior/tracking/config.py,52c5f54ad44b6f76a8d143d168bdc942542d5fd263903cbf630f9c58ecf1cdd0,95dd37982251a6b59779e0eed020e266b54fc88c,,NO,9bf4ce6d07423ab517b4705c716e3eb012349b756b7c0591cc3458eac207808d,PARTIAL_INHERITED_DEFAULTS_NOT_DUMPED,BOUND_BY_SOURCE_CODE,bbox_geometry,Inherited from the hashed TrackingConfig source; no separate sensitivity claim.,PARTIAL_NO_METHOD_SPECIFIC_SENSITIVITY,FROZEN_BY_PREDICTION_AUTHORITY,Current-main active value. The frozen prediction producer was 64d835cbf1b25ecdef3a777a50f0b46db6c93f61; inherited defaults were not preserved as a complete runtime dump.
R0_CURRENT_STANDARD_V2_20260728,bbox_geometry,overlap_small_box_max_score,0.75,unitless,INHERITED_DEFAULT_WITH_PROVENANCE,src/pig_behavior/tracking/config.py,52c5f54ad44b6f76a8d143d168bdc942542d5fd263903cbf630f9c58ecf1cdd0,95dd37982251a6b59779e0eed020e266b54fc88c,,NO,9bf4ce6d07423ab517b4705c716e3eb012349b756b7c0591cc3458eac207808d,PARTIAL_INHERITED_DEFAULTS_NOT_DUMPED,BOUND_BY_SOURCE_CODE,bbox_geometry,Inherited from the hashed TrackingConfig source; no separate sensitivity claim.,PARTIAL_NO_METHOD_SPECIFIC_SENSITIVITY,FROZEN_BY_PREDICTION_AUTHORITY,Current-main active value. The frozen prediction producer was 64d835cbf1b25ecdef3a777a50f0b46db6c93f61; inherited defaults were not preserved as a complete runtime dump.
R0_CURRENT_STANDARD_V2_20260728,association,overlap_small_box_min_iou,0.4,unitless ratio,INHERITED_DEFAULT_WITH_PROVENANCE,src/pig_behavior/tracking/config.py,52c5f54ad44b6f76a8d143d168bdc942542d5fd263903cbf630f9c58ecf1cdd0,95dd37982251a6b59779e0eed020e266b54fc88c,,NO,9bf4ce6d07423ab517b4705c716e3eb012349b756b7c0591cc3458eac207808d,PARTIAL_INHERITED_DEFAULTS_NOT_DUMPED,BOUND_BY_SOURCE_CODE,association|bbox_geometry,Inherited from the hashed TrackingConfig source; no separate sensitivity claim.,PARTIAL_NO_METHOD_SPECIFIC_SENSITIVITY,FROZEN_BY_PREDICTION_AUTHORITY,Current-main active value. The frozen prediction producer was 64d835cbf1b25ecdef3a777a50f0b46db6c93f61; inherited defaults were not preserved as a complete runtime dump.
R0_CURRENT_STANDARD_V2_20260728,bbox_geometry,overlap_small_box_suppression,false,boolean,INHERITED_DEFAULT_WITH_PROVENANCE,src/pig_behavior/tracking/config.py,52c5f54ad44b6f76a8d143d168bdc942542d5fd263903cbf630f9c58ecf1cdd0,95dd37982251a6b59779e0eed020e266b54fc88c,,NO,9bf4ce6d07423ab517b4705c716e3eb012349b756b7c0591cc3458eac207808d,PARTIAL_INHERITED_DEFAULTS_NOT_DUMPED,BOUND_BY_SOURCE_CODE,bbox_geometry,Inherited from the hashed TrackingConfig source; no separate sensitivity claim.,PARTIAL_NO_METHOD_SPECIFIC_SENSITIVITY,FROZEN_BY_PREDICTION_AUTHORITY,Current-main active value. The frozen prediction producer was 64d835cbf1b25ecdef3a777a50f0b46db6c93f61; inherited defaults were not preserved as a complete runtime dump.
R0_CURRENT_STANDARD_V2_20260728,engineering_or_indirect,overrides,"""set()""",categorical/path,INHERITED_DEFAULT_WITH_PROVENANCE,src/pig_behavior/tracking/config.py,52c5f54ad44b6f76a8d143d168bdc942542d5fd263903cbf630f9c58ecf1cdd0,95dd37982251a6b59779e0eed020e266b54fc88c,,NO,9bf4ce6d07423ab517b4705c716e3eb012349b756b7c0591cc3458eac207808d,PARTIAL_INHERITED_DEFAULTS_NOT_DUMPED,BOUND_BY_SOURCE_CODE,engineering_or_indirect,Inherited from the hashed TrackingConfig source; no separate sensitivity claim.,PARTIAL_NO_METHOD_SPECIFIC_SENSITIVITY,FROZEN_BY_PREDICTION_AUTHORITY,Current-main active value. The frozen prediction producer was 64d835cbf1b25ecdef3a777a50f0b46db6c93f61; inherited defaults were not preserved as a complete runtime dump.
R0_CURRENT_STANDARD_V2_20260728,engineering_or_indirect,quality_report_csv,null,not applicable,INHERITED_DEFAULT_WITH_PROVENANCE,src/pig_behavior/tracking/config.py,52c5f54ad44b6f76a8d143d168bdc942542d5fd263903cbf630f9c58ecf1cdd0,95dd37982251a6b59779e0eed020e266b54fc88c,,NO,9bf4ce6d07423ab517b4705c716e3eb012349b756b7c0591cc3458eac207808d,PARTIAL_INHERITED_DEFAULTS_NOT_DUMPED,BOUND_BY_SOURCE_CODE,engineering_or_indirect,Inherited from the hashed TrackingConfig source; no separate sensitivity claim.,PARTIAL_NO_METHOD_SPECIFIC_SENSITIVITY,FROZEN_BY_PREDICTION_AUTHORITY,Current-main active value. The frozen prediction producer was 64d835cbf1b25ecdef3a777a50f0b46db6c93f61; inherited defaults were not preserved as a complete runtime dump.
R0_CURRENT_STANDARD_V2_20260728,engineering_or_indirect,quality_report_json,null,not applicable,INHERITED_DEFAULT_WITH_PROVENANCE,src/pig_behavior/tracking/config.py,52c5f54ad44b6f76a8d143d168bdc942542d5fd263903cbf630f9c58ecf1cdd0,95dd37982251a6b59779e0eed020e266b54fc88c,,NO,9bf4ce6d07423ab517b4705c716e3eb012349b756b7c0591cc3458eac207808d,PARTIAL_INHERITED_DEFAULTS_NOT_DUMPED,BOUND_BY_SOURCE_CODE,engineering_or_indirect,Inherited from the hashed TrackingConfig source; no separate sensitivity claim.,PARTIAL_NO_METHOD_SPECIFIC_SENSITIVITY,FROZEN_BY_PREDICTION_AUTHORITY,Current-main active value. The frozen prediction producer was 64d835cbf1b25ecdef3a777a50f0b46db6c93f61; inherited defaults were not preserved as a complete runtime dump.
R0_CURRENT_STANDARD_V2_20260728,association,realtime_core_pairwise_max_total_cost_increase,0.05,unitless,PREDECLARED_DEVELOPMENT_SELECTION,src/pig_behavior/tracking/profiles/realtime.py,c7f63149f4577a8b5285f9387b46c75cd0fbbcabcc4c585ec89f319a06b8a496,95dd37982251a6b59779e0eed020e266b54fc88c,0.05,YES,9bf4ce6d07423ab517b4705c716e3eb012349b756b7c0591cc3458eac207808d,YES_PROFILE_OVERRIDE_ONLY,BOUND_BY_EFFECTIVE_CONFIG,association,Profile override frozen by a development authority before its authority run.,SUFFICIENT_WITH_DEVELOPMENT_SCOPE_LIMITATION,FROZEN_BY_PREDICTION_AUTHORITY,Current-main active value. The frozen prediction producer was 64d835cbf1b25ecdef3a777a50f0b46db6c93f61; inherited defaults were not preserved as a complete runtime dump.
R0_CURRENT_STANDARD_V2_20260728,detection,realtime_core_pairwise_min_detection_iou,0.3,unitless ratio,PREDECLARED_DEVELOPMENT_SELECTION,src/pig_behavior/tracking/profiles/realtime.py,c7f63149f4577a8b5285f9387b46c75cd0fbbcabcc4c585ec89f319a06b8a496,95dd37982251a6b59779e0eed020e266b54fc88c,0.3,YES,9bf4ce6d07423ab517b4705c716e3eb012349b756b7c0591cc3458eac207808d,YES_PROFILE_OVERRIDE_ONLY,BOUND_BY_EFFECTIVE_CONFIG,detection|association,Profile override frozen by a development authority before its authority run.,SUFFICIENT_WITH_DEVELOPMENT_SCOPE_LIMITATION,FROZEN_BY_PREDICTION_AUTHORITY,Current-main active value. The frozen prediction producer was 64d835cbf1b25ecdef3a777a50f0b46db6c93f61; inherited defaults were not preserved as a complete runtime dump.
R0_CURRENT_STANDARD_V2_20260728,association,realtime_core_pairwise_min_total_appearance_gain,0.1,unitless,PREDECLARED_DEVELOPMENT_SELECTION,src/pig_behavior/tracking/profiles/realtime.py,c7f63149f4577a8b5285f9387b46c75cd0fbbcabcc4c585ec89f319a06b8a496,95dd37982251a6b59779e0eed020e266b54fc88c,0.1,YES,9bf4ce6d07423ab517b4705c716e3eb012349b756b7c0591cc3458eac207808d,YES_PROFILE_OVERRIDE_ONLY,BOUND_BY_EFFECTIVE_CONFIG,association,Profile override frozen by a development authority before its authority run.,SUFFICIENT_WITH_DEVELOPMENT_SCOPE_LIMITATION,FROZEN_BY_PREDICTION_AUTHORITY,Current-main active value. The frozen prediction producer was 64d835cbf1b25ecdef3a777a50f0b46db6c93f61; inherited defaults were not preserved as a complete runtime dump.
R0_CURRENT_STANDARD_V2_20260728,engineering_or_indirect,realtime_core_pairwise_tiebreak,true,boolean,PREDECLARED_DEVELOPMENT_SELECTION,src/pig_behavior/tracking/profiles/realtime.py,c7f63149f4577a8b5285f9387b46c75cd0fbbcabcc4c585ec89f319a06b8a496,95dd37982251a6b59779e0eed020e266b54fc88c,true,YES,9bf4ce6d07423ab517b4705c716e3eb012349b756b7c0591cc3458eac207808d,YES_PROFILE_OVERRIDE_ONLY,BOUND_BY_EFFECTIVE_CONFIG,engineering_or_indirect,Profile override frozen by a development authority before its authority run.,SUFFICIENT_WITH_DEVELOPMENT_SCOPE_LIMITATION,FROZEN_BY_PREDICTION_AUTHORITY,Current-main active value. The frozen prediction producer was 64d835cbf1b25ecdef3a777a50f0b46db6c93f61; inherited defaults were not preserved as a complete runtime dump.
R0_CURRENT_STANDARD_V2_20260728,association,realtime_core_unassigned_max_cost_delta,0.01,unitless,PREDECLARED_DEVELOPMENT_SELECTION,src/pig_behavior/tracking/profiles/realtime.py,c7f63149f4577a8b5285f9387b46c75cd0fbbcabcc4c585ec89f319a06b8a496,95dd37982251a6b59779e0eed020e266b54fc88c,0.01,YES,9bf4ce6d07423ab517b4705c716e3eb012349b756b7c0591cc3458eac207808d,YES_PROFILE_OVERRIDE_ONLY,BOUND_BY_EFFECTIVE_CONFIG,association,Profile override frozen by a development authority before its authority run.,SUFFICIENT_WITH_DEVELOPMENT_SCOPE_LIMITATION,FROZEN_BY_PREDICTION_AUTHORITY,Current-main active value. The frozen prediction producer was 64d835cbf1b25ecdef3a777a50f0b46db6c93f61; inherited defaults were not preserved as a complete runtime dump.
R0_CURRENT_STANDARD_V2_20260728,association,realtime_core_unassigned_max_selected_cost,0.4,unitless,PREDECLARED_DEVELOPMENT_SELECTION,src/pig_behavior/tracking/profiles/realtime.py,c7f63149f4577a8b5285f9387b46c75cd0fbbcabcc4c585ec89f319a06b8a496,95dd37982251a6b59779e0eed020e266b54fc88c,0.4,YES,9bf4ce6d07423ab517b4705c716e3eb012349b756b7c0591cc3458eac207808d,YES_PROFILE_OVERRIDE_ONLY,BOUND_BY_EFFECTIVE_CONFIG,association,Profile override frozen by a development authority before its authority run.,SUFFICIENT_WITH_DEVELOPMENT_SCOPE_LIMITATION,FROZEN_BY_PREDICTION_AUTHORITY,Current-main active value. The frozen prediction producer was 64d835cbf1b25ecdef3a777a50f0b46db6c93f61; inherited defaults were not preserved as a complete runtime dump.
R0_CURRENT_STANDARD_V2_20260728,association,realtime_core_unassigned_min_appearance_gain,0.01,unitless,PREDECLARED_DEVELOPMENT_SELECTION,src/pig_behavior/tracking/profiles/realtime.py,c7f63149f4577a8b5285f9387b46c75cd0fbbcabcc4c585ec89f319a06b8a496,95dd37982251a6b59779e0eed020e266b54fc88c,0.01,YES,9bf4ce6d07423ab517b4705c716e3eb012349b756b7c0591cc3458eac207808d,YES_PROFILE_OVERRIDE_ONLY,BOUND_BY_EFFECTIVE_CONFIG,association,Profile override frozen by a development authority before its authority run.,SUFFICIENT_WITH_DEVELOPMENT_SCOPE_LIMITATION,FROZEN_BY_PREDICTION_AUTHORITY,Current-main active value. The frozen prediction producer was 64d835cbf1b25ecdef3a777a50f0b46db6c93f61; inherited defaults were not preserved as a complete runtime dump.
R0_CURRENT_STANDARD_V2_20260728,detection,realtime_core_unassigned_min_detection_iou,0.3,unitless ratio,PREDECLARED_DEVELOPMENT_SELECTION,src/pig_behavior/tracking/profiles/realtime.py,c7f63149f4577a8b5285f9387b46c75cd0fbbcabcc4c585ec89f319a06b8a496,95dd37982251a6b59779e0eed020e266b54fc88c,0.3,YES,9bf4ce6d07423ab517b4705c716e3eb012349b756b7c0591cc3458eac207808d,YES_PROFILE_OVERRIDE_ONLY,BOUND_BY_EFFECTIVE_CONFIG,detection|association,Profile override frozen by a development authority before its authority run.,SUFFICIENT_WITH_DEVELOPMENT_SCOPE_LIMITATION,FROZEN_BY_PREDICTION_AUTHORITY,Current-main active value. The frozen prediction producer was 64d835cbf1b25ecdef3a777a50f0b46db6c93f61; inherited defaults were not preserved as a complete runtime dump.
R0_CURRENT_STANDARD_V2_20260728,engineering_or_indirect,realtime_core_unassigned_require_score_nondecrease,true,boolean,PREDECLARED_DEVELOPMENT_SELECTION,src/pig_behavior/tracking/profiles/realtime.py,c7f63149f4577a8b5285f9387b46c75cd0fbbcabcc4c585ec89f319a06b8a496,95dd37982251a6b59779e0eed020e266b54fc88c,true,YES,9bf4ce6d07423ab517b4705c716e3eb012349b756b7c0591cc3458eac207808d,YES_PROFILE_OVERRIDE_ONLY,BOUND_BY_EFFECTIVE_CONFIG,engineering_or_indirect,Profile override frozen by a development authority before its authority run.,SUFFICIENT_WITH_DEVELOPMENT_SCOPE_LIMITATION,FROZEN_BY_PREDICTION_AUTHORITY,Current-main active value. The frozen prediction producer was 64d835cbf1b25ecdef3a777a50f0b46db6c93f61; inherited defaults were not preserved as a complete runtime dump.
R0_CURRENT_STANDARD_V2_20260728,engineering_or_indirect,realtime_core_unassigned_tiebreak,true,boolean,PREDECLARED_DEVELOPMENT_SELECTION,src/pig_behavior/tracking/profiles/realtime.py,c7f63149f4577a8b5285f9387b46c75cd0fbbcabcc4c585ec89f319a06b8a496,95dd37982251a6b59779e0eed020e266b54fc88c,true,YES,9bf4ce6d07423ab517b4705c716e3eb012349b756b7c0591cc3458eac207808d,YES_PROFILE_OVERRIDE_ONLY,BOUND_BY_EFFECTIVE_CONFIG,engineering_or_indirect,Profile override frozen by a development authority before its authority run.,SUFFICIENT_WITH_DEVELOPMENT_SCOPE_LIMITATION,FROZEN_BY_PREDICTION_AUTHORITY,Current-main active value. The frozen prediction producer was 64d835cbf1b25ecdef3a777a50f0b46db6c93f61; inherited defaults were not preserved as a complete runtime dump.
R0_CURRENT_STANDARD_V2_20260728,engineering_or_indirect,realtime_lk_point_batching,true,boolean,PREDECLARED_DEVELOPMENT_SELECTION,src/pig_behavior/tracking/profiles/realtime.py,c7f63149f4577a8b5285f9387b46c75cd0fbbcabcc4c585ec89f319a06b8a496,95dd37982251a6b59779e0eed020e266b54fc88c,true,YES,9bf4ce6d07423ab517b4705c716e3eb012349b756b7c0591cc3458eac207808d,YES_PROFILE_OVERRIDE_ONLY,BOUND_BY_EFFECTIVE_CONFIG,engineering_or_indirect,Profile override frozen by a development authority before its authority run.,SUFFICIENT_WITH_DEVELOPMENT_SCOPE_LIMITATION,FROZEN_BY_PREDICTION_AUTHORITY,Current-main active value. The frozen prediction producer was 64d835cbf1b25ecdef3a777a50f0b46db6c93f61; inherited defaults were not preserved as a complete runtime dump.
R0_CURRENT_STANDARD_V2_20260728,engineering_or_indirect,realtime_low_conf_recovery_guard,false,boolean,INHERITED_DEFAULT_WITH_PROVENANCE,src/pig_behavior/tracking/config.py,52c5f54ad44b6f76a8d143d168bdc942542d5fd263903cbf630f9c58ecf1cdd0,95dd37982251a6b59779e0eed020e266b54fc88c,,NO,9bf4ce6d07423ab517b4705c716e3eb012349b756b7c0591cc3458eac207808d,PARTIAL_INHERITED_DEFAULTS_NOT_DUMPED,BOUND_BY_SOURCE_CODE,engineering_or_indirect,Inherited from the hashed TrackingConfig source; no separate sensitivity claim.,PARTIAL_NO_METHOD_SPECIFIC_SENSITIVITY,FROZEN_BY_PREDICTION_AUTHORITY,Current-main active value. The frozen prediction producer was 64d835cbf1b25ecdef3a777a50f0b46db6c93f61; inherited defaults were not preserved as a complete runtime dump.
R0_CURRENT_STANDARD_V2_20260728,lifecycle,realtime_low_conf_recovery_max_missed,20,frames,INHERITED_DEFAULT_WITH_PROVENANCE,src/pig_behavior/tracking/config.py,52c5f54ad44b6f76a8d143d168bdc942542d5fd263903cbf630f9c58ecf1cdd0,95dd37982251a6b59779e0eed020e266b54fc88c,,NO,9bf4ce6d07423ab517b4705c716e3eb012349b756b7c0591cc3458eac207808d,PARTIAL_INHERITED_DEFAULTS_NOT_DUMPED,BOUND_BY_SOURCE_CODE,lifecycle,Inherited from the hashed TrackingConfig source; no separate sensitivity claim.,PARTIAL_NO_METHOD_SPECIFIC_SENSITIVITY,FROZEN_BY_PREDICTION_AUTHORITY,Current-main active value. The frozen prediction producer was 64d835cbf1b25ecdef3a777a50f0b46db6c93f61; inherited defaults were not preserved as a complete runtime dump.
R0_CURRENT_STANDARD_V2_20260728,lifecycle,realtime_low_conf_recovery_min_missed,3,frames,INHERITED_DEFAULT_WITH_PROVENANCE,src/pig_behavior/tracking/config.py,52c5f54ad44b6f76a8d143d168bdc942542d5fd263903cbf630f9c58ecf1cdd0,95dd37982251a6b59779e0eed020e266b54fc88c,,NO,9bf4ce6d07423ab517b4705c716e3eb012349b756b7c0591cc3458eac207808d,PARTIAL_INHERITED_DEFAULTS_NOT_DUMPED,BOUND_BY_SOURCE_CODE,lifecycle,Inherited from the hashed TrackingConfig source; no separate sensitivity claim.,PARTIAL_NO_METHOD_SPECIFIC_SENSITIVITY,FROZEN_BY_PREDICTION_AUTHORITY,Current-main active value. The frozen prediction producer was 64d835cbf1b25ecdef3a777a50f0b46db6c93f61; inherited defaults were not preserved as a complete runtime dump.
R0_CURRENT_STANDARD_V2_20260728,engineering_or_indirect,realtime_low_conf_recovery_min_score,0.5,unitless,INHERITED_DEFAULT_WITH_PROVENANCE,src/pig_behavior/tracking/config.py,52c5f54ad44b6f76a8d143d168bdc942542d5fd263903cbf630f9c58ecf1cdd0,95dd37982251a6b59779e0eed020e266b54fc88c,,NO,9bf4ce6d07423ab517b4705c716e3eb012349b756b7c0591cc3458eac207808d,PARTIAL_INHERITED_DEFAULTS_NOT_DUMPED,BOUND_BY_SOURCE_CODE,engineering_or_indirect,Inherited from the hashed TrackingConfig source; no separate sensitivity claim.,PARTIAL_NO_METHOD_SPECIFIC_SENSITIVITY,FROZEN_BY_PREDICTION_AUTHORITY,Current-main active value. The frozen prediction producer was 64d835cbf1b25ecdef3a777a50f0b46db6c93f61; inherited defaults were not preserved as a complete runtime dump.
R0_CURRENT_STANDARD_V2_20260728,engineering_or_indirect,realtime_motion_pair_dense_fallback_max_edges,3,count,INHERITED_DEFAULT_WITH_PROVENANCE,src/pig_behavior/tracking/config.py,52c5f54ad44b6f76a8d143d168bdc942542d5fd263903cbf630f9c58ecf1cdd0,95dd37982251a6b59779e0eed020e266b54fc88c,,NO,9bf4ce6d07423ab517b4705c716e3eb012349b756b7c0591cc3458eac207808d,PARTIAL_INHERITED_DEFAULTS_NOT_DUMPED,BOUND_BY_SOURCE_CODE,engineering_or_indirect,Inherited from the hashed TrackingConfig source; no separate sensitivity claim.,PARTIAL_NO_METHOD_SPECIFIC_SENSITIVITY,FROZEN_BY_PREDICTION_AUTHORITY,Current-main active value. The frozen prediction producer was 64d835cbf1b25ecdef3a777a50f0b46db6c93f61; inherited defaults were not preserved as a complete runtime dump.
R0_CURRENT_STANDARD_V2_20260728,engineering_or_indirect,realtime_motion_pair_dense_fallback_max_support_ratio,0.35,unitless,INHERITED_DEFAULT_WITH_PROVENANCE,src/pig_behavior/tracking/config.py,52c5f54ad44b6f76a8d143d168bdc942542d5fd263903cbf630f9c58ecf1cdd0,95dd37982251a6b59779e0eed020e266b54fc88c,,NO,9bf4ce6d07423ab517b4705c716e3eb012349b756b7c0591cc3458eac207808d,PARTIAL_INHERITED_DEFAULTS_NOT_DUMPED,BOUND_BY_SOURCE_CODE,engineering_or_indirect,Inherited from the hashed TrackingConfig source; no separate sensitivity claim.,PARTIAL_NO_METHOD_SPECIFIC_SENSITIVITY,FROZEN_BY_PREDICTION_AUTHORITY,Current-main active value. The frozen prediction producer was 64d835cbf1b25ecdef3a777a50f0b46db6c93f61; inherited defaults were not preserved as a complete runtime dump.
R0_CURRENT_STANDARD_V2_20260728,engineering_or_indirect,realtime_motion_pair_dense_fallback_min_edge_gain,0.0,unitless,INHERITED_DEFAULT_WITH_PROVENANCE,src/pig_behavior/tracking/config.py,52c5f54ad44b6f76a8d143d168bdc942542d5fd263903cbf630f9c58ecf1cdd0,95dd37982251a6b59779e0eed020e266b54fc88c,,NO,9bf4ce6d07423ab517b4705c716e3eb012349b756b7c0591cc3458eac207808d,PARTIAL_INHERITED_DEFAULTS_NOT_DUMPED,BOUND_BY_SOURCE_CODE,engineering_or_indirect,Inherited from the hashed TrackingConfig source; no separate sensitivity claim.,PARTIAL_NO_METHOD_SPECIFIC_SENSITIVITY,FROZEN_BY_PREDICTION_AUTHORITY,Current-main active value. The frozen prediction producer was 64d835cbf1b25ecdef3a777a50f0b46db6c93f61; inherited defaults were not preserved as a complete runtime dump.
R0_CURRENT_STANDARD_V2_20260728,engineering_or_indirect,realtime_motion_pair_dense_fallback_min_median_gain,0.0,unitless,INHERITED_DEFAULT_WITH_PROVENANCE,src/pig_behavior/tracking/config.py,52c5f54ad44b6f76a8d143d168bdc942542d5fd263903cbf630f9c58ecf1cdd0,95dd37982251a6b59779e0eed020e266b54fc88c,,NO,9bf4ce6d07423ab517b4705c716e3eb012349b756b7c0591cc3458eac207808d,PARTIAL_INHERITED_DEFAULTS_NOT_DUMPED,BOUND_BY_SOURCE_CODE,engineering_or_indirect,Inherited from the hashed TrackingConfig source; no separate sensitivity claim.,PARTIAL_NO_METHOD_SPECIFIC_SENSITIVITY,FROZEN_BY_PREDICTION_AUTHORITY,Current-main active value. The frozen prediction producer was 64d835cbf1b25ecdef3a777a50f0b46db6c93f61; inherited defaults were not preserved as a complete runtime dump.
R0_CURRENT_STANDARD_V2_20260728,runtime,realtime_motion_pair_fixed_lag_frames,0,frames,INHERITED_DEFAULT_WITH_PROVENANCE,src/pig_behavior/tracking/config.py,52c5f54ad44b6f76a8d143d168bdc942542d5fd263903cbf630f9c58ecf1cdd0,95dd37982251a6b59779e0eed020e266b54fc88c,,NO,9bf4ce6d07423ab517b4705c716e3eb012349b756b7c0591cc3458eac207808d,PARTIAL_INHERITED_DEFAULTS_NOT_DUMPED,BOUND_BY_SOURCE_CODE,runtime,Inherited from the hashed TrackingConfig source; no separate sensitivity claim.,PARTIAL_NO_METHOD_SPECIFIC_SENSITIVITY,FROZEN_BY_PREDICTION_AUTHORITY,Current-main active value. The frozen prediction producer was 64d835cbf1b25ecdef3a777a50f0b46db6c93f61; inherited defaults were not preserved as a complete runtime dump.
R0_CURRENT_STANDARD_V2_20260728,engineering_or_indirect,realtime_motion_pair_max_component_edges,3,count,INHERITED_DEFAULT_WITH_PROVENANCE,src/pig_behavior/tracking/config.py,52c5f54ad44b6f76a8d143d168bdc942542d5fd263903cbf630f9c58ecf1cdd0,95dd37982251a6b59779e0eed020e266b54fc88c,,NO,9bf4ce6d07423ab517b4705c716e3eb012349b756b7c0591cc3458eac207808d,PARTIAL_INHERITED_DEFAULTS_NOT_DUMPED,BOUND_BY_SOURCE_CODE,engineering_or_indirect,Inherited from the hashed TrackingConfig source; no separate sensitivity claim.,PARTIAL_NO_METHOD_SPECIFIC_SENSITIVITY,FROZEN_BY_PREDICTION_AUTHORITY,Current-main active value. The frozen prediction producer was 64d835cbf1b25ecdef3a777a50f0b46db6c93f61; inherited defaults were not preserved as a complete runtime dump.
R0_CURRENT_STANDARD_V2_20260728,engineering_or_indirect,realtime_motion_pair_max_component_size,4,count,INHERITED_DEFAULT_WITH_PROVENANCE,src/pig_behavior/tracking/config.py,52c5f54ad44b6f76a8d143d168bdc942542d5fd263903cbf630f9c58ecf1cdd0,95dd37982251a6b59779e0eed020e266b54fc88c,,NO,9bf4ce6d07423ab517b4705c716e3eb012349b756b7c0591cc3458eac207808d,PARTIAL_INHERITED_DEFAULTS_NOT_DUMPED,BOUND_BY_SOURCE_CODE,engineering_or_indirect,Inherited from the hashed TrackingConfig source; no separate sensitivity claim.,PARTIAL_NO_METHOD_SPECIFIC_SENSITIVITY,FROZEN_BY_PREDICTION_AUTHORITY,Current-main active value. The frozen prediction producer was 64d835cbf1b25ecdef3a777a50f0b46db6c93f61; inherited defaults were not preserved as a complete runtime dump.
R0_CURRENT_STANDARD_V2_20260728,engineering_or_indirect,realtime_motion_pair_max_jump,0.1,unitless,INHERITED_DEFAULT_WITH_PROVENANCE,src/pig_behavior/tracking/config.py,52c5f54ad44b6f76a8d143d168bdc942542d5fd263903cbf630f9c58ecf1cdd0,95dd37982251a6b59779e0eed020e266b54fc88c,,NO,9bf4ce6d07423ab517b4705c716e3eb012349b756b7c0591cc3458eac207808d,PARTIAL_INHERITED_DEFAULTS_NOT_DUMPED,BOUND_BY_SOURCE_CODE,engineering_or_indirect,Inherited from the hashed TrackingConfig source; no separate sensitivity claim.,PARTIAL_NO_METHOD_SPECIFIC_SENSITIVITY,FROZEN_BY_PREDICTION_AUTHORITY,Current-main active value. The frozen prediction producer was 64d835cbf1b25ecdef3a777a50f0b46db6c93f61; inherited defaults were not preserved as a complete runtime dump.
R0_CURRENT_STANDARD_V2_20260728,runtime,realtime_motion_pair_memory_frames,30,frames,INHERITED_DEFAULT_WITH_PROVENANCE,src/pig_behavior/tracking/config.py,52c5f54ad44b6f76a8d143d168bdc942542d5fd263903cbf630f9c58ecf1cdd0,95dd37982251a6b59779e0eed020e266b54fc88c,,NO,9bf4ce6d07423ab517b4705c716e3eb012349b756b7c0591cc3458eac207808d,PARTIAL_INHERITED_DEFAULTS_NOT_DUMPED,BOUND_BY_SOURCE_CODE,runtime,Inherited from the hashed TrackingConfig source; no separate sensitivity claim.,PARTIAL_NO_METHOD_SPECIFIC_SENSITIVITY,FROZEN_BY_PREDICTION_AUTHORITY,Current-main active value. The frozen prediction producer was 64d835cbf1b25ecdef3a777a50f0b46db6c93f61; inherited defaults were not preserved as a complete runtime dump.
R0_CURRENT_STANDARD_V2_20260728,engineering_or_indirect,realtime_motion_pair_min_gain,0.01,unitless,INHERITED_DEFAULT_WITH_PROVENANCE,src/pig_behavior/tracking/config.py,52c5f54ad44b6f76a8d143d168bdc942542d5fd263903cbf630f9c58ecf1cdd0,95dd37982251a6b59779e0eed020e266b54fc88c,,NO,9bf4ce6d07423ab517b4705c716e3eb012349b756b7c0591cc3458eac207808d,PARTIAL_INHERITED_DEFAULTS_NOT_DUMPED,BOUND_BY_SOURCE_CODE,engineering_or_indirect,Inherited from the hashed TrackingConfig source; no separate sensitivity claim.,PARTIAL_NO_METHOD_SPECIFIC_SENSITIVITY,FROZEN_BY_PREDICTION_AUTHORITY,Current-main active value. The frozen prediction producer was 64d835cbf1b25ecdef3a777a50f0b46db6c93f61; inherited defaults were not preserved as a complete runtime dump.
R0_CURRENT_STANDARD_V2_20260728,engineering_or_indirect,realtime_motion_pair_simple_max_component_size,2,count,INHERITED_DEFAULT_WITH_PROVENANCE,src/pig_behavior/tracking/config.py,52c5f54ad44b6f76a8d143d168bdc942542d5fd263903cbf630f9c58ecf1cdd0,95dd37982251a6b59779e0eed020e266b54fc88c,,NO,9bf4ce6d07423ab517b4705c716e3eb012349b756b7c0591cc3458eac207808d,PARTIAL_INHERITED_DEFAULTS_NOT_DUMPED,BOUND_BY_SOURCE_CODE,engineering_or_indirect,Inherited from the hashed TrackingConfig source; no separate sensitivity claim.,PARTIAL_NO_METHOD_SPECIFIC_SENSITIVITY,FROZEN_BY_PREDICTION_AUTHORITY,Current-main active value. The frozen prediction producer was 64d835cbf1b25ecdef3a777a50f0b46db6c93f61; inherited defaults were not preserved as a complete runtime dump.
R0_CURRENT_STANDARD_V2_20260728,engineering_or_indirect,realtime_motion_pair_simple_min_gain,0.0,unitless,INHERITED_DEFAULT_WITH_PROVENANCE,src/pig_behavior/tracking/config.py,52c5f54ad44b6f76a8d143d168bdc942542d5fd263903cbf630f9c58ecf1cdd0,95dd37982251a6b59779e0eed020e266b54fc88c,,NO,9bf4ce6d07423ab517b4705c716e3eb012349b756b7c0591cc3458eac207808d,PARTIAL_INHERITED_DEFAULTS_NOT_DUMPED,BOUND_BY_SOURCE_CODE,engineering_or_indirect,Inherited from the hashed TrackingConfig source; no separate sensitivity claim.,PARTIAL_NO_METHOD_SPECIFIC_SENSITIVITY,FROZEN_BY_PREDICTION_AUTHORITY,Current-main active value. The frozen prediction producer was 64d835cbf1b25ecdef3a777a50f0b46db6c93f61; inherited defaults were not preserved as a complete runtime dump.
R0_CURRENT_STANDARD_V2_20260728,engineering_or_indirect,realtime_motion_pair_stabilizer,false,boolean,INHERITED_DEFAULT_WITH_PROVENANCE,src/pig_behavior/tracking/config.py,52c5f54ad44b6f76a8d143d168bdc942542d5fd263903cbf630f9c58ecf1cdd0,95dd37982251a6b59779e0eed020e266b54fc88c,,NO,9bf4ce6d07423ab517b4705c716e3eb012349b756b7c0591cc3458eac207808d,PARTIAL_INHERITED_DEFAULTS_NOT_DUMPED,BOUND_BY_SOURCE_CODE,engineering_or_indirect,Inherited from the hashed TrackingConfig source; no separate sensitivity claim.,PARTIAL_NO_METHOD_SPECIFIC_SENSITIVITY,FROZEN_BY_PREDICTION_AUTHORITY,Current-main active value. The frozen prediction producer was 64d835cbf1b25ecdef3a777a50f0b46db6c93f61; inherited defaults were not preserved as a complete runtime dump.
R0_CURRENT_STANDARD_V2_20260728,association,realtime_visible_better_competitor_min_cost,0.5,unitless,INHERITED_DEFAULT_WITH_PROVENANCE,src/pig_behavior/tracking/config.py,52c5f54ad44b6f76a8d143d168bdc942542d5fd263903cbf630f9c58ecf1cdd0,95dd37982251a6b59779e0eed020e266b54fc88c,,NO,9bf4ce6d07423ab517b4705c716e3eb012349b756b7c0591cc3458eac207808d,PARTIAL_INHERITED_DEFAULTS_NOT_DUMPED,BOUND_BY_SOURCE_CODE,association,Inherited from the hashed TrackingConfig source; no separate sensitivity claim.,PARTIAL_NO_METHOD_SPECIFIC_SENSITIVITY,FROZEN_BY_PREDICTION_AUTHORITY,Current-main active value. The frozen prediction producer was 64d835cbf1b25ecdef3a777a50f0b46db6c93f61; inherited defaults were not preserved as a complete runtime dump.
R0_CURRENT_STANDARD_V2_20260728,engineering_or_indirect,realtime_visible_better_competitor_min_gain,0.2,unitless,INHERITED_DEFAULT_WITH_PROVENANCE,src/pig_behavior/tracking/config.py,52c5f54ad44b6f76a8d143d168bdc942542d5fd263903cbf630f9c58ecf1cdd0,95dd37982251a6b59779e0eed020e266b54fc88c,,NO,9bf4ce6d07423ab517b4705c716e3eb012349b756b7c0591cc3458eac207808d,PARTIAL_INHERITED_DEFAULTS_NOT_DUMPED,BOUND_BY_SOURCE_CODE,engineering_or_indirect,Inherited from the hashed TrackingConfig source; no separate sensitivity claim.,PARTIAL_NO_METHOD_SPECIFIC_SENSITIVITY,FROZEN_BY_PREDICTION_AUTHORITY,Current-main active value. The frozen prediction producer was 64d835cbf1b25ecdef3a777a50f0b46db6c93f61; inherited defaults were not preserved as a complete runtime dump.
R0_CURRENT_STANDARD_V2_20260728,engineering_or_indirect,realtime_visible_better_competitor_prefer,true,boolean,PREDECLARED_DEVELOPMENT_SELECTION,src/pig_behavior/tracking/profiles/realtime.py,c7f63149f4577a8b5285f9387b46c75cd0fbbcabcc4c585ec89f319a06b8a496,95dd37982251a6b59779e0eed020e266b54fc88c,true,YES,9bf4ce6d07423ab517b4705c716e3eb012349b756b7c0591cc3458eac207808d,YES_PROFILE_OVERRIDE_ONLY,BOUND_BY_EFFECTIVE_CONFIG,engineering_or_indirect,Profile override frozen by a development authority before its authority run.,SUFFICIENT_WITH_DEVELOPMENT_SCOPE_LIMITATION,FROZEN_BY_PREDICTION_AUTHORITY,Current-main active value. The frozen prediction producer was 64d835cbf1b25ecdef3a777a50f0b46db6c93f61; inherited defaults were not preserved as a complete runtime dump.
R0_CURRENT_STANDARD_V2_20260728,engineering_or_indirect,realtime_visible_better_competitor_reject,false,boolean,INHERITED_DEFAULT_WITH_PROVENANCE,src/pig_behavior/tracking/config.py,52c5f54ad44b6f76a8d143d168bdc942542d5fd263903cbf630f9c58ecf1cdd0,95dd37982251a6b59779e0eed020e266b54fc88c,,NO,9bf4ce6d07423ab517b4705c716e3eb012349b756b7c0591cc3458eac207808d,PARTIAL_INHERITED_DEFAULTS_NOT_DUMPED,BOUND_BY_SOURCE_CODE,engineering_or_indirect,Inherited from the hashed TrackingConfig source; no separate sensitivity claim.,PARTIAL_NO_METHOD_SPECIFIC_SENSITIVITY,FROZEN_BY_PREDICTION_AUTHORITY,Current-main active value. The frozen prediction producer was 64d835cbf1b25ecdef3a777a50f0b46db6c93f61; inherited defaults were not preserved as a complete runtime dump.
R0_CURRENT_STANDARD_V2_20260728,engineering_or_indirect,realtime_visible_close_competitor_guard,true,boolean,PREDECLARED_DEVELOPMENT_SELECTION,src/pig_behavior/tracking/profiles/realtime.py,c7f63149f4577a8b5285f9387b46c75cd0fbbcabcc4c585ec89f319a06b8a496,95dd37982251a6b59779e0eed020e266b54fc88c,true,YES,9bf4ce6d07423ab517b4705c716e3eb012349b756b7c0591cc3458eac207808d,YES_PROFILE_OVERRIDE_ONLY,BOUND_BY_EFFECTIVE_CONFIG,engineering_or_indirect,Profile override frozen by a development authority before its authority run.,SUFFICIENT_WITH_DEVELOPMENT_SCOPE_LIMITATION,FROZEN_BY_PREDICTION_AUTHORITY,Current-main active value. The frozen prediction producer was 64d835cbf1b25ecdef3a777a50f0b46db6c93f61; inherited defaults were not preserved as a complete runtime dump.
R0_CURRENT_STANDARD_V2_20260728,engineering_or_indirect,realtime_visible_close_competitor_margin,0.08,unitless,PREDECLARED_DEVELOPMENT_SELECTION,src/pig_behavior/tracking/profiles/realtime.py,c7f63149f4577a8b5285f9387b46c75cd0fbbcabcc4c585ec89f319a06b8a496,95dd37982251a6b59779e0eed020e266b54fc88c,0.08,YES,9bf4ce6d07423ab517b4705c716e3eb012349b756b7c0591cc3458eac207808d,YES_PROFILE_OVERRIDE_ONLY,BOUND_BY_EFFECTIVE_CONFIG,engineering_or_indirect,Profile override frozen by a development authority before its authority run.,SUFFICIENT_WITH_DEVELOPMENT_SCOPE_LIMITATION,FROZEN_BY_PREDICTION_AUTHORITY,Current-main active value. The frozen prediction producer was 64d835cbf1b25ecdef3a777a50f0b46db6c93f61; inherited defaults were not preserved as a complete runtime dump.
R0_CURRENT_STANDARD_V2_20260728,association,realtime_visible_close_competitor_max_cost,0.4,unitless,PREDECLARED_DEVELOPMENT_SELECTION,src/pig_behavior/tracking/profiles/realtime.py,c7f63149f4577a8b5285f9387b46c75cd0fbbcabcc4c585ec89f319a06b8a496,95dd37982251a6b59779e0eed020e266b54fc88c,0.4,YES,9bf4ce6d07423ab517b4705c716e3eb012349b756b7c0591cc3458eac207808d,YES_PROFILE_OVERRIDE_ONLY,BOUND_BY_EFFECTIVE_CONFIG,association,Profile override frozen by a development authority before its authority run.,SUFFICIENT_WITH_DEVELOPMENT_SCOPE_LIMITATION,FROZEN_BY_PREDICTION_AUTHORITY,Current-main active value. The frozen prediction producer was 64d835cbf1b25ecdef3a777a50f0b46db6c93f61; inherited defaults were not preserved as a complete runtime dump.
R0_CURRENT_STANDARD_V2_20260728,engineering_or_indirect,realtime_visible_close_competitor_min_center_x_ratio,0.67,unitless,PREDECLARED_DEVELOPMENT_SELECTION,src/pig_behavior/tracking/profiles/realtime.py,c7f63149f4577a8b5285f9387b46c75cd0fbbcabcc4c585ec89f319a06b8a496,95dd37982251a6b59779e0eed020e266b54fc88c,0.67,YES,9bf4ce6d07423ab517b4705c716e3eb012349b756b7c0591cc3458eac207808d,YES_PROFILE_OVERRIDE_ONLY,BOUND_BY_EFFECTIVE_CONFIG,engineering_or_indirect,Profile override frozen by a development authority before its authority run.,SUFFICIENT_WITH_DEVELOPMENT_SCOPE_LIMITATION,FROZEN_BY_PREDICTION_AUTHORITY,Current-main active value. The frozen prediction producer was 64d835cbf1b25ecdef3a777a50f0b46db6c93f61; inherited defaults were not preserved as a complete runtime dump.
R0_CURRENT_STANDARD_V2_20260728,engineering_or_indirect,realtime_visible_close_competitor_min_hits,3,count,INHERITED_DEFAULT_WITH_PROVENANCE,src/pig_behavior/tracking/config.py,52c5f54ad44b6f76a8d143d168bdc942542d5fd263903cbf630f9c58ecf1cdd0,95dd37982251a6b59779e0eed020e266b54fc88c,,NO,9bf4ce6d07423ab517b4705c716e3eb012349b756b7c0591cc3458eac207808d,PARTIAL_INHERITED_DEFAULTS_NOT_DUMPED,BOUND_BY_SOURCE_CODE,engineering_or_indirect,Inherited from the hashed TrackingConfig source; no separate sensitivity claim.,PARTIAL_NO_METHOD_SPECIFIC_SENSITIVITY,FROZEN_BY_PREDICTION_AUTHORITY,Current-main active value. The frozen prediction producer was 64d835cbf1b25ecdef3a777a50f0b46db6c93f61; inherited defaults were not preserved as a complete runtime dump.
R0_CURRENT_STANDARD_V2_20260728,lifecycle,reentry_ambiguous_hold,false,boolean,INHERITED_DEFAULT_WITH_PROVENANCE,src/pig_behavior/tracking/config.py,52c5f54ad44b6f76a8d143d168bdc942542d5fd263903cbf630f9c58ecf1cdd0,95dd37982251a6b59779e0eed020e266b54fc88c,,NO,9bf4ce6d07423ab517b4705c716e3eb012349b756b7c0591cc3458eac207808d,PARTIAL_INHERITED_DEFAULTS_NOT_DUMPED,BOUND_BY_SOURCE_CODE,lifecycle,Inherited from the hashed TrackingConfig source; no separate sensitivity claim.,PARTIAL_NO_METHOD_SPECIFIC_SENSITIVITY,FROZEN_BY_PREDICTION_AUTHORITY,Current-main active value. The frozen prediction producer was 64d835cbf1b25ecdef3a777a50f0b46db6c93f61; inherited defaults were not preserved as a complete runtime dump.
R0_CURRENT_STANDARD_V2_20260728,lifecycle,reentry_ambiguous_hold_frame_windows,"""""",frames,INHERITED_DEFAULT_WITH_PROVENANCE,src/pig_behavior/tracking/config.py,52c5f54ad44b6f76a8d143d168bdc942542d5fd263903cbf630f9c58ecf1cdd0,95dd37982251a6b59779e0eed020e266b54fc88c,,NO,9bf4ce6d07423ab517b4705c716e3eb012349b756b7c0591cc3458eac207808d,PARTIAL_INHERITED_DEFAULTS_NOT_DUMPED,BOUND_BY_SOURCE_CODE,lifecycle|runtime,Inherited from the hashed TrackingConfig source; no separate sensitivity claim.,PARTIAL_NO_METHOD_SPECIFIC_SENSITIVITY,FROZEN_BY_PREDICTION_AUTHORITY,Current-main active value. The frozen prediction producer was 64d835cbf1b25ecdef3a777a50f0b46db6c93f61; inherited defaults were not preserved as a complete runtime dump.
R0_CURRENT_STANDARD_V2_20260728,association,reentry_ambiguous_hold_max_cost,1.0,unitless,INHERITED_DEFAULT_WITH_PROVENANCE,src/pig_behavior/tracking/config.py,52c5f54ad44b6f76a8d143d168bdc942542d5fd263903cbf630f9c58ecf1cdd0,95dd37982251a6b59779e0eed020e266b54fc88c,,NO,9bf4ce6d07423ab517b4705c716e3eb012349b756b7c0591cc3458eac207808d,PARTIAL_INHERITED_DEFAULTS_NOT_DUMPED,BOUND_BY_SOURCE_CODE,association|lifecycle,Inherited from the hashed TrackingConfig source; no separate sensitivity claim.,PARTIAL_NO_METHOD_SPECIFIC_SENSITIVITY,FROZEN_BY_PREDICTION_AUTHORITY,Current-main active value. The frozen prediction producer was 64d835cbf1b25ecdef3a777a50f0b46db6c93f61; inherited defaults were not preserved as a complete runtime dump.
R0_CURRENT_STANDARD_V2_20260728,lifecycle,reentry_ambiguous_hold_max_missed,0,frames,INHERITED_DEFAULT_WITH_PROVENANCE,src/pig_behavior/tracking/config.py,52c5f54ad44b6f76a8d143d168bdc942542d5fd263903cbf630f9c58ecf1cdd0,95dd37982251a6b59779e0eed020e266b54fc88c,,NO,9bf4ce6d07423ab517b4705c716e3eb012349b756b7c0591cc3458eac207808d,PARTIAL_INHERITED_DEFAULTS_NOT_DUMPED,BOUND_BY_SOURCE_CODE,lifecycle,Inherited from the hashed TrackingConfig source; no separate sensitivity claim.,PARTIAL_NO_METHOD_SPECIFIC_SENSITIVITY,FROZEN_BY_PREDICTION_AUTHORITY,Current-main active value. The frozen prediction producer was 64d835cbf1b25ecdef3a777a50f0b46db6c93f61; inherited defaults were not preserved as a complete runtime dump.
R0_CURRENT_STANDARD_V2_20260728,association,reentry_ambiguous_hold_min_cost,0.0,unitless,INHERITED_DEFAULT_WITH_PROVENANCE,src/pig_behavior/tracking/config.py,52c5f54ad44b6f76a8d143d168bdc942542d5fd263903cbf630f9c58ecf1cdd0,95dd37982251a6b59779e0eed020e266b54fc88c,,NO,9bf4ce6d07423ab517b4705c716e3eb012349b756b7c0591cc3458eac207808d,PARTIAL_INHERITED_DEFAULTS_NOT_DUMPED,BOUND_BY_SOURCE_CODE,association|lifecycle,Inherited from the hashed TrackingConfig source; no separate sensitivity claim.,PARTIAL_NO_METHOD_SPECIFIC_SENSITIVITY,FROZEN_BY_PREDICTION_AUTHORITY,Current-main active value. The frozen prediction producer was 64d835cbf1b25ecdef3a777a50f0b46db6c93f61; inherited defaults were not preserved as a complete runtime dump.
R0_CURRENT_STANDARD_V2_20260728,lifecycle,reentry_ambiguous_hold_min_hits,3,count,INHERITED_DEFAULT_WITH_PROVENANCE,src/pig_behavior/tracking/config.py,52c5f54ad44b6f76a8d143d168bdc942542d5fd263903cbf630f9c58ecf1cdd0,95dd37982251a6b59779e0eed020e266b54fc88c,,NO,9bf4ce6d07423ab517b4705c716e3eb012349b756b7c0591cc3458eac207808d,PARTIAL_INHERITED_DEFAULTS_NOT_DUMPED,BOUND_BY_SOURCE_CODE,lifecycle,Inherited from the hashed TrackingConfig source; no separate sensitivity claim.,PARTIAL_NO_METHOD_SPECIFIC_SENSITIVITY,FROZEN_BY_PREDICTION_AUTHORITY,Current-main active value. The frozen prediction producer was 64d835cbf1b25ecdef3a777a50f0b46db6c93f61; inherited defaults were not preserved as a complete runtime dump.
R0_CURRENT_STANDARD_V2_20260728,lifecycle,reentry_ambiguous_hold_min_missed,2,frames,INHERITED_DEFAULT_WITH_PROVENANCE,src/pig_behavior/tracking/config.py,52c5f54ad44b6f76a8d143d168bdc942542d5fd263903cbf630f9c58ecf1cdd0,95dd37982251a6b59779e0eed020e266b54fc88c,,NO,9bf4ce6d07423ab517b4705c716e3eb012349b756b7c0591cc3458eac207808d,PARTIAL_INHERITED_DEFAULTS_NOT_DUMPED,BOUND_BY_SOURCE_CODE,lifecycle,Inherited from the hashed TrackingConfig source; no separate sensitivity claim.,PARTIAL_NO_METHOD_SPECIFIC_SENSITIVITY,FROZEN_BY_PREDICTION_AUTHORITY,Current-main active value. The frozen prediction producer was 64d835cbf1b25ecdef3a777a50f0b46db6c93f61; inherited defaults were not preserved as a complete runtime dump.
R0_CURRENT_STANDARD_V2_20260728,lifecycle,reentry_ambiguous_hold_raw_evidence_only,false,boolean,INHERITED_DEFAULT_WITH_PROVENANCE,src/pig_behavior/tracking/config.py,52c5f54ad44b6f76a8d143d168bdc942542d5fd263903cbf630f9c58ecf1cdd0,95dd37982251a6b59779e0eed020e266b54fc88c,,NO,9bf4ce6d07423ab517b4705c716e3eb012349b756b7c0591cc3458eac207808d,PARTIAL_INHERITED_DEFAULTS_NOT_DUMPED,BOUND_BY_SOURCE_CODE,lifecycle,Inherited from the hashed TrackingConfig source; no separate sensitivity claim.,PARTIAL_NO_METHOD_SPECIFIC_SENSITIVITY,FROZEN_BY_PREDICTION_AUTHORITY,Current-main active value. The frozen prediction producer was 64d835cbf1b25ecdef3a777a50f0b46db6c93f61; inherited defaults were not preserved as a complete runtime dump.
R0_CURRENT_STANDARD_V2_20260728,lifecycle,reentry_ambiguous_hold_video_stems,"""""",categorical/path,INHERITED_DEFAULT_WITH_PROVENANCE,src/pig_behavior/tracking/config.py,52c5f54ad44b6f76a8d143d168bdc942542d5fd263903cbf630f9c58ecf1cdd0,95dd37982251a6b59779e0eed020e266b54fc88c,,NO,9bf4ce6d07423ab517b4705c716e3eb012349b756b7c0591cc3458eac207808d,PARTIAL_INHERITED_DEFAULTS_NOT_DUMPED,BOUND_BY_SOURCE_CODE,lifecycle|runtime,Inherited from the hashed TrackingConfig source; no separate sensitivity claim.,PARTIAL_NO_METHOD_SPECIFIC_SENSITIVITY,FROZEN_BY_PREDICTION_AUTHORITY,Current-main active value. The frozen prediction producer was 64d835cbf1b25ecdef3a777a50f0b46db6c93f61; inherited defaults were not preserved as a complete runtime dump.
R0_CURRENT_STANDARD_V2_20260728,association,reentry_unowned_raw_mismatch_episode_action,"""reject""",categorical/path,INHERITED_DEFAULT_WITH_PROVENANCE,src/pig_behavior/tracking/config.py,52c5f54ad44b6f76a8d143d168bdc942542d5fd263903cbf630f9c58ecf1cdd0,95dd37982251a6b59779e0eed020e266b54fc88c,,NO,9bf4ce6d07423ab517b4705c716e3eb012349b756b7c0591cc3458eac207808d,PARTIAL_INHERITED_DEFAULTS_NOT_DUMPED,BOUND_BY_SOURCE_CODE,association|lifecycle,Inherited from the hashed TrackingConfig source; no separate sensitivity claim.,PARTIAL_NO_METHOD_SPECIFIC_SENSITIVITY,FROZEN_BY_PREDICTION_AUTHORITY,Current-main active value. The frozen prediction producer was 64d835cbf1b25ecdef3a777a50f0b46db6c93f61; inherited defaults were not preserved as a complete runtime dump.
R0_CURRENT_STANDARD_V2_20260728,association,reentry_unowned_raw_mismatch_episode_max_cost,0.36,unitless,INHERITED_DEFAULT_WITH_PROVENANCE,src/pig_behavior/tracking/config.py,52c5f54ad44b6f76a8d143d168bdc942542d5fd263903cbf630f9c58ecf1cdd0,95dd37982251a6b59779e0eed020e266b54fc88c,,NO,9bf4ce6d07423ab517b4705c716e3eb012349b756b7c0591cc3458eac207808d,PARTIAL_INHERITED_DEFAULTS_NOT_DUMPED,BOUND_BY_SOURCE_CODE,association|lifecycle,Inherited from the hashed TrackingConfig source; no separate sensitivity claim.,PARTIAL_NO_METHOD_SPECIFIC_SENSITIVITY,FROZEN_BY_PREDICTION_AUTHORITY,Current-main active value. The frozen prediction producer was 64d835cbf1b25ecdef3a777a50f0b46db6c93f61; inherited defaults were not preserved as a complete runtime dump.
R0_CURRENT_STANDARD_V2_20260728,association,reentry_unowned_raw_mismatch_episode_max_events,8,count,INHERITED_DEFAULT_WITH_PROVENANCE,src/pig_behavior/tracking/config.py,52c5f54ad44b6f76a8d143d168bdc942542d5fd263903cbf630f9c58ecf1cdd0,95dd37982251a6b59779e0eed020e266b54fc88c,,NO,9bf4ce6d07423ab517b4705c716e3eb012349b756b7c0591cc3458eac207808d,PARTIAL_INHERITED_DEFAULTS_NOT_DUMPED,BOUND_BY_SOURCE_CODE,association|lifecycle,Inherited from the hashed TrackingConfig source; no separate sensitivity claim.,PARTIAL_NO_METHOD_SPECIFIC_SENSITIVITY,FROZEN_BY_PREDICTION_AUTHORITY,Current-main active value. The frozen prediction producer was 64d835cbf1b25ecdef3a777a50f0b46db6c93f61; inherited defaults were not preserved as a complete runtime dump.
R0_CURRENT_STANDARD_V2_20260728,association,reentry_unowned_raw_mismatch_episode_max_missed,20,frames,INHERITED_DEFAULT_WITH_PROVENANCE,src/pig_behavior/tracking/config.py,52c5f54ad44b6f76a8d143d168bdc942542d5fd263903cbf630f9c58ecf1cdd0,95dd37982251a6b59779e0eed020e266b54fc88c,,NO,9bf4ce6d07423ab517b4705c716e3eb012349b756b7c0591cc3458eac207808d,PARTIAL_INHERITED_DEFAULTS_NOT_DUMPED,BOUND_BY_SOURCE_CODE,association|lifecycle,Inherited from the hashed TrackingConfig source; no separate sensitivity claim.,PARTIAL_NO_METHOD_SPECIFIC_SENSITIVITY,FROZEN_BY_PREDICTION_AUTHORITY,Current-main active value. The frozen prediction producer was 64d835cbf1b25ecdef3a777a50f0b46db6c93f61; inherited defaults were not preserved as a complete runtime dump.
R0_CURRENT_STANDARD_V2_20260728,association,reentry_unowned_raw_mismatch_episode_min_cost,0.0,unitless,INHERITED_DEFAULT_WITH_PROVENANCE,src/pig_behavior/tracking/config.py,52c5f54ad44b6f76a8d143d168bdc942542d5fd263903cbf630f9c58ecf1cdd0,95dd37982251a6b59779e0eed020e266b54fc88c,,NO,9bf4ce6d07423ab517b4705c716e3eb012349b756b7c0591cc3458eac207808d,PARTIAL_INHERITED_DEFAULTS_NOT_DUMPED,BOUND_BY_SOURCE_CODE,association|lifecycle,Inherited from the hashed TrackingConfig source; no separate sensitivity claim.,PARTIAL_NO_METHOD_SPECIFIC_SENSITIVITY,FROZEN_BY_PREDICTION_AUTHORITY,Current-main active value. The frozen prediction producer was 64d835cbf1b25ecdef3a777a50f0b46db6c93f61; inherited defaults were not preserved as a complete runtime dump.
R0_CURRENT_STANDARD_V2_20260728,association,reentry_unowned_raw_mismatch_episode_min_events,3,count,INHERITED_DEFAULT_WITH_PROVENANCE,src/pig_behavior/tracking/config.py,52c5f54ad44b6f76a8d143d168bdc942542d5fd263903cbf630f9c58ecf1cdd0,95dd37982251a6b59779e0eed020e266b54fc88c,,NO,9bf4ce6d07423ab517b4705c716e3eb012349b756b7c0591cc3458eac207808d,PARTIAL_INHERITED_DEFAULTS_NOT_DUMPED,BOUND_BY_SOURCE_CODE,association|lifecycle,Inherited from the hashed TrackingConfig source; no separate sensitivity claim.,PARTIAL_NO_METHOD_SPECIFIC_SENSITIVITY,FROZEN_BY_PREDICTION_AUTHORITY,Current-main active value. The frozen prediction producer was 64d835cbf1b25ecdef3a777a50f0b46db6c93f61; inherited defaults were not preserved as a complete runtime dump.
R0_CURRENT_STANDARD_V2_20260728,association,reentry_unowned_raw_mismatch_episode_min_missed,1,frames,INHERITED_DEFAULT_WITH_PROVENANCE,src/pig_behavior/tracking/config.py,52c5f54ad44b6f76a8d143d168bdc942542d5fd263903cbf630f9c58ecf1cdd0,95dd37982251a6b59779e0eed020e266b54fc88c,,NO,9bf4ce6d07423ab517b4705c716e3eb012349b756b7c0591cc3458eac207808d,PARTIAL_INHERITED_DEFAULTS_NOT_DUMPED,BOUND_BY_SOURCE_CODE,association|lifecycle,Inherited from the hashed TrackingConfig source; no separate sensitivity claim.,PARTIAL_NO_METHOD_SPECIFIC_SENSITIVITY,FROZEN_BY_PREDICTION_AUTHORITY,Current-main active value. The frozen prediction producer was 64d835cbf1b25ecdef3a777a50f0b46db6c93f61; inherited defaults were not preserved as a complete runtime dump.
R0_CURRENT_STANDARD_V2_20260728,association,reentry_unowned_raw_mismatch_episode_phases,"""reid""",categorical/path,INHERITED_DEFAULT_WITH_PROVENANCE,src/pig_behavior/tracking/config.py,52c5f54ad44b6f76a8d143d168bdc942542d5fd263903cbf630f9c58ecf1cdd0,95dd37982251a6b59779e0eed020e266b54fc88c,,NO,9bf4ce6d07423ab517b4705c716e3eb012349b756b7c0591cc3458eac207808d,PARTIAL_INHERITED_DEFAULTS_NOT_DUMPED,BOUND_BY_SOURCE_CODE,association|lifecycle,Inherited from the hashed TrackingConfig source; no separate sensitivity claim.,PARTIAL_NO_METHOD_SPECIFIC_SENSITIVITY,FROZEN_BY_PREDICTION_AUTHORITY,Current-main active value. The frozen prediction producer was 64d835cbf1b25ecdef3a777a50f0b46db6c93f61; inherited defaults were not preserved as a complete runtime dump.
R0_CURRENT_STANDARD_V2_20260728,association,reentry_unowned_raw_mismatch_episode_reject,false,boolean,INHERITED_DEFAULT_WITH_PROVENANCE,src/pig_behavior/tracking/config.py,52c5f54ad44b6f76a8d143d168bdc942542d5fd263903cbf630f9c58ecf1cdd0,95dd37982251a6b59779e0eed020e266b54fc88c,,NO,9bf4ce6d07423ab517b4705c716e3eb012349b756b7c0591cc3458eac207808d,PARTIAL_INHERITED_DEFAULTS_NOT_DUMPED,BOUND_BY_SOURCE_CODE,association|lifecycle,Inherited from the hashed TrackingConfig source; no separate sensitivity claim.,PARTIAL_NO_METHOD_SPECIFIC_SENSITIVITY,FROZEN_BY_PREDICTION_AUTHORITY,Current-main active value. The frozen prediction producer was 64d835cbf1b25ecdef3a777a50f0b46db6c93f61; inherited defaults were not preserved as a complete runtime dump.
R0_CURRENT_STANDARD_V2_20260728,association,reentry_unowned_raw_mismatch_episode_window_frames,24,frames,INHERITED_DEFAULT_WITH_PROVENANCE,src/pig_behavior/tracking/config.py,52c5f54ad44b6f76a8d143d168bdc942542d5fd263903cbf630f9c58ecf1cdd0,95dd37982251a6b59779e0eed020e266b54fc88c,,NO,9bf4ce6d07423ab517b4705c716e3eb012349b756b7c0591cc3458eac207808d,PARTIAL_INHERITED_DEFAULTS_NOT_DUMPED,BOUND_BY_SOURCE_CODE,association|lifecycle|runtime,Inherited from the hashed TrackingConfig source; no separate sensitivity claim.,PARTIAL_NO_METHOD_SPECIFIC_SENSITIVITY,FROZEN_BY_PREDICTION_AUTHORITY,Current-main active value. The frozen prediction producer was 64d835cbf1b25ecdef3a777a50f0b46db6c93f61; inherited defaults were not preserved as a complete runtime dump.
R0_CURRENT_STANDARD_V2_20260728,association,reentry_unowned_raw_mismatch_max_cost,0.3,unitless,INHERITED_DEFAULT_WITH_PROVENANCE,src/pig_behavior/tracking/config.py,52c5f54ad44b6f76a8d143d168bdc942542d5fd263903cbf630f9c58ecf1cdd0,95dd37982251a6b59779e0eed020e266b54fc88c,,NO,9bf4ce6d07423ab517b4705c716e3eb012349b756b7c0591cc3458eac207808d,PARTIAL_INHERITED_DEFAULTS_NOT_DUMPED,BOUND_BY_SOURCE_CODE,association|lifecycle,Inherited from the hashed TrackingConfig source; no separate sensitivity claim.,PARTIAL_NO_METHOD_SPECIFIC_SENSITIVITY,FROZEN_BY_PREDICTION_AUTHORITY,Current-main active value. The frozen prediction producer was 64d835cbf1b25ecdef3a777a50f0b46db6c93f61; inherited defaults were not preserved as a complete runtime dump.
R0_CURRENT_STANDARD_V2_20260728,association,reentry_unowned_raw_mismatch_max_missed,5,frames,INHERITED_DEFAULT_WITH_PROVENANCE,src/pig_behavior/tracking/config.py,52c5f54ad44b6f76a8d143d168bdc942542d5fd263903cbf630f9c58ecf1cdd0,95dd37982251a6b59779e0eed020e266b54fc88c,,NO,9bf4ce6d07423ab517b4705c716e3eb012349b756b7c0591cc3458eac207808d,PARTIAL_INHERITED_DEFAULTS_NOT_DUMPED,BOUND_BY_SOURCE_CODE,association|lifecycle,Inherited from the hashed TrackingConfig source; no separate sensitivity claim.,PARTIAL_NO_METHOD_SPECIFIC_SENSITIVITY,FROZEN_BY_PREDICTION_AUTHORITY,Current-main active value. The frozen prediction producer was 64d835cbf1b25ecdef3a777a50f0b46db6c93f61; inherited defaults were not preserved as a complete runtime dump.
R0_CURRENT_STANDARD_V2_20260728,association,reentry_unowned_raw_mismatch_min_missed,1,frames,INHERITED_DEFAULT_WITH_PROVENANCE,src/pig_behavior/tracking/config.py,52c5f54ad44b6f76a8d143d168bdc942542d5fd263903cbf630f9c58ecf1cdd0,95dd37982251a6b59779e0eed020e266b54fc88c,,NO,9bf4ce6d07423ab517b4705c716e3eb012349b756b7c0591cc3458eac207808d,PARTIAL_INHERITED_DEFAULTS_NOT_DUMPED,BOUND_BY_SOURCE_CODE,association|lifecycle,Inherited from the hashed TrackingConfig source; no separate sensitivity claim.,PARTIAL_NO_METHOD_SPECIFIC_SENSITIVITY,FROZEN_BY_PREDICTION_AUTHORITY,Current-main active value. The frozen prediction producer was 64d835cbf1b25ecdef3a777a50f0b46db6c93f61; inherited defaults were not preserved as a complete runtime dump.
R0_CURRENT_STANDARD_V2_20260728,association,reentry_unowned_raw_mismatch_quarantine_frames,0,frames,INHERITED_DEFAULT_WITH_PROVENANCE,src/pig_behavior/tracking/config.py,52c5f54ad44b6f76a8d143d168bdc942542d5fd263903cbf630f9c58ecf1cdd0,95dd37982251a6b59779e0eed020e266b54fc88c,,NO,9bf4ce6d07423ab517b4705c716e3eb012349b756b7c0591cc3458eac207808d,PARTIAL_INHERITED_DEFAULTS_NOT_DUMPED,BOUND_BY_SOURCE_CODE,association|lifecycle|runtime,Inherited from the hashed TrackingConfig source; no separate sensitivity claim.,PARTIAL_NO_METHOD_SPECIFIC_SENSITIVITY,FROZEN_BY_PREDICTION_AUTHORITY,Current-main active value. The frozen prediction producer was 64d835cbf1b25ecdef3a777a50f0b46db6c93f61; inherited defaults were not preserved as a complete runtime dump.
R0_CURRENT_STANDARD_V2_20260728,association,reentry_unowned_raw_mismatch_quarantine_max_cost,0.35,unitless,INHERITED_DEFAULT_WITH_PROVENANCE,src/pig_behavior/tracking/config.py,52c5f54ad44b6f76a8d143d168bdc942542d5fd263903cbf630f9c58ecf1cdd0,95dd37982251a6b59779e0eed020e266b54fc88c,,NO,9bf4ce6d07423ab517b4705c716e3eb012349b756b7c0591cc3458eac207808d,PARTIAL_INHERITED_DEFAULTS_NOT_DUMPED,BOUND_BY_SOURCE_CODE,association|lifecycle,Inherited from the hashed TrackingConfig source; no separate sensitivity claim.,PARTIAL_NO_METHOD_SPECIFIC_SENSITIVITY,FROZEN_BY_PREDICTION_AUTHORITY,Current-main active value. The frozen prediction producer was 64d835cbf1b25ecdef3a777a50f0b46db6c93f61; inherited defaults were not preserved as a complete runtime dump.
R0_CURRENT_STANDARD_V2_20260728,association,reentry_unowned_raw_mismatch_quarantine_min_seed_cost,0.0,unitless,INHERITED_DEFAULT_WITH_PROVENANCE,src/pig_behavior/tracking/config.py,52c5f54ad44b6f76a8d143d168bdc942542d5fd263903cbf630f9c58ecf1cdd0,95dd37982251a6b59779e0eed020e266b54fc88c,,NO,9bf4ce6d07423ab517b4705c716e3eb012349b756b7c0591cc3458eac207808d,PARTIAL_INHERITED_DEFAULTS_NOT_DUMPED,BOUND_BY_SOURCE_CODE,association|lifecycle,Inherited from the hashed TrackingConfig source; no separate sensitivity claim.,PARTIAL_NO_METHOD_SPECIFIC_SENSITIVITY,FROZEN_BY_PREDICTION_AUTHORITY,Current-main active value. The frozen prediction producer was 64d835cbf1b25ecdef3a777a50f0b46db6c93f61; inherited defaults were not preserved as a complete runtime dump.
R0_CURRENT_STANDARD_V2_20260728,association,reentry_unowned_raw_mismatch_reject,false,boolean,INHERITED_DEFAULT_WITH_PROVENANCE,src/pig_behavior/tracking/config.py,52c5f54ad44b6f76a8d143d168bdc942542d5fd263903cbf630f9c58ecf1cdd0,95dd37982251a6b59779e0eed020e266b54fc88c,,NO,9bf4ce6d07423ab517b4705c716e3eb012349b756b7c0591cc3458eac207808d,PARTIAL_INHERITED_DEFAULTS_NOT_DUMPED,BOUND_BY_SOURCE_CODE,association|lifecycle,Inherited from the hashed TrackingConfig source; no separate sensitivity claim.,PARTIAL_NO_METHOD_SPECIFIC_SENSITIVITY,FROZEN_BY_PREDICTION_AUTHORITY,Current-main active value. The frozen prediction producer was 64d835cbf1b25ecdef3a777a50f0b46db6c93f61; inherited defaults were not preserved as a complete runtime dump.
R0_CURRENT_STANDARD_V2_20260728,bbox_geometry,refine_boxes,false,boolean,PREDECLARED_DEVELOPMENT_SELECTION,src/pig_behavior/tracking/profiles/realtime.py,c7f63149f4577a8b5285f9387b46c75cd0fbbcabcc4c585ec89f319a06b8a496,95dd37982251a6b59779e0eed020e266b54fc88c,false,YES,9bf4ce6d07423ab517b4705c716e3eb012349b756b7c0591cc3458eac207808d,YES_PROFILE_OVERRIDE_ONLY,BOUND_BY_EFFECTIVE_CONFIG,bbox_geometry,Profile override frozen by a development authority before its authority run.,SUFFICIENT_WITH_DEVELOPMENT_SCOPE_LIMITATION,FROZEN_BY_PREDICTION_AUTHORITY,Current-main active value. The frozen prediction producer was 64d835cbf1b25ecdef3a777a50f0b46db6c93f61; inherited defaults were not preserved as a complete runtime dump.
R0_CURRENT_STANDARD_V2_20260728,bbox_geometry,refine_max_gap_frames,15,frames,INHERITED_DEFAULT_WITH_PROVENANCE,src/pig_behavior/tracking/config.py,52c5f54ad44b6f76a8d143d168bdc942542d5fd263903cbf630f9c58ecf1cdd0,95dd37982251a6b59779e0eed020e266b54fc88c,,NO,9bf4ce6d07423ab517b4705c716e3eb012349b756b7c0591cc3458eac207808d,PARTIAL_INHERITED_DEFAULTS_NOT_DUMPED,BOUND_BY_SOURCE_CODE,bbox_geometry|runtime,Inherited from the hashed TrackingConfig source; no separate sensitivity claim.,PARTIAL_NO_METHOD_SPECIFIC_SENSITIVITY,FROZEN_BY_PREDICTION_AUTHORITY,Current-main active value. The frozen prediction producer was 64d835cbf1b25ecdef3a777a50f0b46db6c93f61; inherited defaults were not preserved as a complete runtime dump.
R0_CURRENT_STANDARD_V2_20260728,association,refine_max_previous_gap_frames,0,unitless ratio,INHERITED_DEFAULT_WITH_PROVENANCE,src/pig_behavior/tracking/config.py,52c5f54ad44b6f76a8d143d168bdc942542d5fd263903cbf630f9c58ecf1cdd0,95dd37982251a6b59779e0eed020e266b54fc88c,,NO,9bf4ce6d07423ab517b4705c716e3eb012349b756b7c0591cc3458eac207808d,PARTIAL_INHERITED_DEFAULTS_NOT_DUMPED,BOUND_BY_SOURCE_CODE,association|bbox_geometry|runtime,Inherited from the hashed TrackingConfig source; no separate sensitivity claim.,PARTIAL_NO_METHOD_SPECIFIC_SENSITIVITY,FROZEN_BY_PREDICTION_AUTHORITY,Current-main active value. The frozen prediction producer was 64d835cbf1b25ecdef3a777a50f0b46db6c93f61; inherited defaults were not preserved as a complete runtime dump.
R0_CURRENT_STANDARD_V2_20260728,bbox_geometry,refine_size_jump_threshold,0.45,unitless,INHERITED_DEFAULT_WITH_PROVENANCE,src/pig_behavior/tracking/config.py,52c5f54ad44b6f76a8d143d168bdc942542d5fd263903cbf630f9c58ecf1cdd0,95dd37982251a6b59779e0eed020e266b54fc88c,,NO,9bf4ce6d07423ab517b4705c716e3eb012349b756b7c0591cc3458eac207808d,PARTIAL_INHERITED_DEFAULTS_NOT_DUMPED,BOUND_BY_SOURCE_CODE,bbox_geometry,Inherited from the hashed TrackingConfig source; no separate sensitivity claim.,PARTIAL_NO_METHOD_SPECIFIC_SENSITIVITY,FROZEN_BY_PREDICTION_AUTHORITY,Current-main active value. The frozen prediction producer was 64d835cbf1b25ecdef3a777a50f0b46db6c93f61; inherited defaults were not preserved as a complete runtime dump.
R0_CURRENT_STANDARD_V2_20260728,engineering_or_indirect,reid_unowned_competing_candidate_hold,false,boolean,INHERITED_DEFAULT_WITH_PROVENANCE,src/pig_behavior/tracking/config.py,52c5f54ad44b6f76a8d143d168bdc942542d5fd263903cbf630f9c58ecf1cdd0,95dd37982251a6b59779e0eed020e266b54fc88c,,NO,9bf4ce6d07423ab517b4705c716e3eb012349b756b7c0591cc3458eac207808d,PARTIAL_INHERITED_DEFAULTS_NOT_DUMPED,BOUND_BY_SOURCE_CODE,engineering_or_indirect,Inherited from the hashed TrackingConfig source; no separate sensitivity claim.,PARTIAL_NO_METHOD_SPECIFIC_SENSITIVITY,FROZEN_BY_PREDICTION_AUTHORITY,Current-main active value. The frozen prediction producer was 64d835cbf1b25ecdef3a777a50f0b46db6c93f61; inherited defaults were not preserved as a complete runtime dump.
R0_CURRENT_STANDARD_V2_20260728,association,reid_unowned_competing_candidate_min_cost,0.55,unitless,INHERITED_DEFAULT_WITH_PROVENANCE,src/pig_behavior/tracking/config.py,52c5f54ad44b6f76a8d143d168bdc942542d5fd263903cbf630f9c58ecf1cdd0,95dd37982251a6b59779e0eed020e266b54fc88c,,NO,9bf4ce6d07423ab517b4705c716e3eb012349b756b7c0591cc3458eac207808d,PARTIAL_INHERITED_DEFAULTS_NOT_DUMPED,BOUND_BY_SOURCE_CODE,association,Inherited from the hashed TrackingConfig source; no separate sensitivity claim.,PARTIAL_NO_METHOD_SPECIFIC_SENSITIVITY,FROZEN_BY_PREDICTION_AUTHORITY,Current-main active value. The frozen prediction producer was 64d835cbf1b25ecdef3a777a50f0b46db6c93f61; inherited defaults were not preserved as a complete runtime dump.
R0_CURRENT_STANDARD_V2_20260728,engineering_or_indirect,reid_unowned_competing_candidate_min_gap,0.15,unitless,INHERITED_DEFAULT_WITH_PROVENANCE,src/pig_behavior/tracking/config.py,52c5f54ad44b6f76a8d143d168bdc942542d5fd263903cbf630f9c58ecf1cdd0,95dd37982251a6b59779e0eed020e266b54fc88c,,NO,9bf4ce6d07423ab517b4705c716e3eb012349b756b7c0591cc3458eac207808d,PARTIAL_INHERITED_DEFAULTS_NOT_DUMPED,BOUND_BY_SOURCE_CODE,engineering_or_indirect,Inherited from the hashed TrackingConfig source; no separate sensitivity claim.,PARTIAL_NO_METHOD_SPECIFIC_SENSITIVITY,FROZEN_BY_PREDICTION_AUTHORITY,Current-main active value. The frozen prediction producer was 64d835cbf1b25ecdef3a777a50f0b46db6c93f61; inherited defaults were not preserved as a complete runtime dump.
R0_CURRENT_STANDARD_V2_20260728,lifecycle,reid_unowned_competing_candidate_min_missed,1,frames,INHERITED_DEFAULT_WITH_PROVENANCE,src/pig_behavior/tracking/config.py,52c5f54ad44b6f76a8d143d168bdc942542d5fd263903cbf630f9c58ecf1cdd0,95dd37982251a6b59779e0eed020e266b54fc88c,,NO,9bf4ce6d07423ab517b4705c716e3eb012349b756b7c0591cc3458eac207808d,PARTIAL_INHERITED_DEFAULTS_NOT_DUMPED,BOUND_BY_SOURCE_CODE,lifecycle,Inherited from the hashed TrackingConfig source; no separate sensitivity claim.,PARTIAL_NO_METHOD_SPECIFIC_SENSITIVITY,FROZEN_BY_PREDICTION_AUTHORITY,Current-main active value. The frozen prediction producer was 64d835cbf1b25ecdef3a777a50f0b46db6c93f61; inherited defaults were not preserved as a complete runtime dump.
R0_CURRENT_STANDARD_V2_20260728,Hidden_state,reid_unowned_competing_candidate_occlusion_hold_only,true,boolean,INHERITED_DEFAULT_WITH_PROVENANCE,src/pig_behavior/tracking/config.py,52c5f54ad44b6f76a8d143d168bdc942542d5fd263903cbf630f9c58ecf1cdd0,95dd37982251a6b59779e0eed020e266b54fc88c,,NO,9bf4ce6d07423ab517b4705c716e3eb012349b756b7c0591cc3458eac207808d,PARTIAL_INHERITED_DEFAULTS_NOT_DUMPED,BOUND_BY_SOURCE_CODE,Hidden_state,Inherited from the hashed TrackingConfig source; no separate sensitivity claim.,PARTIAL_NO_METHOD_SPECIFIC_SENSITIVITY,FROZEN_BY_PREDICTION_AUTHORITY,Current-main active value. The frozen prediction producer was 64d835cbf1b25ecdef3a777a50f0b46db6c93f61; inherited defaults were not preserved as a complete runtime dump.
R0_CURRENT_STANDARD_V2_20260728,engineering_or_indirect,review_conf,0.5,unitless ratio,INHERITED_DEFAULT_WITH_PROVENANCE,src/pig_behavior/tracking/config.py,52c5f54ad44b6f76a8d143d168bdc942542d5fd263903cbf630f9c58ecf1cdd0,95dd37982251a6b59779e0eed020e266b54fc88c,,NO,9bf4ce6d07423ab517b4705c716e3eb012349b756b7c0591cc3458eac207808d,PARTIAL_INHERITED_DEFAULTS_NOT_DUMPED,BOUND_BY_SOURCE_CODE,engineering_or_indirect,Inherited from the hashed TrackingConfig source; no separate sensitivity claim.,PARTIAL_NO_METHOD_SPECIFIC_SENSITIVITY,FROZEN_BY_PREDICTION_AUTHORITY,Current-main active value. The frozen prediction producer was 64d835cbf1b25ecdef3a777a50f0b46db6c93f61; inherited defaults were not preserved as a complete runtime dump.
R0_CURRENT_STANDARD_V2_20260728,engineering_or_indirect,rf_hybrid_offline,false,boolean,INHERITED_DEFAULT_WITH_PROVENANCE,src/pig_behavior/tracking/config.py,52c5f54ad44b6f76a8d143d168bdc942542d5fd263903cbf630f9c58ecf1cdd0,95dd37982251a6b59779e0eed020e266b54fc88c,,NO,9bf4ce6d07423ab517b4705c716e3eb012349b756b7c0591cc3458eac207808d,PARTIAL_INHERITED_DEFAULTS_NOT_DUMPED,BOUND_BY_SOURCE_CODE,engineering_or_indirect,Inherited from the hashed TrackingConfig source; no separate sensitivity claim.,PARTIAL_NO_METHOD_SPECIFIC_SENSITIVITY,FROZEN_BY_PREDICTION_AUTHORITY,Current-main active value. The frozen prediction producer was 64d835cbf1b25ecdef3a777a50f0b46db6c93f61; inherited defaults were not preserved as a complete runtime dump.
R0_CURRENT_STANDARD_V2_20260728,engineering_or_indirect,roi_dilate_px,8,count,INHERITED_DEFAULT_WITH_PROVENANCE,src/pig_behavior/tracking/config.py,52c5f54ad44b6f76a8d143d168bdc942542d5fd263903cbf630f9c58ecf1cdd0,95dd37982251a6b59779e0eed020e266b54fc88c,,NO,9bf4ce6d07423ab517b4705c716e3eb012349b756b7c0591cc3458eac207808d,PARTIAL_INHERITED_DEFAULTS_NOT_DUMPED,BOUND_BY_SOURCE_CODE,engineering_or_indirect,Inherited from the hashed TrackingConfig source; no separate sensitivity claim.,PARTIAL_NO_METHOD_SPECIFIC_SENSITIVITY,FROZEN_BY_PREDICTION_AUTHORITY,Current-main active value. The frozen prediction producer was 64d835cbf1b25ecdef3a777a50f0b46db6c93f61; inherited defaults were not preserved as a complete runtime dump.
R0_CURRENT_STANDARD_V2_20260728,engineering_or_indirect,roi_min_cover,0.1,unitless,INHERITED_DEFAULT_WITH_PROVENANCE,src/pig_behavior/tracking/config.py,52c5f54ad44b6f76a8d143d168bdc942542d5fd263903cbf630f9c58ecf1cdd0,95dd37982251a6b59779e0eed020e266b54fc88c,,NO,9bf4ce6d07423ab517b4705c716e3eb012349b756b7c0591cc3458eac207808d,PARTIAL_INHERITED_DEFAULTS_NOT_DUMPED,BOUND_BY_SOURCE_CODE,engineering_or_indirect,Inherited from the hashed TrackingConfig source; no separate sensitivity claim.,PARTIAL_NO_METHOD_SPECIFIC_SENSITIVITY,FROZEN_BY_PREDICTION_AUTHORITY,Current-main active value. The frozen prediction producer was 64d835cbf1b25ecdef3a777a50f0b46db6c93f61; inherited defaults were not preserved as a complete runtime dump.
R0_CURRENT_STANDARD_V2_20260728,engineering_or_indirect,roi_mode,"""center""",categorical/path,INHERITED_DEFAULT_WITH_PROVENANCE,src/pig_behavior/tracking/config.py,52c5f54ad44b6f76a8d143d168bdc942542d5fd263903cbf630f9c58ecf1cdd0,95dd37982251a6b59779e0eed020e266b54fc88c,,NO,9bf4ce6d07423ab517b4705c716e3eb012349b756b7c0591cc3458eac207808d,PARTIAL_INHERITED_DEFAULTS_NOT_DUMPED,BOUND_BY_SOURCE_CODE,engineering_or_indirect,Inherited from the hashed TrackingConfig source; no separate sensitivity claim.,PARTIAL_NO_METHOD_SPECIFIC_SENSITIVITY,FROZEN_BY_PREDICTION_AUTHORITY,Current-main active value. The frozen prediction producer was 64d835cbf1b25ecdef3a777a50f0b46db6c93f61; inherited defaults were not preserved as a complete runtime dump.
R0_CURRENT_STANDARD_V2_20260728,detection,shade_outside_mask,true,boolean,INHERITED_DEFAULT_WITH_PROVENANCE,src/pig_behavior/tracking/config.py,52c5f54ad44b6f76a8d143d168bdc942542d5fd263903cbf630f9c58ecf1cdd0,95dd37982251a6b59779e0eed020e266b54fc88c,,NO,9bf4ce6d07423ab517b4705c716e3eb012349b756b7c0591cc3458eac207808d,PARTIAL_INHERITED_DEFAULTS_NOT_DUMPED,BOUND_BY_SOURCE_CODE,detection,Inherited from the hashed TrackingConfig source; no separate sensitivity claim.,PARTIAL_NO_METHOD_SPECIFIC_SENSITIVITY,FROZEN_BY_PREDICTION_AUTHORITY,Current-main active value. The frozen prediction producer was 64d835cbf1b25ecdef3a777a50f0b46db6c93f61; inherited defaults were not preserved as a complete runtime dump.
R0_CURRENT_STANDARD_V2_20260728,engineering_or_indirect,show,false,boolean,INHERITED_DEFAULT_WITH_PROVENANCE,src/pig_behavior/tracking/config.py,52c5f54ad44b6f76a8d143d168bdc942542d5fd263903cbf630f9c58ecf1cdd0,95dd37982251a6b59779e0eed020e266b54fc88c,,NO,9bf4ce6d07423ab517b4705c716e3eb012349b756b7c0591cc3458eac207808d,PARTIAL_INHERITED_DEFAULTS_NOT_DUMPED,BOUND_BY_SOURCE_CODE,engineering_or_indirect,Inherited from the hashed TrackingConfig source; no separate sensitivity claim.,PARTIAL_NO_METHOD_SPECIFIC_SENSITIVITY,FROZEN_BY_PREDICTION_AUTHORITY,Current-main active value. The frozen prediction producer was 64d835cbf1b25ecdef3a777a50f0b46db6c93f61; inherited defaults were not preserved as a complete runtime dump.
R0_CURRENT_STANDARD_V2_20260728,bbox_geometry,smooth_boxes,false,boolean,PREDECLARED_DEVELOPMENT_SELECTION,src/pig_behavior/tracking/profiles/realtime.py,c7f63149f4577a8b5285f9387b46c75cd0fbbcabcc4c585ec89f319a06b8a496,95dd37982251a6b59779e0eed020e266b54fc88c,false,YES,9bf4ce6d07423ab517b4705c716e3eb012349b756b7c0591cc3458eac207808d,YES_PROFILE_OVERRIDE_ONLY,BOUND_BY_EFFECTIVE_CONFIG,bbox_geometry,Profile override frozen by a development authority before its authority run.,SUFFICIENT_WITH_DEVELOPMENT_SCOPE_LIMITATION,FROZEN_BY_PREDICTION_AUTHORITY,Current-main active value. The frozen prediction producer was 64d835cbf1b25ecdef3a777a50f0b46db6c93f61; inherited defaults were not preserved as a complete runtime dump.
R0_CURRENT_STANDARD_V2_20260728,runtime,start_frame,0,frames,INHERITED_DEFAULT_WITH_PROVENANCE,src/pig_behavior/tracking/config.py,52c5f54ad44b6f76a8d143d168bdc942542d5fd263903cbf630f9c58ecf1cdd0,95dd37982251a6b59779e0eed020e266b54fc88c,,NO,9bf4ce6d07423ab517b4705c716e3eb012349b756b7c0591cc3458eac207808d,PARTIAL_INHERITED_DEFAULTS_NOT_DUMPED,BOUND_BY_SOURCE_CODE,runtime,Inherited from the hashed TrackingConfig source; no separate sensitivity claim.,PARTIAL_NO_METHOD_SPECIFIC_SENSITIVITY,FROZEN_BY_PREDICTION_AUTHORITY,Current-main active value. The frozen prediction producer was 64d835cbf1b25ecdef3a777a50f0b46db6c93f61; inherited defaults were not preserved as a complete runtime dump.
R0_CURRENT_STANDARD_V2_20260728,identity_repair,suffix_pair_swap_max_overlap_frames,8,frames,INHERITED_DEFAULT_WITH_PROVENANCE,src/pig_behavior/tracking/config.py,52c5f54ad44b6f76a8d143d168bdc942542d5fd263903cbf630f9c58ecf1cdd0,95dd37982251a6b59779e0eed020e266b54fc88c,,NO,9bf4ce6d07423ab517b4705c716e3eb012349b756b7c0591cc3458eac207808d,PARTIAL_INHERITED_DEFAULTS_NOT_DUMPED,BOUND_BY_SOURCE_CODE,identity_repair|runtime,Inherited from the hashed TrackingConfig source; no separate sensitivity claim.,PARTIAL_NO_METHOD_SPECIFIC_SENSITIVITY,FROZEN_BY_PREDICTION_AUTHORITY,Current-main active value. The frozen prediction producer was 64d835cbf1b25ecdef3a777a50f0b46db6c93f61; inherited defaults were not preserved as a complete runtime dump.
R0_CURRENT_STANDARD_V2_20260728,association,suffix_pair_swap_max_suffix_overlap_iou,0.3,unitless ratio,INHERITED_DEFAULT_WITH_PROVENANCE,src/pig_behavior/tracking/config.py,52c5f54ad44b6f76a8d143d168bdc942542d5fd263903cbf630f9c58ecf1cdd0,95dd37982251a6b59779e0eed020e266b54fc88c,,NO,9bf4ce6d07423ab517b4705c716e3eb012349b756b7c0591cc3458eac207808d,PARTIAL_INHERITED_DEFAULTS_NOT_DUMPED,BOUND_BY_SOURCE_CODE,association|identity_repair,Inherited from the hashed TrackingConfig source; no separate sensitivity claim.,PARTIAL_NO_METHOD_SPECIFIC_SENSITIVITY,FROZEN_BY_PREDICTION_AUTHORITY,Current-main active value. The frozen prediction producer was 64d835cbf1b25ecdef3a777a50f0b46db6c93f61; inherited defaults were not preserved as a complete runtime dump.
R0_CURRENT_STANDARD_V2_20260728,association,suffix_pair_swap_min_overlap_iou,0.45,unitless ratio,INHERITED_DEFAULT_WITH_PROVENANCE,src/pig_behavior/tracking/config.py,52c5f54ad44b6f76a8d143d168bdc942542d5fd263903cbf630f9c58ecf1cdd0,95dd37982251a6b59779e0eed020e266b54fc88c,,NO,9bf4ce6d07423ab517b4705c716e3eb012349b756b7c0591cc3458eac207808d,PARTIAL_INHERITED_DEFAULTS_NOT_DUMPED,BOUND_BY_SOURCE_CODE,association|identity_repair,Inherited from the hashed TrackingConfig source; no separate sensitivity claim.,PARTIAL_NO_METHOD_SPECIFIC_SENSITIVITY,FROZEN_BY_PREDICTION_AUTHORITY,Current-main active value. The frozen prediction producer was 64d835cbf1b25ecdef3a777a50f0b46db6c93f61; inherited defaults were not preserved as a complete runtime dump.
R0_CURRENT_STANDARD_V2_20260728,identity_repair,suffix_pair_swap_min_suffix_frames,1500,frames,INHERITED_DEFAULT_WITH_PROVENANCE,src/pig_behavior/tracking/config.py,52c5f54ad44b6f76a8d143d168bdc942542d5fd263903cbf630f9c58ecf1cdd0,95dd37982251a6b59779e0eed020e266b54fc88c,,NO,9bf4ce6d07423ab517b4705c716e3eb012349b756b7c0591cc3458eac207808d,PARTIAL_INHERITED_DEFAULTS_NOT_DUMPED,BOUND_BY_SOURCE_CODE,identity_repair|runtime,Inherited from the hashed TrackingConfig source; no separate sensitivity claim.,PARTIAL_NO_METHOD_SPECIFIC_SENSITIVITY,FROZEN_BY_PREDICTION_AUTHORITY,Current-main active value. The frozen prediction producer was 64d835cbf1b25ecdef3a777a50f0b46db6c93f61; inherited defaults were not preserved as a complete runtime dump.
R0_CURRENT_STANDARD_V2_20260728,identity_repair,suffix_pair_swap_repair,false,boolean,INHERITED_DEFAULT_WITH_PROVENANCE,src/pig_behavior/tracking/config.py,52c5f54ad44b6f76a8d143d168bdc942542d5fd263903cbf630f9c58ecf1cdd0,95dd37982251a6b59779e0eed020e266b54fc88c,,NO,9bf4ce6d07423ab517b4705c716e3eb012349b756b7c0591cc3458eac207808d,PARTIAL_INHERITED_DEFAULTS_NOT_DUMPED,BOUND_BY_SOURCE_CODE,identity_repair,Inherited from the hashed TrackingConfig source; no separate sensitivity claim.,PARTIAL_NO_METHOD_SPECIFIC_SENSITIVITY,FROZEN_BY_PREDICTION_AUTHORITY,Current-main active value. The frozen prediction producer was 64d835cbf1b25ecdef3a777a50f0b46db6c93f61; inherited defaults were not preserved as a complete runtime dump.
R0_CURRENT_STANDARD_V2_20260728,engineering_or_indirect,target_fps,15,count,INHERITED_DEFAULT_WITH_PROVENANCE,src/pig_behavior/tracking/config.py,52c5f54ad44b6f76a8d143d168bdc942542d5fd263903cbf630f9c58ecf1cdd0,95dd37982251a6b59779e0eed020e266b54fc88c,,NO,9bf4ce6d07423ab517b4705c716e3eb012349b756b7c0591cc3458eac207808d,PARTIAL_INHERITED_DEFAULTS_NOT_DUMPED,BOUND_BY_SOURCE_CODE,engineering_or_indirect,Inherited from the hashed TrackingConfig source; no separate sensitivity claim.,PARTIAL_NO_METHOD_SPECIFIC_SENSITIVITY,FROZEN_BY_PREDICTION_AUTHORITY,Current-main active value. The frozen prediction producer was 64d835cbf1b25ecdef3a777a50f0b46db6c93f61; inherited defaults were not preserved as a complete runtime dump.
R0_CURRENT_STANDARD_V2_20260728,engineering_or_indirect,track_high_conf,0.45,unitless ratio,INHERITED_DEFAULT_WITH_PROVENANCE,src/pig_behavior/tracking/config.py,52c5f54ad44b6f76a8d143d168bdc942542d5fd263903cbf630f9c58ecf1cdd0,95dd37982251a6b59779e0eed020e266b54fc88c,,NO,9bf4ce6d07423ab517b4705c716e3eb012349b756b7c0591cc3458eac207808d,PARTIAL_INHERITED_DEFAULTS_NOT_DUMPED,BOUND_BY_SOURCE_CODE,engineering_or_indirect,Inherited from the hashed TrackingConfig source; no separate sensitivity claim.,PARTIAL_NO_METHOD_SPECIFIC_SENSITIVITY,FROZEN_BY_PREDICTION_AUTHORITY,Current-main active value. The frozen prediction producer was 64d835cbf1b25ecdef3a777a50f0b46db6c93f61; inherited defaults were not preserved as a complete runtime dump.
R0_CURRENT_STANDARD_V2_20260728,association,track_match_iou,0.75,unitless ratio,INHERITED_DEFAULT_WITH_PROVENANCE,src/pig_behavior/tracking/config.py,52c5f54ad44b6f76a8d143d168bdc942542d5fd263903cbf630f9c58ecf1cdd0,95dd37982251a6b59779e0eed020e266b54fc88c,,NO,9bf4ce6d07423ab517b4705c716e3eb012349b756b7c0591cc3458eac207808d,PARTIAL_INHERITED_DEFAULTS_NOT_DUMPED,BOUND_BY_SOURCE_CODE,association,Inherited from the hashed TrackingConfig source; no separate sensitivity claim.,PARTIAL_NO_METHOD_SPECIFIC_SENSITIVITY,FROZEN_BY_PREDICTION_AUTHORITY,Current-main active value. The frozen prediction producer was 64d835cbf1b25ecdef3a777a50f0b46db6c93f61; inherited defaults were not preserved as a complete runtime dump.
R0_CURRENT_STANDARD_V2_20260728,engineering_or_indirect,tracker_type,"""bytetrack""",categorical/path,ORIGINAL_METHOD_SPECIFICATION,src/pig_behavior/tracking/config.py,52c5f54ad44b6f76a8d143d168bdc942542d5fd263903cbf630f9c58ecf1cdd0,95dd37982251a6b59779e0eed020e266b54fc88c,,NO,9bf4ce6d07423ab517b4705c716e3eb012349b756b7c0591cc3458eac207808d,PARTIAL_INHERITED_DEFAULTS_NOT_DUMPED,BOUND_BY_SOURCE_CODE,engineering_or_indirect,Defines the method family or locked eight-animal task.,SUFFICIENT,FROZEN_BY_PREDICTION_AUTHORITY,Current-main active value. The frozen prediction producer was 64d835cbf1b25ecdef3a777a50f0b46db6c93f61; inherited defaults were not preserved as a complete runtime dump.
R0_CURRENT_STANDARD_V2_20260728,engineering_or_indirect,tracker_yaml,null,not applicable,INHERITED_DEFAULT_WITH_PROVENANCE,src/pig_behavior/tracking/config.py,52c5f54ad44b6f76a8d143d168bdc942542d5fd263903cbf630f9c58ecf1cdd0,95dd37982251a6b59779e0eed020e266b54fc88c,,NO,9bf4ce6d07423ab517b4705c716e3eb012349b756b7c0591cc3458eac207808d,PARTIAL_INHERITED_DEFAULTS_NOT_DUMPED,BOUND_BY_SOURCE_CODE,engineering_or_indirect,Inherited from the hashed TrackingConfig source; no separate sensitivity claim.,PARTIAL_NO_METHOD_SPECIFIC_SENSITIVITY,FROZEN_BY_PREDICTION_AUTHORITY,Current-main active value. The frozen prediction producer was 64d835cbf1b25ecdef3a777a50f0b46db6c93f61; inherited defaults were not preserved as a complete runtime dump.
R0_CURRENT_STANDARD_V2_20260728,association,unseen_track_cost_threshold,1.1,unitless,INHERITED_DEFAULT_WITH_PROVENANCE,src/pig_behavior/tracking/config.py,52c5f54ad44b6f76a8d143d168bdc942542d5fd263903cbf630f9c58ecf1cdd0,95dd37982251a6b59779e0eed020e266b54fc88c,,NO,9bf4ce6d07423ab517b4705c716e3eb012349b756b7c0591cc3458eac207808d,PARTIAL_INHERITED_DEFAULTS_NOT_DUMPED,BOUND_BY_SOURCE_CODE,association,Inherited from the hashed TrackingConfig source; no separate sensitivity claim.,PARTIAL_NO_METHOD_SPECIFIC_SENSITIVITY,FROZEN_BY_PREDICTION_AUTHORITY,Current-main active value. The frozen prediction producer was 64d835cbf1b25ecdef3a777a50f0b46db6c93f61; inherited defaults were not preserved as a complete runtime dump.
R0_CURRENT_STANDARD_V2_20260728,detection,use_mask,true,boolean,INHERITED_DEFAULT_WITH_PROVENANCE,src/pig_behavior/tracking/config.py,52c5f54ad44b6f76a8d143d168bdc942542d5fd263903cbf630f9c58ecf1cdd0,95dd37982251a6b59779e0eed020e266b54fc88c,,NO,9bf4ce6d07423ab517b4705c716e3eb012349b756b7c0591cc3458eac207808d,PARTIAL_INHERITED_DEFAULTS_NOT_DUMPED,BOUND_BY_SOURCE_CODE,detection,Inherited from the hashed TrackingConfig source; no separate sensitivity claim.,PARTIAL_NO_METHOD_SPECIFIC_SENSITIVITY,FROZEN_BY_PREDICTION_AUTHORITY,Current-main active value. The frozen prediction producer was 64d835cbf1b25ecdef3a777a50f0b46db6c93f61; inherited defaults were not preserved as a complete runtime dump.
R0_CURRENT_STANDARD_V2_20260728,detection,use_mask_iou,true,boolean,INHERITED_DEFAULT_WITH_PROVENANCE,src/pig_behavior/tracking/config.py,52c5f54ad44b6f76a8d143d168bdc942542d5fd263903cbf630f9c58ecf1cdd0,95dd37982251a6b59779e0eed020e266b54fc88c,,NO,9bf4ce6d07423ab517b4705c716e3eb012349b756b7c0591cc3458eac207808d,PARTIAL_INHERITED_DEFAULTS_NOT_DUMPED,BOUND_BY_SOURCE_CODE,detection|association,Inherited from the hashed TrackingConfig source; no separate sensitivity claim.,PARTIAL_NO_METHOD_SPECIFIC_SENSITIVITY,FROZEN_BY_PREDICTION_AUTHORITY,Current-main active value. The frozen prediction producer was 64d835cbf1b25ecdef3a777a50f0b46db6c93f61; inherited defaults were not preserved as a complete runtime dump.
R0_CURRENT_STANDARD_V2_20260728,runtime,video_path,"""C:\\Users\\ironh\\Downloads\\PIG_Behavior_Project\\.codex_tmp\\worktrees\\tracking_scientific_grounding_authority\\data\\videos\\Pigs281119_000085_30fps.mp4""",categorical/path,DATA_SCHEMA_CONSTRAINT,src/pig_behavior/tracking/config.py,52c5f54ad44b6f76a8d143d168bdc942542d5fd263903cbf630f9c58ecf1cdd0,95dd37982251a6b59779e0eed020e266b54fc88c,,NO,9bf4ce6d07423ab517b4705c716e3eb012349b756b7c0591cc3458eac207808d,PARTIAL_INHERITED_DEFAULTS_NOT_DUMPED,BOUND_BY_SOURCE_CODE,runtime,Bound to the repository data/cache/export schema.,SUFFICIENT,FROZEN_BY_PREDICTION_AUTHORITY,Current-main active value. The frozen prediction producer was 64d835cbf1b25ecdef3a777a50f0b46db6c93f61; inherited defaults were not preserved as a complete runtime dump.
R0_CURRENT_STANDARD_V2_20260728,identity_repair,visible_raw_owner_transfer_min_gain,0.04,unitless,INHERITED_DEFAULT_WITH_PROVENANCE,src/pig_behavior/tracking/config.py,52c5f54ad44b6f76a8d143d168bdc942542d5fd263903cbf630f9c58ecf1cdd0,95dd37982251a6b59779e0eed020e266b54fc88c,,NO,9bf4ce6d07423ab517b4705c716e3eb012349b756b7c0591cc3458eac207808d,PARTIAL_INHERITED_DEFAULTS_NOT_DUMPED,BOUND_BY_SOURCE_CODE,identity_repair,Inherited from the hashed TrackingConfig source; no separate sensitivity claim.,PARTIAL_NO_METHOD_SPECIFIC_SENSITIVITY,FROZEN_BY_PREDICTION_AUTHORITY,Current-main active value. The frozen prediction producer was 64d835cbf1b25ecdef3a777a50f0b46db6c93f61; inherited defaults were not preserved as a complete runtime dump.
R0_CURRENT_STANDARD_V2_20260728,engineering_or_indirect,visual_opacity,0.75,unitless,INHERITED_DEFAULT_WITH_PROVENANCE,src/pig_behavior/tracking/config.py,52c5f54ad44b6f76a8d143d168bdc942542d5fd263903cbf630f9c58ecf1cdd0,95dd37982251a6b59779e0eed020e266b54fc88c,,NO,9bf4ce6d07423ab517b4705c716e3eb012349b756b7c0591cc3458eac207808d,PARTIAL_INHERITED_DEFAULTS_NOT_DUMPED,BOUND_BY_SOURCE_CODE,engineering_or_indirect,Inherited from the hashed TrackingConfig source; no separate sensitivity claim.,PARTIAL_NO_METHOD_SPECIFIC_SENSITIVITY,FROZEN_BY_PREDICTION_AUTHORITY,Current-main active value. The frozen prediction producer was 64d835cbf1b25ecdef3a777a50f0b46db6c93f61; inherited defaults were not preserved as a complete runtime dump.
R0_CURRENT_STANDARD_V2_20260728,engineering_or_indirect,weights_path,"""C:\\Users\\ironh\\Downloads\\PIG_Behavior_Project\\.codex_tmp\\worktrees\\tracking_scientific_grounding_authority\\models\\detector\\pig_detector_yolov8.pt""",categorical/path,DATA_SCHEMA_CONSTRAINT,src/pig_behavior/tracking/config.py,52c5f54ad44b6f76a8d143d168bdc942542d5fd263903cbf630f9c58ecf1cdd0,95dd37982251a6b59779e0eed020e266b54fc88c,,NO,9bf4ce6d07423ab517b4705c716e3eb012349b756b7c0591cc3458eac207808d,PARTIAL_INHERITED_DEFAULTS_NOT_DUMPED,BOUND_BY_SOURCE_CODE,engineering_or_indirect,Bound to the repository data/cache/export schema.,SUFFICIENT,FROZEN_BY_PREDICTION_AUTHORITY,Current-main active value. The frozen prediction producer was 64d835cbf1b25ecdef3a777a50f0b46db6c93f61; inherited defaults were not preserved as a complete runtime dump.
R0_CURRENT_STANDARD_V2_20260728,runtime,write_output_video,true,boolean,HARDWARE_OR_RUNTIME_CONSTRAINT,src/pig_behavior/tracking/config.py,52c5f54ad44b6f76a8d143d168bdc942542d5fd263903cbf630f9c58ecf1cdd0,95dd37982251a6b59779e0eed020e266b54fc88c,,NO,9bf4ce6d07423ab517b4705c716e3eb012349b756b7c0591cc3458eac207808d,PARTIAL_INHERITED_DEFAULTS_NOT_DUMPED,BOUND_BY_SOURCE_CODE,runtime,Execution/safety constraint rather than a quality claim.,SUFFICIENT,FROZEN_BY_PREDICTION_AUTHORITY,Current-main active value. The frozen prediction producer was 64d835cbf1b25ecdef3a777a50f0b46db6c93f61; inherited defaults were not preserved as a complete runtime dump.
R1_CURRENT_STANDARD_V2_20260728,Hidden_state,USE_AREA_OCCLUSION_FREEZE,false,boolean,PREDECLARED_DEVELOPMENT_SELECTION,src/pig_behavior/tracking/profiles/rf_hybrid_offline.py,bc7c20c21bf6ce283fb8f0ba34b36705805a52591b705a16c81f9014bb755ce9,95dd37982251a6b59779e0eed020e266b54fc88c,false,YES,RF_CORE_PLUS_OFFLINE_REPAIR_BOUND_SEPARATELY,YES_PROFILE_OVERRIDE_ONLY,BOUND_BY_EFFECTIVE_CONFIG,Hidden_state,Profile override frozen by a development authority before its authority run.,SUFFICIENT_WITH_DEVELOPMENT_SCOPE_LIMITATION,FROZEN_BY_PREDICTION_AUTHORITY,Current-main active value. The frozen prediction producer was 89db2d34646434319afcb4a040ba38d183431cfd; inherited defaults were not preserved as a complete runtime dump.
R1_CURRENT_STANDARD_V2_20260728,Hidden_state,USE_CONDITIONAL_AREA_OCCLUSION_FREEZE,false,boolean,PREDECLARED_DEVELOPMENT_SELECTION,src/pig_behavior/tracking/profiles/rf_hybrid_offline.py,bc7c20c21bf6ce283fb8f0ba34b36705805a52591b705a16c81f9014bb755ce9,95dd37982251a6b59779e0eed020e266b54fc88c,false,YES,RF_CORE_PLUS_OFFLINE_REPAIR_BOUND_SEPARATELY,YES_PROFILE_OVERRIDE_ONLY,BOUND_BY_EFFECTIVE_CONFIG,Hidden_state,Profile override frozen by a development authority before its authority run.,SUFFICIENT_WITH_DEVELOPMENT_SCOPE_LIMITATION,FROZEN_BY_PREDICTION_AUTHORITY,Current-main active value. The frozen prediction producer was 89db2d34646434319afcb4a040ba38d183431cfd; inherited defaults were not preserved as a complete runtime dump.
R1_CURRENT_STANDARD_V2_20260728,association,USE_IOU_FALLBACK,false,boolean,PREDECLARED_DEVELOPMENT_SELECTION,src/pig_behavior/tracking/profiles/rf_hybrid_offline.py,bc7c20c21bf6ce283fb8f0ba34b36705805a52591b705a16c81f9014bb755ce9,95dd37982251a6b59779e0eed020e266b54fc88c,false,YES,RF_CORE_PLUS_OFFLINE_REPAIR_BOUND_SEPARATELY,YES_PROFILE_OVERRIDE_ONLY,BOUND_BY_EFFECTIVE_CONFIG,association,Profile override frozen by a development authority before its authority run.,SUFFICIENT_WITH_DEVELOPMENT_SCOPE_LIMITATION,FROZEN_BY_PREDICTION_AUTHORITY,Current-main active value. The frozen prediction producer was 89db2d34646434319afcb4a040ba38d183431cfd; inherited defaults were not preserved as a complete runtime dump.
R1_CURRENT_STANDARD_V2_20260728,bbox_geometry,USE_MERGED_BOX_SPLIT,false,boolean,PREDECLARED_DEVELOPMENT_SELECTION,src/pig_behavior/tracking/profiles/rf_hybrid_offline.py,bc7c20c21bf6ce283fb8f0ba34b36705805a52591b705a16c81f9014bb755ce9,95dd37982251a6b59779e0eed020e266b54fc88c,false,YES,RF_CORE_PLUS_OFFLINE_REPAIR_BOUND_SEPARATELY,YES_PROFILE_OVERRIDE_ONLY,BOUND_BY_EFFECTIVE_CONFIG,bbox_geometry,Profile override frozen by a development authority before its authority run.,SUFFICIENT_WITH_DEVELOPMENT_SCOPE_LIMITATION,FROZEN_BY_PREDICTION_AUTHORITY,Current-main active value. The frozen prediction producer was 89db2d34646434319afcb4a040ba38d183431cfd; inherited defaults were not preserved as a complete runtime dump.
R1_CURRENT_STANDARD_V2_20260728,engineering_or_indirect,adaptive_conf_step,0.05,unitless,INHERITED_DEFAULT_WITH_PROVENANCE,src/pig_behavior/tracking/config.py,52c5f54ad44b6f76a8d143d168bdc942542d5fd263903cbf630f9c58ecf1cdd0,95dd37982251a6b59779e0eed020e266b54fc88c,,NO,RF_CORE_PLUS_OFFLINE_REPAIR_BOUND_SEPARATELY,PARTIAL_INHERITED_DEFAULTS_NOT_DUMPED,BOUND_BY_SOURCE_CODE,engineering_or_indirect,Inherited from the hashed TrackingConfig source; no separate sensitivity claim.,PARTIAL_NO_METHOD_SPECIFIC_SENSITIVITY,FROZEN_BY_PREDICTION_AUTHORITY,Current-main active value. The frozen prediction producer was 89db2d34646434319afcb4a040ba38d183431cfd; inherited defaults were not preserved as a complete runtime dump.
R1_CURRENT_STANDARD_V2_20260728,detection,allowed_class_name,null,not applicable,INHERITED_DEFAULT_WITH_PROVENANCE,src/pig_behavior/tracking/config.py,52c5f54ad44b6f76a8d143d168bdc942542d5fd263903cbf630f9c58ecf1cdd0,95dd37982251a6b59779e0eed020e266b54fc88c,,NO,RF_CORE_PLUS_OFFLINE_REPAIR_BOUND_SEPARATELY,PARTIAL_INHERITED_DEFAULTS_NOT_DUMPED,BOUND_BY_SOURCE_CODE,detection,Inherited from the hashed TrackingConfig source; no separate sensitivity claim.,PARTIAL_NO_METHOD_SPECIFIC_SENSITIVITY,FROZEN_BY_PREDICTION_AUTHORITY,Current-main active value. The frozen prediction producer was 89db2d34646434319afcb4a040ba38d183431cfd; inherited defaults were not preserved as a complete runtime dump.
R1_CURRENT_STANDARD_V2_20260728,identity_repair,ambiguity_owner_guard,false,boolean,INHERITED_DEFAULT_WITH_PROVENANCE,src/pig_behavior/tracking/config.py,52c5f54ad44b6f76a8d143d168bdc942542d5fd263903cbf630f9c58ecf1cdd0,95dd37982251a6b59779e0eed020e266b54fc88c,,NO,RF_CORE_PLUS_OFFLINE_REPAIR_BOUND_SEPARATELY,PARTIAL_INHERITED_DEFAULTS_NOT_DUMPED,BOUND_BY_SOURCE_CODE,identity_repair,Inherited from the hashed TrackingConfig source; no separate sensitivity claim.,PARTIAL_NO_METHOD_SPECIFIC_SENSITIVITY,FROZEN_BY_PREDICTION_AUTHORITY,Current-main active value. The frozen prediction producer was 89db2d34646434319afcb4a040ba38d183431cfd; inherited defaults were not preserved as a complete runtime dump.
R1_CURRENT_STANDARD_V2_20260728,association,ambiguity_owner_guard_cost_margin,0.04,unitless,INHERITED_DEFAULT_WITH_PROVENANCE,src/pig_behavior/tracking/config.py,52c5f54ad44b6f76a8d143d168bdc942542d5fd263903cbf630f9c58ecf1cdd0,95dd37982251a6b59779e0eed020e266b54fc88c,,NO,RF_CORE_PLUS_OFFLINE_REPAIR_BOUND_SEPARATELY,PARTIAL_INHERITED_DEFAULTS_NOT_DUMPED,BOUND_BY_SOURCE_CODE,association|identity_repair,Inherited from the hashed TrackingConfig source; no separate sensitivity claim.,PARTIAL_NO_METHOD_SPECIFIC_SENSITIVITY,FROZEN_BY_PREDICTION_AUTHORITY,Current-main active value. The frozen prediction producer was 89db2d34646434319afcb4a040ba38d183431cfd; inherited defaults were not preserved as a complete runtime dump.
R1_CURRENT_STANDARD_V2_20260728,engineering_or_indirect,annotations_json,null,not applicable,INHERITED_DEFAULT_WITH_PROVENANCE,src/pig_behavior/tracking/config.py,52c5f54ad44b6f76a8d143d168bdc942542d5fd263903cbf630f9c58ecf1cdd0,95dd37982251a6b59779e0eed020e266b54fc88c,,NO,RF_CORE_PLUS_OFFLINE_REPAIR_BOUND_SEPARATELY,PARTIAL_INHERITED_DEFAULTS_NOT_DUMPED,BOUND_BY_SOURCE_CODE,engineering_or_indirect,Inherited from the hashed TrackingConfig source; no separate sensitivity claim.,PARTIAL_NO_METHOD_SPECIFIC_SENSITIVITY,FROZEN_BY_PREDICTION_AUTHORITY,Current-main active value. The frozen prediction producer was 89db2d34646434319afcb4a040ba38d183431cfd; inherited defaults were not preserved as a complete runtime dump.
R1_CURRENT_STANDARD_V2_20260728,association,appearance_hist_foreground_core,false,boolean,INHERITED_DEFAULT_WITH_PROVENANCE,src/pig_behavior/tracking/config.py,52c5f54ad44b6f76a8d143d168bdc942542d5fd263903cbf630f9c58ecf1cdd0,95dd37982251a6b59779e0eed020e266b54fc88c,,NO,RF_CORE_PLUS_OFFLINE_REPAIR_BOUND_SEPARATELY,PARTIAL_INHERITED_DEFAULTS_NOT_DUMPED,BOUND_BY_SOURCE_CODE,association,Inherited from the hashed TrackingConfig source; no separate sensitivity claim.,PARTIAL_NO_METHOD_SPECIFIC_SENSITIVITY,FROZEN_BY_PREDICTION_AUTHORITY,Current-main active value. The frozen prediction producer was 89db2d34646434319afcb4a040ba38d183431cfd; inherited defaults were not preserved as a complete runtime dump.
R1_CURRENT_STANDARD_V2_20260728,Hidden_state,area_occlusion_freeze_frames,15,frames,INHERITED_DEFAULT_WITH_PROVENANCE,src/pig_behavior/tracking/config.py,52c5f54ad44b6f76a8d143d168bdc942542d5fd263903cbf630f9c58ecf1cdd0,95dd37982251a6b59779e0eed020e266b54fc88c,,NO,RF_CORE_PLUS_OFFLINE_REPAIR_BOUND_SEPARATELY,PARTIAL_INHERITED_DEFAULTS_NOT_DUMPED,BOUND_BY_SOURCE_CODE,Hidden_state|runtime,Inherited from the hashed TrackingConfig source; no separate sensitivity claim.,PARTIAL_NO_METHOD_SPECIFIC_SENSITIVITY,FROZEN_BY_PREDICTION_AUTHORITY,Current-main active value. The frozen prediction producer was 89db2d34646434319afcb4a040ba38d183431cfd; inherited defaults were not preserved as a complete runtime dump.
R1_CURRENT_STANDARD_V2_20260728,Hidden_state,area_occlusion_shrink_ratio,0.6,unitless,INHERITED_DEFAULT_WITH_PROVENANCE,src/pig_behavior/tracking/config.py,52c5f54ad44b6f76a8d143d168bdc942542d5fd263903cbf630f9c58ecf1cdd0,95dd37982251a6b59779e0eed020e266b54fc88c,,NO,RF_CORE_PLUS_OFFLINE_REPAIR_BOUND_SEPARATELY,PARTIAL_INHERITED_DEFAULTS_NOT_DUMPED,BOUND_BY_SOURCE_CODE,Hidden_state,Inherited from the hashed TrackingConfig source; no separate sensitivity claim.,PARTIAL_NO_METHOD_SPECIFIC_SENSITIVITY,FROZEN_BY_PREDICTION_AUTHORITY,Current-main active value. The frozen prediction producer was 89db2d34646434319afcb4a040ba38d183431cfd; inherited defaults were not preserved as a complete runtime dump.
R1_CURRENT_STANDARD_V2_20260728,association,association_debug,false,boolean,INHERITED_DEFAULT_WITH_PROVENANCE,src/pig_behavior/tracking/config.py,52c5f54ad44b6f76a8d143d168bdc942542d5fd263903cbf630f9c58ecf1cdd0,95dd37982251a6b59779e0eed020e266b54fc88c,,NO,RF_CORE_PLUS_OFFLINE_REPAIR_BOUND_SEPARATELY,PARTIAL_INHERITED_DEFAULTS_NOT_DUMPED,BOUND_BY_SOURCE_CODE,association,Inherited from the hashed TrackingConfig source; no separate sensitivity claim.,PARTIAL_NO_METHOD_SPECIFIC_SENSITIVITY,FROZEN_BY_PREDICTION_AUTHORITY,Current-main active value. The frozen prediction producer was 89db2d34646434319afcb4a040ba38d183431cfd; inherited defaults were not preserved as a complete runtime dump.
R1_CURRENT_STANDARD_V2_20260728,detection,causal_hidden_detection_reservation,false,boolean,INHERITED_DEFAULT_WITH_PROVENANCE,src/pig_behavior/tracking/config.py,52c5f54ad44b6f76a8d143d168bdc942542d5fd263903cbf630f9c58ecf1cdd0,95dd37982251a6b59779e0eed020e266b54fc88c,,NO,RF_CORE_PLUS_OFFLINE_REPAIR_BOUND_SEPARATELY,PARTIAL_INHERITED_DEFAULTS_NOT_DUMPED,BOUND_BY_SOURCE_CODE,detection|Hidden_state,Inherited from the hashed TrackingConfig source; no separate sensitivity claim.,PARTIAL_NO_METHOD_SPECIFIC_SENSITIVITY,FROZEN_BY_PREDICTION_AUTHORITY,Current-main active value. The frozen prediction producer was 89db2d34646434319afcb4a040ba38d183431cfd; inherited defaults were not preserved as a complete runtime dump.
R1_CURRENT_STANDARD_V2_20260728,detection,causal_hidden_detection_reservation_allow_visible_hold,false,boolean,INHERITED_DEFAULT_WITH_PROVENANCE,src/pig_behavior/tracking/config.py,52c5f54ad44b6f76a8d143d168bdc942542d5fd263903cbf630f9c58ecf1cdd0,95dd37982251a6b59779e0eed020e266b54fc88c,,NO,RF_CORE_PLUS_OFFLINE_REPAIR_BOUND_SEPARATELY,PARTIAL_INHERITED_DEFAULTS_NOT_DUMPED,BOUND_BY_SOURCE_CODE,detection|Hidden_state,Inherited from the hashed TrackingConfig source; no separate sensitivity claim.,PARTIAL_NO_METHOD_SPECIFIC_SENSITIVITY,FROZEN_BY_PREDICTION_AUTHORITY,Current-main active value. The frozen prediction producer was 89db2d34646434319afcb4a040ba38d183431cfd; inherited defaults were not preserved as a complete runtime dump.
R1_CURRENT_STANDARD_V2_20260728,detection,causal_hidden_detection_reservation_hold_max_claim_cost,0.1,unitless,INHERITED_DEFAULT_WITH_PROVENANCE,src/pig_behavior/tracking/config.py,52c5f54ad44b6f76a8d143d168bdc942542d5fd263903cbf630f9c58ecf1cdd0,95dd37982251a6b59779e0eed020e266b54fc88c,,NO,RF_CORE_PLUS_OFFLINE_REPAIR_BOUND_SEPARATELY,PARTIAL_INHERITED_DEFAULTS_NOT_DUMPED,BOUND_BY_SOURCE_CODE,detection|association|Hidden_state,Inherited from the hashed TrackingConfig source; no separate sensitivity claim.,PARTIAL_NO_METHOD_SPECIFIC_SENSITIVITY,FROZEN_BY_PREDICTION_AUTHORITY,Current-main active value. The frozen prediction producer was 89db2d34646434319afcb4a040ba38d183431cfd; inherited defaults were not preserved as a complete runtime dump.
R1_CURRENT_STANDARD_V2_20260728,detection,causal_hidden_detection_reservation_hold_min_gain,0.1,unitless,INHERITED_DEFAULT_WITH_PROVENANCE,src/pig_behavior/tracking/config.py,52c5f54ad44b6f76a8d143d168bdc942542d5fd263903cbf630f9c58ecf1cdd0,95dd37982251a6b59779e0eed020e266b54fc88c,,NO,RF_CORE_PLUS_OFFLINE_REPAIR_BOUND_SEPARATELY,PARTIAL_INHERITED_DEFAULTS_NOT_DUMPED,BOUND_BY_SOURCE_CODE,detection|Hidden_state,Inherited from the hashed TrackingConfig source; no separate sensitivity claim.,PARTIAL_NO_METHOD_SPECIFIC_SENSITIVITY,FROZEN_BY_PREDICTION_AUTHORITY,Current-main active value. The frozen prediction producer was 89db2d34646434319afcb4a040ba38d183431cfd; inherited defaults were not preserved as a complete runtime dump.
R1_CURRENT_STANDARD_V2_20260728,detection,causal_hidden_detection_reservation_hold_min_iom,0.96,unitless,INHERITED_DEFAULT_WITH_PROVENANCE,src/pig_behavior/tracking/config.py,52c5f54ad44b6f76a8d143d168bdc942542d5fd263903cbf630f9c58ecf1cdd0,95dd37982251a6b59779e0eed020e266b54fc88c,,NO,RF_CORE_PLUS_OFFLINE_REPAIR_BOUND_SEPARATELY,PARTIAL_INHERITED_DEFAULTS_NOT_DUMPED,BOUND_BY_SOURCE_CODE,detection|Hidden_state,Inherited from the hashed TrackingConfig source; no separate sensitivity claim.,PARTIAL_NO_METHOD_SPECIFIC_SENSITIVITY,FROZEN_BY_PREDICTION_AUTHORITY,Current-main active value. The frozen prediction producer was 89db2d34646434319afcb4a040ba38d183431cfd; inherited defaults were not preserved as a complete runtime dump.
R1_CURRENT_STANDARD_V2_20260728,detection,causal_hidden_detection_reservation_hold_min_visible_cost,0.2,unitless,INHERITED_DEFAULT_WITH_PROVENANCE,src/pig_behavior/tracking/config.py,52c5f54ad44b6f76a8d143d168bdc942542d5fd263903cbf630f9c58ecf1cdd0,95dd37982251a6b59779e0eed020e266b54fc88c,,NO,RF_CORE_PLUS_OFFLINE_REPAIR_BOUND_SEPARATELY,PARTIAL_INHERITED_DEFAULTS_NOT_DUMPED,BOUND_BY_SOURCE_CODE,detection|association|Hidden_state,Inherited from the hashed TrackingConfig source; no separate sensitivity claim.,PARTIAL_NO_METHOD_SPECIFIC_SENSITIVITY,FROZEN_BY_PREDICTION_AUTHORITY,Current-main active value. The frozen prediction producer was 89db2d34646434319afcb4a040ba38d183431cfd; inherited defaults were not preserved as a complete runtime dump.
R1_CURRENT_STANDARD_V2_20260728,detection,causal_hidden_detection_reservation_hold_reserved_reid,false,boolean,INHERITED_DEFAULT_WITH_PROVENANCE,src/pig_behavior/tracking/config.py,52c5f54ad44b6f76a8d143d168bdc942542d5fd263903cbf630f9c58ecf1cdd0,95dd37982251a6b59779e0eed020e266b54fc88c,,NO,RF_CORE_PLUS_OFFLINE_REPAIR_BOUND_SEPARATELY,PARTIAL_INHERITED_DEFAULTS_NOT_DUMPED,BOUND_BY_SOURCE_CODE,detection|Hidden_state,Inherited from the hashed TrackingConfig source; no separate sensitivity claim.,PARTIAL_NO_METHOD_SPECIFIC_SENSITIVITY,FROZEN_BY_PREDICTION_AUTHORITY,Current-main active value. The frozen prediction producer was 89db2d34646434319afcb4a040ba38d183431cfd; inherited defaults were not preserved as a complete runtime dump.
R1_CURRENT_STANDARD_V2_20260728,detection,causal_hidden_detection_reservation_max_alternative_cost,0.78,unitless,INHERITED_DEFAULT_WITH_PROVENANCE,src/pig_behavior/tracking/config.py,52c5f54ad44b6f76a8d143d168bdc942542d5fd263903cbf630f9c58ecf1cdd0,95dd37982251a6b59779e0eed020e266b54fc88c,,NO,RF_CORE_PLUS_OFFLINE_REPAIR_BOUND_SEPARATELY,PARTIAL_INHERITED_DEFAULTS_NOT_DUMPED,BOUND_BY_SOURCE_CODE,detection|association|Hidden_state,Inherited from the hashed TrackingConfig source; no separate sensitivity claim.,PARTIAL_NO_METHOD_SPECIFIC_SENSITIVITY,FROZEN_BY_PREDICTION_AUTHORITY,Current-main active value. The frozen prediction producer was 89db2d34646434319afcb4a040ba38d183431cfd; inherited defaults were not preserved as a complete runtime dump.
R1_CURRENT_STANDARD_V2_20260728,detection,causal_hidden_detection_reservation_max_center_distance,0.09,unitless,INHERITED_DEFAULT_WITH_PROVENANCE,src/pig_behavior/tracking/config.py,52c5f54ad44b6f76a8d143d168bdc942542d5fd263903cbf630f9c58ecf1cdd0,95dd37982251a6b59779e0eed020e266b54fc88c,,NO,RF_CORE_PLUS_OFFLINE_REPAIR_BOUND_SEPARATELY,PARTIAL_INHERITED_DEFAULTS_NOT_DUMPED,BOUND_BY_SOURCE_CODE,detection|Hidden_state,Inherited from the hashed TrackingConfig source; no separate sensitivity claim.,PARTIAL_NO_METHOD_SPECIFIC_SENSITIVITY,FROZEN_BY_PREDICTION_AUTHORITY,Current-main active value. The frozen prediction producer was 89db2d34646434319afcb4a040ba38d183431cfd; inherited defaults were not preserved as a complete runtime dump.
R1_CURRENT_STANDARD_V2_20260728,detection,causal_hidden_detection_reservation_max_claim_cost,0.25,unitless,INHERITED_DEFAULT_WITH_PROVENANCE,src/pig_behavior/tracking/config.py,52c5f54ad44b6f76a8d143d168bdc942542d5fd263903cbf630f9c58ecf1cdd0,95dd37982251a6b59779e0eed020e266b54fc88c,,NO,RF_CORE_PLUS_OFFLINE_REPAIR_BOUND_SEPARATELY,PARTIAL_INHERITED_DEFAULTS_NOT_DUMPED,BOUND_BY_SOURCE_CODE,detection|association|Hidden_state,Inherited from the hashed TrackingConfig source; no separate sensitivity claim.,PARTIAL_NO_METHOD_SPECIFIC_SENSITIVITY,FROZEN_BY_PREDICTION_AUTHORITY,Current-main active value. The frozen prediction producer was 89db2d34646434319afcb4a040ba38d183431cfd; inherited defaults were not preserved as a complete runtime dump.
R1_CURRENT_STANDARD_V2_20260728,detection,causal_hidden_detection_reservation_max_missed,5,frames,INHERITED_DEFAULT_WITH_PROVENANCE,src/pig_behavior/tracking/config.py,52c5f54ad44b6f76a8d143d168bdc942542d5fd263903cbf630f9c58ecf1cdd0,95dd37982251a6b59779e0eed020e266b54fc88c,,NO,RF_CORE_PLUS_OFFLINE_REPAIR_BOUND_SEPARATELY,PARTIAL_INHERITED_DEFAULTS_NOT_DUMPED,BOUND_BY_SOURCE_CODE,detection|lifecycle|Hidden_state,Inherited from the hashed TrackingConfig source; no separate sensitivity claim.,PARTIAL_NO_METHOD_SPECIFIC_SENSITIVITY,FROZEN_BY_PREDICTION_AUTHORITY,Current-main active value. The frozen prediction producer was 89db2d34646434319afcb4a040ba38d183431cfd; inherited defaults were not preserved as a complete runtime dump.
R1_CURRENT_STANDARD_V2_20260728,detection,causal_hidden_detection_reservation_min_gain,0.08,unitless,INHERITED_DEFAULT_WITH_PROVENANCE,src/pig_behavior/tracking/config.py,52c5f54ad44b6f76a8d143d168bdc942542d5fd263903cbf630f9c58ecf1cdd0,95dd37982251a6b59779e0eed020e266b54fc88c,,NO,RF_CORE_PLUS_OFFLINE_REPAIR_BOUND_SEPARATELY,PARTIAL_INHERITED_DEFAULTS_NOT_DUMPED,BOUND_BY_SOURCE_CODE,detection|Hidden_state,Inherited from the hashed TrackingConfig source; no separate sensitivity claim.,PARTIAL_NO_METHOD_SPECIFIC_SENSITIVITY,FROZEN_BY_PREDICTION_AUTHORITY,Current-main active value. The frozen prediction producer was 89db2d34646434319afcb4a040ba38d183431cfd; inherited defaults were not preserved as a complete runtime dump.
R1_CURRENT_STANDARD_V2_20260728,detection,causal_hidden_detection_reservation_min_iom,0.55,unitless,INHERITED_DEFAULT_WITH_PROVENANCE,src/pig_behavior/tracking/config.py,52c5f54ad44b6f76a8d143d168bdc942542d5fd263903cbf630f9c58ecf1cdd0,95dd37982251a6b59779e0eed020e266b54fc88c,,NO,RF_CORE_PLUS_OFFLINE_REPAIR_BOUND_SEPARATELY,PARTIAL_INHERITED_DEFAULTS_NOT_DUMPED,BOUND_BY_SOURCE_CODE,detection|Hidden_state,Inherited from the hashed TrackingConfig source; no separate sensitivity claim.,PARTIAL_NO_METHOD_SPECIFIC_SENSITIVITY,FROZEN_BY_PREDICTION_AUTHORITY,Current-main active value. The frozen prediction producer was 89db2d34646434319afcb4a040ba38d183431cfd; inherited defaults were not preserved as a complete runtime dump.
R1_CURRENT_STANDARD_V2_20260728,detection,class_id,null,not applicable,DATA_SCHEMA_CONSTRAINT,src/pig_behavior/tracking/config.py,52c5f54ad44b6f76a8d143d168bdc942542d5fd263903cbf630f9c58ecf1cdd0,95dd37982251a6b59779e0eed020e266b54fc88c,,NO,RF_CORE_PLUS_OFFLINE_REPAIR_BOUND_SEPARATELY,PARTIAL_INHERITED_DEFAULTS_NOT_DUMPED,BOUND_BY_SOURCE_CODE,detection,Bound to the repository data/cache/export schema.,SUFFICIENT,FROZEN_BY_PREDICTION_AUTHORITY,Current-main active value. The frozen prediction producer was 89db2d34646434319afcb4a040ba38d183431cfd; inherited defaults were not preserved as a complete runtime dump.
R1_CURRENT_STANDARD_V2_20260728,engineering_or_indirect,clean_coco_annotations_json,null,not applicable,INHERITED_DEFAULT_WITH_PROVENANCE,src/pig_behavior/tracking/config.py,52c5f54ad44b6f76a8d143d168bdc942542d5fd263903cbf630f9c58ecf1cdd0,95dd37982251a6b59779e0eed020e266b54fc88c,,NO,RF_CORE_PLUS_OFFLINE_REPAIR_BOUND_SEPARATELY,PARTIAL_INHERITED_DEFAULTS_NOT_DUMPED,BOUND_BY_SOURCE_CODE,engineering_or_indirect,Inherited from the hashed TrackingConfig source; no separate sensitivity claim.,PARTIAL_NO_METHOD_SPECIFIC_SENSITIVITY,FROZEN_BY_PREDICTION_AUTHORITY,Current-main active value. The frozen prediction producer was 89db2d34646434319afcb4a040ba38d183431cfd; inherited defaults were not preserved as a complete runtime dump.
R1_CURRENT_STANDARD_V2_20260728,engineering_or_indirect,coco_annotations_json,null,not applicable,INHERITED_DEFAULT_WITH_PROVENANCE,src/pig_behavior/tracking/config.py,52c5f54ad44b6f76a8d143d168bdc942542d5fd263903cbf630f9c58ecf1cdd0,95dd37982251a6b59779e0eed020e266b54fc88c,,NO,RF_CORE_PLUS_OFFLINE_REPAIR_BOUND_SEPARATELY,PARTIAL_INHERITED_DEFAULTS_NOT_DUMPED,BOUND_BY_SOURCE_CODE,engineering_or_indirect,Inherited from the hashed TrackingConfig source; no separate sensitivity claim.,PARTIAL_NO_METHOD_SPECIFIC_SENSITIVITY,FROZEN_BY_PREDICTION_AUTHORITY,Current-main active value. The frozen prediction producer was 89db2d34646434319afcb4a040ba38d183431cfd; inherited defaults were not preserved as a complete runtime dump.
R1_CURRENT_STANDARD_V2_20260728,engineering_or_indirect,conf,null,not applicable,INHERITED_DEFAULT_WITH_PROVENANCE,src/pig_behavior/tracking/config.py,52c5f54ad44b6f76a8d143d168bdc942542d5fd263903cbf630f9c58ecf1cdd0,95dd37982251a6b59779e0eed020e266b54fc88c,,NO,RF_CORE_PLUS_OFFLINE_REPAIR_BOUND_SEPARATELY,PARTIAL_INHERITED_DEFAULTS_NOT_DUMPED,BOUND_BY_SOURCE_CODE,engineering_or_indirect,Inherited from the hashed TrackingConfig source; no separate sensitivity claim.,PARTIAL_NO_METHOD_SPECIFIC_SENSITIVITY,FROZEN_BY_PREDICTION_AUTHORITY,Current-main active value. The frozen prediction producer was 89db2d34646434319afcb4a040ba38d183431cfd; inherited defaults were not preserved as a complete runtime dump.
R1_CURRENT_STANDARD_V2_20260728,runtime,cvat_video_xml,null,not applicable,INHERITED_DEFAULT_WITH_PROVENANCE,src/pig_behavior/tracking/config.py,52c5f54ad44b6f76a8d143d168bdc942542d5fd263903cbf630f9c58ecf1cdd0,95dd37982251a6b59779e0eed020e266b54fc88c,,NO,RF_CORE_PLUS_OFFLINE_REPAIR_BOUND_SEPARATELY,PARTIAL_INHERITED_DEFAULTS_NOT_DUMPED,BOUND_BY_SOURCE_CODE,runtime,Inherited from the hashed TrackingConfig source; no separate sensitivity claim.,PARTIAL_NO_METHOD_SPECIFIC_SENSITIVITY,FROZEN_BY_PREDICTION_AUTHORITY,Current-main active value. The frozen prediction producer was 89db2d34646434319afcb4a040ba38d183431cfd; inherited defaults were not preserved as a complete runtime dump.
R1_CURRENT_STANDARD_V2_20260728,engineering_or_indirect,default_behavior,"""lying""",categorical/path,INHERITED_DEFAULT_WITH_PROVENANCE,src/pig_behavior/tracking/config.py,52c5f54ad44b6f76a8d143d168bdc942542d5fd263903cbf630f9c58ecf1cdd0,95dd37982251a6b59779e0eed020e266b54fc88c,,NO,RF_CORE_PLUS_OFFLINE_REPAIR_BOUND_SEPARATELY,PARTIAL_INHERITED_DEFAULTS_NOT_DUMPED,BOUND_BY_SOURCE_CODE,engineering_or_indirect,Inherited from the hashed TrackingConfig source; no separate sensitivity claim.,PARTIAL_NO_METHOD_SPECIFIC_SENSITIVITY,FROZEN_BY_PREDICTION_AUTHORITY,Current-main active value. The frozen prediction producer was 89db2d34646434319afcb4a040ba38d183431cfd; inherited defaults were not preserved as a complete runtime dump.
R1_CURRENT_STANDARD_V2_20260728,detection,det_conf,0.25,unitless ratio,PREDECLARED_DEVELOPMENT_SELECTION,src/pig_behavior/tracking/profiles/rf_hybrid_offline.py,bc7c20c21bf6ce283fb8f0ba34b36705805a52591b705a16c81f9014bb755ce9,95dd37982251a6b59779e0eed020e266b54fc88c,0.25,YES,RF_CORE_PLUS_OFFLINE_REPAIR_BOUND_SEPARATELY,YES_PROFILE_OVERRIDE_ONLY,BOUND_BY_EFFECTIVE_CONFIG,detection,Profile override frozen by a development authority before its authority run.,SUFFICIENT_WITH_DEVELOPMENT_SCOPE_LIMITATION,FROZEN_BY_PREDICTION_AUTHORITY,Current-main active value. The frozen prediction producer was 89db2d34646434319afcb4a040ba38d183431cfd; inherited defaults were not preserved as a complete runtime dump.
R1_CURRENT_STANDARD_V2_20260728,detection,detect_every_n_frames,2,frames,PREDECLARED_DEVELOPMENT_SELECTION,src/pig_behavior/tracking/profiles/rf_hybrid_offline.py,bc7c20c21bf6ce283fb8f0ba34b36705805a52591b705a16c81f9014bb755ce9,95dd37982251a6b59779e0eed020e266b54fc88c,2,YES,RF_CORE_PLUS_OFFLINE_REPAIR_BOUND_SEPARATELY,YES_PROFILE_OVERRIDE_ONLY,BOUND_BY_EFFECTIVE_CONFIG,detection|runtime,Profile override frozen by a development authority before its authority run.,SUFFICIENT_WITH_DEVELOPMENT_SCOPE_LIMITATION,FROZEN_BY_PREDICTION_AUTHORITY,Current-main active value. The frozen prediction producer was 89db2d34646434319afcb4a040ba38d183431cfd; inherited defaults were not preserved as a complete runtime dump.
R1_CURRENT_STANDARD_V2_20260728,runtime,device,null,not applicable,HARDWARE_OR_RUNTIME_CONSTRAINT,src/pig_behavior/tracking/config.py,52c5f54ad44b6f76a8d143d168bdc942542d5fd263903cbf630f9c58ecf1cdd0,95dd37982251a6b59779e0eed020e266b54fc88c,,NO,RF_CORE_PLUS_OFFLINE_REPAIR_BOUND_SEPARATELY,PARTIAL_INHERITED_DEFAULTS_NOT_DUMPED,BOUND_BY_SOURCE_CODE,runtime,Execution/safety constraint rather than a quality claim.,SUFFICIENT,FROZEN_BY_PREDICTION_AUTHORITY,Current-main active value. The frozen prediction producer was 89db2d34646434319afcb4a040ba38d183431cfd; inherited defaults were not preserved as a complete runtime dump.
R1_CURRENT_STANDARD_V2_20260728,engineering_or_indirect,directional_y_margin_px,5.0,unitless,INHERITED_DEFAULT_WITH_PROVENANCE,src/pig_behavior/tracking/config.py,52c5f54ad44b6f76a8d143d168bdc942542d5fd263903cbf630f9c58ecf1cdd0,95dd37982251a6b59779e0eed020e266b54fc88c,,NO,RF_CORE_PLUS_OFFLINE_REPAIR_BOUND_SEPARATELY,PARTIAL_INHERITED_DEFAULTS_NOT_DUMPED,BOUND_BY_SOURCE_CODE,engineering_or_indirect,Inherited from the hashed TrackingConfig source; no separate sensitivity claim.,PARTIAL_NO_METHOD_SPECIFIC_SENSITIVITY,FROZEN_BY_PREDICTION_AUTHORITY,Current-main active value. The frozen prediction producer was 89db2d34646434319afcb4a040ba38d183431cfd; inherited defaults were not preserved as a complete runtime dump.
R1_CURRENT_STANDARD_V2_20260728,engineering_or_indirect,directional_y_penalty_weight,0.12,unitless,INHERITED_DEFAULT_WITH_PROVENANCE,src/pig_behavior/tracking/config.py,52c5f54ad44b6f76a8d143d168bdc942542d5fd263903cbf630f9c58ecf1cdd0,95dd37982251a6b59779e0eed020e266b54fc88c,,NO,RF_CORE_PLUS_OFFLINE_REPAIR_BOUND_SEPARATELY,PARTIAL_INHERITED_DEFAULTS_NOT_DUMPED,BOUND_BY_SOURCE_CODE,engineering_or_indirect,Inherited from the hashed TrackingConfig source; no separate sensitivity claim.,PARTIAL_NO_METHOD_SPECIFIC_SENSITIVITY,FROZEN_BY_PREDICTION_AUTHORITY,Current-main active value. The frozen prediction producer was 89db2d34646434319afcb4a040ba38d183431cfd; inherited defaults were not preserved as a complete runtime dump.
R1_CURRENT_STANDARD_V2_20260728,engineering_or_indirect,directional_y_prior,true,boolean,INHERITED_DEFAULT_WITH_PROVENANCE,src/pig_behavior/tracking/config.py,52c5f54ad44b6f76a8d143d168bdc942542d5fd263903cbf630f9c58ecf1cdd0,95dd37982251a6b59779e0eed020e266b54fc88c,,NO,RF_CORE_PLUS_OFFLINE_REPAIR_BOUND_SEPARATELY,PARTIAL_INHERITED_DEFAULTS_NOT_DUMPED,BOUND_BY_SOURCE_CODE,engineering_or_indirect,Inherited from the hashed TrackingConfig source; no separate sensitivity claim.,PARTIAL_NO_METHOD_SPECIFIC_SENSITIVITY,FROZEN_BY_PREDICTION_AUTHORITY,Current-main active value. The frozen prediction producer was 89db2d34646434319afcb4a040ba38d183431cfd; inherited defaults were not preserved as a complete runtime dump.
R1_CURRENT_STANDARD_V2_20260728,engineering_or_indirect,directional_y_velocity_epsilon_px,3.0,unitless,INHERITED_DEFAULT_WITH_PROVENANCE,src/pig_behavior/tracking/config.py,52c5f54ad44b6f76a8d143d168bdc942542d5fd263903cbf630f9c58ecf1cdd0,95dd37982251a6b59779e0eed020e266b54fc88c,,NO,RF_CORE_PLUS_OFFLINE_REPAIR_BOUND_SEPARATELY,PARTIAL_INHERITED_DEFAULTS_NOT_DUMPED,BOUND_BY_SOURCE_CODE,engineering_or_indirect,Inherited from the hashed TrackingConfig source; no separate sensitivity claim.,PARTIAL_NO_METHOD_SPECIFIC_SENSITIVITY,FROZEN_BY_PREDICTION_AUTHORITY,Current-main active value. The frozen prediction producer was 89db2d34646434319afcb4a040ba38d183431cfd; inherited defaults were not preserved as a complete runtime dump.
R1_CURRENT_STANDARD_V2_20260728,engineering_or_indirect,display_inline,false,boolean,INHERITED_DEFAULT_WITH_PROVENANCE,src/pig_behavior/tracking/config.py,52c5f54ad44b6f76a8d143d168bdc942542d5fd263903cbf630f9c58ecf1cdd0,95dd37982251a6b59779e0eed020e266b54fc88c,,NO,RF_CORE_PLUS_OFFLINE_REPAIR_BOUND_SEPARATELY,PARTIAL_INHERITED_DEFAULTS_NOT_DUMPED,BOUND_BY_SOURCE_CODE,engineering_or_indirect,Inherited from the hashed TrackingConfig source; no separate sensitivity claim.,PARTIAL_NO_METHOD_SPECIFIC_SENSITIVITY,FROZEN_BY_PREDICTION_AUTHORITY,Current-main active value. The frozen prediction producer was 89db2d34646434319afcb4a040ba38d183431cfd; inherited defaults were not preserved as a complete runtime dump.
R1_CURRENT_STANDARD_V2_20260728,detection,draw_mask_outline,true,boolean,INHERITED_DEFAULT_WITH_PROVENANCE,src/pig_behavior/tracking/config.py,52c5f54ad44b6f76a8d143d168bdc942542d5fd263903cbf630f9c58ecf1cdd0,95dd37982251a6b59779e0eed020e266b54fc88c,,NO,RF_CORE_PLUS_OFFLINE_REPAIR_BOUND_SEPARATELY,PARTIAL_INHERITED_DEFAULTS_NOT_DUMPED,BOUND_BY_SOURCE_CODE,detection,Inherited from the hashed TrackingConfig source; no separate sensitivity claim.,PARTIAL_NO_METHOD_SPECIFIC_SENSITIVITY,FROZEN_BY_PREDICTION_AUTHORITY,Current-main active value. The frozen prediction producer was 89db2d34646434319afcb4a040ba38d183431cfd; inherited defaults were not preserved as a complete runtime dump.
R1_CURRENT_STANDARD_V2_20260728,engineering_or_indirect,dup_area_ratio_threshold,0.8,unitless,INHERITED_DEFAULT_WITH_PROVENANCE,src/pig_behavior/tracking/config.py,52c5f54ad44b6f76a8d143d168bdc942542d5fd263903cbf630f9c58ecf1cdd0,95dd37982251a6b59779e0eed020e266b54fc88c,,NO,RF_CORE_PLUS_OFFLINE_REPAIR_BOUND_SEPARATELY,PARTIAL_INHERITED_DEFAULTS_NOT_DUMPED,BOUND_BY_SOURCE_CODE,engineering_or_indirect,Inherited from the hashed TrackingConfig source; no separate sensitivity claim.,PARTIAL_NO_METHOD_SPECIFIC_SENSITIVITY,FROZEN_BY_PREDICTION_AUTHORITY,Current-main active value. The frozen prediction producer was 89db2d34646434319afcb4a040ba38d183431cfd; inherited defaults were not preserved as a complete runtime dump.
R1_CURRENT_STANDARD_V2_20260728,engineering_or_indirect,dup_center_threshold,0.35,unitless,INHERITED_DEFAULT_WITH_PROVENANCE,src/pig_behavior/tracking/config.py,52c5f54ad44b6f76a8d143d168bdc942542d5fd263903cbf630f9c58ecf1cdd0,95dd37982251a6b59779e0eed020e266b54fc88c,,NO,RF_CORE_PLUS_OFFLINE_REPAIR_BOUND_SEPARATELY,PARTIAL_INHERITED_DEFAULTS_NOT_DUMPED,BOUND_BY_SOURCE_CODE,engineering_or_indirect,Inherited from the hashed TrackingConfig source; no separate sensitivity claim.,PARTIAL_NO_METHOD_SPECIFIC_SENSITIVITY,FROZEN_BY_PREDICTION_AUTHORITY,Current-main active value. The frozen prediction producer was 89db2d34646434319afcb4a040ba38d183431cfd; inherited defaults were not preserved as a complete runtime dump.
R1_CURRENT_STANDARD_V2_20260728,engineering_or_indirect,dup_containment_threshold,0.85,unitless,INHERITED_DEFAULT_WITH_PROVENANCE,src/pig_behavior/tracking/config.py,52c5f54ad44b6f76a8d143d168bdc942542d5fd263903cbf630f9c58ecf1cdd0,95dd37982251a6b59779e0eed020e266b54fc88c,,NO,RF_CORE_PLUS_OFFLINE_REPAIR_BOUND_SEPARATELY,PARTIAL_INHERITED_DEFAULTS_NOT_DUMPED,BOUND_BY_SOURCE_CODE,engineering_or_indirect,Inherited from the hashed TrackingConfig source; no separate sensitivity claim.,PARTIAL_NO_METHOD_SPECIFIC_SENSITIVITY,FROZEN_BY_PREDICTION_AUTHORITY,Current-main active value. The frozen prediction producer was 89db2d34646434319afcb4a040ba38d183431cfd; inherited defaults were not preserved as a complete runtime dump.
R1_CURRENT_STANDARD_V2_20260728,association,dup_iou_threshold,0.6,unitless ratio,INHERITED_DEFAULT_WITH_PROVENANCE,src/pig_behavior/tracking/config.py,52c5f54ad44b6f76a8d143d168bdc942542d5fd263903cbf630f9c58ecf1cdd0,95dd37982251a6b59779e0eed020e266b54fc88c,,NO,RF_CORE_PLUS_OFFLINE_REPAIR_BOUND_SEPARATELY,PARTIAL_INHERITED_DEFAULTS_NOT_DUMPED,BOUND_BY_SOURCE_CODE,association,Inherited from the hashed TrackingConfig source; no separate sensitivity claim.,PARTIAL_NO_METHOD_SPECIFIC_SENSITIVITY,FROZEN_BY_PREDICTION_AUTHORITY,Current-main active value. The frozen prediction producer was 89db2d34646434319afcb4a040ba38d183431cfd; inherited defaults were not preserved as a complete runtime dump.
R1_CURRENT_STANDARD_V2_20260728,Hidden_state,emit_hidden_tracks,true,boolean,INHERITED_DEFAULT_WITH_PROVENANCE,src/pig_behavior/tracking/config.py,52c5f54ad44b6f76a8d143d168bdc942542d5fd263903cbf630f9c58ecf1cdd0,95dd37982251a6b59779e0eed020e266b54fc88c,,NO,RF_CORE_PLUS_OFFLINE_REPAIR_BOUND_SEPARATELY,PARTIAL_INHERITED_DEFAULTS_NOT_DUMPED,BOUND_BY_SOURCE_CODE,Hidden_state,Inherited from the hashed TrackingConfig source; no separate sensitivity claim.,PARTIAL_NO_METHOD_SPECIFIC_SENSITIVITY,FROZEN_BY_PREDICTION_AUTHORITY,Current-main active value. The frozen prediction producer was 89db2d34646434319afcb4a040ba38d183431cfd; inherited defaults were not preserved as a complete runtime dump.
R1_CURRENT_STANDARD_V2_20260728,bbox_geometry,enable_offline_smoothing,false,boolean,PREDECLARED_DEVELOPMENT_SELECTION,src/pig_behavior/tracking/profiles/rf_hybrid_offline.py,bc7c20c21bf6ce283fb8f0ba34b36705805a52591b705a16c81f9014bb755ce9,95dd37982251a6b59779e0eed020e266b54fc88c,false,YES,RF_CORE_PLUS_OFFLINE_REPAIR_BOUND_SEPARATELY,YES_PROFILE_OVERRIDE_ONLY,BOUND_BY_EFFECTIVE_CONFIG,bbox_geometry,Profile override frozen by a development authority before its authority run.,SUFFICIENT_WITH_DEVELOPMENT_SCOPE_LIMITATION,FROZEN_BY_PREDICTION_AUTHORITY,Current-main active value. The frozen prediction producer was 89db2d34646434319afcb4a040ba38d183431cfd; inherited defaults were not preserved as a complete runtime dump.
R1_CURRENT_STANDARD_V2_20260728,identity_repair,episode_pair_swap_anchor_window_frames,8,frames,INHERITED_DEFAULT_WITH_PROVENANCE,src/pig_behavior/tracking/config.py,52c5f54ad44b6f76a8d143d168bdc942542d5fd263903cbf630f9c58ecf1cdd0,95dd37982251a6b59779e0eed020e266b54fc88c,,NO,RF_CORE_PLUS_OFFLINE_REPAIR_BOUND_SEPARATELY,PARTIAL_INHERITED_DEFAULTS_NOT_DUMPED,BOUND_BY_SOURCE_CODE,identity_repair|runtime,Inherited from the hashed TrackingConfig source; no separate sensitivity claim.,PARTIAL_NO_METHOD_SPECIFIC_SENSITIVITY,FROZEN_BY_PREDICTION_AUTHORITY,Current-main active value. The frozen prediction producer was 89db2d34646434319afcb4a040ba38d183431cfd; inherited defaults were not preserved as a complete runtime dump.
R1_CURRENT_STANDARD_V2_20260728,identity_repair,episode_pair_swap_max_frames,12,frames,HARDWARE_OR_RUNTIME_CONSTRAINT,src/pig_behavior/tracking/config.py,52c5f54ad44b6f76a8d143d168bdc942542d5fd263903cbf630f9c58ecf1cdd0,95dd37982251a6b59779e0eed020e266b54fc88c,,NO,RF_CORE_PLUS_OFFLINE_REPAIR_BOUND_SEPARATELY,PARTIAL_INHERITED_DEFAULTS_NOT_DUMPED,BOUND_BY_SOURCE_CODE,identity_repair|runtime,Execution/safety constraint rather than a quality claim.,SUFFICIENT,FROZEN_BY_PREDICTION_AUTHORITY,Current-main active value. The frozen prediction producer was 89db2d34646434319afcb4a040ba38d183431cfd; inherited defaults were not preserved as a complete runtime dump.
R1_CURRENT_STANDARD_V2_20260728,identity_repair,episode_pair_swap_min_motion_gain,0.1,unitless,INHERITED_DEFAULT_WITH_PROVENANCE,src/pig_behavior/tracking/config.py,52c5f54ad44b6f76a8d143d168bdc942542d5fd263903cbf630f9c58ecf1cdd0,95dd37982251a6b59779e0eed020e266b54fc88c,,NO,RF_CORE_PLUS_OFFLINE_REPAIR_BOUND_SEPARATELY,PARTIAL_INHERITED_DEFAULTS_NOT_DUMPED,BOUND_BY_SOURCE_CODE,identity_repair,Inherited from the hashed TrackingConfig source; no separate sensitivity claim.,PARTIAL_NO_METHOD_SPECIFIC_SENSITIVITY,FROZEN_BY_PREDICTION_AUTHORITY,Current-main active value. The frozen prediction producer was 89db2d34646434319afcb4a040ba38d183431cfd; inherited defaults were not preserved as a complete runtime dump.
R1_CURRENT_STANDARD_V2_20260728,association,episode_pair_swap_min_overlap_iou,0.2,unitless ratio,INHERITED_DEFAULT_WITH_PROVENANCE,src/pig_behavior/tracking/config.py,52c5f54ad44b6f76a8d143d168bdc942542d5fd263903cbf630f9c58ecf1cdd0,95dd37982251a6b59779e0eed020e266b54fc88c,,NO,RF_CORE_PLUS_OFFLINE_REPAIR_BOUND_SEPARATELY,PARTIAL_INHERITED_DEFAULTS_NOT_DUMPED,BOUND_BY_SOURCE_CODE,association|identity_repair,Inherited from the hashed TrackingConfig source; no separate sensitivity claim.,PARTIAL_NO_METHOD_SPECIFIC_SENSITIVITY,FROZEN_BY_PREDICTION_AUTHORITY,Current-main active value. The frozen prediction producer was 89db2d34646434319afcb4a040ba38d183431cfd; inherited defaults were not preserved as a complete runtime dump.
R1_CURRENT_STANDARD_V2_20260728,identity_repair,episode_pair_swap_repair,false,boolean,INHERITED_DEFAULT_WITH_PROVENANCE,src/pig_behavior/tracking/config.py,52c5f54ad44b6f76a8d143d168bdc942542d5fd263903cbf630f9c58ecf1cdd0,95dd37982251a6b59779e0eed020e266b54fc88c,,NO,RF_CORE_PLUS_OFFLINE_REPAIR_BOUND_SEPARATELY,PARTIAL_INHERITED_DEFAULTS_NOT_DUMPED,BOUND_BY_SOURCE_CODE,identity_repair,Inherited from the hashed TrackingConfig source; no separate sensitivity claim.,PARTIAL_NO_METHOD_SPECIFIC_SENSITIVITY,FROZEN_BY_PREDICTION_AUTHORITY,Current-main active value. The frozen prediction producer was 89db2d34646434319afcb4a040ba38d183431cfd; inherited defaults were not preserved as a complete runtime dump.
R1_CURRENT_STANDARD_V2_20260728,engineering_or_indirect,expected_pigs,8,count,ORIGINAL_METHOD_SPECIFICATION,src/pig_behavior/tracking/config.py,52c5f54ad44b6f76a8d143d168bdc942542d5fd263903cbf630f9c58ecf1cdd0,95dd37982251a6b59779e0eed020e266b54fc88c,,NO,RF_CORE_PLUS_OFFLINE_REPAIR_BOUND_SEPARATELY,PARTIAL_INHERITED_DEFAULTS_NOT_DUMPED,BOUND_BY_SOURCE_CODE,engineering_or_indirect,Defines the method family or locked eight-animal task.,SUFFICIENT,FROZEN_BY_PREDICTION_AUTHORITY,Current-main active value. The frozen prediction producer was 89db2d34646434319afcb4a040ba38d183431cfd; inherited defaults were not preserved as a complete runtime dump.
R1_CURRENT_STANDARD_V2_20260728,Hidden_state,far_camera_hidden_geometry_max_center_shift,0.12,unitless,INHERITED_DEFAULT_WITH_PROVENANCE,src/pig_behavior/tracking/config.py,52c5f54ad44b6f76a8d143d168bdc942542d5fd263903cbf630f9c58ecf1cdd0,95dd37982251a6b59779e0eed020e266b54fc88c,,NO,RF_CORE_PLUS_OFFLINE_REPAIR_BOUND_SEPARATELY,PARTIAL_INHERITED_DEFAULTS_NOT_DUMPED,BOUND_BY_SOURCE_CODE,Hidden_state|bbox_geometry,Inherited from the hashed TrackingConfig source; no separate sensitivity claim.,PARTIAL_NO_METHOD_SPECIFIC_SENSITIVITY,FROZEN_BY_PREDICTION_AUTHORITY,Current-main active value. The frozen prediction producer was 89db2d34646434319afcb4a040ba38d183431cfd; inherited defaults were not preserved as a complete runtime dump.
R1_CURRENT_STANDARD_V2_20260728,Hidden_state,far_camera_hidden_geometry_max_future_gap_frames,15,frames,INHERITED_DEFAULT_WITH_PROVENANCE,src/pig_behavior/tracking/config.py,52c5f54ad44b6f76a8d143d168bdc942542d5fd263903cbf630f9c58ecf1cdd0,95dd37982251a6b59779e0eed020e266b54fc88c,,NO,RF_CORE_PLUS_OFFLINE_REPAIR_BOUND_SEPARATELY,PARTIAL_INHERITED_DEFAULTS_NOT_DUMPED,BOUND_BY_SOURCE_CODE,Hidden_state|bbox_geometry|runtime,Inherited from the hashed TrackingConfig source; no separate sensitivity claim.,PARTIAL_NO_METHOD_SPECIFIC_SENSITIVITY,FROZEN_BY_PREDICTION_AUTHORITY,Current-main active value. The frozen prediction producer was 89db2d34646434319afcb4a040ba38d183431cfd; inherited defaults were not preserved as a complete runtime dump.
R1_CURRENT_STANDARD_V2_20260728,Hidden_state,far_camera_hidden_geometry_min_height_excess,0.15,unitless,INHERITED_DEFAULT_WITH_PROVENANCE,src/pig_behavior/tracking/config.py,52c5f54ad44b6f76a8d143d168bdc942542d5fd263903cbf630f9c58ecf1cdd0,95dd37982251a6b59779e0eed020e266b54fc88c,,NO,RF_CORE_PLUS_OFFLINE_REPAIR_BOUND_SEPARATELY,PARTIAL_INHERITED_DEFAULTS_NOT_DUMPED,BOUND_BY_SOURCE_CODE,Hidden_state|bbox_geometry,Inherited from the hashed TrackingConfig source; no separate sensitivity claim.,PARTIAL_NO_METHOD_SPECIFIC_SENSITIVITY,FROZEN_BY_PREDICTION_AUTHORITY,Current-main active value. The frozen prediction producer was 89db2d34646434319afcb4a040ba38d183431cfd; inherited defaults were not preserved as a complete runtime dump.
R1_CURRENT_STANDARD_V2_20260728,Hidden_state,far_camera_hidden_geometry_min_overlap_reduction,0.1,unitless,INHERITED_DEFAULT_WITH_PROVENANCE,src/pig_behavior/tracking/config.py,52c5f54ad44b6f76a8d143d168bdc942542d5fd263903cbf630f9c58ecf1cdd0,95dd37982251a6b59779e0eed020e266b54fc88c,,NO,RF_CORE_PLUS_OFFLINE_REPAIR_BOUND_SEPARATELY,PARTIAL_INHERITED_DEFAULTS_NOT_DUMPED,BOUND_BY_SOURCE_CODE,Hidden_state|bbox_geometry,Inherited from the hashed TrackingConfig source; no separate sensitivity claim.,PARTIAL_NO_METHOD_SPECIFIC_SENSITIVITY,FROZEN_BY_PREDICTION_AUTHORITY,Current-main active value. The frozen prediction producer was 89db2d34646434319afcb4a040ba38d183431cfd; inherited defaults were not preserved as a complete runtime dump.
R1_CURRENT_STANDARD_V2_20260728,association,far_camera_hidden_geometry_min_visible_overlap_iou,0.65,unitless ratio,INHERITED_DEFAULT_WITH_PROVENANCE,src/pig_behavior/tracking/config.py,52c5f54ad44b6f76a8d143d168bdc942542d5fd263903cbf630f9c58ecf1cdd0,95dd37982251a6b59779e0eed020e266b54fc88c,,NO,RF_CORE_PLUS_OFFLINE_REPAIR_BOUND_SEPARATELY,PARTIAL_INHERITED_DEFAULTS_NOT_DUMPED,BOUND_BY_SOURCE_CODE,association|Hidden_state|bbox_geometry,Inherited from the hashed TrackingConfig source; no separate sensitivity claim.,PARTIAL_NO_METHOD_SPECIFIC_SENSITIVITY,FROZEN_BY_PREDICTION_AUTHORITY,Current-main active value. The frozen prediction producer was 89db2d34646434319afcb4a040ba38d183431cfd; inherited defaults were not preserved as a complete runtime dump.
R1_CURRENT_STANDARD_V2_20260728,Hidden_state,far_camera_hidden_geometry_original_weight,0.1,unitless,INHERITED_DEFAULT_WITH_PROVENANCE,src/pig_behavior/tracking/config.py,52c5f54ad44b6f76a8d143d168bdc942542d5fd263903cbf630f9c58ecf1cdd0,95dd37982251a6b59779e0eed020e266b54fc88c,,NO,RF_CORE_PLUS_OFFLINE_REPAIR_BOUND_SEPARATELY,PARTIAL_INHERITED_DEFAULTS_NOT_DUMPED,BOUND_BY_SOURCE_CODE,Hidden_state|bbox_geometry,Inherited from the hashed TrackingConfig source; no separate sensitivity claim.,PARTIAL_NO_METHOD_SPECIFIC_SENSITIVITY,FROZEN_BY_PREDICTION_AUTHORITY,Current-main active value. The frozen prediction producer was 89db2d34646434319afcb4a040ba38d183431cfd; inherited defaults were not preserved as a complete runtime dump.
R1_CURRENT_STANDARD_V2_20260728,Hidden_state,far_camera_hidden_geometry_refine,false,boolean,INHERITED_DEFAULT_WITH_PROVENANCE,src/pig_behavior/tracking/config.py,52c5f54ad44b6f76a8d143d168bdc942542d5fd263903cbf630f9c58ecf1cdd0,95dd37982251a6b59779e0eed020e266b54fc88c,,NO,RF_CORE_PLUS_OFFLINE_REPAIR_BOUND_SEPARATELY,PARTIAL_INHERITED_DEFAULTS_NOT_DUMPED,BOUND_BY_SOURCE_CODE,Hidden_state|bbox_geometry,Inherited from the hashed TrackingConfig source; no separate sensitivity claim.,PARTIAL_NO_METHOD_SPECIFIC_SENSITIVITY,FROZEN_BY_PREDICTION_AUTHORITY,Current-main active value. The frozen prediction producer was 89db2d34646434319afcb4a040ba38d183431cfd; inherited defaults were not preserved as a complete runtime dump.
R1_CURRENT_STANDARD_V2_20260728,Hidden_state,far_camera_hidden_geometry_x_threshold,0.67,unitless,INHERITED_DEFAULT_WITH_PROVENANCE,src/pig_behavior/tracking/config.py,52c5f54ad44b6f76a8d143d168bdc942542d5fd263903cbf630f9c58ecf1cdd0,95dd37982251a6b59779e0eed020e266b54fc88c,,NO,RF_CORE_PLUS_OFFLINE_REPAIR_BOUND_SEPARATELY,PARTIAL_INHERITED_DEFAULTS_NOT_DUMPED,BOUND_BY_SOURCE_CODE,Hidden_state|bbox_geometry,Inherited from the hashed TrackingConfig source; no separate sensitivity claim.,PARTIAL_NO_METHOD_SPECIFIC_SENSITIVITY,FROZEN_BY_PREDICTION_AUTHORITY,Current-main active value. The frozen prediction producer was 89db2d34646434319afcb4a040ba38d183431cfd; inherited defaults were not preserved as a complete runtime dump.
R1_CURRENT_STANDARD_V2_20260728,Hidden_state,freeze_identity_in_occlusion,true,boolean,INHERITED_DEFAULT_WITH_PROVENANCE,src/pig_behavior/tracking/config.py,52c5f54ad44b6f76a8d143d168bdc942542d5fd263903cbf630f9c58ecf1cdd0,95dd37982251a6b59779e0eed020e266b54fc88c,,NO,RF_CORE_PLUS_OFFLINE_REPAIR_BOUND_SEPARATELY,PARTIAL_INHERITED_DEFAULTS_NOT_DUMPED,BOUND_BY_SOURCE_CODE,Hidden_state,Inherited from the hashed TrackingConfig source; no separate sensitivity claim.,PARTIAL_NO_METHOD_SPECIFIC_SENSITIVITY,FROZEN_BY_PREDICTION_AUTHORITY,Current-main active value. The frozen prediction producer was 89db2d34646434319afcb4a040ba38d183431cfd; inherited defaults were not preserved as a complete runtime dump.
R1_CURRENT_STANDARD_V2_20260728,runtime,half,false,boolean,HARDWARE_OR_RUNTIME_CONSTRAINT,src/pig_behavior/tracking/config.py,52c5f54ad44b6f76a8d143d168bdc942542d5fd263903cbf630f9c58ecf1cdd0,95dd37982251a6b59779e0eed020e266b54fc88c,,NO,RF_CORE_PLUS_OFFLINE_REPAIR_BOUND_SEPARATELY,PARTIAL_INHERITED_DEFAULTS_NOT_DUMPED,BOUND_BY_SOURCE_CODE,runtime,Execution/safety constraint rather than a quality claim.,SUFFICIENT,FROZEN_BY_PREDICTION_AUTHORITY,Current-main active value. The frozen prediction producer was 89db2d34646434319afcb4a040ba38d183431cfd; inherited defaults were not preserved as a complete runtime dump.
R1_CURRENT_STANDARD_V2_20260728,detection,hard_occlusion_detection_iom_threshold,0.45,unitless,INHERITED_DEFAULT_WITH_PROVENANCE,src/pig_behavior/tracking/config.py,52c5f54ad44b6f76a8d143d168bdc942542d5fd263903cbf630f9c58ecf1cdd0,95dd37982251a6b59779e0eed020e266b54fc88c,,NO,RF_CORE_PLUS_OFFLINE_REPAIR_BOUND_SEPARATELY,PARTIAL_INHERITED_DEFAULTS_NOT_DUMPED,BOUND_BY_SOURCE_CODE,detection|Hidden_state,Inherited from the hashed TrackingConfig source; no separate sensitivity claim.,PARTIAL_NO_METHOD_SPECIFIC_SENSITIVITY,FROZEN_BY_PREDICTION_AUTHORITY,Current-main active value. The frozen prediction producer was 89db2d34646434319afcb4a040ba38d183431cfd; inherited defaults were not preserved as a complete runtime dump.
R1_CURRENT_STANDARD_V2_20260728,Hidden_state,hard_occlusion_min_frames,2,frames,INHERITED_DEFAULT_WITH_PROVENANCE,src/pig_behavior/tracking/config.py,52c5f54ad44b6f76a8d143d168bdc942542d5fd263903cbf630f9c58ecf1cdd0,95dd37982251a6b59779e0eed020e266b54fc88c,,NO,RF_CORE_PLUS_OFFLINE_REPAIR_BOUND_SEPARATELY,PARTIAL_INHERITED_DEFAULTS_NOT_DUMPED,BOUND_BY_SOURCE_CODE,Hidden_state|runtime,Inherited from the hashed TrackingConfig source; no separate sensitivity claim.,PARTIAL_NO_METHOD_SPECIFIC_SENSITIVITY,FROZEN_BY_PREDICTION_AUTHORITY,Current-main active value. The frozen prediction producer was 89db2d34646434319afcb4a040ba38d183431cfd; inherited defaults were not preserved as a complete runtime dump.
R1_CURRENT_STANDARD_V2_20260728,Hidden_state,hard_occlusion_recovery_frames,10,frames,INHERITED_DEFAULT_WITH_PROVENANCE,src/pig_behavior/tracking/config.py,52c5f54ad44b6f76a8d143d168bdc942542d5fd263903cbf630f9c58ecf1cdd0,95dd37982251a6b59779e0eed020e266b54fc88c,,NO,RF_CORE_PLUS_OFFLINE_REPAIR_BOUND_SEPARATELY,PARTIAL_INHERITED_DEFAULTS_NOT_DUMPED,BOUND_BY_SOURCE_CODE,Hidden_state|runtime,Inherited from the hashed TrackingConfig source; no separate sensitivity claim.,PARTIAL_NO_METHOD_SPECIFIC_SENSITIVITY,FROZEN_BY_PREDICTION_AUTHORITY,Current-main active value. The frozen prediction producer was 89db2d34646434319afcb4a040ba38d183431cfd; inherited defaults were not preserved as a complete runtime dump.
R1_CURRENT_STANDARD_V2_20260728,Hidden_state,hard_occlusion_score_threshold,0.65,unitless,INHERITED_DEFAULT_WITH_PROVENANCE,src/pig_behavior/tracking/config.py,52c5f54ad44b6f76a8d143d168bdc942542d5fd263903cbf630f9c58ecf1cdd0,95dd37982251a6b59779e0eed020e266b54fc88c,,NO,RF_CORE_PLUS_OFFLINE_REPAIR_BOUND_SEPARATELY,PARTIAL_INHERITED_DEFAULTS_NOT_DUMPED,BOUND_BY_SOURCE_CODE,Hidden_state,Inherited from the hashed TrackingConfig source; no separate sensitivity claim.,PARTIAL_NO_METHOD_SPECIFIC_SENSITIVITY,FROZEN_BY_PREDICTION_AUTHORITY,Current-main active value. The frozen prediction producer was 89db2d34646434319afcb4a040ba38d183431cfd; inherited defaults were not preserved as a complete runtime dump.
R1_CURRENT_STANDARD_V2_20260728,Hidden_state,hard_occlusion_track_iom_threshold,0.35,unitless,INHERITED_DEFAULT_WITH_PROVENANCE,src/pig_behavior/tracking/config.py,52c5f54ad44b6f76a8d143d168bdc942542d5fd263903cbf630f9c58ecf1cdd0,95dd37982251a6b59779e0eed020e266b54fc88c,,NO,RF_CORE_PLUS_OFFLINE_REPAIR_BOUND_SEPARATELY,PARTIAL_INHERITED_DEFAULTS_NOT_DUMPED,BOUND_BY_SOURCE_CODE,Hidden_state,Inherited from the hashed TrackingConfig source; no separate sensitivity claim.,PARTIAL_NO_METHOD_SPECIFIC_SENSITIVITY,FROZEN_BY_PREDICTION_AUTHORITY,Current-main active value. The frozen prediction producer was 89db2d34646434319afcb4a040ba38d183431cfd; inherited defaults were not preserved as a complete runtime dump.
R1_CURRENT_STANDARD_V2_20260728,Hidden_state,hidden_acceleration_alpha,0.35,unitless,INHERITED_DEFAULT_WITH_PROVENANCE,src/pig_behavior/tracking/config.py,52c5f54ad44b6f76a8d143d168bdc942542d5fd263903cbf630f9c58ecf1cdd0,95dd37982251a6b59779e0eed020e266b54fc88c,,NO,RF_CORE_PLUS_OFFLINE_REPAIR_BOUND_SEPARATELY,PARTIAL_INHERITED_DEFAULTS_NOT_DUMPED,BOUND_BY_SOURCE_CODE,Hidden_state|evaluator_only,Inherited from the hashed TrackingConfig source; no separate sensitivity claim.,PARTIAL_NO_METHOD_SPECIFIC_SENSITIVITY,FROZEN_BY_PREDICTION_AUTHORITY,Current-main active value. The frozen prediction producer was 89db2d34646434319afcb4a040ba38d183431cfd; inherited defaults were not preserved as a complete runtime dump.
R1_CURRENT_STANDARD_V2_20260728,Hidden_state,hidden_max_motion_step_box_scale,1.5,unitless,INHERITED_DEFAULT_WITH_PROVENANCE,src/pig_behavior/tracking/config.py,52c5f54ad44b6f76a8d143d168bdc942542d5fd263903cbf630f9c58ecf1cdd0,95dd37982251a6b59779e0eed020e266b54fc88c,,NO,RF_CORE_PLUS_OFFLINE_REPAIR_BOUND_SEPARATELY,PARTIAL_INHERITED_DEFAULTS_NOT_DUMPED,BOUND_BY_SOURCE_CODE,Hidden_state|bbox_geometry,Inherited from the hashed TrackingConfig source; no separate sensitivity claim.,PARTIAL_NO_METHOD_SPECIFIC_SENSITIVITY,FROZEN_BY_PREDICTION_AUTHORITY,Current-main active value. The frozen prediction producer was 89db2d34646434319afcb4a040ba38d183431cfd; inherited defaults were not preserved as a complete runtime dump.
R1_CURRENT_STANDARD_V2_20260728,Hidden_state,hidden_min_motion_history,4,count,INHERITED_DEFAULT_WITH_PROVENANCE,src/pig_behavior/tracking/config.py,52c5f54ad44b6f76a8d143d168bdc942542d5fd263903cbf630f9c58ecf1cdd0,95dd37982251a6b59779e0eed020e266b54fc88c,,NO,RF_CORE_PLUS_OFFLINE_REPAIR_BOUND_SEPARATELY,PARTIAL_INHERITED_DEFAULTS_NOT_DUMPED,BOUND_BY_SOURCE_CODE,Hidden_state,Inherited from the hashed TrackingConfig source; no separate sensitivity claim.,PARTIAL_NO_METHOD_SPECIFIC_SENSITIVITY,FROZEN_BY_PREDICTION_AUTHORITY,Current-main active value. The frozen prediction producer was 89db2d34646434319afcb4a040ba38d183431cfd; inherited defaults were not preserved as a complete runtime dump.
R1_CURRENT_STANDARD_V2_20260728,lifecycle,hidden_missed_frames,5,frames,INHERITED_DEFAULT_WITH_PROVENANCE,src/pig_behavior/tracking/config.py,52c5f54ad44b6f76a8d143d168bdc942542d5fd263903cbf630f9c58ecf1cdd0,95dd37982251a6b59779e0eed020e266b54fc88c,,NO,RF_CORE_PLUS_OFFLINE_REPAIR_BOUND_SEPARATELY,PARTIAL_INHERITED_DEFAULTS_NOT_DUMPED,BOUND_BY_SOURCE_CODE,lifecycle|Hidden_state|runtime,Inherited from the hashed TrackingConfig source; no separate sensitivity claim.,PARTIAL_NO_METHOD_SPECIFIC_SENSITIVITY,FROZEN_BY_PREDICTION_AUTHORITY,Current-main active value. The frozen prediction producer was 89db2d34646434319afcb4a040ba38d183431cfd; inherited defaults were not preserved as a complete runtime dump.
R1_CURRENT_STANDARD_V2_20260728,Hidden_state,hidden_motion_consistency,0.55,unitless,INHERITED_DEFAULT_WITH_PROVENANCE,src/pig_behavior/tracking/config.py,52c5f54ad44b6f76a8d143d168bdc942542d5fd263903cbf630f9c58ecf1cdd0,95dd37982251a6b59779e0eed020e266b54fc88c,,NO,RF_CORE_PLUS_OFFLINE_REPAIR_BOUND_SEPARATELY,PARTIAL_INHERITED_DEFAULTS_NOT_DUMPED,BOUND_BY_SOURCE_CODE,Hidden_state,Inherited from the hashed TrackingConfig source; no separate sensitivity claim.,PARTIAL_NO_METHOD_SPECIFIC_SENSITIVITY,FROZEN_BY_PREDICTION_AUTHORITY,Current-main active value. The frozen prediction producer was 89db2d34646434319afcb4a040ba38d183431cfd; inherited defaults were not preserved as a complete runtime dump.
R1_CURRENT_STANDARD_V2_20260728,Hidden_state,hidden_motion_history,8,count,INHERITED_DEFAULT_WITH_PROVENANCE,src/pig_behavior/tracking/config.py,52c5f54ad44b6f76a8d143d168bdc942542d5fd263903cbf630f9c58ecf1cdd0,95dd37982251a6b59779e0eed020e266b54fc88c,,NO,RF_CORE_PLUS_OFFLINE_REPAIR_BOUND_SEPARATELY,PARTIAL_INHERITED_DEFAULTS_NOT_DUMPED,BOUND_BY_SOURCE_CODE,Hidden_state,Inherited from the hashed TrackingConfig source; no separate sensitivity claim.,PARTIAL_NO_METHOD_SPECIFIC_SENSITIVITY,FROZEN_BY_PREDICTION_AUTHORITY,Current-main active value. The frozen prediction producer was 89db2d34646434319afcb4a040ba38d183431cfd; inherited defaults were not preserved as a complete runtime dump.
R1_CURRENT_STANDARD_V2_20260728,Hidden_state,hidden_motion_model,true,boolean,INHERITED_DEFAULT_WITH_PROVENANCE,src/pig_behavior/tracking/config.py,52c5f54ad44b6f76a8d143d168bdc942542d5fd263903cbf630f9c58ecf1cdd0,95dd37982251a6b59779e0eed020e266b54fc88c,,NO,RF_CORE_PLUS_OFFLINE_REPAIR_BOUND_SEPARATELY,PARTIAL_INHERITED_DEFAULTS_NOT_DUMPED,BOUND_BY_SOURCE_CODE,Hidden_state,Inherited from the hashed TrackingConfig source; no separate sensitivity claim.,PARTIAL_NO_METHOD_SPECIFIC_SENSITIVITY,FROZEN_BY_PREDICTION_AUTHORITY,Current-main active value. The frozen prediction producer was 89db2d34646434319afcb4a040ba38d183431cfd; inherited defaults were not preserved as a complete runtime dump.
R1_CURRENT_STANDARD_V2_20260728,Hidden_state,hidden_moving_displacement,0.035,unitless,INHERITED_DEFAULT_WITH_PROVENANCE,src/pig_behavior/tracking/config.py,52c5f54ad44b6f76a8d143d168bdc942542d5fd263903cbf630f9c58ecf1cdd0,95dd37982251a6b59779e0eed020e266b54fc88c,,NO,RF_CORE_PLUS_OFFLINE_REPAIR_BOUND_SEPARATELY,PARTIAL_INHERITED_DEFAULTS_NOT_DUMPED,BOUND_BY_SOURCE_CODE,Hidden_state,Inherited from the hashed TrackingConfig source; no separate sensitivity claim.,PARTIAL_NO_METHOD_SPECIFIC_SENSITIVITY,FROZEN_BY_PREDICTION_AUTHORITY,Current-main active value. The frozen prediction producer was 89db2d34646434319afcb4a040ba38d183431cfd; inherited defaults were not preserved as a complete runtime dump.
R1_CURRENT_STANDARD_V2_20260728,association,hidden_overlap_iou_threshold,0.65,unitless ratio,INHERITED_DEFAULT_WITH_PROVENANCE,src/pig_behavior/tracking/config.py,52c5f54ad44b6f76a8d143d168bdc942542d5fd263903cbf630f9c58ecf1cdd0,95dd37982251a6b59779e0eed020e266b54fc88c,,NO,RF_CORE_PLUS_OFFLINE_REPAIR_BOUND_SEPARATELY,PARTIAL_INHERITED_DEFAULTS_NOT_DUMPED,BOUND_BY_SOURCE_CODE,association|Hidden_state,Inherited from the hashed TrackingConfig source; no separate sensitivity claim.,PARTIAL_NO_METHOD_SPECIFIC_SENSITIVITY,FROZEN_BY_PREDICTION_AUTHORITY,Current-main active value. The frozen prediction producer was 89db2d34646434319afcb4a040ba38d183431cfd; inherited defaults were not preserved as a complete runtime dump.
R1_CURRENT_STANDARD_V2_20260728,Hidden_state,hidden_overlap_window_frames,2,frames,INHERITED_DEFAULT_WITH_PROVENANCE,src/pig_behavior/tracking/config.py,52c5f54ad44b6f76a8d143d168bdc942542d5fd263903cbf630f9c58ecf1cdd0,95dd37982251a6b59779e0eed020e266b54fc88c,,NO,RF_CORE_PLUS_OFFLINE_REPAIR_BOUND_SEPARATELY,PARTIAL_INHERITED_DEFAULTS_NOT_DUMPED,BOUND_BY_SOURCE_CODE,Hidden_state|runtime,Inherited from the hashed TrackingConfig source; no separate sensitivity claim.,PARTIAL_NO_METHOD_SPECIFIC_SENSITIVITY,FROZEN_BY_PREDICTION_AUTHORITY,Current-main active value. The frozen prediction producer was 89db2d34646434319afcb4a040ba38d183431cfd; inherited defaults were not preserved as a complete runtime dump.
R1_CURRENT_STANDARD_V2_20260728,identity_repair,hidden_owner_guard,false,boolean,INHERITED_DEFAULT_WITH_PROVENANCE,src/pig_behavior/tracking/config.py,52c5f54ad44b6f76a8d143d168bdc942542d5fd263903cbf630f9c58ecf1cdd0,95dd37982251a6b59779e0eed020e266b54fc88c,,NO,RF_CORE_PLUS_OFFLINE_REPAIR_BOUND_SEPARATELY,PARTIAL_INHERITED_DEFAULTS_NOT_DUMPED,BOUND_BY_SOURCE_CODE,identity_repair|Hidden_state,Inherited from the hashed TrackingConfig source; no separate sensitivity claim.,PARTIAL_NO_METHOD_SPECIFIC_SENSITIVITY,FROZEN_BY_PREDICTION_AUTHORITY,Current-main active value. The frozen prediction producer was 89db2d34646434319afcb4a040ba38d183431cfd; inherited defaults were not preserved as a complete runtime dump.
R1_CURRENT_STANDARD_V2_20260728,association,hidden_owner_guard_cost_margin,0.08,unitless,INHERITED_DEFAULT_WITH_PROVENANCE,src/pig_behavior/tracking/config.py,52c5f54ad44b6f76a8d143d168bdc942542d5fd263903cbf630f9c58ecf1cdd0,95dd37982251a6b59779e0eed020e266b54fc88c,,NO,RF_CORE_PLUS_OFFLINE_REPAIR_BOUND_SEPARATELY,PARTIAL_INHERITED_DEFAULTS_NOT_DUMPED,BOUND_BY_SOURCE_CODE,association|identity_repair|Hidden_state,Inherited from the hashed TrackingConfig source; no separate sensitivity claim.,PARTIAL_NO_METHOD_SPECIFIC_SENSITIVITY,FROZEN_BY_PREDICTION_AUTHORITY,Current-main active value. The frozen prediction producer was 89db2d34646434319afcb4a040ba38d183431cfd; inherited defaults were not preserved as a complete runtime dump.
R1_CURRENT_STANDARD_V2_20260728,identity_repair,hidden_owner_guard_hold_assignment,false,boolean,INHERITED_DEFAULT_WITH_PROVENANCE,src/pig_behavior/tracking/config.py,52c5f54ad44b6f76a8d143d168bdc942542d5fd263903cbf630f9c58ecf1cdd0,95dd37982251a6b59779e0eed020e266b54fc88c,,NO,RF_CORE_PLUS_OFFLINE_REPAIR_BOUND_SEPARATELY,PARTIAL_INHERITED_DEFAULTS_NOT_DUMPED,BOUND_BY_SOURCE_CODE,identity_repair|Hidden_state,Inherited from the hashed TrackingConfig source; no separate sensitivity claim.,PARTIAL_NO_METHOD_SPECIFIC_SENSITIVITY,FROZEN_BY_PREDICTION_AUTHORITY,Current-main active value. The frozen prediction producer was 89db2d34646434319afcb4a040ba38d183431cfd; inherited defaults were not preserved as a complete runtime dump.
R1_CURRENT_STANDARD_V2_20260728,lifecycle,hidden_owner_guard_min_missed,2,frames,INHERITED_DEFAULT_WITH_PROVENANCE,src/pig_behavior/tracking/config.py,52c5f54ad44b6f76a8d143d168bdc942542d5fd263903cbf630f9c58ecf1cdd0,95dd37982251a6b59779e0eed020e266b54fc88c,,NO,RF_CORE_PLUS_OFFLINE_REPAIR_BOUND_SEPARATELY,PARTIAL_INHERITED_DEFAULTS_NOT_DUMPED,BOUND_BY_SOURCE_CODE,lifecycle|identity_repair|Hidden_state,Inherited from the hashed TrackingConfig source; no separate sensitivity claim.,PARTIAL_NO_METHOD_SPECIFIC_SENSITIVITY,FROZEN_BY_PREDICTION_AUTHORITY,Current-main active value. The frozen prediction producer was 89db2d34646434319afcb4a040ba38d183431cfd; inherited defaults were not preserved as a complete runtime dump.
R1_CURRENT_STANDARD_V2_20260728,Hidden_state,hidden_score_threshold,0.15,unitless,INHERITED_DEFAULT_WITH_PROVENANCE,src/pig_behavior/tracking/config.py,52c5f54ad44b6f76a8d143d168bdc942542d5fd263903cbf630f9c58ecf1cdd0,95dd37982251a6b59779e0eed020e266b54fc88c,,NO,RF_CORE_PLUS_OFFLINE_REPAIR_BOUND_SEPARATELY,PARTIAL_INHERITED_DEFAULTS_NOT_DUMPED,BOUND_BY_SOURCE_CODE,Hidden_state,Inherited from the hashed TrackingConfig source; no separate sensitivity claim.,PARTIAL_NO_METHOD_SPECIFIC_SENSITIVITY,FROZEN_BY_PREDICTION_AUTHORITY,Current-main active value. The frozen prediction producer was 89db2d34646434319afcb4a040ba38d183431cfd; inherited defaults were not preserved as a complete runtime dump.
R1_CURRENT_STANDARD_V2_20260728,Hidden_state,hidden_stationary_displacement,0.015,unitless,INHERITED_DEFAULT_WITH_PROVENANCE,src/pig_behavior/tracking/config.py,52c5f54ad44b6f76a8d143d168bdc942542d5fd263903cbf630f9c58ecf1cdd0,95dd37982251a6b59779e0eed020e266b54fc88c,,NO,RF_CORE_PLUS_OFFLINE_REPAIR_BOUND_SEPARATELY,PARTIAL_INHERITED_DEFAULTS_NOT_DUMPED,BOUND_BY_SOURCE_CODE,Hidden_state,Inherited from the hashed TrackingConfig source; no separate sensitivity claim.,PARTIAL_NO_METHOD_SPECIFIC_SENSITIVITY,FROZEN_BY_PREDICTION_AUTHORITY,Current-main active value. The frozen prediction producer was 89db2d34646434319afcb4a040ba38d183431cfd; inherited defaults were not preserved as a complete runtime dump.
R1_CURRENT_STANDARD_V2_20260728,Hidden_state,hidden_stationary_lock_frames,8,frames,INHERITED_DEFAULT_WITH_PROVENANCE,src/pig_behavior/tracking/config.py,52c5f54ad44b6f76a8d143d168bdc942542d5fd263903cbf630f9c58ecf1cdd0,95dd37982251a6b59779e0eed020e266b54fc88c,,NO,RF_CORE_PLUS_OFFLINE_REPAIR_BOUND_SEPARATELY,PARTIAL_INHERITED_DEFAULTS_NOT_DUMPED,BOUND_BY_SOURCE_CODE,Hidden_state|runtime,Inherited from the hashed TrackingConfig source; no separate sensitivity claim.,PARTIAL_NO_METHOD_SPECIFIC_SENSITIVITY,FROZEN_BY_PREDICTION_AUTHORITY,Current-main active value. The frozen prediction producer was 89db2d34646434319afcb4a040ba38d183431cfd; inherited defaults were not preserved as a complete runtime dump.
R1_CURRENT_STANDARD_V2_20260728,Hidden_state,hidden_stationary_speed,0.006,unitless,INHERITED_DEFAULT_WITH_PROVENANCE,src/pig_behavior/tracking/config.py,52c5f54ad44b6f76a8d143d168bdc942542d5fd263903cbf630f9c58ecf1cdd0,95dd37982251a6b59779e0eed020e266b54fc88c,,NO,RF_CORE_PLUS_OFFLINE_REPAIR_BOUND_SEPARATELY,PARTIAL_INHERITED_DEFAULTS_NOT_DUMPED,BOUND_BY_SOURCE_CODE,Hidden_state,Inherited from the hashed TrackingConfig source; no separate sensitivity claim.,PARTIAL_NO_METHOD_SPECIFIC_SENSITIVITY,FROZEN_BY_PREDICTION_AUTHORITY,Current-main active value. The frozen prediction producer was 89db2d34646434319afcb4a040ba38d183431cfd; inherited defaults were not preserved as a complete runtime dump.
R1_CURRENT_STANDARD_V2_20260728,identity_repair,hidden_suffix_id_swap_max_hidden_frames,15,frames,INHERITED_DEFAULT_WITH_PROVENANCE,src/pig_behavior/tracking/config.py,52c5f54ad44b6f76a8d143d168bdc942542d5fd263903cbf630f9c58ecf1cdd0,95dd37982251a6b59779e0eed020e266b54fc88c,,NO,RF_CORE_PLUS_OFFLINE_REPAIR_BOUND_SEPARATELY,PARTIAL_INHERITED_DEFAULTS_NOT_DUMPED,BOUND_BY_SOURCE_CODE,identity_repair|Hidden_state|runtime,Inherited from the hashed TrackingConfig source; no separate sensitivity claim.,PARTIAL_NO_METHOD_SPECIFIC_SENSITIVITY,FROZEN_BY_PREDICTION_AUTHORITY,Current-main active value. The frozen prediction producer was 89db2d34646434319afcb4a040ba38d183431cfd; inherited defaults were not preserved as a complete runtime dump.
R1_CURRENT_STANDARD_V2_20260728,identity_repair,hidden_suffix_id_swap_max_hidden_median_score,0.5,unitless,INHERITED_DEFAULT_WITH_PROVENANCE,src/pig_behavior/tracking/config.py,52c5f54ad44b6f76a8d143d168bdc942542d5fd263903cbf630f9c58ecf1cdd0,95dd37982251a6b59779e0eed020e266b54fc88c,,NO,RF_CORE_PLUS_OFFLINE_REPAIR_BOUND_SEPARATELY,PARTIAL_INHERITED_DEFAULTS_NOT_DUMPED,BOUND_BY_SOURCE_CODE,identity_repair|Hidden_state,Inherited from the hashed TrackingConfig source; no separate sensitivity claim.,PARTIAL_NO_METHOD_SPECIFIC_SENSITIVITY,FROZEN_BY_PREDICTION_AUTHORITY,Current-main active value. The frozen prediction producer was 89db2d34646434319afcb4a040ba38d183431cfd; inherited defaults were not preserved as a complete runtime dump.
R1_CURRENT_STANDARD_V2_20260728,identity_repair,hidden_suffix_id_swap_min_hidden_frames,8,frames,INHERITED_DEFAULT_WITH_PROVENANCE,src/pig_behavior/tracking/config.py,52c5f54ad44b6f76a8d143d168bdc942542d5fd263903cbf630f9c58ecf1cdd0,95dd37982251a6b59779e0eed020e266b54fc88c,,NO,RF_CORE_PLUS_OFFLINE_REPAIR_BOUND_SEPARATELY,PARTIAL_INHERITED_DEFAULTS_NOT_DUMPED,BOUND_BY_SOURCE_CODE,identity_repair|Hidden_state|runtime,Inherited from the hashed TrackingConfig source; no separate sensitivity claim.,PARTIAL_NO_METHOD_SPECIFIC_SENSITIVITY,FROZEN_BY_PREDICTION_AUTHORITY,Current-main active value. The frozen prediction producer was 89db2d34646434319afcb4a040ba38d183431cfd; inherited defaults were not preserved as a complete runtime dump.
R1_CURRENT_STANDARD_V2_20260728,association,hidden_suffix_id_swap_min_overlap_iou,0.7,unitless ratio,INHERITED_DEFAULT_WITH_PROVENANCE,src/pig_behavior/tracking/config.py,52c5f54ad44b6f76a8d143d168bdc942542d5fd263903cbf630f9c58ecf1cdd0,95dd37982251a6b59779e0eed020e266b54fc88c,,NO,RF_CORE_PLUS_OFFLINE_REPAIR_BOUND_SEPARATELY,PARTIAL_INHERITED_DEFAULTS_NOT_DUMPED,BOUND_BY_SOURCE_CODE,association|identity_repair|Hidden_state,Inherited from the hashed TrackingConfig source; no separate sensitivity claim.,PARTIAL_NO_METHOD_SPECIFIC_SENSITIVITY,FROZEN_BY_PREDICTION_AUTHORITY,Current-main active value. The frozen prediction producer was 89db2d34646434319afcb4a040ba38d183431cfd; inherited defaults were not preserved as a complete runtime dump.
R1_CURRENT_STANDARD_V2_20260728,identity_repair,hidden_suffix_id_swap_min_overlap_persistence_frames,2,frames,INHERITED_DEFAULT_WITH_PROVENANCE,src/pig_behavior/tracking/config.py,52c5f54ad44b6f76a8d143d168bdc942542d5fd263903cbf630f9c58ecf1cdd0,95dd37982251a6b59779e0eed020e266b54fc88c,,NO,RF_CORE_PLUS_OFFLINE_REPAIR_BOUND_SEPARATELY,PARTIAL_INHERITED_DEFAULTS_NOT_DUMPED,BOUND_BY_SOURCE_CODE,identity_repair|Hidden_state|runtime,Inherited from the hashed TrackingConfig source; no separate sensitivity claim.,PARTIAL_NO_METHOD_SPECIFIC_SENSITIVITY,FROZEN_BY_PREDICTION_AUTHORITY,Current-main active value. The frozen prediction producer was 89db2d34646434319afcb4a040ba38d183431cfd; inherited defaults were not preserved as a complete runtime dump.
R1_CURRENT_STANDARD_V2_20260728,identity_repair,hidden_suffix_id_swap_min_suffix_frames,600,frames,INHERITED_DEFAULT_WITH_PROVENANCE,src/pig_behavior/tracking/config.py,52c5f54ad44b6f76a8d143d168bdc942542d5fd263903cbf630f9c58ecf1cdd0,95dd37982251a6b59779e0eed020e266b54fc88c,,NO,RF_CORE_PLUS_OFFLINE_REPAIR_BOUND_SEPARATELY,PARTIAL_INHERITED_DEFAULTS_NOT_DUMPED,BOUND_BY_SOURCE_CODE,identity_repair|Hidden_state|runtime,Inherited from the hashed TrackingConfig source; no separate sensitivity claim.,PARTIAL_NO_METHOD_SPECIFIC_SENSITIVITY,FROZEN_BY_PREDICTION_AUTHORITY,Current-main active value. The frozen prediction producer was 89db2d34646434319afcb4a040ba38d183431cfd; inherited defaults were not preserved as a complete runtime dump.
R1_CURRENT_STANDARD_V2_20260728,identity_repair,hidden_suffix_id_swap_repair,false,boolean,INHERITED_DEFAULT_WITH_PROVENANCE,src/pig_behavior/tracking/config.py,52c5f54ad44b6f76a8d143d168bdc942542d5fd263903cbf630f9c58ecf1cdd0,95dd37982251a6b59779e0eed020e266b54fc88c,,NO,RF_CORE_PLUS_OFFLINE_REPAIR_BOUND_SEPARATELY,PARTIAL_INHERITED_DEFAULTS_NOT_DUMPED,BOUND_BY_SOURCE_CODE,identity_repair|Hidden_state,Inherited from the hashed TrackingConfig source; no separate sensitivity claim.,PARTIAL_NO_METHOD_SPECIFIC_SENSITIVITY,FROZEN_BY_PREDICTION_AUTHORITY,Current-main active value. The frozen prediction producer was 89db2d34646434319afcb4a040ba38d183431cfd; inherited defaults were not preserved as a complete runtime dump.
R1_CURRENT_STANDARD_V2_20260728,identity_repair,hidden_suffix_id_swap_start_back_frames,7,frames,INHERITED_DEFAULT_WITH_PROVENANCE,src/pig_behavior/tracking/config.py,52c5f54ad44b6f76a8d143d168bdc942542d5fd263903cbf630f9c58ecf1cdd0,95dd37982251a6b59779e0eed020e266b54fc88c,,NO,RF_CORE_PLUS_OFFLINE_REPAIR_BOUND_SEPARATELY,PARTIAL_INHERITED_DEFAULTS_NOT_DUMPED,BOUND_BY_SOURCE_CODE,identity_repair|Hidden_state|runtime,Inherited from the hashed TrackingConfig source; no separate sensitivity claim.,PARTIAL_NO_METHOD_SPECIFIC_SENSITIVITY,FROZEN_BY_PREDICTION_AUTHORITY,Current-main active value. The frozen prediction producer was 89db2d34646434319afcb4a040ba38d183431cfd; inherited defaults were not preserved as a complete runtime dump.
R1_CURRENT_STANDARD_V2_20260728,identity_repair,hidden_suffix_id_swap_use_overlap_persistence,false,boolean,INHERITED_DEFAULT_WITH_PROVENANCE,src/pig_behavior/tracking/config.py,52c5f54ad44b6f76a8d143d168bdc942542d5fd263903cbf630f9c58ecf1cdd0,95dd37982251a6b59779e0eed020e266b54fc88c,,NO,RF_CORE_PLUS_OFFLINE_REPAIR_BOUND_SEPARATELY,PARTIAL_INHERITED_DEFAULTS_NOT_DUMPED,BOUND_BY_SOURCE_CODE,identity_repair|Hidden_state,Inherited from the hashed TrackingConfig source; no separate sensitivity claim.,PARTIAL_NO_METHOD_SPECIFIC_SENSITIVITY,FROZEN_BY_PREDICTION_AUTHORITY,Current-main active value. The frozen prediction producer was 89db2d34646434319afcb4a040ba38d183431cfd; inherited defaults were not preserved as a complete runtime dump.
R1_CURRENT_STANDARD_V2_20260728,Hidden_state,hidden_velocity_alpha,0.65,unitless,INHERITED_DEFAULT_WITH_PROVENANCE,src/pig_behavior/tracking/config.py,52c5f54ad44b6f76a8d143d168bdc942542d5fd263903cbf630f9c58ecf1cdd0,95dd37982251a6b59779e0eed020e266b54fc88c,,NO,RF_CORE_PLUS_OFFLINE_REPAIR_BOUND_SEPARATELY,PARTIAL_INHERITED_DEFAULTS_NOT_DUMPED,BOUND_BY_SOURCE_CODE,Hidden_state|evaluator_only,Inherited from the hashed TrackingConfig source; no separate sensitivity claim.,PARTIAL_NO_METHOD_SPECIFIC_SENSITIVITY,FROZEN_BY_PREDICTION_AUTHORITY,Current-main active value. The frozen prediction producer was 89db2d34646434319afcb4a040ba38d183431cfd; inherited defaults were not preserved as a complete runtime dump.
R1_CURRENT_STANDARD_V2_20260728,bbox_geometry,high_conf_smooth_alpha,0.75,unitless,INHERITED_DEFAULT_WITH_PROVENANCE,src/pig_behavior/tracking/config.py,52c5f54ad44b6f76a8d143d168bdc942542d5fd263903cbf630f9c58ecf1cdd0,95dd37982251a6b59779e0eed020e266b54fc88c,,NO,RF_CORE_PLUS_OFFLINE_REPAIR_BOUND_SEPARATELY,PARTIAL_INHERITED_DEFAULTS_NOT_DUMPED,BOUND_BY_SOURCE_CODE,bbox_geometry|evaluator_only,Inherited from the hashed TrackingConfig source; no separate sensitivity claim.,PARTIAL_NO_METHOD_SPECIFIC_SENSITIVITY,FROZEN_BY_PREDICTION_AUTHORITY,Current-main active value. The frozen prediction producer was 89db2d34646434319afcb4a040ba38d183431cfd; inherited defaults were not preserved as a complete runtime dump.
R1_CURRENT_STANDARD_V2_20260728,Hidden_state,hold_occluded_box,true,boolean,INHERITED_DEFAULT_WITH_PROVENANCE,src/pig_behavior/tracking/config.py,52c5f54ad44b6f76a8d143d168bdc942542d5fd263903cbf630f9c58ecf1cdd0,95dd37982251a6b59779e0eed020e266b54fc88c,,NO,RF_CORE_PLUS_OFFLINE_REPAIR_BOUND_SEPARATELY,PARTIAL_INHERITED_DEFAULTS_NOT_DUMPED,BOUND_BY_SOURCE_CODE,Hidden_state|bbox_geometry,Inherited from the hashed TrackingConfig source; no separate sensitivity claim.,PARTIAL_NO_METHOD_SPECIFIC_SENSITIVITY,FROZEN_BY_PREDICTION_AUTHORITY,Current-main active value. The frozen prediction producer was 89db2d34646434319afcb4a040ba38d183431cfd; inherited defaults were not preserved as a complete runtime dump.
R1_CURRENT_STANDARD_V2_20260728,identity_repair,identity_swap_guard,false,boolean,PREDECLARED_DEVELOPMENT_SELECTION,src/pig_behavior/tracking/profiles/rf_hybrid_offline.py,bc7c20c21bf6ce283fb8f0ba34b36705805a52591b705a16c81f9014bb755ce9,95dd37982251a6b59779e0eed020e266b54fc88c,false,YES,RF_CORE_PLUS_OFFLINE_REPAIR_BOUND_SEPARATELY,YES_PROFILE_OVERRIDE_ONLY,BOUND_BY_EFFECTIVE_CONFIG,identity_repair,Profile override frozen by a development authority before its authority run.,SUFFICIENT_WITH_DEVELOPMENT_SCOPE_LIMITATION,FROZEN_BY_PREDICTION_AUTHORITY,Current-main active value. The frozen prediction producer was 89db2d34646434319afcb4a040ba38d183431cfd; inherited defaults were not preserved as a complete runtime dump.
R1_CURRENT_STANDARD_V2_20260728,identity_repair,identity_swap_guard_far_x_threshold,0.67,unitless,INHERITED_DEFAULT_WITH_PROVENANCE,src/pig_behavior/tracking/config.py,52c5f54ad44b6f76a8d143d168bdc942542d5fd263903cbf630f9c58ecf1cdd0,95dd37982251a6b59779e0eed020e266b54fc88c,,NO,RF_CORE_PLUS_OFFLINE_REPAIR_BOUND_SEPARATELY,PARTIAL_INHERITED_DEFAULTS_NOT_DUMPED,BOUND_BY_SOURCE_CODE,identity_repair,Inherited from the hashed TrackingConfig source; no separate sensitivity claim.,PARTIAL_NO_METHOD_SPECIFIC_SENSITIVITY,FROZEN_BY_PREDICTION_AUTHORITY,Current-main active value. The frozen prediction producer was 89db2d34646434319afcb4a040ba38d183431cfd; inherited defaults were not preserved as a complete runtime dump.
R1_CURRENT_STANDARD_V2_20260728,identity_repair,identity_swap_guard_skip_mixed_occlusion_hold,false,boolean,INHERITED_DEFAULT_WITH_PROVENANCE,src/pig_behavior/tracking/config.py,52c5f54ad44b6f76a8d143d168bdc942542d5fd263903cbf630f9c58ecf1cdd0,95dd37982251a6b59779e0eed020e266b54fc88c,,NO,RF_CORE_PLUS_OFFLINE_REPAIR_BOUND_SEPARATELY,PARTIAL_INHERITED_DEFAULTS_NOT_DUMPED,BOUND_BY_SOURCE_CODE,identity_repair|Hidden_state,Inherited from the hashed TrackingConfig source; no separate sensitivity claim.,PARTIAL_NO_METHOD_SPECIFIC_SENSITIVITY,FROZEN_BY_PREDICTION_AUTHORITY,Current-main active value. The frozen prediction producer was 89db2d34646434319afcb4a040ba38d183431cfd; inherited defaults were not preserved as a complete runtime dump.
R1_CURRENT_STANDARD_V2_20260728,identity_repair,identity_swap_guard_skip_mixed_occlusion_hold_far_only,false,boolean,INHERITED_DEFAULT_WITH_PROVENANCE,src/pig_behavior/tracking/config.py,52c5f54ad44b6f76a8d143d168bdc942542d5fd263903cbf630f9c58ecf1cdd0,95dd37982251a6b59779e0eed020e266b54fc88c,,NO,RF_CORE_PLUS_OFFLINE_REPAIR_BOUND_SEPARATELY,PARTIAL_INHERITED_DEFAULTS_NOT_DUMPED,BOUND_BY_SOURCE_CODE,identity_repair|Hidden_state,Inherited from the hashed TrackingConfig source; no separate sensitivity claim.,PARTIAL_NO_METHOD_SPECIFIC_SENSITIVITY,FROZEN_BY_PREDICTION_AUTHORITY,Current-main active value. The frozen prediction producer was 89db2d34646434319afcb4a040ba38d183431cfd; inherited defaults were not preserved as a complete runtime dump.
R1_CURRENT_STANDARD_V2_20260728,identity_repair,identity_swap_iom_threshold,0.1,unitless,INHERITED_DEFAULT_WITH_PROVENANCE,src/pig_behavior/tracking/config.py,52c5f54ad44b6f76a8d143d168bdc942542d5fd263903cbf630f9c58ecf1cdd0,95dd37982251a6b59779e0eed020e266b54fc88c,,NO,RF_CORE_PLUS_OFFLINE_REPAIR_BOUND_SEPARATELY,PARTIAL_INHERITED_DEFAULTS_NOT_DUMPED,BOUND_BY_SOURCE_CODE,identity_repair,Inherited from the hashed TrackingConfig source; no separate sensitivity claim.,PARTIAL_NO_METHOD_SPECIFIC_SENSITIVITY,FROZEN_BY_PREDICTION_AUTHORITY,Current-main active value. The frozen prediction producer was 89db2d34646434319afcb4a040ba38d183431cfd; inherited defaults were not preserved as a complete runtime dump.
R1_CURRENT_STANDARD_V2_20260728,identity_repair,identity_swap_min_gain,0.015,unitless,INHERITED_DEFAULT_WITH_PROVENANCE,src/pig_behavior/tracking/config.py,52c5f54ad44b6f76a8d143d168bdc942542d5fd263903cbf630f9c58ecf1cdd0,95dd37982251a6b59779e0eed020e266b54fc88c,,NO,RF_CORE_PLUS_OFFLINE_REPAIR_BOUND_SEPARATELY,PARTIAL_INHERITED_DEFAULTS_NOT_DUMPED,BOUND_BY_SOURCE_CODE,identity_repair,Inherited from the hashed TrackingConfig source; no separate sensitivity claim.,PARTIAL_NO_METHOD_SPECIFIC_SENSITIVITY,FROZEN_BY_PREDICTION_AUTHORITY,Current-main active value. The frozen prediction producer was 89db2d34646434319afcb4a040ba38d183431cfd; inherited defaults were not preserved as a complete runtime dump.
R1_CURRENT_STANDARD_V2_20260728,detection,imgsz,640,count,INHERITED_DEFAULT_WITH_PROVENANCE,src/pig_behavior/tracking/config.py,52c5f54ad44b6f76a8d143d168bdc942542d5fd263903cbf630f9c58ecf1cdd0,95dd37982251a6b59779e0eed020e266b54fc88c,,NO,RF_CORE_PLUS_OFFLINE_REPAIR_BOUND_SEPARATELY,PARTIAL_INHERITED_DEFAULTS_NOT_DUMPED,BOUND_BY_SOURCE_CODE,detection,Inherited from the hashed TrackingConfig source; no separate sensitivity claim.,PARTIAL_NO_METHOD_SPECIFIC_SENSITIVITY,FROZEN_BY_PREDICTION_AUTHORITY,Current-main active value. The frozen prediction producer was 89db2d34646434319afcb4a040ba38d183431cfd; inherited defaults were not preserved as a complete runtime dump.
R1_CURRENT_STANDARD_V2_20260728,engineering_or_indirect,initial_track_conf,0.45,unitless ratio,INHERITED_DEFAULT_WITH_PROVENANCE,src/pig_behavior/tracking/config.py,52c5f54ad44b6f76a8d143d168bdc942542d5fd263903cbf630f9c58ecf1cdd0,95dd37982251a6b59779e0eed020e266b54fc88c,,NO,RF_CORE_PLUS_OFFLINE_REPAIR_BOUND_SEPARATELY,PARTIAL_INHERITED_DEFAULTS_NOT_DUMPED,BOUND_BY_SOURCE_CODE,engineering_or_indirect,Inherited from the hashed TrackingConfig source; no separate sensitivity claim.,PARTIAL_NO_METHOD_SPECIFIC_SENSITIVITY,FROZEN_BY_PREDICTION_AUTHORITY,Current-main active value. The frozen prediction producer was 89db2d34646434319afcb4a040ba38d183431cfd; inherited defaults were not preserved as a complete runtime dump.
R1_CURRENT_STANDARD_V2_20260728,association,iou,null,unitless ratio,INHERITED_DEFAULT_WITH_PROVENANCE,src/pig_behavior/tracking/config.py,52c5f54ad44b6f76a8d143d168bdc942542d5fd263903cbf630f9c58ecf1cdd0,95dd37982251a6b59779e0eed020e266b54fc88c,,NO,RF_CORE_PLUS_OFFLINE_REPAIR_BOUND_SEPARATELY,PARTIAL_INHERITED_DEFAULTS_NOT_DUMPED,BOUND_BY_SOURCE_CODE,association,Inherited from the hashed TrackingConfig source; no separate sensitivity claim.,PARTIAL_NO_METHOD_SPECIFIC_SENSITIVITY,FROZEN_BY_PREDICTION_AUTHORITY,Current-main active value. The frozen prediction producer was 89db2d34646434319afcb4a040ba38d183431cfd; inherited defaults were not preserved as a complete runtime dump.
R1_CURRENT_STANDARD_V2_20260728,association,iou_fallback_threshold,0.45,unitless ratio,INHERITED_DEFAULT_WITH_PROVENANCE,src/pig_behavior/tracking/config.py,52c5f54ad44b6f76a8d143d168bdc942542d5fd263903cbf630f9c58ecf1cdd0,95dd37982251a6b59779e0eed020e266b54fc88c,,NO,RF_CORE_PLUS_OFFLINE_REPAIR_BOUND_SEPARATELY,PARTIAL_INHERITED_DEFAULTS_NOT_DUMPED,BOUND_BY_SOURCE_CODE,association,Inherited from the hashed TrackingConfig source; no separate sensitivity claim.,PARTIAL_NO_METHOD_SPECIFIC_SENSITIVITY,FROZEN_BY_PREDICTION_AUTHORITY,Current-main active value. The frozen prediction producer was 89db2d34646434319afcb4a040ba38d183431cfd; inherited defaults were not preserved as a complete runtime dump.
R1_CURRENT_STANDARD_V2_20260728,engineering_or_indirect,labels_json,null,not applicable,INHERITED_DEFAULT_WITH_PROVENANCE,src/pig_behavior/tracking/config.py,52c5f54ad44b6f76a8d143d168bdc942542d5fd263903cbf630f9c58ecf1cdd0,95dd37982251a6b59779e0eed020e266b54fc88c,,NO,RF_CORE_PLUS_OFFLINE_REPAIR_BOUND_SEPARATELY,PARTIAL_INHERITED_DEFAULTS_NOT_DUMPED,BOUND_BY_SOURCE_CODE,engineering_or_indirect,Inherited from the hashed TrackingConfig source; no separate sensitivity claim.,PARTIAL_NO_METHOD_SPECIFIC_SENSITIVITY,FROZEN_BY_PREDICTION_AUTHORITY,Current-main active value. The frozen prediction producer was 89db2d34646434319afcb4a040ba38d183431cfd; inherited defaults were not preserved as a complete runtime dump.
R1_CURRENT_STANDARD_V2_20260728,identity_repair,local_pair_swap_max_gap_frames,2,frames,INHERITED_DEFAULT_WITH_PROVENANCE,src/pig_behavior/tracking/config.py,52c5f54ad44b6f76a8d143d168bdc942542d5fd263903cbf630f9c58ecf1cdd0,95dd37982251a6b59779e0eed020e266b54fc88c,,NO,RF_CORE_PLUS_OFFLINE_REPAIR_BOUND_SEPARATELY,PARTIAL_INHERITED_DEFAULTS_NOT_DUMPED,BOUND_BY_SOURCE_CODE,identity_repair|runtime,Inherited from the hashed TrackingConfig source; no separate sensitivity claim.,PARTIAL_NO_METHOD_SPECIFIC_SENSITIVITY,FROZEN_BY_PREDICTION_AUTHORITY,Current-main active value. The frozen prediction producer was 89db2d34646434319afcb4a040ba38d183431cfd; inherited defaults were not preserved as a complete runtime dump.
R1_CURRENT_STANDARD_V2_20260728,identity_repair,local_pair_swap_min_motion_gain,0.08,unitless,INHERITED_DEFAULT_WITH_PROVENANCE,src/pig_behavior/tracking/config.py,52c5f54ad44b6f76a8d143d168bdc942542d5fd263903cbf630f9c58ecf1cdd0,95dd37982251a6b59779e0eed020e266b54fc88c,,NO,RF_CORE_PLUS_OFFLINE_REPAIR_BOUND_SEPARATELY,PARTIAL_INHERITED_DEFAULTS_NOT_DUMPED,BOUND_BY_SOURCE_CODE,identity_repair,Inherited from the hashed TrackingConfig source; no separate sensitivity claim.,PARTIAL_NO_METHOD_SPECIFIC_SENSITIVITY,FROZEN_BY_PREDICTION_AUTHORITY,Current-main active value. The frozen prediction producer was 89db2d34646434319afcb4a040ba38d183431cfd; inherited defaults were not preserved as a complete runtime dump.
R1_CURRENT_STANDARD_V2_20260728,association,local_pair_swap_min_overlap_iou,0.2,unitless ratio,INHERITED_DEFAULT_WITH_PROVENANCE,src/pig_behavior/tracking/config.py,52c5f54ad44b6f76a8d143d168bdc942542d5fd263903cbf630f9c58ecf1cdd0,95dd37982251a6b59779e0eed020e266b54fc88c,,NO,RF_CORE_PLUS_OFFLINE_REPAIR_BOUND_SEPARATELY,PARTIAL_INHERITED_DEFAULTS_NOT_DUMPED,BOUND_BY_SOURCE_CODE,association|identity_repair,Inherited from the hashed TrackingConfig source; no separate sensitivity claim.,PARTIAL_NO_METHOD_SPECIFIC_SENSITIVITY,FROZEN_BY_PREDICTION_AUTHORITY,Current-main active value. The frozen prediction producer was 89db2d34646434319afcb4a040ba38d183431cfd; inherited defaults were not preserved as a complete runtime dump.
R1_CURRENT_STANDARD_V2_20260728,identity_repair,local_pair_swap_repair,false,boolean,INHERITED_DEFAULT_WITH_PROVENANCE,src/pig_behavior/tracking/config.py,52c5f54ad44b6f76a8d143d168bdc942542d5fd263903cbf630f9c58ecf1cdd0,95dd37982251a6b59779e0eed020e266b54fc88c,,NO,RF_CORE_PLUS_OFFLINE_REPAIR_BOUND_SEPARATELY,PARTIAL_INHERITED_DEFAULTS_NOT_DUMPED,BOUND_BY_SOURCE_CODE,identity_repair,Inherited from the hashed TrackingConfig source; no separate sensitivity claim.,PARTIAL_NO_METHOD_SPECIFIC_SENSITIVITY,FROZEN_BY_PREDICTION_AUTHORITY,Current-main active value. The frozen prediction producer was 89db2d34646434319afcb4a040ba38d183431cfd; inherited defaults were not preserved as a complete runtime dump.
R1_CURRENT_STANDARD_V2_20260728,identity_repair,local_pair_swap_window_frames,8,frames,INHERITED_DEFAULT_WITH_PROVENANCE,src/pig_behavior/tracking/config.py,52c5f54ad44b6f76a8d143d168bdc942542d5fd263903cbf630f9c58ecf1cdd0,95dd37982251a6b59779e0eed020e266b54fc88c,,NO,RF_CORE_PLUS_OFFLINE_REPAIR_BOUND_SEPARATELY,PARTIAL_INHERITED_DEFAULTS_NOT_DUMPED,BOUND_BY_SOURCE_CODE,identity_repair|runtime,Inherited from the hashed TrackingConfig source; no separate sensitivity claim.,PARTIAL_NO_METHOD_SPECIFIC_SENSITIVITY,FROZEN_BY_PREDICTION_AUTHORITY,Current-main active value. The frozen prediction producer was 89db2d34646434319afcb4a040ba38d183431cfd; inherited defaults were not preserved as a complete runtime dump.
R1_CURRENT_STANDARD_V2_20260728,identity_repair,long_pair_swap_max_gap_frames,2,frames,INHERITED_DEFAULT_WITH_PROVENANCE,src/pig_behavior/tracking/config.py,52c5f54ad44b6f76a8d143d168bdc942542d5fd263903cbf630f9c58ecf1cdd0,95dd37982251a6b59779e0eed020e266b54fc88c,,NO,RF_CORE_PLUS_OFFLINE_REPAIR_BOUND_SEPARATELY,PARTIAL_INHERITED_DEFAULTS_NOT_DUMPED,BOUND_BY_SOURCE_CODE,identity_repair|runtime,Inherited from the hashed TrackingConfig source; no separate sensitivity claim.,PARTIAL_NO_METHOD_SPECIFIC_SENSITIVITY,FROZEN_BY_PREDICTION_AUTHORITY,Current-main active value. The frozen prediction producer was 89db2d34646434319afcb4a040ba38d183431cfd; inherited defaults were not preserved as a complete runtime dump.
R1_CURRENT_STANDARD_V2_20260728,identity_repair,long_pair_swap_min_frames,24,frames,INHERITED_DEFAULT_WITH_PROVENANCE,src/pig_behavior/tracking/config.py,52c5f54ad44b6f76a8d143d168bdc942542d5fd263903cbf630f9c58ecf1cdd0,95dd37982251a6b59779e0eed020e266b54fc88c,,NO,RF_CORE_PLUS_OFFLINE_REPAIR_BOUND_SEPARATELY,PARTIAL_INHERITED_DEFAULTS_NOT_DUMPED,BOUND_BY_SOURCE_CODE,identity_repair|runtime,Inherited from the hashed TrackingConfig source; no separate sensitivity claim.,PARTIAL_NO_METHOD_SPECIFIC_SENSITIVITY,FROZEN_BY_PREDICTION_AUTHORITY,Current-main active value. The frozen prediction producer was 89db2d34646434319afcb4a040ba38d183431cfd; inherited defaults were not preserved as a complete runtime dump.
R1_CURRENT_STANDARD_V2_20260728,identity_repair,long_pair_swap_min_median_separation,0.04,unitless,INHERITED_DEFAULT_WITH_PROVENANCE,src/pig_behavior/tracking/config.py,52c5f54ad44b6f76a8d143d168bdc942542d5fd263903cbf630f9c58ecf1cdd0,95dd37982251a6b59779e0eed020e266b54fc88c,,NO,RF_CORE_PLUS_OFFLINE_REPAIR_BOUND_SEPARATELY,PARTIAL_INHERITED_DEFAULTS_NOT_DUMPED,BOUND_BY_SOURCE_CODE,identity_repair,Inherited from the hashed TrackingConfig source; no separate sensitivity claim.,PARTIAL_NO_METHOD_SPECIFIC_SENSITIVITY,FROZEN_BY_PREDICTION_AUTHORITY,Current-main active value. The frozen prediction producer was 89db2d34646434319afcb4a040ba38d183431cfd; inherited defaults were not preserved as a complete runtime dump.
R1_CURRENT_STANDARD_V2_20260728,identity_repair,long_pair_swap_min_start_gain,0.08,unitless,INHERITED_DEFAULT_WITH_PROVENANCE,src/pig_behavior/tracking/config.py,52c5f54ad44b6f76a8d143d168bdc942542d5fd263903cbf630f9c58ecf1cdd0,95dd37982251a6b59779e0eed020e266b54fc88c,,NO,RF_CORE_PLUS_OFFLINE_REPAIR_BOUND_SEPARATELY,PARTIAL_INHERITED_DEFAULTS_NOT_DUMPED,BOUND_BY_SOURCE_CODE,identity_repair,Inherited from the hashed TrackingConfig source; no separate sensitivity claim.,PARTIAL_NO_METHOD_SPECIFIC_SENSITIVITY,FROZEN_BY_PREDICTION_AUTHORITY,Current-main active value. The frozen prediction producer was 89db2d34646434319afcb4a040ba38d183431cfd; inherited defaults were not preserved as a complete runtime dump.
R1_CURRENT_STANDARD_V2_20260728,identity_repair,long_pair_swap_repair,false,boolean,INHERITED_DEFAULT_WITH_PROVENANCE,src/pig_behavior/tracking/config.py,52c5f54ad44b6f76a8d143d168bdc942542d5fd263903cbf630f9c58ecf1cdd0,95dd37982251a6b59779e0eed020e266b54fc88c,,NO,RF_CORE_PLUS_OFFLINE_REPAIR_BOUND_SEPARATELY,PARTIAL_INHERITED_DEFAULTS_NOT_DUMPED,BOUND_BY_SOURCE_CODE,identity_repair,Inherited from the hashed TrackingConfig source; no separate sensitivity claim.,PARTIAL_NO_METHOD_SPECIFIC_SENSITIVITY,FROZEN_BY_PREDICTION_AUTHORITY,Current-main active value. The frozen prediction producer was 89db2d34646434319afcb4a040ba38d183431cfd; inherited defaults were not preserved as a complete runtime dump.
R1_CURRENT_STANDARD_V2_20260728,association,lost_track_cost_threshold,0.95,unitless,INHERITED_DEFAULT_WITH_PROVENANCE,src/pig_behavior/tracking/config.py,52c5f54ad44b6f76a8d143d168bdc942542d5fd263903cbf630f9c58ecf1cdd0,95dd37982251a6b59779e0eed020e266b54fc88c,,NO,RF_CORE_PLUS_OFFLINE_REPAIR_BOUND_SEPARATELY,PARTIAL_INHERITED_DEFAULTS_NOT_DUMPED,BOUND_BY_SOURCE_CODE,association|lifecycle,Inherited from the hashed TrackingConfig source; no separate sensitivity claim.,PARTIAL_NO_METHOD_SPECIFIC_SENSITIVITY,FROZEN_BY_PREDICTION_AUTHORITY,Current-main active value. The frozen prediction producer was 89db2d34646434319afcb4a040ba38d183431cfd; inherited defaults were not preserved as a complete runtime dump.
R1_CURRENT_STANDARD_V2_20260728,association,lost_track_different_raw_hidden_owner_appearance_threshold,0.25,unitless,INHERITED_DEFAULT_WITH_PROVENANCE,src/pig_behavior/tracking/config.py,52c5f54ad44b6f76a8d143d168bdc942542d5fd263903cbf630f9c58ecf1cdd0,95dd37982251a6b59779e0eed020e266b54fc88c,,NO,RF_CORE_PLUS_OFFLINE_REPAIR_BOUND_SEPARATELY,PARTIAL_INHERITED_DEFAULTS_NOT_DUMPED,BOUND_BY_SOURCE_CODE,association|lifecycle|identity_repair|Hidden_state,Inherited from the hashed TrackingConfig source; no separate sensitivity claim.,PARTIAL_NO_METHOD_SPECIFIC_SENSITIVITY,FROZEN_BY_PREDICTION_AUTHORITY,Current-main active value. The frozen prediction producer was 89db2d34646434319afcb4a040ba38d183431cfd; inherited defaults were not preserved as a complete runtime dump.
R1_CURRENT_STANDARD_V2_20260728,lifecycle,lost_track_different_raw_hidden_owner_bypass,true,boolean,INHERITED_DEFAULT_WITH_PROVENANCE,src/pig_behavior/tracking/config.py,52c5f54ad44b6f76a8d143d168bdc942542d5fd263903cbf630f9c58ecf1cdd0,95dd37982251a6b59779e0eed020e266b54fc88c,,NO,RF_CORE_PLUS_OFFLINE_REPAIR_BOUND_SEPARATELY,PARTIAL_INHERITED_DEFAULTS_NOT_DUMPED,BOUND_BY_SOURCE_CODE,lifecycle|identity_repair|Hidden_state,Inherited from the hashed TrackingConfig source; no separate sensitivity claim.,PARTIAL_NO_METHOD_SPECIFIC_SENSITIVITY,FROZEN_BY_PREDICTION_AUTHORITY,Current-main active value. The frozen prediction producer was 89db2d34646434319afcb4a040ba38d183431cfd; inherited defaults were not preserved as a complete runtime dump.
R1_CURRENT_STANDARD_V2_20260728,lifecycle,lost_track_different_raw_hidden_owner_min_center_gain,0.03,unitless,INHERITED_DEFAULT_WITH_PROVENANCE,src/pig_behavior/tracking/config.py,52c5f54ad44b6f76a8d143d168bdc942542d5fd263903cbf630f9c58ecf1cdd0,95dd37982251a6b59779e0eed020e266b54fc88c,,NO,RF_CORE_PLUS_OFFLINE_REPAIR_BOUND_SEPARATELY,PARTIAL_INHERITED_DEFAULTS_NOT_DUMPED,BOUND_BY_SOURCE_CODE,lifecycle|identity_repair|Hidden_state,Inherited from the hashed TrackingConfig source; no separate sensitivity claim.,PARTIAL_NO_METHOD_SPECIFIC_SENSITIVITY,FROZEN_BY_PREDICTION_AUTHORITY,Current-main active value. The frozen prediction producer was 89db2d34646434319afcb4a040ba38d183431cfd; inherited defaults were not preserved as a complete runtime dump.
R1_CURRENT_STANDARD_V2_20260728,lifecycle,lost_track_different_raw_hidden_owner_min_missed,2,frames,INHERITED_DEFAULT_WITH_PROVENANCE,src/pig_behavior/tracking/config.py,52c5f54ad44b6f76a8d143d168bdc942542d5fd263903cbf630f9c58ecf1cdd0,95dd37982251a6b59779e0eed020e266b54fc88c,,NO,RF_CORE_PLUS_OFFLINE_REPAIR_BOUND_SEPARATELY,PARTIAL_INHERITED_DEFAULTS_NOT_DUMPED,BOUND_BY_SOURCE_CODE,lifecycle|identity_repair|Hidden_state,Inherited from the hashed TrackingConfig source; no separate sensitivity claim.,PARTIAL_NO_METHOD_SPECIFIC_SENSITIVITY,FROZEN_BY_PREDICTION_AUTHORITY,Current-main active value. The frozen prediction producer was 89db2d34646434319afcb4a040ba38d183431cfd; inherited defaults were not preserved as a complete runtime dump.
R1_CURRENT_STANDARD_V2_20260728,association,lost_track_fast_motion_appearance_threshold,0.3,unitless,INHERITED_DEFAULT_WITH_PROVENANCE,src/pig_behavior/tracking/config.py,52c5f54ad44b6f76a8d143d168bdc942542d5fd263903cbf630f9c58ecf1cdd0,95dd37982251a6b59779e0eed020e266b54fc88c,,NO,RF_CORE_PLUS_OFFLINE_REPAIR_BOUND_SEPARATELY,PARTIAL_INHERITED_DEFAULTS_NOT_DUMPED,BOUND_BY_SOURCE_CODE,association|lifecycle,Inherited from the hashed TrackingConfig source; no separate sensitivity claim.,PARTIAL_NO_METHOD_SPECIFIC_SENSITIVITY,FROZEN_BY_PREDICTION_AUTHORITY,Current-main active value. The frozen prediction producer was 89db2d34646434319afcb4a040ba38d183431cfd; inherited defaults were not preserved as a complete runtime dump.
R1_CURRENT_STANDARD_V2_20260728,lifecycle,lost_track_fast_motion_max_center_jump,0.42,unitless,INHERITED_DEFAULT_WITH_PROVENANCE,src/pig_behavior/tracking/config.py,52c5f54ad44b6f76a8d143d168bdc942542d5fd263903cbf630f9c58ecf1cdd0,95dd37982251a6b59779e0eed020e266b54fc88c,,NO,RF_CORE_PLUS_OFFLINE_REPAIR_BOUND_SEPARATELY,PARTIAL_INHERITED_DEFAULTS_NOT_DUMPED,BOUND_BY_SOURCE_CODE,lifecycle,Inherited from the hashed TrackingConfig source; no separate sensitivity claim.,PARTIAL_NO_METHOD_SPECIFIC_SENSITIVITY,FROZEN_BY_PREDICTION_AUTHORITY,Current-main active value. The frozen prediction producer was 89db2d34646434319afcb4a040ba38d183431cfd; inherited defaults were not preserved as a complete runtime dump.
R1_CURRENT_STANDARD_V2_20260728,lifecycle,lost_track_fast_motion_min_center_jump,0.06,unitless,INHERITED_DEFAULT_WITH_PROVENANCE,src/pig_behavior/tracking/config.py,52c5f54ad44b6f76a8d143d168bdc942542d5fd263903cbf630f9c58ecf1cdd0,95dd37982251a6b59779e0eed020e266b54fc88c,,NO,RF_CORE_PLUS_OFFLINE_REPAIR_BOUND_SEPARATELY,PARTIAL_INHERITED_DEFAULTS_NOT_DUMPED,BOUND_BY_SOURCE_CODE,lifecycle,Inherited from the hashed TrackingConfig source; no separate sensitivity claim.,PARTIAL_NO_METHOD_SPECIFIC_SENSITIVITY,FROZEN_BY_PREDICTION_AUTHORITY,Current-main active value. The frozen prediction producer was 89db2d34646434319afcb4a040ba38d183431cfd; inherited defaults were not preserved as a complete runtime dump.
R1_CURRENT_STANDARD_V2_20260728,lifecycle,lost_track_fast_motion_owner_grace,3,count,INHERITED_DEFAULT_WITH_PROVENANCE,src/pig_behavior/tracking/config.py,52c5f54ad44b6f76a8d143d168bdc942542d5fd263903cbf630f9c58ecf1cdd0,95dd37982251a6b59779e0eed020e266b54fc88c,,NO,RF_CORE_PLUS_OFFLINE_REPAIR_BOUND_SEPARATELY,PARTIAL_INHERITED_DEFAULTS_NOT_DUMPED,BOUND_BY_SOURCE_CODE,lifecycle|identity_repair,Inherited from the hashed TrackingConfig source; no separate sensitivity claim.,PARTIAL_NO_METHOD_SPECIFIC_SENSITIVITY,FROZEN_BY_PREDICTION_AUTHORITY,Current-main active value. The frozen prediction producer was 89db2d34646434319afcb4a040ba38d183431cfd; inherited defaults were not preserved as a complete runtime dump.
R1_CURRENT_STANDARD_V2_20260728,lifecycle,lost_track_fast_motion_owner_max_gap,0.14,unitless,INHERITED_DEFAULT_WITH_PROVENANCE,src/pig_behavior/tracking/config.py,52c5f54ad44b6f76a8d143d168bdc942542d5fd263903cbf630f9c58ecf1cdd0,95dd37982251a6b59779e0eed020e266b54fc88c,,NO,RF_CORE_PLUS_OFFLINE_REPAIR_BOUND_SEPARATELY,PARTIAL_INHERITED_DEFAULTS_NOT_DUMPED,BOUND_BY_SOURCE_CODE,lifecycle|identity_repair,Inherited from the hashed TrackingConfig source; no separate sensitivity claim.,PARTIAL_NO_METHOD_SPECIFIC_SENSITIVITY,FROZEN_BY_PREDICTION_AUTHORITY,Current-main active value. The frozen prediction producer was 89db2d34646434319afcb4a040ba38d183431cfd; inherited defaults were not preserved as a complete runtime dump.
R1_CURRENT_STANDARD_V2_20260728,association,lost_track_raw_owner_transfer_appearance_threshold,0.25,unitless,INHERITED_DEFAULT_WITH_PROVENANCE,src/pig_behavior/tracking/config.py,52c5f54ad44b6f76a8d143d168bdc942542d5fd263903cbf630f9c58ecf1cdd0,95dd37982251a6b59779e0eed020e266b54fc88c,,NO,RF_CORE_PLUS_OFFLINE_REPAIR_BOUND_SEPARATELY,PARTIAL_INHERITED_DEFAULTS_NOT_DUMPED,BOUND_BY_SOURCE_CODE,association|lifecycle|identity_repair,Inherited from the hashed TrackingConfig source; no separate sensitivity claim.,PARTIAL_NO_METHOD_SPECIFIC_SENSITIVITY,FROZEN_BY_PREDICTION_AUTHORITY,Current-main active value. The frozen prediction producer was 89db2d34646434319afcb4a040ba38d183431cfd; inherited defaults were not preserved as a complete runtime dump.
R1_CURRENT_STANDARD_V2_20260728,association,lost_track_raw_owner_transfer_min_appearance_gain,0.05,unitless,INHERITED_DEFAULT_WITH_PROVENANCE,src/pig_behavior/tracking/config.py,52c5f54ad44b6f76a8d143d168bdc942542d5fd263903cbf630f9c58ecf1cdd0,95dd37982251a6b59779e0eed020e266b54fc88c,,NO,RF_CORE_PLUS_OFFLINE_REPAIR_BOUND_SEPARATELY,PARTIAL_INHERITED_DEFAULTS_NOT_DUMPED,BOUND_BY_SOURCE_CODE,association|lifecycle|identity_repair,Inherited from the hashed TrackingConfig source; no separate sensitivity claim.,PARTIAL_NO_METHOD_SPECIFIC_SENSITIVITY,FROZEN_BY_PREDICTION_AUTHORITY,Current-main active value. The frozen prediction producer was 89db2d34646434319afcb4a040ba38d183431cfd; inherited defaults were not preserved as a complete runtime dump.
R1_CURRENT_STANDARD_V2_20260728,lifecycle,lost_track_raw_owner_transfer_min_center_gain,0.04,unitless,INHERITED_DEFAULT_WITH_PROVENANCE,src/pig_behavior/tracking/config.py,52c5f54ad44b6f76a8d143d168bdc942542d5fd263903cbf630f9c58ecf1cdd0,95dd37982251a6b59779e0eed020e266b54fc88c,,NO,RF_CORE_PLUS_OFFLINE_REPAIR_BOUND_SEPARATELY,PARTIAL_INHERITED_DEFAULTS_NOT_DUMPED,BOUND_BY_SOURCE_CODE,lifecycle|identity_repair,Inherited from the hashed TrackingConfig source; no separate sensitivity claim.,PARTIAL_NO_METHOD_SPECIFIC_SENSITIVITY,FROZEN_BY_PREDICTION_AUTHORITY,Current-main active value. The frozen prediction producer was 89db2d34646434319afcb4a040ba38d183431cfd; inherited defaults were not preserved as a complete runtime dump.
R1_CURRENT_STANDARD_V2_20260728,lifecycle,lost_track_reacquire_different_raw_owner_guard,true,boolean,INHERITED_DEFAULT_WITH_PROVENANCE,src/pig_behavior/tracking/config.py,52c5f54ad44b6f76a8d143d168bdc942542d5fd263903cbf630f9c58ecf1cdd0,95dd37982251a6b59779e0eed020e266b54fc88c,,NO,RF_CORE_PLUS_OFFLINE_REPAIR_BOUND_SEPARATELY,PARTIAL_INHERITED_DEFAULTS_NOT_DUMPED,BOUND_BY_SOURCE_CODE,lifecycle|identity_repair,Inherited from the hashed TrackingConfig source; no separate sensitivity claim.,PARTIAL_NO_METHOD_SPECIFIC_SENSITIVITY,FROZEN_BY_PREDICTION_AUTHORITY,Current-main active value. The frozen prediction producer was 89db2d34646434319afcb4a040ba38d183431cfd; inherited defaults were not preserved as a complete runtime dump.
R1_CURRENT_STANDARD_V2_20260728,lifecycle,lost_track_reacquire_guard,true,boolean,INHERITED_DEFAULT_WITH_PROVENANCE,src/pig_behavior/tracking/config.py,52c5f54ad44b6f76a8d143d168bdc942542d5fd263903cbf630f9c58ecf1cdd0,95dd37982251a6b59779e0eed020e266b54fc88c,,NO,RF_CORE_PLUS_OFFLINE_REPAIR_BOUND_SEPARATELY,PARTIAL_INHERITED_DEFAULTS_NOT_DUMPED,BOUND_BY_SOURCE_CODE,lifecycle,Inherited from the hashed TrackingConfig source; no separate sensitivity claim.,PARTIAL_NO_METHOD_SPECIFIC_SENSITIVITY,FROZEN_BY_PREDICTION_AUTHORITY,Current-main active value. The frozen prediction producer was 89db2d34646434319afcb4a040ba38d183431cfd; inherited defaults were not preserved as a complete runtime dump.
R1_CURRENT_STANDARD_V2_20260728,lifecycle,lost_track_reacquire_max_center_jump,0.22,unitless,INHERITED_DEFAULT_WITH_PROVENANCE,src/pig_behavior/tracking/config.py,52c5f54ad44b6f76a8d143d168bdc942542d5fd263903cbf630f9c58ecf1cdd0,95dd37982251a6b59779e0eed020e266b54fc88c,,NO,RF_CORE_PLUS_OFFLINE_REPAIR_BOUND_SEPARATELY,PARTIAL_INHERITED_DEFAULTS_NOT_DUMPED,BOUND_BY_SOURCE_CODE,lifecycle,Inherited from the hashed TrackingConfig source; no separate sensitivity claim.,PARTIAL_NO_METHOD_SPECIFIC_SENSITIVITY,FROZEN_BY_PREDICTION_AUTHORITY,Current-main active value. The frozen prediction producer was 89db2d34646434319afcb4a040ba38d183431cfd; inherited defaults were not preserved as a complete runtime dump.
R1_CURRENT_STANDARD_V2_20260728,lifecycle,lost_track_reacquire_non_same_raw_distance_guard,false,boolean,INHERITED_DEFAULT_WITH_PROVENANCE,src/pig_behavior/tracking/config.py,52c5f54ad44b6f76a8d143d168bdc942542d5fd263903cbf630f9c58ecf1cdd0,95dd37982251a6b59779e0eed020e266b54fc88c,,NO,RF_CORE_PLUS_OFFLINE_REPAIR_BOUND_SEPARATELY,PARTIAL_INHERITED_DEFAULTS_NOT_DUMPED,BOUND_BY_SOURCE_CODE,lifecycle,Inherited from the hashed TrackingConfig source; no separate sensitivity claim.,PARTIAL_NO_METHOD_SPECIFIC_SENSITIVITY,FROZEN_BY_PREDICTION_AUTHORITY,Current-main active value. The frozen prediction producer was 89db2d34646434319afcb4a040ba38d183431cfd; inherited defaults were not preserved as a complete runtime dump.
R1_CURRENT_STANDARD_V2_20260728,lifecycle,lost_track_reacquire_raw_owner_guard,true,boolean,INHERITED_DEFAULT_WITH_PROVENANCE,src/pig_behavior/tracking/config.py,52c5f54ad44b6f76a8d143d168bdc942542d5fd263903cbf630f9c58ecf1cdd0,95dd37982251a6b59779e0eed020e266b54fc88c,,NO,RF_CORE_PLUS_OFFLINE_REPAIR_BOUND_SEPARATELY,PARTIAL_INHERITED_DEFAULTS_NOT_DUMPED,BOUND_BY_SOURCE_CODE,lifecycle|identity_repair,Inherited from the hashed TrackingConfig source; no separate sensitivity claim.,PARTIAL_NO_METHOD_SPECIFIC_SENSITIVITY,FROZEN_BY_PREDICTION_AUTHORITY,Current-main active value. The frozen prediction producer was 89db2d34646434319afcb4a040ba38d183431cfd; inherited defaults were not preserved as a complete runtime dump.
R1_CURRENT_STANDARD_V2_20260728,association,lost_track_reacquire_same_raw_appearance_bypass,true,boolean,INHERITED_DEFAULT_WITH_PROVENANCE,src/pig_behavior/tracking/config.py,52c5f54ad44b6f76a8d143d168bdc942542d5fd263903cbf630f9c58ecf1cdd0,95dd37982251a6b59779e0eed020e266b54fc88c,,NO,RF_CORE_PLUS_OFFLINE_REPAIR_BOUND_SEPARATELY,PARTIAL_INHERITED_DEFAULTS_NOT_DUMPED,BOUND_BY_SOURCE_CODE,association|lifecycle,Inherited from the hashed TrackingConfig source; no separate sensitivity claim.,PARTIAL_NO_METHOD_SPECIFIC_SENSITIVITY,FROZEN_BY_PREDICTION_AUTHORITY,Current-main active value. The frozen prediction producer was 89db2d34646434319afcb4a040ba38d183431cfd; inherited defaults were not preserved as a complete runtime dump.
R1_CURRENT_STANDARD_V2_20260728,association,lost_track_reacquire_same_raw_appearance_threshold,0.25,unitless,INHERITED_DEFAULT_WITH_PROVENANCE,src/pig_behavior/tracking/config.py,52c5f54ad44b6f76a8d143d168bdc942542d5fd263903cbf630f9c58ecf1cdd0,95dd37982251a6b59779e0eed020e266b54fc88c,,NO,RF_CORE_PLUS_OFFLINE_REPAIR_BOUND_SEPARATELY,PARTIAL_INHERITED_DEFAULTS_NOT_DUMPED,BOUND_BY_SOURCE_CODE,association|lifecycle,Inherited from the hashed TrackingConfig source; no separate sensitivity claim.,PARTIAL_NO_METHOD_SPECIFIC_SENSITIVITY,FROZEN_BY_PREDICTION_AUTHORITY,Current-main active value. The frozen prediction producer was 89db2d34646434319afcb4a040ba38d183431cfd; inherited defaults were not preserved as a complete runtime dump.
R1_CURRENT_STANDARD_V2_20260728,lifecycle,lost_track_reacquire_same_raw_distance_guard,true,boolean,INHERITED_DEFAULT_WITH_PROVENANCE,src/pig_behavior/tracking/config.py,52c5f54ad44b6f76a8d143d168bdc942542d5fd263903cbf630f9c58ecf1cdd0,95dd37982251a6b59779e0eed020e266b54fc88c,,NO,RF_CORE_PLUS_OFFLINE_REPAIR_BOUND_SEPARATELY,PARTIAL_INHERITED_DEFAULTS_NOT_DUMPED,BOUND_BY_SOURCE_CODE,lifecycle,Inherited from the hashed TrackingConfig source; no separate sensitivity claim.,PARTIAL_NO_METHOD_SPECIFIC_SENSITIVITY,FROZEN_BY_PREDICTION_AUTHORITY,Current-main active value. The frozen prediction producer was 89db2d34646434319afcb4a040ba38d183431cfd; inherited defaults were not preserved as a complete runtime dump.
R1_CURRENT_STANDARD_V2_20260728,lifecycle,lost_track_reacquire_same_raw_max_center_jump,0.34,unitless,INHERITED_DEFAULT_WITH_PROVENANCE,src/pig_behavior/tracking/config.py,52c5f54ad44b6f76a8d143d168bdc942542d5fd263903cbf630f9c58ecf1cdd0,95dd37982251a6b59779e0eed020e266b54fc88c,,NO,RF_CORE_PLUS_OFFLINE_REPAIR_BOUND_SEPARATELY,PARTIAL_INHERITED_DEFAULTS_NOT_DUMPED,BOUND_BY_SOURCE_CODE,lifecycle,Inherited from the hashed TrackingConfig source; no separate sensitivity claim.,PARTIAL_NO_METHOD_SPECIFIC_SENSITIVITY,FROZEN_BY_PREDICTION_AUTHORITY,Current-main active value. The frozen prediction producer was 89db2d34646434319afcb4a040ba38d183431cfd; inherited defaults were not preserved as a complete runtime dump.
R1_CURRENT_STANDARD_V2_20260728,lifecycle,lost_track_reacquire_same_raw_owner_guard,true,boolean,INHERITED_DEFAULT_WITH_PROVENANCE,src/pig_behavior/tracking/config.py,52c5f54ad44b6f76a8d143d168bdc942542d5fd263903cbf630f9c58ecf1cdd0,95dd37982251a6b59779e0eed020e266b54fc88c,,NO,RF_CORE_PLUS_OFFLINE_REPAIR_BOUND_SEPARATELY,PARTIAL_INHERITED_DEFAULTS_NOT_DUMPED,BOUND_BY_SOURCE_CODE,lifecycle|identity_repair,Inherited from the hashed TrackingConfig source; no separate sensitivity claim.,PARTIAL_NO_METHOD_SPECIFIC_SENSITIVITY,FROZEN_BY_PREDICTION_AUTHORITY,Current-main active value. The frozen prediction producer was 89db2d34646434319afcb4a040ba38d183431cfd; inherited defaults were not preserved as a complete runtime dump.
R1_CURRENT_STANDARD_V2_20260728,association,lost_track_reid_appearance_threshold,0.25,unitless,INHERITED_DEFAULT_WITH_PROVENANCE,src/pig_behavior/tracking/config.py,52c5f54ad44b6f76a8d143d168bdc942542d5fd263903cbf630f9c58ecf1cdd0,95dd37982251a6b59779e0eed020e266b54fc88c,,NO,RF_CORE_PLUS_OFFLINE_REPAIR_BOUND_SEPARATELY,PARTIAL_INHERITED_DEFAULTS_NOT_DUMPED,BOUND_BY_SOURCE_CODE,association|lifecycle,Inherited from the hashed TrackingConfig source; no separate sensitivity claim.,PARTIAL_NO_METHOD_SPECIFIC_SENSITIVITY,FROZEN_BY_PREDICTION_AUTHORITY,Current-main active value. The frozen prediction producer was 89db2d34646434319afcb4a040ba38d183431cfd; inherited defaults were not preserved as a complete runtime dump.
R1_CURRENT_STANDARD_V2_20260728,bbox_geometry,low_conf_max_box_jump_scale,1.75,unitless,INHERITED_DEFAULT_WITH_PROVENANCE,src/pig_behavior/tracking/config.py,52c5f54ad44b6f76a8d143d168bdc942542d5fd263903cbf630f9c58ecf1cdd0,95dd37982251a6b59779e0eed020e266b54fc88c,,NO,RF_CORE_PLUS_OFFLINE_REPAIR_BOUND_SEPARATELY,PARTIAL_INHERITED_DEFAULTS_NOT_DUMPED,BOUND_BY_SOURCE_CODE,bbox_geometry,Inherited from the hashed TrackingConfig source; no separate sensitivity claim.,PARTIAL_NO_METHOD_SPECIFIC_SENSITIVITY,FROZEN_BY_PREDICTION_AUTHORITY,Current-main active value. The frozen prediction producer was 89db2d34646434319afcb4a040ba38d183431cfd; inherited defaults were not preserved as a complete runtime dump.
R1_CURRENT_STANDARD_V2_20260728,engineering_or_indirect,low_conf_max_center_jump,0.08,unitless,INHERITED_DEFAULT_WITH_PROVENANCE,src/pig_behavior/tracking/config.py,52c5f54ad44b6f76a8d143d168bdc942542d5fd263903cbf630f9c58ecf1cdd0,95dd37982251a6b59779e0eed020e266b54fc88c,,NO,RF_CORE_PLUS_OFFLINE_REPAIR_BOUND_SEPARATELY,PARTIAL_INHERITED_DEFAULTS_NOT_DUMPED,BOUND_BY_SOURCE_CODE,engineering_or_indirect,Inherited from the hashed TrackingConfig source; no separate sensitivity claim.,PARTIAL_NO_METHOD_SPECIFIC_SENSITIVITY,FROZEN_BY_PREDICTION_AUTHORITY,Current-main active value. The frozen prediction producer was 89db2d34646434319afcb4a040ba38d183431cfd; inherited defaults were not preserved as a complete runtime dump.
R1_CURRENT_STANDARD_V2_20260728,association,low_conf_min_iou,0.01,unitless ratio,INHERITED_DEFAULT_WITH_PROVENANCE,src/pig_behavior/tracking/config.py,52c5f54ad44b6f76a8d143d168bdc942542d5fd263903cbf630f9c58ecf1cdd0,95dd37982251a6b59779e0eed020e266b54fc88c,,NO,RF_CORE_PLUS_OFFLINE_REPAIR_BOUND_SEPARATELY,PARTIAL_INHERITED_DEFAULTS_NOT_DUMPED,BOUND_BY_SOURCE_CODE,association,Inherited from the hashed TrackingConfig source; no separate sensitivity claim.,PARTIAL_NO_METHOD_SPECIFIC_SENSITIVITY,FROZEN_BY_PREDICTION_AUTHORITY,Current-main active value. The frozen prediction producer was 89db2d34646434319afcb4a040ba38d183431cfd; inherited defaults were not preserved as a complete runtime dump.
R1_CURRENT_STANDARD_V2_20260728,engineering_or_indirect,low_conf_motion_gate,true,boolean,INHERITED_DEFAULT_WITH_PROVENANCE,src/pig_behavior/tracking/config.py,52c5f54ad44b6f76a8d143d168bdc942542d5fd263903cbf630f9c58ecf1cdd0,95dd37982251a6b59779e0eed020e266b54fc88c,,NO,RF_CORE_PLUS_OFFLINE_REPAIR_BOUND_SEPARATELY,PARTIAL_INHERITED_DEFAULTS_NOT_DUMPED,BOUND_BY_SOURCE_CODE,engineering_or_indirect,Inherited from the hashed TrackingConfig source; no separate sensitivity claim.,PARTIAL_NO_METHOD_SPECIFIC_SENSITIVITY,FROZEN_BY_PREDICTION_AUTHORITY,Current-main active value. The frozen prediction producer was 89db2d34646434319afcb4a040ba38d183431cfd; inherited defaults were not preserved as a complete runtime dump.
R1_CURRENT_STANDARD_V2_20260728,bbox_geometry,low_conf_smooth_alpha,0.35,unitless,INHERITED_DEFAULT_WITH_PROVENANCE,src/pig_behavior/tracking/config.py,52c5f54ad44b6f76a8d143d168bdc942542d5fd263903cbf630f9c58ecf1cdd0,95dd37982251a6b59779e0eed020e266b54fc88c,,NO,RF_CORE_PLUS_OFFLINE_REPAIR_BOUND_SEPARATELY,PARTIAL_INHERITED_DEFAULTS_NOT_DUMPED,BOUND_BY_SOURCE_CODE,bbox_geometry|evaluator_only,Inherited from the hashed TrackingConfig source; no separate sensitivity claim.,PARTIAL_NO_METHOD_SPECIFIC_SENSITIVITY,FROZEN_BY_PREDICTION_AUTHORITY,Current-main active value. The frozen prediction producer was 89db2d34646434319afcb4a040ba38d183431cfd; inherited defaults were not preserved as a complete runtime dump.
R1_CURRENT_STANDARD_V2_20260728,engineering_or_indirect,mark_interpolated_review,true,boolean,INHERITED_DEFAULT_WITH_PROVENANCE,src/pig_behavior/tracking/config.py,52c5f54ad44b6f76a8d143d168bdc942542d5fd263903cbf630f9c58ecf1cdd0,95dd37982251a6b59779e0eed020e266b54fc88c,,NO,RF_CORE_PLUS_OFFLINE_REPAIR_BOUND_SEPARATELY,PARTIAL_INHERITED_DEFAULTS_NOT_DUMPED,BOUND_BY_SOURCE_CODE,engineering_or_indirect,Inherited from the hashed TrackingConfig source; no separate sensitivity claim.,PARTIAL_NO_METHOD_SPECIFIC_SENSITIVITY,FROZEN_BY_PREDICTION_AUTHORITY,Current-main active value. The frozen prediction producer was 89db2d34646434319afcb4a040ba38d183431cfd; inherited defaults were not preserved as a complete runtime dump.
R1_CURRENT_STANDARD_V2_20260728,detection,mask_input_frame,true,boolean,INHERITED_DEFAULT_WITH_PROVENANCE,src/pig_behavior/tracking/config.py,52c5f54ad44b6f76a8d143d168bdc942542d5fd263903cbf630f9c58ecf1cdd0,95dd37982251a6b59779e0eed020e266b54fc88c,,NO,RF_CORE_PLUS_OFFLINE_REPAIR_BOUND_SEPARATELY,PARTIAL_INHERITED_DEFAULTS_NOT_DUMPED,BOUND_BY_SOURCE_CODE,detection|runtime,Inherited from the hashed TrackingConfig source; no separate sensitivity claim.,PARTIAL_NO_METHOD_SPECIFIC_SENSITIVITY,FROZEN_BY_PREDICTION_AUTHORITY,Current-main active value. The frozen prediction producer was 89db2d34646434319afcb4a040ba38d183431cfd; inherited defaults were not preserved as a complete runtime dump.
R1_CURRENT_STANDARD_V2_20260728,detection,mask_iou_max_missed,10,unitless ratio,INHERITED_DEFAULT_WITH_PROVENANCE,src/pig_behavior/tracking/config.py,52c5f54ad44b6f76a8d143d168bdc942542d5fd263903cbf630f9c58ecf1cdd0,95dd37982251a6b59779e0eed020e266b54fc88c,,NO,RF_CORE_PLUS_OFFLINE_REPAIR_BOUND_SEPARATELY,PARTIAL_INHERITED_DEFAULTS_NOT_DUMPED,BOUND_BY_SOURCE_CODE,detection|association|lifecycle,Inherited from the hashed TrackingConfig source; no separate sensitivity claim.,PARTIAL_NO_METHOD_SPECIFIC_SENSITIVITY,FROZEN_BY_PREDICTION_AUTHORITY,Current-main active value. The frozen prediction producer was 89db2d34646434319afcb4a040ba38d183431cfd; inherited defaults were not preserved as a complete runtime dump.
R1_CURRENT_STANDARD_V2_20260728,detection,mask_iou_min_area,64,unitless ratio,INHERITED_DEFAULT_WITH_PROVENANCE,src/pig_behavior/tracking/config.py,52c5f54ad44b6f76a8d143d168bdc942542d5fd263903cbf630f9c58ecf1cdd0,95dd37982251a6b59779e0eed020e266b54fc88c,,NO,RF_CORE_PLUS_OFFLINE_REPAIR_BOUND_SEPARATELY,PARTIAL_INHERITED_DEFAULTS_NOT_DUMPED,BOUND_BY_SOURCE_CODE,detection|association,Inherited from the hashed TrackingConfig source; no separate sensitivity claim.,PARTIAL_NO_METHOD_SPECIFIC_SENSITIVITY,FROZEN_BY_PREDICTION_AUTHORITY,Current-main active value. The frozen prediction producer was 89db2d34646434319afcb4a040ba38d183431cfd; inherited defaults were not preserved as a complete runtime dump.
R1_CURRENT_STANDARD_V2_20260728,detection,mask_path,"""C:\\Users\\ironh\\Downloads\\PIG_Behavior_Project\\.codex_tmp\\worktrees\\tracking_scientific_grounding_authority\\data\\annotations\\scene\\mask.png""",categorical/path,DATA_SCHEMA_CONSTRAINT,src/pig_behavior/tracking/config.py,52c5f54ad44b6f76a8d143d168bdc942542d5fd263903cbf630f9c58ecf1cdd0,95dd37982251a6b59779e0eed020e266b54fc88c,,NO,RF_CORE_PLUS_OFFLINE_REPAIR_BOUND_SEPARATELY,PARTIAL_INHERITED_DEFAULTS_NOT_DUMPED,BOUND_BY_SOURCE_CODE,detection,Bound to the repository data/cache/export schema.,SUFFICIENT,FROZEN_BY_PREDICTION_AUTHORITY,Current-main active value. The frozen prediction producer was 89db2d34646434319afcb4a040ba38d183431cfd; inherited defaults were not preserved as a complete runtime dump.
R1_CURRENT_STANDARD_V2_20260728,association,match_cost_threshold,0.78,unitless,INHERITED_DEFAULT_WITH_PROVENANCE,src/pig_behavior/tracking/config.py,52c5f54ad44b6f76a8d143d168bdc942542d5fd263903cbf630f9c58ecf1cdd0,95dd37982251a6b59779e0eed020e266b54fc88c,,NO,RF_CORE_PLUS_OFFLINE_REPAIR_BOUND_SEPARATELY,PARTIAL_INHERITED_DEFAULTS_NOT_DUMPED,BOUND_BY_SOURCE_CODE,association,Inherited from the hashed TrackingConfig source; no separate sensitivity claim.,PARTIAL_NO_METHOD_SPECIFIC_SENSITIVITY,FROZEN_BY_PREDICTION_AUTHORITY,Current-main active value. The frozen prediction producer was 89db2d34646434319afcb4a040ba38d183431cfd; inherited defaults were not preserved as a complete runtime dump.
R1_CURRENT_STANDARD_V2_20260728,bbox_geometry,max_box_scale_change_after_gap,0.75,unitless,INHERITED_DEFAULT_WITH_PROVENANCE,src/pig_behavior/tracking/config.py,52c5f54ad44b6f76a8d143d168bdc942542d5fd263903cbf630f9c58ecf1cdd0,95dd37982251a6b59779e0eed020e266b54fc88c,,NO,RF_CORE_PLUS_OFFLINE_REPAIR_BOUND_SEPARATELY,PARTIAL_INHERITED_DEFAULTS_NOT_DUMPED,BOUND_BY_SOURCE_CODE,bbox_geometry,Inherited from the hashed TrackingConfig source; no separate sensitivity claim.,PARTIAL_NO_METHOD_SPECIFIC_SENSITIVITY,FROZEN_BY_PREDICTION_AUTHORITY,Current-main active value. The frozen prediction producer was 89db2d34646434319afcb4a040ba38d183431cfd; inherited defaults were not preserved as a complete runtime dump.
R1_CURRENT_STANDARD_V2_20260728,bbox_geometry,max_box_scale_change_per_frame,0.25,frames,INHERITED_DEFAULT_WITH_PROVENANCE,src/pig_behavior/tracking/config.py,52c5f54ad44b6f76a8d143d168bdc942542d5fd263903cbf630f9c58ecf1cdd0,95dd37982251a6b59779e0eed020e266b54fc88c,,NO,RF_CORE_PLUS_OFFLINE_REPAIR_BOUND_SEPARATELY,PARTIAL_INHERITED_DEFAULTS_NOT_DUMPED,BOUND_BY_SOURCE_CODE,bbox_geometry|runtime,Inherited from the hashed TrackingConfig source; no separate sensitivity claim.,PARTIAL_NO_METHOD_SPECIFIC_SENSITIVITY,FROZEN_BY_PREDICTION_AUTHORITY,Current-main active value. The frozen prediction producer was 89db2d34646434319afcb4a040ba38d183431cfd; inherited defaults were not preserved as a complete runtime dump.
R1_CURRENT_STANDARD_V2_20260728,runtime,max_frames,null,frames,HARDWARE_OR_RUNTIME_CONSTRAINT,src/pig_behavior/tracking/config.py,52c5f54ad44b6f76a8d143d168bdc942542d5fd263903cbf630f9c58ecf1cdd0,95dd37982251a6b59779e0eed020e266b54fc88c,,NO,RF_CORE_PLUS_OFFLINE_REPAIR_BOUND_SEPARATELY,PARTIAL_INHERITED_DEFAULTS_NOT_DUMPED,BOUND_BY_SOURCE_CODE,runtime,Execution/safety constraint rather than a quality claim.,SUFFICIENT,FROZEN_BY_PREDICTION_AUTHORITY,Current-main active value. The frozen prediction producer was 89db2d34646434319afcb4a040ba38d183431cfd; inherited defaults were not preserved as a complete runtime dump.
R1_CURRENT_STANDARD_V2_20260728,engineering_or_indirect,max_interpolation_gap,30,count,INHERITED_DEFAULT_WITH_PROVENANCE,src/pig_behavior/tracking/config.py,52c5f54ad44b6f76a8d143d168bdc942542d5fd263903cbf630f9c58ecf1cdd0,95dd37982251a6b59779e0eed020e266b54fc88c,,NO,RF_CORE_PLUS_OFFLINE_REPAIR_BOUND_SEPARATELY,PARTIAL_INHERITED_DEFAULTS_NOT_DUMPED,BOUND_BY_SOURCE_CODE,engineering_or_indirect,Inherited from the hashed TrackingConfig source; no separate sensitivity claim.,PARTIAL_NO_METHOD_SPECIFIC_SENSITIVITY,FROZEN_BY_PREDICTION_AUTHORITY,Current-main active value. The frozen prediction producer was 89db2d34646434319afcb4a040ba38d183431cfd; inherited defaults were not preserved as a complete runtime dump.
R1_CURRENT_STANDARD_V2_20260728,lifecycle,max_lost_frames,30,frames,INHERITED_DEFAULT_WITH_PROVENANCE,src/pig_behavior/tracking/config.py,52c5f54ad44b6f76a8d143d168bdc942542d5fd263903cbf630f9c58ecf1cdd0,95dd37982251a6b59779e0eed020e266b54fc88c,,NO,RF_CORE_PLUS_OFFLINE_REPAIR_BOUND_SEPARATELY,PARTIAL_INHERITED_DEFAULTS_NOT_DUMPED,BOUND_BY_SOURCE_CODE,lifecycle|runtime,Inherited from the hashed TrackingConfig source; no separate sensitivity claim.,PARTIAL_NO_METHOD_SPECIFIC_SENSITIVITY,FROZEN_BY_PREDICTION_AUTHORITY,Current-main active value. The frozen prediction producer was 89db2d34646434319afcb4a040ba38d183431cfd; inherited defaults were not preserved as a complete runtime dump.
R1_CURRENT_STANDARD_V2_20260728,runtime,max_missing_frames,30,frames,INHERITED_DEFAULT_WITH_PROVENANCE,src/pig_behavior/tracking/config.py,52c5f54ad44b6f76a8d143d168bdc942542d5fd263903cbf630f9c58ecf1cdd0,95dd37982251a6b59779e0eed020e266b54fc88c,,NO,RF_CORE_PLUS_OFFLINE_REPAIR_BOUND_SEPARATELY,PARTIAL_INHERITED_DEFAULTS_NOT_DUMPED,BOUND_BY_SOURCE_CODE,runtime,Inherited from the hashed TrackingConfig source; no separate sensitivity claim.,PARTIAL_NO_METHOD_SPECIFIC_SENSITIVITY,FROZEN_BY_PREDICTION_AUTHORITY,Current-main active value. The frozen prediction producer was 89db2d34646434319afcb4a040ba38d183431cfd; inherited defaults were not preserved as a complete runtime dump.
R1_CURRENT_STANDARD_V2_20260728,detection,max_raw_detections,32,count,PREDECLARED_DEVELOPMENT_SELECTION,src/pig_behavior/tracking/profiles/rf_hybrid_offline.py,bc7c20c21bf6ce283fb8f0ba34b36705805a52591b705a16c81f9014bb755ce9,95dd37982251a6b59779e0eed020e266b54fc88c,32,YES,RF_CORE_PLUS_OFFLINE_REPAIR_BOUND_SEPARATELY,YES_PROFILE_OVERRIDE_ONLY,BOUND_BY_EFFECTIVE_CONFIG,detection,Profile override frozen by a development authority before its authority run.,SUFFICIENT_WITH_DEVELOPMENT_SCOPE_LIMITATION,FROZEN_BY_PREDICTION_AUTHORITY,Current-main active value. The frozen prediction producer was 89db2d34646434319afcb4a040ba38d183431cfd; inherited defaults were not preserved as a complete runtime dump.
R1_CURRENT_STANDARD_V2_20260728,bbox_geometry,merged_box_growth_ratio,1.5,unitless,INHERITED_DEFAULT_WITH_PROVENANCE,src/pig_behavior/tracking/config.py,52c5f54ad44b6f76a8d143d168bdc942542d5fd263903cbf630f9c58ecf1cdd0,95dd37982251a6b59779e0eed020e266b54fc88c,,NO,RF_CORE_PLUS_OFFLINE_REPAIR_BOUND_SEPARATELY,PARTIAL_INHERITED_DEFAULTS_NOT_DUMPED,BOUND_BY_SOURCE_CODE,bbox_geometry,Inherited from the hashed TrackingConfig source; no separate sensitivity claim.,PARTIAL_NO_METHOD_SPECIFIC_SENSITIVITY,FROZEN_BY_PREDICTION_AUTHORITY,Current-main active value. The frozen prediction producer was 89db2d34646434319afcb4a040ba38d183431cfd; inherited defaults were not preserved as a complete runtime dump.
R1_CURRENT_STANDARD_V2_20260728,bbox_geometry,merged_box_neighbor_distance,0.12,unitless,INHERITED_DEFAULT_WITH_PROVENANCE,src/pig_behavior/tracking/config.py,52c5f54ad44b6f76a8d143d168bdc942542d5fd263903cbf630f9c58ecf1cdd0,95dd37982251a6b59779e0eed020e266b54fc88c,,NO,RF_CORE_PLUS_OFFLINE_REPAIR_BOUND_SEPARATELY,PARTIAL_INHERITED_DEFAULTS_NOT_DUMPED,BOUND_BY_SOURCE_CODE,bbox_geometry,Inherited from the hashed TrackingConfig source; no separate sensitivity claim.,PARTIAL_NO_METHOD_SPECIFIC_SENSITIVITY,FROZEN_BY_PREDICTION_AUTHORITY,Current-main active value. The frozen prediction producer was 89db2d34646434319afcb4a040ba38d183431cfd; inherited defaults were not preserved as a complete runtime dump.
R1_CURRENT_STANDARD_V2_20260728,bbox_geometry,merged_box_split_max_tracks,2,count,INHERITED_DEFAULT_WITH_PROVENANCE,src/pig_behavior/tracking/config.py,52c5f54ad44b6f76a8d143d168bdc942542d5fd263903cbf630f9c58ecf1cdd0,95dd37982251a6b59779e0eed020e266b54fc88c,,NO,RF_CORE_PLUS_OFFLINE_REPAIR_BOUND_SEPARATELY,PARTIAL_INHERITED_DEFAULTS_NOT_DUMPED,BOUND_BY_SOURCE_CODE,bbox_geometry,Inherited from the hashed TrackingConfig source; no separate sensitivity claim.,PARTIAL_NO_METHOD_SPECIFIC_SENSITIVITY,FROZEN_BY_PREDICTION_AUTHORITY,Current-main active value. The frozen prediction producer was 89db2d34646434319afcb4a040ba38d183431cfd; inherited defaults were not preserved as a complete runtime dump.
R1_CURRENT_STANDARD_V2_20260728,bbox_geometry,mid_conf_smooth_alpha,0.55,unitless,INHERITED_DEFAULT_WITH_PROVENANCE,src/pig_behavior/tracking/config.py,52c5f54ad44b6f76a8d143d168bdc942542d5fd263903cbf630f9c58ecf1cdd0,95dd37982251a6b59779e0eed020e266b54fc88c,,NO,RF_CORE_PLUS_OFFLINE_REPAIR_BOUND_SEPARATELY,PARTIAL_INHERITED_DEFAULTS_NOT_DUMPED,BOUND_BY_SOURCE_CODE,bbox_geometry|evaluator_only,Inherited from the hashed TrackingConfig source; no separate sensitivity claim.,PARTIAL_NO_METHOD_SPECIFIC_SENSITIVITY,FROZEN_BY_PREDICTION_AUTHORITY,Current-main active value. The frozen prediction producer was 89db2d34646434319afcb4a040ba38d183431cfd; inherited defaults were not preserved as a complete runtime dump.
R1_CURRENT_STANDARD_V2_20260728,engineering_or_indirect,mode,"""realtime""",categorical/path,ORIGINAL_METHOD_SPECIFICATION,src/pig_behavior/tracking/config.py,52c5f54ad44b6f76a8d143d168bdc942542d5fd263903cbf630f9c58ecf1cdd0,95dd37982251a6b59779e0eed020e266b54fc88c,,NO,RF_CORE_PLUS_OFFLINE_REPAIR_BOUND_SEPARATELY,PARTIAL_INHERITED_DEFAULTS_NOT_DUMPED,BOUND_BY_SOURCE_CODE,engineering_or_indirect,Defines the method family or locked eight-animal task.,SUFFICIENT,FROZEN_BY_PREDICTION_AUTHORITY,Current-main active value. The frozen prediction producer was 89db2d34646434319afcb4a040ba38d183431cfd; inherited defaults were not preserved as a complete runtime dump.
R1_CURRENT_STANDARD_V2_20260728,engineering_or_indirect,motion_gate_confidence,0.45,unitless ratio,INHERITED_DEFAULT_WITH_PROVENANCE,src/pig_behavior/tracking/config.py,52c5f54ad44b6f76a8d143d168bdc942542d5fd263903cbf630f9c58ecf1cdd0,95dd37982251a6b59779e0eed020e266b54fc88c,,NO,RF_CORE_PLUS_OFFLINE_REPAIR_BOUND_SEPARATELY,PARTIAL_INHERITED_DEFAULTS_NOT_DUMPED,BOUND_BY_SOURCE_CODE,engineering_or_indirect,Inherited from the hashed TrackingConfig source; no separate sensitivity claim.,PARTIAL_NO_METHOD_SPECIFIC_SENSITIVITY,FROZEN_BY_PREDICTION_AUTHORITY,Current-main active value. The frozen prediction producer was 89db2d34646434319afcb4a040ba38d183431cfd; inherited defaults were not preserved as a complete runtime dump.
R1_CURRENT_STANDARD_V2_20260728,Hidden_state,near_wall_hidden_geometry_distance_bbox_scale,0.25,unitless,INHERITED_DEFAULT_WITH_PROVENANCE,src/pig_behavior/tracking/config.py,52c5f54ad44b6f76a8d143d168bdc942542d5fd263903cbf630f9c58ecf1cdd0,95dd37982251a6b59779e0eed020e266b54fc88c,,NO,RF_CORE_PLUS_OFFLINE_REPAIR_BOUND_SEPARATELY,PARTIAL_INHERITED_DEFAULTS_NOT_DUMPED,BOUND_BY_SOURCE_CODE,Hidden_state|bbox_geometry,Inherited from the hashed TrackingConfig source; no separate sensitivity claim.,PARTIAL_NO_METHOD_SPECIFIC_SENSITIVITY,FROZEN_BY_PREDICTION_AUTHORITY,Current-main active value. The frozen prediction producer was 89db2d34646434319afcb4a040ba38d183431cfd; inherited defaults were not preserved as a complete runtime dump.
R1_CURRENT_STANDARD_V2_20260728,Hidden_state,near_wall_hidden_geometry_max_center_shift,0.04,unitless,INHERITED_DEFAULT_WITH_PROVENANCE,src/pig_behavior/tracking/config.py,52c5f54ad44b6f76a8d143d168bdc942542d5fd263903cbf630f9c58ecf1cdd0,95dd37982251a6b59779e0eed020e266b54fc88c,,NO,RF_CORE_PLUS_OFFLINE_REPAIR_BOUND_SEPARATELY,PARTIAL_INHERITED_DEFAULTS_NOT_DUMPED,BOUND_BY_SOURCE_CODE,Hidden_state|bbox_geometry,Inherited from the hashed TrackingConfig source; no separate sensitivity claim.,PARTIAL_NO_METHOD_SPECIFIC_SENSITIVITY,FROZEN_BY_PREDICTION_AUTHORITY,Current-main active value. The frozen prediction producer was 89db2d34646434319afcb4a040ba38d183431cfd; inherited defaults were not preserved as a complete runtime dump.
R1_CURRENT_STANDARD_V2_20260728,Hidden_state,near_wall_hidden_geometry_max_gap_frames,30,frames,INHERITED_DEFAULT_WITH_PROVENANCE,src/pig_behavior/tracking/config.py,52c5f54ad44b6f76a8d143d168bdc942542d5fd263903cbf630f9c58ecf1cdd0,95dd37982251a6b59779e0eed020e266b54fc88c,,NO,RF_CORE_PLUS_OFFLINE_REPAIR_BOUND_SEPARATELY,PARTIAL_INHERITED_DEFAULTS_NOT_DUMPED,BOUND_BY_SOURCE_CODE,Hidden_state|bbox_geometry|runtime,Inherited from the hashed TrackingConfig source; no separate sensitivity claim.,PARTIAL_NO_METHOD_SPECIFIC_SENSITIVITY,FROZEN_BY_PREDICTION_AUTHORITY,Current-main active value. The frozen prediction producer was 89db2d34646434319afcb4a040ba38d183431cfd; inherited defaults were not preserved as a complete runtime dump.
R1_CURRENT_STANDARD_V2_20260728,Hidden_state,near_wall_hidden_geometry_min_width_excess,0.08,unitless,INHERITED_DEFAULT_WITH_PROVENANCE,src/pig_behavior/tracking/config.py,52c5f54ad44b6f76a8d143d168bdc942542d5fd263903cbf630f9c58ecf1cdd0,95dd37982251a6b59779e0eed020e266b54fc88c,,NO,RF_CORE_PLUS_OFFLINE_REPAIR_BOUND_SEPARATELY,PARTIAL_INHERITED_DEFAULTS_NOT_DUMPED,BOUND_BY_SOURCE_CODE,Hidden_state|bbox_geometry,Inherited from the hashed TrackingConfig source; no separate sensitivity claim.,PARTIAL_NO_METHOD_SPECIFIC_SENSITIVITY,FROZEN_BY_PREDICTION_AUTHORITY,Current-main active value. The frozen prediction producer was 89db2d34646434319afcb4a040ba38d183431cfd; inherited defaults were not preserved as a complete runtime dump.
R1_CURRENT_STANDARD_V2_20260728,Hidden_state,near_wall_hidden_geometry_original_weight,0.5,unitless,INHERITED_DEFAULT_WITH_PROVENANCE,src/pig_behavior/tracking/config.py,52c5f54ad44b6f76a8d143d168bdc942542d5fd263903cbf630f9c58ecf1cdd0,95dd37982251a6b59779e0eed020e266b54fc88c,,NO,RF_CORE_PLUS_OFFLINE_REPAIR_BOUND_SEPARATELY,PARTIAL_INHERITED_DEFAULTS_NOT_DUMPED,BOUND_BY_SOURCE_CODE,Hidden_state|bbox_geometry,Inherited from the hashed TrackingConfig source; no separate sensitivity claim.,PARTIAL_NO_METHOD_SPECIFIC_SENSITIVITY,FROZEN_BY_PREDICTION_AUTHORITY,Current-main active value. The frozen prediction producer was 89db2d34646434319afcb4a040ba38d183431cfd; inherited defaults were not preserved as a complete runtime dump.
R1_CURRENT_STANDARD_V2_20260728,Hidden_state,near_wall_hidden_geometry_refine,false,boolean,INHERITED_DEFAULT_WITH_PROVENANCE,src/pig_behavior/tracking/config.py,52c5f54ad44b6f76a8d143d168bdc942542d5fd263903cbf630f9c58ecf1cdd0,95dd37982251a6b59779e0eed020e266b54fc88c,,NO,RF_CORE_PLUS_OFFLINE_REPAIR_BOUND_SEPARATELY,PARTIAL_INHERITED_DEFAULTS_NOT_DUMPED,BOUND_BY_SOURCE_CODE,Hidden_state|bbox_geometry,Inherited from the hashed TrackingConfig source; no separate sensitivity claim.,PARTIAL_NO_METHOD_SPECIFIC_SENSITIVITY,FROZEN_BY_PREDICTION_AUTHORITY,Current-main active value. The frozen prediction producer was 89db2d34646434319afcb4a040ba38d183431cfd; inherited defaults were not preserved as a complete runtime dump.
R1_CURRENT_STANDARD_V2_20260728,detection,nms_iou,0.5,unitless ratio,INHERITED_DEFAULT_WITH_PROVENANCE,src/pig_behavior/tracking/config.py,52c5f54ad44b6f76a8d143d168bdc942542d5fd263903cbf630f9c58ecf1cdd0,95dd37982251a6b59779e0eed020e266b54fc88c,,NO,RF_CORE_PLUS_OFFLINE_REPAIR_BOUND_SEPARATELY,PARTIAL_INHERITED_DEFAULTS_NOT_DUMPED,BOUND_BY_SOURCE_CODE,detection|association,Inherited from the hashed TrackingConfig source; no separate sensitivity claim.,PARTIAL_NO_METHOD_SPECIFIC_SENSITIVITY,FROZEN_BY_PREDICTION_AUTHORITY,Current-main active value. The frozen prediction producer was 89db2d34646434319afcb4a040ba38d183431cfd; inherited defaults were not preserved as a complete runtime dump.
R1_CURRENT_STANDARD_V2_20260728,association,occlusion_appearance_margin,0.08,unitless,INHERITED_DEFAULT_WITH_PROVENANCE,src/pig_behavior/tracking/config.py,52c5f54ad44b6f76a8d143d168bdc942542d5fd263903cbf630f9c58ecf1cdd0,95dd37982251a6b59779e0eed020e266b54fc88c,,NO,RF_CORE_PLUS_OFFLINE_REPAIR_BOUND_SEPARATELY,PARTIAL_INHERITED_DEFAULTS_NOT_DUMPED,BOUND_BY_SOURCE_CODE,association|Hidden_state,Inherited from the hashed TrackingConfig source; no separate sensitivity claim.,PARTIAL_NO_METHOD_SPECIFIC_SENSITIVITY,FROZEN_BY_PREDICTION_AUTHORITY,Current-main active value. The frozen prediction producer was 89db2d34646434319afcb4a040ba38d183431cfd; inherited defaults were not preserved as a complete runtime dump.
R1_CURRENT_STANDARD_V2_20260728,association,occlusion_appearance_penalty,0.3,unitless,INHERITED_DEFAULT_WITH_PROVENANCE,src/pig_behavior/tracking/config.py,52c5f54ad44b6f76a8d143d168bdc942542d5fd263903cbf630f9c58ecf1cdd0,95dd37982251a6b59779e0eed020e266b54fc88c,,NO,RF_CORE_PLUS_OFFLINE_REPAIR_BOUND_SEPARATELY,PARTIAL_INHERITED_DEFAULTS_NOT_DUMPED,BOUND_BY_SOURCE_CODE,association|Hidden_state,Inherited from the hashed TrackingConfig source; no separate sensitivity claim.,PARTIAL_NO_METHOD_SPECIFIC_SENSITIVITY,FROZEN_BY_PREDICTION_AUTHORITY,Current-main active value. The frozen prediction producer was 89db2d34646434319afcb4a040ba38d183431cfd; inherited defaults were not preserved as a complete runtime dump.
R1_CURRENT_STANDARD_V2_20260728,association,occlusion_aware_matching,false,boolean,PREDECLARED_DEVELOPMENT_SELECTION,src/pig_behavior/tracking/profiles/rf_hybrid_offline.py,bc7c20c21bf6ce283fb8f0ba34b36705805a52591b705a16c81f9014bb755ce9,95dd37982251a6b59779e0eed020e266b54fc88c,false,YES,RF_CORE_PLUS_OFFLINE_REPAIR_BOUND_SEPARATELY,YES_PROFILE_OVERRIDE_ONLY,BOUND_BY_EFFECTIVE_CONFIG,association|Hidden_state,Profile override frozen by a development authority before its authority run.,SUFFICIENT_WITH_DEVELOPMENT_SCOPE_LIMITATION,FROZEN_BY_PREDICTION_AUTHORITY,Current-main active value. The frozen prediction producer was 89db2d34646434319afcb4a040ba38d183431cfd; inherited defaults were not preserved as a complete runtime dump.
R1_CURRENT_STANDARD_V2_20260728,Hidden_state,occlusion_competitor_margin,0.12,unitless,INHERITED_DEFAULT_WITH_PROVENANCE,src/pig_behavior/tracking/config.py,52c5f54ad44b6f76a8d143d168bdc942542d5fd263903cbf630f9c58ecf1cdd0,95dd37982251a6b59779e0eed020e266b54fc88c,,NO,RF_CORE_PLUS_OFFLINE_REPAIR_BOUND_SEPARATELY,PARTIAL_INHERITED_DEFAULTS_NOT_DUMPED,BOUND_BY_SOURCE_CODE,Hidden_state,Inherited from the hashed TrackingConfig source; no separate sensitivity claim.,PARTIAL_NO_METHOD_SPECIFIC_SENSITIVITY,FROZEN_BY_PREDICTION_AUTHORITY,Current-main active value. The frozen prediction producer was 89db2d34646434319afcb4a040ba38d183431cfd; inherited defaults were not preserved as a complete runtime dump.
R1_CURRENT_STANDARD_V2_20260728,detection,occlusion_detection_iom_threshold,0.3,unitless,INHERITED_DEFAULT_WITH_PROVENANCE,src/pig_behavior/tracking/config.py,52c5f54ad44b6f76a8d143d168bdc942542d5fd263903cbf630f9c58ecf1cdd0,95dd37982251a6b59779e0eed020e266b54fc88c,,NO,RF_CORE_PLUS_OFFLINE_REPAIR_BOUND_SEPARATELY,PARTIAL_INHERITED_DEFAULTS_NOT_DUMPED,BOUND_BY_SOURCE_CODE,detection|Hidden_state,Inherited from the hashed TrackingConfig source; no separate sensitivity claim.,PARTIAL_NO_METHOD_SPECIFIC_SENSITIVITY,FROZEN_BY_PREDICTION_AUTHORITY,Current-main active value. The frozen prediction producer was 89db2d34646434319afcb4a040ba38d183431cfd; inherited defaults were not preserved as a complete runtime dump.
R1_CURRENT_STANDARD_V2_20260728,Hidden_state,occlusion_hold_hidden_frames,2,frames,INHERITED_DEFAULT_WITH_PROVENANCE,src/pig_behavior/tracking/config.py,52c5f54ad44b6f76a8d143d168bdc942542d5fd263903cbf630f9c58ecf1cdd0,95dd37982251a6b59779e0eed020e266b54fc88c,,NO,RF_CORE_PLUS_OFFLINE_REPAIR_BOUND_SEPARATELY,PARTIAL_INHERITED_DEFAULTS_NOT_DUMPED,BOUND_BY_SOURCE_CODE,Hidden_state|runtime,Inherited from the hashed TrackingConfig source; no separate sensitivity claim.,PARTIAL_NO_METHOD_SPECIFIC_SENSITIVITY,FROZEN_BY_PREDICTION_AUTHORITY,Current-main active value. The frozen prediction producer was 89db2d34646434319afcb4a040ba38d183431cfd; inherited defaults were not preserved as a complete runtime dump.
R1_CURRENT_STANDARD_V2_20260728,Hidden_state,occlusion_hold_max_frames,30,frames,HARDWARE_OR_RUNTIME_CONSTRAINT,src/pig_behavior/tracking/config.py,52c5f54ad44b6f76a8d143d168bdc942542d5fd263903cbf630f9c58ecf1cdd0,95dd37982251a6b59779e0eed020e266b54fc88c,,NO,RF_CORE_PLUS_OFFLINE_REPAIR_BOUND_SEPARATELY,PARTIAL_INHERITED_DEFAULTS_NOT_DUMPED,BOUND_BY_SOURCE_CODE,Hidden_state|runtime,Execution/safety constraint rather than a quality claim.,SUFFICIENT,FROZEN_BY_PREDICTION_AUTHORITY,Current-main active value. The frozen prediction producer was 89db2d34646434319afcb4a040ba38d183431cfd; inherited defaults were not preserved as a complete runtime dump.
R1_CURRENT_STANDARD_V2_20260728,association,occlusion_reid_bad_match_action,"""hold""",categorical/path,INHERITED_DEFAULT_WITH_PROVENANCE,src/pig_behavior/tracking/config.py,52c5f54ad44b6f76a8d143d168bdc942542d5fd263903cbf630f9c58ecf1cdd0,95dd37982251a6b59779e0eed020e266b54fc88c,,NO,RF_CORE_PLUS_OFFLINE_REPAIR_BOUND_SEPARATELY,PARTIAL_INHERITED_DEFAULTS_NOT_DUMPED,BOUND_BY_SOURCE_CODE,association|Hidden_state,Inherited from the hashed TrackingConfig source; no separate sensitivity claim.,PARTIAL_NO_METHOD_SPECIFIC_SENSITIVITY,FROZEN_BY_PREDICTION_AUTHORITY,Current-main active value. The frozen prediction producer was 89db2d34646434319afcb4a040ba38d183431cfd; inherited defaults were not preserved as a complete runtime dump.
R1_CURRENT_STANDARD_V2_20260728,association,occlusion_reid_bad_match_include_recent_visible,false,boolean,INHERITED_DEFAULT_WITH_PROVENANCE,src/pig_behavior/tracking/config.py,52c5f54ad44b6f76a8d143d168bdc942542d5fd263903cbf630f9c58ecf1cdd0,95dd37982251a6b59779e0eed020e266b54fc88c,,NO,RF_CORE_PLUS_OFFLINE_REPAIR_BOUND_SEPARATELY,PARTIAL_INHERITED_DEFAULTS_NOT_DUMPED,BOUND_BY_SOURCE_CODE,association|Hidden_state,Inherited from the hashed TrackingConfig source; no separate sensitivity claim.,PARTIAL_NO_METHOD_SPECIFIC_SENSITIVITY,FROZEN_BY_PREDICTION_AUTHORITY,Current-main active value. The frozen prediction producer was 89db2d34646434319afcb4a040ba38d183431cfd; inherited defaults were not preserved as a complete runtime dump.
R1_CURRENT_STANDARD_V2_20260728,association,occlusion_reid_bad_match_max_cost,1.0,unitless,INHERITED_DEFAULT_WITH_PROVENANCE,src/pig_behavior/tracking/config.py,52c5f54ad44b6f76a8d143d168bdc942542d5fd263903cbf630f9c58ecf1cdd0,95dd37982251a6b59779e0eed020e266b54fc88c,,NO,RF_CORE_PLUS_OFFLINE_REPAIR_BOUND_SEPARATELY,PARTIAL_INHERITED_DEFAULTS_NOT_DUMPED,BOUND_BY_SOURCE_CODE,association|Hidden_state,Inherited from the hashed TrackingConfig source; no separate sensitivity claim.,PARTIAL_NO_METHOD_SPECIFIC_SENSITIVITY,FROZEN_BY_PREDICTION_AUTHORITY,Current-main active value. The frozen prediction producer was 89db2d34646434319afcb4a040ba38d183431cfd; inherited defaults were not preserved as a complete runtime dump.
R1_CURRENT_STANDARD_V2_20260728,association,occlusion_reid_bad_match_max_missed,3,frames,INHERITED_DEFAULT_WITH_PROVENANCE,src/pig_behavior/tracking/config.py,52c5f54ad44b6f76a8d143d168bdc942542d5fd263903cbf630f9c58ecf1cdd0,95dd37982251a6b59779e0eed020e266b54fc88c,,NO,RF_CORE_PLUS_OFFLINE_REPAIR_BOUND_SEPARATELY,PARTIAL_INHERITED_DEFAULTS_NOT_DUMPED,BOUND_BY_SOURCE_CODE,association|lifecycle|Hidden_state,Inherited from the hashed TrackingConfig source; no separate sensitivity claim.,PARTIAL_NO_METHOD_SPECIFIC_SENSITIVITY,FROZEN_BY_PREDICTION_AUTHORITY,Current-main active value. The frozen prediction producer was 89db2d34646434319afcb4a040ba38d183431cfd; inherited defaults were not preserved as a complete runtime dump.
R1_CURRENT_STANDARD_V2_20260728,association,occlusion_reid_bad_match_min_cost,0.6,unitless,INHERITED_DEFAULT_WITH_PROVENANCE,src/pig_behavior/tracking/config.py,52c5f54ad44b6f76a8d143d168bdc942542d5fd263903cbf630f9c58ecf1cdd0,95dd37982251a6b59779e0eed020e266b54fc88c,,NO,RF_CORE_PLUS_OFFLINE_REPAIR_BOUND_SEPARATELY,PARTIAL_INHERITED_DEFAULTS_NOT_DUMPED,BOUND_BY_SOURCE_CODE,association|Hidden_state,Inherited from the hashed TrackingConfig source; no separate sensitivity claim.,PARTIAL_NO_METHOD_SPECIFIC_SENSITIVITY,FROZEN_BY_PREDICTION_AUTHORITY,Current-main active value. The frozen prediction producer was 89db2d34646434319afcb4a040ba38d183431cfd; inherited defaults were not preserved as a complete runtime dump.
R1_CURRENT_STANDARD_V2_20260728,association,occlusion_reid_bad_match_min_missed,0,frames,INHERITED_DEFAULT_WITH_PROVENANCE,src/pig_behavior/tracking/config.py,52c5f54ad44b6f76a8d143d168bdc942542d5fd263903cbf630f9c58ecf1cdd0,95dd37982251a6b59779e0eed020e266b54fc88c,,NO,RF_CORE_PLUS_OFFLINE_REPAIR_BOUND_SEPARATELY,PARTIAL_INHERITED_DEFAULTS_NOT_DUMPED,BOUND_BY_SOURCE_CODE,association|lifecycle|Hidden_state,Inherited from the hashed TrackingConfig source; no separate sensitivity claim.,PARTIAL_NO_METHOD_SPECIFIC_SENSITIVITY,FROZEN_BY_PREDICTION_AUTHORITY,Current-main active value. The frozen prediction producer was 89db2d34646434319afcb4a040ba38d183431cfd; inherited defaults were not preserved as a complete runtime dump.
R1_CURRENT_STANDARD_V2_20260728,association,occlusion_reid_bad_match_occlusion_hold_only,false,boolean,INHERITED_DEFAULT_WITH_PROVENANCE,src/pig_behavior/tracking/config.py,52c5f54ad44b6f76a8d143d168bdc942542d5fd263903cbf630f9c58ecf1cdd0,95dd37982251a6b59779e0eed020e266b54fc88c,,NO,RF_CORE_PLUS_OFFLINE_REPAIR_BOUND_SEPARATELY,PARTIAL_INHERITED_DEFAULTS_NOT_DUMPED,BOUND_BY_SOURCE_CODE,association|Hidden_state,Inherited from the hashed TrackingConfig source; no separate sensitivity claim.,PARTIAL_NO_METHOD_SPECIFIC_SENSITIVITY,FROZEN_BY_PREDICTION_AUTHORITY,Current-main active value. The frozen prediction producer was 89db2d34646434319afcb4a040ba38d183431cfd; inherited defaults were not preserved as a complete runtime dump.
R1_CURRENT_STANDARD_V2_20260728,association,occlusion_reid_bad_match_once_per_episode,false,boolean,INHERITED_DEFAULT_WITH_PROVENANCE,src/pig_behavior/tracking/config.py,52c5f54ad44b6f76a8d143d168bdc942542d5fd263903cbf630f9c58ecf1cdd0,95dd37982251a6b59779e0eed020e266b54fc88c,,NO,RF_CORE_PLUS_OFFLINE_REPAIR_BOUND_SEPARATELY,PARTIAL_INHERITED_DEFAULTS_NOT_DUMPED,BOUND_BY_SOURCE_CODE,association|Hidden_state,Inherited from the hashed TrackingConfig source; no separate sensitivity claim.,PARTIAL_NO_METHOD_SPECIFIC_SENSITIVITY,FROZEN_BY_PREDICTION_AUTHORITY,Current-main active value. The frozen prediction producer was 89db2d34646434319afcb4a040ba38d183431cfd; inherited defaults were not preserved as a complete runtime dump.
R1_CURRENT_STANDARD_V2_20260728,association,occlusion_reid_bad_match_raw_mismatch_only,false,boolean,INHERITED_DEFAULT_WITH_PROVENANCE,src/pig_behavior/tracking/config.py,52c5f54ad44b6f76a8d143d168bdc942542d5fd263903cbf630f9c58ecf1cdd0,95dd37982251a6b59779e0eed020e266b54fc88c,,NO,RF_CORE_PLUS_OFFLINE_REPAIR_BOUND_SEPARATELY,PARTIAL_INHERITED_DEFAULTS_NOT_DUMPED,BOUND_BY_SOURCE_CODE,association|Hidden_state,Inherited from the hashed TrackingConfig source; no separate sensitivity claim.,PARTIAL_NO_METHOD_SPECIFIC_SENSITIVITY,FROZEN_BY_PREDICTION_AUTHORITY,Current-main active value. The frozen prediction producer was 89db2d34646434319afcb4a040ba38d183431cfd; inherited defaults were not preserved as a complete runtime dump.
R1_CURRENT_STANDARD_V2_20260728,association,occlusion_reid_bad_match_same_raw_only,true,boolean,INHERITED_DEFAULT_WITH_PROVENANCE,src/pig_behavior/tracking/config.py,52c5f54ad44b6f76a8d143d168bdc942542d5fd263903cbf630f9c58ecf1cdd0,95dd37982251a6b59779e0eed020e266b54fc88c,,NO,RF_CORE_PLUS_OFFLINE_REPAIR_BOUND_SEPARATELY,PARTIAL_INHERITED_DEFAULTS_NOT_DUMPED,BOUND_BY_SOURCE_CODE,association|Hidden_state,Inherited from the hashed TrackingConfig source; no separate sensitivity claim.,PARTIAL_NO_METHOD_SPECIFIC_SENSITIVITY,FROZEN_BY_PREDICTION_AUTHORITY,Current-main active value. The frozen prediction producer was 89db2d34646434319afcb4a040ba38d183431cfd; inherited defaults were not preserved as a complete runtime dump.
R1_CURRENT_STANDARD_V2_20260728,association,occlusion_reid_bad_match_unowned_raw_only,false,boolean,INHERITED_DEFAULT_WITH_PROVENANCE,src/pig_behavior/tracking/config.py,52c5f54ad44b6f76a8d143d168bdc942542d5fd263903cbf630f9c58ecf1cdd0,95dd37982251a6b59779e0eed020e266b54fc88c,,NO,RF_CORE_PLUS_OFFLINE_REPAIR_BOUND_SEPARATELY,PARTIAL_INHERITED_DEFAULTS_NOT_DUMPED,BOUND_BY_SOURCE_CODE,association|Hidden_state,Inherited from the hashed TrackingConfig source; no separate sensitivity claim.,PARTIAL_NO_METHOD_SPECIFIC_SENSITIVITY,FROZEN_BY_PREDICTION_AUTHORITY,Current-main active value. The frozen prediction producer was 89db2d34646434319afcb4a040ba38d183431cfd; inherited defaults were not preserved as a complete runtime dump.
R1_CURRENT_STANDARD_V2_20260728,association,occlusion_reid_bad_match_visible_min_cost,0.7,unitless,INHERITED_DEFAULT_WITH_PROVENANCE,src/pig_behavior/tracking/config.py,52c5f54ad44b6f76a8d143d168bdc942542d5fd263903cbf630f9c58ecf1cdd0,95dd37982251a6b59779e0eed020e266b54fc88c,,NO,RF_CORE_PLUS_OFFLINE_REPAIR_BOUND_SEPARATELY,PARTIAL_INHERITED_DEFAULTS_NOT_DUMPED,BOUND_BY_SOURCE_CODE,association|Hidden_state,Inherited from the hashed TrackingConfig source; no separate sensitivity claim.,PARTIAL_NO_METHOD_SPECIFIC_SENSITIVITY,FROZEN_BY_PREDICTION_AUTHORITY,Current-main active value. The frozen prediction producer was 89db2d34646434319afcb4a040ba38d183431cfd; inherited defaults were not preserved as a complete runtime dump.
R1_CURRENT_STANDARD_V2_20260728,association,occlusion_reid_prefer_gap_over_bad_match,false,boolean,INHERITED_DEFAULT_WITH_PROVENANCE,src/pig_behavior/tracking/config.py,52c5f54ad44b6f76a8d143d168bdc942542d5fd263903cbf630f9c58ecf1cdd0,95dd37982251a6b59779e0eed020e266b54fc88c,,NO,RF_CORE_PLUS_OFFLINE_REPAIR_BOUND_SEPARATELY,PARTIAL_INHERITED_DEFAULTS_NOT_DUMPED,BOUND_BY_SOURCE_CODE,association|Hidden_state,Inherited from the hashed TrackingConfig source; no separate sensitivity claim.,PARTIAL_NO_METHOD_SPECIFIC_SENSITIVITY,FROZEN_BY_PREDICTION_AUTHORITY,Current-main active value. The frozen prediction producer was 89db2d34646434319afcb4a040ba38d183431cfd; inherited defaults were not preserved as a complete runtime dump.
R1_CURRENT_STANDARD_V2_20260728,Hidden_state,occlusion_stationary_lock,true,boolean,INHERITED_DEFAULT_WITH_PROVENANCE,src/pig_behavior/tracking/config.py,52c5f54ad44b6f76a8d143d168bdc942542d5fd263903cbf630f9c58ecf1cdd0,95dd37982251a6b59779e0eed020e266b54fc88c,,NO,RF_CORE_PLUS_OFFLINE_REPAIR_BOUND_SEPARATELY,PARTIAL_INHERITED_DEFAULTS_NOT_DUMPED,BOUND_BY_SOURCE_CODE,Hidden_state,Inherited from the hashed TrackingConfig source; no separate sensitivity claim.,PARTIAL_NO_METHOD_SPECIFIC_SENSITIVITY,FROZEN_BY_PREDICTION_AUTHORITY,Current-main active value. The frozen prediction producer was 89db2d34646434319afcb4a040ba38d183431cfd; inherited defaults were not preserved as a complete runtime dump.
R1_CURRENT_STANDARD_V2_20260728,Hidden_state,occlusion_stationary_max_center_jump,0.045,unitless,INHERITED_DEFAULT_WITH_PROVENANCE,src/pig_behavior/tracking/config.py,52c5f54ad44b6f76a8d143d168bdc942542d5fd263903cbf630f9c58ecf1cdd0,95dd37982251a6b59779e0eed020e266b54fc88c,,NO,RF_CORE_PLUS_OFFLINE_REPAIR_BOUND_SEPARATELY,PARTIAL_INHERITED_DEFAULTS_NOT_DUMPED,BOUND_BY_SOURCE_CODE,Hidden_state,Inherited from the hashed TrackingConfig source; no separate sensitivity claim.,PARTIAL_NO_METHOD_SPECIFIC_SENSITIVITY,FROZEN_BY_PREDICTION_AUTHORITY,Current-main active value. The frozen prediction producer was 89db2d34646434319afcb4a040ba38d183431cfd; inherited defaults were not preserved as a complete runtime dump.
R1_CURRENT_STANDARD_V2_20260728,Hidden_state,occlusion_stationary_speed,0.006,unitless,INHERITED_DEFAULT_WITH_PROVENANCE,src/pig_behavior/tracking/config.py,52c5f54ad44b6f76a8d143d168bdc942542d5fd263903cbf630f9c58ecf1cdd0,95dd37982251a6b59779e0eed020e266b54fc88c,,NO,RF_CORE_PLUS_OFFLINE_REPAIR_BOUND_SEPARATELY,PARTIAL_INHERITED_DEFAULTS_NOT_DUMPED,BOUND_BY_SOURCE_CODE,Hidden_state,Inherited from the hashed TrackingConfig source; no separate sensitivity claim.,PARTIAL_NO_METHOD_SPECIFIC_SENSITIVITY,FROZEN_BY_PREDICTION_AUTHORITY,Current-main active value. The frozen prediction producer was 89db2d34646434319afcb4a040ba38d183431cfd; inherited defaults were not preserved as a complete runtime dump.
R1_CURRENT_STANDARD_V2_20260728,Hidden_state,occlusion_switch_penalty,0.45,unitless,INHERITED_DEFAULT_WITH_PROVENANCE,src/pig_behavior/tracking/config.py,52c5f54ad44b6f76a8d143d168bdc942542d5fd263903cbf630f9c58ecf1cdd0,95dd37982251a6b59779e0eed020e266b54fc88c,,NO,RF_CORE_PLUS_OFFLINE_REPAIR_BOUND_SEPARATELY,PARTIAL_INHERITED_DEFAULTS_NOT_DUMPED,BOUND_BY_SOURCE_CODE,Hidden_state,Inherited from the hashed TrackingConfig source; no separate sensitivity claim.,PARTIAL_NO_METHOD_SPECIFIC_SENSITIVITY,FROZEN_BY_PREDICTION_AUTHORITY,Current-main active value. The frozen prediction producer was 89db2d34646434319afcb4a040ba38d183431cfd; inherited defaults were not preserved as a complete runtime dump.
R1_CURRENT_STANDARD_V2_20260728,Hidden_state,occlusion_track_iom_threshold,0.3,unitless,INHERITED_DEFAULT_WITH_PROVENANCE,src/pig_behavior/tracking/config.py,52c5f54ad44b6f76a8d143d168bdc942542d5fd263903cbf630f9c58ecf1cdd0,95dd37982251a6b59779e0eed020e266b54fc88c,,NO,RF_CORE_PLUS_OFFLINE_REPAIR_BOUND_SEPARATELY,PARTIAL_INHERITED_DEFAULTS_NOT_DUMPED,BOUND_BY_SOURCE_CODE,Hidden_state,Inherited from the hashed TrackingConfig source; no separate sensitivity claim.,PARTIAL_NO_METHOD_SPECIFIC_SENSITIVITY,FROZEN_BY_PREDICTION_AUTHORITY,Current-main active value. The frozen prediction producer was 89db2d34646434319afcb4a040ba38d183431cfd; inherited defaults were not preserved as a complete runtime dump.
R1_CURRENT_STANDARD_V2_20260728,engineering_or_indirect,output_dir,"""C:\\Users\\ironh\\Downloads\\PIG_Behavior_Project\\.codex_tmp\\worktrees\\tracking_scientific_grounding_authority\\outputs\\pred""",categorical/path,INHERITED_DEFAULT_WITH_PROVENANCE,src/pig_behavior/tracking/config.py,52c5f54ad44b6f76a8d143d168bdc942542d5fd263903cbf630f9c58ecf1cdd0,95dd37982251a6b59779e0eed020e266b54fc88c,,NO,RF_CORE_PLUS_OFFLINE_REPAIR_BOUND_SEPARATELY,PARTIAL_INHERITED_DEFAULTS_NOT_DUMPED,BOUND_BY_SOURCE_CODE,engineering_or_indirect,Inherited from the hashed TrackingConfig source; no separate sensitivity claim.,PARTIAL_NO_METHOD_SPECIFIC_SENSITIVITY,FROZEN_BY_PREDICTION_AUTHORITY,Current-main active value. The frozen prediction producer was 89db2d34646434319afcb4a040ba38d183431cfd; inherited defaults were not preserved as a complete runtime dump.
R1_CURRENT_STANDARD_V2_20260728,engineering_or_indirect,output_fps,30.0,unitless,INHERITED_DEFAULT_WITH_PROVENANCE,src/pig_behavior/tracking/config.py,52c5f54ad44b6f76a8d143d168bdc942542d5fd263903cbf630f9c58ecf1cdd0,95dd37982251a6b59779e0eed020e266b54fc88c,,NO,RF_CORE_PLUS_OFFLINE_REPAIR_BOUND_SEPARATELY,PARTIAL_INHERITED_DEFAULTS_NOT_DUMPED,BOUND_BY_SOURCE_CODE,engineering_or_indirect,Inherited from the hashed TrackingConfig source; no separate sensitivity claim.,PARTIAL_NO_METHOD_SPECIFIC_SENSITIVITY,FROZEN_BY_PREDICTION_AUTHORITY,Current-main active value. The frozen prediction producer was 89db2d34646434319afcb4a040ba38d183431cfd; inherited defaults were not preserved as a complete runtime dump.
R1_CURRENT_STANDARD_V2_20260728,runtime,output_video,null,not applicable,INHERITED_DEFAULT_WITH_PROVENANCE,src/pig_behavior/tracking/config.py,52c5f54ad44b6f76a8d143d168bdc942542d5fd263903cbf630f9c58ecf1cdd0,95dd37982251a6b59779e0eed020e266b54fc88c,,NO,RF_CORE_PLUS_OFFLINE_REPAIR_BOUND_SEPARATELY,PARTIAL_INHERITED_DEFAULTS_NOT_DUMPED,BOUND_BY_SOURCE_CODE,runtime,Inherited from the hashed TrackingConfig source; no separate sensitivity claim.,PARTIAL_NO_METHOD_SPECIFIC_SENSITIVITY,FROZEN_BY_PREDICTION_AUTHORITY,Current-main active value. The frozen prediction producer was 89db2d34646434319afcb4a040ba38d183431cfd; inherited defaults were not preserved as a complete runtime dump.
R1_CURRENT_STANDARD_V2_20260728,bbox_geometry,overlap_small_box_max_area_ratio,0.65,unitless,INHERITED_DEFAULT_WITH_PROVENANCE,src/pig_behavior/tracking/config.py,52c5f54ad44b6f76a8d143d168bdc942542d5fd263903cbf630f9c58ecf1cdd0,95dd37982251a6b59779e0eed020e266b54fc88c,,NO,RF_CORE_PLUS_OFFLINE_REPAIR_BOUND_SEPARATELY,PARTIAL_INHERITED_DEFAULTS_NOT_DUMPED,BOUND_BY_SOURCE_CODE,bbox_geometry,Inherited from the hashed TrackingConfig source; no separate sensitivity claim.,PARTIAL_NO_METHOD_SPECIFIC_SENSITIVITY,FROZEN_BY_PREDICTION_AUTHORITY,Current-main active value. The frozen prediction producer was 89db2d34646434319afcb4a040ba38d183431cfd; inherited defaults were not preserved as a complete runtime dump.
R1_CURRENT_STANDARD_V2_20260728,bbox_geometry,overlap_small_box_max_score,0.75,unitless,INHERITED_DEFAULT_WITH_PROVENANCE,src/pig_behavior/tracking/config.py,52c5f54ad44b6f76a8d143d168bdc942542d5fd263903cbf630f9c58ecf1cdd0,95dd37982251a6b59779e0eed020e266b54fc88c,,NO,RF_CORE_PLUS_OFFLINE_REPAIR_BOUND_SEPARATELY,PARTIAL_INHERITED_DEFAULTS_NOT_DUMPED,BOUND_BY_SOURCE_CODE,bbox_geometry,Inherited from the hashed TrackingConfig source; no separate sensitivity claim.,PARTIAL_NO_METHOD_SPECIFIC_SENSITIVITY,FROZEN_BY_PREDICTION_AUTHORITY,Current-main active value. The frozen prediction producer was 89db2d34646434319afcb4a040ba38d183431cfd; inherited defaults were not preserved as a complete runtime dump.
R1_CURRENT_STANDARD_V2_20260728,association,overlap_small_box_min_iou,0.4,unitless ratio,INHERITED_DEFAULT_WITH_PROVENANCE,src/pig_behavior/tracking/config.py,52c5f54ad44b6f76a8d143d168bdc942542d5fd263903cbf630f9c58ecf1cdd0,95dd37982251a6b59779e0eed020e266b54fc88c,,NO,RF_CORE_PLUS_OFFLINE_REPAIR_BOUND_SEPARATELY,PARTIAL_INHERITED_DEFAULTS_NOT_DUMPED,BOUND_BY_SOURCE_CODE,association|bbox_geometry,Inherited from the hashed TrackingConfig source; no separate sensitivity claim.,PARTIAL_NO_METHOD_SPECIFIC_SENSITIVITY,FROZEN_BY_PREDICTION_AUTHORITY,Current-main active value. The frozen prediction producer was 89db2d34646434319afcb4a040ba38d183431cfd; inherited defaults were not preserved as a complete runtime dump.
R1_CURRENT_STANDARD_V2_20260728,bbox_geometry,overlap_small_box_suppression,false,boolean,INHERITED_DEFAULT_WITH_PROVENANCE,src/pig_behavior/tracking/config.py,52c5f54ad44b6f76a8d143d168bdc942542d5fd263903cbf630f9c58ecf1cdd0,95dd37982251a6b59779e0eed020e266b54fc88c,,NO,RF_CORE_PLUS_OFFLINE_REPAIR_BOUND_SEPARATELY,PARTIAL_INHERITED_DEFAULTS_NOT_DUMPED,BOUND_BY_SOURCE_CODE,bbox_geometry,Inherited from the hashed TrackingConfig source; no separate sensitivity claim.,PARTIAL_NO_METHOD_SPECIFIC_SENSITIVITY,FROZEN_BY_PREDICTION_AUTHORITY,Current-main active value. The frozen prediction producer was 89db2d34646434319afcb4a040ba38d183431cfd; inherited defaults were not preserved as a complete runtime dump.
R1_CURRENT_STANDARD_V2_20260728,engineering_or_indirect,overrides,"""set()""",categorical/path,INHERITED_DEFAULT_WITH_PROVENANCE,src/pig_behavior/tracking/config.py,52c5f54ad44b6f76a8d143d168bdc942542d5fd263903cbf630f9c58ecf1cdd0,95dd37982251a6b59779e0eed020e266b54fc88c,,NO,RF_CORE_PLUS_OFFLINE_REPAIR_BOUND_SEPARATELY,PARTIAL_INHERITED_DEFAULTS_NOT_DUMPED,BOUND_BY_SOURCE_CODE,engineering_or_indirect,Inherited from the hashed TrackingConfig source; no separate sensitivity claim.,PARTIAL_NO_METHOD_SPECIFIC_SENSITIVITY,FROZEN_BY_PREDICTION_AUTHORITY,Current-main active value. The frozen prediction producer was 89db2d34646434319afcb4a040ba38d183431cfd; inherited defaults were not preserved as a complete runtime dump.
R1_CURRENT_STANDARD_V2_20260728,engineering_or_indirect,quality_report_csv,null,not applicable,INHERITED_DEFAULT_WITH_PROVENANCE,src/pig_behavior/tracking/config.py,52c5f54ad44b6f76a8d143d168bdc942542d5fd263903cbf630f9c58ecf1cdd0,95dd37982251a6b59779e0eed020e266b54fc88c,,NO,RF_CORE_PLUS_OFFLINE_REPAIR_BOUND_SEPARATELY,PARTIAL_INHERITED_DEFAULTS_NOT_DUMPED,BOUND_BY_SOURCE_CODE,engineering_or_indirect,Inherited from the hashed TrackingConfig source; no separate sensitivity claim.,PARTIAL_NO_METHOD_SPECIFIC_SENSITIVITY,FROZEN_BY_PREDICTION_AUTHORITY,Current-main active value. The frozen prediction producer was 89db2d34646434319afcb4a040ba38d183431cfd; inherited defaults were not preserved as a complete runtime dump.
R1_CURRENT_STANDARD_V2_20260728,engineering_or_indirect,quality_report_json,null,not applicable,INHERITED_DEFAULT_WITH_PROVENANCE,src/pig_behavior/tracking/config.py,52c5f54ad44b6f76a8d143d168bdc942542d5fd263903cbf630f9c58ecf1cdd0,95dd37982251a6b59779e0eed020e266b54fc88c,,NO,RF_CORE_PLUS_OFFLINE_REPAIR_BOUND_SEPARATELY,PARTIAL_INHERITED_DEFAULTS_NOT_DUMPED,BOUND_BY_SOURCE_CODE,engineering_or_indirect,Inherited from the hashed TrackingConfig source; no separate sensitivity claim.,PARTIAL_NO_METHOD_SPECIFIC_SENSITIVITY,FROZEN_BY_PREDICTION_AUTHORITY,Current-main active value. The frozen prediction producer was 89db2d34646434319afcb4a040ba38d183431cfd; inherited defaults were not preserved as a complete runtime dump.
R1_CURRENT_STANDARD_V2_20260728,association,realtime_core_pairwise_max_total_cost_increase,0.05,unitless,PREDECLARED_DEVELOPMENT_SELECTION,src/pig_behavior/tracking/profiles/rf_hybrid_offline.py,bc7c20c21bf6ce283fb8f0ba34b36705805a52591b705a16c81f9014bb755ce9,95dd37982251a6b59779e0eed020e266b54fc88c,0.05,YES,RF_CORE_PLUS_OFFLINE_REPAIR_BOUND_SEPARATELY,YES_PROFILE_OVERRIDE_ONLY,BOUND_BY_EFFECTIVE_CONFIG,association,Profile override frozen by a development authority before its authority run.,SUFFICIENT_WITH_DEVELOPMENT_SCOPE_LIMITATION,FROZEN_BY_PREDICTION_AUTHORITY,Current-main active value. The frozen prediction producer was 89db2d34646434319afcb4a040ba38d183431cfd; inherited defaults were not preserved as a complete runtime dump.
R1_CURRENT_STANDARD_V2_20260728,detection,realtime_core_pairwise_min_detection_iou,0.3,unitless ratio,PREDECLARED_DEVELOPMENT_SELECTION,src/pig_behavior/tracking/profiles/rf_hybrid_offline.py,bc7c20c21bf6ce283fb8f0ba34b36705805a52591b705a16c81f9014bb755ce9,95dd37982251a6b59779e0eed020e266b54fc88c,0.3,YES,RF_CORE_PLUS_OFFLINE_REPAIR_BOUND_SEPARATELY,YES_PROFILE_OVERRIDE_ONLY,BOUND_BY_EFFECTIVE_CONFIG,detection|association,Profile override frozen by a development authority before its authority run.,SUFFICIENT_WITH_DEVELOPMENT_SCOPE_LIMITATION,FROZEN_BY_PREDICTION_AUTHORITY,Current-main active value. The frozen prediction producer was 89db2d34646434319afcb4a040ba38d183431cfd; inherited defaults were not preserved as a complete runtime dump.
R1_CURRENT_STANDARD_V2_20260728,association,realtime_core_pairwise_min_total_appearance_gain,0.1,unitless,PREDECLARED_DEVELOPMENT_SELECTION,src/pig_behavior/tracking/profiles/rf_hybrid_offline.py,bc7c20c21bf6ce283fb8f0ba34b36705805a52591b705a16c81f9014bb755ce9,95dd37982251a6b59779e0eed020e266b54fc88c,0.1,YES,RF_CORE_PLUS_OFFLINE_REPAIR_BOUND_SEPARATELY,YES_PROFILE_OVERRIDE_ONLY,BOUND_BY_EFFECTIVE_CONFIG,association,Profile override frozen by a development authority before its authority run.,SUFFICIENT_WITH_DEVELOPMENT_SCOPE_LIMITATION,FROZEN_BY_PREDICTION_AUTHORITY,Current-main active value. The frozen prediction producer was 89db2d34646434319afcb4a040ba38d183431cfd; inherited defaults were not preserved as a complete runtime dump.
R1_CURRENT_STANDARD_V2_20260728,engineering_or_indirect,realtime_core_pairwise_tiebreak,true,boolean,PREDECLARED_DEVELOPMENT_SELECTION,src/pig_behavior/tracking/profiles/rf_hybrid_offline.py,bc7c20c21bf6ce283fb8f0ba34b36705805a52591b705a16c81f9014bb755ce9,95dd37982251a6b59779e0eed020e266b54fc88c,true,YES,RF_CORE_PLUS_OFFLINE_REPAIR_BOUND_SEPARATELY,YES_PROFILE_OVERRIDE_ONLY,BOUND_BY_EFFECTIVE_CONFIG,engineering_or_indirect,Profile override frozen by a development authority before its authority run.,SUFFICIENT_WITH_DEVELOPMENT_SCOPE_LIMITATION,FROZEN_BY_PREDICTION_AUTHORITY,Current-main active value. The frozen prediction producer was 89db2d34646434319afcb4a040ba38d183431cfd; inherited defaults were not preserved as a complete runtime dump.
R1_CURRENT_STANDARD_V2_20260728,association,realtime_core_unassigned_max_cost_delta,0.01,unitless,PREDECLARED_DEVELOPMENT_SELECTION,src/pig_behavior/tracking/profiles/rf_hybrid_offline.py,bc7c20c21bf6ce283fb8f0ba34b36705805a52591b705a16c81f9014bb755ce9,95dd37982251a6b59779e0eed020e266b54fc88c,0.01,YES,RF_CORE_PLUS_OFFLINE_REPAIR_BOUND_SEPARATELY,YES_PROFILE_OVERRIDE_ONLY,BOUND_BY_EFFECTIVE_CONFIG,association,Profile override frozen by a development authority before its authority run.,SUFFICIENT_WITH_DEVELOPMENT_SCOPE_LIMITATION,FROZEN_BY_PREDICTION_AUTHORITY,Current-main active value. The frozen prediction producer was 89db2d34646434319afcb4a040ba38d183431cfd; inherited defaults were not preserved as a complete runtime dump.
R1_CURRENT_STANDARD_V2_20260728,association,realtime_core_unassigned_max_selected_cost,0.4,unitless,PREDECLARED_DEVELOPMENT_SELECTION,src/pig_behavior/tracking/profiles/rf_hybrid_offline.py,bc7c20c21bf6ce283fb8f0ba34b36705805a52591b705a16c81f9014bb755ce9,95dd37982251a6b59779e0eed020e266b54fc88c,0.4,YES,RF_CORE_PLUS_OFFLINE_REPAIR_BOUND_SEPARATELY,YES_PROFILE_OVERRIDE_ONLY,BOUND_BY_EFFECTIVE_CONFIG,association,Profile override frozen by a development authority before its authority run.,SUFFICIENT_WITH_DEVELOPMENT_SCOPE_LIMITATION,FROZEN_BY_PREDICTION_AUTHORITY,Current-main active value. The frozen prediction producer was 89db2d34646434319afcb4a040ba38d183431cfd; inherited defaults were not preserved as a complete runtime dump.
R1_CURRENT_STANDARD_V2_20260728,association,realtime_core_unassigned_min_appearance_gain,0.01,unitless,PREDECLARED_DEVELOPMENT_SELECTION,src/pig_behavior/tracking/profiles/rf_hybrid_offline.py,bc7c20c21bf6ce283fb8f0ba34b36705805a52591b705a16c81f9014bb755ce9,95dd37982251a6b59779e0eed020e266b54fc88c,0.01,YES,RF_CORE_PLUS_OFFLINE_REPAIR_BOUND_SEPARATELY,YES_PROFILE_OVERRIDE_ONLY,BOUND_BY_EFFECTIVE_CONFIG,association,Profile override frozen by a development authority before its authority run.,SUFFICIENT_WITH_DEVELOPMENT_SCOPE_LIMITATION,FROZEN_BY_PREDICTION_AUTHORITY,Current-main active value. The frozen prediction producer was 89db2d34646434319afcb4a040ba38d183431cfd; inherited defaults were not preserved as a complete runtime dump.
R1_CURRENT_STANDARD_V2_20260728,detection,realtime_core_unassigned_min_detection_iou,0.3,unitless ratio,PREDECLARED_DEVELOPMENT_SELECTION,src/pig_behavior/tracking/profiles/rf_hybrid_offline.py,bc7c20c21bf6ce283fb8f0ba34b36705805a52591b705a16c81f9014bb755ce9,95dd37982251a6b59779e0eed020e266b54fc88c,0.3,YES,RF_CORE_PLUS_OFFLINE_REPAIR_BOUND_SEPARATELY,YES_PROFILE_OVERRIDE_ONLY,BOUND_BY_EFFECTIVE_CONFIG,detection|association,Profile override frozen by a development authority before its authority run.,SUFFICIENT_WITH_DEVELOPMENT_SCOPE_LIMITATION,FROZEN_BY_PREDICTION_AUTHORITY,Current-main active value. The frozen prediction producer was 89db2d34646434319afcb4a040ba38d183431cfd; inherited defaults were not preserved as a complete runtime dump.
R1_CURRENT_STANDARD_V2_20260728,engineering_or_indirect,realtime_core_unassigned_require_score_nondecrease,true,boolean,PREDECLARED_DEVELOPMENT_SELECTION,src/pig_behavior/tracking/profiles/rf_hybrid_offline.py,bc7c20c21bf6ce283fb8f0ba34b36705805a52591b705a16c81f9014bb755ce9,95dd37982251a6b59779e0eed020e266b54fc88c,true,YES,RF_CORE_PLUS_OFFLINE_REPAIR_BOUND_SEPARATELY,YES_PROFILE_OVERRIDE_ONLY,BOUND_BY_EFFECTIVE_CONFIG,engineering_or_indirect,Profile override frozen by a development authority before its authority run.,SUFFICIENT_WITH_DEVELOPMENT_SCOPE_LIMITATION,FROZEN_BY_PREDICTION_AUTHORITY,Current-main active value. The frozen prediction producer was 89db2d34646434319afcb4a040ba38d183431cfd; inherited defaults were not preserved as a complete runtime dump.
R1_CURRENT_STANDARD_V2_20260728,engineering_or_indirect,realtime_core_unassigned_tiebreak,true,boolean,PREDECLARED_DEVELOPMENT_SELECTION,src/pig_behavior/tracking/profiles/rf_hybrid_offline.py,bc7c20c21bf6ce283fb8f0ba34b36705805a52591b705a16c81f9014bb755ce9,95dd37982251a6b59779e0eed020e266b54fc88c,true,YES,RF_CORE_PLUS_OFFLINE_REPAIR_BOUND_SEPARATELY,YES_PROFILE_OVERRIDE_ONLY,BOUND_BY_EFFECTIVE_CONFIG,engineering_or_indirect,Profile override frozen by a development authority before its authority run.,SUFFICIENT_WITH_DEVELOPMENT_SCOPE_LIMITATION,FROZEN_BY_PREDICTION_AUTHORITY,Current-main active value. The frozen prediction producer was 89db2d34646434319afcb4a040ba38d183431cfd; inherited defaults were not preserved as a complete runtime dump.
R1_CURRENT_STANDARD_V2_20260728,engineering_or_indirect,realtime_lk_point_batching,true,boolean,PREDECLARED_DEVELOPMENT_SELECTION,src/pig_behavior/tracking/profiles/rf_hybrid_offline.py,bc7c20c21bf6ce283fb8f0ba34b36705805a52591b705a16c81f9014bb755ce9,95dd37982251a6b59779e0eed020e266b54fc88c,true,YES,RF_CORE_PLUS_OFFLINE_REPAIR_BOUND_SEPARATELY,YES_PROFILE_OVERRIDE_ONLY,BOUND_BY_EFFECTIVE_CONFIG,engineering_or_indirect,Profile override frozen by a development authority before its authority run.,SUFFICIENT_WITH_DEVELOPMENT_SCOPE_LIMITATION,FROZEN_BY_PREDICTION_AUTHORITY,Current-main active value. The frozen prediction producer was 89db2d34646434319afcb4a040ba38d183431cfd; inherited defaults were not preserved as a complete runtime dump.
R1_CURRENT_STANDARD_V2_20260728,engineering_or_indirect,realtime_low_conf_recovery_guard,false,boolean,INHERITED_DEFAULT_WITH_PROVENANCE,src/pig_behavior/tracking/config.py,52c5f54ad44b6f76a8d143d168bdc942542d5fd263903cbf630f9c58ecf1cdd0,95dd37982251a6b59779e0eed020e266b54fc88c,,NO,RF_CORE_PLUS_OFFLINE_REPAIR_BOUND_SEPARATELY,PARTIAL_INHERITED_DEFAULTS_NOT_DUMPED,BOUND_BY_SOURCE_CODE,engineering_or_indirect,Inherited from the hashed TrackingConfig source; no separate sensitivity claim.,PARTIAL_NO_METHOD_SPECIFIC_SENSITIVITY,FROZEN_BY_PREDICTION_AUTHORITY,Current-main active value. The frozen prediction producer was 89db2d34646434319afcb4a040ba38d183431cfd; inherited defaults were not preserved as a complete runtime dump.
R1_CURRENT_STANDARD_V2_20260728,lifecycle,realtime_low_conf_recovery_max_missed,20,frames,INHERITED_DEFAULT_WITH_PROVENANCE,src/pig_behavior/tracking/config.py,52c5f54ad44b6f76a8d143d168bdc942542d5fd263903cbf630f9c58ecf1cdd0,95dd37982251a6b59779e0eed020e266b54fc88c,,NO,RF_CORE_PLUS_OFFLINE_REPAIR_BOUND_SEPARATELY,PARTIAL_INHERITED_DEFAULTS_NOT_DUMPED,BOUND_BY_SOURCE_CODE,lifecycle,Inherited from the hashed TrackingConfig source; no separate sensitivity claim.,PARTIAL_NO_METHOD_SPECIFIC_SENSITIVITY,FROZEN_BY_PREDICTION_AUTHORITY,Current-main active value. The frozen prediction producer was 89db2d34646434319afcb4a040ba38d183431cfd; inherited defaults were not preserved as a complete runtime dump.
R1_CURRENT_STANDARD_V2_20260728,lifecycle,realtime_low_conf_recovery_min_missed,3,frames,INHERITED_DEFAULT_WITH_PROVENANCE,src/pig_behavior/tracking/config.py,52c5f54ad44b6f76a8d143d168bdc942542d5fd263903cbf630f9c58ecf1cdd0,95dd37982251a6b59779e0eed020e266b54fc88c,,NO,RF_CORE_PLUS_OFFLINE_REPAIR_BOUND_SEPARATELY,PARTIAL_INHERITED_DEFAULTS_NOT_DUMPED,BOUND_BY_SOURCE_CODE,lifecycle,Inherited from the hashed TrackingConfig source; no separate sensitivity claim.,PARTIAL_NO_METHOD_SPECIFIC_SENSITIVITY,FROZEN_BY_PREDICTION_AUTHORITY,Current-main active value. The frozen prediction producer was 89db2d34646434319afcb4a040ba38d183431cfd; inherited defaults were not preserved as a complete runtime dump.
R1_CURRENT_STANDARD_V2_20260728,engineering_or_indirect,realtime_low_conf_recovery_min_score,0.5,unitless,INHERITED_DEFAULT_WITH_PROVENANCE,src/pig_behavior/tracking/config.py,52c5f54ad44b6f76a8d143d168bdc942542d5fd263903cbf630f9c58ecf1cdd0,95dd37982251a6b59779e0eed020e266b54fc88c,,NO,RF_CORE_PLUS_OFFLINE_REPAIR_BOUND_SEPARATELY,PARTIAL_INHERITED_DEFAULTS_NOT_DUMPED,BOUND_BY_SOURCE_CODE,engineering_or_indirect,Inherited from the hashed TrackingConfig source; no separate sensitivity claim.,PARTIAL_NO_METHOD_SPECIFIC_SENSITIVITY,FROZEN_BY_PREDICTION_AUTHORITY,Current-main active value. The frozen prediction producer was 89db2d34646434319afcb4a040ba38d183431cfd; inherited defaults were not preserved as a complete runtime dump.
R1_CURRENT_STANDARD_V2_20260728,engineering_or_indirect,realtime_motion_pair_dense_fallback_max_edges,3,count,INHERITED_DEFAULT_WITH_PROVENANCE,src/pig_behavior/tracking/config.py,52c5f54ad44b6f76a8d143d168bdc942542d5fd263903cbf630f9c58ecf1cdd0,95dd37982251a6b59779e0eed020e266b54fc88c,,NO,RF_CORE_PLUS_OFFLINE_REPAIR_BOUND_SEPARATELY,PARTIAL_INHERITED_DEFAULTS_NOT_DUMPED,BOUND_BY_SOURCE_CODE,engineering_or_indirect,Inherited from the hashed TrackingConfig source; no separate sensitivity claim.,PARTIAL_NO_METHOD_SPECIFIC_SENSITIVITY,FROZEN_BY_PREDICTION_AUTHORITY,Current-main active value. The frozen prediction producer was 89db2d34646434319afcb4a040ba38d183431cfd; inherited defaults were not preserved as a complete runtime dump.
R1_CURRENT_STANDARD_V2_20260728,engineering_or_indirect,realtime_motion_pair_dense_fallback_max_support_ratio,0.35,unitless,INHERITED_DEFAULT_WITH_PROVENANCE,src/pig_behavior/tracking/config.py,52c5f54ad44b6f76a8d143d168bdc942542d5fd263903cbf630f9c58ecf1cdd0,95dd37982251a6b59779e0eed020e266b54fc88c,,NO,RF_CORE_PLUS_OFFLINE_REPAIR_BOUND_SEPARATELY,PARTIAL_INHERITED_DEFAULTS_NOT_DUMPED,BOUND_BY_SOURCE_CODE,engineering_or_indirect,Inherited from the hashed TrackingConfig source; no separate sensitivity claim.,PARTIAL_NO_METHOD_SPECIFIC_SENSITIVITY,FROZEN_BY_PREDICTION_AUTHORITY,Current-main active value. The frozen prediction producer was 89db2d34646434319afcb4a040ba38d183431cfd; inherited defaults were not preserved as a complete runtime dump.
R1_CURRENT_STANDARD_V2_20260728,engineering_or_indirect,realtime_motion_pair_dense_fallback_min_edge_gain,0.0,unitless,INHERITED_DEFAULT_WITH_PROVENANCE,src/pig_behavior/tracking/config.py,52c5f54ad44b6f76a8d143d168bdc942542d5fd263903cbf630f9c58ecf1cdd0,95dd37982251a6b59779e0eed020e266b54fc88c,,NO,RF_CORE_PLUS_OFFLINE_REPAIR_BOUND_SEPARATELY,PARTIAL_INHERITED_DEFAULTS_NOT_DUMPED,BOUND_BY_SOURCE_CODE,engineering_or_indirect,Inherited from the hashed TrackingConfig source; no separate sensitivity claim.,PARTIAL_NO_METHOD_SPECIFIC_SENSITIVITY,FROZEN_BY_PREDICTION_AUTHORITY,Current-main active value. The frozen prediction producer was 89db2d34646434319afcb4a040ba38d183431cfd; inherited defaults were not preserved as a complete runtime dump.
R1_CURRENT_STANDARD_V2_20260728,engineering_or_indirect,realtime_motion_pair_dense_fallback_min_median_gain,0.0,unitless,INHERITED_DEFAULT_WITH_PROVENANCE,src/pig_behavior/tracking/config.py,52c5f54ad44b6f76a8d143d168bdc942542d5fd263903cbf630f9c58ecf1cdd0,95dd37982251a6b59779e0eed020e266b54fc88c,,NO,RF_CORE_PLUS_OFFLINE_REPAIR_BOUND_SEPARATELY,PARTIAL_INHERITED_DEFAULTS_NOT_DUMPED,BOUND_BY_SOURCE_CODE,engineering_or_indirect,Inherited from the hashed TrackingConfig source; no separate sensitivity claim.,PARTIAL_NO_METHOD_SPECIFIC_SENSITIVITY,FROZEN_BY_PREDICTION_AUTHORITY,Current-main active value. The frozen prediction producer was 89db2d34646434319afcb4a040ba38d183431cfd; inherited defaults were not preserved as a complete runtime dump.
R1_CURRENT_STANDARD_V2_20260728,runtime,realtime_motion_pair_fixed_lag_frames,0,frames,INHERITED_DEFAULT_WITH_PROVENANCE,src/pig_behavior/tracking/config.py,52c5f54ad44b6f76a8d143d168bdc942542d5fd263903cbf630f9c58ecf1cdd0,95dd37982251a6b59779e0eed020e266b54fc88c,,NO,RF_CORE_PLUS_OFFLINE_REPAIR_BOUND_SEPARATELY,PARTIAL_INHERITED_DEFAULTS_NOT_DUMPED,BOUND_BY_SOURCE_CODE,runtime,Inherited from the hashed TrackingConfig source; no separate sensitivity claim.,PARTIAL_NO_METHOD_SPECIFIC_SENSITIVITY,FROZEN_BY_PREDICTION_AUTHORITY,Current-main active value. The frozen prediction producer was 89db2d34646434319afcb4a040ba38d183431cfd; inherited defaults were not preserved as a complete runtime dump.
R1_CURRENT_STANDARD_V2_20260728,engineering_or_indirect,realtime_motion_pair_max_component_edges,3,count,INHERITED_DEFAULT_WITH_PROVENANCE,src/pig_behavior/tracking/config.py,52c5f54ad44b6f76a8d143d168bdc942542d5fd263903cbf630f9c58ecf1cdd0,95dd37982251a6b59779e0eed020e266b54fc88c,,NO,RF_CORE_PLUS_OFFLINE_REPAIR_BOUND_SEPARATELY,PARTIAL_INHERITED_DEFAULTS_NOT_DUMPED,BOUND_BY_SOURCE_CODE,engineering_or_indirect,Inherited from the hashed TrackingConfig source; no separate sensitivity claim.,PARTIAL_NO_METHOD_SPECIFIC_SENSITIVITY,FROZEN_BY_PREDICTION_AUTHORITY,Current-main active value. The frozen prediction producer was 89db2d34646434319afcb4a040ba38d183431cfd; inherited defaults were not preserved as a complete runtime dump.
R1_CURRENT_STANDARD_V2_20260728,engineering_or_indirect,realtime_motion_pair_max_component_size,4,count,INHERITED_DEFAULT_WITH_PROVENANCE,src/pig_behavior/tracking/config.py,52c5f54ad44b6f76a8d143d168bdc942542d5fd263903cbf630f9c58ecf1cdd0,95dd37982251a6b59779e0eed020e266b54fc88c,,NO,RF_CORE_PLUS_OFFLINE_REPAIR_BOUND_SEPARATELY,PARTIAL_INHERITED_DEFAULTS_NOT_DUMPED,BOUND_BY_SOURCE_CODE,engineering_or_indirect,Inherited from the hashed TrackingConfig source; no separate sensitivity claim.,PARTIAL_NO_METHOD_SPECIFIC_SENSITIVITY,FROZEN_BY_PREDICTION_AUTHORITY,Current-main active value. The frozen prediction producer was 89db2d34646434319afcb4a040ba38d183431cfd; inherited defaults were not preserved as a complete runtime dump.
R1_CURRENT_STANDARD_V2_20260728,engineering_or_indirect,realtime_motion_pair_max_jump,0.1,unitless,INHERITED_DEFAULT_WITH_PROVENANCE,src/pig_behavior/tracking/config.py,52c5f54ad44b6f76a8d143d168bdc942542d5fd263903cbf630f9c58ecf1cdd0,95dd37982251a6b59779e0eed020e266b54fc88c,,NO,RF_CORE_PLUS_OFFLINE_REPAIR_BOUND_SEPARATELY,PARTIAL_INHERITED_DEFAULTS_NOT_DUMPED,BOUND_BY_SOURCE_CODE,engineering_or_indirect,Inherited from the hashed TrackingConfig source; no separate sensitivity claim.,PARTIAL_NO_METHOD_SPECIFIC_SENSITIVITY,FROZEN_BY_PREDICTION_AUTHORITY,Current-main active value. The frozen prediction producer was 89db2d34646434319afcb4a040ba38d183431cfd; inherited defaults were not preserved as a complete runtime dump.
R1_CURRENT_STANDARD_V2_20260728,runtime,realtime_motion_pair_memory_frames,30,frames,INHERITED_DEFAULT_WITH_PROVENANCE,src/pig_behavior/tracking/config.py,52c5f54ad44b6f76a8d143d168bdc942542d5fd263903cbf630f9c58ecf1cdd0,95dd37982251a6b59779e0eed020e266b54fc88c,,NO,RF_CORE_PLUS_OFFLINE_REPAIR_BOUND_SEPARATELY,PARTIAL_INHERITED_DEFAULTS_NOT_DUMPED,BOUND_BY_SOURCE_CODE,runtime,Inherited from the hashed TrackingConfig source; no separate sensitivity claim.,PARTIAL_NO_METHOD_SPECIFIC_SENSITIVITY,FROZEN_BY_PREDICTION_AUTHORITY,Current-main active value. The frozen prediction producer was 89db2d34646434319afcb4a040ba38d183431cfd; inherited defaults were not preserved as a complete runtime dump.
R1_CURRENT_STANDARD_V2_20260728,engineering_or_indirect,realtime_motion_pair_min_gain,0.01,unitless,INHERITED_DEFAULT_WITH_PROVENANCE,src/pig_behavior/tracking/config.py,52c5f54ad44b6f76a8d143d168bdc942542d5fd263903cbf630f9c58ecf1cdd0,95dd37982251a6b59779e0eed020e266b54fc88c,,NO,RF_CORE_PLUS_OFFLINE_REPAIR_BOUND_SEPARATELY,PARTIAL_INHERITED_DEFAULTS_NOT_DUMPED,BOUND_BY_SOURCE_CODE,engineering_or_indirect,Inherited from the hashed TrackingConfig source; no separate sensitivity claim.,PARTIAL_NO_METHOD_SPECIFIC_SENSITIVITY,FROZEN_BY_PREDICTION_AUTHORITY,Current-main active value. The frozen prediction producer was 89db2d34646434319afcb4a040ba38d183431cfd; inherited defaults were not preserved as a complete runtime dump.
R1_CURRENT_STANDARD_V2_20260728,engineering_or_indirect,realtime_motion_pair_simple_max_component_size,2,count,INHERITED_DEFAULT_WITH_PROVENANCE,src/pig_behavior/tracking/config.py,52c5f54ad44b6f76a8d143d168bdc942542d5fd263903cbf630f9c58ecf1cdd0,95dd37982251a6b59779e0eed020e266b54fc88c,,NO,RF_CORE_PLUS_OFFLINE_REPAIR_BOUND_SEPARATELY,PARTIAL_INHERITED_DEFAULTS_NOT_DUMPED,BOUND_BY_SOURCE_CODE,engineering_or_indirect,Inherited from the hashed TrackingConfig source; no separate sensitivity claim.,PARTIAL_NO_METHOD_SPECIFIC_SENSITIVITY,FROZEN_BY_PREDICTION_AUTHORITY,Current-main active value. The frozen prediction producer was 89db2d34646434319afcb4a040ba38d183431cfd; inherited defaults were not preserved as a complete runtime dump.
R1_CURRENT_STANDARD_V2_20260728,engineering_or_indirect,realtime_motion_pair_simple_min_gain,0.0,unitless,INHERITED_DEFAULT_WITH_PROVENANCE,src/pig_behavior/tracking/config.py,52c5f54ad44b6f76a8d143d168bdc942542d5fd263903cbf630f9c58ecf1cdd0,95dd37982251a6b59779e0eed020e266b54fc88c,,NO,RF_CORE_PLUS_OFFLINE_REPAIR_BOUND_SEPARATELY,PARTIAL_INHERITED_DEFAULTS_NOT_DUMPED,BOUND_BY_SOURCE_CODE,engineering_or_indirect,Inherited from the hashed TrackingConfig source; no separate sensitivity claim.,PARTIAL_NO_METHOD_SPECIFIC_SENSITIVITY,FROZEN_BY_PREDICTION_AUTHORITY,Current-main active value. The frozen prediction producer was 89db2d34646434319afcb4a040ba38d183431cfd; inherited defaults were not preserved as a complete runtime dump.
R1_CURRENT_STANDARD_V2_20260728,engineering_or_indirect,realtime_motion_pair_stabilizer,false,boolean,INHERITED_DEFAULT_WITH_PROVENANCE,src/pig_behavior/tracking/config.py,52c5f54ad44b6f76a8d143d168bdc942542d5fd263903cbf630f9c58ecf1cdd0,95dd37982251a6b59779e0eed020e266b54fc88c,,NO,RF_CORE_PLUS_OFFLINE_REPAIR_BOUND_SEPARATELY,PARTIAL_INHERITED_DEFAULTS_NOT_DUMPED,BOUND_BY_SOURCE_CODE,engineering_or_indirect,Inherited from the hashed TrackingConfig source; no separate sensitivity claim.,PARTIAL_NO_METHOD_SPECIFIC_SENSITIVITY,FROZEN_BY_PREDICTION_AUTHORITY,Current-main active value. The frozen prediction producer was 89db2d34646434319afcb4a040ba38d183431cfd; inherited defaults were not preserved as a complete runtime dump.
R1_CURRENT_STANDARD_V2_20260728,association,realtime_visible_better_competitor_min_cost,0.5,unitless,INHERITED_DEFAULT_WITH_PROVENANCE,src/pig_behavior/tracking/config.py,52c5f54ad44b6f76a8d143d168bdc942542d5fd263903cbf630f9c58ecf1cdd0,95dd37982251a6b59779e0eed020e266b54fc88c,,NO,RF_CORE_PLUS_OFFLINE_REPAIR_BOUND_SEPARATELY,PARTIAL_INHERITED_DEFAULTS_NOT_DUMPED,BOUND_BY_SOURCE_CODE,association,Inherited from the hashed TrackingConfig source; no separate sensitivity claim.,PARTIAL_NO_METHOD_SPECIFIC_SENSITIVITY,FROZEN_BY_PREDICTION_AUTHORITY,Current-main active value. The frozen prediction producer was 89db2d34646434319afcb4a040ba38d183431cfd; inherited defaults were not preserved as a complete runtime dump.
R1_CURRENT_STANDARD_V2_20260728,engineering_or_indirect,realtime_visible_better_competitor_min_gain,0.2,unitless,INHERITED_DEFAULT_WITH_PROVENANCE,src/pig_behavior/tracking/config.py,52c5f54ad44b6f76a8d143d168bdc942542d5fd263903cbf630f9c58ecf1cdd0,95dd37982251a6b59779e0eed020e266b54fc88c,,NO,RF_CORE_PLUS_OFFLINE_REPAIR_BOUND_SEPARATELY,PARTIAL_INHERITED_DEFAULTS_NOT_DUMPED,BOUND_BY_SOURCE_CODE,engineering_or_indirect,Inherited from the hashed TrackingConfig source; no separate sensitivity claim.,PARTIAL_NO_METHOD_SPECIFIC_SENSITIVITY,FROZEN_BY_PREDICTION_AUTHORITY,Current-main active value. The frozen prediction producer was 89db2d34646434319afcb4a040ba38d183431cfd; inherited defaults were not preserved as a complete runtime dump.
R1_CURRENT_STANDARD_V2_20260728,engineering_or_indirect,realtime_visible_better_competitor_prefer,true,boolean,PREDECLARED_DEVELOPMENT_SELECTION,src/pig_behavior/tracking/profiles/rf_hybrid_offline.py,bc7c20c21bf6ce283fb8f0ba34b36705805a52591b705a16c81f9014bb755ce9,95dd37982251a6b59779e0eed020e266b54fc88c,true,YES,RF_CORE_PLUS_OFFLINE_REPAIR_BOUND_SEPARATELY,YES_PROFILE_OVERRIDE_ONLY,BOUND_BY_EFFECTIVE_CONFIG,engineering_or_indirect,Profile override frozen by a development authority before its authority run.,SUFFICIENT_WITH_DEVELOPMENT_SCOPE_LIMITATION,FROZEN_BY_PREDICTION_AUTHORITY,Current-main active value. The frozen prediction producer was 89db2d34646434319afcb4a040ba38d183431cfd; inherited defaults were not preserved as a complete runtime dump.
R1_CURRENT_STANDARD_V2_20260728,engineering_or_indirect,realtime_visible_better_competitor_reject,false,boolean,INHERITED_DEFAULT_WITH_PROVENANCE,src/pig_behavior/tracking/config.py,52c5f54ad44b6f76a8d143d168bdc942542d5fd263903cbf630f9c58ecf1cdd0,95dd37982251a6b59779e0eed020e266b54fc88c,,NO,RF_CORE_PLUS_OFFLINE_REPAIR_BOUND_SEPARATELY,PARTIAL_INHERITED_DEFAULTS_NOT_DUMPED,BOUND_BY_SOURCE_CODE,engineering_or_indirect,Inherited from the hashed TrackingConfig source; no separate sensitivity claim.,PARTIAL_NO_METHOD_SPECIFIC_SENSITIVITY,FROZEN_BY_PREDICTION_AUTHORITY,Current-main active value. The frozen prediction producer was 89db2d34646434319afcb4a040ba38d183431cfd; inherited defaults were not preserved as a complete runtime dump.
R1_CURRENT_STANDARD_V2_20260728,engineering_or_indirect,realtime_visible_close_competitor_guard,true,boolean,PREDECLARED_DEVELOPMENT_SELECTION,src/pig_behavior/tracking/profiles/rf_hybrid_offline.py,bc7c20c21bf6ce283fb8f0ba34b36705805a52591b705a16c81f9014bb755ce9,95dd37982251a6b59779e0eed020e266b54fc88c,true,YES,RF_CORE_PLUS_OFFLINE_REPAIR_BOUND_SEPARATELY,YES_PROFILE_OVERRIDE_ONLY,BOUND_BY_EFFECTIVE_CONFIG,engineering_or_indirect,Profile override frozen by a development authority before its authority run.,SUFFICIENT_WITH_DEVELOPMENT_SCOPE_LIMITATION,FROZEN_BY_PREDICTION_AUTHORITY,Current-main active value. The frozen prediction producer was 89db2d34646434319afcb4a040ba38d183431cfd; inherited defaults were not preserved as a complete runtime dump.
R1_CURRENT_STANDARD_V2_20260728,engineering_or_indirect,realtime_visible_close_competitor_margin,0.08,unitless,PREDECLARED_DEVELOPMENT_SELECTION,src/pig_behavior/tracking/profiles/rf_hybrid_offline.py,bc7c20c21bf6ce283fb8f0ba34b36705805a52591b705a16c81f9014bb755ce9,95dd37982251a6b59779e0eed020e266b54fc88c,0.08,YES,RF_CORE_PLUS_OFFLINE_REPAIR_BOUND_SEPARATELY,YES_PROFILE_OVERRIDE_ONLY,BOUND_BY_EFFECTIVE_CONFIG,engineering_or_indirect,Profile override frozen by a development authority before its authority run.,SUFFICIENT_WITH_DEVELOPMENT_SCOPE_LIMITATION,FROZEN_BY_PREDICTION_AUTHORITY,Current-main active value. The frozen prediction producer was 89db2d34646434319afcb4a040ba38d183431cfd; inherited defaults were not preserved as a complete runtime dump.
R1_CURRENT_STANDARD_V2_20260728,association,realtime_visible_close_competitor_max_cost,0.4,unitless,PREDECLARED_DEVELOPMENT_SELECTION,src/pig_behavior/tracking/profiles/rf_hybrid_offline.py,bc7c20c21bf6ce283fb8f0ba34b36705805a52591b705a16c81f9014bb755ce9,95dd37982251a6b59779e0eed020e266b54fc88c,0.4,YES,RF_CORE_PLUS_OFFLINE_REPAIR_BOUND_SEPARATELY,YES_PROFILE_OVERRIDE_ONLY,BOUND_BY_EFFECTIVE_CONFIG,association,Profile override frozen by a development authority before its authority run.,SUFFICIENT_WITH_DEVELOPMENT_SCOPE_LIMITATION,FROZEN_BY_PREDICTION_AUTHORITY,Current-main active value. The frozen prediction producer was 89db2d34646434319afcb4a040ba38d183431cfd; inherited defaults were not preserved as a complete runtime dump.
R1_CURRENT_STANDARD_V2_20260728,engineering_or_indirect,realtime_visible_close_competitor_min_center_x_ratio,0.67,unitless,PREDECLARED_DEVELOPMENT_SELECTION,src/pig_behavior/tracking/profiles/rf_hybrid_offline.py,bc7c20c21bf6ce283fb8f0ba34b36705805a52591b705a16c81f9014bb755ce9,95dd37982251a6b59779e0eed020e266b54fc88c,0.67,YES,RF_CORE_PLUS_OFFLINE_REPAIR_BOUND_SEPARATELY,YES_PROFILE_OVERRIDE_ONLY,BOUND_BY_EFFECTIVE_CONFIG,engineering_or_indirect,Profile override frozen by a development authority before its authority run.,SUFFICIENT_WITH_DEVELOPMENT_SCOPE_LIMITATION,FROZEN_BY_PREDICTION_AUTHORITY,Current-main active value. The frozen prediction producer was 89db2d34646434319afcb4a040ba38d183431cfd; inherited defaults were not preserved as a complete runtime dump.
R1_CURRENT_STANDARD_V2_20260728,engineering_or_indirect,realtime_visible_close_competitor_min_hits,3,count,INHERITED_DEFAULT_WITH_PROVENANCE,src/pig_behavior/tracking/config.py,52c5f54ad44b6f76a8d143d168bdc942542d5fd263903cbf630f9c58ecf1cdd0,95dd37982251a6b59779e0eed020e266b54fc88c,,NO,RF_CORE_PLUS_OFFLINE_REPAIR_BOUND_SEPARATELY,PARTIAL_INHERITED_DEFAULTS_NOT_DUMPED,BOUND_BY_SOURCE_CODE,engineering_or_indirect,Inherited from the hashed TrackingConfig source; no separate sensitivity claim.,PARTIAL_NO_METHOD_SPECIFIC_SENSITIVITY,FROZEN_BY_PREDICTION_AUTHORITY,Current-main active value. The frozen prediction producer was 89db2d34646434319afcb4a040ba38d183431cfd; inherited defaults were not preserved as a complete runtime dump.
R1_CURRENT_STANDARD_V2_20260728,lifecycle,reentry_ambiguous_hold,false,boolean,INHERITED_DEFAULT_WITH_PROVENANCE,src/pig_behavior/tracking/config.py,52c5f54ad44b6f76a8d143d168bdc942542d5fd263903cbf630f9c58ecf1cdd0,95dd37982251a6b59779e0eed020e266b54fc88c,,NO,RF_CORE_PLUS_OFFLINE_REPAIR_BOUND_SEPARATELY,PARTIAL_INHERITED_DEFAULTS_NOT_DUMPED,BOUND_BY_SOURCE_CODE,lifecycle,Inherited from the hashed TrackingConfig source; no separate sensitivity claim.,PARTIAL_NO_METHOD_SPECIFIC_SENSITIVITY,FROZEN_BY_PREDICTION_AUTHORITY,Current-main active value. The frozen prediction producer was 89db2d34646434319afcb4a040ba38d183431cfd; inherited defaults were not preserved as a complete runtime dump.
R1_CURRENT_STANDARD_V2_20260728,lifecycle,reentry_ambiguous_hold_frame_windows,"""""",frames,INHERITED_DEFAULT_WITH_PROVENANCE,src/pig_behavior/tracking/config.py,52c5f54ad44b6f76a8d143d168bdc942542d5fd263903cbf630f9c58ecf1cdd0,95dd37982251a6b59779e0eed020e266b54fc88c,,NO,RF_CORE_PLUS_OFFLINE_REPAIR_BOUND_SEPARATELY,PARTIAL_INHERITED_DEFAULTS_NOT_DUMPED,BOUND_BY_SOURCE_CODE,lifecycle|runtime,Inherited from the hashed TrackingConfig source; no separate sensitivity claim.,PARTIAL_NO_METHOD_SPECIFIC_SENSITIVITY,FROZEN_BY_PREDICTION_AUTHORITY,Current-main active value. The frozen prediction producer was 89db2d34646434319afcb4a040ba38d183431cfd; inherited defaults were not preserved as a complete runtime dump.
R1_CURRENT_STANDARD_V2_20260728,association,reentry_ambiguous_hold_max_cost,1.0,unitless,INHERITED_DEFAULT_WITH_PROVENANCE,src/pig_behavior/tracking/config.py,52c5f54ad44b6f76a8d143d168bdc942542d5fd263903cbf630f9c58ecf1cdd0,95dd37982251a6b59779e0eed020e266b54fc88c,,NO,RF_CORE_PLUS_OFFLINE_REPAIR_BOUND_SEPARATELY,PARTIAL_INHERITED_DEFAULTS_NOT_DUMPED,BOUND_BY_SOURCE_CODE,association|lifecycle,Inherited from the hashed TrackingConfig source; no separate sensitivity claim.,PARTIAL_NO_METHOD_SPECIFIC_SENSITIVITY,FROZEN_BY_PREDICTION_AUTHORITY,Current-main active value. The frozen prediction producer was 89db2d34646434319afcb4a040ba38d183431cfd; inherited defaults were not preserved as a complete runtime dump.
R1_CURRENT_STANDARD_V2_20260728,lifecycle,reentry_ambiguous_hold_max_missed,0,frames,INHERITED_DEFAULT_WITH_PROVENANCE,src/pig_behavior/tracking/config.py,52c5f54ad44b6f76a8d143d168bdc942542d5fd263903cbf630f9c58ecf1cdd0,95dd37982251a6b59779e0eed020e266b54fc88c,,NO,RF_CORE_PLUS_OFFLINE_REPAIR_BOUND_SEPARATELY,PARTIAL_INHERITED_DEFAULTS_NOT_DUMPED,BOUND_BY_SOURCE_CODE,lifecycle,Inherited from the hashed TrackingConfig source; no separate sensitivity claim.,PARTIAL_NO_METHOD_SPECIFIC_SENSITIVITY,FROZEN_BY_PREDICTION_AUTHORITY,Current-main active value. The frozen prediction producer was 89db2d34646434319afcb4a040ba38d183431cfd; inherited defaults were not preserved as a complete runtime dump.
R1_CURRENT_STANDARD_V2_20260728,association,reentry_ambiguous_hold_min_cost,0.0,unitless,INHERITED_DEFAULT_WITH_PROVENANCE,src/pig_behavior/tracking/config.py,52c5f54ad44b6f76a8d143d168bdc942542d5fd263903cbf630f9c58ecf1cdd0,95dd37982251a6b59779e0eed020e266b54fc88c,,NO,RF_CORE_PLUS_OFFLINE_REPAIR_BOUND_SEPARATELY,PARTIAL_INHERITED_DEFAULTS_NOT_DUMPED,BOUND_BY_SOURCE_CODE,association|lifecycle,Inherited from the hashed TrackingConfig source; no separate sensitivity claim.,PARTIAL_NO_METHOD_SPECIFIC_SENSITIVITY,FROZEN_BY_PREDICTION_AUTHORITY,Current-main active value. The frozen prediction producer was 89db2d34646434319afcb4a040ba38d183431cfd; inherited defaults were not preserved as a complete runtime dump.
R1_CURRENT_STANDARD_V2_20260728,lifecycle,reentry_ambiguous_hold_min_hits,3,count,INHERITED_DEFAULT_WITH_PROVENANCE,src/pig_behavior/tracking/config.py,52c5f54ad44b6f76a8d143d168bdc942542d5fd263903cbf630f9c58ecf1cdd0,95dd37982251a6b59779e0eed020e266b54fc88c,,NO,RF_CORE_PLUS_OFFLINE_REPAIR_BOUND_SEPARATELY,PARTIAL_INHERITED_DEFAULTS_NOT_DUMPED,BOUND_BY_SOURCE_CODE,lifecycle,Inherited from the hashed TrackingConfig source; no separate sensitivity claim.,PARTIAL_NO_METHOD_SPECIFIC_SENSITIVITY,FROZEN_BY_PREDICTION_AUTHORITY,Current-main active value. The frozen prediction producer was 89db2d34646434319afcb4a040ba38d183431cfd; inherited defaults were not preserved as a complete runtime dump.
R1_CURRENT_STANDARD_V2_20260728,lifecycle,reentry_ambiguous_hold_min_missed,2,frames,INHERITED_DEFAULT_WITH_PROVENANCE,src/pig_behavior/tracking/config.py,52c5f54ad44b6f76a8d143d168bdc942542d5fd263903cbf630f9c58ecf1cdd0,95dd37982251a6b59779e0eed020e266b54fc88c,,NO,RF_CORE_PLUS_OFFLINE_REPAIR_BOUND_SEPARATELY,PARTIAL_INHERITED_DEFAULTS_NOT_DUMPED,BOUND_BY_SOURCE_CODE,lifecycle,Inherited from the hashed TrackingConfig source; no separate sensitivity claim.,PARTIAL_NO_METHOD_SPECIFIC_SENSITIVITY,FROZEN_BY_PREDICTION_AUTHORITY,Current-main active value. The frozen prediction producer was 89db2d34646434319afcb4a040ba38d183431cfd; inherited defaults were not preserved as a complete runtime dump.
R1_CURRENT_STANDARD_V2_20260728,lifecycle,reentry_ambiguous_hold_raw_evidence_only,false,boolean,INHERITED_DEFAULT_WITH_PROVENANCE,src/pig_behavior/tracking/config.py,52c5f54ad44b6f76a8d143d168bdc942542d5fd263903cbf630f9c58ecf1cdd0,95dd37982251a6b59779e0eed020e266b54fc88c,,NO,RF_CORE_PLUS_OFFLINE_REPAIR_BOUND_SEPARATELY,PARTIAL_INHERITED_DEFAULTS_NOT_DUMPED,BOUND_BY_SOURCE_CODE,lifecycle,Inherited from the hashed TrackingConfig source; no separate sensitivity claim.,PARTIAL_NO_METHOD_SPECIFIC_SENSITIVITY,FROZEN_BY_PREDICTION_AUTHORITY,Current-main active value. The frozen prediction producer was 89db2d34646434319afcb4a040ba38d183431cfd; inherited defaults were not preserved as a complete runtime dump.
R1_CURRENT_STANDARD_V2_20260728,lifecycle,reentry_ambiguous_hold_video_stems,"""""",categorical/path,INHERITED_DEFAULT_WITH_PROVENANCE,src/pig_behavior/tracking/config.py,52c5f54ad44b6f76a8d143d168bdc942542d5fd263903cbf630f9c58ecf1cdd0,95dd37982251a6b59779e0eed020e266b54fc88c,,NO,RF_CORE_PLUS_OFFLINE_REPAIR_BOUND_SEPARATELY,PARTIAL_INHERITED_DEFAULTS_NOT_DUMPED,BOUND_BY_SOURCE_CODE,lifecycle|runtime,Inherited from the hashed TrackingConfig source; no separate sensitivity claim.,PARTIAL_NO_METHOD_SPECIFIC_SENSITIVITY,FROZEN_BY_PREDICTION_AUTHORITY,Current-main active value. The frozen prediction producer was 89db2d34646434319afcb4a040ba38d183431cfd; inherited defaults were not preserved as a complete runtime dump.
R1_CURRENT_STANDARD_V2_20260728,association,reentry_unowned_raw_mismatch_episode_action,"""reject""",categorical/path,INHERITED_DEFAULT_WITH_PROVENANCE,src/pig_behavior/tracking/config.py,52c5f54ad44b6f76a8d143d168bdc942542d5fd263903cbf630f9c58ecf1cdd0,95dd37982251a6b59779e0eed020e266b54fc88c,,NO,RF_CORE_PLUS_OFFLINE_REPAIR_BOUND_SEPARATELY,PARTIAL_INHERITED_DEFAULTS_NOT_DUMPED,BOUND_BY_SOURCE_CODE,association|lifecycle,Inherited from the hashed TrackingConfig source; no separate sensitivity claim.,PARTIAL_NO_METHOD_SPECIFIC_SENSITIVITY,FROZEN_BY_PREDICTION_AUTHORITY,Current-main active value. The frozen prediction producer was 89db2d34646434319afcb4a040ba38d183431cfd; inherited defaults were not preserved as a complete runtime dump.
R1_CURRENT_STANDARD_V2_20260728,association,reentry_unowned_raw_mismatch_episode_max_cost,0.36,unitless,INHERITED_DEFAULT_WITH_PROVENANCE,src/pig_behavior/tracking/config.py,52c5f54ad44b6f76a8d143d168bdc942542d5fd263903cbf630f9c58ecf1cdd0,95dd37982251a6b59779e0eed020e266b54fc88c,,NO,RF_CORE_PLUS_OFFLINE_REPAIR_BOUND_SEPARATELY,PARTIAL_INHERITED_DEFAULTS_NOT_DUMPED,BOUND_BY_SOURCE_CODE,association|lifecycle,Inherited from the hashed TrackingConfig source; no separate sensitivity claim.,PARTIAL_NO_METHOD_SPECIFIC_SENSITIVITY,FROZEN_BY_PREDICTION_AUTHORITY,Current-main active value. The frozen prediction producer was 89db2d34646434319afcb4a040ba38d183431cfd; inherited defaults were not preserved as a complete runtime dump.
R1_CURRENT_STANDARD_V2_20260728,association,reentry_unowned_raw_mismatch_episode_max_events,8,count,INHERITED_DEFAULT_WITH_PROVENANCE,src/pig_behavior/tracking/config.py,52c5f54ad44b6f76a8d143d168bdc942542d5fd263903cbf630f9c58ecf1cdd0,95dd37982251a6b59779e0eed020e266b54fc88c,,NO,RF_CORE_PLUS_OFFLINE_REPAIR_BOUND_SEPARATELY,PARTIAL_INHERITED_DEFAULTS_NOT_DUMPED,BOUND_BY_SOURCE_CODE,association|lifecycle,Inherited from the hashed TrackingConfig source; no separate sensitivity claim.,PARTIAL_NO_METHOD_SPECIFIC_SENSITIVITY,FROZEN_BY_PREDICTION_AUTHORITY,Current-main active value. The frozen prediction producer was 89db2d34646434319afcb4a040ba38d183431cfd; inherited defaults were not preserved as a complete runtime dump.
R1_CURRENT_STANDARD_V2_20260728,association,reentry_unowned_raw_mismatch_episode_max_missed,20,frames,INHERITED_DEFAULT_WITH_PROVENANCE,src/pig_behavior/tracking/config.py,52c5f54ad44b6f76a8d143d168bdc942542d5fd263903cbf630f9c58ecf1cdd0,95dd37982251a6b59779e0eed020e266b54fc88c,,NO,RF_CORE_PLUS_OFFLINE_REPAIR_BOUND_SEPARATELY,PARTIAL_INHERITED_DEFAULTS_NOT_DUMPED,BOUND_BY_SOURCE_CODE,association|lifecycle,Inherited from the hashed TrackingConfig source; no separate sensitivity claim.,PARTIAL_NO_METHOD_SPECIFIC_SENSITIVITY,FROZEN_BY_PREDICTION_AUTHORITY,Current-main active value. The frozen prediction producer was 89db2d34646434319afcb4a040ba38d183431cfd; inherited defaults were not preserved as a complete runtime dump.
R1_CURRENT_STANDARD_V2_20260728,association,reentry_unowned_raw_mismatch_episode_min_cost,0.0,unitless,INHERITED_DEFAULT_WITH_PROVENANCE,src/pig_behavior/tracking/config.py,52c5f54ad44b6f76a8d143d168bdc942542d5fd263903cbf630f9c58ecf1cdd0,95dd37982251a6b59779e0eed020e266b54fc88c,,NO,RF_CORE_PLUS_OFFLINE_REPAIR_BOUND_SEPARATELY,PARTIAL_INHERITED_DEFAULTS_NOT_DUMPED,BOUND_BY_SOURCE_CODE,association|lifecycle,Inherited from the hashed TrackingConfig source; no separate sensitivity claim.,PARTIAL_NO_METHOD_SPECIFIC_SENSITIVITY,FROZEN_BY_PREDICTION_AUTHORITY,Current-main active value. The frozen prediction producer was 89db2d34646434319afcb4a040ba38d183431cfd; inherited defaults were not preserved as a complete runtime dump.
R1_CURRENT_STANDARD_V2_20260728,association,reentry_unowned_raw_mismatch_episode_min_events,3,count,INHERITED_DEFAULT_WITH_PROVENANCE,src/pig_behavior/tracking/config.py,52c5f54ad44b6f76a8d143d168bdc942542d5fd263903cbf630f9c58ecf1cdd0,95dd37982251a6b59779e0eed020e266b54fc88c,,NO,RF_CORE_PLUS_OFFLINE_REPAIR_BOUND_SEPARATELY,PARTIAL_INHERITED_DEFAULTS_NOT_DUMPED,BOUND_BY_SOURCE_CODE,association|lifecycle,Inherited from the hashed TrackingConfig source; no separate sensitivity claim.,PARTIAL_NO_METHOD_SPECIFIC_SENSITIVITY,FROZEN_BY_PREDICTION_AUTHORITY,Current-main active value. The frozen prediction producer was 89db2d34646434319afcb4a040ba38d183431cfd; inherited defaults were not preserved as a complete runtime dump.
R1_CURRENT_STANDARD_V2_20260728,association,reentry_unowned_raw_mismatch_episode_min_missed,1,frames,INHERITED_DEFAULT_WITH_PROVENANCE,src/pig_behavior/tracking/config.py,52c5f54ad44b6f76a8d143d168bdc942542d5fd263903cbf630f9c58ecf1cdd0,95dd37982251a6b59779e0eed020e266b54fc88c,,NO,RF_CORE_PLUS_OFFLINE_REPAIR_BOUND_SEPARATELY,PARTIAL_INHERITED_DEFAULTS_NOT_DUMPED,BOUND_BY_SOURCE_CODE,association|lifecycle,Inherited from the hashed TrackingConfig source; no separate sensitivity claim.,PARTIAL_NO_METHOD_SPECIFIC_SENSITIVITY,FROZEN_BY_PREDICTION_AUTHORITY,Current-main active value. The frozen prediction producer was 89db2d34646434319afcb4a040ba38d183431cfd; inherited defaults were not preserved as a complete runtime dump.
R1_CURRENT_STANDARD_V2_20260728,association,reentry_unowned_raw_mismatch_episode_phases,"""reid""",categorical/path,INHERITED_DEFAULT_WITH_PROVENANCE,src/pig_behavior/tracking/config.py,52c5f54ad44b6f76a8d143d168bdc942542d5fd263903cbf630f9c58ecf1cdd0,95dd37982251a6b59779e0eed020e266b54fc88c,,NO,RF_CORE_PLUS_OFFLINE_REPAIR_BOUND_SEPARATELY,PARTIAL_INHERITED_DEFAULTS_NOT_DUMPED,BOUND_BY_SOURCE_CODE,association|lifecycle,Inherited from the hashed TrackingConfig source; no separate sensitivity claim.,PARTIAL_NO_METHOD_SPECIFIC_SENSITIVITY,FROZEN_BY_PREDICTION_AUTHORITY,Current-main active value. The frozen prediction producer was 89db2d34646434319afcb4a040ba38d183431cfd; inherited defaults were not preserved as a complete runtime dump.
R1_CURRENT_STANDARD_V2_20260728,association,reentry_unowned_raw_mismatch_episode_reject,false,boolean,INHERITED_DEFAULT_WITH_PROVENANCE,src/pig_behavior/tracking/config.py,52c5f54ad44b6f76a8d143d168bdc942542d5fd263903cbf630f9c58ecf1cdd0,95dd37982251a6b59779e0eed020e266b54fc88c,,NO,RF_CORE_PLUS_OFFLINE_REPAIR_BOUND_SEPARATELY,PARTIAL_INHERITED_DEFAULTS_NOT_DUMPED,BOUND_BY_SOURCE_CODE,association|lifecycle,Inherited from the hashed TrackingConfig source; no separate sensitivity claim.,PARTIAL_NO_METHOD_SPECIFIC_SENSITIVITY,FROZEN_BY_PREDICTION_AUTHORITY,Current-main active value. The frozen prediction producer was 89db2d34646434319afcb4a040ba38d183431cfd; inherited defaults were not preserved as a complete runtime dump.
R1_CURRENT_STANDARD_V2_20260728,association,reentry_unowned_raw_mismatch_episode_window_frames,24,frames,INHERITED_DEFAULT_WITH_PROVENANCE,src/pig_behavior/tracking/config.py,52c5f54ad44b6f76a8d143d168bdc942542d5fd263903cbf630f9c58ecf1cdd0,95dd37982251a6b59779e0eed020e266b54fc88c,,NO,RF_CORE_PLUS_OFFLINE_REPAIR_BOUND_SEPARATELY,PARTIAL_INHERITED_DEFAULTS_NOT_DUMPED,BOUND_BY_SOURCE_CODE,association|lifecycle|runtime,Inherited from the hashed TrackingConfig source; no separate sensitivity claim.,PARTIAL_NO_METHOD_SPECIFIC_SENSITIVITY,FROZEN_BY_PREDICTION_AUTHORITY,Current-main active value. The frozen prediction producer was 89db2d34646434319afcb4a040ba38d183431cfd; inherited defaults were not preserved as a complete runtime dump.
R1_CURRENT_STANDARD_V2_20260728,association,reentry_unowned_raw_mismatch_max_cost,0.3,unitless,INHERITED_DEFAULT_WITH_PROVENANCE,src/pig_behavior/tracking/config.py,52c5f54ad44b6f76a8d143d168bdc942542d5fd263903cbf630f9c58ecf1cdd0,95dd37982251a6b59779e0eed020e266b54fc88c,,NO,RF_CORE_PLUS_OFFLINE_REPAIR_BOUND_SEPARATELY,PARTIAL_INHERITED_DEFAULTS_NOT_DUMPED,BOUND_BY_SOURCE_CODE,association|lifecycle,Inherited from the hashed TrackingConfig source; no separate sensitivity claim.,PARTIAL_NO_METHOD_SPECIFIC_SENSITIVITY,FROZEN_BY_PREDICTION_AUTHORITY,Current-main active value. The frozen prediction producer was 89db2d34646434319afcb4a040ba38d183431cfd; inherited defaults were not preserved as a complete runtime dump.
R1_CURRENT_STANDARD_V2_20260728,association,reentry_unowned_raw_mismatch_max_missed,5,frames,INHERITED_DEFAULT_WITH_PROVENANCE,src/pig_behavior/tracking/config.py,52c5f54ad44b6f76a8d143d168bdc942542d5fd263903cbf630f9c58ecf1cdd0,95dd37982251a6b59779e0eed020e266b54fc88c,,NO,RF_CORE_PLUS_OFFLINE_REPAIR_BOUND_SEPARATELY,PARTIAL_INHERITED_DEFAULTS_NOT_DUMPED,BOUND_BY_SOURCE_CODE,association|lifecycle,Inherited from the hashed TrackingConfig source; no separate sensitivity claim.,PARTIAL_NO_METHOD_SPECIFIC_SENSITIVITY,FROZEN_BY_PREDICTION_AUTHORITY,Current-main active value. The frozen prediction producer was 89db2d34646434319afcb4a040ba38d183431cfd; inherited defaults were not preserved as a complete runtime dump.
R1_CURRENT_STANDARD_V2_20260728,association,reentry_unowned_raw_mismatch_min_missed,1,frames,INHERITED_DEFAULT_WITH_PROVENANCE,src/pig_behavior/tracking/config.py,52c5f54ad44b6f76a8d143d168bdc942542d5fd263903cbf630f9c58ecf1cdd0,95dd37982251a6b59779e0eed020e266b54fc88c,,NO,RF_CORE_PLUS_OFFLINE_REPAIR_BOUND_SEPARATELY,PARTIAL_INHERITED_DEFAULTS_NOT_DUMPED,BOUND_BY_SOURCE_CODE,association|lifecycle,Inherited from the hashed TrackingConfig source; no separate sensitivity claim.,PARTIAL_NO_METHOD_SPECIFIC_SENSITIVITY,FROZEN_BY_PREDICTION_AUTHORITY,Current-main active value. The frozen prediction producer was 89db2d34646434319afcb4a040ba38d183431cfd; inherited defaults were not preserved as a complete runtime dump.
R1_CURRENT_STANDARD_V2_20260728,association,reentry_unowned_raw_mismatch_quarantine_frames,0,frames,INHERITED_DEFAULT_WITH_PROVENANCE,src/pig_behavior/tracking/config.py,52c5f54ad44b6f76a8d143d168bdc942542d5fd263903cbf630f9c58ecf1cdd0,95dd37982251a6b59779e0eed020e266b54fc88c,,NO,RF_CORE_PLUS_OFFLINE_REPAIR_BOUND_SEPARATELY,PARTIAL_INHERITED_DEFAULTS_NOT_DUMPED,BOUND_BY_SOURCE_CODE,association|lifecycle|runtime,Inherited from the hashed TrackingConfig source; no separate sensitivity claim.,PARTIAL_NO_METHOD_SPECIFIC_SENSITIVITY,FROZEN_BY_PREDICTION_AUTHORITY,Current-main active value. The frozen prediction producer was 89db2d34646434319afcb4a040ba38d183431cfd; inherited defaults were not preserved as a complete runtime dump.
R1_CURRENT_STANDARD_V2_20260728,association,reentry_unowned_raw_mismatch_quarantine_max_cost,0.35,unitless,INHERITED_DEFAULT_WITH_PROVENANCE,src/pig_behavior/tracking/config.py,52c5f54ad44b6f76a8d143d168bdc942542d5fd263903cbf630f9c58ecf1cdd0,95dd37982251a6b59779e0eed020e266b54fc88c,,NO,RF_CORE_PLUS_OFFLINE_REPAIR_BOUND_SEPARATELY,PARTIAL_INHERITED_DEFAULTS_NOT_DUMPED,BOUND_BY_SOURCE_CODE,association|lifecycle,Inherited from the hashed TrackingConfig source; no separate sensitivity claim.,PARTIAL_NO_METHOD_SPECIFIC_SENSITIVITY,FROZEN_BY_PREDICTION_AUTHORITY,Current-main active value. The frozen prediction producer was 89db2d34646434319afcb4a040ba38d183431cfd; inherited defaults were not preserved as a complete runtime dump.
R1_CURRENT_STANDARD_V2_20260728,association,reentry_unowned_raw_mismatch_quarantine_min_seed_cost,0.0,unitless,INHERITED_DEFAULT_WITH_PROVENANCE,src/pig_behavior/tracking/config.py,52c5f54ad44b6f76a8d143d168bdc942542d5fd263903cbf630f9c58ecf1cdd0,95dd37982251a6b59779e0eed020e266b54fc88c,,NO,RF_CORE_PLUS_OFFLINE_REPAIR_BOUND_SEPARATELY,PARTIAL_INHERITED_DEFAULTS_NOT_DUMPED,BOUND_BY_SOURCE_CODE,association|lifecycle,Inherited from the hashed TrackingConfig source; no separate sensitivity claim.,PARTIAL_NO_METHOD_SPECIFIC_SENSITIVITY,FROZEN_BY_PREDICTION_AUTHORITY,Current-main active value. The frozen prediction producer was 89db2d34646434319afcb4a040ba38d183431cfd; inherited defaults were not preserved as a complete runtime dump.
R1_CURRENT_STANDARD_V2_20260728,association,reentry_unowned_raw_mismatch_reject,false,boolean,INHERITED_DEFAULT_WITH_PROVENANCE,src/pig_behavior/tracking/config.py,52c5f54ad44b6f76a8d143d168bdc942542d5fd263903cbf630f9c58ecf1cdd0,95dd37982251a6b59779e0eed020e266b54fc88c,,NO,RF_CORE_PLUS_OFFLINE_REPAIR_BOUND_SEPARATELY,PARTIAL_INHERITED_DEFAULTS_NOT_DUMPED,BOUND_BY_SOURCE_CODE,association|lifecycle,Inherited from the hashed TrackingConfig source; no separate sensitivity claim.,PARTIAL_NO_METHOD_SPECIFIC_SENSITIVITY,FROZEN_BY_PREDICTION_AUTHORITY,Current-main active value. The frozen prediction producer was 89db2d34646434319afcb4a040ba38d183431cfd; inherited defaults were not preserved as a complete runtime dump.
R1_CURRENT_STANDARD_V2_20260728,bbox_geometry,refine_boxes,false,boolean,PREDECLARED_DEVELOPMENT_SELECTION,src/pig_behavior/tracking/profiles/rf_hybrid_offline.py,bc7c20c21bf6ce283fb8f0ba34b36705805a52591b705a16c81f9014bb755ce9,95dd37982251a6b59779e0eed020e266b54fc88c,false,YES,RF_CORE_PLUS_OFFLINE_REPAIR_BOUND_SEPARATELY,YES_PROFILE_OVERRIDE_ONLY,BOUND_BY_EFFECTIVE_CONFIG,bbox_geometry,Profile override frozen by a development authority before its authority run.,SUFFICIENT_WITH_DEVELOPMENT_SCOPE_LIMITATION,FROZEN_BY_PREDICTION_AUTHORITY,Current-main active value. The frozen prediction producer was 89db2d34646434319afcb4a040ba38d183431cfd; inherited defaults were not preserved as a complete runtime dump.
R1_CURRENT_STANDARD_V2_20260728,bbox_geometry,refine_max_gap_frames,15,frames,INHERITED_DEFAULT_WITH_PROVENANCE,src/pig_behavior/tracking/config.py,52c5f54ad44b6f76a8d143d168bdc942542d5fd263903cbf630f9c58ecf1cdd0,95dd37982251a6b59779e0eed020e266b54fc88c,,NO,RF_CORE_PLUS_OFFLINE_REPAIR_BOUND_SEPARATELY,PARTIAL_INHERITED_DEFAULTS_NOT_DUMPED,BOUND_BY_SOURCE_CODE,bbox_geometry|runtime,Inherited from the hashed TrackingConfig source; no separate sensitivity claim.,PARTIAL_NO_METHOD_SPECIFIC_SENSITIVITY,FROZEN_BY_PREDICTION_AUTHORITY,Current-main active value. The frozen prediction producer was 89db2d34646434319afcb4a040ba38d183431cfd; inherited defaults were not preserved as a complete runtime dump.
R1_CURRENT_STANDARD_V2_20260728,association,refine_max_previous_gap_frames,0,unitless ratio,INHERITED_DEFAULT_WITH_PROVENANCE,src/pig_behavior/tracking/config.py,52c5f54ad44b6f76a8d143d168bdc942542d5fd263903cbf630f9c58ecf1cdd0,95dd37982251a6b59779e0eed020e266b54fc88c,,NO,RF_CORE_PLUS_OFFLINE_REPAIR_BOUND_SEPARATELY,PARTIAL_INHERITED_DEFAULTS_NOT_DUMPED,BOUND_BY_SOURCE_CODE,association|bbox_geometry|runtime,Inherited from the hashed TrackingConfig source; no separate sensitivity claim.,PARTIAL_NO_METHOD_SPECIFIC_SENSITIVITY,FROZEN_BY_PREDICTION_AUTHORITY,Current-main active value. The frozen prediction producer was 89db2d34646434319afcb4a040ba38d183431cfd; inherited defaults were not preserved as a complete runtime dump.
R1_CURRENT_STANDARD_V2_20260728,bbox_geometry,refine_size_jump_threshold,0.45,unitless,INHERITED_DEFAULT_WITH_PROVENANCE,src/pig_behavior/tracking/config.py,52c5f54ad44b6f76a8d143d168bdc942542d5fd263903cbf630f9c58ecf1cdd0,95dd37982251a6b59779e0eed020e266b54fc88c,,NO,RF_CORE_PLUS_OFFLINE_REPAIR_BOUND_SEPARATELY,PARTIAL_INHERITED_DEFAULTS_NOT_DUMPED,BOUND_BY_SOURCE_CODE,bbox_geometry,Inherited from the hashed TrackingConfig source; no separate sensitivity claim.,PARTIAL_NO_METHOD_SPECIFIC_SENSITIVITY,FROZEN_BY_PREDICTION_AUTHORITY,Current-main active value. The frozen prediction producer was 89db2d34646434319afcb4a040ba38d183431cfd; inherited defaults were not preserved as a complete runtime dump.
R1_CURRENT_STANDARD_V2_20260728,engineering_or_indirect,reid_unowned_competing_candidate_hold,false,boolean,INHERITED_DEFAULT_WITH_PROVENANCE,src/pig_behavior/tracking/config.py,52c5f54ad44b6f76a8d143d168bdc942542d5fd263903cbf630f9c58ecf1cdd0,95dd37982251a6b59779e0eed020e266b54fc88c,,NO,RF_CORE_PLUS_OFFLINE_REPAIR_BOUND_SEPARATELY,PARTIAL_INHERITED_DEFAULTS_NOT_DUMPED,BOUND_BY_SOURCE_CODE,engineering_or_indirect,Inherited from the hashed TrackingConfig source; no separate sensitivity claim.,PARTIAL_NO_METHOD_SPECIFIC_SENSITIVITY,FROZEN_BY_PREDICTION_AUTHORITY,Current-main active value. The frozen prediction producer was 89db2d34646434319afcb4a040ba38d183431cfd; inherited defaults were not preserved as a complete runtime dump.
R1_CURRENT_STANDARD_V2_20260728,association,reid_unowned_competing_candidate_min_cost,0.55,unitless,INHERITED_DEFAULT_WITH_PROVENANCE,src/pig_behavior/tracking/config.py,52c5f54ad44b6f76a8d143d168bdc942542d5fd263903cbf630f9c58ecf1cdd0,95dd37982251a6b59779e0eed020e266b54fc88c,,NO,RF_CORE_PLUS_OFFLINE_REPAIR_BOUND_SEPARATELY,PARTIAL_INHERITED_DEFAULTS_NOT_DUMPED,BOUND_BY_SOURCE_CODE,association,Inherited from the hashed TrackingConfig source; no separate sensitivity claim.,PARTIAL_NO_METHOD_SPECIFIC_SENSITIVITY,FROZEN_BY_PREDICTION_AUTHORITY,Current-main active value. The frozen prediction producer was 89db2d34646434319afcb4a040ba38d183431cfd; inherited defaults were not preserved as a complete runtime dump.
R1_CURRENT_STANDARD_V2_20260728,engineering_or_indirect,reid_unowned_competing_candidate_min_gap,0.15,unitless,INHERITED_DEFAULT_WITH_PROVENANCE,src/pig_behavior/tracking/config.py,52c5f54ad44b6f76a8d143d168bdc942542d5fd263903cbf630f9c58ecf1cdd0,95dd37982251a6b59779e0eed020e266b54fc88c,,NO,RF_CORE_PLUS_OFFLINE_REPAIR_BOUND_SEPARATELY,PARTIAL_INHERITED_DEFAULTS_NOT_DUMPED,BOUND_BY_SOURCE_CODE,engineering_or_indirect,Inherited from the hashed TrackingConfig source; no separate sensitivity claim.,PARTIAL_NO_METHOD_SPECIFIC_SENSITIVITY,FROZEN_BY_PREDICTION_AUTHORITY,Current-main active value. The frozen prediction producer was 89db2d34646434319afcb4a040ba38d183431cfd; inherited defaults were not preserved as a complete runtime dump.
R1_CURRENT_STANDARD_V2_20260728,lifecycle,reid_unowned_competing_candidate_min_missed,1,frames,INHERITED_DEFAULT_WITH_PROVENANCE,src/pig_behavior/tracking/config.py,52c5f54ad44b6f76a8d143d168bdc942542d5fd263903cbf630f9c58ecf1cdd0,95dd37982251a6b59779e0eed020e266b54fc88c,,NO,RF_CORE_PLUS_OFFLINE_REPAIR_BOUND_SEPARATELY,PARTIAL_INHERITED_DEFAULTS_NOT_DUMPED,BOUND_BY_SOURCE_CODE,lifecycle,Inherited from the hashed TrackingConfig source; no separate sensitivity claim.,PARTIAL_NO_METHOD_SPECIFIC_SENSITIVITY,FROZEN_BY_PREDICTION_AUTHORITY,Current-main active value. The frozen prediction producer was 89db2d34646434319afcb4a040ba38d183431cfd; inherited defaults were not preserved as a complete runtime dump.
R1_CURRENT_STANDARD_V2_20260728,Hidden_state,reid_unowned_competing_candidate_occlusion_hold_only,true,boolean,INHERITED_DEFAULT_WITH_PROVENANCE,src/pig_behavior/tracking/config.py,52c5f54ad44b6f76a8d143d168bdc942542d5fd263903cbf630f9c58ecf1cdd0,95dd37982251a6b59779e0eed020e266b54fc88c,,NO,RF_CORE_PLUS_OFFLINE_REPAIR_BOUND_SEPARATELY,PARTIAL_INHERITED_DEFAULTS_NOT_DUMPED,BOUND_BY_SOURCE_CODE,Hidden_state,Inherited from the hashed TrackingConfig source; no separate sensitivity claim.,PARTIAL_NO_METHOD_SPECIFIC_SENSITIVITY,FROZEN_BY_PREDICTION_AUTHORITY,Current-main active value. The frozen prediction producer was 89db2d34646434319afcb4a040ba38d183431cfd; inherited defaults were not preserved as a complete runtime dump.
R1_CURRENT_STANDARD_V2_20260728,engineering_or_indirect,review_conf,0.5,unitless ratio,INHERITED_DEFAULT_WITH_PROVENANCE,src/pig_behavior/tracking/config.py,52c5f54ad44b6f76a8d143d168bdc942542d5fd263903cbf630f9c58ecf1cdd0,95dd37982251a6b59779e0eed020e266b54fc88c,,NO,RF_CORE_PLUS_OFFLINE_REPAIR_BOUND_SEPARATELY,PARTIAL_INHERITED_DEFAULTS_NOT_DUMPED,BOUND_BY_SOURCE_CODE,engineering_or_indirect,Inherited from the hashed TrackingConfig source; no separate sensitivity claim.,PARTIAL_NO_METHOD_SPECIFIC_SENSITIVITY,FROZEN_BY_PREDICTION_AUTHORITY,Current-main active value. The frozen prediction producer was 89db2d34646434319afcb4a040ba38d183431cfd; inherited defaults were not preserved as a complete runtime dump.
R1_CURRENT_STANDARD_V2_20260728,engineering_or_indirect,rf_hybrid_offline,true,boolean,PREDECLARED_DEVELOPMENT_SELECTION,src/pig_behavior/tracking/profiles/rf_hybrid_offline.py,bc7c20c21bf6ce283fb8f0ba34b36705805a52591b705a16c81f9014bb755ce9,95dd37982251a6b59779e0eed020e266b54fc88c,true,YES,RF_CORE_PLUS_OFFLINE_REPAIR_BOUND_SEPARATELY,YES_PROFILE_OVERRIDE_ONLY,BOUND_BY_EFFECTIVE_CONFIG,engineering_or_indirect,Profile override frozen by a development authority before its authority run.,SUFFICIENT_WITH_DEVELOPMENT_SCOPE_LIMITATION,FROZEN_BY_PREDICTION_AUTHORITY,Current-main active value. The frozen prediction producer was 89db2d34646434319afcb4a040ba38d183431cfd; inherited defaults were not preserved as a complete runtime dump.
R1_CURRENT_STANDARD_V2_20260728,engineering_or_indirect,roi_dilate_px,8,count,INHERITED_DEFAULT_WITH_PROVENANCE,src/pig_behavior/tracking/config.py,52c5f54ad44b6f76a8d143d168bdc942542d5fd263903cbf630f9c58ecf1cdd0,95dd37982251a6b59779e0eed020e266b54fc88c,,NO,RF_CORE_PLUS_OFFLINE_REPAIR_BOUND_SEPARATELY,PARTIAL_INHERITED_DEFAULTS_NOT_DUMPED,BOUND_BY_SOURCE_CODE,engineering_or_indirect,Inherited from the hashed TrackingConfig source; no separate sensitivity claim.,PARTIAL_NO_METHOD_SPECIFIC_SENSITIVITY,FROZEN_BY_PREDICTION_AUTHORITY,Current-main active value. The frozen prediction producer was 89db2d34646434319afcb4a040ba38d183431cfd; inherited defaults were not preserved as a complete runtime dump.
R1_CURRENT_STANDARD_V2_20260728,engineering_or_indirect,roi_min_cover,0.1,unitless,INHERITED_DEFAULT_WITH_PROVENANCE,src/pig_behavior/tracking/config.py,52c5f54ad44b6f76a8d143d168bdc942542d5fd263903cbf630f9c58ecf1cdd0,95dd37982251a6b59779e0eed020e266b54fc88c,,NO,RF_CORE_PLUS_OFFLINE_REPAIR_BOUND_SEPARATELY,PARTIAL_INHERITED_DEFAULTS_NOT_DUMPED,BOUND_BY_SOURCE_CODE,engineering_or_indirect,Inherited from the hashed TrackingConfig source; no separate sensitivity claim.,PARTIAL_NO_METHOD_SPECIFIC_SENSITIVITY,FROZEN_BY_PREDICTION_AUTHORITY,Current-main active value. The frozen prediction producer was 89db2d34646434319afcb4a040ba38d183431cfd; inherited defaults were not preserved as a complete runtime dump.
R1_CURRENT_STANDARD_V2_20260728,engineering_or_indirect,roi_mode,"""center""",categorical/path,INHERITED_DEFAULT_WITH_PROVENANCE,src/pig_behavior/tracking/config.py,52c5f54ad44b6f76a8d143d168bdc942542d5fd263903cbf630f9c58ecf1cdd0,95dd37982251a6b59779e0eed020e266b54fc88c,,NO,RF_CORE_PLUS_OFFLINE_REPAIR_BOUND_SEPARATELY,PARTIAL_INHERITED_DEFAULTS_NOT_DUMPED,BOUND_BY_SOURCE_CODE,engineering_or_indirect,Inherited from the hashed TrackingConfig source; no separate sensitivity claim.,PARTIAL_NO_METHOD_SPECIFIC_SENSITIVITY,FROZEN_BY_PREDICTION_AUTHORITY,Current-main active value. The frozen prediction producer was 89db2d34646434319afcb4a040ba38d183431cfd; inherited defaults were not preserved as a complete runtime dump.
R1_CURRENT_STANDARD_V2_20260728,detection,shade_outside_mask,true,boolean,INHERITED_DEFAULT_WITH_PROVENANCE,src/pig_behavior/tracking/config.py,52c5f54ad44b6f76a8d143d168bdc942542d5fd263903cbf630f9c58ecf1cdd0,95dd37982251a6b59779e0eed020e266b54fc88c,,NO,RF_CORE_PLUS_OFFLINE_REPAIR_BOUND_SEPARATELY,PARTIAL_INHERITED_DEFAULTS_NOT_DUMPED,BOUND_BY_SOURCE_CODE,detection,Inherited from the hashed TrackingConfig source; no separate sensitivity claim.,PARTIAL_NO_METHOD_SPECIFIC_SENSITIVITY,FROZEN_BY_PREDICTION_AUTHORITY,Current-main active value. The frozen prediction producer was 89db2d34646434319afcb4a040ba38d183431cfd; inherited defaults were not preserved as a complete runtime dump.
R1_CURRENT_STANDARD_V2_20260728,engineering_or_indirect,show,false,boolean,INHERITED_DEFAULT_WITH_PROVENANCE,src/pig_behavior/tracking/config.py,52c5f54ad44b6f76a8d143d168bdc942542d5fd263903cbf630f9c58ecf1cdd0,95dd37982251a6b59779e0eed020e266b54fc88c,,NO,RF_CORE_PLUS_OFFLINE_REPAIR_BOUND_SEPARATELY,PARTIAL_INHERITED_DEFAULTS_NOT_DUMPED,BOUND_BY_SOURCE_CODE,engineering_or_indirect,Inherited from the hashed TrackingConfig source; no separate sensitivity claim.,PARTIAL_NO_METHOD_SPECIFIC_SENSITIVITY,FROZEN_BY_PREDICTION_AUTHORITY,Current-main active value. The frozen prediction producer was 89db2d34646434319afcb4a040ba38d183431cfd; inherited defaults were not preserved as a complete runtime dump.
R1_CURRENT_STANDARD_V2_20260728,bbox_geometry,smooth_boxes,false,boolean,PREDECLARED_DEVELOPMENT_SELECTION,src/pig_behavior/tracking/profiles/rf_hybrid_offline.py,bc7c20c21bf6ce283fb8f0ba34b36705805a52591b705a16c81f9014bb755ce9,95dd37982251a6b59779e0eed020e266b54fc88c,false,YES,RF_CORE_PLUS_OFFLINE_REPAIR_BOUND_SEPARATELY,YES_PROFILE_OVERRIDE_ONLY,BOUND_BY_EFFECTIVE_CONFIG,bbox_geometry,Profile override frozen by a development authority before its authority run.,SUFFICIENT_WITH_DEVELOPMENT_SCOPE_LIMITATION,FROZEN_BY_PREDICTION_AUTHORITY,Current-main active value. The frozen prediction producer was 89db2d34646434319afcb4a040ba38d183431cfd; inherited defaults were not preserved as a complete runtime dump.
R1_CURRENT_STANDARD_V2_20260728,runtime,start_frame,0,frames,INHERITED_DEFAULT_WITH_PROVENANCE,src/pig_behavior/tracking/config.py,52c5f54ad44b6f76a8d143d168bdc942542d5fd263903cbf630f9c58ecf1cdd0,95dd37982251a6b59779e0eed020e266b54fc88c,,NO,RF_CORE_PLUS_OFFLINE_REPAIR_BOUND_SEPARATELY,PARTIAL_INHERITED_DEFAULTS_NOT_DUMPED,BOUND_BY_SOURCE_CODE,runtime,Inherited from the hashed TrackingConfig source; no separate sensitivity claim.,PARTIAL_NO_METHOD_SPECIFIC_SENSITIVITY,FROZEN_BY_PREDICTION_AUTHORITY,Current-main active value. The frozen prediction producer was 89db2d34646434319afcb4a040ba38d183431cfd; inherited defaults were not preserved as a complete runtime dump.
R1_CURRENT_STANDARD_V2_20260728,identity_repair,suffix_pair_swap_max_overlap_frames,8,frames,INHERITED_DEFAULT_WITH_PROVENANCE,src/pig_behavior/tracking/config.py,52c5f54ad44b6f76a8d143d168bdc942542d5fd263903cbf630f9c58ecf1cdd0,95dd37982251a6b59779e0eed020e266b54fc88c,,NO,RF_CORE_PLUS_OFFLINE_REPAIR_BOUND_SEPARATELY,PARTIAL_INHERITED_DEFAULTS_NOT_DUMPED,BOUND_BY_SOURCE_CODE,identity_repair|runtime,Inherited from the hashed TrackingConfig source; no separate sensitivity claim.,PARTIAL_NO_METHOD_SPECIFIC_SENSITIVITY,FROZEN_BY_PREDICTION_AUTHORITY,Current-main active value. The frozen prediction producer was 89db2d34646434319afcb4a040ba38d183431cfd; inherited defaults were not preserved as a complete runtime dump.
R1_CURRENT_STANDARD_V2_20260728,association,suffix_pair_swap_max_suffix_overlap_iou,0.3,unitless ratio,INHERITED_DEFAULT_WITH_PROVENANCE,src/pig_behavior/tracking/config.py,52c5f54ad44b6f76a8d143d168bdc942542d5fd263903cbf630f9c58ecf1cdd0,95dd37982251a6b59779e0eed020e266b54fc88c,,NO,RF_CORE_PLUS_OFFLINE_REPAIR_BOUND_SEPARATELY,PARTIAL_INHERITED_DEFAULTS_NOT_DUMPED,BOUND_BY_SOURCE_CODE,association|identity_repair,Inherited from the hashed TrackingConfig source; no separate sensitivity claim.,PARTIAL_NO_METHOD_SPECIFIC_SENSITIVITY,FROZEN_BY_PREDICTION_AUTHORITY,Current-main active value. The frozen prediction producer was 89db2d34646434319afcb4a040ba38d183431cfd; inherited defaults were not preserved as a complete runtime dump.
R1_CURRENT_STANDARD_V2_20260728,association,suffix_pair_swap_min_overlap_iou,0.45,unitless ratio,INHERITED_DEFAULT_WITH_PROVENANCE,src/pig_behavior/tracking/config.py,52c5f54ad44b6f76a8d143d168bdc942542d5fd263903cbf630f9c58ecf1cdd0,95dd37982251a6b59779e0eed020e266b54fc88c,,NO,RF_CORE_PLUS_OFFLINE_REPAIR_BOUND_SEPARATELY,PARTIAL_INHERITED_DEFAULTS_NOT_DUMPED,BOUND_BY_SOURCE_CODE,association|identity_repair,Inherited from the hashed TrackingConfig source; no separate sensitivity claim.,PARTIAL_NO_METHOD_SPECIFIC_SENSITIVITY,FROZEN_BY_PREDICTION_AUTHORITY,Current-main active value. The frozen prediction producer was 89db2d34646434319afcb4a040ba38d183431cfd; inherited defaults were not preserved as a complete runtime dump.
R1_CURRENT_STANDARD_V2_20260728,identity_repair,suffix_pair_swap_min_suffix_frames,1500,frames,INHERITED_DEFAULT_WITH_PROVENANCE,src/pig_behavior/tracking/config.py,52c5f54ad44b6f76a8d143d168bdc942542d5fd263903cbf630f9c58ecf1cdd0,95dd37982251a6b59779e0eed020e266b54fc88c,,NO,RF_CORE_PLUS_OFFLINE_REPAIR_BOUND_SEPARATELY,PARTIAL_INHERITED_DEFAULTS_NOT_DUMPED,BOUND_BY_SOURCE_CODE,identity_repair|runtime,Inherited from the hashed TrackingConfig source; no separate sensitivity claim.,PARTIAL_NO_METHOD_SPECIFIC_SENSITIVITY,FROZEN_BY_PREDICTION_AUTHORITY,Current-main active value. The frozen prediction producer was 89db2d34646434319afcb4a040ba38d183431cfd; inherited defaults were not preserved as a complete runtime dump.
R1_CURRENT_STANDARD_V2_20260728,identity_repair,suffix_pair_swap_repair,false,boolean,INHERITED_DEFAULT_WITH_PROVENANCE,src/pig_behavior/tracking/config.py,52c5f54ad44b6f76a8d143d168bdc942542d5fd263903cbf630f9c58ecf1cdd0,95dd37982251a6b59779e0eed020e266b54fc88c,,NO,RF_CORE_PLUS_OFFLINE_REPAIR_BOUND_SEPARATELY,PARTIAL_INHERITED_DEFAULTS_NOT_DUMPED,BOUND_BY_SOURCE_CODE,identity_repair,Inherited from the hashed TrackingConfig source; no separate sensitivity claim.,PARTIAL_NO_METHOD_SPECIFIC_SENSITIVITY,FROZEN_BY_PREDICTION_AUTHORITY,Current-main active value. The frozen prediction producer was 89db2d34646434319afcb4a040ba38d183431cfd; inherited defaults were not preserved as a complete runtime dump.
R1_CURRENT_STANDARD_V2_20260728,engineering_or_indirect,target_fps,15,count,INHERITED_DEFAULT_WITH_PROVENANCE,src/pig_behavior/tracking/config.py,52c5f54ad44b6f76a8d143d168bdc942542d5fd263903cbf630f9c58ecf1cdd0,95dd37982251a6b59779e0eed020e266b54fc88c,,NO,RF_CORE_PLUS_OFFLINE_REPAIR_BOUND_SEPARATELY,PARTIAL_INHERITED_DEFAULTS_NOT_DUMPED,BOUND_BY_SOURCE_CODE,engineering_or_indirect,Inherited from the hashed TrackingConfig source; no separate sensitivity claim.,PARTIAL_NO_METHOD_SPECIFIC_SENSITIVITY,FROZEN_BY_PREDICTION_AUTHORITY,Current-main active value. The frozen prediction producer was 89db2d34646434319afcb4a040ba38d183431cfd; inherited defaults were not preserved as a complete runtime dump.
R1_CURRENT_STANDARD_V2_20260728,engineering_or_indirect,track_high_conf,0.45,unitless ratio,INHERITED_DEFAULT_WITH_PROVENANCE,src/pig_behavior/tracking/config.py,52c5f54ad44b6f76a8d143d168bdc942542d5fd263903cbf630f9c58ecf1cdd0,95dd37982251a6b59779e0eed020e266b54fc88c,,NO,RF_CORE_PLUS_OFFLINE_REPAIR_BOUND_SEPARATELY,PARTIAL_INHERITED_DEFAULTS_NOT_DUMPED,BOUND_BY_SOURCE_CODE,engineering_or_indirect,Inherited from the hashed TrackingConfig source; no separate sensitivity claim.,PARTIAL_NO_METHOD_SPECIFIC_SENSITIVITY,FROZEN_BY_PREDICTION_AUTHORITY,Current-main active value. The frozen prediction producer was 89db2d34646434319afcb4a040ba38d183431cfd; inherited defaults were not preserved as a complete runtime dump.
R1_CURRENT_STANDARD_V2_20260728,association,track_match_iou,0.75,unitless ratio,INHERITED_DEFAULT_WITH_PROVENANCE,src/pig_behavior/tracking/config.py,52c5f54ad44b6f76a8d143d168bdc942542d5fd263903cbf630f9c58ecf1cdd0,95dd37982251a6b59779e0eed020e266b54fc88c,,NO,RF_CORE_PLUS_OFFLINE_REPAIR_BOUND_SEPARATELY,PARTIAL_INHERITED_DEFAULTS_NOT_DUMPED,BOUND_BY_SOURCE_CODE,association,Inherited from the hashed TrackingConfig source; no separate sensitivity claim.,PARTIAL_NO_METHOD_SPECIFIC_SENSITIVITY,FROZEN_BY_PREDICTION_AUTHORITY,Current-main active value. The frozen prediction producer was 89db2d34646434319afcb4a040ba38d183431cfd; inherited defaults were not preserved as a complete runtime dump.
R1_CURRENT_STANDARD_V2_20260728,engineering_or_indirect,tracker_type,"""bytetrack""",categorical/path,ORIGINAL_METHOD_SPECIFICATION,src/pig_behavior/tracking/config.py,52c5f54ad44b6f76a8d143d168bdc942542d5fd263903cbf630f9c58ecf1cdd0,95dd37982251a6b59779e0eed020e266b54fc88c,,NO,RF_CORE_PLUS_OFFLINE_REPAIR_BOUND_SEPARATELY,PARTIAL_INHERITED_DEFAULTS_NOT_DUMPED,BOUND_BY_SOURCE_CODE,engineering_or_indirect,Defines the method family or locked eight-animal task.,SUFFICIENT,FROZEN_BY_PREDICTION_AUTHORITY,Current-main active value. The frozen prediction producer was 89db2d34646434319afcb4a040ba38d183431cfd; inherited defaults were not preserved as a complete runtime dump.
R1_CURRENT_STANDARD_V2_20260728,engineering_or_indirect,tracker_yaml,null,not applicable,INHERITED_DEFAULT_WITH_PROVENANCE,src/pig_behavior/tracking/config.py,52c5f54ad44b6f76a8d143d168bdc942542d5fd263903cbf630f9c58ecf1cdd0,95dd37982251a6b59779e0eed020e266b54fc88c,,NO,RF_CORE_PLUS_OFFLINE_REPAIR_BOUND_SEPARATELY,PARTIAL_INHERITED_DEFAULTS_NOT_DUMPED,BOUND_BY_SOURCE_CODE,engineering_or_indirect,Inherited from the hashed TrackingConfig source; no separate sensitivity claim.,PARTIAL_NO_METHOD_SPECIFIC_SENSITIVITY,FROZEN_BY_PREDICTION_AUTHORITY,Current-main active value. The frozen prediction producer was 89db2d34646434319afcb4a040ba38d183431cfd; inherited defaults were not preserved as a complete runtime dump.
R1_CURRENT_STANDARD_V2_20260728,association,unseen_track_cost_threshold,1.1,unitless,INHERITED_DEFAULT_WITH_PROVENANCE,src/pig_behavior/tracking/config.py,52c5f54ad44b6f76a8d143d168bdc942542d5fd263903cbf630f9c58ecf1cdd0,95dd37982251a6b59779e0eed020e266b54fc88c,,NO,RF_CORE_PLUS_OFFLINE_REPAIR_BOUND_SEPARATELY,PARTIAL_INHERITED_DEFAULTS_NOT_DUMPED,BOUND_BY_SOURCE_CODE,association,Inherited from the hashed TrackingConfig source; no separate sensitivity claim.,PARTIAL_NO_METHOD_SPECIFIC_SENSITIVITY,FROZEN_BY_PREDICTION_AUTHORITY,Current-main active value. The frozen prediction producer was 89db2d34646434319afcb4a040ba38d183431cfd; inherited defaults were not preserved as a complete runtime dump.
R1_CURRENT_STANDARD_V2_20260728,detection,use_mask,true,boolean,INHERITED_DEFAULT_WITH_PROVENANCE,src/pig_behavior/tracking/config.py,52c5f54ad44b6f76a8d143d168bdc942542d5fd263903cbf630f9c58ecf1cdd0,95dd37982251a6b59779e0eed020e266b54fc88c,,NO,RF_CORE_PLUS_OFFLINE_REPAIR_BOUND_SEPARATELY,PARTIAL_INHERITED_DEFAULTS_NOT_DUMPED,BOUND_BY_SOURCE_CODE,detection,Inherited from the hashed TrackingConfig source; no separate sensitivity claim.,PARTIAL_NO_METHOD_SPECIFIC_SENSITIVITY,FROZEN_BY_PREDICTION_AUTHORITY,Current-main active value. The frozen prediction producer was 89db2d34646434319afcb4a040ba38d183431cfd; inherited defaults were not preserved as a complete runtime dump.
R1_CURRENT_STANDARD_V2_20260728,detection,use_mask_iou,true,boolean,INHERITED_DEFAULT_WITH_PROVENANCE,src/pig_behavior/tracking/config.py,52c5f54ad44b6f76a8d143d168bdc942542d5fd263903cbf630f9c58ecf1cdd0,95dd37982251a6b59779e0eed020e266b54fc88c,,NO,RF_CORE_PLUS_OFFLINE_REPAIR_BOUND_SEPARATELY,PARTIAL_INHERITED_DEFAULTS_NOT_DUMPED,BOUND_BY_SOURCE_CODE,detection|association,Inherited from the hashed TrackingConfig source; no separate sensitivity claim.,PARTIAL_NO_METHOD_SPECIFIC_SENSITIVITY,FROZEN_BY_PREDICTION_AUTHORITY,Current-main active value. The frozen prediction producer was 89db2d34646434319afcb4a040ba38d183431cfd; inherited defaults were not preserved as a complete runtime dump.
R1_CURRENT_STANDARD_V2_20260728,runtime,video_path,"""C:\\Users\\ironh\\Downloads\\PIG_Behavior_Project\\.codex_tmp\\worktrees\\tracking_scientific_grounding_authority\\data\\videos\\Pigs281119_000085_30fps.mp4""",categorical/path,DATA_SCHEMA_CONSTRAINT,src/pig_behavior/tracking/config.py,52c5f54ad44b6f76a8d143d168bdc942542d5fd263903cbf630f9c58ecf1cdd0,95dd37982251a6b59779e0eed020e266b54fc88c,,NO,RF_CORE_PLUS_OFFLINE_REPAIR_BOUND_SEPARATELY,PARTIAL_INHERITED_DEFAULTS_NOT_DUMPED,BOUND_BY_SOURCE_CODE,runtime,Bound to the repository data/cache/export schema.,SUFFICIENT,FROZEN_BY_PREDICTION_AUTHORITY,Current-main active value. The frozen prediction producer was 89db2d34646434319afcb4a040ba38d183431cfd; inherited defaults were not preserved as a complete runtime dump.
R1_CURRENT_STANDARD_V2_20260728,identity_repair,visible_raw_owner_transfer_min_gain,0.04,unitless,INHERITED_DEFAULT_WITH_PROVENANCE,src/pig_behavior/tracking/config.py,52c5f54ad44b6f76a8d143d168bdc942542d5fd263903cbf630f9c58ecf1cdd0,95dd37982251a6b59779e0eed020e266b54fc88c,,NO,RF_CORE_PLUS_OFFLINE_REPAIR_BOUND_SEPARATELY,PARTIAL_INHERITED_DEFAULTS_NOT_DUMPED,BOUND_BY_SOURCE_CODE,identity_repair,Inherited from the hashed TrackingConfig source; no separate sensitivity claim.,PARTIAL_NO_METHOD_SPECIFIC_SENSITIVITY,FROZEN_BY_PREDICTION_AUTHORITY,Current-main active value. The frozen prediction producer was 89db2d34646434319afcb4a040ba38d183431cfd; inherited defaults were not preserved as a complete runtime dump.
R1_CURRENT_STANDARD_V2_20260728,engineering_or_indirect,visual_opacity,0.75,unitless,INHERITED_DEFAULT_WITH_PROVENANCE,src/pig_behavior/tracking/config.py,52c5f54ad44b6f76a8d143d168bdc942542d5fd263903cbf630f9c58ecf1cdd0,95dd37982251a6b59779e0eed020e266b54fc88c,,NO,RF_CORE_PLUS_OFFLINE_REPAIR_BOUND_SEPARATELY,PARTIAL_INHERITED_DEFAULTS_NOT_DUMPED,BOUND_BY_SOURCE_CODE,engineering_or_indirect,Inherited from the hashed TrackingConfig source; no separate sensitivity claim.,PARTIAL_NO_METHOD_SPECIFIC_SENSITIVITY,FROZEN_BY_PREDICTION_AUTHORITY,Current-main active value. The frozen prediction producer was 89db2d34646434319afcb4a040ba38d183431cfd; inherited defaults were not preserved as a complete runtime dump.
R1_CURRENT_STANDARD_V2_20260728,engineering_or_indirect,weights_path,"""C:\\Users\\ironh\\Downloads\\PIG_Behavior_Project\\.codex_tmp\\worktrees\\tracking_scientific_grounding_authority\\models\\detector\\pig_detector_yolov8.pt""",categorical/path,DATA_SCHEMA_CONSTRAINT,src/pig_behavior/tracking/config.py,52c5f54ad44b6f76a8d143d168bdc942542d5fd263903cbf630f9c58ecf1cdd0,95dd37982251a6b59779e0eed020e266b54fc88c,,NO,RF_CORE_PLUS_OFFLINE_REPAIR_BOUND_SEPARATELY,PARTIAL_INHERITED_DEFAULTS_NOT_DUMPED,BOUND_BY_SOURCE_CODE,engineering_or_indirect,Bound to the repository data/cache/export schema.,SUFFICIENT,FROZEN_BY_PREDICTION_AUTHORITY,Current-main active value. The frozen prediction producer was 89db2d34646434319afcb4a040ba38d183431cfd; inherited defaults were not preserved as a complete runtime dump.
R1_CURRENT_STANDARD_V2_20260728,runtime,write_output_video,false,boolean,HARDWARE_OR_RUNTIME_CONSTRAINT,src/pig_behavior/tracking/profiles/rf_hybrid_offline.py,bc7c20c21bf6ce283fb8f0ba34b36705805a52591b705a16c81f9014bb755ce9,95dd37982251a6b59779e0eed020e266b54fc88c,false,YES,RF_CORE_PLUS_OFFLINE_REPAIR_BOUND_SEPARATELY,YES_PROFILE_OVERRIDE_ONLY,BOUND_BY_EFFECTIVE_CONFIG,runtime,Execution/safety constraint rather than a quality claim.,SUFFICIENT,FROZEN_BY_PREDICTION_AUTHORITY,Current-main active value. The frozen prediction producer was 89db2d34646434319afcb4a040ba38d183431cfd; inherited defaults were not preserved as a complete runtime dump.
HISTORICAL_H5B_H4_20260719,Hidden_state,USE_AREA_OCCLUSION_FREEZE,false,boolean,PREDECLARED_DEVELOPMENT_SELECTION,docs/tracking/historical_h5b_h4_executable_reproduction/HISTORICAL_H5B_H4_EXECUTABLE_CONFIG_20260729.json,0921f55f9e58beb17671c197c86cd55a4fe280e1010ab497248a4c28aea15c8e,31d360ba96b4065ce5125c0d88765531cc5898ae,,YES,a9cb3b622c22591e1f377cf7805d2ea8488c374a20ef35e59963ae237caa0b49,PARTIAL,BOUND_BY_EFFECTIVE_CONFIG,Hidden_state,Profile override frozen by a development authority before its authority run.,SUFFICIENT_WITH_DEVELOPMENT_SCOPE_LIMITATION,FROZEN_RECORDED_VALUE_OR_GAP,Historical applicability/effective rows are not executable-parity proven.
HISTORICAL_H5B_H4_20260719,Hidden_state,USE_CONDITIONAL_AREA_OCCLUSION_FREEZE,false,boolean,PREDECLARED_DEVELOPMENT_SELECTION,docs/tracking/historical_h5b_h4_executable_reproduction/HISTORICAL_H5B_H4_EXECUTABLE_CONFIG_20260729.json,0921f55f9e58beb17671c197c86cd55a4fe280e1010ab497248a4c28aea15c8e,31d360ba96b4065ce5125c0d88765531cc5898ae,,YES,a9cb3b622c22591e1f377cf7805d2ea8488c374a20ef35e59963ae237caa0b49,PARTIAL,BOUND_BY_EFFECTIVE_CONFIG,Hidden_state,Profile override frozen by a development authority before its authority run.,SUFFICIENT_WITH_DEVELOPMENT_SCOPE_LIMITATION,FROZEN_RECORDED_VALUE_OR_GAP,Historical applicability/effective rows are not executable-parity proven.
HISTORICAL_H5B_H4_20260719,association,USE_IOU_FALLBACK,false,boolean,PREDECLARED_DEVELOPMENT_SELECTION,docs/tracking/historical_h5b_h4_executable_reproduction/HISTORICAL_H5B_H4_EXECUTABLE_CONFIG_20260729.json,0921f55f9e58beb17671c197c86cd55a4fe280e1010ab497248a4c28aea15c8e,31d360ba96b4065ce5125c0d88765531cc5898ae,,YES,a9cb3b622c22591e1f377cf7805d2ea8488c374a20ef35e59963ae237caa0b49,PARTIAL,BOUND_BY_EFFECTIVE_CONFIG,association,Profile override frozen by a development authority before its authority run.,SUFFICIENT_WITH_DEVELOPMENT_SCOPE_LIMITATION,FROZEN_RECORDED_VALUE_OR_GAP,Historical applicability/effective rows are not executable-parity proven.
HISTORICAL_H5B_H4_20260719,bbox_geometry,USE_MERGED_BOX_SPLIT,false,boolean,PREDECLARED_DEVELOPMENT_SELECTION,docs/tracking/historical_h5b_h4_executable_reproduction/HISTORICAL_H5B_H4_EXECUTABLE_CONFIG_20260729.json,0921f55f9e58beb17671c197c86cd55a4fe280e1010ab497248a4c28aea15c8e,31d360ba96b4065ce5125c0d88765531cc5898ae,,YES,a9cb3b622c22591e1f377cf7805d2ea8488c374a20ef35e59963ae237caa0b49,PARTIAL,BOUND_BY_EFFECTIVE_CONFIG,bbox_geometry,Profile override frozen by a development authority before its authority run.,SUFFICIENT_WITH_DEVELOPMENT_SCOPE_LIMITATION,FROZEN_RECORDED_VALUE_OR_GAP,Historical applicability/effective rows are not executable-parity proven.
HISTORICAL_H5B_H4_20260719,detection,det_conf,0.2,unitless ratio,PREDECLARED_DEVELOPMENT_SELECTION,docs/tracking/historical_h5b_h4_executable_reproduction/HISTORICAL_H5B_H4_EXECUTABLE_CONFIG_20260729.json,0921f55f9e58beb17671c197c86cd55a4fe280e1010ab497248a4c28aea15c8e,31d360ba96b4065ce5125c0d88765531cc5898ae,,YES,a9cb3b622c22591e1f377cf7805d2ea8488c374a20ef35e59963ae237caa0b49,PARTIAL,BOUND_BY_EFFECTIVE_CONFIG,detection,Profile override frozen by a development authority before its authority run.,SUFFICIENT_WITH_DEVELOPMENT_SCOPE_LIMITATION,FROZEN_RECORDED_VALUE_OR_GAP,Historical applicability/effective rows are not executable-parity proven.
HISTORICAL_H5B_H4_20260719,detection,detector_cache.authority_sha256,"""52566e9318e8a6c60ea49b01af8715c3b074460c4a803332e6a77b40ac004975""",categorical/path,PREDECLARED_DEVELOPMENT_SELECTION,docs/tracking/historical_h5b_h4_executable_reproduction/HISTORICAL_H5B_H4_EXECUTABLE_CONFIG_20260729.json,0921f55f9e58beb17671c197c86cd55a4fe280e1010ab497248a4c28aea15c8e,31d360ba96b4065ce5125c0d88765531cc5898ae,,YES,a9cb3b622c22591e1f377cf7805d2ea8488c374a20ef35e59963ae237caa0b49,PARTIAL,BOUND_BY_EFFECTIVE_CONFIG,detection,Profile override frozen by a development authority before its authority run.,SUFFICIENT_WITH_DEVELOPMENT_SCOPE_LIMITATION,FROZEN_RECORDED_VALUE_OR_GAP,Historical applicability/effective rows are not executable-parity proven.
HISTORICAL_H5B_H4_20260719,detection,detector_cache.cadence,"""EVERY_FRAME""",categorical/path,PREDECLARED_DEVELOPMENT_SELECTION,docs/tracking/historical_h5b_h4_executable_reproduction/HISTORICAL_H5B_H4_EXECUTABLE_CONFIG_20260729.json,0921f55f9e58beb17671c197c86cd55a4fe280e1010ab497248a4c28aea15c8e,31d360ba96b4065ce5125c0d88765531cc5898ae,,YES,a9cb3b622c22591e1f377cf7805d2ea8488c374a20ef35e59963ae237caa0b49,PARTIAL,BOUND_BY_EFFECTIVE_CONFIG,detection|runtime,Profile override frozen by a development authority before its authority run.,SUFFICIENT_WITH_DEVELOPMENT_SCOPE_LIMITATION,FROZEN_RECORDED_VALUE_OR_GAP,Historical applicability/effective rows are not executable-parity proven.
HISTORICAL_H5B_H4_20260719,detection,detector_cache.confidence,0.2,unitless ratio,PREDECLARED_DEVELOPMENT_SELECTION,docs/tracking/historical_h5b_h4_executable_reproduction/HISTORICAL_H5B_H4_EXECUTABLE_CONFIG_20260729.json,0921f55f9e58beb17671c197c86cd55a4fe280e1010ab497248a4c28aea15c8e,31d360ba96b4065ce5125c0d88765531cc5898ae,,YES,a9cb3b622c22591e1f377cf7805d2ea8488c374a20ef35e59963ae237caa0b49,PARTIAL,BOUND_BY_EFFECTIVE_CONFIG,detection,Profile override frozen by a development authority before its authority run.,SUFFICIENT_WITH_DEVELOPMENT_SCOPE_LIMITATION,FROZEN_RECORDED_VALUE_OR_GAP,Historical applicability/effective rows are not executable-parity proven.
HISTORICAL_H5B_H4_20260719,detection,detector_cache.effective_config_sha256,"""c51b7549ae8624502389b685f7ae47668404339d74bd38c73f527a2e4e78bad8""",categorical/path,PREDECLARED_DEVELOPMENT_SELECTION,docs/tracking/historical_h5b_h4_executable_reproduction/HISTORICAL_H5B_H4_EXECUTABLE_CONFIG_20260729.json,0921f55f9e58beb17671c197c86cd55a4fe280e1010ab497248a4c28aea15c8e,31d360ba96b4065ce5125c0d88765531cc5898ae,,YES,a9cb3b622c22591e1f377cf7805d2ea8488c374a20ef35e59963ae237caa0b49,PARTIAL,BOUND_BY_EFFECTIVE_CONFIG,detection,Profile override frozen by a development authority before its authority run.,SUFFICIENT_WITH_DEVELOPMENT_SCOPE_LIMITATION,FROZEN_RECORDED_VALUE_OR_GAP,Historical applicability/effective rows are not executable-parity proven.
HISTORICAL_H5B_H4_20260719,detection,detector_cache.image_size,640,frames,PREDECLARED_DEVELOPMENT_SELECTION,docs/tracking/historical_h5b_h4_executable_reproduction/HISTORICAL_H5B_H4_EXECUTABLE_CONFIG_20260729.json,0921f55f9e58beb17671c197c86cd55a4fe280e1010ab497248a4c28aea15c8e,31d360ba96b4065ce5125c0d88765531cc5898ae,,YES,a9cb3b622c22591e1f377cf7805d2ea8488c374a20ef35e59963ae237caa0b49,PARTIAL,BOUND_BY_EFFECTIVE_CONFIG,detection,Profile override frozen by a development authority before its authority run.,SUFFICIENT_WITH_DEVELOPMENT_SCOPE_LIMITATION,FROZEN_RECORDED_VALUE_OR_GAP,Historical applicability/effective rows are not executable-parity proven.
HISTORICAL_H5B_H4_20260719,detection,detector_cache.live_detector_fallback,false,boolean,PREDECLARED_DEVELOPMENT_SELECTION,docs/tracking/historical_h5b_h4_executable_reproduction/HISTORICAL_H5B_H4_EXECUTABLE_CONFIG_20260729.json,0921f55f9e58beb17671c197c86cd55a4fe280e1010ab497248a4c28aea15c8e,31d360ba96b4065ce5125c0d88765531cc5898ae,,YES,a9cb3b622c22591e1f377cf7805d2ea8488c374a20ef35e59963ae237caa0b49,PARTIAL,BOUND_BY_EFFECTIVE_CONFIG,detection,Profile override frozen by a development authority before its authority run.,SUFFICIENT_WITH_DEVELOPMENT_SCOPE_LIMITATION,FROZEN_RECORDED_VALUE_OR_GAP,Historical applicability/effective rows are not executable-parity proven.
HISTORICAL_H5B_H4_20260719,detection,detector_cache.max_raw_detections,64,count,PREDECLARED_DEVELOPMENT_SELECTION,docs/tracking/historical_h5b_h4_executable_reproduction/HISTORICAL_H5B_H4_EXECUTABLE_CONFIG_20260729.json,0921f55f9e58beb17671c197c86cd55a4fe280e1010ab497248a4c28aea15c8e,31d360ba96b4065ce5125c0d88765531cc5898ae,,YES,a9cb3b622c22591e1f377cf7805d2ea8488c374a20ef35e59963ae237caa0b49,PARTIAL,BOUND_BY_EFFECTIVE_CONFIG,detection,Profile override frozen by a development authority before its authority run.,SUFFICIENT_WITH_DEVELOPMENT_SCOPE_LIMITATION,FROZEN_RECORDED_VALUE_OR_GAP,Historical applicability/effective rows are not executable-parity proven.
HISTORICAL_H5B_H4_20260719,detection,detector_cache.nms_iou,0.5,unitless ratio,PREDECLARED_DEVELOPMENT_SELECTION,docs/tracking/historical_h5b_h4_executable_reproduction/HISTORICAL_H5B_H4_EXECUTABLE_CONFIG_20260729.json,0921f55f9e58beb17671c197c86cd55a4fe280e1010ab497248a4c28aea15c8e,31d360ba96b4065ce5125c0d88765531cc5898ae,,YES,a9cb3b622c22591e1f377cf7805d2ea8488c374a20ef35e59963ae237caa0b49,PARTIAL,BOUND_BY_EFFECTIVE_CONFIG,detection|association,Profile override frozen by a development authority before its authority run.,SUFFICIENT_WITH_DEVELOPMENT_SCOPE_LIMITATION,FROZEN_RECORDED_VALUE_OR_GAP,Historical applicability/effective rows are not executable-parity proven.
HISTORICAL_H5B_H4_20260719,detection,detector_cache.root,"""C:\\Users\\ironh\\Downloads\\PIG_Behavior_Project\\outputs\\tracking\\historical_h5b_h4_detector_cache_020_64_20260728_retry1""",categorical/path,PREDECLARED_DEVELOPMENT_SELECTION,docs/tracking/historical_h5b_h4_executable_reproduction/HISTORICAL_H5B_H4_EXECUTABLE_CONFIG_20260729.json,0921f55f9e58beb17671c197c86cd55a4fe280e1010ab497248a4c28aea15c8e,31d360ba96b4065ce5125c0d88765531cc5898ae,,YES,a9cb3b622c22591e1f377cf7805d2ea8488c374a20ef35e59963ae237caa0b49,PARTIAL,BOUND_BY_EFFECTIVE_CONFIG,detection,Profile override frozen by a development authority before its authority run.,SUFFICIENT_WITH_DEVELOPMENT_SCOPE_LIMITATION,FROZEN_RECORDED_VALUE_OR_GAP,Historical applicability/effective rows are not executable-parity proven.
HISTORICAL_H5B_H4_20260719,bbox_geometry,enable_offline_smoothing,true,boolean,PREDECLARED_DEVELOPMENT_SELECTION,docs/tracking/historical_h5b_h4_executable_reproduction/HISTORICAL_H5B_H4_EXECUTABLE_CONFIG_20260729.json,0921f55f9e58beb17671c197c86cd55a4fe280e1010ab497248a4c28aea15c8e,31d360ba96b4065ce5125c0d88765531cc5898ae,,YES,a9cb3b622c22591e1f377cf7805d2ea8488c374a20ef35e59963ae237caa0b49,PARTIAL,BOUND_BY_EFFECTIVE_CONFIG,bbox_geometry,Profile override frozen by a development authority before its authority run.,SUFFICIENT_WITH_DEVELOPMENT_SCOPE_LIMITATION,FROZEN_RECORDED_VALUE_OR_GAP,Historical applicability/effective rows are not executable-parity proven.
HISTORICAL_H5B_H4_20260719,Hidden_state,far_camera_hidden_geometry_max_center_shift,0.12,unitless,PREDECLARED_DEVELOPMENT_SELECTION,docs/tracking/historical_h5b_h4_executable_reproduction/HISTORICAL_H5B_H4_EXECUTABLE_CONFIG_20260729.json,0921f55f9e58beb17671c197c86cd55a4fe280e1010ab497248a4c28aea15c8e,31d360ba96b4065ce5125c0d88765531cc5898ae,,YES,a9cb3b622c22591e1f377cf7805d2ea8488c374a20ef35e59963ae237caa0b49,PARTIAL,BOUND_BY_EFFECTIVE_CONFIG,Hidden_state|bbox_geometry,Profile override frozen by a development authority before its authority run.,SUFFICIENT_WITH_DEVELOPMENT_SCOPE_LIMITATION,FROZEN_RECORDED_VALUE_OR_GAP,Historical applicability/effective rows are not executable-parity proven.
HISTORICAL_H5B_H4_20260719,Hidden_state,far_camera_hidden_geometry_max_future_gap_frames,15,frames,PREDECLARED_DEVELOPMENT_SELECTION,docs/tracking/historical_h5b_h4_executable_reproduction/HISTORICAL_H5B_H4_EXECUTABLE_CONFIG_20260729.json,0921f55f9e58beb17671c197c86cd55a4fe280e1010ab497248a4c28aea15c8e,31d360ba96b4065ce5125c0d88765531cc5898ae,,YES,a9cb3b622c22591e1f377cf7805d2ea8488c374a20ef35e59963ae237caa0b49,PARTIAL,BOUND_BY_EFFECTIVE_CONFIG,Hidden_state|bbox_geometry|runtime,Profile override frozen by a development authority before its authority run.,SUFFICIENT_WITH_DEVELOPMENT_SCOPE_LIMITATION,FROZEN_RECORDED_VALUE_OR_GAP,Historical applicability/effective rows are not executable-parity proven.
HISTORICAL_H5B_H4_20260719,Hidden_state,far_camera_hidden_geometry_min_height_excess,0.15,unitless,PREDECLARED_DEVELOPMENT_SELECTION,docs/tracking/historical_h5b_h4_executable_reproduction/HISTORICAL_H5B_H4_EXECUTABLE_CONFIG_20260729.json,0921f55f9e58beb17671c197c86cd55a4fe280e1010ab497248a4c28aea15c8e,31d360ba96b4065ce5125c0d88765531cc5898ae,,YES,a9cb3b622c22591e1f377cf7805d2ea8488c374a20ef35e59963ae237caa0b49,PARTIAL,BOUND_BY_EFFECTIVE_CONFIG,Hidden_state|bbox_geometry,Profile override frozen by a development authority before its authority run.,SUFFICIENT_WITH_DEVELOPMENT_SCOPE_LIMITATION,FROZEN_RECORDED_VALUE_OR_GAP,Historical applicability/effective rows are not executable-parity proven.
HISTORICAL_H5B_H4_20260719,Hidden_state,far_camera_hidden_geometry_min_overlap_reduction,0.1,unitless,PREDECLARED_DEVELOPMENT_SELECTION,docs/tracking/historical_h5b_h4_executable_reproduction/HISTORICAL_H5B_H4_EXECUTABLE_CONFIG_20260729.json,0921f55f9e58beb17671c197c86cd55a4fe280e1010ab497248a4c28aea15c8e,31d360ba96b4065ce5125c0d88765531cc5898ae,,YES,a9cb3b622c22591e1f377cf7805d2ea8488c374a20ef35e59963ae237caa0b49,PARTIAL,BOUND_BY_EFFECTIVE_CONFIG,Hidden_state|bbox_geometry,Profile override frozen by a development authority before its authority run.,SUFFICIENT_WITH_DEVELOPMENT_SCOPE_LIMITATION,FROZEN_RECORDED_VALUE_OR_GAP,Historical applicability/effective rows are not executable-parity proven.
HISTORICAL_H5B_H4_20260719,association,far_camera_hidden_geometry_min_visible_overlap_iou,0.65,unitless ratio,PREDECLARED_DEVELOPMENT_SELECTION,docs/tracking/historical_h5b_h4_executable_reproduction/HISTORICAL_H5B_H4_EXECUTABLE_CONFIG_20260729.json,0921f55f9e58beb17671c197c86cd55a4fe280e1010ab497248a4c28aea15c8e,31d360ba96b4065ce5125c0d88765531cc5898ae,,YES,a9cb3b622c22591e1f377cf7805d2ea8488c374a20ef35e59963ae237caa0b49,PARTIAL,BOUND_BY_EFFECTIVE_CONFIG,association|Hidden_state|bbox_geometry,Profile override frozen by a development authority before its authority run.,SUFFICIENT_WITH_DEVELOPMENT_SCOPE_LIMITATION,FROZEN_RECORDED_VALUE_OR_GAP,Historical applicability/effective rows are not executable-parity proven.
HISTORICAL_H5B_H4_20260719,Hidden_state,far_camera_hidden_geometry_original_weight,0.1,unitless,PREDECLARED_DEVELOPMENT_SELECTION,docs/tracking/historical_h5b_h4_executable_reproduction/HISTORICAL_H5B_H4_EXECUTABLE_CONFIG_20260729.json,0921f55f9e58beb17671c197c86cd55a4fe280e1010ab497248a4c28aea15c8e,31d360ba96b4065ce5125c0d88765531cc5898ae,,YES,a9cb3b622c22591e1f377cf7805d2ea8488c374a20ef35e59963ae237caa0b49,PARTIAL,BOUND_BY_EFFECTIVE_CONFIG,Hidden_state|bbox_geometry,Profile override frozen by a development authority before its authority run.,SUFFICIENT_WITH_DEVELOPMENT_SCOPE_LIMITATION,FROZEN_RECORDED_VALUE_OR_GAP,Historical applicability/effective rows are not executable-parity proven.
HISTORICAL_H5B_H4_20260719,Hidden_state,far_camera_hidden_geometry_refine,true,boolean,PREDECLARED_DEVELOPMENT_SELECTION,docs/tracking/historical_h5b_h4_executable_reproduction/HISTORICAL_H5B_H4_EXECUTABLE_CONFIG_20260729.json,0921f55f9e58beb17671c197c86cd55a4fe280e1010ab497248a4c28aea15c8e,31d360ba96b4065ce5125c0d88765531cc5898ae,,YES,a9cb3b622c22591e1f377cf7805d2ea8488c374a20ef35e59963ae237caa0b49,PARTIAL,BOUND_BY_EFFECTIVE_CONFIG,Hidden_state|bbox_geometry,Profile override frozen by a development authority before its authority run.,SUFFICIENT_WITH_DEVELOPMENT_SCOPE_LIMITATION,FROZEN_RECORDED_VALUE_OR_GAP,Historical applicability/effective rows are not executable-parity proven.
HISTORICAL_H5B_H4_20260719,Hidden_state,far_camera_hidden_geometry_x_threshold,0.67,unitless,PREDECLARED_DEVELOPMENT_SELECTION,docs/tracking/historical_h5b_h4_executable_reproduction/HISTORICAL_H5B_H4_EXECUTABLE_CONFIG_20260729.json,0921f55f9e58beb17671c197c86cd55a4fe280e1010ab497248a4c28aea15c8e,31d360ba96b4065ce5125c0d88765531cc5898ae,,YES,a9cb3b622c22591e1f377cf7805d2ea8488c374a20ef35e59963ae237caa0b49,PARTIAL,BOUND_BY_EFFECTIVE_CONFIG,Hidden_state|bbox_geometry,Profile override frozen by a development authority before its authority run.,SUFFICIENT_WITH_DEVELOPMENT_SCOPE_LIMITATION,FROZEN_RECORDED_VALUE_OR_GAP,Historical applicability/effective rows are not executable-parity proven.
HISTORICAL_H5B_H4_20260719,identity_repair,hidden_owner_guard,true,boolean,PREDECLARED_DEVELOPMENT_SELECTION,docs/tracking/historical_h5b_h4_executable_reproduction/HISTORICAL_H5B_H4_EXECUTABLE_CONFIG_20260729.json,0921f55f9e58beb17671c197c86cd55a4fe280e1010ab497248a4c28aea15c8e,31d360ba96b4065ce5125c0d88765531cc5898ae,,YES,a9cb3b622c22591e1f377cf7805d2ea8488c374a20ef35e59963ae237caa0b49,PARTIAL,BOUND_BY_EFFECTIVE_CONFIG,identity_repair|Hidden_state,Profile override frozen by a development authority before its authority run.,SUFFICIENT_WITH_DEVELOPMENT_SCOPE_LIMITATION,FROZEN_RECORDED_VALUE_OR_GAP,Historical applicability/effective rows are not executable-parity proven.
HISTORICAL_H5B_H4_20260719,identity_repair,hidden_owner_guard_hold_assignment,true,boolean,PREDECLARED_DEVELOPMENT_SELECTION,docs/tracking/historical_h5b_h4_executable_reproduction/HISTORICAL_H5B_H4_EXECUTABLE_CONFIG_20260729.json,0921f55f9e58beb17671c197c86cd55a4fe280e1010ab497248a4c28aea15c8e,31d360ba96b4065ce5125c0d88765531cc5898ae,,YES,a9cb3b622c22591e1f377cf7805d2ea8488c374a20ef35e59963ae237caa0b49,PARTIAL,BOUND_BY_EFFECTIVE_CONFIG,identity_repair|Hidden_state,Profile override frozen by a development authority before its authority run.,SUFFICIENT_WITH_DEVELOPMENT_SCOPE_LIMITATION,FROZEN_RECORDED_VALUE_OR_GAP,Historical applicability/effective rows are not executable-parity proven.
HISTORICAL_H5B_H4_20260719,identity_repair,hidden_suffix_id_swap_min_overlap_persistence_frames,2,frames,PREDECLARED_DEVELOPMENT_SELECTION,docs/tracking/historical_h5b_h4_executable_reproduction/HISTORICAL_H5B_H4_EXECUTABLE_CONFIG_20260729.json,0921f55f9e58beb17671c197c86cd55a4fe280e1010ab497248a4c28aea15c8e,31d360ba96b4065ce5125c0d88765531cc5898ae,,YES,a9cb3b622c22591e1f377cf7805d2ea8488c374a20ef35e59963ae237caa0b49,PARTIAL,BOUND_BY_EFFECTIVE_CONFIG,identity_repair|Hidden_state|runtime,Profile override frozen by a development authority before its authority run.,SUFFICIENT_WITH_DEVELOPMENT_SCOPE_LIMITATION,FROZEN_RECORDED_VALUE_OR_GAP,Historical applicability/effective rows are not executable-parity proven.
HISTORICAL_H5B_H4_20260719,identity_repair,hidden_suffix_id_swap_repair,true,boolean,PREDECLARED_DEVELOPMENT_SELECTION,docs/tracking/historical_h5b_h4_executable_reproduction/HISTORICAL_H5B_H4_EXECUTABLE_CONFIG_20260729.json,0921f55f9e58beb17671c197c86cd55a4fe280e1010ab497248a4c28aea15c8e,31d360ba96b4065ce5125c0d88765531cc5898ae,,YES,a9cb3b622c22591e1f377cf7805d2ea8488c374a20ef35e59963ae237caa0b49,PARTIAL,BOUND_BY_EFFECTIVE_CONFIG,identity_repair|Hidden_state,Profile override frozen by a development authority before its authority run.,SUFFICIENT_WITH_DEVELOPMENT_SCOPE_LIMITATION,FROZEN_RECORDED_VALUE_OR_GAP,Historical applicability/effective rows are not executable-parity proven.
HISTORICAL_H5B_H4_20260719,identity_repair,hidden_suffix_id_swap_use_overlap_persistence,true,boolean,PREDECLARED_DEVELOPMENT_SELECTION,docs/tracking/historical_h5b_h4_executable_reproduction/HISTORICAL_H5B_H4_EXECUTABLE_CONFIG_20260729.json,0921f55f9e58beb17671c197c86cd55a4fe280e1010ab497248a4c28aea15c8e,31d360ba96b4065ce5125c0d88765531cc5898ae,,YES,a9cb3b622c22591e1f377cf7805d2ea8488c374a20ef35e59963ae237caa0b49,PARTIAL,BOUND_BY_EFFECTIVE_CONFIG,identity_repair|Hidden_state,Profile override frozen by a development authority before its authority run.,SUFFICIENT_WITH_DEVELOPMENT_SCOPE_LIMITATION,FROZEN_RECORDED_VALUE_OR_GAP,Historical applicability/effective rows are not executable-parity proven.
HISTORICAL_H5B_H4_20260719,identity_repair,identity_swap_guard,true,boolean,PREDECLARED_DEVELOPMENT_SELECTION,docs/tracking/historical_h5b_h4_executable_reproduction/HISTORICAL_H5B_H4_EXECUTABLE_CONFIG_20260729.json,0921f55f9e58beb17671c197c86cd55a4fe280e1010ab497248a4c28aea15c8e,31d360ba96b4065ce5125c0d88765531cc5898ae,,YES,a9cb3b622c22591e1f377cf7805d2ea8488c374a20ef35e59963ae237caa0b49,PARTIAL,BOUND_BY_EFFECTIVE_CONFIG,identity_repair,Profile override frozen by a development authority before its authority run.,SUFFICIENT_WITH_DEVELOPMENT_SCOPE_LIMITATION,FROZEN_RECORDED_VALUE_OR_GAP,Historical applicability/effective rows are not executable-parity proven.
HISTORICAL_H5B_H4_20260719,identity_repair,identity_swap_guard_far_x_threshold,0.67,unitless,PREDECLARED_DEVELOPMENT_SELECTION,docs/tracking/historical_h5b_h4_executable_reproduction/HISTORICAL_H5B_H4_EXECUTABLE_CONFIG_20260729.json,0921f55f9e58beb17671c197c86cd55a4fe280e1010ab497248a4c28aea15c8e,31d360ba96b4065ce5125c0d88765531cc5898ae,,YES,a9cb3b622c22591e1f377cf7805d2ea8488c374a20ef35e59963ae237caa0b49,PARTIAL,BOUND_BY_EFFECTIVE_CONFIG,identity_repair,Profile override frozen by a development authority before its authority run.,SUFFICIENT_WITH_DEVELOPMENT_SCOPE_LIMITATION,FROZEN_RECORDED_VALUE_OR_GAP,Historical applicability/effective rows are not executable-parity proven.
HISTORICAL_H5B_H4_20260719,identity_repair,identity_swap_guard_skip_mixed_occlusion_hold,true,boolean,PREDECLARED_DEVELOPMENT_SELECTION,docs/tracking/historical_h5b_h4_executable_reproduction/HISTORICAL_H5B_H4_EXECUTABLE_CONFIG_20260729.json,0921f55f9e58beb17671c197c86cd55a4fe280e1010ab497248a4c28aea15c8e,31d360ba96b4065ce5125c0d88765531cc5898ae,,YES,a9cb3b622c22591e1f377cf7805d2ea8488c374a20ef35e59963ae237caa0b49,PARTIAL,BOUND_BY_EFFECTIVE_CONFIG,identity_repair|Hidden_state,Profile override frozen by a development authority before its authority run.,SUFFICIENT_WITH_DEVELOPMENT_SCOPE_LIMITATION,FROZEN_RECORDED_VALUE_OR_GAP,Historical applicability/effective rows are not executable-parity proven.
HISTORICAL_H5B_H4_20260719,identity_repair,identity_swap_guard_skip_mixed_occlusion_hold_far_only,true,boolean,PREDECLARED_DEVELOPMENT_SELECTION,docs/tracking/historical_h5b_h4_executable_reproduction/HISTORICAL_H5B_H4_EXECUTABLE_CONFIG_20260729.json,0921f55f9e58beb17671c197c86cd55a4fe280e1010ab497248a4c28aea15c8e,31d360ba96b4065ce5125c0d88765531cc5898ae,,YES,a9cb3b622c22591e1f377cf7805d2ea8488c374a20ef35e59963ae237caa0b49,PARTIAL,BOUND_BY_EFFECTIVE_CONFIG,identity_repair|Hidden_state,Profile override frozen by a development authority before its authority run.,SUFFICIENT_WITH_DEVELOPMENT_SCOPE_LIMITATION,FROZEN_RECORDED_VALUE_OR_GAP,Historical applicability/effective rows are not executable-parity proven.
HISTORICAL_H5B_H4_20260719,bbox_geometry,low_conf_max_box_jump_scale,2.0,unitless,PREDECLARED_DEVELOPMENT_SELECTION,docs/tracking/historical_h5b_h4_executable_reproduction/HISTORICAL_H5B_H4_EXECUTABLE_CONFIG_20260729.json,0921f55f9e58beb17671c197c86cd55a4fe280e1010ab497248a4c28aea15c8e,31d360ba96b4065ce5125c0d88765531cc5898ae,,YES,a9cb3b622c22591e1f377cf7805d2ea8488c374a20ef35e59963ae237caa0b49,PARTIAL,BOUND_BY_EFFECTIVE_CONFIG,bbox_geometry,Profile override frozen by a development authority before its authority run.,SUFFICIENT_WITH_DEVELOPMENT_SCOPE_LIMITATION,FROZEN_RECORDED_VALUE_OR_GAP,Historical applicability/effective rows are not executable-parity proven.
HISTORICAL_H5B_H4_20260719,engineering_or_indirect,low_conf_max_center_jump,0.1,unitless,PREDECLARED_DEVELOPMENT_SELECTION,docs/tracking/historical_h5b_h4_executable_reproduction/HISTORICAL_H5B_H4_EXECUTABLE_CONFIG_20260729.json,0921f55f9e58beb17671c197c86cd55a4fe280e1010ab497248a4c28aea15c8e,31d360ba96b4065ce5125c0d88765531cc5898ae,,YES,a9cb3b622c22591e1f377cf7805d2ea8488c374a20ef35e59963ae237caa0b49,PARTIAL,BOUND_BY_EFFECTIVE_CONFIG,engineering_or_indirect,Profile override frozen by a development authority before its authority run.,SUFFICIENT_WITH_DEVELOPMENT_SCOPE_LIMITATION,FROZEN_RECORDED_VALUE_OR_GAP,Historical applicability/effective rows are not executable-parity proven.
HISTORICAL_H5B_H4_20260719,detection,max_raw_detections,64,count,PREDECLARED_DEVELOPMENT_SELECTION,docs/tracking/historical_h5b_h4_executable_reproduction/HISTORICAL_H5B_H4_EXECUTABLE_CONFIG_20260729.json,0921f55f9e58beb17671c197c86cd55a4fe280e1010ab497248a4c28aea15c8e,31d360ba96b4065ce5125c0d88765531cc5898ae,,YES,a9cb3b622c22591e1f377cf7805d2ea8488c374a20ef35e59963ae237caa0b49,PARTIAL,BOUND_BY_EFFECTIVE_CONFIG,detection,Profile override frozen by a development authority before its authority run.,SUFFICIENT_WITH_DEVELOPMENT_SCOPE_LIMITATION,FROZEN_RECORDED_VALUE_OR_GAP,Historical applicability/effective rows are not executable-parity proven.
HISTORICAL_H5B_H4_20260719,Hidden_state,near_wall_hidden_geometry_distance_bbox_scale,0.25,unitless,PREDECLARED_DEVELOPMENT_SELECTION,docs/tracking/historical_h5b_h4_executable_reproduction/HISTORICAL_H5B_H4_EXECUTABLE_CONFIG_20260729.json,0921f55f9e58beb17671c197c86cd55a4fe280e1010ab497248a4c28aea15c8e,31d360ba96b4065ce5125c0d88765531cc5898ae,,YES,a9cb3b622c22591e1f377cf7805d2ea8488c374a20ef35e59963ae237caa0b49,PARTIAL,BOUND_BY_EFFECTIVE_CONFIG,Hidden_state|bbox_geometry,Profile override frozen by a development authority before its authority run.,SUFFICIENT_WITH_DEVELOPMENT_SCOPE_LIMITATION,FROZEN_RECORDED_VALUE_OR_GAP,Historical applicability/effective rows are not executable-parity proven.
HISTORICAL_H5B_H4_20260719,Hidden_state,near_wall_hidden_geometry_max_center_shift,0.04,unitless,PREDECLARED_DEVELOPMENT_SELECTION,docs/tracking/historical_h5b_h4_executable_reproduction/HISTORICAL_H5B_H4_EXECUTABLE_CONFIG_20260729.json,0921f55f9e58beb17671c197c86cd55a4fe280e1010ab497248a4c28aea15c8e,31d360ba96b4065ce5125c0d88765531cc5898ae,,YES,a9cb3b622c22591e1f377cf7805d2ea8488c374a20ef35e59963ae237caa0b49,PARTIAL,BOUND_BY_EFFECTIVE_CONFIG,Hidden_state|bbox_geometry,Profile override frozen by a development authority before its authority run.,SUFFICIENT_WITH_DEVELOPMENT_SCOPE_LIMITATION,FROZEN_RECORDED_VALUE_OR_GAP,Historical applicability/effective rows are not executable-parity proven.
HISTORICAL_H5B_H4_20260719,Hidden_state,near_wall_hidden_geometry_max_gap_frames,30,frames,PREDECLARED_DEVELOPMENT_SELECTION,docs/tracking/historical_h5b_h4_executable_reproduction/HISTORICAL_H5B_H4_EXECUTABLE_CONFIG_20260729.json,0921f55f9e58beb17671c197c86cd55a4fe280e1010ab497248a4c28aea15c8e,31d360ba96b4065ce5125c0d88765531cc5898ae,,YES,a9cb3b622c22591e1f377cf7805d2ea8488c374a20ef35e59963ae237caa0b49,PARTIAL,BOUND_BY_EFFECTIVE_CONFIG,Hidden_state|bbox_geometry|runtime,Profile override frozen by a development authority before its authority run.,SUFFICIENT_WITH_DEVELOPMENT_SCOPE_LIMITATION,FROZEN_RECORDED_VALUE_OR_GAP,Historical applicability/effective rows are not executable-parity proven.
HISTORICAL_H5B_H4_20260719,Hidden_state,near_wall_hidden_geometry_min_width_excess,0.08,unitless,PREDECLARED_DEVELOPMENT_SELECTION,docs/tracking/historical_h5b_h4_executable_reproduction/HISTORICAL_H5B_H4_EXECUTABLE_CONFIG_20260729.json,0921f55f9e58beb17671c197c86cd55a4fe280e1010ab497248a4c28aea15c8e,31d360ba96b4065ce5125c0d88765531cc5898ae,,YES,a9cb3b622c22591e1f377cf7805d2ea8488c374a20ef35e59963ae237caa0b49,PARTIAL,BOUND_BY_EFFECTIVE_CONFIG,Hidden_state|bbox_geometry,Profile override frozen by a development authority before its authority run.,SUFFICIENT_WITH_DEVELOPMENT_SCOPE_LIMITATION,FROZEN_RECORDED_VALUE_OR_GAP,Historical applicability/effective rows are not executable-parity proven.
HISTORICAL_H5B_H4_20260719,Hidden_state,near_wall_hidden_geometry_original_weight,0.5,unitless,PREDECLARED_DEVELOPMENT_SELECTION,docs/tracking/historical_h5b_h4_executable_reproduction/HISTORICAL_H5B_H4_EXECUTABLE_CONFIG_20260729.json,0921f55f9e58beb17671c197c86cd55a4fe280e1010ab497248a4c28aea15c8e,31d360ba96b4065ce5125c0d88765531cc5898ae,,YES,a9cb3b622c22591e1f377cf7805d2ea8488c374a20ef35e59963ae237caa0b49,PARTIAL,BOUND_BY_EFFECTIVE_CONFIG,Hidden_state|bbox_geometry,Profile override frozen by a development authority before its authority run.,SUFFICIENT_WITH_DEVELOPMENT_SCOPE_LIMITATION,FROZEN_RECORDED_VALUE_OR_GAP,Historical applicability/effective rows are not executable-parity proven.
HISTORICAL_H5B_H4_20260719,Hidden_state,near_wall_hidden_geometry_refine,true,boolean,PREDECLARED_DEVELOPMENT_SELECTION,docs/tracking/historical_h5b_h4_executable_reproduction/HISTORICAL_H5B_H4_EXECUTABLE_CONFIG_20260729.json,0921f55f9e58beb17671c197c86cd55a4fe280e1010ab497248a4c28aea15c8e,31d360ba96b4065ce5125c0d88765531cc5898ae,,YES,a9cb3b622c22591e1f377cf7805d2ea8488c374a20ef35e59963ae237caa0b49,PARTIAL,BOUND_BY_EFFECTIVE_CONFIG,Hidden_state|bbox_geometry,Profile override frozen by a development authority before its authority run.,SUFFICIENT_WITH_DEVELOPMENT_SCOPE_LIMITATION,FROZEN_RECORDED_VALUE_OR_GAP,Historical applicability/effective rows are not executable-parity proven.
HISTORICAL_H5B_H4_20260719,association,occlusion_reid_bad_match_action,"""reject""",categorical/path,PREDECLARED_DEVELOPMENT_SELECTION,docs/tracking/historical_h5b_h4_executable_reproduction/HISTORICAL_H5B_H4_EXECUTABLE_CONFIG_20260729.json,0921f55f9e58beb17671c197c86cd55a4fe280e1010ab497248a4c28aea15c8e,31d360ba96b4065ce5125c0d88765531cc5898ae,,YES,a9cb3b622c22591e1f377cf7805d2ea8488c374a20ef35e59963ae237caa0b49,PARTIAL,BOUND_BY_EFFECTIVE_CONFIG,association|Hidden_state,Profile override frozen by a development authority before its authority run.,SUFFICIENT_WITH_DEVELOPMENT_SCOPE_LIMITATION,FROZEN_RECORDED_VALUE_OR_GAP,Historical applicability/effective rows are not executable-parity proven.
HISTORICAL_H5B_H4_20260719,association,occlusion_reid_bad_match_max_cost,0.7,unitless,PREDECLARED_DEVELOPMENT_SELECTION,docs/tracking/historical_h5b_h4_executable_reproduction/HISTORICAL_H5B_H4_EXECUTABLE_CONFIG_20260729.json,0921f55f9e58beb17671c197c86cd55a4fe280e1010ab497248a4c28aea15c8e,31d360ba96b4065ce5125c0d88765531cc5898ae,,YES,a9cb3b622c22591e1f377cf7805d2ea8488c374a20ef35e59963ae237caa0b49,PARTIAL,BOUND_BY_EFFECTIVE_CONFIG,association|Hidden_state,Profile override frozen by a development authority before its authority run.,SUFFICIENT_WITH_DEVELOPMENT_SCOPE_LIMITATION,FROZEN_RECORDED_VALUE_OR_GAP,Historical applicability/effective rows are not executable-parity proven.
HISTORICAL_H5B_H4_20260719,association,occlusion_reid_bad_match_max_missed,12,frames,PREDECLARED_DEVELOPMENT_SELECTION,docs/tracking/historical_h5b_h4_executable_reproduction/HISTORICAL_H5B_H4_EXECUTABLE_CONFIG_20260729.json,0921f55f9e58beb17671c197c86cd55a4fe280e1010ab497248a4c28aea15c8e,31d360ba96b4065ce5125c0d88765531cc5898ae,,YES,a9cb3b622c22591e1f377cf7805d2ea8488c374a20ef35e59963ae237caa0b49,PARTIAL,BOUND_BY_EFFECTIVE_CONFIG,association|lifecycle|Hidden_state,Profile override frozen by a development authority before its authority run.,SUFFICIENT_WITH_DEVELOPMENT_SCOPE_LIMITATION,FROZEN_RECORDED_VALUE_OR_GAP,Historical applicability/effective rows are not executable-parity proven.
HISTORICAL_H5B_H4_20260719,association,occlusion_reid_bad_match_min_cost,0.55,unitless,PREDECLARED_DEVELOPMENT_SELECTION,docs/tracking/historical_h5b_h4_executable_reproduction/HISTORICAL_H5B_H4_EXECUTABLE_CONFIG_20260729.json,0921f55f9e58beb17671c197c86cd55a4fe280e1010ab497248a4c28aea15c8e,31d360ba96b4065ce5125c0d88765531cc5898ae,,YES,a9cb3b622c22591e1f377cf7805d2ea8488c374a20ef35e59963ae237caa0b49,PARTIAL,BOUND_BY_EFFECTIVE_CONFIG,association|Hidden_state,Profile override frozen by a development authority before its authority run.,SUFFICIENT_WITH_DEVELOPMENT_SCOPE_LIMITATION,FROZEN_RECORDED_VALUE_OR_GAP,Historical applicability/effective rows are not executable-parity proven.
HISTORICAL_H5B_H4_20260719,association,occlusion_reid_bad_match_min_missed,7,frames,PREDECLARED_DEVELOPMENT_SELECTION,docs/tracking/historical_h5b_h4_executable_reproduction/HISTORICAL_H5B_H4_EXECUTABLE_CONFIG_20260729.json,0921f55f9e58beb17671c197c86cd55a4fe280e1010ab497248a4c28aea15c8e,31d360ba96b4065ce5125c0d88765531cc5898ae,,YES,a9cb3b622c22591e1f377cf7805d2ea8488c374a20ef35e59963ae237caa0b49,PARTIAL,BOUND_BY_EFFECTIVE_CONFIG,association|lifecycle|Hidden_state,Profile override frozen by a development authority before its authority run.,SUFFICIENT_WITH_DEVELOPMENT_SCOPE_LIMITATION,FROZEN_RECORDED_VALUE_OR_GAP,Historical applicability/effective rows are not executable-parity proven.
HISTORICAL_H5B_H4_20260719,association,occlusion_reid_bad_match_occlusion_hold_only,true,boolean,PREDECLARED_DEVELOPMENT_SELECTION,docs/tracking/historical_h5b_h4_executable_reproduction/HISTORICAL_H5B_H4_EXECUTABLE_CONFIG_20260729.json,0921f55f9e58beb17671c197c86cd55a4fe280e1010ab497248a4c28aea15c8e,31d360ba96b4065ce5125c0d88765531cc5898ae,,YES,a9cb3b622c22591e1f377cf7805d2ea8488c374a20ef35e59963ae237caa0b49,PARTIAL,BOUND_BY_EFFECTIVE_CONFIG,association|Hidden_state,Profile override frozen by a development authority before its authority run.,SUFFICIENT_WITH_DEVELOPMENT_SCOPE_LIMITATION,FROZEN_RECORDED_VALUE_OR_GAP,Historical applicability/effective rows are not executable-parity proven.
HISTORICAL_H5B_H4_20260719,association,occlusion_reid_bad_match_raw_mismatch_only,true,boolean,PREDECLARED_DEVELOPMENT_SELECTION,docs/tracking/historical_h5b_h4_executable_reproduction/HISTORICAL_H5B_H4_EXECUTABLE_CONFIG_20260729.json,0921f55f9e58beb17671c197c86cd55a4fe280e1010ab497248a4c28aea15c8e,31d360ba96b4065ce5125c0d88765531cc5898ae,,YES,a9cb3b622c22591e1f377cf7805d2ea8488c374a20ef35e59963ae237caa0b49,PARTIAL,BOUND_BY_EFFECTIVE_CONFIG,association|Hidden_state,Profile override frozen by a development authority before its authority run.,SUFFICIENT_WITH_DEVELOPMENT_SCOPE_LIMITATION,FROZEN_RECORDED_VALUE_OR_GAP,Historical applicability/effective rows are not executable-parity proven.
HISTORICAL_H5B_H4_20260719,association,occlusion_reid_bad_match_same_raw_only,false,boolean,PREDECLARED_DEVELOPMENT_SELECTION,docs/tracking/historical_h5b_h4_executable_reproduction/HISTORICAL_H5B_H4_EXECUTABLE_CONFIG_20260729.json,0921f55f9e58beb17671c197c86cd55a4fe280e1010ab497248a4c28aea15c8e,31d360ba96b4065ce5125c0d88765531cc5898ae,,YES,a9cb3b622c22591e1f377cf7805d2ea8488c374a20ef35e59963ae237caa0b49,PARTIAL,BOUND_BY_EFFECTIVE_CONFIG,association|Hidden_state,Profile override frozen by a development authority before its authority run.,SUFFICIENT_WITH_DEVELOPMENT_SCOPE_LIMITATION,FROZEN_RECORDED_VALUE_OR_GAP,Historical applicability/effective rows are not executable-parity proven.
HISTORICAL_H5B_H4_20260719,association,occlusion_reid_bad_match_unowned_raw_only,true,boolean,PREDECLARED_DEVELOPMENT_SELECTION,docs/tracking/historical_h5b_h4_executable_reproduction/HISTORICAL_H5B_H4_EXECUTABLE_CONFIG_20260729.json,0921f55f9e58beb17671c197c86cd55a4fe280e1010ab497248a4c28aea15c8e,31d360ba96b4065ce5125c0d88765531cc5898ae,,YES,a9cb3b622c22591e1f377cf7805d2ea8488c374a20ef35e59963ae237caa0b49,PARTIAL,BOUND_BY_EFFECTIVE_CONFIG,association|Hidden_state,Profile override frozen by a development authority before its authority run.,SUFFICIENT_WITH_DEVELOPMENT_SCOPE_LIMITATION,FROZEN_RECORDED_VALUE_OR_GAP,Historical applicability/effective rows are not executable-parity proven.
HISTORICAL_H5B_H4_20260719,association,occlusion_reid_prefer_gap_over_bad_match,true,boolean,PREDECLARED_DEVELOPMENT_SELECTION,docs/tracking/historical_h5b_h4_executable_reproduction/HISTORICAL_H5B_H4_EXECUTABLE_CONFIG_20260729.json,0921f55f9e58beb17671c197c86cd55a4fe280e1010ab497248a4c28aea15c8e,31d360ba96b4065ce5125c0d88765531cc5898ae,,YES,a9cb3b622c22591e1f377cf7805d2ea8488c374a20ef35e59963ae237caa0b49,PARTIAL,BOUND_BY_EFFECTIVE_CONFIG,association|Hidden_state,Profile override frozen by a development authority before its authority run.,SUFFICIENT_WITH_DEVELOPMENT_SCOPE_LIMITATION,FROZEN_RECORDED_VALUE_OR_GAP,Historical applicability/effective rows are not executable-parity proven.
HISTORICAL_H5B_H4_20260719,bbox_geometry,output.bbox_serialization_decimals,2,count,PREDECLARED_DEVELOPMENT_SELECTION,docs/tracking/historical_h5b_h4_executable_reproduction/HISTORICAL_H5B_H4_EXECUTABLE_CONFIG_20260729.json,0921f55f9e58beb17671c197c86cd55a4fe280e1010ab497248a4c28aea15c8e,31d360ba96b4065ce5125c0d88765531cc5898ae,,YES,a9cb3b622c22591e1f377cf7805d2ea8488c374a20ef35e59963ae237caa0b49,PARTIAL,BOUND_BY_EFFECTIVE_CONFIG,bbox_geometry,Profile override frozen by a development authority before its authority run.,SUFFICIENT_WITH_DEVELOPMENT_SCOPE_LIMITATION,FROZEN_RECORDED_VALUE_OR_GAP,Historical applicability/effective rows are not executable-parity proven.
HISTORICAL_H5B_H4_20260719,runtime,output.frame_indexing,"""ZERO_BASED_0_TO_1799""",frames,PREDECLARED_DEVELOPMENT_SELECTION,docs/tracking/historical_h5b_h4_executable_reproduction/HISTORICAL_H5B_H4_EXECUTABLE_CONFIG_20260729.json,0921f55f9e58beb17671c197c86cd55a4fe280e1010ab497248a4c28aea15c8e,31d360ba96b4065ce5125c0d88765531cc5898ae,,YES,a9cb3b622c22591e1f377cf7805d2ea8488c374a20ef35e59963ae237caa0b49,PARTIAL,BOUND_BY_EFFECTIVE_CONFIG,runtime,Profile override frozen by a development authority before its authority run.,SUFFICIENT_WITH_DEVELOPMENT_SCOPE_LIMITATION,FROZEN_RECORDED_VALUE_OR_GAP,Historical applicability/effective rows are not executable-parity proven.
HISTORICAL_H5B_H4_20260719,engineering_or_indirect,output.schema,"""CVAT video XML 1.1""",categorical/path,DATA_SCHEMA_CONSTRAINT,docs/tracking/historical_h5b_h4_executable_reproduction/HISTORICAL_H5B_H4_EXECUTABLE_CONFIG_20260729.json,0921f55f9e58beb17671c197c86cd55a4fe280e1010ab497248a4c28aea15c8e,31d360ba96b4065ce5125c0d88765531cc5898ae,,YES,a9cb3b622c22591e1f377cf7805d2ea8488c374a20ef35e59963ae237caa0b49,PARTIAL,BOUND_BY_EFFECTIVE_CONFIG,engineering_or_indirect,Bound to the repository data/cache/export schema.,SUFFICIENT,FROZEN_RECORDED_VALUE_OR_GAP,Historical applicability/effective rows are not executable-parity proven.
HISTORICAL_H5B_H4_20260719,engineering_or_indirect,output.write_mp4,false,boolean,PREDECLARED_DEVELOPMENT_SELECTION,docs/tracking/historical_h5b_h4_executable_reproduction/HISTORICAL_H5B_H4_EXECUTABLE_CONFIG_20260729.json,0921f55f9e58beb17671c197c86cd55a4fe280e1010ab497248a4c28aea15c8e,31d360ba96b4065ce5125c0d88765531cc5898ae,,YES,a9cb3b622c22591e1f377cf7805d2ea8488c374a20ef35e59963ae237caa0b49,PARTIAL,BOUND_BY_EFFECTIVE_CONFIG,engineering_or_indirect,Profile override frozen by a development authority before its authority run.,SUFFICIENT_WITH_DEVELOPMENT_SCOPE_LIMITATION,FROZEN_RECORDED_VALUE_OR_GAP,Historical applicability/effective rows are not executable-parity proven.
HISTORICAL_H5B_H4_20260719,bbox_geometry,overlap_small_box_suppression,true,boolean,PREDECLARED_DEVELOPMENT_SELECTION,docs/tracking/historical_h5b_h4_executable_reproduction/HISTORICAL_H5B_H4_EXECUTABLE_CONFIG_20260729.json,0921f55f9e58beb17671c197c86cd55a4fe280e1010ab497248a4c28aea15c8e,31d360ba96b4065ce5125c0d88765531cc5898ae,,YES,a9cb3b622c22591e1f377cf7805d2ea8488c374a20ef35e59963ae237caa0b49,PARTIAL,BOUND_BY_EFFECTIVE_CONFIG,bbox_geometry,Profile override frozen by a development authority before its authority run.,SUFFICIENT_WITH_DEVELOPMENT_SCOPE_LIMITATION,FROZEN_RECORDED_VALUE_OR_GAP,Historical applicability/effective rows are not executable-parity proven.
HISTORICAL_H5B_H4_20260719,association,reentry_unowned_raw_mismatch_episode_action,"""hold""",categorical/path,PREDECLARED_DEVELOPMENT_SELECTION,docs/tracking/historical_h5b_h4_executable_reproduction/HISTORICAL_H5B_H4_EXECUTABLE_CONFIG_20260729.json,0921f55f9e58beb17671c197c86cd55a4fe280e1010ab497248a4c28aea15c8e,31d360ba96b4065ce5125c0d88765531cc5898ae,,YES,a9cb3b622c22591e1f377cf7805d2ea8488c374a20ef35e59963ae237caa0b49,PARTIAL,BOUND_BY_EFFECTIVE_CONFIG,association|lifecycle,Profile override frozen by a development authority before its authority run.,SUFFICIENT_WITH_DEVELOPMENT_SCOPE_LIMITATION,FROZEN_RECORDED_VALUE_OR_GAP,Historical applicability/effective rows are not executable-parity proven.
HISTORICAL_H5B_H4_20260719,association,reentry_unowned_raw_mismatch_episode_max_cost,0.36,unitless,PREDECLARED_DEVELOPMENT_SELECTION,docs/tracking/historical_h5b_h4_executable_reproduction/HISTORICAL_H5B_H4_EXECUTABLE_CONFIG_20260729.json,0921f55f9e58beb17671c197c86cd55a4fe280e1010ab497248a4c28aea15c8e,31d360ba96b4065ce5125c0d88765531cc5898ae,,YES,a9cb3b622c22591e1f377cf7805d2ea8488c374a20ef35e59963ae237caa0b49,PARTIAL,BOUND_BY_EFFECTIVE_CONFIG,association|lifecycle,Profile override frozen by a development authority before its authority run.,SUFFICIENT_WITH_DEVELOPMENT_SCOPE_LIMITATION,FROZEN_RECORDED_VALUE_OR_GAP,Historical applicability/effective rows are not executable-parity proven.
HISTORICAL_H5B_H4_20260719,association,reentry_unowned_raw_mismatch_episode_max_events,8,count,PREDECLARED_DEVELOPMENT_SELECTION,docs/tracking/historical_h5b_h4_executable_reproduction/HISTORICAL_H5B_H4_EXECUTABLE_CONFIG_20260729.json,0921f55f9e58beb17671c197c86cd55a4fe280e1010ab497248a4c28aea15c8e,31d360ba96b4065ce5125c0d88765531cc5898ae,,YES,a9cb3b622c22591e1f377cf7805d2ea8488c374a20ef35e59963ae237caa0b49,PARTIAL,BOUND_BY_EFFECTIVE_CONFIG,association|lifecycle,Profile override frozen by a development authority before its authority run.,SUFFICIENT_WITH_DEVELOPMENT_SCOPE_LIMITATION,FROZEN_RECORDED_VALUE_OR_GAP,Historical applicability/effective rows are not executable-parity proven.
HISTORICAL_H5B_H4_20260719,association,reentry_unowned_raw_mismatch_episode_max_missed,20,frames,PREDECLARED_DEVELOPMENT_SELECTION,docs/tracking/historical_h5b_h4_executable_reproduction/HISTORICAL_H5B_H4_EXECUTABLE_CONFIG_20260729.json,0921f55f9e58beb17671c197c86cd55a4fe280e1010ab497248a4c28aea15c8e,31d360ba96b4065ce5125c0d88765531cc5898ae,,YES,a9cb3b622c22591e1f377cf7805d2ea8488c374a20ef35e59963ae237caa0b49,PARTIAL,BOUND_BY_EFFECTIVE_CONFIG,association|lifecycle,Profile override frozen by a development authority before its authority run.,SUFFICIENT_WITH_DEVELOPMENT_SCOPE_LIMITATION,FROZEN_RECORDED_VALUE_OR_GAP,Historical applicability/effective rows are not executable-parity proven.
HISTORICAL_H5B_H4_20260719,association,reentry_unowned_raw_mismatch_episode_min_missed,1,frames,PREDECLARED_DEVELOPMENT_SELECTION,docs/tracking/historical_h5b_h4_executable_reproduction/HISTORICAL_H5B_H4_EXECUTABLE_CONFIG_20260729.json,0921f55f9e58beb17671c197c86cd55a4fe280e1010ab497248a4c28aea15c8e,31d360ba96b4065ce5125c0d88765531cc5898ae,,YES,a9cb3b622c22591e1f377cf7805d2ea8488c374a20ef35e59963ae237caa0b49,PARTIAL,BOUND_BY_EFFECTIVE_CONFIG,association|lifecycle,Profile override frozen by a development authority before its authority run.,SUFFICIENT_WITH_DEVELOPMENT_SCOPE_LIMITATION,FROZEN_RECORDED_VALUE_OR_GAP,Historical applicability/effective rows are not executable-parity proven.
HISTORICAL_H5B_H4_20260719,association,reentry_unowned_raw_mismatch_episode_reject,true,boolean,PREDECLARED_DEVELOPMENT_SELECTION,docs/tracking/historical_h5b_h4_executable_reproduction/HISTORICAL_H5B_H4_EXECUTABLE_CONFIG_20260729.json,0921f55f9e58beb17671c197c86cd55a4fe280e1010ab497248a4c28aea15c8e,31d360ba96b4065ce5125c0d88765531cc5898ae,,YES,a9cb3b622c22591e1f377cf7805d2ea8488c374a20ef35e59963ae237caa0b49,PARTIAL,BOUND_BY_EFFECTIVE_CONFIG,association|lifecycle,Profile override frozen by a development authority before its authority run.,SUFFICIENT_WITH_DEVELOPMENT_SCOPE_LIMITATION,FROZEN_RECORDED_VALUE_OR_GAP,Historical applicability/effective rows are not executable-parity proven.
HISTORICAL_H5B_H4_20260719,bbox_geometry,refine_boxes,true,boolean,PREDECLARED_DEVELOPMENT_SELECTION,docs/tracking/historical_h5b_h4_executable_reproduction/HISTORICAL_H5B_H4_EXECUTABLE_CONFIG_20260729.json,0921f55f9e58beb17671c197c86cd55a4fe280e1010ab497248a4c28aea15c8e,31d360ba96b4065ce5125c0d88765531cc5898ae,,YES,a9cb3b622c22591e1f377cf7805d2ea8488c374a20ef35e59963ae237caa0b49,PARTIAL,BOUND_BY_EFFECTIVE_CONFIG,bbox_geometry,Profile override frozen by a development authority before its authority run.,SUFFICIENT_WITH_DEVELOPMENT_SCOPE_LIMITATION,FROZEN_RECORDED_VALUE_OR_GAP,Historical applicability/effective rows are not executable-parity proven.
HISTORICAL_H5B_H4_20260719,identity_repair,repair_stage_order,"[""identity_swap_guard"", ""temporal_box_refinement"", ""overlap_hidden_island_stabilization"", ""local_pair_swap_repair"", ""episode_pair_swap_repair"", ""long_pair_swap_repair"", ""suffix_pair_swap_repair"", ""overlap_small_box_suppression"", ""hidden_suffix_id_swap_repair"", ""realtime_motion_pair_stabilizer"", ""near_wall_hidden_geometry_refinement"", ""far_camera_hidden_geometry_refinement""]",frames,PREDECLARED_DEVELOPMENT_SELECTION,docs/tracking/historical_h5b_h4_executable_reproduction/HISTORICAL_H5B_H4_EXECUTABLE_CONFIG_20260729.json,0921f55f9e58beb17671c197c86cd55a4fe280e1010ab497248a4c28aea15c8e,31d360ba96b4065ce5125c0d88765531cc5898ae,,YES,a9cb3b622c22591e1f377cf7805d2ea8488c374a20ef35e59963ae237caa0b49,PARTIAL,BOUND_BY_EFFECTIVE_CONFIG,identity_repair,Profile override frozen by a development authority before its authority run.,SUFFICIENT_WITH_DEVELOPMENT_SCOPE_LIMITATION,FROZEN_RECORDED_VALUE_OR_GAP,Historical applicability/effective rows are not executable-parity proven.
HISTORICAL_H5B_H4_20260719,bbox_geometry,smooth_boxes,true,boolean,PREDECLARED_DEVELOPMENT_SELECTION,docs/tracking/historical_h5b_h4_executable_reproduction/HISTORICAL_H5B_H4_EXECUTABLE_CONFIG_20260729.json,0921f55f9e58beb17671c197c86cd55a4fe280e1010ab497248a4c28aea15c8e,31d360ba96b4065ce5125c0d88765531cc5898ae,,YES,a9cb3b622c22591e1f377cf7805d2ea8488c374a20ef35e59963ae237caa0b49,PARTIAL,BOUND_BY_EFFECTIVE_CONFIG,bbox_geometry,Profile override frozen by a development authority before its authority run.,SUFFICIENT_WITH_DEVELOPMENT_SCOPE_LIMITATION,FROZEN_RECORDED_VALUE_OR_GAP,Historical applicability/effective rows are not executable-parity proven.
HISTORICAL_H5B_H4_20260719,identity_repair,suffix_pair_swap_min_suffix_frames,1500,frames,PREDECLARED_DEVELOPMENT_SELECTION,docs/tracking/historical_h5b_h4_executable_reproduction/HISTORICAL_H5B_H4_EXECUTABLE_CONFIG_20260729.json,0921f55f9e58beb17671c197c86cd55a4fe280e1010ab497248a4c28aea15c8e,31d360ba96b4065ce5125c0d88765531cc5898ae,,YES,a9cb3b622c22591e1f377cf7805d2ea8488c374a20ef35e59963ae237caa0b49,PARTIAL,BOUND_BY_EFFECTIVE_CONFIG,identity_repair|runtime,Profile override frozen by a development authority before its authority run.,SUFFICIENT_WITH_DEVELOPMENT_SCOPE_LIMITATION,FROZEN_RECORDED_VALUE_OR_GAP,Historical applicability/effective rows are not executable-parity proven.
HISTORICAL_H5B_H4_20260719,identity_repair,suffix_pair_swap_repair,true,boolean,PREDECLARED_DEVELOPMENT_SELECTION,docs/tracking/historical_h5b_h4_executable_reproduction/HISTORICAL_H5B_H4_EXECUTABLE_CONFIG_20260729.json,0921f55f9e58beb17671c197c86cd55a4fe280e1010ab497248a4c28aea15c8e,31d360ba96b4065ce5125c0d88765531cc5898ae,,YES,a9cb3b622c22591e1f377cf7805d2ea8488c374a20ef35e59963ae237caa0b49,PARTIAL,BOUND_BY_EFFECTIVE_CONFIG,identity_repair,Profile override frozen by a development authority before its authority run.,SUFFICIENT_WITH_DEVELOPMENT_SCOPE_LIMITATION,FROZEN_RECORDED_VALUE_OR_GAP,Historical applicability/effective rows are not executable-parity proven.
HISTORICAL_H5B_H4_20260719,engineering_or_indirect,unresolved_exact_historical_cache_loader_semantics,"""UNKNOWN""",categorical/path,UNKNOWN_SELECTION_BASIS,docs/tracking/historical_h5b_h4_executable_reproduction/HISTORICAL_H5B_H4_EXECUTABLE_CONFIG_20260729.json,0921f55f9e58beb17671c197c86cd55a4fe280e1010ab497248a4c28aea15c8e,31d360ba96b4065ce5125c0d88765531cc5898ae,,NO,a9cb3b622c22591e1f377cf7805d2ea8488c374a20ef35e59963ae237caa0b49,NO,UNRESOLVED,engineering_or_indirect,No surviving evidence establishes the effective value or rationale.,UNSUPPORTED_OR_UNRECOVERED,FROZEN_RECORDED_VALUE_OR_GAP,Historical applicability/effective rows are not executable-parity proven.
HISTORICAL_H5B_H4_20260719,engineering_or_indirect,unresolved_historical_package_versions,"""UNKNOWN""",frames,UNKNOWN_SELECTION_BASIS,docs/tracking/historical_h5b_h4_executable_reproduction/HISTORICAL_H5B_H4_EXECUTABLE_CONFIG_20260729.json,0921f55f9e58beb17671c197c86cd55a4fe280e1010ab497248a4c28aea15c8e,31d360ba96b4065ce5125c0d88765531cc5898ae,,NO,a9cb3b622c22591e1f377cf7805d2ea8488c374a20ef35e59963ae237caa0b49,NO,UNRESOLVED,engineering_or_indirect,No surviving evidence establishes the effective value or rationale.,UNSUPPORTED_OR_UNRECOVERED,FROZEN_RECORDED_VALUE_OR_GAP,Historical applicability/effective rows are not executable-parity proven.
HISTORICAL_H5B_H4_20260719,engineering_or_indirect,unresolved_historical_runtime_override_precedence,"""UNKNOWN""",categorical/path,UNKNOWN_SELECTION_BASIS,docs/tracking/historical_h5b_h4_executable_reproduction/HISTORICAL_H5B_H4_EXECUTABLE_CONFIG_20260729.json,0921f55f9e58beb17671c197c86cd55a4fe280e1010ab497248a4c28aea15c8e,31d360ba96b4065ce5125c0d88765531cc5898ae,,NO,a9cb3b622c22591e1f377cf7805d2ea8488c374a20ef35e59963ae237caa0b49,NO,UNRESOLVED,engineering_or_indirect,No surviving evidence establishes the effective value or rationale.,UNSUPPORTED_OR_UNRECOVERED,FROZEN_RECORDED_VALUE_OR_GAP,Historical applicability/effective rows are not executable-parity proven.
HISTORICAL_H5B_H4_20260719,detection,unresolved_original_raw_detector_rows,"""UNKNOWN""",categorical/path,UNKNOWN_SELECTION_BASIS,docs/tracking/historical_h5b_h4_executable_reproduction/HISTORICAL_H5B_H4_EXECUTABLE_CONFIG_20260729.json,0921f55f9e58beb17671c197c86cd55a4fe280e1010ab497248a4c28aea15c8e,31d360ba96b4065ce5125c0d88765531cc5898ae,,NO,a9cb3b622c22591e1f377cf7805d2ea8488c374a20ef35e59963ae237caa0b49,NO,UNRESOLVED,detection,No surviving evidence establishes the effective value or rationale.,UNSUPPORTED_OR_UNRECOVERED,FROZEN_RECORDED_VALUE_OR_GAP,Historical applicability/effective rows are not executable-parity proven.
HISTORICAL_H5B_H4_20260719,engineering_or_indirect,unresolved_post_cache_tracker_boundary_rows,"""UNKNOWN""",categorical/path,UNKNOWN_SELECTION_BASIS,docs/tracking/historical_h5b_h4_executable_reproduction/HISTORICAL_H5B_H4_EXECUTABLE_CONFIG_20260729.json,0921f55f9e58beb17671c197c86cd55a4fe280e1010ab497248a4c28aea15c8e,31d360ba96b4065ce5125c0d88765531cc5898ae,,NO,a9cb3b622c22591e1f377cf7805d2ea8488c374a20ef35e59963ae237caa0b49,NO,UNRESOLVED,engineering_or_indirect,No surviving evidence establishes the effective value or rationale.,UNSUPPORTED_OR_UNRECOVERED,FROZEN_RECORDED_VALUE_OR_GAP,Historical applicability/effective rows are not executable-parity proven.
