posture_review_item_id,native_temporal_unit_key,source_type,dataset_id,video_key,source_video_key,object_track_key,pig_id,track_id,recording_date,outer_fold_id,split_role,unit_start_frame,unit_end_frame,label_window_start,label_window_end,observed_frame_start,observed_frame_end
posture_review_0000001,source=cvat_tracking_xml|dataset=cvat_tracking_Pigs281119_000085_30fps|video=Pigs281119_000085_30fps|track_id=1|anchor=180,cvat_tracking_xml,cvat_tracking_Pigs281119_000085_30fps,Pigs281119_000085_30fps,Pigs281119_000085_30fps,source=cvat_tracking_xml|dataset=cvat_tracking_Pigs281119_000085_30fps|video=Pigs281119_000085_30fps|track_id=1,ID_7,1,281119,FOLD_3,exclude|validation,180,185,180,185,180,185
posture_review_0000002,source=cvat_tracking_xml|dataset=cvat_tracking_pigs301119_000329|video=pigs301119_000329|track_id=5|anchor=1056,cvat_tracking_xml,cvat_tracking_pigs301119_000329,pigs301119_000329,pigs301119_000329,source=cvat_tracking_xml|dataset=cvat_tracking_pigs301119_000329|video=pigs301119_000329|track_id=5,ID_3,5,301119,FOLD_2,exclude|train,1056,1061,1056,1061,1056,1061
posture_review_0000003,source=cvat_tracking_xml|dataset=cvat_tracking_Pigs291119_000233|video=Pigs291119_000233|track_id=0|anchor=918,cvat_tracking_xml,cvat_tracking_Pigs291119_000233,Pigs291119_000233,Pigs291119_000233,source=cvat_tracking_xml|dataset=cvat_tracking_Pigs291119_000233|video=Pigs291119_000233|track_id=0,ID_1,0,291119,FOLD_1,exclude|train,918,923,918,923,918,923
posture_review_0000004,source=cvat_tracking_xml|dataset=cvat_tracking_Pigs291119_000226_30fps|video=Pigs291119_000226_30fps|track_id=7|anchor=1332,cvat_tracking_xml,cvat_tracking_Pigs291119_000226_30fps,Pigs291119_000226_30fps,Pigs291119_000226_30fps,source=cvat_tracking_xml|dataset=cvat_tracking_Pigs291119_000226_30fps|video=Pigs291119_000226_30fps|track_id=7,ID_8,7,291119,FOLD_1,exclude|train,1332,1337,1332,1337,1332,1337
posture_review_0000005,source=cvat_tracking_xml|dataset=cvat_tracking_Pigs281119_000085_30fps|video=Pigs281119_000085_30fps|track_id=0|anchor=0,cvat_tracking_xml,cvat_tracking_Pigs281119_000085_30fps,Pigs281119_000085_30fps,Pigs281119_000085_30fps,source=cvat_tracking_xml|dataset=cvat_tracking_Pigs281119_000085_30fps|video=Pigs281119_000085_30fps|track_id=0,ID_8,0,281119,FOLD_3,exclude|validation,0,5,0,5,0,5
posture_review_0000006,source=cvat_tracking_xml|dataset=cvat_tracking_Pigs281119_000085_30fps|video=Pigs281119_000085_30fps|track_id=7|anchor=288,cvat_tracking_xml,cvat_tracking_Pigs281119_000085_30fps,Pigs281119_000085_30fps,Pigs281119_000085_30fps,source=cvat_tracking_xml|dataset=cvat_tracking_Pigs281119_000085_30fps|video=Pigs281119_000085_30fps|track_id=7,ID_1,7,281119,FOLD_3,exclude|validation,288,293,288,293,288,293
posture_review_0000007,source=cvat_tracking_xml|dataset=cvat_tracking_Pigs281119_000085_30fps|video=Pigs281119_000085_30fps|track_id=1|anchor=60,cvat_tracking_xml,cvat_tracking_Pigs281119_000085_30fps,Pigs281119_000085_30fps,Pigs281119_000085_30fps,source=cvat_tracking_xml|dataset=cvat_tracking_Pigs281119_000085_30fps|video=Pigs281119_000085_30fps|track_id=1,ID_7,1,281119,FOLD_3,exclude|validation,60,65,60,65,60,65
posture_review_0000008,source=cvat_tracking_xml|dataset=cvat_tracking_Pigs281119_000085_30fps|video=Pigs281119_000085_30fps|track_id=0|anchor=1104,cvat_tracking_xml,cvat_tracking_Pigs281119_000085_30fps,Pigs281119_000085_30fps,Pigs281119_000085_30fps,source=cvat_tracking_xml|dataset=cvat_tracking_Pigs281119_000085_30fps|video=Pigs281119_000085_30fps|track_id=0,ID_8,0,281119,FOLD_3,exclude|validation,1104,1109,1104,1109,1104,1109
posture_review_0000009,source=cvat_tracking_xml|dataset=cvat_tracking_Pigs281119_000085_30fps|video=Pigs281119_000085_30fps|track_id=7|anchor=1080,cvat_tracking_xml,cvat_tracking_Pigs281119_000085_30fps,Pigs281119_000085_30fps,Pigs281119_000085_30fps,source=cvat_tracking_xml|dataset=cvat_tracking_Pigs281119_000085_30fps|video=Pigs281119_000085_30fps|track_id=7,ID_1,7,281119,FOLD_3,exclude|validation,1080,1085,1080,1085,1080,1085
posture_review_0000010,source=legacy_recovered|dataset=legacy_recovered_16f|video=pigs041219%2F000251|track_id=tracklet_00004449|legacy_sequence,legacy_recovered,legacy_recovered_16f,pigs041219/000251,,source=legacy_recovered|dataset=legacy_recovered_16f|video=pigs041219%2F000251|track_id=tracklet_00004449,ID_3,tracklet_00004449,041219,FOLD_4,train,0,15,0,15,0,15
posture_review_0000011,source=legacy_recovered|dataset=legacy_recovered_16f|video=pigs281119%2F000140|track_id=tracklet_00004152|legacy_sequence,legacy_recovered,legacy_recovered_16f,pigs281119/000140,,source=legacy_recovered|dataset=legacy_recovered_16f|video=pigs281119%2F000140|track_id=tracklet_00004152,ID_6,tracklet_00004152,281119,FOLD_3,validation,0,15,0,15,0,15
posture_review_0000012,source=cvat_tracking_xml|dataset=cvat_tracking_test%20video%20Pigs291119_000302_30fps|video=test%20video%20Pigs291119_000302_30fps|track_id=7|anchor=336,cvat_tracking_xml,cvat_tracking_test video Pigs291119_000302_30fps,test video Pigs291119_000302_30fps,test video Pigs291119_000302_30fps,source=cvat_tracking_xml|dataset=cvat_tracking_test%20video%20Pigs291119_000302_30fps|video=test%20video%20Pigs291119_000302_30fps|track_id=7,ID_8,7,291119,FOLD_1,train,336,341,336,341,336,341
posture_review_0000013,source=legacy_recovered|dataset=legacy_recovered_16f|video=pigs291119%2F000203|track_id=tracklet_00003270|legacy_sequence,legacy_recovered,legacy_recovered_16f,pigs291119/000203,,source=legacy_recovered|dataset=legacy_recovered_16f|video=pigs291119%2F000203|track_id=tracklet_00003270,ID_5,tracklet_00003270,291119,FOLD_1,train,598,613,598,613,598,613
posture_review_0000014,source=legacy_recovered|dataset=legacy_recovered_16f|video=pigs271119%2F000065|track_id=tracklet_00000153|legacy_sequence,legacy_recovered,legacy_recovered_16f,pigs271119/000065,,source=legacy_recovered|dataset=legacy_recovered_16f|video=pigs271119%2F000065|track_id=tracklet_00000153,ID_4,tracklet_00000153,271119,FOLD_4,train,0,15,0,15,0,15
posture_review_0000015,source=legacy_recovered|dataset=legacy_recovered_16f|video=pigs031219%2F000147|track_id=tracklet_00001645|legacy_sequence,legacy_recovered,legacy_recovered_16f,pigs031219/000147,,source=legacy_recovered|dataset=legacy_recovered_16f|video=pigs031219%2F000147|track_id=tracklet_00001645,ID_8,tracklet_00001645,031219,FOLD_4,train,0,15,0,15,0,15
posture_review_0000016,source=legacy_recovered|dataset=legacy_recovered_16f|video=pigs031219%2F000140|track_id=tracklet_00002315|legacy_sequence,legacy_recovered,legacy_recovered_16f,pigs031219/000140,,source=legacy_recovered|dataset=legacy_recovered_16f|video=pigs031219%2F000140|track_id=tracklet_00002315,ID_3,tracklet_00002315,031219,FOLD_4,train,0,15,0,15,0,15
posture_review_0000017,source=legacy_recovered|dataset=legacy_recovered_16f|video=pigs041219%2F000247|track_id=tracklet_00000943|legacy_sequence,legacy_recovered,legacy_recovered_16f,pigs041219/000247,,source=legacy_recovered|dataset=legacy_recovered_16f|video=pigs041219%2F000247|track_id=tracklet_00000943,ID_8,tracklet_00000943,041219,FOLD_4,train,2,17,2,17,2,17
posture_review_0000018,source=legacy_recovered|dataset=legacy_recovered_16f|video=pigs041219%2F000271|track_id=tracklet_00003938|legacy_sequence,legacy_recovered,legacy_recovered_16f,pigs041219/000271,,source=legacy_recovered|dataset=legacy_recovered_16f|video=pigs041219%2F000271|track_id=tracklet_00003938,ID_6,tracklet_00003938,041219,FOLD_4,train,8,23,8,23,8,23
posture_review_0000019,source=cvat_tracking_xml|dataset=cvat_tracking_Pigs291119_000226_30fps|video=Pigs291119_000226_30fps|track_id=3|anchor=606,cvat_tracking_xml,cvat_tracking_Pigs291119_000226_30fps,Pigs291119_000226_30fps,Pigs291119_000226_30fps,source=cvat_tracking_xml|dataset=cvat_tracking_Pigs291119_000226_30fps|video=Pigs291119_000226_30fps|track_id=3,ID_4,3,291119,FOLD_1,train,606,611,606,611,606,611
posture_review_0000020,source=cvat_tracking_xml|dataset=cvat_tracking_test%20video%20Pigs291119_000302_30fps|video=test%20video%20Pigs291119_000302_30fps|track_id=0|anchor=1668,cvat_tracking_xml,cvat_tracking_test video Pigs291119_000302_30fps,test video Pigs291119_000302_30fps,test video Pigs291119_000302_30fps,source=cvat_tracking_xml|dataset=cvat_tracking_test%20video%20Pigs291119_000302_30fps|video=test%20video%20Pigs291119_000302_30fps|track_id=0,ID_1,0,291119,FOLD_1,train,1668,1673,1668,1673,1668,1673
posture_review_0000021,source=cvat_tracking_xml|dataset=cvat_tracking_Pigs291119_000225_30fps.mp4|video=Pigs291119_000225_30fps.mp4|track_id=6|anchor=1002,cvat_tracking_xml,cvat_tracking_Pigs291119_000225_30fps.mp4,Pigs291119_000225_30fps.mp4,Pigs291119_000225_30fps.mp4,source=cvat_tracking_xml|dataset=cvat_tracking_Pigs291119_000225_30fps.mp4|video=Pigs291119_000225_30fps.mp4|track_id=6,ID_7,6,291119,FOLD_1,exclude|train,1002,1007,1002,1007,1002,1007
posture_review_0000022,source=legacy_recovered|dataset=legacy_recovered_16f|video=pigs281119%2F000170|track_id=tracklet_00000771|legacy_sequence,legacy_recovered,legacy_recovered_16f,pigs281119/000170,,source=legacy_recovered|dataset=legacy_recovered_16f|video=pigs281119%2F000170|track_id=tracklet_00000771,ID_6,tracklet_00000771,281119,FOLD_3,validation,0,15,0,15,0,15
posture_review_0000023,source=cvat_tracking_xml|dataset=cvat_tracking_pigs301119_000328|video=pigs301119_000328|track_id=1|anchor=390,cvat_tracking_xml,cvat_tracking_pigs301119_000328,pigs301119_000328,pigs301119_000328,source=cvat_tracking_xml|dataset=cvat_tracking_pigs301119_000328|video=pigs301119_000328|track_id=1,ID_7,1,301119,FOLD_2,train,390,395,390,395,390,395
posture_review_0000024,source=legacy_recovered|dataset=legacy_recovered_16f|video=pigs271119%2F000037|track_id=tracklet_00003895|legacy_sequence,legacy_recovered,legacy_recovered_16f,pigs271119/000037,,source=legacy_recovered|dataset=legacy_recovered_16f|video=pigs271119%2F000037|track_id=tracklet_00003895,ID_1,tracklet_00003895,271119,FOLD_4,train,598,613,598,613,598,613
posture_review_0000025,source=cvat_tracking_xml|dataset=cvat_tracking_test%20video%20Pigs291119_000302_30fps|video=test%20video%20Pigs291119_000302_30fps|track_id=7|anchor=846,cvat_tracking_xml,cvat_tracking_test video Pigs291119_000302_30fps,test video Pigs291119_000302_30fps,test video Pigs291119_000302_30fps,source=cvat_tracking_xml|dataset=cvat_tracking_test%20video%20Pigs291119_000302_30fps|video=test%20video%20Pigs291119_000302_30fps|track_id=7,ID_8,7,291119,FOLD_1,train,846,851,846,851,846,851
posture_review_0000026,source=legacy_recovered|dataset=legacy_recovered_16f|video=pigs281119%2F000199|track_id=tracklet_00003826|legacy_sequence,legacy_recovered,legacy_recovered_16f,pigs281119/000199,,source=legacy_recovered|dataset=legacy_recovered_16f|video=pigs281119%2F000199|track_id=tracklet_00003826,ID_5,tracklet_00003826,281119,FOLD_3,validation,0,15,0,15,0,15
posture_review_0000027,source=legacy_recovered|dataset=legacy_recovered_16f|video=pigs031219%2F000151|track_id=tracklet_00003992|legacy_sequence,legacy_recovered,legacy_recovered_16f,pigs031219/000151,,source=legacy_recovered|dataset=legacy_recovered_16f|video=pigs031219%2F000151|track_id=tracklet_00003992,ID_8,tracklet_00003992,031219,FOLD_4,train,0,15,0,15,0,15
posture_review_0000028,source=cvat_tracking_xml|dataset=cvat_tracking_Pigs281119_000085_30fps|video=Pigs281119_000085_30fps|track_id=7|anchor=1284,cvat_tracking_xml,cvat_tracking_Pigs281119_000085_30fps,Pigs281119_000085_30fps,Pigs281119_000085_30fps,source=cvat_tracking_xml|dataset=cvat_tracking_Pigs281119_000085_30fps|video=Pigs281119_000085_30fps|track_id=7,ID_1,7,281119,FOLD_3,validation,1284,1289,1284,1289,1284,1289
posture_review_0000029,source=legacy_recovered|dataset=legacy_recovered_16f|video=pigs281119%2F000188|track_id=tracklet_00003794|legacy_sequence,legacy_recovered,legacy_recovered_16f,pigs281119/000188,,source=legacy_recovered|dataset=legacy_recovered_16f|video=pigs281119%2F000188|track_id=tracklet_00003794,ID_8,tracklet_00003794,281119,FOLD_3,validation,602,617,602,617,602,617
posture_review_0000030,source=legacy_recovered|dataset=legacy_recovered_16f|video=pigs041219%2F000219|track_id=tracklet_00002480|legacy_sequence,legacy_recovered,legacy_recovered_16f,pigs041219/000219,,source=legacy_recovered|dataset=legacy_recovered_16f|video=pigs041219%2F000219|track_id=tracklet_00002480,ID_2,tracklet_00002480,041219,FOLD_4,train,3,18,3,18,3,18
posture_review_0000031,source=legacy_recovered|dataset=legacy_recovered_16f|video=pigs271119%2F000056|track_id=tracklet_00000812|legacy_sequence,legacy_recovered,legacy_recovered_16f,pigs271119/000056,,source=legacy_recovered|dataset=legacy_recovered_16f|video=pigs271119%2F000056|track_id=tracklet_00000812,ID_5,tracklet_00000812,271119,FOLD_4,train,54,69,54,69,54,69
posture_review_0000032,source=legacy_recovered|dataset=legacy_recovered_16f|video=pigs271119%2F000018|track_id=tracklet_00003340|legacy_sequence,legacy_recovered,legacy_recovered_16f,pigs271119/000018,,source=legacy_recovered|dataset=legacy_recovered_16f|video=pigs271119%2F000018|track_id=tracklet_00003340,ID_2,tracklet_00003340,271119,FOLD_4,train,0,15,0,15,0,15
posture_review_0000033,source=cvat_tracking_xml|dataset=cvat_tracking_test%20video%20Pigs291119_000302_30fps|video=test%20video%20Pigs291119_000302_30fps|track_id=7|anchor=894,cvat_tracking_xml,cvat_tracking_test video Pigs291119_000302_30fps,test video Pigs291119_000302_30fps,test video Pigs291119_000302_30fps,source=cvat_tracking_xml|dataset=cvat_tracking_test%20video%20Pigs291119_000302_30fps|video=test%20video%20Pigs291119_000302_30fps|track_id=7,ID_8,7,291119,FOLD_1,train,894,899,894,899,894,899
posture_review_0000034,source=cvat_tracking_xml|dataset=cvat_tracking_test%20video%20Pigs291119_000302_30fps|video=test%20video%20Pigs291119_000302_30fps|track_id=0|anchor=864,cvat_tracking_xml,cvat_tracking_test video Pigs291119_000302_30fps,test video Pigs291119_000302_30fps,test video Pigs291119_000302_30fps,source=cvat_tracking_xml|dataset=cvat_tracking_test%20video%20Pigs291119_000302_30fps|video=test%20video%20Pigs291119_000302_30fps|track_id=0,ID_1,0,291119,FOLD_1,train,864,869,864,869,864,869
posture_review_0000035,source=legacy_recovered|dataset=legacy_recovered_16f|video=pigs161119%2F000076|track_id=tracklet_00002742|legacy_sequence,legacy_recovered,legacy_recovered_16f,pigs161119/000076,,source=legacy_recovered|dataset=legacy_recovered_16f|video=pigs161119%2F000076|track_id=tracklet_00002742,ID_7,tracklet_00002742,161119,FOLD_4,train,0,15,0,15,0,15
posture_review_0000036,source=legacy_recovered|dataset=legacy_recovered_16f|video=pigs161119%2F000074|track_id=tracklet_00000848|legacy_sequence,legacy_recovered,legacy_recovered_16f,pigs161119/000074,,source=legacy_recovered|dataset=legacy_recovered_16f|video=pigs161119%2F000074|track_id=tracklet_00000848,ID_1,tracklet_00000848,161119,FOLD_4,train,5,20,5,20,5,20
posture_review_0000037,source=cvat_tracking_xml|dataset=cvat_tracking_Pigs291119_000233|video=Pigs291119_000233|track_id=6|anchor=1068,cvat_tracking_xml,cvat_tracking_Pigs291119_000233,Pigs291119_000233,Pigs291119_000233,source=cvat_tracking_xml|dataset=cvat_tracking_Pigs291119_000233|video=Pigs291119_000233|track_id=6,ID_7,6,291119,FOLD_1,exclude|train,1068,1073,1068,1073,1068,1073
posture_review_0000038,source=legacy_recovered|dataset=legacy_recovered_16f|video=pigs271119%2F000066|track_id=tracklet_00001050|legacy_sequence,legacy_recovered,legacy_recovered_16f,pigs271119/000066,,source=legacy_recovered|dataset=legacy_recovered_16f|video=pigs271119%2F000066|track_id=tracklet_00001050,ID_3,tracklet_00001050,271119,FOLD_4,train,0,15,0,15,0,15
posture_review_0000039,source=cvat_tracking_xml|dataset=cvat_tracking_Pigs291119_000231|video=Pigs291119_000231|track_id=0|anchor=60,cvat_tracking_xml,cvat_tracking_Pigs291119_000231,Pigs291119_000231,Pigs291119_000231,source=cvat_tracking_xml|dataset=cvat_tracking_Pigs291119_000231|video=Pigs291119_000231|track_id=0,ID_1,0,291119,FOLD_1,train,60,65,60,65,60,65
posture_review_0000040,source=legacy_recovered|dataset=legacy_recovered_16f|video=pigs271119%2F000039|track_id=tracklet_00002478|legacy_sequence,legacy_recovered,legacy_recovered_16f,pigs271119/000039,,source=legacy_recovered|dataset=legacy_recovered_16f|video=pigs271119%2F000039|track_id=tracklet_00002478,ID_8,tracklet_00002478,271119,FOLD_4,train,0,15,0,15,0,15
posture_review_0000041,source=cvat_tracking_xml|dataset=cvat_tracking_test%20video%20Pigs291119_000302_30fps|video=test%20video%20Pigs291119_000302_30fps|track_id=7|anchor=558,cvat_tracking_xml,cvat_tracking_test video Pigs291119_000302_30fps,test video Pigs291119_000302_30fps,test video Pigs291119_000302_30fps,source=cvat_tracking_xml|dataset=cvat_tracking_test%20video%20Pigs291119_000302_30fps|video=test%20video%20Pigs291119_000302_30fps|track_id=7,ID_8,7,291119,FOLD_1,train,558,563,558,563,558,563
posture_review_0000042,source=legacy_recovered|dataset=legacy_recovered_16f|video=pigs041219%2F000236|track_id=tracklet_00002211|legacy_sequence,legacy_recovered,legacy_recovered_16f,pigs041219/000236,,source=legacy_recovered|dataset=legacy_recovered_16f|video=pigs041219%2F000236|track_id=tracklet_00002211,ID_2,tracklet_00002211,041219,FOLD_4,train,2,17,2,17,2,17
posture_review_0000043,source=cvat_tracking_xml|dataset=cvat_tracking_Pigs281119_000085_30fps|video=Pigs281119_000085_30fps|track_id=5|anchor=66,cvat_tracking_xml,cvat_tracking_Pigs281119_000085_30fps,Pigs281119_000085_30fps,Pigs281119_000085_30fps,source=cvat_tracking_xml|dataset=cvat_tracking_Pigs281119_000085_30fps|video=Pigs281119_000085_30fps|track_id=5,ID_3,5,281119,FOLD_3,validation,66,71,66,71,66,71
posture_review_0000044,source=cvat_tracking_xml|dataset=cvat_tracking_test%20video%20Pigs291119_000302_30fps|video=test%20video%20Pigs291119_000302_30fps|track_id=0|anchor=1308,cvat_tracking_xml,cvat_tracking_test video Pigs291119_000302_30fps,test video Pigs291119_000302_30fps,test video Pigs291119_000302_30fps,source=cvat_tracking_xml|dataset=cvat_tracking_test%20video%20Pigs291119_000302_30fps|video=test%20video%20Pigs291119_000302_30fps|track_id=0,ID_1,0,291119,FOLD_1,train,1308,1313,1308,1313,1308,1313
posture_review_0000045,source=cvat_tracking_xml|dataset=cvat_tracking_test%20video%20Pigs291119_000302_30fps|video=test%20video%20Pigs291119_000302_30fps|track_id=7|anchor=1596,cvat_tracking_xml,cvat_tracking_test video Pigs291119_000302_30fps,test video Pigs291119_000302_30fps,test video Pigs291119_000302_30fps,source=cvat_tracking_xml|dataset=cvat_tracking_test%20video%20Pigs291119_000302_30fps|video=test%20video%20Pigs291119_000302_30fps|track_id=7,ID_8,7,291119,FOLD_1,train,1596,1601,1596,1601,1596,1601
posture_review_0000046,source=legacy_recovered|dataset=legacy_recovered_16f|video=pigs281119%2F000181|track_id=tracklet_00004134|legacy_sequence,legacy_recovered,legacy_recovered_16f,pigs281119/000181,,source=legacy_recovered|dataset=legacy_recovered_16f|video=pigs281119%2F000181|track_id=tracklet_00004134,ID_8,tracklet_00004134,281119,FOLD_3,validation,0,15,0,15,0,15
posture_review_0000047,source=cvat_tracking_xml|dataset=cvat_tracking_Pigs291119_000233|video=Pigs291119_000233|track_id=0|anchor=678,cvat_tracking_xml,cvat_tracking_Pigs291119_000233,Pigs291119_000233,Pigs291119_000233,source=cvat_tracking_xml|dataset=cvat_tracking_Pigs291119_000233|video=Pigs291119_000233|track_id=0,ID_1,0,291119,FOLD_1,train,678,683,678,683,678,683
posture_review_0000048,source=cvat_tracking_xml|dataset=cvat_tracking_test%20video%20Pigs291119_000302_30fps|video=test%20video%20Pigs291119_000302_30fps|track_id=7|anchor=486,cvat_tracking_xml,cvat_tracking_test video Pigs291119_000302_30fps,test video Pigs291119_000302_30fps,test video Pigs291119_000302_30fps,source=cvat_tracking_xml|dataset=cvat_tracking_test%20video%20Pigs291119_000302_30fps|video=test%20video%20Pigs291119_000302_30fps|track_id=7,ID_8,7,291119,FOLD_1,exclude|train,486,491,486,491,486,491
posture_review_0000049,source=cvat_tracking_xml|dataset=cvat_tracking_test%20video%20Pigs291119_000302_30fps|video=test%20video%20Pigs291119_000302_30fps|track_id=7|anchor=1380,cvat_tracking_xml,cvat_tracking_test video Pigs291119_000302_30fps,test video Pigs291119_000302_30fps,test video Pigs291119_000302_30fps,source=cvat_tracking_xml|dataset=cvat_tracking_test%20video%20Pigs291119_000302_30fps|video=test%20video%20Pigs291119_000302_30fps|track_id=7,ID_8,7,291119,FOLD_1,train,1380,1385,1380,1385,1380,1385
posture_review_0000050,source=legacy_recovered|dataset=legacy_recovered_16f|video=pigs041219%2F000273|track_id=tracklet_00001132|legacy_sequence,legacy_recovered,legacy_recovered_16f,pigs041219/000273,,source=legacy_recovered|dataset=legacy_recovered_16f|video=pigs041219%2F000273|track_id=tracklet_00001132,ID_4,tracklet_00001132,041219,FOLD_4,train,0,15,0,15,0,15
posture_review_0000051,source=cvat_tracking_xml|dataset=cvat_tracking_Pigs291119_000225_30fps.mp4|video=Pigs291119_000225_30fps.mp4|track_id=2|anchor=312,cvat_tracking_xml,cvat_tracking_Pigs291119_000225_30fps.mp4,Pigs291119_000225_30fps.mp4,Pigs291119_000225_30fps.mp4,source=cvat_tracking_xml|dataset=cvat_tracking_Pigs291119_000225_30fps.mp4|video=Pigs291119_000225_30fps.mp4|track_id=2,ID_3,2,291119,FOLD_1,exclude|train,312,317,312,317,312,317
posture_review_0000052,source=cvat_tracking_xml|dataset=cvat_tracking_Pigs291119_000231|video=Pigs291119_000231|track_id=0|anchor=168,cvat_tracking_xml,cvat_tracking_Pigs291119_000231,Pigs291119_000231,Pigs291119_000231,source=cvat_tracking_xml|dataset=cvat_tracking_Pigs291119_000231|video=Pigs291119_000231|track_id=0,ID_1,0,291119,FOLD_1,train,168,173,168,173,168,173
posture_review_0000053,source=cvat_tracking_xml|dataset=cvat_tracking_Pigs291119_000231|video=Pigs291119_000231|track_id=0|anchor=1200,cvat_tracking_xml,cvat_tracking_Pigs291119_000231,Pigs291119_000231,Pigs291119_000231,source=cvat_tracking_xml|dataset=cvat_tracking_Pigs291119_000231|video=Pigs291119_000231|track_id=0,ID_1,0,291119,FOLD_1,train,1200,1205,1200,1205,1200,1205
posture_review_0000054,source=legacy_recovered|dataset=legacy_recovered_16f|video=pigs031219%2F000125|track_id=tracklet_00001670|legacy_sequence,legacy_recovered,legacy_recovered_16f,pigs031219/000125,,source=legacy_recovered|dataset=legacy_recovered_16f|video=pigs031219%2F000125|track_id=tracklet_00001670,ID_2,tracklet_00001670,031219,FOLD_4,train,0,15,0,15,0,15
posture_review_0000055,source=legacy_recovered|dataset=legacy_recovered_16f|video=pigs051219%2F000324|track_id=tracklet_00004118|legacy_sequence,legacy_recovered,legacy_recovered_16f,pigs051219/000324,,source=legacy_recovered|dataset=legacy_recovered_16f|video=pigs051219%2F000324|track_id=tracklet_00004118,ID_3,tracklet_00004118,051219,FOLD_4,train,0,15,0,15,0,15
posture_review_0000056,source=cvat_tracking_xml|dataset=cvat_tracking_test%20video%20Pigs291119_000302_30fps|video=test%20video%20Pigs291119_000302_30fps|track_id=7|anchor=1668,cvat_tracking_xml,cvat_tracking_test video Pigs291119_000302_30fps,test video Pigs291119_000302_30fps,test video Pigs291119_000302_30fps,source=cvat_tracking_xml|dataset=cvat_tracking_test%20video%20Pigs291119_000302_30fps|video=test%20video%20Pigs291119_000302_30fps|track_id=7,ID_8,7,291119,FOLD_1,train,1668,1673,1668,1673,1668,1673
posture_review_0000057,source=legacy_recovered|dataset=legacy_recovered_16f|video=pigs081119%2F000332|track_id=tracklet_00001752|legacy_sequence,legacy_recovered,legacy_recovered_16f,pigs081119/000332,,source=legacy_recovered|dataset=legacy_recovered_16f|video=pigs081119%2F000332|track_id=tracklet_00001752,ID_5,tracklet_00001752,081119,FOLD_4,train,0,15,0,15,0,15
posture_review_0000058,source=cvat_tracking_xml|dataset=cvat_tracking_Pigs291119_000233|video=Pigs291119_000233|track_id=3|anchor=1710,cvat_tracking_xml,cvat_tracking_Pigs291119_000233,Pigs291119_000233,Pigs291119_000233,source=cvat_tracking_xml|dataset=cvat_tracking_Pigs291119_000233|video=Pigs291119_000233|track_id=3,ID_4,3,291119,FOLD_1,train,1710,1715,1710,1715,1710,1715
posture_review_0000059,source=legacy_recovered|dataset=legacy_recovered_16f|video=pigs041219%2F000275|track_id=tracklet_00002111|legacy_sequence,legacy_recovered,legacy_recovered_16f,pigs041219/000275,,source=legacy_recovered|dataset=legacy_recovered_16f|video=pigs041219%2F000275|track_id=tracklet_00002111,ID_3,tracklet_00002111,041219,FOLD_4,train,10,25,10,25,10,25
posture_review_0000060,source=legacy_recovered|dataset=legacy_recovered_16f|video=pigs091119%2F000440|track_id=tracklet_00001185|legacy_sequence,legacy_recovered,legacy_recovered_16f,pigs091119/000440,,source=legacy_recovered|dataset=legacy_recovered_16f|video=pigs091119%2F000440|track_id=tracklet_00001185,ID_2,tracklet_00001185,091119,FOLD_4,train,0,15,0,15,0,15
posture_review_0000061,source=cvat_tracking_xml|dataset=cvat_tracking_Pigs291119_000233|video=Pigs291119_000233|track_id=0|anchor=282,cvat_tracking_xml,cvat_tracking_Pigs291119_000233,Pigs291119_000233,Pigs291119_000233,source=cvat_tracking_xml|dataset=cvat_tracking_Pigs291119_000233|video=Pigs291119_000233|track_id=0,ID_1,0,291119,FOLD_1,train,282,287,282,287,282,287
posture_review_0000062,source=cvat_tracking_xml|dataset=cvat_tracking_test%20video%20Pigs291119_000302_30fps|video=test%20video%20Pigs291119_000302_30fps|track_id=7|anchor=1734,cvat_tracking_xml,cvat_tracking_test video Pigs291119_000302_30fps,test video Pigs291119_000302_30fps,test video Pigs291119_000302_30fps,source=cvat_tracking_xml|dataset=cvat_tracking_test%20video%20Pigs291119_000302_30fps|video=test%20video%20Pigs291119_000302_30fps|track_id=7,ID_8,7,291119,FOLD_1,train,1734,1739,1734,1739,1734,1739
posture_review_0000063,source=cvat_tracking_xml|dataset=cvat_tracking_Pigs281119_000114_30fps|video=Pigs281119_000114_30fps|track_id=4|anchor=1146,cvat_tracking_xml,cvat_tracking_Pigs281119_000114_30fps,Pigs281119_000114_30fps,Pigs281119_000114_30fps,source=cvat_tracking_xml|dataset=cvat_tracking_Pigs281119_000114_30fps|video=Pigs281119_000114_30fps|track_id=4,ID_5,4,281119,FOLD_3,exclude|validation,1146,1151,1146,1151,1146,1151
posture_review_0000064,source=legacy_recovered|dataset=legacy_recovered_16f|video=pigs271119%2F000010|track_id=tracklet_00002087|legacy_sequence,legacy_recovered,legacy_recovered_16f,pigs271119/000010,,source=legacy_recovered|dataset=legacy_recovered_16f|video=pigs271119%2F000010|track_id=tracklet_00002087,ID_4,tracklet_00002087,271119,FOLD_4,train,612,627,612,627,612,627
posture_review_0000065,source=legacy_recovered|dataset=legacy_recovered_16f|video=pigs271119%2F000056|track_id=tracklet_00000813|legacy_sequence,legacy_recovered,legacy_recovered_16f,pigs271119/000056,,source=legacy_recovered|dataset=legacy_recovered_16f|video=pigs271119%2F000056|track_id=tracklet_00000813,ID_6,tracklet_00000813,271119,FOLD_4,train,54,69,54,69,54,69
posture_review_0000066,source=legacy_recovered|dataset=legacy_recovered_16f|video=pigs041219%2F000274|track_id=tracklet_00000526|legacy_sequence,legacy_recovered,legacy_recovered_16f,pigs041219/000274,,source=legacy_recovered|dataset=legacy_recovered_16f|video=pigs041219%2F000274|track_id=tracklet_00000526,ID_7,tracklet_00000526,041219,FOLD_4,train,7,22,7,22,7,22
posture_review_0000067,source=cvat_tracking_xml|dataset=cvat_tracking_Pigs291119_000233|video=Pigs291119_000233|track_id=3|anchor=1704,cvat_tracking_xml,cvat_tracking_Pigs291119_000233,Pigs291119_000233,Pigs291119_000233,source=cvat_tracking_xml|dataset=cvat_tracking_Pigs291119_000233|video=Pigs291119_000233|track_id=3,ID_4,3,291119,FOLD_1,train,1704,1709,1704,1709,1704,1709
posture_review_0000068,source=legacy_recovered|dataset=legacy_recovered_16f|video=pigs091119%2F000454|track_id=tracklet_00001905|legacy_sequence,legacy_recovered,legacy_recovered_16f,pigs091119/000454,,source=legacy_recovered|dataset=legacy_recovered_16f|video=pigs091119%2F000454|track_id=tracklet_00001905,ID_3,tracklet_00001905,091119,FOLD_4,train,9,24,9,24,9,24
posture_review_0000069,source=cvat_tracking_xml|dataset=cvat_tracking_Pigs291119_000226_30fps|video=Pigs291119_000226_30fps|track_id=6|anchor=1464,cvat_tracking_xml,cvat_tracking_Pigs291119_000226_30fps,Pigs291119_000226_30fps,Pigs291119_000226_30fps,source=cvat_tracking_xml|dataset=cvat_tracking_Pigs291119_000226_30fps|video=Pigs291119_000226_30fps|track_id=6,ID_7,6,291119,FOLD_1,train,1464,1469,1464,1469,1464,1469
posture_review_0000070,source=cvat_tracking_xml|dataset=cvat_tracking_test%20video%20Pigs291119_000302_30fps|video=test%20video%20Pigs291119_000302_30fps|track_id=7|anchor=12,cvat_tracking_xml,cvat_tracking_test video Pigs291119_000302_30fps,test video Pigs291119_000302_30fps,test video Pigs291119_000302_30fps,source=cvat_tracking_xml|dataset=cvat_tracking_test%20video%20Pigs291119_000302_30fps|video=test%20video%20Pigs291119_000302_30fps|track_id=7,ID_8,7,291119,FOLD_1,train,12,17,12,17,12,17
posture_review_0000071,source=cvat_tracking_xml|dataset=cvat_tracking_Pigs291119_000226_30fps|video=Pigs291119_000226_30fps|track_id=3|anchor=660,cvat_tracking_xml,cvat_tracking_Pigs291119_000226_30fps,Pigs291119_000226_30fps,Pigs291119_000226_30fps,source=cvat_tracking_xml|dataset=cvat_tracking_Pigs291119_000226_30fps|video=Pigs291119_000226_30fps|track_id=3,ID_4,3,291119,FOLD_1,train,660,665,660,665,660,665
posture_review_0000072,source=cvat_tracking_xml|dataset=cvat_tracking_Pigs291119_000233|video=Pigs291119_000233|track_id=0|anchor=354,cvat_tracking_xml,cvat_tracking_Pigs291119_000233,Pigs291119_000233,Pigs291119_000233,source=cvat_tracking_xml|dataset=cvat_tracking_Pigs291119_000233|video=Pigs291119_000233|track_id=0,ID_1,0,291119,FOLD_1,train,354,359,354,359,354,359
posture_review_0000073,source=legacy_recovered|dataset=legacy_recovered_16f|video=pigs271119%2F000070|track_id=tracklet_00000604|legacy_sequence,legacy_recovered,legacy_recovered_16f,pigs271119/000070,,source=legacy_recovered|dataset=legacy_recovered_16f|video=pigs271119%2F000070|track_id=tracklet_00000604,ID_6,tracklet_00000604,271119,FOLD_4,train,0,15,0,15,0,15
posture_review_0000074,source=legacy_recovered|dataset=legacy_recovered_16f|video=pigs281119%2F000145|track_id=tracklet_00001856|legacy_sequence,legacy_recovered,legacy_recovered_16f,pigs281119/000145,,source=legacy_recovered|dataset=legacy_recovered_16f|video=pigs281119%2F000145|track_id=tracklet_00001856,ID_2,tracklet_00001856,281119,FOLD_3,validation,0,15,0,15,0,15
posture_review_0000075,source=legacy_recovered|dataset=legacy_recovered_16f|video=pigs281119%2F000153|track_id=tracklet_00004172|legacy_sequence,legacy_recovered,legacy_recovered_16f,pigs281119/000153,,source=legacy_recovered|dataset=legacy_recovered_16f|video=pigs281119%2F000153|track_id=tracklet_00004172,ID_2,tracklet_00004172,281119,FOLD_3,validation,604,619,604,619,604,619
posture_review_0000076,source=legacy_recovered|dataset=legacy_recovered_16f|video=pigs041219%2F000194|track_id=tracklet_00001952|legacy_sequence,legacy_recovered,legacy_recovered_16f,pigs041219/000194,,source=legacy_recovered|dataset=legacy_recovered_16f|video=pigs041219%2F000194|track_id=tracklet_00001952,ID_3,tracklet_00001952,041219,FOLD_4,train,0,15,0,15,0,15
posture_review_0000077,source=legacy_recovered|dataset=legacy_recovered_16f|video=pigs151119%2F000066|track_id=tracklet_00003151|legacy_sequence,legacy_recovered,legacy_recovered_16f,pigs151119/000066,,source=legacy_recovered|dataset=legacy_recovered_16f|video=pigs151119%2F000066|track_id=tracklet_00003151,ID_8,tracklet_00003151,151119,FOLD_4,train,0,15,0,15,0,15
posture_review_0000078,source=cvat_tracking_xml|dataset=cvat_tracking_test%20video%20Pigs291119_000302_30fps|video=test%20video%20Pigs291119_000302_30fps|track_id=0|anchor=1428,cvat_tracking_xml,cvat_tracking_test video Pigs291119_000302_30fps,test video Pigs291119_000302_30fps,test video Pigs291119_000302_30fps,source=cvat_tracking_xml|dataset=cvat_tracking_test%20video%20Pigs291119_000302_30fps|video=test%20video%20Pigs291119_000302_30fps|track_id=0,ID_1,0,291119,FOLD_1,train,1428,1433,1428,1433,1428,1433
posture_review_0000079,source=cvat_tracking_xml|dataset=cvat_tracking_Pigs291119_000231|video=Pigs291119_000231|track_id=0|anchor=462,cvat_tracking_xml,cvat_tracking_Pigs291119_000231,Pigs291119_000231,Pigs291119_000231,source=cvat_tracking_xml|dataset=cvat_tracking_Pigs291119_000231|video=Pigs291119_000231|track_id=0,ID_1,0,291119,FOLD_1,train,462,467,462,467,462,467
posture_review_0000080,source=cvat_tracking_xml|dataset=cvat_tracking_Pigs291119_000233|video=Pigs291119_000233|track_id=0|anchor=906,cvat_tracking_xml,cvat_tracking_Pigs291119_000233,Pigs291119_000233,Pigs291119_000233,source=cvat_tracking_xml|dataset=cvat_tracking_Pigs291119_000233|video=Pigs291119_000233|track_id=0,ID_1,0,291119,FOLD_1,train,906,911,906,911,906,911
posture_review_0000081,source=cvat_tracking_xml|dataset=cvat_tracking_Pigs291119_000226_30fps|video=Pigs291119_000226_30fps|track_id=3|anchor=708,cvat_tracking_xml,cvat_tracking_Pigs291119_000226_30fps,Pigs291119_000226_30fps,Pigs291119_000226_30fps,source=cvat_tracking_xml|dataset=cvat_tracking_Pigs291119_000226_30fps|video=Pigs291119_000226_30fps|track_id=3,ID_4,3,291119,FOLD_1,train,708,713,708,713,708,713
posture_review_0000082,source=cvat_tracking_xml|dataset=cvat_tracking_Pigs291119_000233|video=Pigs291119_000233|track_id=0|anchor=294,cvat_tracking_xml,cvat_tracking_Pigs291119_000233,Pigs291119_000233,Pigs291119_000233,source=cvat_tracking_xml|dataset=cvat_tracking_Pigs291119_000233|video=Pigs291119_000233|track_id=0,ID_1,0,291119,FOLD_1,train,294,299,294,299,294,299
posture_review_0000083,source=cvat_tracking_xml|dataset=cvat_tracking_test%20video%20Pigs291119_000302_30fps|video=test%20video%20Pigs291119_000302_30fps|track_id=0|anchor=1266,cvat_tracking_xml,cvat_tracking_test video Pigs291119_000302_30fps,test video Pigs291119_000302_30fps,test video Pigs291119_000302_30fps,source=cvat_tracking_xml|dataset=cvat_tracking_test%20video%20Pigs291119_000302_30fps|video=test%20video%20Pigs291119_000302_30fps|track_id=0,ID_1,0,291119,FOLD_1,train,1266,1271,1266,1271,1266,1271
posture_review_0000084,source=cvat_tracking_xml|dataset=cvat_tracking_Pigs291119_000226_30fps|video=Pigs291119_000226_30fps|track_id=3|anchor=306,cvat_tracking_xml,cvat_tracking_Pigs291119_000226_30fps,Pigs291119_000226_30fps,Pigs291119_000226_30fps,source=cvat_tracking_xml|dataset=cvat_tracking_Pigs291119_000226_30fps|video=Pigs291119_000226_30fps|track_id=3,ID_4,3,291119,FOLD_1,train,306,311,306,311,306,311
posture_review_0000085,source=cvat_tracking_xml|dataset=cvat_tracking_test%20video%20Pigs291119_000302_30fps|video=test%20video%20Pigs291119_000302_30fps|track_id=7|anchor=570,cvat_tracking_xml,cvat_tracking_test video Pigs291119_000302_30fps,test video Pigs291119_000302_30fps,test video Pigs291119_000302_30fps,source=cvat_tracking_xml|dataset=cvat_tracking_test%20video%20Pigs291119_000302_30fps|video=test%20video%20Pigs291119_000302_30fps|track_id=7,ID_8,7,291119,FOLD_1,train,570,575,570,575,570,575
posture_review_0000086,source=legacy_recovered|dataset=legacy_recovered_16f|video=pigs291119%2F000214|track_id=tracklet_00001474|legacy_sequence,legacy_recovered,legacy_recovered_16f,pigs291119/000214,,source=legacy_recovered|dataset=legacy_recovered_16f|video=pigs291119%2F000214|track_id=tracklet_00001474,ID_6,tracklet_00001474,291119,FOLD_1,train,0,15,0,15,0,15
posture_review_0000087,source=cvat_tracking_xml|dataset=cvat_tracking_test%20video%20Pigs291119_000302_30fps|video=test%20video%20Pigs291119_000302_30fps|track_id=7|anchor=1044,cvat_tracking_xml,cvat_tracking_test video Pigs291119_000302_30fps,test video Pigs291119_000302_30fps,test video Pigs291119_000302_30fps,source=cvat_tracking_xml|dataset=cvat_tracking_test%20video%20Pigs291119_000302_30fps|video=test%20video%20Pigs291119_000302_30fps|track_id=7,ID_8,7,291119,FOLD_1,train,1044,1049,1044,1049,1044,1049
posture_review_0000088,source=legacy_recovered|dataset=legacy_recovered_16f|video=pigs031219%2F000162|track_id=tracklet_00001330|legacy_sequence,legacy_recovered,legacy_recovered_16f,pigs031219/000162,,source=legacy_recovered|dataset=legacy_recovered_16f|video=pigs031219%2F000162|track_id=tracklet_00001330,ID_2,tracklet_00001330,031219,FOLD_4,train,7,22,7,22,7,22
posture_review_0000089,source=legacy_recovered|dataset=legacy_recovered_16f|video=pigs031219%2F000167|track_id=tracklet_00002298|legacy_sequence,legacy_recovered,legacy_recovered_16f,pigs031219/000167,,source=legacy_recovered|dataset=legacy_recovered_16f|video=pigs031219%2F000167|track_id=tracklet_00002298,ID_2,tracklet_00002298,031219,FOLD_4,train,14,29,14,29,14,29
posture_review_0000090,source=cvat_tracking_xml|dataset=cvat_tracking_test%20video%20Pigs291119_000302_30fps|video=test%20video%20Pigs291119_000302_30fps|track_id=0|anchor=1572,cvat_tracking_xml,cvat_tracking_test video Pigs291119_000302_30fps,test video Pigs291119_000302_30fps,test video Pigs291119_000302_30fps,source=cvat_tracking_xml|dataset=cvat_tracking_test%20video%20Pigs291119_000302_30fps|video=test%20video%20Pigs291119_000302_30fps|track_id=0,ID_1,0,291119,FOLD_1,train,1572,1577,1572,1577,1572,1577
posture_review_0000091,source=cvat_tracking_xml|dataset=cvat_tracking_Pigs291119_000231|video=Pigs291119_000231|track_id=0|anchor=1602,cvat_tracking_xml,cvat_tracking_Pigs291119_000231,Pigs291119_000231,Pigs291119_000231,source=cvat_tracking_xml|dataset=cvat_tracking_Pigs291119_000231|video=Pigs291119_000231|track_id=0,ID_1,0,291119,FOLD_1,train,1602,1607,1602,1607,1602,1607
posture_review_0000092,source=legacy_recovered|dataset=legacy_recovered_16f|video=pigs281119%2F000169|track_id=tracklet_00004015|legacy_sequence,legacy_recovered,legacy_recovered_16f,pigs281119/000169,,source=legacy_recovered|dataset=legacy_recovered_16f|video=pigs281119%2F000169|track_id=tracklet_00004015,ID_3,tracklet_00004015,281119,FOLD_3,validation,0,15,0,15,0,15
posture_review_0000093,source=legacy_recovered|dataset=legacy_recovered_16f|video=pigs041219%2F000272|track_id=tracklet_00000081|legacy_sequence,legacy_recovered,legacy_recovered_16f,pigs041219/000272,,source=legacy_recovered|dataset=legacy_recovered_16f|video=pigs041219%2F000272|track_id=tracklet_00000081,ID_4,tracklet_00000081,041219,FOLD_4,train,3,18,3,18,3,18
posture_review_0000094,source=legacy_recovered|dataset=legacy_recovered_16f|video=pigs161119%2F000076|track_id=tracklet_00002740|legacy_sequence,legacy_recovered,legacy_recovered_16f,pigs161119/000076,,source=legacy_recovered|dataset=legacy_recovered_16f|video=pigs161119%2F000076|track_id=tracklet_00002740,ID_5,tracklet_00002740,161119,FOLD_4,train,0,15,0,15,0,15
posture_review_0000095,source=cvat_tracking_xml|dataset=cvat_tracking_test%20video%20Pigs291119_000302_30fps|video=test%20video%20Pigs291119_000302_30fps|track_id=7|anchor=1386,cvat_tracking_xml,cvat_tracking_test video Pigs291119_000302_30fps,test video Pigs291119_000302_30fps,test video Pigs291119_000302_30fps,source=cvat_tracking_xml|dataset=cvat_tracking_test%20video%20Pigs291119_000302_30fps|video=test%20video%20Pigs291119_000302_30fps|track_id=7,ID_8,7,291119,FOLD_1,train,1386,1391,1386,1391,1386,1391
posture_review_0000096,source=cvat_tracking_xml|dataset=cvat_tracking_pigs301119_000328|video=pigs301119_000328|track_id=0|anchor=1110,cvat_tracking_xml,cvat_tracking_pigs301119_000328,pigs301119_000328,pigs301119_000328,source=cvat_tracking_xml|dataset=cvat_tracking_pigs301119_000328|video=pigs301119_000328|track_id=0,ID_8,0,301119,FOLD_2,train,1110,1115,1110,1115,1110,1115
posture_review_0000097,source=cvat_tracking_xml|dataset=cvat_tracking_Pigs281119_000114_30fps|video=Pigs281119_000114_30fps|track_id=0|anchor=1554,cvat_tracking_xml,cvat_tracking_Pigs281119_000114_30fps,Pigs281119_000114_30fps,Pigs281119_000114_30fps,source=cvat_tracking_xml|dataset=cvat_tracking_Pigs281119_000114_30fps|video=Pigs281119_000114_30fps|track_id=0,ID_1,0,281119,FOLD_3,exclude|validation,1554,1559,1554,1559,1554,1559
posture_review_0000098,source=cvat_tracking_xml|dataset=cvat_tracking_pigs301119_000328|video=pigs301119_000328|track_id=0|anchor=1266,cvat_tracking_xml,cvat_tracking_pigs301119_000328,pigs301119_000328,pigs301119_000328,source=cvat_tracking_xml|dataset=cvat_tracking_pigs301119_000328|video=pigs301119_000328|track_id=0,ID_8,0,301119,FOLD_2,train,1266,1271,1266,1271,1266,1271
posture_review_0000099,source=cvat_tracking_xml|dataset=cvat_tracking_Pigs291119_000226_30fps|video=Pigs291119_000226_30fps|track_id=6|anchor=1698,cvat_tracking_xml,cvat_tracking_Pigs291119_000226_30fps,Pigs291119_000226_30fps,Pigs291119_000226_30fps,source=cvat_tracking_xml|dataset=cvat_tracking_Pigs291119_000226_30fps|video=Pigs291119_000226_30fps|track_id=6,ID_7,6,291119,FOLD_1,train,1698,1703,1698,1703,1698,1703
posture_review_0000100,source=cvat_tracking_xml|dataset=cvat_tracking_Pigs291119_000233|video=Pigs291119_000233|track_id=0|anchor=6,cvat_tracking_xml,cvat_tracking_Pigs291119_000233,Pigs291119_000233,Pigs291119_000233,source=cvat_tracking_xml|dataset=cvat_tracking_Pigs291119_000233|video=Pigs291119_000233|track_id=0,ID_1,0,291119,FOLD_1,train,6,11,6,11,6,11
posture_review_0000101,source=legacy_recovered|dataset=legacy_recovered_16f|video=pigs041219%2F000218|track_id=tracklet_00000134|legacy_sequence,legacy_recovered,legacy_recovered_16f,pigs041219/000218,,source=legacy_recovered|dataset=legacy_recovered_16f|video=pigs041219%2F000218|track_id=tracklet_00000134,ID_1,tracklet_00000134,041219,FOLD_4,train,0,15,0,15,0,15
posture_review_0000102,source=cvat_tracking_xml|dataset=cvat_tracking_Pigs291119_000233|video=Pigs291119_000233|track_id=3|anchor=1770,cvat_tracking_xml,cvat_tracking_Pigs291119_000233,Pigs291119_000233,Pigs291119_000233,source=cvat_tracking_xml|dataset=cvat_tracking_Pigs291119_000233|video=Pigs291119_000233|track_id=3,ID_4,3,291119,FOLD_1,train,1770,1775,1770,1775,1770,1775
posture_review_0000103,source=cvat_tracking_xml|dataset=cvat_tracking_Pigs291119_000233|video=Pigs291119_000233|track_id=0|anchor=612,cvat_tracking_xml,cvat_tracking_Pigs291119_000233,Pigs291119_000233,Pigs291119_000233,source=cvat_tracking_xml|dataset=cvat_tracking_Pigs291119_000233|video=Pigs291119_000233|track_id=0,ID_1,0,291119,FOLD_1,train,612,617,612,617,612,617
posture_review_0000104,source=cvat_tracking_xml|dataset=cvat_tracking_Pigs291119_000226_30fps|video=Pigs291119_000226_30fps|track_id=7|anchor=1014,cvat_tracking_xml,cvat_tracking_Pigs291119_000226_30fps,Pigs291119_000226_30fps,Pigs291119_000226_30fps,source=cvat_tracking_xml|dataset=cvat_tracking_Pigs291119_000226_30fps|video=Pigs291119_000226_30fps|track_id=7,ID_8,7,291119,FOLD_1,exclude|train,1014,1019,1014,1019,1014,1019
posture_review_0000105,source=legacy_recovered|dataset=legacy_recovered_16f|video=pigs151119%2F000016|track_id=tracklet_00000746|legacy_sequence,legacy_recovered,legacy_recovered_16f,pigs151119/000016,,source=legacy_recovered|dataset=legacy_recovered_16f|video=pigs151119%2F000016|track_id=tracklet_00000746,ID_6,tracklet_00000746,151119,FOLD_4,train,0,15,0,15,0,15
posture_review_0000106,source=cvat_tracking_xml|dataset=cvat_tracking_test%20video%20Pigs291119_000302_30fps|video=test%20video%20Pigs291119_000302_30fps|track_id=0|anchor=1470,cvat_tracking_xml,cvat_tracking_test video Pigs291119_000302_30fps,test video Pigs291119_000302_30fps,test video Pigs291119_000302_30fps,source=cvat_tracking_xml|dataset=cvat_tracking_test%20video%20Pigs291119_000302_30fps|video=test%20video%20Pigs291119_000302_30fps|track_id=0,ID_1,0,291119,FOLD_1,train,1470,1475,1470,1475,1470,1475
posture_review_0000107,source=legacy_recovered|dataset=legacy_recovered_16f|video=pigs281119%2F000199|track_id=tracklet_00003829|legacy_sequence,legacy_recovered,legacy_recovered_16f,pigs281119/000199,,source=legacy_recovered|dataset=legacy_recovered_16f|video=pigs281119%2F000199|track_id=tracklet_00003829,ID_8,tracklet_00003829,281119,FOLD_3,validation,0,15,0,15,0,15
posture_review_0000108,source=cvat_tracking_xml|dataset=cvat_tracking_Pigs291119_000233|video=Pigs291119_000233|track_id=3|anchor=1200,cvat_tracking_xml,cvat_tracking_Pigs291119_000233,Pigs291119_000233,Pigs291119_000233,source=cvat_tracking_xml|dataset=cvat_tracking_Pigs291119_000233|video=Pigs291119_000233|track_id=3,ID_4,3,291119,FOLD_1,train,1200,1205,1200,1205,1200,1205
posture_review_0000109,source=legacy_recovered|dataset=legacy_recovered_16f|video=pigs151119%2F000054|track_id=tracklet_00001791|legacy_sequence,legacy_recovered,legacy_recovered_16f,pigs151119/000054,,source=legacy_recovered|dataset=legacy_recovered_16f|video=pigs151119%2F000054|track_id=tracklet_00001791,ID_4,tracklet_00001791,151119,FOLD_4,train,3,18,3,18,3,18
posture_review_0000110,source=legacy_recovered|dataset=legacy_recovered_16f|video=pigs281119%2F000197|track_id=tracklet_00002728|legacy_sequence,legacy_recovered,legacy_recovered_16f,pigs281119/000197,,source=legacy_recovered|dataset=legacy_recovered_16f|video=pigs281119%2F000197|track_id=tracklet_00002728,ID_1,tracklet_00002728,281119,FOLD_3,validation,0,15,0,15,0,15
posture_review_0000111,source=cvat_tracking_xml|dataset=cvat_tracking_test%20video%20Pigs291119_000302_30fps|video=test%20video%20Pigs291119_000302_30fps|track_id=7|anchor=222,cvat_tracking_xml,cvat_tracking_test video Pigs291119_000302_30fps,test video Pigs291119_000302_30fps,test video Pigs291119_000302_30fps,source=cvat_tracking_xml|dataset=cvat_tracking_test%20video%20Pigs291119_000302_30fps|video=test%20video%20Pigs291119_000302_30fps|track_id=7,ID_8,7,291119,FOLD_1,train,222,227,222,227,222,227
posture_review_0000112,source=legacy_recovered|dataset=legacy_recovered_16f|video=pigs041219%2F000271|track_id=tracklet_00003934|legacy_sequence,legacy_recovered,legacy_recovered_16f,pigs041219/000271,,source=legacy_recovered|dataset=legacy_recovered_16f|video=pigs041219%2F000271|track_id=tracklet_00003934,ID_2,tracklet_00003934,041219,FOLD_4,train,8,23,8,23,8,23
posture_review_0000113,source=cvat_tracking_xml|dataset=cvat_tracking_test%20video%20Pigs291119_000302_30fps|video=test%20video%20Pigs291119_000302_30fps|track_id=0|anchor=1602,cvat_tracking_xml,cvat_tracking_test video Pigs291119_000302_30fps,test video Pigs291119_000302_30fps,test video Pigs291119_000302_30fps,source=cvat_tracking_xml|dataset=cvat_tracking_test%20video%20Pigs291119_000302_30fps|video=test%20video%20Pigs291119_000302_30fps|track_id=0,ID_1,0,291119,FOLD_1,train,1602,1607,1602,1607,1602,1607
posture_review_0000114,source=legacy_recovered|dataset=legacy_recovered_16f|video=pigs031219%2F000123|track_id=tracklet_00001421|legacy_sequence,legacy_recovered,legacy_recovered_16f,pigs031219/000123,,source=legacy_recovered|dataset=legacy_recovered_16f|video=pigs031219%2F000123|track_id=tracklet_00001421,ID_6,tracklet_00001421,031219,FOLD_4,train,0,15,0,15,0,15
posture_review_0000115,source=cvat_tracking_xml|dataset=cvat_tracking_test%20video%20Pigs291119_000302_30fps|video=test%20video%20Pigs291119_000302_30fps|track_id=7|anchor=1080,cvat_tracking_xml,cvat_tracking_test video Pigs291119_000302_30fps,test video Pigs291119_000302_30fps,test video Pigs291119_000302_30fps,source=cvat_tracking_xml|dataset=cvat_tracking_test%20video%20Pigs291119_000302_30fps|video=test%20video%20Pigs291119_000302_30fps|track_id=7,ID_8,7,291119,FOLD_1,train,1080,1085,1080,1085,1080,1085
posture_review_0000116,source=cvat_tracking_xml|dataset=cvat_tracking_test%20video%20Pigs291119_000302_30fps|video=test%20video%20Pigs291119_000302_30fps|track_id=7|anchor=264,cvat_tracking_xml,cvat_tracking_test video Pigs291119_000302_30fps,test video Pigs291119_000302_30fps,test video Pigs291119_000302_30fps,source=cvat_tracking_xml|dataset=cvat_tracking_test%20video%20Pigs291119_000302_30fps|video=test%20video%20Pigs291119_000302_30fps|track_id=7,ID_8,7,291119,FOLD_1,train,264,269,264,269,264,269
posture_review_0000117,source=cvat_tracking_xml|dataset=cvat_tracking_test%20video%20Pigs291119_000302_30fps|video=test%20video%20Pigs291119_000302_30fps|track_id=0|anchor=1128,cvat_tracking_xml,cvat_tracking_test video Pigs291119_000302_30fps,test video Pigs291119_000302_30fps,test video Pigs291119_000302_30fps,source=cvat_tracking_xml|dataset=cvat_tracking_test%20video%20Pigs291119_000302_30fps|video=test%20video%20Pigs291119_000302_30fps|track_id=0,ID_1,0,291119,FOLD_1,train,1128,1133,1128,1133,1128,1133
posture_review_0000118,source=legacy_recovered|dataset=legacy_recovered_16f|video=pigs091119%2F000450|track_id=tracklet_00000800|legacy_sequence,legacy_recovered,legacy_recovered_16f,pigs091119/000450,,source=legacy_recovered|dataset=legacy_recovered_16f|video=pigs091119%2F000450|track_id=tracklet_00000800,ID_1,tracklet_00000800,091119,FOLD_4,train,0,15,0,15,0,15
posture_review_0000119,source=legacy_recovered|dataset=legacy_recovered_16f|video=pigs271119%2F000022|track_id=tracklet_00000817|legacy_sequence,legacy_recovered,legacy_recovered_16f,pigs271119/000022,,source=legacy_recovered|dataset=legacy_recovered_16f|video=pigs271119%2F000022|track_id=tracklet_00000817,ID_2,tracklet_00000817,271119,FOLD_4,train,601,616,601,616,601,616
posture_review_0000120,source=legacy_recovered|dataset=legacy_recovered_16f|video=pigs081119%2F000353|track_id=tracklet_00000389|legacy_sequence,legacy_recovered,legacy_recovered_16f,pigs081119/000353,,source=legacy_recovered|dataset=legacy_recovered_16f|video=pigs081119%2F000353|track_id=tracklet_00000389,ID_7,tracklet_00000389,081119,FOLD_4,train,0,15,0,15,0,15
posture_review_0000121,source=legacy_recovered|dataset=legacy_recovered_16f|video=pigs291119%2F000234|track_id=tracklet_00003785|legacy_sequence,legacy_recovered,legacy_recovered_16f,pigs291119/000234,,source=legacy_recovered|dataset=legacy_recovered_16f|video=pigs291119%2F000234|track_id=tracklet_00003785,ID_6,tracklet_00003785,291119,FOLD_1,train,0,15,0,15,0,15
posture_review_0000122,source=cvat_tracking_xml|dataset=cvat_tracking_Pigs301119_000330|video=Pigs301119_000330|track_id=0|anchor=1536,cvat_tracking_xml,cvat_tracking_Pigs301119_000330,Pigs301119_000330,Pigs301119_000330,source=cvat_tracking_xml|dataset=cvat_tracking_Pigs301119_000330|video=Pigs301119_000330|track_id=0,ID_1,0,301119,FOLD_2,train,1536,1541,1536,1541,1536,1541
posture_review_0000123,source=legacy_recovered|dataset=legacy_recovered_16f|video=pigs091119%2F000442|track_id=tracklet_00000196|legacy_sequence,legacy_recovered,legacy_recovered_16f,pigs091119/000442,,source=legacy_recovered|dataset=legacy_recovered_16f|video=pigs091119%2F000442|track_id=tracklet_00000196,ID_4,tracklet_00000196,091119,FOLD_4,train,0,15,0,15,0,15
posture_review_0000124,source=legacy_recovered|dataset=legacy_recovered_16f|video=pigs041219%2F000283|track_id=tracklet_00000396|legacy_sequence,legacy_recovered,legacy_recovered_16f,pigs041219/000283,,source=legacy_recovered|dataset=legacy_recovered_16f|video=pigs041219%2F000283|track_id=tracklet_00000396,ID_6,tracklet_00000396,041219,FOLD_4,train,0,15,0,15,0,15
posture_review_0000125,source=cvat_tracking_xml|dataset=cvat_tracking_Pigs291119_000231|video=Pigs291119_000231|track_id=0|anchor=294,cvat_tracking_xml,cvat_tracking_Pigs291119_000231,Pigs291119_000231,Pigs291119_000231,source=cvat_tracking_xml|dataset=cvat_tracking_Pigs291119_000231|video=Pigs291119_000231|track_id=0,ID_1,0,291119,FOLD_1,train,294,299,294,299,294,299
posture_review_0000126,source=legacy_recovered|dataset=legacy_recovered_16f|video=pigs041219%2F000194|track_id=tracklet_00001953|legacy_sequence,legacy_recovered,legacy_recovered_16f,pigs041219/000194,,source=legacy_recovered|dataset=legacy_recovered_16f|video=pigs041219%2F000194|track_id=tracklet_00001953,ID_4,tracklet_00001953,041219,FOLD_4,train,0,15,0,15,0,15
posture_review_0000127,source=cvat_tracking_xml|dataset=cvat_tracking_Pigs291119_000226_30fps|video=Pigs291119_000226_30fps|track_id=3|anchor=558,cvat_tracking_xml,cvat_tracking_Pigs291119_000226_30fps,Pigs291119_000226_30fps,Pigs291119_000226_30fps,source=cvat_tracking_xml|dataset=cvat_tracking_Pigs291119_000226_30fps|video=Pigs291119_000226_30fps|track_id=3,ID_4,3,291119,FOLD_1,train,558,563,558,563,558,563
posture_review_0000128,source=cvat_tracking_xml|dataset=cvat_tracking_Pigs291119_000233|video=Pigs291119_000233|track_id=3|anchor=1530,cvat_tracking_xml,cvat_tracking_Pigs291119_000233,Pigs291119_000233,Pigs291119_000233,source=cvat_tracking_xml|dataset=cvat_tracking_Pigs291119_000233|video=Pigs291119_000233|track_id=3,ID_4,3,291119,FOLD_1,train,1530,1535,1530,1535,1530,1535
posture_review_0000129,source=legacy_recovered|dataset=legacy_recovered_16f|video=pigs041219%2F000228|track_id=tracklet_00003329|legacy_sequence,legacy_recovered,legacy_recovered_16f,pigs041219/000228,,source=legacy_recovered|dataset=legacy_recovered_16f|video=pigs041219%2F000228|track_id=tracklet_00003329,ID_8,tracklet_00003329,041219,FOLD_4,exclude|train,0,15,0,15,0,15
posture_review_0000130,source=legacy_recovered|dataset=legacy_recovered_16f|video=pigs031219%2F000149|track_id=tracklet_00001880|legacy_sequence,legacy_recovered,legacy_recovered_16f,pigs031219/000149,,source=legacy_recovered|dataset=legacy_recovered_16f|video=pigs031219%2F000149|track_id=tracklet_00001880,ID_2,tracklet_00001880,031219,FOLD_4,train,0,15,0,15,0,15
posture_review_0000131,source=legacy_recovered|dataset=legacy_recovered_16f|video=pigs271119%2F000043|track_id=tracklet_00003504|legacy_sequence,legacy_recovered,legacy_recovered_16f,pigs271119/000043,,source=legacy_recovered|dataset=legacy_recovered_16f|video=pigs271119%2F000043|track_id=tracklet_00003504,ID_7,tracklet_00003504,271119,FOLD_4,train,0,15,0,15,0,15
posture_review_0000132,source=cvat_tracking_xml|dataset=cvat_tracking_pigs301119_000328|video=pigs301119_000328|track_id=1|anchor=120,cvat_tracking_xml,cvat_tracking_pigs301119_000328,pigs301119_000328,pigs301119_000328,source=cvat_tracking_xml|dataset=cvat_tracking_pigs301119_000328|video=pigs301119_000328|track_id=1,ID_7,1,301119,FOLD_2,train,120,125,120,125,120,125
posture_review_0000133,source=cvat_tracking_xml|dataset=cvat_tracking_Pigs291119_000231|video=Pigs291119_000231|track_id=0|anchor=1314,cvat_tracking_xml,cvat_tracking_Pigs291119_000231,Pigs291119_000231,Pigs291119_000231,source=cvat_tracking_xml|dataset=cvat_tracking_Pigs291119_000231|video=Pigs291119_000231|track_id=0,ID_1,0,291119,FOLD_1,train,1314,1319,1314,1319,1314,1319
posture_review_0000134,source=cvat_tracking_xml|dataset=cvat_tracking_Pigs291119_000233|video=Pigs291119_000233|track_id=0|anchor=114,cvat_tracking_xml,cvat_tracking_Pigs291119_000233,Pigs291119_000233,Pigs291119_000233,source=cvat_tracking_xml|dataset=cvat_tracking_Pigs291119_000233|video=Pigs291119_000233|track_id=0,ID_1,0,291119,FOLD_1,train,114,119,114,119,114,119
posture_review_0000135,source=legacy_recovered|dataset=legacy_recovered_16f|video=pigs271119%2F000051|track_id=tracklet_00003487|legacy_sequence,legacy_recovered,legacy_recovered_16f,pigs271119/000051,,source=legacy_recovered|dataset=legacy_recovered_16f|video=pigs271119%2F000051|track_id=tracklet_00003487,ID_6,tracklet_00003487,271119,FOLD_4,train,606,621,606,621,606,621
posture_review_0000136,source=legacy_recovered|dataset=legacy_recovered_16f|video=pigs281119%2F000177|track_id=tracklet_00004420|legacy_sequence,legacy_recovered,legacy_recovered_16f,pigs281119/000177,,source=legacy_recovered|dataset=legacy_recovered_16f|video=pigs281119%2F000177|track_id=tracklet_00004420,ID_8,tracklet_00004420,281119,FOLD_3,validation,0,15,0,15,0,15
posture_review_0000137,source=legacy_recovered|dataset=legacy_recovered_16f|video=pigs031219%2F000161|track_id=tracklet_00001031|legacy_sequence,legacy_recovered,legacy_recovered_16f,pigs031219/000161,,source=legacy_recovered|dataset=legacy_recovered_16f|video=pigs031219%2F000161|track_id=tracklet_00001031,ID_8,tracklet_00001031,031219,FOLD_4,train,0,15,0,15,0,15
posture_review_0000138,source=legacy_recovered|dataset=legacy_recovered_16f|video=pigs041219%2F000262|track_id=tracklet_00003433|legacy_sequence,legacy_recovered,legacy_recovered_16f,pigs041219/000262,,source=legacy_recovered|dataset=legacy_recovered_16f|video=pigs041219%2F000262|track_id=tracklet_00003433,ID_1,tracklet_00003433,041219,FOLD_4,train,0,15,0,15,0,15
posture_review_0000139,source=cvat_tracking_xml|dataset=cvat_tracking_Pigs301119_000330|video=Pigs301119_000330|track_id=0|anchor=1560,cvat_tracking_xml,cvat_tracking_Pigs301119_000330,Pigs301119_000330,Pigs301119_000330,source=cvat_tracking_xml|dataset=cvat_tracking_Pigs301119_000330|video=Pigs301119_000330|track_id=0,ID_1,0,301119,FOLD_2,train,1560,1565,1560,1565,1560,1565
posture_review_0000140,source=cvat_tracking_xml|dataset=cvat_tracking_Pigs291119_000233|video=Pigs291119_000233|track_id=0|anchor=216,cvat_tracking_xml,cvat_tracking_Pigs291119_000233,Pigs291119_000233,Pigs291119_000233,source=cvat_tracking_xml|dataset=cvat_tracking_Pigs291119_000233|video=Pigs291119_000233|track_id=0,ID_1,0,291119,FOLD_1,train,216,221,216,221,216,221
posture_review_0000141,source=cvat_tracking_xml|dataset=cvat_tracking_Pigs281119_000085_30fps|video=Pigs281119_000085_30fps|track_id=5|anchor=168,cvat_tracking_xml,cvat_tracking_Pigs281119_000085_30fps,Pigs281119_000085_30fps,Pigs281119_000085_30fps,source=cvat_tracking_xml|dataset=cvat_tracking_Pigs281119_000085_30fps|video=Pigs281119_000085_30fps|track_id=5,ID_3,5,281119,FOLD_3,validation,168,173,168,173,168,173
posture_review_0000142,source=legacy_recovered|dataset=legacy_recovered_16f|video=pigs271119%2F000066|track_id=tracklet_00001054|legacy_sequence,legacy_recovered,legacy_recovered_16f,pigs271119/000066,,source=legacy_recovered|dataset=legacy_recovered_16f|video=pigs271119%2F000066|track_id=tracklet_00001054,ID_7,tracklet_00001054,271119,FOLD_4,train,0,15,0,15,0,15
posture_review_0000143,source=cvat_tracking_xml|dataset=cvat_tracking_Pigs291119_000231|video=Pigs291119_000231|track_id=0|anchor=1110,cvat_tracking_xml,cvat_tracking_Pigs291119_000231,Pigs291119_000231,Pigs291119_000231,source=cvat_tracking_xml|dataset=cvat_tracking_Pigs291119_000231|video=Pigs291119_000231|track_id=0,ID_1,0,291119,FOLD_1,train,1110,1115,1110,1115,1110,1115
posture_review_0000144,source=legacy_recovered|dataset=legacy_recovered_16f|video=pigs041219%2F000260|track_id=tracklet_00001829|legacy_sequence,legacy_recovered,legacy_recovered_16f,pigs041219/000260,,source=legacy_recovered|dataset=legacy_recovered_16f|video=pigs041219%2F000260|track_id=tracklet_00001829,ID_7,tracklet_00001829,041219,FOLD_4,train,0,15,0,15,0,15
posture_review_0000145,source=legacy_recovered|dataset=legacy_recovered_16f|video=pigs281119%2F000181|track_id=tracklet_00004131|legacy_sequence,legacy_recovered,legacy_recovered_16f,pigs281119/000181,,source=legacy_recovered|dataset=legacy_recovered_16f|video=pigs281119%2F000181|track_id=tracklet_00004131,ID_5,tracklet_00004131,281119,FOLD_3,validation,0,15,0,15,0,15
posture_review_0000146,source=legacy_recovered|dataset=legacy_recovered_16f|video=pigs031219%2F000146|track_id=tracklet_00001075|legacy_sequence,legacy_recovered,legacy_recovered_16f,pigs031219/000146,,source=legacy_recovered|dataset=legacy_recovered_16f|video=pigs031219%2F000146|track_id=tracklet_00001075,ID_3,tracklet_00001075,031219,FOLD_4,train,16,31,16,31,16,31
posture_review_0000147,source=cvat_tracking_xml|dataset=cvat_tracking_Pigs281119_000085_30fps|video=Pigs281119_000085_30fps|track_id=7|anchor=360,cvat_tracking_xml,cvat_tracking_Pigs281119_000085_30fps,Pigs281119_000085_30fps,Pigs281119_000085_30fps,source=cvat_tracking_xml|dataset=cvat_tracking_Pigs281119_000085_30fps|video=Pigs281119_000085_30fps|track_id=7,ID_1,7,281119,FOLD_3,validation,360,365,360,365,360,365
posture_review_0000148,source=legacy_recovered|dataset=legacy_recovered_16f|video=pigs281119%2F000111|track_id=tracklet_00001715|legacy_sequence,legacy_recovered,legacy_recovered_16f,pigs281119/000111,,source=legacy_recovered|dataset=legacy_recovered_16f|video=pigs281119%2F000111|track_id=tracklet_00001715,ID_6,tracklet_00001715,281119,FOLD_3,validation,246,261,246,261,246,261
posture_review_0000149,source=legacy_recovered|dataset=legacy_recovered_16f|video=pigs031219%2F000125|track_id=tracklet_00001673|legacy_sequence,legacy_recovered,legacy_recovered_16f,pigs031219/000125,,source=legacy_recovered|dataset=legacy_recovered_16f|video=pigs031219%2F000125|track_id=tracklet_00001673,ID_5,tracklet_00001673,031219,FOLD_4,train,0,15,0,15,0,15
posture_review_0000150,source=cvat_tracking_xml|dataset=cvat_tracking_Pigs291119_000231|video=Pigs291119_000231|track_id=0|anchor=1170,cvat_tracking_xml,cvat_tracking_Pigs291119_000231,Pigs291119_000231,Pigs291119_000231,source=cvat_tracking_xml|dataset=cvat_tracking_Pigs291119_000231|video=Pigs291119_000231|track_id=0,ID_1,0,291119,FOLD_1,train,1170,1175,1170,1175,1170,1175
posture_review_0000151,source=legacy_recovered|dataset=legacy_recovered_16f|video=pigs151119%2F000039|track_id=tracklet_00002568|legacy_sequence,legacy_recovered,legacy_recovered_16f,pigs151119/000039,,source=legacy_recovered|dataset=legacy_recovered_16f|video=pigs151119%2F000039|track_id=tracklet_00002568,ID_5,tracklet_00002568,151119,FOLD_4,train,5,20,5,20,5,20
posture_review_0000152,source=cvat_tracking_xml|dataset=cvat_tracking_Pigs291119_000233|video=Pigs291119_000233|track_id=0|anchor=390,cvat_tracking_xml,cvat_tracking_Pigs291119_000233,Pigs291119_000233,Pigs291119_000233,source=cvat_tracking_xml|dataset=cvat_tracking_Pigs291119_000233|video=Pigs291119_000233|track_id=0,ID_1,0,291119,FOLD_1,train,390,395,390,395,390,395
posture_review_0000153,source=cvat_tracking_xml|dataset=cvat_tracking_Pigs291119_000231|video=Pigs291119_000231|track_id=0|anchor=1122,cvat_tracking_xml,cvat_tracking_Pigs291119_000231,Pigs291119_000231,Pigs291119_000231,source=cvat_tracking_xml|dataset=cvat_tracking_Pigs291119_000231|video=Pigs291119_000231|track_id=0,ID_1,0,291119,FOLD_1,train,1122,1127,1122,1127,1122,1127
posture_review_0000154,source=cvat_tracking_xml|dataset=cvat_tracking_Pigs291119_000231|video=Pigs291119_000231|track_id=0|anchor=474,cvat_tracking_xml,cvat_tracking_Pigs291119_000231,Pigs291119_000231,Pigs291119_000231,source=cvat_tracking_xml|dataset=cvat_tracking_Pigs291119_000231|video=Pigs291119_000231|track_id=0,ID_1,0,291119,FOLD_1,train,474,479,474,479,474,479
posture_review_0000155,source=legacy_recovered|dataset=legacy_recovered_16f|video=pigs281119%2F000146|track_id=tracklet_00001019|legacy_sequence,legacy_recovered,legacy_recovered_16f,pigs281119/000146,,source=legacy_recovered|dataset=legacy_recovered_16f|video=pigs281119%2F000146|track_id=tracklet_00001019,ID_4,tracklet_00001019,281119,FOLD_3,validation,0,15,0,15,0,15
posture_review_0000156,source=legacy_recovered|dataset=legacy_recovered_16f|video=pigs041219%2F000231|track_id=tracklet_00001361|legacy_sequence,legacy_recovered,legacy_recovered_16f,pigs041219/000231,,source=legacy_recovered|dataset=legacy_recovered_16f|video=pigs041219%2F000231|track_id=tracklet_00001361,ID_2,tracklet_00001361,041219,FOLD_4,train,2,17,2,17,2,17
posture_review_0000157,source=legacy_recovered|dataset=legacy_recovered_16f|video=pigs151119%2F000027|track_id=tracklet_00000554|legacy_sequence,legacy_recovered,legacy_recovered_16f,pigs151119/000027,,source=legacy_recovered|dataset=legacy_recovered_16f|video=pigs151119%2F000027|track_id=tracklet_00000554,ID_6,tracklet_00000554,151119,FOLD_4,train,4,19,4,19,4,19
posture_review_0000158,source=cvat_tracking_xml|dataset=cvat_tracking_Pigs281119_000085_30fps|video=Pigs281119_000085_30fps|track_id=5|anchor=84,cvat_tracking_xml,cvat_tracking_Pigs281119_000085_30fps,Pigs281119_000085_30fps,Pigs281119_000085_30fps,source=cvat_tracking_xml|dataset=cvat_tracking_Pigs281119_000085_30fps|video=Pigs281119_000085_30fps|track_id=5,ID_3,5,281119,FOLD_3,validation,84,89,84,89,84,89
posture_review_0000159,source=cvat_tracking_xml|dataset=cvat_tracking_Pigs291119_000233|video=Pigs291119_000233|track_id=0|anchor=564,cvat_tracking_xml,cvat_tracking_Pigs291119_000233,Pigs291119_000233,Pigs291119_000233,source=cvat_tracking_xml|dataset=cvat_tracking_Pigs291119_000233|video=Pigs291119_000233|track_id=0,ID_1,0,291119,FOLD_1,train,564,569,564,569,564,569
posture_review_0000160,source=legacy_recovered|dataset=legacy_recovered_16f|video=pigs271119%2F000037|track_id=tracklet_00003897|legacy_sequence,legacy_recovered,legacy_recovered_16f,pigs271119/000037,,source=legacy_recovered|dataset=legacy_recovered_16f|video=pigs271119%2F000037|track_id=tracklet_00003897,ID_3,tracklet_00003897,271119,FOLD_4,train,598,613,598,613,598,613
posture_review_0000161,source=legacy_recovered|dataset=legacy_recovered_16f|video=pigs031219%2F000174|track_id=tracklet_00004210|legacy_sequence,legacy_recovered,legacy_recovered_16f,pigs031219/000174,,source=legacy_recovered|dataset=legacy_recovered_16f|video=pigs031219%2F000174|track_id=tracklet_00004210,ID_1,tracklet_00004210,031219,FOLD_4,train,0,15,0,15,0,15
posture_review_0000162,source=cvat_tracking_xml|dataset=cvat_tracking_Pigs291119_000226_30fps|video=Pigs291119_000226_30fps|track_id=3|anchor=360,cvat_tracking_xml,cvat_tracking_Pigs291119_000226_30fps,Pigs291119_000226_30fps,Pigs291119_000226_30fps,source=cvat_tracking_xml|dataset=cvat_tracking_Pigs291119_000226_30fps|video=Pigs291119_000226_30fps|track_id=3,ID_4,3,291119,FOLD_1,train,360,365,360,365,360,365
posture_review_0000163,source=legacy_recovered|dataset=legacy_recovered_16f|video=pigs041219%2F000193|track_id=tracklet_00003399|legacy_sequence,legacy_recovered,legacy_recovered_16f,pigs041219/000193,,source=legacy_recovered|dataset=legacy_recovered_16f|video=pigs041219%2F000193|track_id=tracklet_00003399,ID_7,tracklet_00003399,041219,FOLD_4,train,0,15,0,15,0,15
posture_review_0000164,source=cvat_tracking_xml|dataset=cvat_tracking_Pigs291119_000233|video=Pigs291119_000233|track_id=0|anchor=912,cvat_tracking_xml,cvat_tracking_Pigs291119_000233,Pigs291119_000233,Pigs291119_000233,source=cvat_tracking_xml|dataset=cvat_tracking_Pigs291119_000233|video=Pigs291119_000233|track_id=0,ID_1,0,291119,FOLD_1,exclude|train,912,917,912,917,912,917
posture_review_0000165,source=cvat_tracking_xml|dataset=cvat_tracking_Pigs291119_000226_30fps|video=Pigs291119_000226_30fps|track_id=6|anchor=1548,cvat_tracking_xml,cvat_tracking_Pigs291119_000226_30fps,Pigs291119_000226_30fps,Pigs291119_000226_30fps,source=cvat_tracking_xml|dataset=cvat_tracking_Pigs291119_000226_30fps|video=Pigs291119_000226_30fps|track_id=6,ID_7,6,291119,FOLD_1,train,1548,1553,1548,1553,1548,1553
posture_review_0000166,source=legacy_recovered|dataset=legacy_recovered_16f|video=pigs041219%2F000293|track_id=tracklet_00001761|legacy_sequence,legacy_recovered,legacy_recovered_16f,pigs041219/000293,,source=legacy_recovered|dataset=legacy_recovered_16f|video=pigs041219%2F000293|track_id=tracklet_00001761,ID_6,tracklet_00001761,041219,FOLD_4,train,7,22,7,22,7,22
posture_review_0000167,source=cvat_tracking_xml|dataset=cvat_tracking_Pigs291119_000226_30fps|video=Pigs291119_000226_30fps|track_id=6|anchor=1680,cvat_tracking_xml,cvat_tracking_Pigs291119_000226_30fps,Pigs291119_000226_30fps,Pigs291119_000226_30fps,source=cvat_tracking_xml|dataset=cvat_tracking_Pigs291119_000226_30fps|video=Pigs291119_000226_30fps|track_id=6,ID_7,6,291119,FOLD_1,train,1680,1685,1680,1685,1680,1685
posture_review_0000168,source=cvat_tracking_xml|dataset=cvat_tracking_Pigs291119_000226_30fps|video=Pigs291119_000226_30fps|track_id=6|anchor=1590,cvat_tracking_xml,cvat_tracking_Pigs291119_000226_30fps,Pigs291119_000226_30fps,Pigs291119_000226_30fps,source=cvat_tracking_xml|dataset=cvat_tracking_Pigs291119_000226_30fps|video=Pigs291119_000226_30fps|track_id=6,ID_7,6,291119,FOLD_1,train,1590,1595,1590,1595,1590,1595
posture_review_0000169,source=cvat_tracking_xml|dataset=cvat_tracking_Pigs291119_000226_30fps|video=Pigs291119_000226_30fps|track_id=3|anchor=630,cvat_tracking_xml,cvat_tracking_Pigs291119_000226_30fps,Pigs291119_000226_30fps,Pigs291119_000226_30fps,source=cvat_tracking_xml|dataset=cvat_tracking_Pigs291119_000226_30fps|video=Pigs291119_000226_30fps|track_id=3,ID_4,3,291119,FOLD_1,train,630,635,630,635,630,635
posture_review_0000170,source=legacy_recovered|dataset=legacy_recovered_16f|video=pigs041219%2F000262|track_id=tracklet_00003435|legacy_sequence,legacy_recovered,legacy_recovered_16f,pigs041219/000262,,source=legacy_recovered|dataset=legacy_recovered_16f|video=pigs041219%2F000262|track_id=tracklet_00003435,ID_3,tracklet_00003435,041219,FOLD_4,train,0,15,0,15,0,15
posture_review_0000171,source=cvat_tracking_xml|dataset=cvat_tracking_Pigs291119_000226_30fps|video=Pigs291119_000226_30fps|track_id=6|anchor=1518,cvat_tracking_xml,cvat_tracking_Pigs291119_000226_30fps,Pigs291119_000226_30fps,Pigs291119_000226_30fps,source=cvat_tracking_xml|dataset=cvat_tracking_Pigs291119_000226_30fps|video=Pigs291119_000226_30fps|track_id=6,ID_7,6,291119,FOLD_1,train,1518,1523,1518,1523,1518,1523
posture_review_0000172,source=legacy_recovered|dataset=legacy_recovered_16f|video=pigs151119%2F000048|track_id=tracklet_00003588|legacy_sequence,legacy_recovered,legacy_recovered_16f,pigs151119/000048,,source=legacy_recovered|dataset=legacy_recovered_16f|video=pigs151119%2F000048|track_id=tracklet_00003588,ID_1,tracklet_00003588,151119,FOLD_4,train,0,15,0,15,0,15
posture_review_0000173,source=legacy_recovered|dataset=legacy_recovered_16f|video=pigs271119%2F000072|track_id=tracklet_00004067|legacy_sequence,legacy_recovered,legacy_recovered_16f,pigs271119/000072,,source=legacy_recovered|dataset=legacy_recovered_16f|video=pigs271119%2F000072|track_id=tracklet_00004067,ID_1,tracklet_00004067,271119,FOLD_4,train,0,15,0,15,0,15
posture_review_0000174,source=legacy_recovered|dataset=legacy_recovered_16f|video=pigs041219%2F000251|track_id=tracklet_00004454|legacy_sequence,legacy_recovered,legacy_recovered_16f,pigs041219/000251,,source=legacy_recovered|dataset=legacy_recovered_16f|video=pigs041219%2F000251|track_id=tracklet_00004454,ID_8,tracklet_00004454,041219,FOLD_4,train,0,15,0,15,0,15
posture_review_0000175,source=legacy_recovered|dataset=legacy_recovered_16f|video=pigs041219%2F000229|track_id=tracklet_00000070|legacy_sequence,legacy_recovered,legacy_recovered_16f,pigs041219/000229,,source=legacy_recovered|dataset=legacy_recovered_16f|video=pigs041219%2F000229|track_id=tracklet_00000070,ID_1,tracklet_00000070,041219,FOLD_4,train,1,16,1,16,1,16
posture_review_0000176,source=legacy_recovered|dataset=legacy_recovered_16f|video=pigs281119%2F000145|track_id=tracklet_00001862|legacy_sequence,legacy_recovered,legacy_recovered_16f,pigs281119/000145,,source=legacy_recovered|dataset=legacy_recovered_16f|video=pigs281119%2F000145|track_id=tracklet_00001862,ID_8,tracklet_00001862,281119,FOLD_3,validation,0,15,0,15,0,15
posture_review_0000177,source=cvat_tracking_xml|dataset=cvat_tracking_Pigs301119_000330|video=Pigs301119_000330|track_id=0|anchor=1548,cvat_tracking_xml,cvat_tracking_Pigs301119_000330,Pigs301119_000330,Pigs301119_000330,source=cvat_tracking_xml|dataset=cvat_tracking_Pigs301119_000330|video=Pigs301119_000330|track_id=0,ID_1,0,301119,FOLD_2,train,1548,1553,1548,1553,1548,1553
posture_review_0000178,source=cvat_tracking_xml|dataset=cvat_tracking_pigs301119_000328|video=pigs301119_000328|track_id=0|anchor=1404,cvat_tracking_xml,cvat_tracking_pigs301119_000328,pigs301119_000328,pigs301119_000328,source=cvat_tracking_xml|dataset=cvat_tracking_pigs301119_000328|video=pigs301119_000328|track_id=0,ID_8,0,301119,FOLD_2,train,1404,1409,1404,1409,1404,1409
posture_review_0000179,source=legacy_recovered|dataset=legacy_recovered_16f|video=pigs051219%2F000318|track_id=tracklet_00001646|legacy_sequence,legacy_recovered,legacy_recovered_16f,pigs051219/000318,,source=legacy_recovered|dataset=legacy_recovered_16f|video=pigs051219%2F000318|track_id=tracklet_00001646,ID_1,tracklet_00001646,051219,FOLD_4,train,0,15,0,15,0,15
posture_review_0000180,source=legacy_recovered|dataset=legacy_recovered_16f|video=pigs041219%2F000257|track_id=tracklet_00003798|legacy_sequence,legacy_recovered,legacy_recovered_16f,pigs041219/000257,,source=legacy_recovered|dataset=legacy_recovered_16f|video=pigs041219%2F000257|track_id=tracklet_00003798,ID_4,tracklet_00003798,041219,FOLD_4,train,0,15,0,15,0,15
posture_review_0000181,source=legacy_recovered|dataset=legacy_recovered_16f|video=pigs041219%2F000218|track_id=tracklet_00000137|legacy_sequence,legacy_recovered,legacy_recovered_16f,pigs041219/000218,,source=legacy_recovered|dataset=legacy_recovered_16f|video=pigs041219%2F000218|track_id=tracklet_00000137,ID_4,tracklet_00000137,041219,FOLD_4,train,0,15,0,15,0,15
posture_review_0000182,source=cvat_tracking_xml|dataset=cvat_tracking_pigs301119_000328|video=pigs301119_000328|track_id=1|anchor=78,cvat_tracking_xml,cvat_tracking_pigs301119_000328,pigs301119_000328,pigs301119_000328,source=cvat_tracking_xml|dataset=cvat_tracking_pigs301119_000328|video=pigs301119_000328|track_id=1,ID_7,1,301119,FOLD_2,train,78,83,78,83,78,83
posture_review_0000183,source=legacy_recovered|dataset=legacy_recovered_16f|video=pigs031219%2F000117|track_id=tracklet_00002849|legacy_sequence,legacy_recovered,legacy_recovered_16f,pigs031219/000117,,source=legacy_recovered|dataset=legacy_recovered_16f|video=pigs031219%2F000117|track_id=tracklet_00002849,ID_1,tracklet_00002849,031219,FOLD_4,train,18,33,18,33,18,33
posture_review_0000184,source=cvat_tracking_xml|dataset=cvat_tracking_pigs301119_000328|video=pigs301119_000328|track_id=0|anchor=1200,cvat_tracking_xml,cvat_tracking_pigs301119_000328,pigs301119_000328,pigs301119_000328,source=cvat_tracking_xml|dataset=cvat_tracking_pigs301119_000328|video=pigs301119_000328|track_id=0,ID_8,0,301119,FOLD_2,train,1200,1205,1200,1205,1200,1205
posture_review_0000185,source=legacy_recovered|dataset=legacy_recovered_16f|video=pigs041219%2F000270|track_id=tracklet_00003909|legacy_sequence,legacy_recovered,legacy_recovered_16f,pigs041219/000270,,source=legacy_recovered|dataset=legacy_recovered_16f|video=pigs041219%2F000270|track_id=tracklet_00003909,ID_6,tracklet_00003909,041219,FOLD_4,train,0,15,0,15,0,15
posture_review_0000186,source=legacy_recovered|dataset=legacy_recovered_16f|video=pigs281119%2F000168|track_id=tracklet_00000045|legacy_sequence,legacy_recovered,legacy_recovered_16f,pigs281119/000168,,source=legacy_recovered|dataset=legacy_recovered_16f|video=pigs281119%2F000168|track_id=tracklet_00000045,ID_7,tracklet_00000045,281119,FOLD_3,validation,0,15,0,15,0,15
posture_review_0000187,source=cvat_tracking_xml|dataset=cvat_tracking_pigs301119_000328|video=pigs301119_000328|track_id=1|anchor=258,cvat_tracking_xml,cvat_tracking_pigs301119_000328,pigs301119_000328,pigs301119_000328,source=cvat_tracking_xml|dataset=cvat_tracking_pigs301119_000328|video=pigs301119_000328|track_id=1,ID_7,1,301119,FOLD_2,train,258,263,258,263,258,263
posture_review_0000188,source=legacy_recovered|dataset=legacy_recovered_16f|video=pigs281119%2F000164|track_id=tracklet_00000377|legacy_sequence,legacy_recovered,legacy_recovered_16f,pigs281119/000164,,source=legacy_recovered|dataset=legacy_recovered_16f|video=pigs281119%2F000164|track_id=tracklet_00000377,ID_3,tracklet_00000377,281119,FOLD_3,validation,0,15,0,15,0,15
posture_review_0000189,source=legacy_recovered|dataset=legacy_recovered_16f|video=pigs271119%2F000029|track_id=tracklet_00002818|legacy_sequence,legacy_recovered,legacy_recovered_16f,pigs271119/000029,,source=legacy_recovered|dataset=legacy_recovered_16f|video=pigs271119%2F000029|track_id=tracklet_00002818,ID_7,tracklet_00002818,271119,FOLD_4,train,0,15,0,15,0,15
posture_review_0000190,source=cvat_tracking_xml|dataset=cvat_tracking_Pigs281119_000085_30fps|video=Pigs281119_000085_30fps|track_id=7|anchor=342,cvat_tracking_xml,cvat_tracking_Pigs281119_000085_30fps,Pigs281119_000085_30fps,Pigs281119_000085_30fps,source=cvat_tracking_xml|dataset=cvat_tracking_Pigs281119_000085_30fps|video=Pigs281119_000085_30fps|track_id=7,ID_1,7,281119,FOLD_3,validation,342,347,342,347,342,347
posture_review_0000191,source=legacy_recovered|dataset=legacy_recovered_16f|video=pigs051219%2F000332|track_id=tracklet_00004316|legacy_sequence,legacy_recovered,legacy_recovered_16f,pigs051219/000332,,source=legacy_recovered|dataset=legacy_recovered_16f|video=pigs051219%2F000332|track_id=tracklet_00004316,ID_6,tracklet_00004316,051219,FOLD_4,train,0,15,0,15,0,15
posture_review_0000192,source=legacy_recovered|dataset=legacy_recovered_16f|video=pigs031219%2F000150|track_id=tracklet_00001870|legacy_sequence,legacy_recovered,legacy_recovered_16f,pigs031219/000150,,source=legacy_recovered|dataset=legacy_recovered_16f|video=pigs031219%2F000150|track_id=tracklet_00001870,ID_8,tracklet_00001870,031219,FOLD_4,train,0,15,0,15,0,15
posture_review_0000193,source=legacy_recovered|dataset=legacy_recovered_16f|video=pigs031219%2F000147|track_id=tracklet_00001641|legacy_sequence,legacy_recovered,legacy_recovered_16f,pigs031219/000147,,source=legacy_recovered|dataset=legacy_recovered_16f|video=pigs031219%2F000147|track_id=tracklet_00001641,ID_4,tracklet_00001641,031219,FOLD_4,train,0,15,0,15,0,15
posture_review_0000194,source=legacy_recovered|dataset=legacy_recovered_16f|video=pigs041219%2F000200|track_id=tracklet_00001782|legacy_sequence,legacy_recovered,legacy_recovered_16f,pigs041219/000200,,source=legacy_recovered|dataset=legacy_recovered_16f|video=pigs041219%2F000200|track_id=tracklet_00001782,ID_3,tracklet_00001782,041219,FOLD_4,train,0,15,0,15,0,15
posture_review_0000195,source=legacy_recovered|dataset=legacy_recovered_16f|video=pigs081119%2F000322|track_id=tracklet_00002274|legacy_sequence,legacy_recovered,legacy_recovered_16f,pigs081119/000322,,source=legacy_recovered|dataset=legacy_recovered_16f|video=pigs081119%2F000322|track_id=tracklet_00002274,ID_2,tracklet_00002274,081119,FOLD_4,train,0,15,0,15,0,15
posture_review_0000196,source=legacy_recovered|dataset=legacy_recovered_16f|video=pigs031219%2F000162|track_id=tracklet_00001336|legacy_sequence,legacy_recovered,legacy_recovered_16f,pigs031219/000162,,source=legacy_recovered|dataset=legacy_recovered_16f|video=pigs031219%2F000162|track_id=tracklet_00001336,ID_8,tracklet_00001336,031219,FOLD_4,train,7,22,7,22,7,22
posture_review_0000197,source=cvat_tracking_xml|dataset=cvat_tracking_Pigs281119_000085_30fps|video=Pigs281119_000085_30fps|track_id=5|anchor=126,cvat_tracking_xml,cvat_tracking_Pigs281119_000085_30fps,Pigs281119_000085_30fps,Pigs281119_000085_30fps,source=cvat_tracking_xml|dataset=cvat_tracking_Pigs281119_000085_30fps|video=Pigs281119_000085_30fps|track_id=5,ID_3,5,281119,FOLD_3,validation,126,131,126,131,126,131
posture_review_0000198,source=legacy_recovered|dataset=legacy_recovered_16f|video=pigs031219%2F000161|track_id=tracklet_00001025|legacy_sequence,legacy_recovered,legacy_recovered_16f,pigs031219/000161,,source=legacy_recovered|dataset=legacy_recovered_16f|video=pigs031219%2F000161|track_id=tracklet_00001025,ID_2,tracklet_00001025,031219,FOLD_4,train,0,15,0,15,0,15
posture_review_0000199,source=legacy_recovered|dataset=legacy_recovered_16f|video=pigs041219%2F000190|track_id=tracklet_00004277|legacy_sequence,legacy_recovered,legacy_recovered_16f,pigs041219/000190,,source=legacy_recovered|dataset=legacy_recovered_16f|video=pigs041219%2F000190|track_id=tracklet_00004277,ID_8,tracklet_00004277,041219,FOLD_4,train,17,32,17,32,17,32
posture_review_0000200,source=legacy_recovered|dataset=legacy_recovered_16f|video=pigs031219%2F000137|track_id=tracklet_00002240|legacy_sequence,legacy_recovered,legacy_recovered_16f,pigs031219/000137,,source=legacy_recovered|dataset=legacy_recovered_16f|video=pigs031219%2F000137|track_id=tracklet_00002240,ID_8,tracklet_00002240,031219,FOLD_4,train,3,18,3,18,3,18
posture_review_0000201,source=cvat_tracking_xml|dataset=cvat_tracking_Pigs281119_000085_30fps|video=Pigs281119_000085_30fps|track_id=0|anchor=162,cvat_tracking_xml,cvat_tracking_Pigs281119_000085_30fps,Pigs281119_000085_30fps,Pigs281119_000085_30fps,source=cvat_tracking_xml|dataset=cvat_tracking_Pigs281119_000085_30fps|video=Pigs281119_000085_30fps|track_id=0,ID_8,0,281119,FOLD_3,validation,162,167,162,167,162,167
posture_review_0000202,source=cvat_tracking_xml|dataset=cvat_tracking_pigs301119_000328|video=pigs301119_000328|track_id=7|anchor=1110,cvat_tracking_xml,cvat_tracking_pigs301119_000328,pigs301119_000328,pigs301119_000328,source=cvat_tracking_xml|dataset=cvat_tracking_pigs301119_000328|video=pigs301119_000328|track_id=7,ID_1,7,301119,FOLD_2,train,1110,1115,1110,1115,1110,1115
posture_review_0000203,source=cvat_tracking_xml|dataset=cvat_tracking_Pigs281119_000085_30fps|video=Pigs281119_000085_30fps|track_id=1|anchor=1632,cvat_tracking_xml,cvat_tracking_Pigs281119_000085_30fps,Pigs281119_000085_30fps,Pigs281119_000085_30fps,source=cvat_tracking_xml|dataset=cvat_tracking_Pigs281119_000085_30fps|video=Pigs281119_000085_30fps|track_id=1,ID_7,1,281119,FOLD_3,validation,1632,1637,1632,1637,1632,1637
posture_review_0000204,source=cvat_tracking_xml|dataset=cvat_tracking_pigs301119_000329|video=pigs301119_000329|track_id=1|anchor=348,cvat_tracking_xml,cvat_tracking_pigs301119_000329,pigs301119_000329,pigs301119_000329,source=cvat_tracking_xml|dataset=cvat_tracking_pigs301119_000329|video=pigs301119_000329|track_id=1,ID_7,1,301119,FOLD_2,train,348,353,348,353,348,353
posture_review_0000205,source=cvat_tracking_xml|dataset=cvat_tracking_pigs301119_000327|video=pigs301119_000327|track_id=2|anchor=264,cvat_tracking_xml,cvat_tracking_pigs301119_000327,pigs301119_000327,pigs301119_000327,source=cvat_tracking_xml|dataset=cvat_tracking_pigs301119_000327|video=pigs301119_000327|track_id=2,ID_3,2,301119,FOLD_2,exclude|train,264,269,264,269,264,269
posture_review_0000206,source=cvat_tracking_xml|dataset=cvat_tracking_Pigs281119_000085_30fps|video=Pigs281119_000085_30fps|track_id=1|anchor=1224,cvat_tracking_xml,cvat_tracking_Pigs281119_000085_30fps,Pigs281119_000085_30fps,Pigs281119_000085_30fps,source=cvat_tracking_xml|dataset=cvat_tracking_Pigs281119_000085_30fps|video=Pigs281119_000085_30fps|track_id=1,ID_7,1,281119,FOLD_3,validation,1224,1229,1224,1229,1224,1229
posture_review_0000207,source=cvat_tracking_xml|dataset=cvat_tracking_Pigs281119_000085_30fps|video=Pigs281119_000085_30fps|track_id=3|anchor=1176,cvat_tracking_xml,cvat_tracking_Pigs281119_000085_30fps,Pigs281119_000085_30fps,Pigs281119_000085_30fps,source=cvat_tracking_xml|dataset=cvat_tracking_Pigs281119_000085_30fps|video=Pigs281119_000085_30fps|track_id=3,ID_5,3,281119,FOLD_3,validation,1176,1181,1176,1181,1176,1181
posture_review_0000208,source=cvat_tracking_xml|dataset=cvat_tracking_Pigs281119_000085_30fps|video=Pigs281119_000085_30fps|track_id=7|anchor=30,cvat_tracking_xml,cvat_tracking_Pigs281119_000085_30fps,Pigs281119_000085_30fps,Pigs281119_000085_30fps,source=cvat_tracking_xml|dataset=cvat_tracking_Pigs281119_000085_30fps|video=Pigs281119_000085_30fps|track_id=7,ID_1,7,281119,FOLD_3,validation,30,35,30,35,30,35
posture_review_0000209,source=cvat_tracking_xml|dataset=cvat_tracking_pigs301119_000329|video=pigs301119_000329|track_id=2|anchor=1566,cvat_tracking_xml,cvat_tracking_pigs301119_000329,pigs301119_000329,pigs301119_000329,source=cvat_tracking_xml|dataset=cvat_tracking_pigs301119_000329|video=pigs301119_000329|track_id=2,ID_6,2,301119,FOLD_2,train,1566,1571,1566,1571,1566,1571
posture_review_0000210,source=cvat_tracking_xml|dataset=cvat_tracking_pigs301119_000328|video=pigs301119_000328|track_id=7|anchor=774,cvat_tracking_xml,cvat_tracking_pigs301119_000328,pigs301119_000328,pigs301119_000328,source=cvat_tracking_xml|dataset=cvat_tracking_pigs301119_000328|video=pigs301119_000328|track_id=7,ID_1,7,301119,FOLD_2,train,774,779,774,779,774,779
posture_review_0000211,source=cvat_tracking_xml|dataset=cvat_tracking_Pigs281119_000085_30fps|video=Pigs281119_000085_30fps|track_id=0|anchor=1590,cvat_tracking_xml,cvat_tracking_Pigs281119_000085_30fps,Pigs281119_000085_30fps,Pigs281119_000085_30fps,source=cvat_tracking_xml|dataset=cvat_tracking_Pigs281119_000085_30fps|video=Pigs281119_000085_30fps|track_id=0,ID_8,0,281119,FOLD_3,validation,1590,1595,1590,1595,1590,1595
posture_review_0000212,source=cvat_tracking_xml|dataset=cvat_tracking_pigs301119_000328|video=pigs301119_000328|track_id=7|anchor=870,cvat_tracking_xml,cvat_tracking_pigs301119_000328,pigs301119_000328,pigs301119_000328,source=cvat_tracking_xml|dataset=cvat_tracking_pigs301119_000328|video=pigs301119_000328|track_id=7,ID_1,7,301119,FOLD_2,train,870,875,870,875,870,875
posture_review_0000213,source=cvat_tracking_xml|dataset=cvat_tracking_pigs301119_000329|video=pigs301119_000329|track_id=6|anchor=18,cvat_tracking_xml,cvat_tracking_pigs301119_000329,pigs301119_000329,pigs301119_000329,source=cvat_tracking_xml|dataset=cvat_tracking_pigs301119_000329|video=pigs301119_000329|track_id=6,ID_2,6,301119,FOLD_2,train,18,23,18,23,18,23
posture_review_0000214,source=cvat_tracking_xml|dataset=cvat_tracking_pigs301119_000328|video=pigs301119_000328|track_id=7|anchor=468,cvat_tracking_xml,cvat_tracking_pigs301119_000328,pigs301119_000328,pigs301119_000328,source=cvat_tracking_xml|dataset=cvat_tracking_pigs301119_000328|video=pigs301119_000328|track_id=7,ID_1,7,301119,FOLD_2,train,468,473,468,473,468,473
posture_review_0000215,source=cvat_tracking_xml|dataset=cvat_tracking_pigs301119_000329|video=pigs301119_000329|track_id=2|anchor=1548,cvat_tracking_xml,cvat_tracking_pigs301119_000329,pigs301119_000329,pigs301119_000329,source=cvat_tracking_xml|dataset=cvat_tracking_pigs301119_000329|video=pigs301119_000329|track_id=2,ID_6,2,301119,FOLD_2,train,1548,1553,1548,1553,1548,1553
posture_review_0000216,source=cvat_tracking_xml|dataset=cvat_tracking_pigs301119_000329|video=pigs301119_000329|track_id=5|anchor=462,cvat_tracking_xml,cvat_tracking_pigs301119_000329,pigs301119_000329,pigs301119_000329,source=cvat_tracking_xml|dataset=cvat_tracking_pigs301119_000329|video=pigs301119_000329|track_id=5,ID_3,5,301119,FOLD_2,train,462,467,462,467,462,467
posture_review_0000217,source=cvat_tracking_xml|dataset=cvat_tracking_Pigs281119_000085_30fps|video=Pigs281119_000085_30fps|track_id=3|anchor=1074,cvat_tracking_xml,cvat_tracking_Pigs281119_000085_30fps,Pigs281119_000085_30fps,Pigs281119_000085_30fps,source=cvat_tracking_xml|dataset=cvat_tracking_Pigs281119_000085_30fps|video=Pigs281119_000085_30fps|track_id=3,ID_5,3,281119,FOLD_3,validation,1074,1079,1074,1079,1074,1079
posture_review_0000218,source=cvat_tracking_xml|dataset=cvat_tracking_pigs301119_000328|video=pigs301119_000328|track_id=6|anchor=36,cvat_tracking_xml,cvat_tracking_pigs301119_000328,pigs301119_000328,pigs301119_000328,source=cvat_tracking_xml|dataset=cvat_tracking_pigs301119_000328|video=pigs301119_000328|track_id=6,ID_2,6,301119,FOLD_2,train,36,41,36,41,36,41
posture_review_0000219,source=cvat_tracking_xml|dataset=cvat_tracking_Pigs281119_000085_30fps|video=Pigs281119_000085_30fps|track_id=1|anchor=1698,cvat_tracking_xml,cvat_tracking_Pigs281119_000085_30fps,Pigs281119_000085_30fps,Pigs281119_000085_30fps,source=cvat_tracking_xml|dataset=cvat_tracking_Pigs281119_000085_30fps|video=Pigs281119_000085_30fps|track_id=1,ID_7,1,281119,FOLD_3,validation,1698,1703,1698,1703,1698,1703
posture_review_0000220,source=cvat_tracking_xml|dataset=cvat_tracking_pigs301119_000327|video=pigs301119_000327|track_id=6|anchor=30,cvat_tracking_xml,cvat_tracking_pigs301119_000327,pigs301119_000327,pigs301119_000327,source=cvat_tracking_xml|dataset=cvat_tracking_pigs301119_000327|video=pigs301119_000327|track_id=6,ID_7,6,301119,FOLD_2,train,30,35,30,35,30,35
posture_review_0000221,source=cvat_tracking_xml|dataset=cvat_tracking_Pigs281119_000085_30fps|video=Pigs281119_000085_30fps|track_id=1|anchor=318,cvat_tracking_xml,cvat_tracking_Pigs281119_000085_30fps,Pigs281119_000085_30fps,Pigs281119_000085_30fps,source=cvat_tracking_xml|dataset=cvat_tracking_Pigs281119_000085_30fps|video=Pigs281119_000085_30fps|track_id=1,ID_7,1,281119,FOLD_3,validation,318,323,318,323,318,323
posture_review_0000222,source=cvat_tracking_xml|dataset=cvat_tracking_pigs301119_000328|video=pigs301119_000328|track_id=5|anchor=1230,cvat_tracking_xml,cvat_tracking_pigs301119_000328,pigs301119_000328,pigs301119_000328,source=cvat_tracking_xml|dataset=cvat_tracking_pigs301119_000328|video=pigs301119_000328|track_id=5,ID_3,5,301119,FOLD_2,train,1230,1235,1230,1235,1230,1235
posture_review_0000223,source=cvat_tracking_xml|dataset=cvat_tracking_Pigs281119_000085_30fps|video=Pigs281119_000085_30fps|track_id=0|anchor=102,cvat_tracking_xml,cvat_tracking_Pigs281119_000085_30fps,Pigs281119_000085_30fps,Pigs281119_000085_30fps,source=cvat_tracking_xml|dataset=cvat_tracking_Pigs281119_000085_30fps|video=Pigs281119_000085_30fps|track_id=0,ID_8,0,281119,FOLD_3,validation,102,107,102,107,102,107
posture_review_0000224,source=cvat_tracking_xml|dataset=cvat_tracking_pigs301119_000327|video=pigs301119_000327|track_id=2|anchor=0,cvat_tracking_xml,cvat_tracking_pigs301119_000327,pigs301119_000327,pigs301119_000327,source=cvat_tracking_xml|dataset=cvat_tracking_pigs301119_000327|video=pigs301119_000327|track_id=2,ID_3,2,301119,FOLD_2,train,0,5,0,5,0,5
posture_review_0000225,source=cvat_tracking_xml|dataset=cvat_tracking_pigs301119_000328|video=pigs301119_000328|track_id=7|anchor=1218,cvat_tracking_xml,cvat_tracking_pigs301119_000328,pigs301119_000328,pigs301119_000328,source=cvat_tracking_xml|dataset=cvat_tracking_pigs301119_000328|video=pigs301119_000328|track_id=7,ID_1,7,301119,FOLD_2,train,1218,1223,1218,1223,1218,1223
posture_review_0000226,source=cvat_tracking_xml|dataset=cvat_tracking_pigs301119_000327|video=pigs301119_000327|track_id=0|anchor=1608,cvat_tracking_xml,cvat_tracking_pigs301119_000327,pigs301119_000327,pigs301119_000327,source=cvat_tracking_xml|dataset=cvat_tracking_pigs301119_000327|video=pigs301119_000327|track_id=0,ID_1,0,301119,FOLD_2,train,1608,1613,1608,1613,1608,1613
posture_review_0000227,source=cvat_tracking_xml|dataset=cvat_tracking_pigs301119_000329|video=pigs301119_000329|track_id=3|anchor=828,cvat_tracking_xml,cvat_tracking_pigs301119_000329,pigs301119_000329,pigs301119_000329,source=cvat_tracking_xml|dataset=cvat_tracking_pigs301119_000329|video=pigs301119_000329|track_id=3,ID_5,3,301119,FOLD_2,train,828,833,828,833,828,833
posture_review_0000228,source=cvat_tracking_xml|dataset=cvat_tracking_Pigs281119_000085_30fps|video=Pigs281119_000085_30fps|track_id=0|anchor=354,cvat_tracking_xml,cvat_tracking_Pigs281119_000085_30fps,Pigs281119_000085_30fps,Pigs281119_000085_30fps,source=cvat_tracking_xml|dataset=cvat_tracking_Pigs281119_000085_30fps|video=Pigs281119_000085_30fps|track_id=0,ID_8,0,281119,FOLD_3,validation,354,359,354,359,354,359
posture_review_0000229,source=cvat_tracking_xml|dataset=cvat_tracking_pigs301119_000327|video=pigs301119_000327|track_id=7|anchor=1050,cvat_tracking_xml,cvat_tracking_pigs301119_000327,pigs301119_000327,pigs301119_000327,source=cvat_tracking_xml|dataset=cvat_tracking_pigs301119_000327|video=pigs301119_000327|track_id=7,ID_8,7,301119,FOLD_2,train,1050,1055,1050,1055,1050,1055
posture_review_0000230,source=cvat_tracking_xml|dataset=cvat_tracking_pigs301119_000327|video=pigs301119_000327|track_id=0|anchor=1584,cvat_tracking_xml,cvat_tracking_pigs301119_000327,pigs301119_000327,pigs301119_000327,source=cvat_tracking_xml|dataset=cvat_tracking_pigs301119_000327|video=pigs301119_000327|track_id=0,ID_1,0,301119,FOLD_2,train,1584,1589,1584,1589,1584,1589
posture_review_0000231,source=cvat_tracking_xml|dataset=cvat_tracking_pigs301119_000328|video=pigs301119_000328|track_id=7|anchor=402,cvat_tracking_xml,cvat_tracking_pigs301119_000328,pigs301119_000328,pigs301119_000328,source=cvat_tracking_xml|dataset=cvat_tracking_pigs301119_000328|video=pigs301119_000328|track_id=7,ID_1,7,301119,FOLD_2,train,402,407,402,407,402,407
posture_review_0000232,source=cvat_tracking_xml|dataset=cvat_tracking_pigs301119_000328|video=pigs301119_000328|track_id=6|anchor=270,cvat_tracking_xml,cvat_tracking_pigs301119_000328,pigs301119_000328,pigs301119_000328,source=cvat_tracking_xml|dataset=cvat_tracking_pigs301119_000328|video=pigs301119_000328|track_id=6,ID_2,6,301119,FOLD_2,train,270,275,270,275,270,275
posture_review_0000233,source=cvat_tracking_xml|dataset=cvat_tracking_pigs301119_000329|video=pigs301119_000329|track_id=2|anchor=1494,cvat_tracking_xml,cvat_tracking_pigs301119_000329,pigs301119_000329,pigs301119_000329,source=cvat_tracking_xml|dataset=cvat_tracking_pigs301119_000329|video=pigs301119_000329|track_id=2,ID_6,2,301119,FOLD_2,train,1494,1499,1494,1499,1494,1499
posture_review_0000234,source=cvat_tracking_xml|dataset=cvat_tracking_Pigs281119_000085_30fps|video=Pigs281119_000085_30fps|track_id=3|anchor=924,cvat_tracking_xml,cvat_tracking_Pigs281119_000085_30fps,Pigs281119_000085_30fps,Pigs281119_000085_30fps,source=cvat_tracking_xml|dataset=cvat_tracking_Pigs281119_000085_30fps|video=Pigs281119_000085_30fps|track_id=3,ID_5,3,281119,FOLD_3,validation,924,929,924,929,924,929
posture_review_0000235,source=cvat_tracking_xml|dataset=cvat_tracking_pigs301119_000328|video=pigs301119_000328|track_id=7|anchor=642,cvat_tracking_xml,cvat_tracking_pigs301119_000328,pigs301119_000328,pigs301119_000328,source=cvat_tracking_xml|dataset=cvat_tracking_pigs301119_000328|video=pigs301119_000328|track_id=7,ID_1,7,301119,FOLD_2,train,642,647,642,647,642,647
posture_review_0000236,source=cvat_tracking_xml|dataset=cvat_tracking_pigs301119_000329|video=pigs301119_000329|track_id=3|anchor=1020,cvat_tracking_xml,cvat_tracking_pigs301119_000329,pigs301119_000329,pigs301119_000329,source=cvat_tracking_xml|dataset=cvat_tracking_pigs301119_000329|video=pigs301119_000329|track_id=3,ID_5,3,301119,FOLD_2,train,1020,1025,1020,1025,1020,1025
posture_review_0000237,source=cvat_tracking_xml|dataset=cvat_tracking_pigs301119_000329|video=pigs301119_000329|track_id=5|anchor=588,cvat_tracking_xml,cvat_tracking_pigs301119_000329,pigs301119_000329,pigs301119_000329,source=cvat_tracking_xml|dataset=cvat_tracking_pigs301119_000329|video=pigs301119_000329|track_id=5,ID_3,5,301119,FOLD_2,train,588,593,588,593,588,593
posture_review_0000238,source=cvat_tracking_xml|dataset=cvat_tracking_pigs301119_000328|video=pigs301119_000328|track_id=7|anchor=1566,cvat_tracking_xml,cvat_tracking_pigs301119_000328,pigs301119_000328,pigs301119_000328,source=cvat_tracking_xml|dataset=cvat_tracking_pigs301119_000328|video=pigs301119_000328|track_id=7,ID_1,7,301119,FOLD_2,train,1566,1571,1566,1571,1566,1571
posture_review_0000239,source=cvat_tracking_xml|dataset=cvat_tracking_pigs301119_000329|video=pigs301119_000329|track_id=6|anchor=96,cvat_tracking_xml,cvat_tracking_pigs301119_000329,pigs301119_000329,pigs301119_000329,source=cvat_tracking_xml|dataset=cvat_tracking_pigs301119_000329|video=pigs301119_000329|track_id=6,ID_2,6,301119,FOLD_2,train,96,101,96,101,96,101
posture_review_0000240,source=cvat_tracking_xml|dataset=cvat_tracking_pigs301119_000328|video=pigs301119_000328|track_id=7|anchor=1458,cvat_tracking_xml,cvat_tracking_pigs301119_000328,pigs301119_000328,pigs301119_000328,source=cvat_tracking_xml|dataset=cvat_tracking_pigs301119_000328|video=pigs301119_000328|track_id=7,ID_1,7,301119,FOLD_2,train,1458,1463,1458,1463,1458,1463
posture_review_0000241,source=cvat_tracking_xml|dataset=cvat_tracking_pigs301119_000328|video=pigs301119_000328|track_id=7|anchor=1152,cvat_tracking_xml,cvat_tracking_pigs301119_000328,pigs301119_000328,pigs301119_000328,source=cvat_tracking_xml|dataset=cvat_tracking_pigs301119_000328|video=pigs301119_000328|track_id=7,ID_1,7,301119,FOLD_2,train,1152,1157,1152,1157,1152,1157
posture_review_0000242,source=cvat_tracking_xml|dataset=cvat_tracking_pigs301119_000327|video=pigs301119_000327|track_id=7|anchor=978,cvat_tracking_xml,cvat_tracking_pigs301119_000327,pigs301119_000327,pigs301119_000327,source=cvat_tracking_xml|dataset=cvat_tracking_pigs301119_000327|video=pigs301119_000327|track_id=7,ID_8,7,301119,FOLD_2,train,978,983,978,983,978,983
posture_review_0000243,source=cvat_tracking_xml|dataset=cvat_tracking_pigs301119_000329|video=pigs301119_000329|track_id=0|anchor=1296,cvat_tracking_xml,cvat_tracking_pigs301119_000329,pigs301119_000329,pigs301119_000329,source=cvat_tracking_xml|dataset=cvat_tracking_pigs301119_000329|video=pigs301119_000329|track_id=0,ID_8,0,301119,FOLD_2,train,1296,1301,1296,1301,1296,1301
posture_review_0000244,source=cvat_tracking_xml|dataset=cvat_tracking_pigs301119_000329|video=pigs301119_000329|track_id=5|anchor=570,cvat_tracking_xml,cvat_tracking_pigs301119_000329,pigs301119_000329,pigs301119_000329,source=cvat_tracking_xml|dataset=cvat_tracking_pigs301119_000329|video=pigs301119_000329|track_id=5,ID_3,5,301119,FOLD_2,train,570,575,570,575,570,575
posture_review_0000245,source=cvat_tracking_xml|dataset=cvat_tracking_pigs301119_000328|video=pigs301119_000328|track_id=0|anchor=396,cvat_tracking_xml,cvat_tracking_pigs301119_000328,pigs301119_000328,pigs301119_000328,source=cvat_tracking_xml|dataset=cvat_tracking_pigs301119_000328|video=pigs301119_000328|track_id=0,ID_8,0,301119,FOLD_2,train,396,401,396,401,396,401
posture_review_0000246,source=cvat_tracking_xml|dataset=cvat_tracking_pigs301119_000327|video=pigs301119_000327|track_id=2|anchor=6,cvat_tracking_xml,cvat_tracking_pigs301119_000327,pigs301119_000327,pigs301119_000327,source=cvat_tracking_xml|dataset=cvat_tracking_pigs301119_000327|video=pigs301119_000327|track_id=2,ID_3,2,301119,FOLD_2,train,6,11,6,11,6,11
posture_review_0000247,source=cvat_tracking_xml|dataset=cvat_tracking_pigs301119_000327|video=pigs301119_000327|track_id=0|anchor=1740,cvat_tracking_xml,cvat_tracking_pigs301119_000327,pigs301119_000327,pigs301119_000327,source=cvat_tracking_xml|dataset=cvat_tracking_pigs301119_000327|video=pigs301119_000327|track_id=0,ID_1,0,301119,FOLD_2,train,1740,1745,1740,1745,1740,1745
posture_review_0000248,source=cvat_tracking_xml|dataset=cvat_tracking_pigs301119_000328|video=pigs301119_000328|track_id=0|anchor=714,cvat_tracking_xml,cvat_tracking_pigs301119_000328,pigs301119_000328,pigs301119_000328,source=cvat_tracking_xml|dataset=cvat_tracking_pigs301119_000328|video=pigs301119_000328|track_id=0,ID_8,0,301119,FOLD_2,train,714,719,714,719,714,719
posture_review_0000249,source=cvat_tracking_xml|dataset=cvat_tracking_pigs301119_000328|video=pigs301119_000328|track_id=6|anchor=222,cvat_tracking_xml,cvat_tracking_pigs301119_000328,pigs301119_000328,pigs301119_000328,source=cvat_tracking_xml|dataset=cvat_tracking_pigs301119_000328|video=pigs301119_000328|track_id=6,ID_2,6,301119,FOLD_2,train,222,227,222,227,222,227
posture_review_0000250,source=cvat_tracking_xml|dataset=cvat_tracking_pigs301119_000328|video=pigs301119_000328|track_id=5|anchor=834,cvat_tracking_xml,cvat_tracking_pigs301119_000328,pigs301119_000328,pigs301119_000328,source=cvat_tracking_xml|dataset=cvat_tracking_pigs301119_000328|video=pigs301119_000328|track_id=5,ID_3,5,301119,FOLD_2,train,834,839,834,839,834,839
posture_review_0000251,source=cvat_tracking_xml|dataset=cvat_tracking_pigs301119_000329|video=pigs301119_000329|track_id=3|anchor=1554,cvat_tracking_xml,cvat_tracking_pigs301119_000329,pigs301119_000329,pigs301119_000329,source=cvat_tracking_xml|dataset=cvat_tracking_pigs301119_000329|video=pigs301119_000329|track_id=3,ID_5,3,301119,FOLD_2,train,1554,1559,1554,1559,1554,1559
posture_review_0000252,source=cvat_tracking_xml|dataset=cvat_tracking_pigs301119_000327|video=pigs301119_000327|track_id=7|anchor=1416,cvat_tracking_xml,cvat_tracking_pigs301119_000327,pigs301119_000327,pigs301119_000327,source=cvat_tracking_xml|dataset=cvat_tracking_pigs301119_000327|video=pigs301119_000327|track_id=7,ID_8,7,301119,FOLD_2,exclude|train,1416,1421,1416,1421,1416,1421
posture_review_0000253,source=cvat_tracking_xml|dataset=cvat_tracking_pigs301119_000329|video=pigs301119_000329|track_id=5|anchor=894,cvat_tracking_xml,cvat_tracking_pigs301119_000329,pigs301119_000329,pigs301119_000329,source=cvat_tracking_xml|dataset=cvat_tracking_pigs301119_000329|video=pigs301119_000329|track_id=5,ID_3,5,301119,FOLD_2,train,894,899,894,899,894,899
posture_review_0000254,source=cvat_tracking_xml|dataset=cvat_tracking_pigs301119_000329|video=pigs301119_000329|track_id=5|anchor=1164,cvat_tracking_xml,cvat_tracking_pigs301119_000329,pigs301119_000329,pigs301119_000329,source=cvat_tracking_xml|dataset=cvat_tracking_pigs301119_000329|video=pigs301119_000329|track_id=5,ID_3,5,301119,FOLD_2,train,1164,1169,1164,1169,1164,1169
posture_review_0000255,source=cvat_tracking_xml|dataset=cvat_tracking_pigs301119_000329|video=pigs301119_000329|track_id=6|anchor=786,cvat_tracking_xml,cvat_tracking_pigs301119_000329,pigs301119_000329,pigs301119_000329,source=cvat_tracking_xml|dataset=cvat_tracking_pigs301119_000329|video=pigs301119_000329|track_id=6,ID_2,6,301119,FOLD_2,train,786,791,786,791,786,791
posture_review_0000256,source=cvat_tracking_xml|dataset=cvat_tracking_pigs301119_000327|video=pigs301119_000327|track_id=7|anchor=1038,cvat_tracking_xml,cvat_tracking_pigs301119_000327,pigs301119_000327,pigs301119_000327,source=cvat_tracking_xml|dataset=cvat_tracking_pigs301119_000327|video=pigs301119_000327|track_id=7,ID_8,7,301119,FOLD_2,train,1038,1043,1038,1043,1038,1043
posture_review_0000257,source=cvat_tracking_xml|dataset=cvat_tracking_pigs301119_000327|video=pigs301119_000327|track_id=5|anchor=1212,cvat_tracking_xml,cvat_tracking_pigs301119_000327,pigs301119_000327,pigs301119_000327,source=cvat_tracking_xml|dataset=cvat_tracking_pigs301119_000327|video=pigs301119_000327|track_id=5,ID_6,5,301119,FOLD_2,exclude|train,1212,1217,1212,1217,1212,1217
posture_review_0000258,source=cvat_tracking_xml|dataset=cvat_tracking_pigs301119_000329|video=pigs301119_000329|track_id=0|anchor=1680,cvat_tracking_xml,cvat_tracking_pigs301119_000329,pigs301119_000329,pigs301119_000329,source=cvat_tracking_xml|dataset=cvat_tracking_pigs301119_000329|video=pigs301119_000329|track_id=0,ID_8,0,301119,FOLD_2,train,1680,1685,1680,1685,1680,1685
posture_review_0000259,source=cvat_tracking_xml|dataset=cvat_tracking_pigs301119_000329|video=pigs301119_000329|track_id=5|anchor=984,cvat_tracking_xml,cvat_tracking_pigs301119_000329,pigs301119_000329,pigs301119_000329,source=cvat_tracking_xml|dataset=cvat_tracking_pigs301119_000329|video=pigs301119_000329|track_id=5,ID_3,5,301119,FOLD_2,train,984,989,984,989,984,989
posture_review_0000260,source=cvat_tracking_xml|dataset=cvat_tracking_pigs301119_000329|video=pigs301119_000329|track_id=3|anchor=1392,cvat_tracking_xml,cvat_tracking_pigs301119_000329,pigs301119_000329,pigs301119_000329,source=cvat_tracking_xml|dataset=cvat_tracking_pigs301119_000329|video=pigs301119_000329|track_id=3,ID_5,3,301119,FOLD_2,train,1392,1397,1392,1397,1392,1397
posture_review_0000261,source=cvat_tracking_xml|dataset=cvat_tracking_pigs301119_000329|video=pigs301119_000329|track_id=0|anchor=1434,cvat_tracking_xml,cvat_tracking_pigs301119_000329,pigs301119_000329,pigs301119_000329,source=cvat_tracking_xml|dataset=cvat_tracking_pigs301119_000329|video=pigs301119_000329|track_id=0,ID_8,0,301119,FOLD_2,train,1434,1439,1434,1439,1434,1439
posture_review_0000262,source=cvat_tracking_xml|dataset=cvat_tracking_pigs301119_000329|video=pigs301119_000329|track_id=2|anchor=1326,cvat_tracking_xml,cvat_tracking_pigs301119_000329,pigs301119_000329,pigs301119_000329,source=cvat_tracking_xml|dataset=cvat_tracking_pigs301119_000329|video=pigs301119_000329|track_id=2,ID_6,2,301119,FOLD_2,train,1326,1331,1326,1331,1326,1331
posture_review_0000263,source=cvat_tracking_xml|dataset=cvat_tracking_pigs301119_000329|video=pigs301119_000329|track_id=5|anchor=600,cvat_tracking_xml,cvat_tracking_pigs301119_000329,pigs301119_000329,pigs301119_000329,source=cvat_tracking_xml|dataset=cvat_tracking_pigs301119_000329|video=pigs301119_000329|track_id=5,ID_3,5,301119,FOLD_2,train,600,605,600,605,600,605
posture_review_0000264,source=cvat_tracking_xml|dataset=cvat_tracking_pigs301119_000329|video=pigs301119_000329|track_id=5|anchor=678,cvat_tracking_xml,cvat_tracking_pigs301119_000329,pigs301119_000329,pigs301119_000329,source=cvat_tracking_xml|dataset=cvat_tracking_pigs301119_000329|video=pigs301119_000329|track_id=5,ID_3,5,301119,FOLD_2,train,678,683,678,683,678,683
posture_review_0000265,source=cvat_tracking_xml|dataset=cvat_tracking_pigs301119_000329|video=pigs301119_000329|track_id=5|anchor=1794,cvat_tracking_xml,cvat_tracking_pigs301119_000329,pigs301119_000329,pigs301119_000329,source=cvat_tracking_xml|dataset=cvat_tracking_pigs301119_000329|video=pigs301119_000329|track_id=5,ID_3,5,301119,FOLD_2,exclude|train,1794,1799,1794,1799,1794,1799
posture_review_0000266,source=cvat_tracking_xml|dataset=cvat_tracking_pigs301119_000327|video=pigs301119_000327|track_id=0|anchor=1650,cvat_tracking_xml,cvat_tracking_pigs301119_000327,pigs301119_000327,pigs301119_000327,source=cvat_tracking_xml|dataset=cvat_tracking_pigs301119_000327|video=pigs301119_000327|track_id=0,ID_1,0,301119,FOLD_2,train,1650,1655,1650,1655,1650,1655
posture_review_0000267,source=cvat_tracking_xml|dataset=cvat_tracking_pigs301119_000327|video=pigs301119_000327|track_id=0|anchor=1308,cvat_tracking_xml,cvat_tracking_pigs301119_000327,pigs301119_000327,pigs301119_000327,source=cvat_tracking_xml|dataset=cvat_tracking_pigs301119_000327|video=pigs301119_000327|track_id=0,ID_1,0,301119,FOLD_2,train,1308,1313,1308,1313,1308,1313
posture_review_0000268,source=cvat_tracking_xml|dataset=cvat_tracking_pigs301119_000327|video=pigs301119_000327|track_id=7|anchor=954,cvat_tracking_xml,cvat_tracking_pigs301119_000327,pigs301119_000327,pigs301119_000327,source=cvat_tracking_xml|dataset=cvat_tracking_pigs301119_000327|video=pigs301119_000327|track_id=7,ID_8,7,301119,FOLD_2,train,954,959,954,959,954,959
posture_review_0000269,source=cvat_tracking_xml|dataset=cvat_tracking_pigs301119_000327|video=pigs301119_000327|track_id=2|anchor=162,cvat_tracking_xml,cvat_tracking_pigs301119_000327,pigs301119_000327,pigs301119_000327,source=cvat_tracking_xml|dataset=cvat_tracking_pigs301119_000327|video=pigs301119_000327|track_id=2,ID_3,2,301119,FOLD_2,train,162,167,162,167,162,167
posture_review_0000270,source=cvat_tracking_xml|dataset=cvat_tracking_pigs301119_000327|video=pigs301119_000327|track_id=0|anchor=1746,cvat_tracking_xml,cvat_tracking_pigs301119_000327,pigs301119_000327,pigs301119_000327,source=cvat_tracking_xml|dataset=cvat_tracking_pigs301119_000327|video=pigs301119_000327|track_id=0,ID_1,0,301119,FOLD_2,train,1746,1751,1746,1751,1746,1751
posture_review_0000271,source=cvat_tracking_xml|dataset=cvat_tracking_pigs301119_000327|video=pigs301119_000327|track_id=2|anchor=42,cvat_tracking_xml,cvat_tracking_pigs301119_000327,pigs301119_000327,pigs301119_000327,source=cvat_tracking_xml|dataset=cvat_tracking_pigs301119_000327|video=pigs301119_000327|track_id=2,ID_3,2,301119,FOLD_2,train,42,47,42,47,42,47
posture_review_0000272,source=cvat_tracking_xml|dataset=cvat_tracking_pigs301119_000327|video=pigs301119_000327|track_id=0|anchor=1530,cvat_tracking_xml,cvat_tracking_pigs301119_000327,pigs301119_000327,pigs301119_000327,source=cvat_tracking_xml|dataset=cvat_tracking_pigs301119_000327|video=pigs301119_000327|track_id=0,ID_1,0,301119,FOLD_2,train,1530,1535,1530,1535,1530,1535
posture_review_0000273,source=cvat_tracking_xml|dataset=cvat_tracking_pigs301119_000327|video=pigs301119_000327|track_id=7|anchor=942,cvat_tracking_xml,cvat_tracking_pigs301119_000327,pigs301119_000327,pigs301119_000327,source=cvat_tracking_xml|dataset=cvat_tracking_pigs301119_000327|video=pigs301119_000327|track_id=7,ID_8,7,301119,FOLD_2,train,942,947,942,947,942,947
posture_review_0000274,source=cvat_tracking_xml|dataset=cvat_tracking_pigs301119_000327|video=pigs301119_000327|track_id=0|anchor=1752,cvat_tracking_xml,cvat_tracking_pigs301119_000327,pigs301119_000327,pigs301119_000327,source=cvat_tracking_xml|dataset=cvat_tracking_pigs301119_000327|video=pigs301119_000327|track_id=0,ID_1,0,301119,FOLD_2,train,1752,1757,1752,1757,1752,1757
posture_review_0000275,source=cvat_tracking_xml|dataset=cvat_tracking_pigs301119_000327|video=pigs301119_000327|track_id=7|anchor=1134,cvat_tracking_xml,cvat_tracking_pigs301119_000327,pigs301119_000327,pigs301119_000327,source=cvat_tracking_xml|dataset=cvat_tracking_pigs301119_000327|video=pigs301119_000327|track_id=7,ID_8,7,301119,FOLD_2,train,1134,1139,1134,1139,1134,1139
posture_review_0000276,source=cvat_tracking_xml|dataset=cvat_tracking_Pigs281119_000114_30fps|video=Pigs281119_000114_30fps|track_id=7|anchor=1638,cvat_tracking_xml,cvat_tracking_Pigs281119_000114_30fps,Pigs281119_000114_30fps,Pigs281119_000114_30fps,source=cvat_tracking_xml|dataset=cvat_tracking_Pigs281119_000114_30fps|video=Pigs281119_000114_30fps|track_id=7,ID_8,7,281119,FOLD_3,validation,1638,1643,1638,1643,1638,1643
posture_review_0000277,source=legacy_recovered|dataset=legacy_recovered_16f|video=pigs041219%2F000224|track_id=tracklet_00001455|legacy_sequence,legacy_recovered,legacy_recovered_16f,pigs041219/000224,,source=legacy_recovered|dataset=legacy_recovered_16f|video=pigs041219%2F000224|track_id=tracklet_00001455,ID_7,tracklet_00001455,041219,FOLD_4,train,0,15,0,15,0,15
posture_review_0000278,source=legacy_recovered|dataset=legacy_recovered_16f|video=pigs151119%2F000027|track_id=tracklet_00000555|legacy_sequence,legacy_recovered,legacy_recovered_16f,pigs151119/000027,,source=legacy_recovered|dataset=legacy_recovered_16f|video=pigs151119%2F000027|track_id=tracklet_00000555,ID_7,tracklet_00000555,151119,FOLD_4,train,4,19,4,19,4,19
posture_review_0000279,source=legacy_recovered|dataset=legacy_recovered_16f|video=pigs281119%2F000160|track_id=tracklet_00000833|legacy_sequence,legacy_recovered,legacy_recovered_16f,pigs281119/000160,,source=legacy_recovered|dataset=legacy_recovered_16f|video=pigs281119%2F000160|track_id=tracklet_00000833,ID_2,tracklet_00000833,281119,FOLD_3,validation,1,16,1,16,1,16
posture_review_0000280,source=legacy_recovered|dataset=legacy_recovered_16f|video=pigs271119%2F000012|track_id=tracklet_00003596|legacy_sequence,legacy_recovered,legacy_recovered_16f,pigs271119/000012,,source=legacy_recovered|dataset=legacy_recovered_16f|video=pigs271119%2F000012|track_id=tracklet_00003596,ID_1,tracklet_00003596,271119,FOLD_4,train,0,15,0,15,0,15
posture_review_0000281,source=cvat_tracking_xml|dataset=cvat_tracking_Pigs281119_000114_30fps|video=Pigs281119_000114_30fps|track_id=3|anchor=942,cvat_tracking_xml,cvat_tracking_Pigs281119_000114_30fps,Pigs281119_000114_30fps,Pigs281119_000114_30fps,source=cvat_tracking_xml|dataset=cvat_tracking_Pigs281119_000114_30fps|video=Pigs281119_000114_30fps|track_id=3,ID_4,3,281119,FOLD_3,validation,942,947,942,947,942,947
posture_review_0000282,source=legacy_recovered|dataset=legacy_recovered_16f|video=pigs281119%2F000087|track_id=tracklet_00000954|legacy_sequence,legacy_recovered,legacy_recovered_16f,pigs281119/000087,,source=legacy_recovered|dataset=legacy_recovered_16f|video=pigs281119%2F000087|track_id=tracklet_00000954,ID_3,tracklet_00000954,281119,FOLD_3,validation,484,499,484,499,484,499
posture_review_0000283,source=legacy_recovered|dataset=legacy_recovered_16f|video=pigs031219%2F000137|track_id=tracklet_00002237|legacy_sequence,legacy_recovered,legacy_recovered_16f,pigs031219/000137,,source=legacy_recovered|dataset=legacy_recovered_16f|video=pigs031219%2F000137|track_id=tracklet_00002237,ID_5,tracklet_00002237,031219,FOLD_4,train,3,18,3,18,3,18
posture_review_0000284,source=cvat_tracking_xml|dataset=cvat_tracking_Pigs281119_000114_30fps|video=Pigs281119_000114_30fps|track_id=0|anchor=1488,cvat_tracking_xml,cvat_tracking_Pigs281119_000114_30fps,Pigs281119_000114_30fps,Pigs281119_000114_30fps,source=cvat_tracking_xml|dataset=cvat_tracking_Pigs281119_000114_30fps|video=Pigs281119_000114_30fps|track_id=0,ID_1,0,281119,FOLD_3,validation,1488,1493,1488,1493,1488,1493
posture_review_0000285,source=cvat_tracking_xml|dataset=cvat_tracking_Pigs281119_000114_30fps|video=Pigs281119_000114_30fps|track_id=7|anchor=1518,cvat_tracking_xml,cvat_tracking_Pigs281119_000114_30fps,Pigs281119_000114_30fps,Pigs281119_000114_30fps,source=cvat_tracking_xml|dataset=cvat_tracking_Pigs281119_000114_30fps|video=Pigs281119_000114_30fps|track_id=7,ID_8,7,281119,FOLD_3,validation,1518,1523,1518,1523,1518,1523
posture_review_0000286,source=legacy_recovered|dataset=legacy_recovered_16f|video=pigs151119%2F000037|track_id=tracklet_00000758|legacy_sequence,legacy_recovered,legacy_recovered_16f,pigs151119/000037,,source=legacy_recovered|dataset=legacy_recovered_16f|video=pigs151119%2F000037|track_id=tracklet_00000758,ID_1,tracklet_00000758,151119,FOLD_4,train,3,18,3,18,3,18
posture_review_0000287,source=cvat_tracking_xml|dataset=cvat_tracking_Pigs281119_000114_30fps|video=Pigs281119_000114_30fps|track_id=2|anchor=1308,cvat_tracking_xml,cvat_tracking_Pigs281119_000114_30fps,Pigs281119_000114_30fps,Pigs281119_000114_30fps,source=cvat_tracking_xml|dataset=cvat_tracking_Pigs281119_000114_30fps|video=Pigs281119_000114_30fps|track_id=2,ID_3,2,281119,FOLD_3,validation,1308,1313,1308,1313,1308,1313
posture_review_0000288,source=legacy_recovered|dataset=legacy_recovered_16f|video=pigs051219%2F000326|track_id=tracklet_00002232|legacy_sequence,legacy_recovered,legacy_recovered_16f,pigs051219/000326,,source=legacy_recovered|dataset=legacy_recovered_16f|video=pigs051219%2F000326|track_id=tracklet_00002232,ID_7,tracklet_00002232,051219,FOLD_4,train,0,15,0,15,0,15
posture_review_0000289,source=legacy_recovered|dataset=legacy_recovered_16f|video=pigs091119%2F000449|track_id=tracklet_00002041|legacy_sequence,legacy_recovered,legacy_recovered_16f,pigs091119/000449,,source=legacy_recovered|dataset=legacy_recovered_16f|video=pigs091119%2F000449|track_id=tracklet_00002041,ID_6,tracklet_00002041,091119,FOLD_4,train,0,15,0,15,0,15
posture_review_0000290,source=cvat_tracking_xml|dataset=cvat_tracking_Pigs281119_000114_30fps|video=Pigs281119_000114_30fps|track_id=2|anchor=822,cvat_tracking_xml,cvat_tracking_Pigs281119_000114_30fps,Pigs281119_000114_30fps,Pigs281119_000114_30fps,source=cvat_tracking_xml|dataset=cvat_tracking_Pigs281119_000114_30fps|video=Pigs281119_000114_30fps|track_id=2,ID_3,2,281119,FOLD_3,validation,822,827,822,827,822,827
posture_review_0000291,source=legacy_recovered|dataset=legacy_recovered_16f|video=pigs051219%2F000298|track_id=tracklet_00002974|legacy_sequence,legacy_recovered,legacy_recovered_16f,pigs051219/000298,,source=legacy_recovered|dataset=legacy_recovered_16f|video=pigs051219%2F000298|track_id=tracklet_00002974,ID_8,tracklet_00002974,051219,FOLD_4,train,0,15,0,15,0,15
posture_review_0000292,source=legacy_recovered|dataset=legacy_recovered_16f|video=pigs041219%2F000229|track_id=tracklet_00000071|legacy_sequence,legacy_recovered,legacy_recovered_16f,pigs041219/000229,,source=legacy_recovered|dataset=legacy_recovered_16f|video=pigs041219%2F000229|track_id=tracklet_00000071,ID_2,tracklet_00000071,041219,FOLD_4,train,1,16,1,16,1,16
posture_review_0000293,source=legacy_recovered|dataset=legacy_recovered_16f|video=pigs041219%2F000191|track_id=tracklet_00000345|legacy_sequence,legacy_recovered,legacy_recovered_16f,pigs041219/000191,,source=legacy_recovered|dataset=legacy_recovered_16f|video=pigs041219%2F000191|track_id=tracklet_00000345,ID_3,tracklet_00000345,041219,FOLD_4,train,0,15,0,15,0,15
posture_review_0000294,source=cvat_tracking_xml|dataset=cvat_tracking_Pigs281119_000114_30fps|video=Pigs281119_000114_30fps|track_id=3|anchor=1104,cvat_tracking_xml,cvat_tracking_Pigs281119_000114_30fps,Pigs281119_000114_30fps,Pigs281119_000114_30fps,source=cvat_tracking_xml|dataset=cvat_tracking_Pigs281119_000114_30fps|video=Pigs281119_000114_30fps|track_id=3,ID_4,3,281119,FOLD_3,validation,1104,1109,1104,1109,1104,1109
posture_review_0000295,source=legacy_recovered|dataset=legacy_recovered_16f|video=pigs041219%2F000252|track_id=tracklet_00002699|legacy_sequence,legacy_recovered,legacy_recovered_16f,pigs041219/000252,,source=legacy_recovered|dataset=legacy_recovered_16f|video=pigs041219%2F000252|track_id=tracklet_00002699,ID_7,tracklet_00002699,041219,FOLD_4,train,0,15,0,15,0,15
posture_review_0000296,source=legacy_recovered|dataset=legacy_recovered_16f|video=pigs031219%2F000091|track_id=tracklet_00001815|legacy_sequence,legacy_recovered,legacy_recovered_16f,pigs031219/000091,,source=legacy_recovered|dataset=legacy_recovered_16f|video=pigs031219%2F000091|track_id=tracklet_00001815,ID_1,tracklet_00001815,031219,FOLD_4,train,3,18,3,18,3,18
posture_review_0000297,source=legacy_recovered|dataset=legacy_recovered_16f|video=pigs041219%2F000226|track_id=tracklet_00002861|legacy_sequence,legacy_recovered,legacy_recovered_16f,pigs041219/000226,,source=legacy_recovered|dataset=legacy_recovered_16f|video=pigs041219%2F000226|track_id=tracklet_00002861,ID_4,tracklet_00002861,041219,FOLD_4,train,0,15,0,15,0,15
posture_review_0000298,source=cvat_tracking_xml|dataset=cvat_tracking_Pigs281119_000114_30fps|video=Pigs281119_000114_30fps|track_id=3|anchor=1110,cvat_tracking_xml,cvat_tracking_Pigs281119_000114_30fps,Pigs281119_000114_30fps,Pigs281119_000114_30fps,source=cvat_tracking_xml|dataset=cvat_tracking_Pigs281119_000114_30fps|video=Pigs281119_000114_30fps|track_id=3,ID_4,3,281119,FOLD_3,validation,1110,1115,1110,1115,1110,1115
posture_review_0000299,source=legacy_recovered|dataset=legacy_recovered_16f|video=pigs091119%2F000436|track_id=tracklet_00004243|legacy_sequence,legacy_recovered,legacy_recovered_16f,pigs091119/000436,,source=legacy_recovered|dataset=legacy_recovered_16f|video=pigs091119%2F000436|track_id=tracklet_00004243,ID_5,tracklet_00004243,091119,FOLD_4,train,1,16,1,16,1,16
posture_review_0000300,source=legacy_recovered|dataset=legacy_recovered_16f|video=pigs281119%2F000087|track_id=tracklet_00000952|legacy_sequence,legacy_recovered,legacy_recovered_16f,pigs281119/000087,,source=legacy_recovered|dataset=legacy_recovered_16f|video=pigs281119%2F000087|track_id=tracklet_00000952,ID_1,tracklet_00000952,281119,FOLD_3,validation,484,499,484,499,484,499
posture_review_0000301,source=legacy_recovered|dataset=legacy_recovered_16f|video=pigs081119%2F000403|track_id=tracklet_00000126|legacy_sequence,legacy_recovered,legacy_recovered_16f,pigs081119/000403,,source=legacy_recovered|dataset=legacy_recovered_16f|video=pigs081119%2F000403|track_id=tracklet_00000126,ID_1,tracklet_00000126,081119,FOLD_4,train,15,30,15,30,15,30
posture_review_0000302,source=cvat_tracking_xml|dataset=cvat_tracking_Pigs281119_000114_30fps|video=Pigs281119_000114_30fps|track_id=2|anchor=954,cvat_tracking_xml,cvat_tracking_Pigs281119_000114_30fps,Pigs281119_000114_30fps,Pigs281119_000114_30fps,source=cvat_tracking_xml|dataset=cvat_tracking_Pigs281119_000114_30fps|video=Pigs281119_000114_30fps|track_id=2,ID_3,2,281119,FOLD_3,validation,954,959,954,959,954,959
posture_review_0000303,source=legacy_recovered|dataset=legacy_recovered_16f|video=pigs151119%2F000008|track_id=tracklet_00001209|legacy_sequence,legacy_recovered,legacy_recovered_16f,pigs151119/000008,,source=legacy_recovered|dataset=legacy_recovered_16f|video=pigs151119%2F000008|track_id=tracklet_00001209,ID_8,tracklet_00001209,151119,FOLD_4,train,10,25,10,25,10,25
posture_review_0000304,source=legacy_recovered|dataset=legacy_recovered_16f|video=pigs041219%2F000225|track_id=tracklet_00001546|legacy_sequence,legacy_recovered,legacy_recovered_16f,pigs041219/000225,,source=legacy_recovered|dataset=legacy_recovered_16f|video=pigs041219%2F000225|track_id=tracklet_00001546,ID_7,tracklet_00001546,041219,FOLD_4,train,18,33,18,33,18,33
posture_review_0000305,source=legacy_recovered|dataset=legacy_recovered_16f|video=pigs081119%2F000302|track_id=tracklet_00001008|legacy_sequence,legacy_recovered,legacy_recovered_16f,pigs081119/000302,,source=legacy_recovered|dataset=legacy_recovered_16f|video=pigs081119%2F000302|track_id=tracklet_00001008,ID_1,tracklet_00001008,081119,FOLD_4,train,10,25,10,25,10,25
posture_review_0000306,source=cvat_tracking_xml|dataset=cvat_tracking_Pigs281119_000114_30fps|video=Pigs281119_000114_30fps|track_id=4|anchor=1518,cvat_tracking_xml,cvat_tracking_Pigs281119_000114_30fps,Pigs281119_000114_30fps,Pigs281119_000114_30fps,source=cvat_tracking_xml|dataset=cvat_tracking_Pigs281119_000114_30fps|video=Pigs281119_000114_30fps|track_id=4,ID_5,4,281119,FOLD_3,validation,1518,1523,1518,1523,1518,1523
posture_review_0000307,source=cvat_tracking_xml|dataset=cvat_tracking_Pigs281119_000114_30fps|video=Pigs281119_000114_30fps|track_id=1|anchor=900,cvat_tracking_xml,cvat_tracking_Pigs281119_000114_30fps,Pigs281119_000114_30fps,Pigs281119_000114_30fps,source=cvat_tracking_xml|dataset=cvat_tracking_Pigs281119_000114_30fps|video=Pigs281119_000114_30fps|track_id=1,ID_2,1,281119,FOLD_3,validation,900,905,900,905,900,905
posture_review_0000308,source=cvat_tracking_xml|dataset=cvat_tracking_Pigs281119_000114_30fps|video=Pigs281119_000114_30fps|track_id=2|anchor=1494,cvat_tracking_xml,cvat_tracking_Pigs281119_000114_30fps,Pigs281119_000114_30fps,Pigs281119_000114_30fps,source=cvat_tracking_xml|dataset=cvat_tracking_Pigs281119_000114_30fps|video=Pigs281119_000114_30fps|track_id=2,ID_3,2,281119,FOLD_3,validation,1494,1499,1494,1499,1494,1499
posture_review_0000309,source=cvat_tracking_xml|dataset=cvat_tracking_Pigs281119_000114_30fps|video=Pigs281119_000114_30fps|track_id=2|anchor=540,cvat_tracking_xml,cvat_tracking_Pigs281119_000114_30fps,Pigs281119_000114_30fps,Pigs281119_000114_30fps,source=cvat_tracking_xml|dataset=cvat_tracking_Pigs281119_000114_30fps|video=Pigs281119_000114_30fps|track_id=2,ID_3,2,281119,FOLD_3,validation,540,545,540,545,540,545
posture_review_0000310,source=legacy_recovered|dataset=legacy_recovered_16f|video=pigs271119%2F000025|track_id=tracklet_00003310|legacy_sequence,legacy_recovered,legacy_recovered_16f,pigs271119/000025,,source=legacy_recovered|dataset=legacy_recovered_16f|video=pigs271119%2F000025|track_id=tracklet_00003310,ID_5,tracklet_00003310,271119,FOLD_4,train,0,15,0,15,0,15
posture_review_0000311,source=legacy_recovered|dataset=legacy_recovered_16f|video=pigs031219%2F000154|track_id=tracklet_00003943|legacy_sequence,legacy_recovered,legacy_recovered_16f,pigs031219/000154,,source=legacy_recovered|dataset=legacy_recovered_16f|video=pigs031219%2F000154|track_id=tracklet_00003943,ID_3,tracklet_00003943,031219,FOLD_4,train,0,15,0,15,0,15
posture_review_0000312,source=legacy_recovered|dataset=legacy_recovered_16f|video=pigs081119%2F000377|track_id=tracklet_00002937|legacy_sequence,legacy_recovered,legacy_recovered_16f,pigs081119/000377,,source=legacy_recovered|dataset=legacy_recovered_16f|video=pigs081119%2F000377|track_id=tracklet_00002937,ID_6,tracklet_00002937,081119,FOLD_4,train,0,15,0,15,0,15
posture_review_0000313,source=legacy_recovered|dataset=legacy_recovered_16f|video=pigs281119%2F000163|track_id=tracklet_00001614|legacy_sequence,legacy_recovered,legacy_recovered_16f,pigs281119/000163,,source=legacy_recovered|dataset=legacy_recovered_16f|video=pigs281119%2F000163|track_id=tracklet_00001614,ID_4,tracklet_00001614,281119,FOLD_3,validation,245,260,245,260,245,260
posture_review_0000314,source=cvat_tracking_xml|dataset=cvat_tracking_Pigs281119_000114_30fps|video=Pigs281119_000114_30fps|track_id=4|anchor=1668,cvat_tracking_xml,cvat_tracking_Pigs281119_000114_30fps,Pigs281119_000114_30fps,Pigs281119_000114_30fps,source=cvat_tracking_xml|dataset=cvat_tracking_Pigs281119_000114_30fps|video=Pigs281119_000114_30fps|track_id=4,ID_5,4,281119,FOLD_3,validation,1668,1673,1668,1673,1668,1673
posture_review_0000315,source=legacy_recovered|dataset=legacy_recovered_16f|video=pigs281119%2F000110|track_id=tracklet_00000626|legacy_sequence,legacy_recovered,legacy_recovered_16f,pigs281119/000110,,source=legacy_recovered|dataset=legacy_recovered_16f|video=pigs281119%2F000110|track_id=tracklet_00000626,ID_5,tracklet_00000626,281119,FOLD_3,validation,593,608,593,608,593,608
posture_review_0000316,source=legacy_recovered|dataset=legacy_recovered_16f|video=pigs031219%2F000103|track_id=tracklet_00003302|legacy_sequence,legacy_recovered,legacy_recovered_16f,pigs031219/000103,,source=legacy_recovered|dataset=legacy_recovered_16f|video=pigs031219%2F000103|track_id=tracklet_00003302,ID_5,tracklet_00003302,031219,FOLD_4,train,1,16,1,16,1,16
posture_review_0000317,source=legacy_recovered|dataset=legacy_recovered_16f|video=pigs041219%2F000284|track_id=tracklet_00004348|legacy_sequence,legacy_recovered,legacy_recovered_16f,pigs041219/000284,,source=legacy_recovered|dataset=legacy_recovered_16f|video=pigs041219%2F000284|track_id=tracklet_00004348,ID_2,tracklet_00004348,041219,FOLD_4,train,15,30,15,30,15,30
posture_review_0000318,source=legacy_recovered|dataset=legacy_recovered_16f|video=pigs271119%2F000006|track_id=tracklet_00003063|legacy_sequence,legacy_recovered,legacy_recovered_16f,pigs271119/000006,,source=legacy_recovered|dataset=legacy_recovered_16f|video=pigs271119%2F000006|track_id=tracklet_00003063,ID_5,tracklet_00003063,271119,FOLD_4,train,0,15,0,15,0,15
posture_review_0000319,source=cvat_tracking_xml|dataset=cvat_tracking_Pigs281119_000114_30fps|video=Pigs281119_000114_30fps|track_id=2|anchor=510,cvat_tracking_xml,cvat_tracking_Pigs281119_000114_30fps,Pigs281119_000114_30fps,Pigs281119_000114_30fps,source=cvat_tracking_xml|dataset=cvat_tracking_Pigs281119_000114_30fps|video=Pigs281119_000114_30fps|track_id=2,ID_3,2,281119,FOLD_3,validation,510,515,510,515,510,515
posture_review_0000320,source=cvat_tracking_xml|dataset=cvat_tracking_Pigs281119_000114_30fps|video=Pigs281119_000114_30fps|track_id=3|anchor=1206,cvat_tracking_xml,cvat_tracking_Pigs281119_000114_30fps,Pigs281119_000114_30fps,Pigs281119_000114_30fps,source=cvat_tracking_xml|dataset=cvat_tracking_Pigs281119_000114_30fps|video=Pigs281119_000114_30fps|track_id=3,ID_4,3,281119,FOLD_3,validation,1206,1211,1206,1211,1206,1211
posture_review_0000321,source=cvat_tracking_xml|dataset=cvat_tracking_Pigs281119_000114_30fps|video=Pigs281119_000114_30fps|track_id=3|anchor=966,cvat_tracking_xml,cvat_tracking_Pigs281119_000114_30fps,Pigs281119_000114_30fps,Pigs281119_000114_30fps,source=cvat_tracking_xml|dataset=cvat_tracking_Pigs281119_000114_30fps|video=Pigs281119_000114_30fps|track_id=3,ID_4,3,281119,FOLD_3,validation,966,971,966,971,966,971
posture_review_0000322,source=legacy_recovered|dataset=legacy_recovered_16f|video=pigs031219%2F000147|track_id=tracklet_00001643|legacy_sequence,legacy_recovered,legacy_recovered_16f,pigs031219/000147,,source=legacy_recovered|dataset=legacy_recovered_16f|video=pigs031219%2F000147|track_id=tracklet_00001643,ID_6,tracklet_00001643,031219,FOLD_4,train,0,15,0,15,0,15
posture_review_0000323,source=legacy_recovered|dataset=legacy_recovered_16f|video=pigs031219%2F000069|track_id=tracklet_00000660|legacy_sequence,legacy_recovered,legacy_recovered_16f,pigs031219/000069,,source=legacy_recovered|dataset=legacy_recovered_16f|video=pigs031219%2F000069|track_id=tracklet_00000660,ID_7,tracklet_00000660,031219,FOLD_4,train,8,23,8,23,8,23
posture_review_0000324,source=cvat_tracking_xml|dataset=cvat_tracking_Pigs281119_000114_30fps|video=Pigs281119_000114_30fps|track_id=0|anchor=1770,cvat_tracking_xml,cvat_tracking_Pigs281119_000114_30fps,Pigs281119_000114_30fps,Pigs281119_000114_30fps,source=cvat_tracking_xml|dataset=cvat_tracking_Pigs281119_000114_30fps|video=Pigs281119_000114_30fps|track_id=0,ID_1,0,281119,FOLD_3,validation,1770,1775,1770,1775,1770,1775
posture_review_0000325,source=legacy_recovered|dataset=legacy_recovered_16f|video=pigs051219%2F000295|track_id=tracklet_00000973|legacy_sequence,legacy_recovered,legacy_recovered_16f,pigs051219/000295,,source=legacy_recovered|dataset=legacy_recovered_16f|video=pigs051219%2F000295|track_id=tracklet_00000973,ID_6,tracklet_00000973,051219,FOLD_4,train,0,15,0,15,0,15
posture_review_0000326,source=legacy_recovered|dataset=legacy_recovered_16f|video=pigs031219%2F000086|track_id=tracklet_00002342|legacy_sequence,legacy_recovered,legacy_recovered_16f,pigs031219/000086,,source=legacy_recovered|dataset=legacy_recovered_16f|video=pigs031219%2F000086|track_id=tracklet_00002342,ID_5,tracklet_00002342,031219,FOLD_4,train,1,16,1,16,1,16
posture_review_0000327,source=legacy_recovered|dataset=legacy_recovered_16f|video=pigs091119%2F000428|track_id=tracklet_00001100|legacy_sequence,legacy_recovered,legacy_recovered_16f,pigs091119/000428,,source=legacy_recovered|dataset=legacy_recovered_16f|video=pigs091119%2F000428|track_id=tracklet_00001100,ID_4,tracklet_00001100,091119,FOLD_4,train,1,16,1,16,1,16
posture_review_0000328,source=legacy_recovered|dataset=legacy_recovered_16f|video=pigs281119%2F000092|track_id=tracklet_00003830|legacy_sequence,legacy_recovered,legacy_recovered_16f,pigs281119/000092,,source=legacy_recovered|dataset=legacy_recovered_16f|video=pigs281119%2F000092|track_id=tracklet_00003830,ID_1,tracklet_00003830,281119,FOLD_3,validation,0,15,0,15,0,15
posture_review_0000329,source=cvat_tracking_xml|dataset=cvat_tracking_Pigs281119_000114_30fps|video=Pigs281119_000114_30fps|track_id=2|anchor=690,cvat_tracking_xml,cvat_tracking_Pigs281119_000114_30fps,Pigs281119_000114_30fps,Pigs281119_000114_30fps,source=cvat_tracking_xml|dataset=cvat_tracking_Pigs281119_000114_30fps|video=Pigs281119_000114_30fps|track_id=2,ID_3,2,281119,FOLD_3,validation,690,695,690,695,690,695
posture_review_0000330,source=legacy_recovered|dataset=legacy_recovered_16f|video=pigs041219%2F000226|track_id=tracklet_00002858|legacy_sequence,legacy_recovered,legacy_recovered_16f,pigs041219/000226,,source=legacy_recovered|dataset=legacy_recovered_16f|video=pigs041219%2F000226|track_id=tracklet_00002858,ID_1,tracklet_00002858,041219,FOLD_4,train,0,15,0,15,0,15
posture_review_0000331,source=cvat_tracking_xml|dataset=cvat_tracking_Pigs281119_000114_30fps|video=Pigs281119_000114_30fps|track_id=4|anchor=1740,cvat_tracking_xml,cvat_tracking_Pigs281119_000114_30fps,Pigs281119_000114_30fps,Pigs281119_000114_30fps,source=cvat_tracking_xml|dataset=cvat_tracking_Pigs281119_000114_30fps|video=Pigs281119_000114_30fps|track_id=4,ID_5,4,281119,FOLD_3,validation,1740,1745,1740,1745,1740,1745
posture_review_0000332,source=legacy_recovered|dataset=legacy_recovered_16f|video=pigs151119%2F000026|track_id=tracklet_00002244|legacy_sequence,legacy_recovered,legacy_recovered_16f,pigs151119/000026,,source=legacy_recovered|dataset=legacy_recovered_16f|video=pigs151119%2F000026|track_id=tracklet_00002244,ID_4,tracklet_00002244,151119,FOLD_4,train,18,33,18,33,18,33
posture_review_0000333,source=cvat_tracking_xml|dataset=cvat_tracking_Pigs281119_000114_30fps|video=Pigs281119_000114_30fps|track_id=2|anchor=1026,cvat_tracking_xml,cvat_tracking_Pigs281119_000114_30fps,Pigs281119_000114_30fps,Pigs281119_000114_30fps,source=cvat_tracking_xml|dataset=cvat_tracking_Pigs281119_000114_30fps|video=Pigs281119_000114_30fps|track_id=2,ID_3,2,281119,FOLD_3,validation,1026,1031,1026,1031,1026,1031
posture_review_0000334,source=cvat_tracking_xml|dataset=cvat_tracking_Pigs281119_000114_30fps|video=Pigs281119_000114_30fps|track_id=7|anchor=1578,cvat_tracking_xml,cvat_tracking_Pigs281119_000114_30fps,Pigs281119_000114_30fps,Pigs281119_000114_30fps,source=cvat_tracking_xml|dataset=cvat_tracking_Pigs281119_000114_30fps|video=Pigs281119_000114_30fps|track_id=7,ID_8,7,281119,FOLD_3,validation,1578,1583,1578,1583,1578,1583
posture_review_0000335,source=cvat_tracking_xml|dataset=cvat_tracking_Pigs281119_000114_30fps|video=Pigs281119_000114_30fps|track_id=3|anchor=1530,cvat_tracking_xml,cvat_tracking_Pigs281119_000114_30fps,Pigs281119_000114_30fps,Pigs281119_000114_30fps,source=cvat_tracking_xml|dataset=cvat_tracking_Pigs281119_000114_30fps|video=Pigs281119_000114_30fps|track_id=3,ID_4,3,281119,FOLD_3,validation,1530,1535,1530,1535,1530,1535
posture_review_0000336,source=legacy_recovered|dataset=legacy_recovered_16f|video=pigs031219%2F000124|track_id=tracklet_00002065|legacy_sequence,legacy_recovered,legacy_recovered_16f,pigs031219/000124,,source=legacy_recovered|dataset=legacy_recovered_16f|video=pigs031219%2F000124|track_id=tracklet_00002065,ID_6,tracklet_00002065,031219,FOLD_4,train,0,15,0,15,0,15
posture_review_0000337,source=legacy_recovered|dataset=legacy_recovered_16f|video=pigs041219%2F000203|track_id=tracklet_00000684|legacy_sequence,legacy_recovered,legacy_recovered_16f,pigs041219/000203,,source=legacy_recovered|dataset=legacy_recovered_16f|video=pigs041219%2F000203|track_id=tracklet_00000684,ID_8,tracklet_00000684,041219,FOLD_4,train,0,15,0,15,0,15
posture_review_0000338,source=legacy_recovered|dataset=legacy_recovered_16f|video=pigs081119%2F000367|track_id=tracklet_00002748|legacy_sequence,legacy_recovered,legacy_recovered_16f,pigs081119/000367,,source=legacy_recovered|dataset=legacy_recovered_16f|video=pigs081119%2F000367|track_id=tracklet_00002748,ID_5,tracklet_00002748,081119,FOLD_4,train,0,15,0,15,0,15
posture_review_0000339,source=legacy_recovered|dataset=legacy_recovered_16f|video=pigs281119%2F000116|track_id=tracklet_00001708|legacy_sequence,legacy_recovered,legacy_recovered_16f,pigs281119/000116,,source=legacy_recovered|dataset=legacy_recovered_16f|video=pigs281119%2F000116|track_id=tracklet_00001708,ID_7,tracklet_00001708,281119,FOLD_3,validation,0,15,0,15,0,15
posture_review_0000340,source=legacy_recovered|dataset=legacy_recovered_16f|video=pigs081119%2F000381|track_id=tracklet_00002726|legacy_sequence,legacy_recovered,legacy_recovered_16f,pigs081119/000381,,source=legacy_recovered|dataset=legacy_recovered_16f|video=pigs081119%2F000381|track_id=tracklet_00002726,ID_7,tracklet_00002726,081119,FOLD_4,exclude|train,16,31,16,31,16,31
posture_review_0000341,source=legacy_recovered|dataset=legacy_recovered_16f|video=pigs031219%2F000156|track_id=tracklet_00000431|legacy_sequence,legacy_recovered,legacy_recovered_16f,pigs031219/000156,,source=legacy_recovered|dataset=legacy_recovered_16f|video=pigs031219%2F000156|track_id=tracklet_00000431,ID_2,tracklet_00000431,031219,FOLD_4,train,0,15,0,15,0,15
posture_review_0000342,source=legacy_recovered|dataset=legacy_recovered_16f|video=pigs041219%2F000276|track_id=tracklet_00001851|legacy_sequence,legacy_recovered,legacy_recovered_16f,pigs041219/000276,,source=legacy_recovered|dataset=legacy_recovered_16f|video=pigs041219%2F000276|track_id=tracklet_00001851,ID_5,tracklet_00001851,041219,FOLD_4,train,0,15,0,15,0,15
posture_review_0000343,source=legacy_recovered|dataset=legacy_recovered_16f|video=pigs031219%2F000141|track_id=tracklet_00004536|legacy_sequence,legacy_recovered,legacy_recovered_16f,pigs031219/000141,,source=legacy_recovered|dataset=legacy_recovered_16f|video=pigs031219%2F000141|track_id=tracklet_00004536,ID_4,tracklet_00004536,031219,FOLD_4,train,0,15,0,15,0,15
posture_review_0000344,source=legacy_recovered|dataset=legacy_recovered_16f|video=pigs031219%2F000074|track_id=tracklet_00004259|legacy_sequence,legacy_recovered,legacy_recovered_16f,pigs031219/000074,,source=legacy_recovered|dataset=legacy_recovered_16f|video=pigs031219%2F000074|track_id=tracklet_00004259,ID_5,tracklet_00004259,031219,FOLD_4,train,0,15,0,15,0,15
posture_review_0000345,source=legacy_recovered|dataset=legacy_recovered_16f|video=pigs041219%2F000206|track_id=tracklet_00001722|legacy_sequence,legacy_recovered,legacy_recovered_16f,pigs041219/000206,,source=legacy_recovered|dataset=legacy_recovered_16f|video=pigs041219%2F000206|track_id=tracklet_00001722,ID_5,tracklet_00001722,041219,FOLD_4,train,0,15,0,15,0,15
posture_review_0000346,source=legacy_recovered|dataset=legacy_recovered_16f|video=pigs281119%2F000123|track_id=tracklet_00001152|legacy_sequence,legacy_recovered,legacy_recovered_16f,pigs281119/000123,,source=legacy_recovered|dataset=legacy_recovered_16f|video=pigs281119%2F000123|track_id=tracklet_00001152,ID_8,tracklet_00001152,281119,FOLD_3,validation,0,15,0,15,0,15
posture_review_0000347,source=legacy_recovered|dataset=legacy_recovered_16f|video=pigs041219%2F000238|track_id=tracklet_00003820|legacy_sequence,legacy_recovered,legacy_recovered_16f,pigs041219/000238,,source=legacy_recovered|dataset=legacy_recovered_16f|video=pigs041219%2F000238|track_id=tracklet_00003820,ID_7,tracklet_00003820,041219,FOLD_4,train,0,15,0,15,0,15
posture_review_0000348,source=legacy_recovered|dataset=legacy_recovered_16f|video=pigs151119%2F000035|track_id=tracklet_00001480|legacy_sequence,legacy_recovered,legacy_recovered_16f,pigs151119/000035,,source=legacy_recovered|dataset=legacy_recovered_16f|video=pigs151119%2F000035|track_id=tracklet_00001480,ID_4,tracklet_00001480,151119,FOLD_4,train,0,15,0,15,0,15
posture_review_0000349,source=legacy_recovered|dataset=legacy_recovered_16f|video=pigs031219%2F000096|track_id=tracklet_00000457|legacy_sequence,legacy_recovered,legacy_recovered_16f,pigs031219/000096,,source=legacy_recovered|dataset=legacy_recovered_16f|video=pigs031219%2F000096|track_id=tracklet_00000457,ID_1,tracklet_00000457,031219,FOLD_4,train,8,23,8,23,8,23
posture_review_0000350,source=legacy_recovered|dataset=legacy_recovered_16f|video=pigs081119%2F000298|track_id=tracklet_00002373|legacy_sequence,legacy_recovered,legacy_recovered_16f,pigs081119/000298,,source=legacy_recovered|dataset=legacy_recovered_16f|video=pigs081119%2F000298|track_id=tracklet_00002373,ID_2,tracklet_00002373,081119,FOLD_4,train,3,18,3,18,3,18
posture_review_0000351,source=legacy_recovered|dataset=legacy_recovered_16f|video=pigs051219%2F000314|track_id=tracklet_00001413|legacy_sequence,legacy_recovered,legacy_recovered_16f,pigs051219/000314,,source=legacy_recovered|dataset=legacy_recovered_16f|video=pigs051219%2F000314|track_id=tracklet_00001413,ID_6,tracklet_00001413,051219,FOLD_4,train,0,15,0,15,0,15
posture_review_0000352,source=legacy_recovered|dataset=legacy_recovered_16f|video=pigs151119%2F000025|track_id=tracklet_00003067|legacy_sequence,legacy_recovered,legacy_recovered_16f,pigs151119/000025,,source=legacy_recovered|dataset=legacy_recovered_16f|video=pigs151119%2F000025|track_id=tracklet_00003067,ID_1,tracklet_00003067,151119,FOLD_4,train,1,16,1,16,1,16
posture_review_0000353,source=legacy_recovered|dataset=legacy_recovered_16f|video=pigs081119%2F000314|track_id=tracklet_00004228|legacy_sequence,legacy_recovered,legacy_recovered_16f,pigs081119/000314,,source=legacy_recovered|dataset=legacy_recovered_16f|video=pigs081119%2F000314|track_id=tracklet_00004228,ID_6,tracklet_00004228,081119,FOLD_4,train,0,15,0,15,0,15
posture_review_0000354,source=legacy_recovered|dataset=legacy_recovered_16f|video=pigs161119%2F000071|track_id=tracklet_00001994|legacy_sequence,legacy_recovered,legacy_recovered_16f,pigs161119/000071,,source=legacy_recovered|dataset=legacy_recovered_16f|video=pigs161119%2F000071|track_id=tracklet_00001994,ID_5,tracklet_00001994,161119,FOLD_4,train,0,15,0,15,0,15
posture_review_0000355,source=legacy_recovered|dataset=legacy_recovered_16f|video=pigs081119%2F000371|track_id=tracklet_00002118|legacy_sequence,legacy_recovered,legacy_recovered_16f,pigs081119/000371,,source=legacy_recovered|dataset=legacy_recovered_16f|video=pigs081119%2F000371|track_id=tracklet_00002118,ID_2,tracklet_00002118,081119,FOLD_4,train,0,15,0,15,0,15
posture_review_0000356,source=legacy_recovered|dataset=legacy_recovered_16f|video=pigs041219%2F000196|track_id=tracklet_00001564|legacy_sequence,legacy_recovered,legacy_recovered_16f,pigs041219/000196,,source=legacy_recovered|dataset=legacy_recovered_16f|video=pigs041219%2F000196|track_id=tracklet_00001564,ID_2,tracklet_00001564,041219,FOLD_4,train,0,15,0,15,0,15
posture_review_0000357,source=legacy_recovered|dataset=legacy_recovered_16f|video=pigs091119%2F000446|track_id=tracklet_00001897|legacy_sequence,legacy_recovered,legacy_recovered_16f,pigs091119/000446,,source=legacy_recovered|dataset=legacy_recovered_16f|video=pigs091119%2F000446|track_id=tracklet_00001897,ID_3,tracklet_00001897,091119,FOLD_4,train,0,15,0,15,0,15
posture_review_0000358,source=legacy_recovered|dataset=legacy_recovered_16f|video=pigs271119%2F000024|track_id=tracklet_00003753|legacy_sequence,legacy_recovered,legacy_recovered_16f,pigs271119/000024,,source=legacy_recovered|dataset=legacy_recovered_16f|video=pigs271119%2F000024|track_id=tracklet_00003753,ID_1,tracklet_00003753,271119,FOLD_4,train,0,15,0,15,0,15
posture_review_0000359,source=legacy_recovered|dataset=legacy_recovered_16f|video=pigs041219%2F000202|track_id=tracklet_00001558|legacy_sequence,legacy_recovered,legacy_recovered_16f,pigs041219/000202,,source=legacy_recovered|dataset=legacy_recovered_16f|video=pigs041219%2F000202|track_id=tracklet_00001558,ID_4,tracklet_00001558,041219,FOLD_4,train,0,15,0,15,0,15
posture_review_0000360,source=legacy_recovered|dataset=legacy_recovered_16f|video=pigs031219%2F000082|track_id=tracklet_00004048|legacy_sequence,legacy_recovered,legacy_recovered_16f,pigs031219/000082,,source=legacy_recovered|dataset=legacy_recovered_16f|video=pigs031219%2F000082|track_id=tracklet_00004048,ID_2,tracklet_00004048,031219,FOLD_4,train,0,15,0,15,0,15
posture_review_0000361,source=legacy_recovered|dataset=legacy_recovered_16f|video=pigs031219%2F000130|track_id=tracklet_00002461|legacy_sequence,legacy_recovered,legacy_recovered_16f,pigs031219/000130,,source=legacy_recovered|dataset=legacy_recovered_16f|video=pigs031219%2F000130|track_id=tracklet_00002461,ID_7,tracklet_00002461,031219,FOLD_4,train,0,15,0,15,0,15
posture_review_0000362,source=legacy_recovered|dataset=legacy_recovered_16f|video=pigs271119%2F000016|track_id=tracklet_00003637|legacy_sequence,legacy_recovered,legacy_recovered_16f,pigs271119/000016,,source=legacy_recovered|dataset=legacy_recovered_16f|video=pigs271119%2F000016|track_id=tracklet_00003637,ID_8,tracklet_00003637,271119,FOLD_4,train,261,276,261,276,261,276
posture_review_0000363,source=legacy_recovered|dataset=legacy_recovered_16f|video=pigs151119%2F000037|track_id=tracklet_00000759|legacy_sequence,legacy_recovered,legacy_recovered_16f,pigs151119/000037,,source=legacy_recovered|dataset=legacy_recovered_16f|video=pigs151119%2F000037|track_id=tracklet_00000759,ID_2,tracklet_00000759,151119,FOLD_4,train,3,18,3,18,3,18
posture_review_0000364,source=legacy_recovered|dataset=legacy_recovered_16f|video=pigs051219%2F000324|track_id=tracklet_00004119|legacy_sequence,legacy_recovered,legacy_recovered_16f,pigs051219/000324,,source=legacy_recovered|dataset=legacy_recovered_16f|video=pigs051219%2F000324|track_id=tracklet_00004119,ID_4,tracklet_00004119,051219,FOLD_4,train,0,15,0,15,0,15
posture_review_0000365,source=legacy_recovered|dataset=legacy_recovered_16f|video=pigs151119%2F000025|track_id=tracklet_00003072|legacy_sequence,legacy_recovered,legacy_recovered_16f,pigs151119/000025,,source=legacy_recovered|dataset=legacy_recovered_16f|video=pigs151119%2F000025|track_id=tracklet_00003072,ID_6,tracklet_00003072,151119,FOLD_4,train,1,16,1,16,1,16
posture_review_0000366,source=legacy_recovered|dataset=legacy_recovered_16f|video=pigs081119%2F000353|track_id=tracklet_00000383|legacy_sequence,legacy_recovered,legacy_recovered_16f,pigs081119/000353,,source=legacy_recovered|dataset=legacy_recovered_16f|video=pigs081119%2F000353|track_id=tracklet_00000383,ID_1,tracklet_00000383,081119,FOLD_4,train,0,15,0,15,0,15
posture_review_0000367,source=legacy_recovered|dataset=legacy_recovered_16f|video=pigs151119%2F000025|track_id=tracklet_00003071|legacy_sequence,legacy_recovered,legacy_recovered_16f,pigs151119/000025,,source=legacy_recovered|dataset=legacy_recovered_16f|video=pigs151119%2F000025|track_id=tracklet_00003071,ID_5,tracklet_00003071,151119,FOLD_4,train,1,16,1,16,1,16
posture_review_0000368,source=legacy_recovered|dataset=legacy_recovered_16f|video=pigs031219%2F000142|track_id=tracklet_00000050|legacy_sequence,legacy_recovered,legacy_recovered_16f,pigs031219/000142,,source=legacy_recovered|dataset=legacy_recovered_16f|video=pigs031219%2F000142|track_id=tracklet_00000050,ID_5,tracklet_00000050,031219,FOLD_4,train,1,16,1,16,1,16
posture_review_0000369,source=legacy_recovered|dataset=legacy_recovered_16f|video=pigs081119%2F000359|track_id=tracklet_00003320|legacy_sequence,legacy_recovered,legacy_recovered_16f,pigs081119/000359,,source=legacy_recovered|dataset=legacy_recovered_16f|video=pigs081119%2F000359|track_id=tracklet_00003320,ID_7,tracklet_00003320,081119,FOLD_4,train,0,15,0,15,0,15
posture_review_0000370,source=legacy_recovered|dataset=legacy_recovered_16f|video=pigs041219%2F000187|track_id=tracklet_00002790|legacy_sequence,legacy_recovered,legacy_recovered_16f,pigs041219/000187,,source=legacy_recovered|dataset=legacy_recovered_16f|video=pigs041219%2F000187|track_id=tracklet_00002790,ID_7,tracklet_00002790,041219,FOLD_4,train,0,15,0,15,0,15
posture_review_0000371,source=legacy_recovered|dataset=legacy_recovered_16f|video=pigs031219%2F000140|track_id=tracklet_00002314|legacy_sequence,legacy_recovered,legacy_recovered_16f,pigs031219/000140,,source=legacy_recovered|dataset=legacy_recovered_16f|video=pigs031219%2F000140|track_id=tracklet_00002314,ID_2,tracklet_00002314,031219,FOLD_4,train,0,15,0,15,0,15
posture_review_0000372,source=legacy_recovered|dataset=legacy_recovered_16f|video=pigs091119%2F000440|track_id=tracklet_00001188|legacy_sequence,legacy_recovered,legacy_recovered_16f,pigs091119/000440,,source=legacy_recovered|dataset=legacy_recovered_16f|video=pigs091119%2F000440|track_id=tracklet_00001188,ID_5,tracklet_00001188,091119,FOLD_4,train,0,15,0,15,0,15
posture_review_0000373,source=legacy_recovered|dataset=legacy_recovered_16f|video=pigs031219%2F000156|track_id=tracklet_00000437|legacy_sequence,legacy_recovered,legacy_recovered_16f,pigs031219/000156,,source=legacy_recovered|dataset=legacy_recovered_16f|video=pigs031219%2F000156|track_id=tracklet_00000437,ID_8,tracklet_00000437,031219,FOLD_4,train,0,15,0,15,0,15
posture_review_0000374,source=legacy_recovered|dataset=legacy_recovered_16f|video=pigs051219%2F000336|track_id=tracklet_00004332|legacy_sequence,legacy_recovered,legacy_recovered_16f,pigs051219/000336,,source=legacy_recovered|dataset=legacy_recovered_16f|video=pigs051219%2F000336|track_id=tracklet_00004332,ID_2,tracklet_00004332,051219,FOLD_4,train,0,15,0,15,0,15
posture_review_0000375,source=legacy_recovered|dataset=legacy_recovered_16f|video=pigs081119%2F000341|track_id=tracklet_00003581|legacy_sequence,legacy_recovered,legacy_recovered_16f,pigs081119/000341,,source=legacy_recovered|dataset=legacy_recovered_16f|video=pigs081119%2F000341|track_id=tracklet_00003581,ID_2,tracklet_00003581,081119,FOLD_4,train,11,26,11,26,11,26
posture_review_0000376,source=legacy_recovered|dataset=legacy_recovered_16f|video=pigs031219%2F000073|track_id=tracklet_00000988|legacy_sequence,legacy_recovered,legacy_recovered_16f,pigs031219/000073,,source=legacy_recovered|dataset=legacy_recovered_16f|video=pigs031219%2F000073|track_id=tracklet_00000988,ID_5,tracklet_00000988,031219,FOLD_4,train,12,27,12,27,12,27
posture_review_0000377,source=legacy_recovered|dataset=legacy_recovered_16f|video=pigs091119%2F000455|track_id=tracklet_00001372|legacy_sequence,legacy_recovered,legacy_recovered_16f,pigs091119/000455,,source=legacy_recovered|dataset=legacy_recovered_16f|video=pigs091119%2F000455|track_id=tracklet_00001372,ID_5,tracklet_00001372,091119,FOLD_4,train,6,21,6,21,6,21
posture_review_0000378,source=legacy_recovered|dataset=legacy_recovered_16f|video=pigs091119%2F000420|track_id=tracklet_00002668|legacy_sequence,legacy_recovered,legacy_recovered_16f,pigs091119/000420,,source=legacy_recovered|dataset=legacy_recovered_16f|video=pigs091119%2F000420|track_id=tracklet_00002668,ID_8,tracklet_00002668,091119,FOLD_4,train,3,18,3,18,3,18
posture_review_0000379,source=legacy_recovered|dataset=legacy_recovered_16f|video=pigs161119%2F000075|track_id=tracklet_00001043|legacy_sequence,legacy_recovered,legacy_recovered_16f,pigs161119/000075,,source=legacy_recovered|dataset=legacy_recovered_16f|video=pigs161119%2F000075|track_id=tracklet_00001043,ID_4,tracklet_00001043,161119,FOLD_4,train,0,15,0,15,0,15
posture_review_0000380,source=legacy_recovered|dataset=legacy_recovered_16f|video=pigs041219%2F000192|track_id=tracklet_00002593|legacy_sequence,legacy_recovered,legacy_recovered_16f,pigs041219/000192,,source=legacy_recovered|dataset=legacy_recovered_16f|video=pigs041219%2F000192|track_id=tracklet_00002593,ID_8,tracklet_00002593,041219,FOLD_4,train,0,15,0,15,0,15
posture_review_0000381,source=legacy_recovered|dataset=legacy_recovered_16f|video=pigs041219%2F000283|track_id=tracklet_00000393|legacy_sequence,legacy_recovered,legacy_recovered_16f,pigs041219/000283,,source=legacy_recovered|dataset=legacy_recovered_16f|video=pigs041219%2F000283|track_id=tracklet_00000393,ID_3,tracklet_00000393,041219,FOLD_4,train,0,15,0,15,0,15
posture_review_0000382,source=legacy_recovered|dataset=legacy_recovered_16f|video=pigs031219%2F000085|track_id=tracklet_00002692|legacy_sequence,legacy_recovered,legacy_recovered_16f,pigs031219/000085,,source=legacy_recovered|dataset=legacy_recovered_16f|video=pigs031219%2F000085|track_id=tracklet_00002692,ID_8,tracklet_00002692,031219,FOLD_4,train,0,15,0,15,0,15
posture_review_0000383,source=legacy_recovered|dataset=legacy_recovered_16f|video=pigs081119%2F000340|track_id=tracklet_00000863|legacy_sequence,legacy_recovered,legacy_recovered_16f,pigs081119/000340,,source=legacy_recovered|dataset=legacy_recovered_16f|video=pigs081119%2F000340|track_id=tracklet_00000863,ID_8,tracklet_00000863,081119,FOLD_4,train,0,15,0,15,0,15
posture_review_0000384,source=legacy_recovered|dataset=legacy_recovered_16f|video=pigs151119%2F000051|track_id=tracklet_00000308|legacy_sequence,legacy_recovered,legacy_recovered_16f,pigs151119/000051,,source=legacy_recovered|dataset=legacy_recovered_16f|video=pigs151119%2F000051|track_id=tracklet_00000308,ID_8,tracklet_00000308,151119,FOLD_4,train,0,15,0,15,0,15
posture_review_0000385,source=legacy_recovered|dataset=legacy_recovered_16f|video=pigs081119%2F000302|track_id=tracklet_00001015|legacy_sequence,legacy_recovered,legacy_recovered_16f,pigs081119/000302,,source=legacy_recovered|dataset=legacy_recovered_16f|video=pigs081119%2F000302|track_id=tracklet_00001015,ID_8,tracklet_00001015,081119,FOLD_4,train,10,25,10,25,10,25
posture_review_0000386,source=legacy_recovered|dataset=legacy_recovered_16f|video=pigs091119%2F000424|track_id=tracklet_00002828|legacy_sequence,legacy_recovered,legacy_recovered_16f,pigs091119/000424,,source=legacy_recovered|dataset=legacy_recovered_16f|video=pigs091119%2F000424|track_id=tracklet_00002828,ID_1,tracklet_00002828,091119,FOLD_4,train,0,15,0,15,0,15
posture_review_0000387,source=legacy_recovered|dataset=legacy_recovered_16f|video=pigs031219%2F000086|track_id=tracklet_00002340|legacy_sequence,legacy_recovered,legacy_recovered_16f,pigs031219/000086,,source=legacy_recovered|dataset=legacy_recovered_16f|video=pigs031219%2F000086|track_id=tracklet_00002340,ID_3,tracklet_00002340,031219,FOLD_4,train,1,16,1,16,1,16
posture_review_0000388,source=legacy_recovered|dataset=legacy_recovered_16f|video=pigs081119%2F000380|track_id=tracklet_00000585|legacy_sequence,legacy_recovered,legacy_recovered_16f,pigs081119/000380,,source=legacy_recovered|dataset=legacy_recovered_16f|video=pigs081119%2F000380|track_id=tracklet_00000585,ID_3,tracklet_00000585,081119,FOLD_4,train,7,22,7,22,7,22
posture_review_0000389,source=legacy_recovered|dataset=legacy_recovered_16f|video=pigs031219%2F000124|track_id=tracklet_00002063|legacy_sequence,legacy_recovered,legacy_recovered_16f,pigs031219/000124,,source=legacy_recovered|dataset=legacy_recovered_16f|video=pigs031219%2F000124|track_id=tracklet_00002063,ID_4,tracklet_00002063,031219,FOLD_4,train,0,15,0,15,0,15
posture_review_0000390,source=legacy_recovered|dataset=legacy_recovered_16f|video=pigs151119%2F000041|track_id=tracklet_00000106|legacy_sequence,legacy_recovered,legacy_recovered_16f,pigs151119/000041,,source=legacy_recovered|dataset=legacy_recovered_16f|video=pigs151119%2F000041|track_id=tracklet_00000106,ID_5,tracklet_00000106,151119,FOLD_4,train,11,26,11,26,11,26
posture_review_0000391,source=legacy_recovered|dataset=legacy_recovered_16f|video=pigs031219%2F000125|track_id=tracklet_00001674|legacy_sequence,legacy_recovered,legacy_recovered_16f,pigs031219/000125,,source=legacy_recovered|dataset=legacy_recovered_16f|video=pigs031219%2F000125|track_id=tracklet_00001674,ID_6,tracklet_00001674,031219,FOLD_4,train,0,15,0,15,0,15
posture_review_0000392,source=legacy_recovered|dataset=legacy_recovered_16f|video=pigs151119%2F000000|track_id=tracklet_00003035|legacy_sequence,legacy_recovered,legacy_recovered_16f,pigs151119/000000,,source=legacy_recovered|dataset=legacy_recovered_16f|video=pigs151119%2F000000|track_id=tracklet_00003035,ID_4,tracklet_00003035,151119,FOLD_4,train,5,20,5,20,5,20
posture_review_0000393,source=legacy_recovered|dataset=legacy_recovered_16f|video=pigs091119%2F000444|track_id=tracklet_00003010|legacy_sequence,legacy_recovered,legacy_recovered_16f,pigs091119/000444,,source=legacy_recovered|dataset=legacy_recovered_16f|video=pigs091119%2F000444|track_id=tracklet_00003010,ID_2,tracklet_00003010,091119,FOLD_4,train,3,18,3,18,3,18
posture_review_0000394,source=legacy_recovered|dataset=legacy_recovered_16f|video=pigs081119%2F000381|track_id=tracklet_00002725|legacy_sequence,legacy_recovered,legacy_recovered_16f,pigs081119/000381,,source=legacy_recovered|dataset=legacy_recovered_16f|video=pigs081119%2F000381|track_id=tracklet_00002725,ID_6,tracklet_00002725,081119,FOLD_4,train,16,31,16,31,16,31
posture_review_0000395,source=legacy_recovered|dataset=legacy_recovered_16f|video=pigs031219%2F000072|track_id=tracklet_00003480|legacy_sequence,legacy_recovered,legacy_recovered_16f,pigs031219/000072,,source=legacy_recovered|dataset=legacy_recovered_16f|video=pigs031219%2F000072|track_id=tracklet_00003480,ID_8,tracklet_00003480,031219,FOLD_4,train,8,23,8,23,8,23
posture_review_0000396,source=legacy_recovered|dataset=legacy_recovered_16f|video=pigs031219%2F000095|track_id=tracklet_00004505|legacy_sequence,legacy_recovered,legacy_recovered_16f,pigs031219/000095,,source=legacy_recovered|dataset=legacy_recovered_16f|video=pigs031219%2F000095|track_id=tracklet_00004505,ID_3,tracklet_00004505,031219,FOLD_4,train,2,17,2,17,2,17
posture_review_0000397,source=legacy_recovered|dataset=legacy_recovered_16f|video=pigs151119%2F000007|track_id=tracklet_00002018|legacy_sequence,legacy_recovered,legacy_recovered_16f,pigs151119/000007,,source=legacy_recovered|dataset=legacy_recovered_16f|video=pigs151119%2F000007|track_id=tracklet_00002018,ID_5,tracklet_00002018,151119,FOLD_4,train,0,15,0,15,0,15
posture_review_0000398,source=legacy_recovered|dataset=legacy_recovered_16f|video=pigs271119%2F000025|track_id=tracklet_00003312|legacy_sequence,legacy_recovered,legacy_recovered_16f,pigs271119/000025,,source=legacy_recovered|dataset=legacy_recovered_16f|video=pigs271119%2F000025|track_id=tracklet_00003312,ID_7,tracklet_00003312,271119,FOLD_4,train,0,15,0,15,0,15
posture_review_0000399,source=legacy_recovered|dataset=legacy_recovered_16f|video=pigs041219%2F000233|track_id=tracklet_00001004|legacy_sequence,legacy_recovered,legacy_recovered_16f,pigs041219/000233,,source=legacy_recovered|dataset=legacy_recovered_16f|video=pigs041219%2F000233|track_id=tracklet_00001004,ID_5,tracklet_00001004,041219,FOLD_4,train,0,15,0,15,0,15
posture_review_0000400,source=legacy_recovered|dataset=legacy_recovered_16f|video=pigs271119%2F000008|track_id=tracklet_00000794|legacy_sequence,legacy_recovered,legacy_recovered_16f,pigs271119/000008,,source=legacy_recovered|dataset=legacy_recovered_16f|video=pigs271119%2F000008|track_id=tracklet_00000794,ID_3,tracklet_00000794,271119,FOLD_4,train,0,15,0,15,0,15
posture_review_0000401,source=legacy_recovered|dataset=legacy_recovered_16f|video=pigs271119%2F000007|track_id=tracklet_00003982|legacy_sequence,legacy_recovered,legacy_recovered_16f,pigs271119/000007,,source=legacy_recovered|dataset=legacy_recovered_16f|video=pigs271119%2F000007|track_id=tracklet_00003982,ID_2,tracklet_00003982,271119,FOLD_4,train,600,615,600,615,600,615
posture_review_0000402,source=legacy_recovered|dataset=legacy_recovered_16f|video=pigs051219%2F000303|track_id=tracklet_00000775|legacy_sequence,legacy_recovered,legacy_recovered_16f,pigs051219/000303,,source=legacy_recovered|dataset=legacy_recovered_16f|video=pigs051219%2F000303|track_id=tracklet_00000775,ID_2,tracklet_00000775,051219,FOLD_4,train,13,28,13,28,13,28
posture_review_0000403,source=legacy_recovered|dataset=legacy_recovered_16f|video=pigs031219%2F000090|track_id=tracklet_00002265|legacy_sequence,legacy_recovered,legacy_recovered_16f,pigs031219/000090,,source=legacy_recovered|dataset=legacy_recovered_16f|video=pigs031219%2F000090|track_id=tracklet_00002265,ID_1,tracklet_00002265,031219,FOLD_4,train,4,19,4,19,4,19
posture_review_0000404,source=legacy_recovered|dataset=legacy_recovered_16f|video=pigs051219%2F000299|track_id=tracklet_00004394|legacy_sequence,legacy_recovered,legacy_recovered_16f,pigs051219/000299,,source=legacy_recovered|dataset=legacy_recovered_16f|video=pigs051219%2F000299|track_id=tracklet_00004394,ID_7,tracklet_00004394,051219,FOLD_4,train,0,15,0,15,0,15
posture_review_0000405,source=legacy_recovered|dataset=legacy_recovered_16f|video=pigs271119%2F000016|track_id=tracklet_00003632|legacy_sequence,legacy_recovered,legacy_recovered_16f,pigs271119/000016,,source=legacy_recovered|dataset=legacy_recovered_16f|video=pigs271119%2F000016|track_id=tracklet_00003632,ID_3,tracklet_00003632,271119,FOLD_4,train,261,276,261,276,261,276
posture_review_0000406,source=legacy_recovered|dataset=legacy_recovered_16f|video=pigs051219%2F000330|track_id=tracklet_00002096|legacy_sequence,legacy_recovered,legacy_recovered_16f,pigs051219/000330,,source=legacy_recovered|dataset=legacy_recovered_16f|video=pigs051219%2F000330|track_id=tracklet_00002096,ID_2,tracklet_00002096,051219,FOLD_4,train,0,15,0,15,0,15
posture_review_0000407,source=legacy_recovered|dataset=legacy_recovered_16f|video=pigs031219%2F000085|track_id=tracklet_00002689|legacy_sequence,legacy_recovered,legacy_recovered_16f,pigs031219/000085,,source=legacy_recovered|dataset=legacy_recovered_16f|video=pigs031219%2F000085|track_id=tracklet_00002689,ID_5,tracklet_00002689,031219,FOLD_4,train,0,15,0,15,0,15
posture_review_0000408,source=legacy_recovered|dataset=legacy_recovered_16f|video=pigs111219%2F000109|track_id=tracklet_00003392|legacy_sequence,legacy_recovered,legacy_recovered_16f,pigs111219/000109,,source=legacy_recovered|dataset=legacy_recovered_16f|video=pigs111219%2F000109|track_id=tracklet_00003392,ID_7,tracklet_00003392,111219,FOLD_4,train,0,15,0,15,0,15
posture_review_0000409,source=legacy_recovered|dataset=legacy_recovered_16f|video=pigs081119%2F000352|track_id=tracklet_00002612|legacy_sequence,legacy_recovered,legacy_recovered_16f,pigs081119/000352,,source=legacy_recovered|dataset=legacy_recovered_16f|video=pigs081119%2F000352|track_id=tracklet_00002612,ID_3,tracklet_00002612,081119,FOLD_4,train,4,19,4,19,4,19
posture_review_0000410,source=legacy_recovered|dataset=legacy_recovered_16f|video=pigs111219%2F000076|track_id=tracklet_00004542|legacy_sequence,legacy_recovered,legacy_recovered_16f,pigs111219/000076,,source=legacy_recovered|dataset=legacy_recovered_16f|video=pigs111219%2F000076|track_id=tracklet_00004542,ID_6,tracklet_00004542,111219,FOLD_4,train,0,15,0,15,0,15
posture_review_0000411,source=legacy_recovered|dataset=legacy_recovered_16f|video=pigs271119%2F000013|track_id=tracklet_00001381|legacy_sequence,legacy_recovered,legacy_recovered_16f,pigs271119/000013,,source=legacy_recovered|dataset=legacy_recovered_16f|video=pigs271119%2F000013|track_id=tracklet_00001381,ID_6,tracklet_00001381,271119,FOLD_4,train,413,428,413,428,413,428
posture_review_0000412,source=legacy_recovered|dataset=legacy_recovered_16f|video=pigs111219%2F000101|track_id=tracklet_00002768|legacy_sequence,legacy_recovered,legacy_recovered_16f,pigs111219/000101,,source=legacy_recovered|dataset=legacy_recovered_16f|video=pigs111219%2F000101|track_id=tracklet_00002768,ID_4,tracklet_00002768,111219,FOLD_4,train,0,15,0,15,0,15
posture_review_0000413,source=legacy_recovered|dataset=legacy_recovered_16f|video=pigs041219%2F000284|track_id=tracklet_00004349|legacy_sequence,legacy_recovered,legacy_recovered_16f,pigs041219/000284,,source=legacy_recovered|dataset=legacy_recovered_16f|video=pigs041219%2F000284|track_id=tracklet_00004349,ID_3,tracklet_00004349,041219,FOLD_4,train,15,30,15,30,15,30
posture_review_0000414,source=legacy_recovered|dataset=legacy_recovered_16f|video=pigs051219%2F000300|track_id=tracklet_00002337|legacy_sequence,legacy_recovered,legacy_recovered_16f,pigs051219/000300,,source=legacy_recovered|dataset=legacy_recovered_16f|video=pigs051219%2F000300|track_id=tracklet_00002337,ID_8,tracklet_00002337,051219,FOLD_4,train,7,22,7,22,7,22
posture_review_0000415,source=legacy_recovered|dataset=legacy_recovered_16f|video=pigs031219%2F000130|track_id=tracklet_00002456|legacy_sequence,legacy_recovered,legacy_recovered_16f,pigs031219/000130,,source=legacy_recovered|dataset=legacy_recovered_16f|video=pigs031219%2F000130|track_id=tracklet_00002456,ID_2,tracklet_00002456,031219,FOLD_4,train,0,15,0,15,0,15
posture_review_0000416,source=legacy_recovered|dataset=legacy_recovered_16f|video=pigs091119%2F000429|track_id=tracklet_00001354|legacy_sequence,legacy_recovered,legacy_recovered_16f,pigs091119/000429,,source=legacy_recovered|dataset=legacy_recovered_16f|video=pigs091119%2F000429|track_id=tracklet_00001354,ID_3,tracklet_00001354,091119,FOLD_4,train,0,15,0,15,0,15
posture_review_0000417,source=legacy_recovered|dataset=legacy_recovered_16f|video=pigs101219b%2F000008|track_id=tracklet_00002518|legacy_sequence,legacy_recovered,legacy_recovered_16f,pigs101219b/000008,,source=legacy_recovered|dataset=legacy_recovered_16f|video=pigs101219b%2F000008|track_id=tracklet_00002518,ID_7,tracklet_00002518,101219,FOLD_4,train,0,15,0,15,0,15
posture_review_0000418,source=legacy_recovered|dataset=legacy_recovered_16f|video=pigs271119%2F000040|track_id=tracklet_00003956|legacy_sequence,legacy_recovered,legacy_recovered_16f,pigs271119/000040,,source=legacy_recovered|dataset=legacy_recovered_16f|video=pigs271119%2F000040|track_id=tracklet_00003956,ID_5,tracklet_00003956,271119,FOLD_4,train,0,15,0,15,0,15
posture_review_0000419,source=legacy_recovered|dataset=legacy_recovered_16f|video=pigs081119%2F000335|track_id=tracklet_00003891|legacy_sequence,legacy_recovered,legacy_recovered_16f,pigs081119/000335,,source=legacy_recovered|dataset=legacy_recovered_16f|video=pigs081119%2F000335|track_id=tracklet_00003891,ID_5,tracklet_00003891,081119,FOLD_4,train,6,21,6,21,6,21
posture_review_0000420,source=legacy_recovered|dataset=legacy_recovered_16f|video=pigs051219%2F000326|track_id=tracklet_00002227|legacy_sequence,legacy_recovered,legacy_recovered_16f,pigs051219/000326,,source=legacy_recovered|dataset=legacy_recovered_16f|video=pigs051219%2F000326|track_id=tracklet_00002227,ID_2,tracklet_00002227,051219,FOLD_4,train,0,15,0,15,0,15
posture_review_0000421,source=legacy_recovered|dataset=legacy_recovered_16f|video=pigs031219%2F000099|track_id=tracklet_00003019|legacy_sequence,legacy_recovered,legacy_recovered_16f,pigs031219/000099,,source=legacy_recovered|dataset=legacy_recovered_16f|video=pigs031219%2F000099|track_id=tracklet_00003019,ID_4,tracklet_00003019,031219,FOLD_4,train,0,15,0,15,0,15
posture_review_0000422,source=legacy_recovered|dataset=legacy_recovered_16f|video=pigs081119%2F000333|track_id=tracklet_00002763|legacy_sequence,legacy_recovered,legacy_recovered_16f,pigs081119/000333,,source=legacy_recovered|dataset=legacy_recovered_16f|video=pigs081119%2F000333|track_id=tracklet_00002763,ID_6,tracklet_00002763,081119,FOLD_4,train,0,15,0,15,0,15
posture_review_0000423,source=legacy_recovered|dataset=legacy_recovered_16f|video=pigs081119%2F000378|track_id=tracklet_00001171|legacy_sequence,legacy_recovered,legacy_recovered_16f,pigs081119/000378,,source=legacy_recovered|dataset=legacy_recovered_16f|video=pigs081119%2F000378|track_id=tracklet_00001171,ID_7,tracklet_00001171,081119,FOLD_4,train,9,24,9,24,9,24
posture_review_0000424,source=legacy_recovered|dataset=legacy_recovered_16f|video=pigs081119%2F000352|track_id=tracklet_00002614|legacy_sequence,legacy_recovered,legacy_recovered_16f,pigs081119/000352,,source=legacy_recovered|dataset=legacy_recovered_16f|video=pigs081119%2F000352|track_id=tracklet_00002614,ID_5,tracklet_00002614,081119,FOLD_4,train,4,19,4,19,4,19
posture_review_0000425,source=legacy_recovered|dataset=legacy_recovered_16f|video=pigs091119%2F000425|track_id=tracklet_00002992|legacy_sequence,legacy_recovered,legacy_recovered_16f,pigs091119/000425,,source=legacy_recovered|dataset=legacy_recovered_16f|video=pigs091119%2F000425|track_id=tracklet_00002992,ID_2,tracklet_00002992,091119,FOLD_4,train,0,15,0,15,0,15
posture_review_0000426,source=legacy_recovered|dataset=legacy_recovered_16f|video=pigs041219%2F000230|track_id=tracklet_00003253|legacy_sequence,legacy_recovered,legacy_recovered_16f,pigs041219/000230,,source=legacy_recovered|dataset=legacy_recovered_16f|video=pigs041219%2F000230|track_id=tracklet_00003253,ID_4,tracklet_00003253,041219,FOLD_4,train,0,15,0,15,0,15
posture_review_0000427,source=legacy_recovered|dataset=legacy_recovered_16f|video=pigs031219%2F000085|track_id=tracklet_00002691|legacy_sequence,legacy_recovered,legacy_recovered_16f,pigs031219/000085,,source=legacy_recovered|dataset=legacy_recovered_16f|video=pigs031219%2F000085|track_id=tracklet_00002691,ID_7,tracklet_00002691,031219,FOLD_4,train,0,15,0,15,0,15
posture_review_0000428,source=legacy_recovered|dataset=legacy_recovered_16f|video=pigs081119%2F000303|track_id=tracklet_00000225|legacy_sequence,legacy_recovered,legacy_recovered_16f,pigs081119/000303,,source=legacy_recovered|dataset=legacy_recovered_16f|video=pigs081119%2F000303|track_id=tracklet_00000225,ID_1,tracklet_00000225,081119,FOLD_4,train,8,23,8,23,8,23
posture_review_0000429,source=legacy_recovered|dataset=legacy_recovered_16f|video=pigs091119%2F000428|track_id=tracklet_00001099|legacy_sequence,legacy_recovered,legacy_recovered_16f,pigs091119/000428,,source=legacy_recovered|dataset=legacy_recovered_16f|video=pigs091119%2F000428|track_id=tracklet_00001099,ID_3,tracklet_00001099,091119,FOLD_4,train,1,16,1,16,1,16
posture_review_0000430,source=legacy_recovered|dataset=legacy_recovered_16f|video=pigs161119%2F000070|track_id=tracklet_00001636|legacy_sequence,legacy_recovered,legacy_recovered_16f,pigs161119/000070,,source=legacy_recovered|dataset=legacy_recovered_16f|video=pigs161119%2F000070|track_id=tracklet_00001636,ID_7,tracklet_00001636,161119,FOLD_4,train,0,15,0,15,0,15
posture_review_0000431,source=legacy_recovered|dataset=legacy_recovered_16f|video=pigs081119%2F000365|track_id=tracklet_00000539|legacy_sequence,legacy_recovered,legacy_recovered_16f,pigs081119/000365,,source=legacy_recovered|dataset=legacy_recovered_16f|video=pigs081119%2F000365|track_id=tracklet_00000539,ID_7,tracklet_00000539,081119,FOLD_4,train,0,15,0,15,0,15
posture_review_0000432,source=legacy_recovered|dataset=legacy_recovered_16f|video=pigs271119%2F000008|track_id=tracklet_00000792|legacy_sequence,legacy_recovered,legacy_recovered_16f,pigs271119/000008,,source=legacy_recovered|dataset=legacy_recovered_16f|video=pigs271119%2F000008|track_id=tracklet_00000792,ID_1,tracklet_00000792,271119,FOLD_4,train,0,15,0,15,0,15
posture_review_0000433,source=legacy_recovered|dataset=legacy_recovered_16f|video=pigs081119%2F000308|track_id=tracklet_00000948|legacy_sequence,legacy_recovered,legacy_recovered_16f,pigs081119/000308,,source=legacy_recovered|dataset=legacy_recovered_16f|video=pigs081119%2F000308|track_id=tracklet_00000948,ID_5,tracklet_00000948,081119,FOLD_4,train,0,15,0,15,0,15
posture_review_0000434,source=legacy_recovered|dataset=legacy_recovered_16f|video=pigs101219b%2F000031|track_id=tracklet_00003750|legacy_sequence,legacy_recovered,legacy_recovered_16f,pigs101219b/000031,,source=legacy_recovered|dataset=legacy_recovered_16f|video=pigs101219b%2F000031|track_id=tracklet_00003750,ID_2,tracklet_00003750,101219,FOLD_4,train,0,15,0,15,0,15
posture_review_0000435,source=legacy_recovered|dataset=legacy_recovered_16f|video=pigs041219%2F000179|track_id=tracklet_00000009|legacy_sequence,legacy_recovered,legacy_recovered_16f,pigs041219/000179,,source=legacy_recovered|dataset=legacy_recovered_16f|video=pigs041219%2F000179|track_id=tracklet_00000009,ID_2,tracklet_00000009,041219,FOLD_4,train,10,25,10,25,10,25
posture_review_0000436,source=legacy_recovered|dataset=legacy_recovered_16f|video=pigs081119%2F000372|track_id=tracklet_00000921|legacy_sequence,legacy_recovered,legacy_recovered_16f,pigs081119/000372,,source=legacy_recovered|dataset=legacy_recovered_16f|video=pigs081119%2F000372|track_id=tracklet_00000921,ID_2,tracklet_00000921,081119,FOLD_4,train,4,19,4,19,4,19
posture_review_0000437,source=legacy_recovered|dataset=legacy_recovered_16f|video=pigs031219%2F000121|track_id=tracklet_00004064|legacy_sequence,legacy_recovered,legacy_recovered_16f,pigs031219/000121,,source=legacy_recovered|dataset=legacy_recovered_16f|video=pigs031219%2F000121|track_id=tracklet_00004064,ID_6,tracklet_00004064,031219,FOLD_4,train,2,17,2,17,2,17
posture_review_0000438,source=legacy_recovered|dataset=legacy_recovered_16f|video=pigs031219%2F000119|track_id=tracklet_00001105|legacy_sequence,legacy_recovered,legacy_recovered_16f,pigs031219/000119,,source=legacy_recovered|dataset=legacy_recovered_16f|video=pigs031219%2F000119|track_id=tracklet_00001105,ID_1,tracklet_00001105,031219,FOLD_4,train,0,15,0,15,0,15
posture_review_0000439,source=legacy_recovered|dataset=legacy_recovered_16f|video=pigs081119%2F000360|track_id=tracklet_00003604|legacy_sequence,legacy_recovered,legacy_recovered_16f,pigs081119/000360,,source=legacy_recovered|dataset=legacy_recovered_16f|video=pigs081119%2F000360|track_id=tracklet_00003604,ID_2,tracklet_00003604,081119,FOLD_4,train,0,15,0,15,0,15
posture_review_0000440,source=legacy_recovered|dataset=legacy_recovered_16f|video=pigs101219a%2F000272|track_id=tracklet_00001747|legacy_sequence,legacy_recovered,legacy_recovered_16f,pigs101219a/000272,,source=legacy_recovered|dataset=legacy_recovered_16f|video=pigs101219a%2F000272|track_id=tracklet_00001747,ID_6,tracklet_00001747,101219,FOLD_4,train,0,15,0,15,0,15
posture_review_0000441,source=legacy_recovered|dataset=legacy_recovered_16f|video=pigs091119%2F000435|track_id=tracklet_00002505|legacy_sequence,legacy_recovered,legacy_recovered_16f,pigs091119/000435,,source=legacy_recovered|dataset=legacy_recovered_16f|video=pigs091119%2F000435|track_id=tracklet_00002505,ID_5,tracklet_00002505,091119,FOLD_4,train,0,15,0,15,0,15
posture_review_0000442,source=legacy_recovered|dataset=legacy_recovered_16f|video=pigs151119%2F000039|track_id=tracklet_00002565|legacy_sequence,legacy_recovered,legacy_recovered_16f,pigs151119/000039,,source=legacy_recovered|dataset=legacy_recovered_16f|video=pigs151119%2F000039|track_id=tracklet_00002565,ID_2,tracklet_00002565,151119,FOLD_4,train,5,20,5,20,5,20
posture_review_0000443,source=legacy_recovered|dataset=legacy_recovered_16f|video=pigs111219%2F000092|track_id=tracklet_00001284|legacy_sequence,legacy_recovered,legacy_recovered_16f,pigs111219/000092,,source=legacy_recovered|dataset=legacy_recovered_16f|video=pigs111219%2F000092|track_id=tracklet_00001284,ID_7,tracklet_00001284,111219,FOLD_4,train,0,15,0,15,0,15
posture_review_0000444,source=legacy_recovered|dataset=legacy_recovered_16f|video=pigs151119%2F000013|track_id=tracklet_00001737|legacy_sequence,legacy_recovered,legacy_recovered_16f,pigs151119/000013,,source=legacy_recovered|dataset=legacy_recovered_16f|video=pigs151119%2F000013|track_id=tracklet_00001737,ID_1,tracklet_00001737,151119,FOLD_4,train,0,15,0,15,0,15
posture_review_0000445,source=legacy_recovered|dataset=legacy_recovered_16f|video=pigs031219%2F000101|track_id=tracklet_00001281|legacy_sequence,legacy_recovered,legacy_recovered_16f,pigs031219/000101,,source=legacy_recovered|dataset=legacy_recovered_16f|video=pigs031219%2F000101|track_id=tracklet_00001281,ID_8,tracklet_00001281,031219,FOLD_4,train,0,15,0,15,0,15
posture_review_0000446,source=legacy_recovered|dataset=legacy_recovered_16f|video=pigs081119%2F000305|track_id=tracklet_00003386|legacy_sequence,legacy_recovered,legacy_recovered_16f,pigs081119/000305,,source=legacy_recovered|dataset=legacy_recovered_16f|video=pigs081119%2F000305|track_id=tracklet_00003386,ID_8,tracklet_00003386,081119,FOLD_4,exclude|train,2,17,2,17,2,17
posture_review_0000447,source=legacy_recovered|dataset=legacy_recovered_16f|video=pigs151119%2F000037|track_id=tracklet_00000762|legacy_sequence,legacy_recovered,legacy_recovered_16f,pigs151119/000037,,source=legacy_recovered|dataset=legacy_recovered_16f|video=pigs151119%2F000037|track_id=tracklet_00000762,ID_5,tracklet_00000762,151119,FOLD_4,train,3,18,3,18,3,18
posture_review_0000448,source=legacy_recovered|dataset=legacy_recovered_16f|video=pigs051219%2F000318|track_id=tracklet_00001647|legacy_sequence,legacy_recovered,legacy_recovered_16f,pigs051219/000318,,source=legacy_recovered|dataset=legacy_recovered_16f|video=pigs051219%2F000318|track_id=tracklet_00001647,ID_2,tracklet_00001647,051219,FOLD_4,train,0,15,0,15,0,15
posture_review_0000449,source=legacy_recovered|dataset=legacy_recovered_16f|video=pigs031219%2F000069|track_id=tracklet_00000654|legacy_sequence,legacy_recovered,legacy_recovered_16f,pigs031219/000069,,source=legacy_recovered|dataset=legacy_recovered_16f|video=pigs031219%2F000069|track_id=tracklet_00000654,ID_1,tracklet_00000654,031219,FOLD_4,train,8,23,8,23,8,23
posture_review_0000450,source=legacy_recovered|dataset=legacy_recovered_16f|video=pigs081119%2F000306|track_id=tracklet_00002223|legacy_sequence,legacy_recovered,legacy_recovered_16f,pigs081119/000306,,source=legacy_recovered|dataset=legacy_recovered_16f|video=pigs081119%2F000306|track_id=tracklet_00002223,ID_6,tracklet_00002223,081119,FOLD_4,train,0,15,0,15,0,15
posture_review_0000451,source=legacy_recovered|dataset=legacy_recovered_16f|video=pigs161119%2F000069|track_id=tracklet_00003748|legacy_sequence,legacy_recovered,legacy_recovered_16f,pigs161119/000069,,source=legacy_recovered|dataset=legacy_recovered_16f|video=pigs161119%2F000069|track_id=tracklet_00003748,ID_5,tracklet_00003748,161119,FOLD_4,train,0,15,0,15,0,15
posture_review_0000452,source=legacy_recovered|dataset=legacy_recovered_16f|video=pigs041219%2F000221|track_id=tracklet_00001927|legacy_sequence,legacy_recovered,legacy_recovered_16f,pigs041219/000221,,source=legacy_recovered|dataset=legacy_recovered_16f|video=pigs041219%2F000221|track_id=tracklet_00001927,ID_1,tracklet_00001927,041219,FOLD_4,train,1,16,1,16,1,16
posture_review_0000453,source=legacy_recovered|dataset=legacy_recovered_16f|video=pigs101219a%2F000295|track_id=tracklet_00004115|legacy_sequence,legacy_recovered,legacy_recovered_16f,pigs101219a/000295,,source=legacy_recovered|dataset=legacy_recovered_16f|video=pigs101219a%2F000295|track_id=tracklet_00004115,ID_5,tracklet_00004115,101219,FOLD_4,train,0,15,0,15,0,15
posture_review_0000454,source=legacy_recovered|dataset=legacy_recovered_16f|video=pigs041219%2F000182|track_id=tracklet_00000282|legacy_sequence,legacy_recovered,legacy_recovered_16f,pigs041219/000182,,source=legacy_recovered|dataset=legacy_recovered_16f|video=pigs041219%2F000182|track_id=tracklet_00000282,ID_7,tracklet_00000282,041219,FOLD_4,train,0,15,0,15,0,15
posture_review_0000455,source=legacy_recovered|dataset=legacy_recovered_16f|video=pigs081119%2F000343|track_id=tracklet_00004294|legacy_sequence,legacy_recovered,legacy_recovered_16f,pigs081119/000343,,source=legacy_recovered|dataset=legacy_recovered_16f|video=pigs081119%2F000343|track_id=tracklet_00004294,ID_3,tracklet_00004294,081119,FOLD_4,train,5,20,5,20,5,20
posture_review_0000456,source=legacy_recovered|dataset=legacy_recovered_16f|video=pigs051219%2F000299|track_id=tracklet_00004392|legacy_sequence,legacy_recovered,legacy_recovered_16f,pigs051219/000299,,source=legacy_recovered|dataset=legacy_recovered_16f|video=pigs051219%2F000299|track_id=tracklet_00004392,ID_5,tracklet_00004392,051219,FOLD_4,train,0,15,0,15,0,15
posture_review_0000457,source=legacy_recovered|dataset=legacy_recovered_16f|video=pigs151119%2F000031|track_id=tracklet_00004003|legacy_sequence,legacy_recovered,legacy_recovered_16f,pigs151119/000031,,source=legacy_recovered|dataset=legacy_recovered_16f|video=pigs151119%2F000031|track_id=tracklet_00004003,ID_5,tracklet_00004003,151119,FOLD_4,train,0,15,0,15,0,15
posture_review_0000458,source=legacy_recovered|dataset=legacy_recovered_16f|video=pigs041219%2F000198|track_id=tracklet_00000840|legacy_sequence,legacy_recovered,legacy_recovered_16f,pigs041219/000198,,source=legacy_recovered|dataset=legacy_recovered_16f|video=pigs041219%2F000198|track_id=tracklet_00000840,ID_1,tracklet_00000840,041219,FOLD_4,train,0,15,0,15,0,15
posture_review_0000459,source=legacy_recovered|dataset=legacy_recovered_16f|video=pigs091119%2F000442|track_id=tracklet_00000193|legacy_sequence,legacy_recovered,legacy_recovered_16f,pigs091119/000442,,source=legacy_recovered|dataset=legacy_recovered_16f|video=pigs091119%2F000442|track_id=tracklet_00000193,ID_1,tracklet_00000193,091119,FOLD_4,train,0,15,0,15,0,15
posture_review_0000460,source=legacy_recovered|dataset=legacy_recovered_16f|video=pigs101219b%2F000034|track_id=tracklet_00000086|legacy_sequence,legacy_recovered,legacy_recovered_16f,pigs101219b/000034,,source=legacy_recovered|dataset=legacy_recovered_16f|video=pigs101219b%2F000034|track_id=tracklet_00000086,ID_5,tracklet_00000086,101219,FOLD_4,train,0,15,0,15,0,15
posture_review_0000461,source=legacy_recovered|dataset=legacy_recovered_16f|video=pigs031219%2F000099|track_id=tracklet_00003021|legacy_sequence,legacy_recovered,legacy_recovered_16f,pigs031219/000099,,source=legacy_recovered|dataset=legacy_recovered_16f|video=pigs031219%2F000099|track_id=tracklet_00003021,ID_6,tracklet_00003021,031219,FOLD_4,train,0,15,0,15,0,15
posture_review_0000462,source=legacy_recovered|dataset=legacy_recovered_16f|video=pigs031219%2F000082|track_id=tracklet_00004052|legacy_sequence,legacy_recovered,legacy_recovered_16f,pigs031219/000082,,source=legacy_recovered|dataset=legacy_recovered_16f|video=pigs031219%2F000082|track_id=tracklet_00004052,ID_6,tracklet_00004052,031219,FOLD_4,train,0,15,0,15,0,15
posture_review_0000463,source=legacy_recovered|dataset=legacy_recovered_16f|video=pigs101219b%2F000008|track_id=tracklet_00002517|legacy_sequence,legacy_recovered,legacy_recovered_16f,pigs101219b/000008,,source=legacy_recovered|dataset=legacy_recovered_16f|video=pigs101219b%2F000008|track_id=tracklet_00002517,ID_6,tracklet_00002517,101219,FOLD_4,train,0,15,0,15,0,15
posture_review_0000464,source=legacy_recovered|dataset=legacy_recovered_16f|video=pigs081119%2F000309|track_id=tracklet_00000368|legacy_sequence,legacy_recovered,legacy_recovered_16f,pigs081119/000309,,source=legacy_recovered|dataset=legacy_recovered_16f|video=pigs081119%2F000309|track_id=tracklet_00000368,ID_2,tracklet_00000368,081119,FOLD_4,train,2,17,2,17,2,17
posture_review_0000465,source=legacy_recovered|dataset=legacy_recovered_16f|video=pigs111219%2F000084|track_id=tracklet_00001804|legacy_sequence,legacy_recovered,legacy_recovered_16f,pigs111219/000084,,source=legacy_recovered|dataset=legacy_recovered_16f|video=pigs111219%2F000084|track_id=tracklet_00001804,ID_1,tracklet_00001804,111219,FOLD_4,train,0,15,0,15,0,15
posture_review_0000466,source=legacy_recovered|dataset=legacy_recovered_16f|video=pigs081119%2F000357|track_id=tracklet_00003425|legacy_sequence,legacy_recovered,legacy_recovered_16f,pigs081119/000357,,source=legacy_recovered|dataset=legacy_recovered_16f|video=pigs081119%2F000357|track_id=tracklet_00003425,ID_1,tracklet_00003425,081119,FOLD_4,train,5,20,5,20,5,20
posture_review_0000467,source=legacy_recovered|dataset=legacy_recovered_16f|video=pigs041219%2F000201|track_id=tracklet_00001913|legacy_sequence,legacy_recovered,legacy_recovered_16f,pigs041219/000201,,source=legacy_recovered|dataset=legacy_recovered_16f|video=pigs041219%2F000201|track_id=tracklet_00001913,ID_3,tracklet_00001913,041219,FOLD_4,train,0,15,0,15,0,15
posture_review_0000468,source=legacy_recovered|dataset=legacy_recovered_16f|video=pigs081119%2F000312|track_id=tracklet_00003777|legacy_sequence,legacy_recovered,legacy_recovered_16f,pigs081119/000312,,source=legacy_recovered|dataset=legacy_recovered_16f|video=pigs081119%2F000312|track_id=tracklet_00003777,ID_1,tracklet_00003777,081119,FOLD_4,train,3,18,3,18,3,18
posture_review_0000469,source=legacy_recovered|dataset=legacy_recovered_16f|video=pigs091119%2F000429|track_id=tracklet_00001352|legacy_sequence,legacy_recovered,legacy_recovered_16f,pigs091119/000429,,source=legacy_recovered|dataset=legacy_recovered_16f|video=pigs091119%2F000429|track_id=tracklet_00001352,ID_1,tracklet_00001352,091119,FOLD_4,train,0,15,0,15,0,15
posture_review_0000470,source=legacy_recovered|dataset=legacy_recovered_16f|video=pigs101219a%2F000296|track_id=tracklet_00000243|legacy_sequence,legacy_recovered,legacy_recovered_16f,pigs101219a/000296,,source=legacy_recovered|dataset=legacy_recovered_16f|video=pigs101219a%2F000296|track_id=tracklet_00000243,ID_7,tracklet_00000243,101219,FOLD_4,train,0,15,0,15,0,15
posture_review_0000471,source=legacy_recovered|dataset=legacy_recovered_16f|video=pigs051219%2F000303|track_id=tracklet_00000774|legacy_sequence,legacy_recovered,legacy_recovered_16f,pigs051219/000303,,source=legacy_recovered|dataset=legacy_recovered_16f|video=pigs051219%2F000303|track_id=tracklet_00000774,ID_1,tracklet_00000774,051219,FOLD_4,train,13,28,13,28,13,28
posture_review_0000472,source=legacy_recovered|dataset=legacy_recovered_16f|video=pigs151119%2F000034|track_id=tracklet_00001500|legacy_sequence,legacy_recovered,legacy_recovered_16f,pigs151119/000034,,source=legacy_recovered|dataset=legacy_recovered_16f|video=pigs151119%2F000034|track_id=tracklet_00001500,ID_8,tracklet_00001500,151119,FOLD_4,train,17,32,17,32,17,32
posture_review_0000473,source=legacy_recovered|dataset=legacy_recovered_16f|video=pigs081119%2F000326|track_id=tracklet_00001512|legacy_sequence,legacy_recovered,legacy_recovered_16f,pigs081119/000326,,source=legacy_recovered|dataset=legacy_recovered_16f|video=pigs081119%2F000326|track_id=tracklet_00001512,ID_4,tracklet_00001512,081119,FOLD_4,train,9,24,9,24,9,24
posture_review_0000474,source=legacy_recovered|dataset=legacy_recovered_16f|video=pigs081119%2F000363|track_id=tracklet_00002441|legacy_sequence,legacy_recovered,legacy_recovered_16f,pigs081119/000363,,source=legacy_recovered|dataset=legacy_recovered_16f|video=pigs081119%2F000363|track_id=tracklet_00002441,ID_6,tracklet_00002441,081119,FOLD_4,train,0,15,0,15,0,15
posture_review_0000475,source=legacy_recovered|dataset=legacy_recovered_16f|video=pigs111219%2F000094|track_id=tracklet_00001619|legacy_sequence,legacy_recovered,legacy_recovered_16f,pigs111219/000094,,source=legacy_recovered|dataset=legacy_recovered_16f|video=pigs111219%2F000094|track_id=tracklet_00001619,ID_1,tracklet_00001619,111219,FOLD_4,train,0,15,0,15,0,15
posture_review_0000476,source=legacy_recovered|dataset=legacy_recovered_16f|video=pigs081119%2F000301|track_id=tracklet_00000450|legacy_sequence,legacy_recovered,legacy_recovered_16f,pigs081119/000301,,source=legacy_recovered|dataset=legacy_recovered_16f|video=pigs081119%2F000301|track_id=tracklet_00000450,ID_5,tracklet_00000450,081119,FOLD_4,train,2,17,2,17,2,17
posture_review_0000477,source=legacy_recovered|dataset=legacy_recovered_16f|video=pigs041219%2F000235|track_id=tracklet_00003468|legacy_sequence,legacy_recovered,legacy_recovered_16f,pigs041219/000235,,source=legacy_recovered|dataset=legacy_recovered_16f|video=pigs041219%2F000235|track_id=tracklet_00003468,ID_4,tracklet_00003468,041219,FOLD_4,train,0,15,0,15,0,15
posture_review_0000478,source=legacy_recovered|dataset=legacy_recovered_16f|video=pigs031219%2F000111|track_id=tracklet_00004011|legacy_sequence,legacy_recovered,legacy_recovered_16f,pigs031219/000111,,source=legacy_recovered|dataset=legacy_recovered_16f|video=pigs031219%2F000111|track_id=tracklet_00004011,ID_7,tracklet_00004011,031219,FOLD_4,train,1,16,1,16,1,16
posture_review_0000479,source=legacy_recovered|dataset=legacy_recovered_16f|video=pigs101219a%2F000293|track_id=tracklet_00002500|legacy_sequence,legacy_recovered,legacy_recovered_16f,pigs101219a/000293,,source=legacy_recovered|dataset=legacy_recovered_16f|video=pigs101219a%2F000293|track_id=tracklet_00002500,ID_8,tracklet_00002500,101219,FOLD_4,train,0,15,0,15,0,15
posture_review_0000480,source=legacy_recovered|dataset=legacy_recovered_16f|video=pigs091119%2F000424|track_id=tracklet_00002833|legacy_sequence,legacy_recovered,legacy_recovered_16f,pigs091119/000424,,source=legacy_recovered|dataset=legacy_recovered_16f|video=pigs091119%2F000424|track_id=tracklet_00002833,ID_6,tracklet_00002833,091119,FOLD_4,train,0,15,0,15,0,15
posture_review_0000481,source=legacy_recovered|dataset=legacy_recovered_16f|video=pigs111219%2F000085|track_id=tracklet_00000738|legacy_sequence,legacy_recovered,legacy_recovered_16f,pigs111219/000085,,source=legacy_recovered|dataset=legacy_recovered_16f|video=pigs111219%2F000085|track_id=tracklet_00000738,ID_1,tracklet_00000738,111219,FOLD_4,train,0,15,0,15,0,15
posture_review_0000482,source=legacy_recovered|dataset=legacy_recovered_16f|video=pigs151119%2F000035|track_id=tracklet_00001479|legacy_sequence,legacy_recovered,legacy_recovered_16f,pigs151119/000035,,source=legacy_recovered|dataset=legacy_recovered_16f|video=pigs151119%2F000035|track_id=tracklet_00001479,ID_3,tracklet_00001479,151119,FOLD_4,train,0,15,0,15,0,15
posture_review_0000483,source=legacy_recovered|dataset=legacy_recovered_16f|video=pigs031219%2F000068|track_id=tracklet_00004471|legacy_sequence,legacy_recovered,legacy_recovered_16f,pigs031219/000068,,source=legacy_recovered|dataset=legacy_recovered_16f|video=pigs031219%2F000068|track_id=tracklet_00004471,ID_1,tracklet_00004471,031219,FOLD_4,train,12,27,12,27,12,27
posture_review_0000484,source=legacy_recovered|dataset=legacy_recovered_16f|video=pigs091119%2F000457|track_id=tracklet_00000934|legacy_sequence,legacy_recovered,legacy_recovered_16f,pigs091119/000457,,source=legacy_recovered|dataset=legacy_recovered_16f|video=pigs091119%2F000457|track_id=tracklet_00000934,ID_7,tracklet_00000934,091119,FOLD_4,train,7,22,7,22,7,22
posture_review_0000485,source=legacy_recovered|dataset=legacy_recovered_16f|video=pigs031219%2F000133|track_id=tracklet_00002653|legacy_sequence,legacy_recovered,legacy_recovered_16f,pigs031219/000133,,source=legacy_recovered|dataset=legacy_recovered_16f|video=pigs031219%2F000133|track_id=tracklet_00002653,ID_1,tracklet_00002653,031219,FOLD_4,train,5,20,5,20,5,20
posture_review_0000486,source=legacy_recovered|dataset=legacy_recovered_16f|video=pigs041219%2F000211|track_id=tracklet_00003856|legacy_sequence,legacy_recovered,legacy_recovered_16f,pigs041219/000211,,source=legacy_recovered|dataset=legacy_recovered_16f|video=pigs041219%2F000211|track_id=tracklet_00003856,ID_4,tracklet_00003856,041219,FOLD_4,train,5,20,5,20,5,20
posture_review_0000487,source=legacy_recovered|dataset=legacy_recovered_16f|video=pigs101219b%2F000028|track_id=tracklet_00000284|legacy_sequence,legacy_recovered,legacy_recovered_16f,pigs101219b/000028,,source=legacy_recovered|dataset=legacy_recovered_16f|video=pigs101219b%2F000028|track_id=tracklet_00000284,ID_1,tracklet_00000284,101219,FOLD_4,train,0,15,0,15,0,15
posture_review_0000488,source=legacy_recovered|dataset=legacy_recovered_16f|video=pigs271119%2F000015|track_id=tracklet_00004135|legacy_sequence,legacy_recovered,legacy_recovered_16f,pigs271119/000015,,source=legacy_recovered|dataset=legacy_recovered_16f|video=pigs271119%2F000015|track_id=tracklet_00004135,ID_2,tracklet_00004135,271119,FOLD_4,train,602,617,602,617,602,617
posture_review_0000489,source=legacy_recovered|dataset=legacy_recovered_16f|video=pigs081119%2F000337|track_id=tracklet_00004218|legacy_sequence,legacy_recovered,legacy_recovered_16f,pigs081119/000337,,source=legacy_recovered|dataset=legacy_recovered_16f|video=pigs081119%2F000337|track_id=tracklet_00004218,ID_4,tracklet_00004218,081119,FOLD_4,train,1,16,1,16,1,16
posture_review_0000490,source=legacy_recovered|dataset=legacy_recovered_16f|video=pigs031219%2F000071|track_id=tracklet_00002711|legacy_sequence,legacy_recovered,legacy_recovered_16f,pigs031219/000071,,source=legacy_recovered|dataset=legacy_recovered_16f|video=pigs031219%2F000071|track_id=tracklet_00002711,ID_3,tracklet_00002711,031219,FOLD_4,train,0,15,0,15,0,15
posture_review_0000491,source=legacy_recovered|dataset=legacy_recovered_16f|video=pigs081119%2F000353|track_id=tracklet_00000387|legacy_sequence,legacy_recovered,legacy_recovered_16f,pigs081119/000353,,source=legacy_recovered|dataset=legacy_recovered_16f|video=pigs081119%2F000353|track_id=tracklet_00000387,ID_5,tracklet_00000387,081119,FOLD_4,train,0,15,0,15,0,15
posture_review_0000492,source=legacy_recovered|dataset=legacy_recovered_16f|video=pigs081119%2F000402|track_id=tracklet_00003556|legacy_sequence,legacy_recovered,legacy_recovered_16f,pigs081119/000402,,source=legacy_recovered|dataset=legacy_recovered_16f|video=pigs081119%2F000402|track_id=tracklet_00003556,ID_3,tracklet_00003556,081119,FOLD_4,train,13,28,13,28,13,28
posture_review_0000493,source=legacy_recovered|dataset=legacy_recovered_16f|video=pigs091119%2F000423|track_id=tracklet_00002604|legacy_sequence,legacy_recovered,legacy_recovered_16f,pigs091119/000423,,source=legacy_recovered|dataset=legacy_recovered_16f|video=pigs091119%2F000423|track_id=tracklet_00002604,ID_3,tracklet_00002604,091119,FOLD_4,train,7,22,7,22,7,22
posture_review_0000494,source=legacy_recovered|dataset=legacy_recovered_16f|video=pigs101219a%2F000264|track_id=tracklet_00002547|legacy_sequence,legacy_recovered,legacy_recovered_16f,pigs101219a/000264,,source=legacy_recovered|dataset=legacy_recovered_16f|video=pigs101219a%2F000264|track_id=tracklet_00002547,ID_5,tracklet_00002547,101219,FOLD_4,train,0,15,0,15,0,15
posture_review_0000495,source=legacy_recovered|dataset=legacy_recovered_16f|video=pigs041219%2F000237|track_id=tracklet_00002011|legacy_sequence,legacy_recovered,legacy_recovered_16f,pigs041219/000237,,source=legacy_recovered|dataset=legacy_recovered_16f|video=pigs041219%2F000237|track_id=tracklet_00002011,ID_6,tracklet_00002011,041219,FOLD_4,train,0,15,0,15,0,15
posture_review_0000496,source=legacy_recovered|dataset=legacy_recovered_16f|video=pigs031219%2F000160|track_id=tracklet_00003694|legacy_sequence,legacy_recovered,legacy_recovered_16f,pigs031219/000160,,source=legacy_recovered|dataset=legacy_recovered_16f|video=pigs031219%2F000160|track_id=tracklet_00003694,ID_4,tracklet_00003694,031219,FOLD_4,train,6,21,6,21,6,21
posture_review_0000497,source=legacy_recovered|dataset=legacy_recovered_16f|video=pigs081119%2F000331|track_id=tracklet_00002149|legacy_sequence,legacy_recovered,legacy_recovered_16f,pigs081119/000331,,source=legacy_recovered|dataset=legacy_recovered_16f|video=pigs081119%2F000331|track_id=tracklet_00002149,ID_1,tracklet_00002149,081119,FOLD_4,train,7,22,7,22,7,22
posture_review_0000498,source=legacy_recovered|dataset=legacy_recovered_16f|video=pigs111219%2F000088|track_id=tracklet_00001056|legacy_sequence,legacy_recovered,legacy_recovered_16f,pigs111219/000088,,source=legacy_recovered|dataset=legacy_recovered_16f|video=pigs111219%2F000088|track_id=tracklet_00001056,ID_3,tracklet_00001056,111219,FOLD_4,train,0,15,0,15,0,15
posture_review_0000499,source=legacy_recovered|dataset=legacy_recovered_16f|video=pigs101219a%2F000293|track_id=tracklet_00002498|legacy_sequence,legacy_recovered,legacy_recovered_16f,pigs101219a/000293,,source=legacy_recovered|dataset=legacy_recovered_16f|video=pigs101219a%2F000293|track_id=tracklet_00002498,ID_5,tracklet_00002498,101219,FOLD_4,train,0,15,0,15,0,15
posture_review_0000500,source=legacy_recovered|dataset=legacy_recovered_16f|video=pigs051219%2F000337|track_id=tracklet_00001213|legacy_sequence,legacy_recovered,legacy_recovered_16f,pigs051219/000337,,source=legacy_recovered|dataset=legacy_recovered_16f|video=pigs051219%2F000337|track_id=tracklet_00001213,ID_4,tracklet_00001213,051219,FOLD_4,train,0,15,0,15,0,15
