stable_native_unit_key,actor_key,posture_label,posture_decision,posture_label_display,posture_label_source,source_type,source_video_key,video_key,recording_date,native_start_frame,native_end_frame,split_role,outer_fold_id,model_split_role,split_eligibility_status_tokens,behavior_label,sampling_stratum,reviewed_snapshot,reviewed_snapshot_sha,split_hash,review_session,review_status,reviewer,decision_timestamp,technical_exclusion_reason,media_binding_status,media_binding_path,snapshot_binding_status,split_binding_status,usable_for_posture_supervision,posture_valid_mask,behavior_model_eligible_for_matched_ablation
source=cvat_tracking_xml|dataset=cvat_tracking_Pigs281119_000085_30fps|video=Pigs281119_000085_30fps|track_id=1|anchor=180,source=cvat_tracking_xml|dataset=cvat_tracking_Pigs281119_000085_30fps|video=Pigs281119_000085_30fps|track_id=1,sitting,sitting,sitting,human_review,cvat_tracking_xml,Pigs281119_000085_30fps,Pigs281119_000085_30fps,281119,180,185,exclude|validation,FOLD_3,validation,exclude,lying,lying_enriched,reviewed_engineering_amendment_992f34c0204a85a1,ab86e2e04267cfdc8248f9bdb8774615479d67a3589f7a25844bb1a4c93a639e,557156a7eb6cceeb6a91f667f7c51dcb286e3111f35f414970fa7431acc7e63b,posture_500_a566c58d252c1642,human_review_completed,TuanHM,2026-08-07T00:35:13+07:00,,PASS,C:\Users\ironh\Downloads\PIG_Behavior_Project\data\videos\Pigs281119_000085_30fps.mp4,PASS,PASS,True,True,False
source=cvat_tracking_xml|dataset=cvat_tracking_pigs301119_000329|video=pigs301119_000329|track_id=5|anchor=1056,source=cvat_tracking_xml|dataset=cvat_tracking_pigs301119_000329|video=pigs301119_000329|track_id=5,lying,lying,lying,human_review,cvat_tracking_xml,pigs301119_000329,pigs301119_000329,301119,1056,1061,exclude|train,FOLD_2,train,exclude,lying,lying_enriched,reviewed_engineering_amendment_992f34c0204a85a1,ab86e2e04267cfdc8248f9bdb8774615479d67a3589f7a25844bb1a4c93a639e,557156a7eb6cceeb6a91f667f7c51dcb286e3111f35f414970fa7431acc7e63b,posture_500_a566c58d252c1642,human_review_completed,TuanHM,2026-08-07T00:35:19+07:00,,PASS,C:\Users\ironh\Downloads\PIG_Behavior_Project\data\videos\Pigs301119_000329_30fps.mp4,PASS,PASS,True,True,False
source=cvat_tracking_xml|dataset=cvat_tracking_Pigs291119_000233|video=Pigs291119_000233|track_id=0|anchor=918,source=cvat_tracking_xml|dataset=cvat_tracking_Pigs291119_000233|video=Pigs291119_000233|track_id=0,lying,lying,lying,human_review,cvat_tracking_xml,Pigs291119_000233,Pigs291119_000233,291119,918,923,exclude|train,FOLD_1,train,exclude,lying,lying_enriched,reviewed_engineering_amendment_992f34c0204a85a1,ab86e2e04267cfdc8248f9bdb8774615479d67a3589f7a25844bb1a4c93a639e,557156a7eb6cceeb6a91f667f7c51dcb286e3111f35f414970fa7431acc7e63b,posture_500_a566c58d252c1642,human_review_completed,TuanHM,2026-08-07T00:35:30+07:00,,PASS,C:\Users\ironh\Downloads\PIG_Behavior_Project\data\videos\Pigs291119_000233_30fps.mp4,PASS,PASS,True,True,False
source=cvat_tracking_xml|dataset=cvat_tracking_Pigs291119_000226_30fps|video=Pigs291119_000226_30fps|track_id=7|anchor=1332,source=cvat_tracking_xml|dataset=cvat_tracking_Pigs291119_000226_30fps|video=Pigs291119_000226_30fps|track_id=7,sitting,sitting,sitting,human_review,cvat_tracking_xml,Pigs291119_000226_30fps,Pigs291119_000226_30fps,291119,1332,1337,exclude|train,FOLD_1,train,exclude,lying,lying_enriched,reviewed_engineering_amendment_992f34c0204a85a1,ab86e2e04267cfdc8248f9bdb8774615479d67a3589f7a25844bb1a4c93a639e,557156a7eb6cceeb6a91f667f7c51dcb286e3111f35f414970fa7431acc7e63b,posture_500_a566c58d252c1642,human_review_completed,TuanHM,2026-08-07T00:36:17+07:00,,PASS,C:\Users\ironh\Downloads\PIG_Behavior_Project\data\videos\Pigs291119_000226_30fps.mp4,PASS,PASS,True,True,False
source=cvat_tracking_xml|dataset=cvat_tracking_Pigs281119_000085_30fps|video=Pigs281119_000085_30fps|track_id=0|anchor=0,source=cvat_tracking_xml|dataset=cvat_tracking_Pigs281119_000085_30fps|video=Pigs281119_000085_30fps|track_id=0,lying,lying,lying,human_review,cvat_tracking_xml,Pigs281119_000085_30fps,Pigs281119_000085_30fps,281119,0,5,exclude|validation,FOLD_3,validation,exclude,lying,lying_enriched,reviewed_engineering_amendment_992f34c0204a85a1,ab86e2e04267cfdc8248f9bdb8774615479d67a3589f7a25844bb1a4c93a639e,557156a7eb6cceeb6a91f667f7c51dcb286e3111f35f414970fa7431acc7e63b,posture_500_a566c58d252c1642,human_review_completed,TuanHM,2026-08-07T00:36:41+07:00,,PASS,C:\Users\ironh\Downloads\PIG_Behavior_Project\data\videos\Pigs281119_000085_30fps.mp4,PASS,PASS,True,True,False
source=cvat_tracking_xml|dataset=cvat_tracking_Pigs281119_000085_30fps|video=Pigs281119_000085_30fps|track_id=7|anchor=288,source=cvat_tracking_xml|dataset=cvat_tracking_Pigs281119_000085_30fps|video=Pigs281119_000085_30fps|track_id=7,lying,lying,lying,human_review,cvat_tracking_xml,Pigs281119_000085_30fps,Pigs281119_000085_30fps,281119,288,293,exclude|validation,FOLD_3,validation,exclude,lying,lying_enriched,reviewed_engineering_amendment_992f34c0204a85a1,ab86e2e04267cfdc8248f9bdb8774615479d67a3589f7a25844bb1a4c93a639e,557156a7eb6cceeb6a91f667f7c51dcb286e3111f35f414970fa7431acc7e63b,posture_500_a566c58d252c1642,human_review_completed,TuanHM,2026-08-07T00:36:44+07:00,,PASS,C:\Users\ironh\Downloads\PIG_Behavior_Project\data\videos\Pigs281119_000085_30fps.mp4,PASS,PASS,True,True,False
source=cvat_tracking_xml|dataset=cvat_tracking_Pigs281119_000085_30fps|video=Pigs281119_000085_30fps|track_id=1|anchor=60,source=cvat_tracking_xml|dataset=cvat_tracking_Pigs281119_000085_30fps|video=Pigs281119_000085_30fps|track_id=1,sitting,sitting,sitting,human_review,cvat_tracking_xml,Pigs281119_000085_30fps,Pigs281119_000085_30fps,281119,60,65,exclude|validation,FOLD_3,validation,exclude,lying,lying_enriched,reviewed_engineering_amendment_992f34c0204a85a1,ab86e2e04267cfdc8248f9bdb8774615479d67a3589f7a25844bb1a4c93a639e,557156a7eb6cceeb6a91f667f7c51dcb286e3111f35f414970fa7431acc7e63b,posture_500_a566c58d252c1642,human_review_completed,TuanHM,2026-08-07T00:36:47+07:00,,PASS,C:\Users\ironh\Downloads\PIG_Behavior_Project\data\videos\Pigs281119_000085_30fps.mp4,PASS,PASS,True,True,False
source=cvat_tracking_xml|dataset=cvat_tracking_Pigs281119_000085_30fps|video=Pigs281119_000085_30fps|track_id=0|anchor=1104,source=cvat_tracking_xml|dataset=cvat_tracking_Pigs281119_000085_30fps|video=Pigs281119_000085_30fps|track_id=0,lying,lying,lying,human_review,cvat_tracking_xml,Pigs281119_000085_30fps,Pigs281119_000085_30fps,281119,1104,1109,exclude|validation,FOLD_3,validation,exclude,lying,lying_enriched,reviewed_engineering_amendment_992f34c0204a85a1,ab86e2e04267cfdc8248f9bdb8774615479d67a3589f7a25844bb1a4c93a639e,557156a7eb6cceeb6a91f667f7c51dcb286e3111f35f414970fa7431acc7e63b,posture_500_a566c58d252c1642,human_review_completed,TuanHM,2026-08-07T00:37:43+07:00,,PASS,C:\Users\ironh\Downloads\PIG_Behavior_Project\data\videos\Pigs281119_000085_30fps.mp4,PASS,PASS,True,True,False
source=cvat_tracking_xml|dataset=cvat_tracking_Pigs281119_000085_30fps|video=Pigs281119_000085_30fps|track_id=7|anchor=1080,source=cvat_tracking_xml|dataset=cvat_tracking_Pigs281119_000085_30fps|video=Pigs281119_000085_30fps|track_id=7,lying,lying,lying,human_review,cvat_tracking_xml,Pigs281119_000085_30fps,Pigs281119_000085_30fps,281119,1080,1085,exclude|validation,FOLD_3,validation,exclude,lying,lying_enriched,reviewed_engineering_amendment_992f34c0204a85a1,ab86e2e04267cfdc8248f9bdb8774615479d67a3589f7a25844bb1a4c93a639e,557156a7eb6cceeb6a91f667f7c51dcb286e3111f35f414970fa7431acc7e63b,posture_500_a566c58d252c1642,human_review_completed,TuanHM,2026-08-07T00:37:46+07:00,,PASS,C:\Users\ironh\Downloads\PIG_Behavior_Project\data\videos\Pigs281119_000085_30fps.mp4,PASS,PASS,True,True,False
source=legacy_recovered|dataset=legacy_recovered_16f|video=pigs041219%2F000251|track_id=tracklet_00004449|legacy_sequence,source=legacy_recovered|dataset=legacy_recovered_16f|video=pigs041219%2F000251|track_id=tracklet_00004449,lying,lying,lying,human_review,legacy_recovered,pigs041219/000251,pigs041219/000251,041219,0,15,train,FOLD_4,train,,lying,lying_enriched,reviewed_engineering_amendment_992f34c0204a85a1,ab86e2e04267cfdc8248f9bdb8774615479d67a3589f7a25844bb1a4c93a639e,557156a7eb6cceeb6a91f667f7c51dcb286e3111f35f414970fa7431acc7e63b,posture_500_a566c58d252c1642,human_review_completed,TuanHM,2026-08-07T00:37:48+07:00,,PASS,E:\PigProjectStorage\PIG_Behavior_Project\outputs\legacy_16f_rebuild\legacy_16f_rebuild_20260718_v2\06_full_recovery\crops\dense_tracklet_0_to_12\pigs041219\000251\burst_color_f8e9011e_133\ID_3\f000000.jpg,PASS,PASS,True,True,True
source=legacy_recovered|dataset=legacy_recovered_16f|video=pigs281119%2F000140|track_id=tracklet_00004152|legacy_sequence,source=legacy_recovered|dataset=legacy_recovered_16f|video=pigs281119%2F000140|track_id=tracklet_00004152,lying,lying,lying,human_review,legacy_recovered,pigs281119/000140,pigs281119/000140,281119,0,15,validation,FOLD_3,validation,,lying,lying_enriched,reviewed_engineering_amendment_992f34c0204a85a1,ab86e2e04267cfdc8248f9bdb8774615479d67a3589f7a25844bb1a4c93a639e,557156a7eb6cceeb6a91f667f7c51dcb286e3111f35f414970fa7431acc7e63b,posture_500_a566c58d252c1642,human_review_completed,TuanHM,2026-08-07T00:37:52+07:00,,PASS,E:\PigProjectStorage\PIG_Behavior_Project\outputs\legacy_16f_rebuild\legacy_16f_rebuild_20260718_v2\06_full_recovery\crops\dense_tracklet_0_to_12\pigs281119\000140\burst_color_e4586ea1_200\ID_6\f000000.jpg,PASS,PASS,True,True,True
source=cvat_tracking_xml|dataset=cvat_tracking_test%20video%20Pigs291119_000302_30fps|video=test%20video%20Pigs291119_000302_30fps|track_id=7|anchor=336,source=cvat_tracking_xml|dataset=cvat_tracking_test%20video%20Pigs291119_000302_30fps|video=test%20video%20Pigs291119_000302_30fps|track_id=7,lying,lying,lying,human_review,cvat_tracking_xml,test video Pigs291119_000302_30fps,test video Pigs291119_000302_30fps,291119,336,341,train,FOLD_1,train,,lying,lying_enriched,reviewed_engineering_amendment_992f34c0204a85a1,ab86e2e04267cfdc8248f9bdb8774615479d67a3589f7a25844bb1a4c93a639e,557156a7eb6cceeb6a91f667f7c51dcb286e3111f35f414970fa7431acc7e63b,posture_500_a566c58d252c1642,human_review_completed,TuanHM,2026-08-07T07:45:44+07:00,,PASS,C:\Users\ironh\Downloads\PIG_Behavior_Project\data\videos\Pigs291119_000302_30fps.mp4,PASS,PASS,True,True,True
source=legacy_recovered|dataset=legacy_recovered_16f|video=pigs291119%2F000203|track_id=tracklet_00003270|legacy_sequence,source=legacy_recovered|dataset=legacy_recovered_16f|video=pigs291119%2F000203|track_id=tracklet_00003270,lying,lying,lying,human_review,legacy_recovered,pigs291119/000203,pigs291119/000203,291119,598,613,train,FOLD_1,train,,lying,lying_enriched,reviewed_engineering_amendment_992f34c0204a85a1,ab86e2e04267cfdc8248f9bdb8774615479d67a3589f7a25844bb1a4c93a639e,557156a7eb6cceeb6a91f667f7c51dcb286e3111f35f414970fa7431acc7e63b,posture_500_a566c58d252c1642,human_review_completed,TuanHM,2026-08-07T07:45:45+07:00,,PASS,E:\PigProjectStorage\PIG_Behavior_Project\outputs\legacy_16f_rebuild\legacy_16f_rebuild_20260718_v2\06_full_recovery\crops\dense_tracklet_0_to_12\pigs291119\000203\burst_color_a6972277_20233\ID_5\f000598.jpg,PASS,PASS,True,True,True
source=legacy_recovered|dataset=legacy_recovered_16f|video=pigs271119%2F000065|track_id=tracklet_00000153|legacy_sequence,source=legacy_recovered|dataset=legacy_recovered_16f|video=pigs271119%2F000065|track_id=tracklet_00000153,lying,lying,lying,human_review,legacy_recovered,pigs271119/000065,pigs271119/000065,271119,0,15,train,FOLD_4,train,,lying,lying_enriched,reviewed_engineering_amendment_992f34c0204a85a1,ab86e2e04267cfdc8248f9bdb8774615479d67a3589f7a25844bb1a4c93a639e,557156a7eb6cceeb6a91f667f7c51dcb286e3111f35f414970fa7431acc7e63b,posture_500_a566c58d252c1642,human_review_completed,TuanHM,2026-08-07T07:45:46+07:00,,PASS,E:\PigProjectStorage\PIG_Behavior_Project\outputs\legacy_16f_rebuild\legacy_16f_rebuild_20260718_v2\06_full_recovery\crops\dense_tracklet_0_to_12\pigs271119\000065\burst_color_0bbcaccf_167\ID_4\f000000.jpg,PASS,PASS,True,True,True
source=legacy_recovered|dataset=legacy_recovered_16f|video=pigs031219%2F000147|track_id=tracklet_00001645|legacy_sequence,source=legacy_recovered|dataset=legacy_recovered_16f|video=pigs031219%2F000147|track_id=tracklet_00001645,lying,lying,lying,human_review,legacy_recovered,pigs031219/000147,pigs031219/000147,031219,0,15,train,FOLD_4,train,,lying,lying_enriched,reviewed_engineering_amendment_992f34c0204a85a1,ab86e2e04267cfdc8248f9bdb8774615479d67a3589f7a25844bb1a4c93a639e,557156a7eb6cceeb6a91f667f7c51dcb286e3111f35f414970fa7431acc7e63b,posture_500_a566c58d252c1642,human_review_completed,TuanHM,2026-08-07T07:45:47+07:00,,PASS,E:\PigProjectStorage\PIG_Behavior_Project\outputs\legacy_16f_rebuild\legacy_16f_rebuild_20260718_v2\06_full_recovery\crops\dense_tracklet_0_to_12\pigs031219\000147\burst_color_4f30f4e5_100\ID_8\f000000.jpg,PASS,PASS,True,True,True
source=legacy_recovered|dataset=legacy_recovered_16f|video=pigs031219%2F000140|track_id=tracklet_00002315|legacy_sequence,source=legacy_recovered|dataset=legacy_recovered_16f|video=pigs031219%2F000140|track_id=tracklet_00002315,lying,lying,lying,human_review,legacy_recovered,pigs031219/000140,pigs031219/000140,031219,0,15,train,FOLD_4,train,,lying,lying_enriched,reviewed_engineering_amendment_992f34c0204a85a1,ab86e2e04267cfdc8248f9bdb8774615479d67a3589f7a25844bb1a4c93a639e,557156a7eb6cceeb6a91f667f7c51dcb286e3111f35f414970fa7431acc7e63b,posture_500_a566c58d252c1642,human_review_completed,TuanHM,2026-08-07T07:45:48+07:00,,PASS,E:\PigProjectStorage\PIG_Behavior_Project\outputs\legacy_16f_rebuild\legacy_16f_rebuild_20260718_v2\06_full_recovery\crops\dense_tracklet_0_to_12\pigs031219\000140\burst_color_6d876182_33\ID_3\f000000.jpg,PASS,PASS,True,True,True
source=legacy_recovered|dataset=legacy_recovered_16f|video=pigs041219%2F000247|track_id=tracklet_00000943|legacy_sequence,source=legacy_recovered|dataset=legacy_recovered_16f|video=pigs041219%2F000247|track_id=tracklet_00000943,lying,lying,lying,human_review,legacy_recovered,pigs041219/000247,pigs041219/000247,041219,2,17,train,FOLD_4,train,,lying,lying_enriched,reviewed_engineering_amendment_992f34c0204a85a1,ab86e2e04267cfdc8248f9bdb8774615479d67a3589f7a25844bb1a4c93a639e,557156a7eb6cceeb6a91f667f7c51dcb286e3111f35f414970fa7431acc7e63b,posture_500_a566c58d252c1642,human_review_completed,TuanHM,2026-08-07T07:45:49+07:00,,PASS,E:\PigProjectStorage\PIG_Behavior_Project\outputs\legacy_16f_rebuild\legacy_16f_rebuild_20260718_v2\06_full_recovery\crops\dense_tracklet_0_to_12\pigs041219\000247\burst_color_3094015f_367\ID_8\f000002.jpg,PASS,PASS,True,True,True
source=legacy_recovered|dataset=legacy_recovered_16f|video=pigs041219%2F000271|track_id=tracklet_00003938|legacy_sequence,source=legacy_recovered|dataset=legacy_recovered_16f|video=pigs041219%2F000271|track_id=tracklet_00003938,lying,lying,lying,human_review,legacy_recovered,pigs041219/000271,pigs041219/000271,041219,8,23,train,FOLD_4,train,,lying,lying_enriched,reviewed_engineering_amendment_992f34c0204a85a1,ab86e2e04267cfdc8248f9bdb8774615479d67a3589f7a25844bb1a4c93a639e,557156a7eb6cceeb6a91f667f7c51dcb286e3111f35f414970fa7431acc7e63b,posture_500_a566c58d252c1642,human_review_completed,TuanHM,2026-08-07T07:45:49+07:00,,PASS,E:\PigProjectStorage\PIG_Behavior_Project\outputs\legacy_16f_rebuild\legacy_16f_rebuild_20260718_v2\06_full_recovery\crops\dense_tracklet_0_to_12\pigs041219\000271\burst_color_d206683f_567\ID_6\f000008.jpg,PASS,PASS,True,True,True
source=cvat_tracking_xml|dataset=cvat_tracking_Pigs291119_000226_30fps|video=Pigs291119_000226_30fps|track_id=3|anchor=606,source=cvat_tracking_xml|dataset=cvat_tracking_Pigs291119_000226_30fps|video=Pigs291119_000226_30fps|track_id=3,lying,lying,lying,human_review,cvat_tracking_xml,Pigs291119_000226_30fps,Pigs291119_000226_30fps,291119,606,611,train,FOLD_1,train,,lying,lying_enriched,reviewed_engineering_amendment_992f34c0204a85a1,ab86e2e04267cfdc8248f9bdb8774615479d67a3589f7a25844bb1a4c93a639e,557156a7eb6cceeb6a91f667f7c51dcb286e3111f35f414970fa7431acc7e63b,posture_500_a566c58d252c1642,human_review_completed,TuanHM,2026-08-07T07:45:50+07:00,,PASS,C:\Users\ironh\Downloads\PIG_Behavior_Project\data\videos\Pigs291119_000226_30fps.mp4,PASS,PASS,True,True,True
source=cvat_tracking_xml|dataset=cvat_tracking_test%20video%20Pigs291119_000302_30fps|video=test%20video%20Pigs291119_000302_30fps|track_id=0|anchor=1668,source=cvat_tracking_xml|dataset=cvat_tracking_test%20video%20Pigs291119_000302_30fps|video=test%20video%20Pigs291119_000302_30fps|track_id=0,lying,lying,lying,human_review,cvat_tracking_xml,test video Pigs291119_000302_30fps,test video Pigs291119_000302_30fps,291119,1668,1673,train,FOLD_1,train,,lying,lying_enriched,reviewed_engineering_amendment_992f34c0204a85a1,ab86e2e04267cfdc8248f9bdb8774615479d67a3589f7a25844bb1a4c93a639e,557156a7eb6cceeb6a91f667f7c51dcb286e3111f35f414970fa7431acc7e63b,posture_500_a566c58d252c1642,human_review_completed,TuanHM,2026-08-07T07:45:52+07:00,,PASS,C:\Users\ironh\Downloads\PIG_Behavior_Project\data\videos\Pigs291119_000302_30fps.mp4,PASS,PASS,True,True,True
source=cvat_tracking_xml|dataset=cvat_tracking_Pigs291119_000225_30fps.mp4|video=Pigs291119_000225_30fps.mp4|track_id=6|anchor=1002,source=cvat_tracking_xml|dataset=cvat_tracking_Pigs291119_000225_30fps.mp4|video=Pigs291119_000225_30fps.mp4|track_id=6,lying,lying,lying,human_review,cvat_tracking_xml,Pigs291119_000225_30fps.mp4,Pigs291119_000225_30fps.mp4,291119,1002,1007,exclude|train,FOLD_1,train,exclude,lying,lying_enriched,reviewed_engineering_amendment_992f34c0204a85a1,ab86e2e04267cfdc8248f9bdb8774615479d67a3589f7a25844bb1a4c93a639e,557156a7eb6cceeb6a91f667f7c51dcb286e3111f35f414970fa7431acc7e63b,posture_500_a566c58d252c1642,human_review_completed,TuanHM,2026-08-07T07:45:54+07:00,,PASS,C:\Users\ironh\Downloads\PIG_Behavior_Project\data\videos\Pigs291119_000225_30fps.mp4,PASS,PASS,True,True,False
source=legacy_recovered|dataset=legacy_recovered_16f|video=pigs281119%2F000170|track_id=tracklet_00000771|legacy_sequence,source=legacy_recovered|dataset=legacy_recovered_16f|video=pigs281119%2F000170|track_id=tracklet_00000771,lying,lying,lying,human_review,legacy_recovered,pigs281119/000170,pigs281119/000170,281119,0,15,validation,FOLD_3,validation,,lying,lying_enriched,reviewed_engineering_amendment_992f34c0204a85a1,ab86e2e04267cfdc8248f9bdb8774615479d67a3589f7a25844bb1a4c93a639e,557156a7eb6cceeb6a91f667f7c51dcb286e3111f35f414970fa7431acc7e63b,posture_500_a566c58d252c1642,human_review_completed,TuanHM,2026-08-07T07:45:55+07:00,,PASS,E:\PigProjectStorage\PIG_Behavior_Project\outputs\legacy_16f_rebuild\legacy_16f_rebuild_20260718_v2\06_full_recovery\crops\dense_tracklet_0_to_12\pigs281119\000170\burst_color_296b6b6f_33\ID_6\f000000.jpg,PASS,PASS,True,True,True
source=cvat_tracking_xml|dataset=cvat_tracking_pigs301119_000328|video=pigs301119_000328|track_id=1|anchor=390,source=cvat_tracking_xml|dataset=cvat_tracking_pigs301119_000328|video=pigs301119_000328|track_id=1,lying,lying,lying,human_review,cvat_tracking_xml,pigs301119_000328,pigs301119_000328,301119,390,395,train,FOLD_2,train,,lying,lying_enriched,reviewed_engineering_amendment_992f34c0204a85a1,ab86e2e04267cfdc8248f9bdb8774615479d67a3589f7a25844bb1a4c93a639e,557156a7eb6cceeb6a91f667f7c51dcb286e3111f35f414970fa7431acc7e63b,posture_500_a566c58d252c1642,human_review_completed,TuanHM,2026-08-07T07:45:56+07:00,,PASS,C:\Users\ironh\Downloads\PIG_Behavior_Project\data\videos\Pigs301119_000328_30fps.mp4,PASS,PASS,True,True,True
source=legacy_recovered|dataset=legacy_recovered_16f|video=pigs271119%2F000037|track_id=tracklet_00003895|legacy_sequence,source=legacy_recovered|dataset=legacy_recovered_16f|video=pigs271119%2F000037|track_id=tracklet_00003895,lying,lying,lying,human_review,legacy_recovered,pigs271119/000037,pigs271119/000037,271119,598,613,train,FOLD_4,train,,lying,lying_enriched,reviewed_engineering_amendment_992f34c0204a85a1,ab86e2e04267cfdc8248f9bdb8774615479d67a3589f7a25844bb1a4c93a639e,557156a7eb6cceeb6a91f667f7c51dcb286e3111f35f414970fa7431acc7e63b,posture_500_a566c58d252c1642,human_review_completed,TuanHM,2026-08-07T07:45:58+07:00,,PASS,E:\PigProjectStorage\PIG_Behavior_Project\outputs\legacy_16f_rebuild\legacy_16f_rebuild_20260718_v2\06_full_recovery\crops\dense_tracklet_0_to_12\pigs271119\000037\burst_color_cfe9b0cd_20233\ID_1\f000598.jpg,PASS,PASS,True,True,True
source=cvat_tracking_xml|dataset=cvat_tracking_test%20video%20Pigs291119_000302_30fps|video=test%20video%20Pigs291119_000302_30fps|track_id=7|anchor=846,source=cvat_tracking_xml|dataset=cvat_tracking_test%20video%20Pigs291119_000302_30fps|video=test%20video%20Pigs291119_000302_30fps|track_id=7,lying,lying,lying,human_review,cvat_tracking_xml,test video Pigs291119_000302_30fps,test video Pigs291119_000302_30fps,291119,846,851,train,FOLD_1,train,,lying,lying_enriched,reviewed_engineering_amendment_992f34c0204a85a1,ab86e2e04267cfdc8248f9bdb8774615479d67a3589f7a25844bb1a4c93a639e,557156a7eb6cceeb6a91f667f7c51dcb286e3111f35f414970fa7431acc7e63b,posture_500_a566c58d252c1642,human_review_completed,TuanHM,2026-08-07T07:46:00+07:00,,PASS,C:\Users\ironh\Downloads\PIG_Behavior_Project\data\videos\Pigs291119_000302_30fps.mp4,PASS,PASS,True,True,True
source=legacy_recovered|dataset=legacy_recovered_16f|video=pigs281119%2F000199|track_id=tracklet_00003826|legacy_sequence,source=legacy_recovered|dataset=legacy_recovered_16f|video=pigs281119%2F000199|track_id=tracklet_00003826,lying,lying,lying,human_review,legacy_recovered,pigs281119/000199,pigs281119/000199,281119,0,15,validation,FOLD_3,validation,,lying,lying_enriched,reviewed_engineering_amendment_992f34c0204a85a1,ab86e2e04267cfdc8248f9bdb8774615479d67a3589f7a25844bb1a4c93a639e,557156a7eb6cceeb6a91f667f7c51dcb286e3111f35f414970fa7431acc7e63b,posture_500_a566c58d252c1642,human_review_completed,TuanHM,2026-08-07T07:46:03+07:00,,PASS,E:\PigProjectStorage\PIG_Behavior_Project\outputs\legacy_16f_rebuild\legacy_16f_rebuild_20260718_v2\06_full_recovery\crops\dense_tracklet_0_to_12\pigs281119\000199\burst_color_cbf05d83_267\ID_5\f000000.jpg,PASS,PASS,True,True,True
source=legacy_recovered|dataset=legacy_recovered_16f|video=pigs031219%2F000151|track_id=tracklet_00003992|legacy_sequence,source=legacy_recovered|dataset=legacy_recovered_16f|video=pigs031219%2F000151|track_id=tracklet_00003992,lying,lying,lying,human_review,legacy_recovered,pigs031219/000151,pigs031219/000151,031219,0,15,train,FOLD_4,train,,lying,lying_enriched,reviewed_engineering_amendment_992f34c0204a85a1,ab86e2e04267cfdc8248f9bdb8774615479d67a3589f7a25844bb1a4c93a639e,557156a7eb6cceeb6a91f667f7c51dcb286e3111f35f414970fa7431acc7e63b,posture_500_a566c58d252c1642,human_review_completed,TuanHM,2026-08-07T07:46:05+07:00,,PASS,E:\PigProjectStorage\PIG_Behavior_Project\outputs\legacy_16f_rebuild\legacy_16f_rebuild_20260718_v2\06_full_recovery\crops\dense_tracklet_0_to_12\pigs031219\000151\burst_color_d666153f_233\ID_8\f000000.jpg,PASS,PASS,True,True,True
source=cvat_tracking_xml|dataset=cvat_tracking_Pigs281119_000085_30fps|video=Pigs281119_000085_30fps|track_id=7|anchor=1284,source=cvat_tracking_xml|dataset=cvat_tracking_Pigs281119_000085_30fps|video=Pigs281119_000085_30fps|track_id=7,lying,lying,lying,human_review,cvat_tracking_xml,Pigs281119_000085_30fps,Pigs281119_000085_30fps,281119,1284,1289,validation,FOLD_3,validation,,lying,lying_enriched,reviewed_engineering_amendment_992f34c0204a85a1,ab86e2e04267cfdc8248f9bdb8774615479d67a3589f7a25844bb1a4c93a639e,557156a7eb6cceeb6a91f667f7c51dcb286e3111f35f414970fa7431acc7e63b,posture_500_a566c58d252c1642,human_review_completed,TuanHM,2026-08-07T07:46:06+07:00,,PASS,C:\Users\ironh\Downloads\PIG_Behavior_Project\data\videos\Pigs281119_000085_30fps.mp4,PASS,PASS,True,True,True
source=legacy_recovered|dataset=legacy_recovered_16f|video=pigs281119%2F000188|track_id=tracklet_00003794|legacy_sequence,source=legacy_recovered|dataset=legacy_recovered_16f|video=pigs281119%2F000188|track_id=tracklet_00003794,lying,lying,lying,human_review,legacy_recovered,pigs281119/000188,pigs281119/000188,281119,602,617,validation,FOLD_3,validation,,lying,lying_enriched,reviewed_engineering_amendment_992f34c0204a85a1,ab86e2e04267cfdc8248f9bdb8774615479d67a3589f7a25844bb1a4c93a639e,557156a7eb6cceeb6a91f667f7c51dcb286e3111f35f414970fa7431acc7e63b,posture_500_a566c58d252c1642,human_review_completed,TuanHM,2026-08-07T07:46:07+07:00,,PASS,E:\PigProjectStorage\PIG_Behavior_Project\outputs\legacy_16f_rebuild\legacy_16f_rebuild_20260718_v2\06_full_recovery\crops\dense_tracklet_0_to_12\pigs281119\000188\burst_color_c8d241b2_20367\ID_8\f000602.jpg,PASS,PASS,True,True,True
source=legacy_recovered|dataset=legacy_recovered_16f|video=pigs041219%2F000219|track_id=tracklet_00002480|legacy_sequence,source=legacy_recovered|dataset=legacy_recovered_16f|video=pigs041219%2F000219|track_id=tracklet_00002480,lying,lying,lying,human_review,legacy_recovered,pigs041219/000219,pigs041219/000219,041219,3,18,train,FOLD_4,train,,lying,lying_enriched,reviewed_engineering_amendment_992f34c0204a85a1,ab86e2e04267cfdc8248f9bdb8774615479d67a3589f7a25844bb1a4c93a639e,557156a7eb6cceeb6a91f667f7c51dcb286e3111f35f414970fa7431acc7e63b,posture_500_a566c58d252c1642,human_review_completed,TuanHM,2026-08-07T07:46:10+07:00,,PASS,E:\PigProjectStorage\PIG_Behavior_Project\outputs\legacy_16f_rebuild\legacy_16f_rebuild_20260718_v2\06_full_recovery\crops\dense_tracklet_0_to_12\pigs041219\000219\burst_color_7586aaa7_400\ID_2\f000003.jpg,PASS,PASS,True,True,True
source=legacy_recovered|dataset=legacy_recovered_16f|video=pigs271119%2F000056|track_id=tracklet_00000812|legacy_sequence,source=legacy_recovered|dataset=legacy_recovered_16f|video=pigs271119%2F000056|track_id=tracklet_00000812,lying,lying,lying,human_review,legacy_recovered,pigs271119/000056,pigs271119/000056,271119,54,69,train,FOLD_4,train,,lying,lying_enriched,reviewed_engineering_amendment_992f34c0204a85a1,ab86e2e04267cfdc8248f9bdb8774615479d67a3589f7a25844bb1a4c93a639e,557156a7eb6cceeb6a91f667f7c51dcb286e3111f35f414970fa7431acc7e63b,posture_500_a566c58d252c1642,human_review_completed,TuanHM,2026-08-07T07:46:11+07:00,,PASS,E:\PigProjectStorage\PIG_Behavior_Project\outputs\legacy_16f_rebuild\legacy_16f_rebuild_20260718_v2\06_full_recovery\crops\dense_tracklet_0_to_12\pigs271119\000056\burst_color_2c5124b7_2100\ID_5\f000054.jpg,PASS,PASS,True,True,True
source=legacy_recovered|dataset=legacy_recovered_16f|video=pigs271119%2F000018|track_id=tracklet_00003340|legacy_sequence,source=legacy_recovered|dataset=legacy_recovered_16f|video=pigs271119%2F000018|track_id=tracklet_00003340,lying,lying,lying,human_review,legacy_recovered,pigs271119/000018,pigs271119/000018,271119,0,15,train,FOLD_4,train,,lying,lying_enriched,reviewed_engineering_amendment_992f34c0204a85a1,ab86e2e04267cfdc8248f9bdb8774615479d67a3589f7a25844bb1a4c93a639e,557156a7eb6cceeb6a91f667f7c51dcb286e3111f35f414970fa7431acc7e63b,posture_500_a566c58d252c1642,human_review_completed,TuanHM,2026-08-07T07:46:12+07:00,,PASS,E:\PigProjectStorage\PIG_Behavior_Project\outputs\legacy_16f_rebuild\legacy_16f_rebuild_20260718_v2\06_full_recovery\crops\dense_tracklet_0_to_12\pigs271119\000018\burst_color_ab339973_267\ID_2\f000000.jpg,PASS,PASS,True,True,True
source=cvat_tracking_xml|dataset=cvat_tracking_test%20video%20Pigs291119_000302_30fps|video=test%20video%20Pigs291119_000302_30fps|track_id=7|anchor=894,source=cvat_tracking_xml|dataset=cvat_tracking_test%20video%20Pigs291119_000302_30fps|video=test%20video%20Pigs291119_000302_30fps|track_id=7,lying,lying,lying,human_review,cvat_tracking_xml,test video Pigs291119_000302_30fps,test video Pigs291119_000302_30fps,291119,894,899,train,FOLD_1,train,,lying,lying_enriched,reviewed_engineering_amendment_992f34c0204a85a1,ab86e2e04267cfdc8248f9bdb8774615479d67a3589f7a25844bb1a4c93a639e,557156a7eb6cceeb6a91f667f7c51dcb286e3111f35f414970fa7431acc7e63b,posture_500_a566c58d252c1642,human_review_completed,TuanHM,2026-08-07T07:46:13+07:00,,PASS,C:\Users\ironh\Downloads\PIG_Behavior_Project\data\videos\Pigs291119_000302_30fps.mp4,PASS,PASS,True,True,True
source=cvat_tracking_xml|dataset=cvat_tracking_test%20video%20Pigs291119_000302_30fps|video=test%20video%20Pigs291119_000302_30fps|track_id=0|anchor=864,source=cvat_tracking_xml|dataset=cvat_tracking_test%20video%20Pigs291119_000302_30fps|video=test%20video%20Pigs291119_000302_30fps|track_id=0,lying,lying,lying,human_review,cvat_tracking_xml,test video Pigs291119_000302_30fps,test video Pigs291119_000302_30fps,291119,864,869,train,FOLD_1,train,,lying,lying_enriched,reviewed_engineering_amendment_992f34c0204a85a1,ab86e2e04267cfdc8248f9bdb8774615479d67a3589f7a25844bb1a4c93a639e,557156a7eb6cceeb6a91f667f7c51dcb286e3111f35f414970fa7431acc7e63b,posture_500_a566c58d252c1642,human_review_completed,TuanHM,2026-08-07T07:46:15+07:00,,PASS,C:\Users\ironh\Downloads\PIG_Behavior_Project\data\videos\Pigs291119_000302_30fps.mp4,PASS,PASS,True,True,True
source=legacy_recovered|dataset=legacy_recovered_16f|video=pigs161119%2F000076|track_id=tracklet_00002742|legacy_sequence,source=legacy_recovered|dataset=legacy_recovered_16f|video=pigs161119%2F000076|track_id=tracklet_00002742,lying,lying,lying,human_review,legacy_recovered,pigs161119/000076,pigs161119/000076,161119,0,15,train,FOLD_4,train,,lying,lying_enriched,reviewed_engineering_amendment_992f34c0204a85a1,ab86e2e04267cfdc8248f9bdb8774615479d67a3589f7a25844bb1a4c93a639e,557156a7eb6cceeb6a91f667f7c51dcb286e3111f35f414970fa7431acc7e63b,posture_500_a566c58d252c1642,human_review_completed,TuanHM,2026-08-07T07:46:16+07:00,,PASS,E:\PigProjectStorage\PIG_Behavior_Project\outputs\legacy_16f_rebuild\legacy_16f_rebuild_20260718_v2\06_full_recovery\crops\dense_tracklet_0_to_12\pigs161119\000076\burst_color_87aa0182_33\ID_7\f000000.jpg,PASS,PASS,True,True,True
source=legacy_recovered|dataset=legacy_recovered_16f|video=pigs161119%2F000074|track_id=tracklet_00000848|legacy_sequence,source=legacy_recovered|dataset=legacy_recovered_16f|video=pigs161119%2F000074|track_id=tracklet_00000848,lying,lying,lying,human_review,legacy_recovered,pigs161119/000074,pigs161119/000074,161119,5,20,train,FOLD_4,train,,lying,lying_enriched,reviewed_engineering_amendment_992f34c0204a85a1,ab86e2e04267cfdc8248f9bdb8774615479d67a3589f7a25844bb1a4c93a639e,557156a7eb6cceeb6a91f667f7c51dcb286e3111f35f414970fa7431acc7e63b,posture_500_a566c58d252c1642,human_review_completed,TuanHM,2026-08-07T07:46:17+07:00,,PASS,E:\PigProjectStorage\PIG_Behavior_Project\outputs\legacy_16f_rebuild\legacy_16f_rebuild_20260718_v2\06_full_recovery\crops\dense_tracklet_0_to_12\pigs161119\000074\burst_color_2e614034_467\ID_1\f000005.jpg,PASS,PASS,True,True,True
source=cvat_tracking_xml|dataset=cvat_tracking_Pigs291119_000233|video=Pigs291119_000233|track_id=6|anchor=1068,source=cvat_tracking_xml|dataset=cvat_tracking_Pigs291119_000233|video=Pigs291119_000233|track_id=6,lying,lying,lying,human_review,cvat_tracking_xml,Pigs291119_000233,Pigs291119_000233,291119,1068,1073,exclude|train,FOLD_1,train,exclude,lying,lying_enriched,reviewed_engineering_amendment_992f34c0204a85a1,ab86e2e04267cfdc8248f9bdb8774615479d67a3589f7a25844bb1a4c93a639e,557156a7eb6cceeb6a91f667f7c51dcb286e3111f35f414970fa7431acc7e63b,posture_500_a566c58d252c1642,human_review_completed,TuanHM,2026-08-07T07:46:18+07:00,,PASS,C:\Users\ironh\Downloads\PIG_Behavior_Project\data\videos\Pigs291119_000233_30fps.mp4,PASS,PASS,True,True,False
source=legacy_recovered|dataset=legacy_recovered_16f|video=pigs271119%2F000066|track_id=tracklet_00001050|legacy_sequence,source=legacy_recovered|dataset=legacy_recovered_16f|video=pigs271119%2F000066|track_id=tracklet_00001050,lying,lying,lying,human_review,legacy_recovered,pigs271119/000066,pigs271119/000066,271119,0,15,train,FOLD_4,train,,lying,lying_enriched,reviewed_engineering_amendment_992f34c0204a85a1,ab86e2e04267cfdc8248f9bdb8774615479d67a3589f7a25844bb1a4c93a639e,557156a7eb6cceeb6a91f667f7c51dcb286e3111f35f414970fa7431acc7e63b,posture_500_a566c58d252c1642,human_review_completed,TuanHM,2026-08-07T07:46:20+07:00,,PASS,E:\PigProjectStorage\PIG_Behavior_Project\outputs\legacy_16f_rebuild\legacy_16f_rebuild_20260718_v2\06_full_recovery\crops\dense_tracklet_0_to_12\pigs271119\000066\burst_color_35f9a6b0_167\ID_3\f000000.jpg,PASS,PASS,True,True,True
source=cvat_tracking_xml|dataset=cvat_tracking_Pigs291119_000231|video=Pigs291119_000231|track_id=0|anchor=60,source=cvat_tracking_xml|dataset=cvat_tracking_Pigs291119_000231|video=Pigs291119_000231|track_id=0,lying,lying,lying,human_review,cvat_tracking_xml,Pigs291119_000231,Pigs291119_000231,291119,60,65,train,FOLD_1,train,,lying,lying_enriched,reviewed_engineering_amendment_992f34c0204a85a1,ab86e2e04267cfdc8248f9bdb8774615479d67a3589f7a25844bb1a4c93a639e,557156a7eb6cceeb6a91f667f7c51dcb286e3111f35f414970fa7431acc7e63b,posture_500_a566c58d252c1642,human_review_completed,TuanHM,2026-08-07T07:46:21+07:00,,PASS,C:\Users\ironh\Downloads\PIG_Behavior_Project\data\videos\Pigs291119_000231_30fps.mp4,PASS,PASS,True,True,True
source=legacy_recovered|dataset=legacy_recovered_16f|video=pigs271119%2F000039|track_id=tracklet_00002478|legacy_sequence,source=legacy_recovered|dataset=legacy_recovered_16f|video=pigs271119%2F000039|track_id=tracklet_00002478,sitting,sitting,sitting,human_review,legacy_recovered,pigs271119/000039,pigs271119/000039,271119,0,15,train,FOLD_4,train,,lying,lying_enriched,reviewed_engineering_amendment_992f34c0204a85a1,ab86e2e04267cfdc8248f9bdb8774615479d67a3589f7a25844bb1a4c93a639e,557156a7eb6cceeb6a91f667f7c51dcb286e3111f35f414970fa7431acc7e63b,posture_500_a566c58d252c1642,human_review_completed,TuanHM,2026-08-07T07:46:35+07:00,,PASS,E:\PigProjectStorage\PIG_Behavior_Project\outputs\legacy_16f_rebuild\legacy_16f_rebuild_20260718_v2\06_full_recovery\crops\dense_tracklet_0_to_12\pigs271119\000039\burst_color_7564fd6b_67\ID_8\f000000.jpg,PASS,PASS,True,True,True
source=cvat_tracking_xml|dataset=cvat_tracking_test%20video%20Pigs291119_000302_30fps|video=test%20video%20Pigs291119_000302_30fps|track_id=7|anchor=558,source=cvat_tracking_xml|dataset=cvat_tracking_test%20video%20Pigs291119_000302_30fps|video=test%20video%20Pigs291119_000302_30fps|track_id=7,lying,lying,lying,human_review,cvat_tracking_xml,test video Pigs291119_000302_30fps,test video Pigs291119_000302_30fps,291119,558,563,train,FOLD_1,train,,lying,lying_enriched,reviewed_engineering_amendment_992f34c0204a85a1,ab86e2e04267cfdc8248f9bdb8774615479d67a3589f7a25844bb1a4c93a639e,557156a7eb6cceeb6a91f667f7c51dcb286e3111f35f414970fa7431acc7e63b,posture_500_a566c58d252c1642,human_review_completed,TuanHM,2026-08-07T07:46:37+07:00,,PASS,C:\Users\ironh\Downloads\PIG_Behavior_Project\data\videos\Pigs291119_000302_30fps.mp4,PASS,PASS,True,True,True
source=legacy_recovered|dataset=legacy_recovered_16f|video=pigs041219%2F000236|track_id=tracklet_00002211|legacy_sequence,source=legacy_recovered|dataset=legacy_recovered_16f|video=pigs041219%2F000236|track_id=tracklet_00002211,lying,lying,lying,human_review,legacy_recovered,pigs041219/000236,pigs041219/000236,041219,2,17,train,FOLD_4,train,,lying,lying_enriched,reviewed_engineering_amendment_992f34c0204a85a1,ab86e2e04267cfdc8248f9bdb8774615479d67a3589f7a25844bb1a4c93a639e,557156a7eb6cceeb6a91f667f7c51dcb286e3111f35f414970fa7431acc7e63b,posture_500_a566c58d252c1642,human_review_completed,TuanHM,2026-08-07T07:46:45+07:00,,PASS,E:\PigProjectStorage\PIG_Behavior_Project\outputs\legacy_16f_rebuild\legacy_16f_rebuild_20260718_v2\06_full_recovery\crops\dense_tracklet_0_to_12\pigs041219\000236\burst_color_69f26102_367\ID_2\f000002.jpg,PASS,PASS,True,True,True
source=cvat_tracking_xml|dataset=cvat_tracking_Pigs281119_000085_30fps|video=Pigs281119_000085_30fps|track_id=5|anchor=66,source=cvat_tracking_xml|dataset=cvat_tracking_Pigs281119_000085_30fps|video=Pigs281119_000085_30fps|track_id=5,sitting,sitting,sitting,human_review,cvat_tracking_xml,Pigs281119_000085_30fps,Pigs281119_000085_30fps,281119,66,71,validation,FOLD_3,validation,,lying,lying_enriched,reviewed_engineering_amendment_992f34c0204a85a1,ab86e2e04267cfdc8248f9bdb8774615479d67a3589f7a25844bb1a4c93a639e,557156a7eb6cceeb6a91f667f7c51dcb286e3111f35f414970fa7431acc7e63b,posture_500_a566c58d252c1642,human_review_completed,TuanHM,2026-08-07T07:47:11+07:00,,PASS,C:\Users\ironh\Downloads\PIG_Behavior_Project\data\videos\Pigs281119_000085_30fps.mp4,PASS,PASS,True,True,True
source=cvat_tracking_xml|dataset=cvat_tracking_test%20video%20Pigs291119_000302_30fps|video=test%20video%20Pigs291119_000302_30fps|track_id=0|anchor=1308,source=cvat_tracking_xml|dataset=cvat_tracking_test%20video%20Pigs291119_000302_30fps|video=test%20video%20Pigs291119_000302_30fps|track_id=0,lying,lying,lying,human_review,cvat_tracking_xml,test video Pigs291119_000302_30fps,test video Pigs291119_000302_30fps,291119,1308,1313,train,FOLD_1,train,,lying,lying_enriched,reviewed_engineering_amendment_992f34c0204a85a1,ab86e2e04267cfdc8248f9bdb8774615479d67a3589f7a25844bb1a4c93a639e,557156a7eb6cceeb6a91f667f7c51dcb286e3111f35f414970fa7431acc7e63b,posture_500_a566c58d252c1642,human_review_completed,TuanHM,2026-08-07T08:00:48+07:00,,PASS,C:\Users\ironh\Downloads\PIG_Behavior_Project\data\videos\Pigs291119_000302_30fps.mp4,PASS,PASS,True,True,True
source=cvat_tracking_xml|dataset=cvat_tracking_test%20video%20Pigs291119_000302_30fps|video=test%20video%20Pigs291119_000302_30fps|track_id=7|anchor=1596,source=cvat_tracking_xml|dataset=cvat_tracking_test%20video%20Pigs291119_000302_30fps|video=test%20video%20Pigs291119_000302_30fps|track_id=7,lying,lying,lying,human_review,cvat_tracking_xml,test video Pigs291119_000302_30fps,test video Pigs291119_000302_30fps,291119,1596,1601,train,FOLD_1,train,,lying,lying_enriched,reviewed_engineering_amendment_992f34c0204a85a1,ab86e2e04267cfdc8248f9bdb8774615479d67a3589f7a25844bb1a4c93a639e,557156a7eb6cceeb6a91f667f7c51dcb286e3111f35f414970fa7431acc7e63b,posture_500_a566c58d252c1642,human_review_completed,TuanHM,2026-08-07T08:00:49+07:00,,PASS,C:\Users\ironh\Downloads\PIG_Behavior_Project\data\videos\Pigs291119_000302_30fps.mp4,PASS,PASS,True,True,True
source=legacy_recovered|dataset=legacy_recovered_16f|video=pigs281119%2F000181|track_id=tracklet_00004134|legacy_sequence,source=legacy_recovered|dataset=legacy_recovered_16f|video=pigs281119%2F000181|track_id=tracklet_00004134,lying,lying,lying,human_review,legacy_recovered,pigs281119/000181,pigs281119/000181,281119,0,15,validation,FOLD_3,validation,,lying,lying_enriched,reviewed_engineering_amendment_992f34c0204a85a1,ab86e2e04267cfdc8248f9bdb8774615479d67a3589f7a25844bb1a4c93a639e,557156a7eb6cceeb6a91f667f7c51dcb286e3111f35f414970fa7431acc7e63b,posture_500_a566c58d252c1642,human_review_completed,TuanHM,2026-08-07T08:00:51+07:00,,PASS,E:\PigProjectStorage\PIG_Behavior_Project\outputs\legacy_16f_rebuild\legacy_16f_rebuild_20260718_v2\06_full_recovery\crops\dense_tracklet_0_to_12\pigs281119\000181\burst_color_e3018b1f_200\ID_8\f000000.jpg,PASS,PASS,True,True,True
source=cvat_tracking_xml|dataset=cvat_tracking_Pigs291119_000233|video=Pigs291119_000233|track_id=0|anchor=678,source=cvat_tracking_xml|dataset=cvat_tracking_Pigs291119_000233|video=Pigs291119_000233|track_id=0,lying,lying,lying,human_review,cvat_tracking_xml,Pigs291119_000233,Pigs291119_000233,291119,678,683,train,FOLD_1,train,,lying,lying_enriched,reviewed_engineering_amendment_992f34c0204a85a1,ab86e2e04267cfdc8248f9bdb8774615479d67a3589f7a25844bb1a4c93a639e,557156a7eb6cceeb6a91f667f7c51dcb286e3111f35f414970fa7431acc7e63b,posture_500_a566c58d252c1642,human_review_completed,TuanHM,2026-08-07T08:00:52+07:00,,PASS,C:\Users\ironh\Downloads\PIG_Behavior_Project\data\videos\Pigs291119_000233_30fps.mp4,PASS,PASS,True,True,True
source=cvat_tracking_xml|dataset=cvat_tracking_test%20video%20Pigs291119_000302_30fps|video=test%20video%20Pigs291119_000302_30fps|track_id=7|anchor=486,source=cvat_tracking_xml|dataset=cvat_tracking_test%20video%20Pigs291119_000302_30fps|video=test%20video%20Pigs291119_000302_30fps|track_id=7,lying,lying,lying,human_review,cvat_tracking_xml,test video Pigs291119_000302_30fps,test video Pigs291119_000302_30fps,291119,486,491,exclude|train,FOLD_1,train,exclude,lying,lying_enriched,reviewed_engineering_amendment_992f34c0204a85a1,ab86e2e04267cfdc8248f9bdb8774615479d67a3589f7a25844bb1a4c93a639e,557156a7eb6cceeb6a91f667f7c51dcb286e3111f35f414970fa7431acc7e63b,posture_500_a566c58d252c1642,human_review_completed,TuanHM,2026-08-07T08:01:09+07:00,,PASS,C:\Users\ironh\Downloads\PIG_Behavior_Project\data\videos\Pigs291119_000302_30fps.mp4,PASS,PASS,True,True,False
source=cvat_tracking_xml|dataset=cvat_tracking_test%20video%20Pigs291119_000302_30fps|video=test%20video%20Pigs291119_000302_30fps|track_id=7|anchor=1380,source=cvat_tracking_xml|dataset=cvat_tracking_test%20video%20Pigs291119_000302_30fps|video=test%20video%20Pigs291119_000302_30fps|track_id=7,lying,lying,lying,human_review,cvat_tracking_xml,test video Pigs291119_000302_30fps,test video Pigs291119_000302_30fps,291119,1380,1385,train,FOLD_1,train,,lying,lying_enriched,reviewed_engineering_amendment_992f34c0204a85a1,ab86e2e04267cfdc8248f9bdb8774615479d67a3589f7a25844bb1a4c93a639e,557156a7eb6cceeb6a91f667f7c51dcb286e3111f35f414970fa7431acc7e63b,posture_500_a566c58d252c1642,human_review_completed,TuanHM,2026-08-07T08:01:13+07:00,,PASS,C:\Users\ironh\Downloads\PIG_Behavior_Project\data\videos\Pigs291119_000302_30fps.mp4,PASS,PASS,True,True,True
source=legacy_recovered|dataset=legacy_recovered_16f|video=pigs041219%2F000273|track_id=tracklet_00001132|legacy_sequence,source=legacy_recovered|dataset=legacy_recovered_16f|video=pigs041219%2F000273|track_id=tracklet_00001132,lying,lying,lying,human_review,legacy_recovered,pigs041219/000273,pigs041219/000273,041219,0,15,train,FOLD_4,train,,lying,lying_enriched,reviewed_engineering_amendment_992f34c0204a85a1,ab86e2e04267cfdc8248f9bdb8774615479d67a3589f7a25844bb1a4c93a639e,557156a7eb6cceeb6a91f667f7c51dcb286e3111f35f414970fa7431acc7e63b,posture_500_a566c58d252c1642,human_review_completed,TuanHM,2026-08-07T08:01:16+07:00,,PASS,E:\PigProjectStorage\PIG_Behavior_Project\outputs\legacy_16f_rebuild\legacy_16f_rebuild_20260718_v2\06_full_recovery\crops\dense_tracklet_0_to_12\pigs041219\000273\burst_color_3895ea4c_100\ID_4\f000000.jpg,PASS,PASS,True,True,True
source=cvat_tracking_xml|dataset=cvat_tracking_Pigs291119_000225_30fps.mp4|video=Pigs291119_000225_30fps.mp4|track_id=2|anchor=312,source=cvat_tracking_xml|dataset=cvat_tracking_Pigs291119_000225_30fps.mp4|video=Pigs291119_000225_30fps.mp4|track_id=2,lying,lying,lying,human_review,cvat_tracking_xml,Pigs291119_000225_30fps.mp4,Pigs291119_000225_30fps.mp4,291119,312,317,exclude|train,FOLD_1,train,exclude,lying,lying_enriched,reviewed_engineering_amendment_992f34c0204a85a1,ab86e2e04267cfdc8248f9bdb8774615479d67a3589f7a25844bb1a4c93a639e,557156a7eb6cceeb6a91f667f7c51dcb286e3111f35f414970fa7431acc7e63b,posture_500_a566c58d252c1642,human_review_completed,TuanHM,2026-08-07T08:01:20+07:00,,PASS,C:\Users\ironh\Downloads\PIG_Behavior_Project\data\videos\Pigs291119_000225_30fps.mp4,PASS,PASS,True,True,False
source=cvat_tracking_xml|dataset=cvat_tracking_Pigs291119_000231|video=Pigs291119_000231|track_id=0|anchor=168,source=cvat_tracking_xml|dataset=cvat_tracking_Pigs291119_000231|video=Pigs291119_000231|track_id=0,lying,lying,lying,human_review,cvat_tracking_xml,Pigs291119_000231,Pigs291119_000231,291119,168,173,train,FOLD_1,train,,lying,lying_enriched,reviewed_engineering_amendment_992f34c0204a85a1,ab86e2e04267cfdc8248f9bdb8774615479d67a3589f7a25844bb1a4c93a639e,557156a7eb6cceeb6a91f667f7c51dcb286e3111f35f414970fa7431acc7e63b,posture_500_a566c58d252c1642,human_review_completed,TuanHM,2026-08-07T08:01:21+07:00,,PASS,C:\Users\ironh\Downloads\PIG_Behavior_Project\data\videos\Pigs291119_000231_30fps.mp4,PASS,PASS,True,True,True
source=cvat_tracking_xml|dataset=cvat_tracking_Pigs291119_000231|video=Pigs291119_000231|track_id=0|anchor=1200,source=cvat_tracking_xml|dataset=cvat_tracking_Pigs291119_000231|video=Pigs291119_000231|track_id=0,lying,lying,lying,human_review,cvat_tracking_xml,Pigs291119_000231,Pigs291119_000231,291119,1200,1205,train,FOLD_1,train,,lying,lying_enriched,reviewed_engineering_amendment_992f34c0204a85a1,ab86e2e04267cfdc8248f9bdb8774615479d67a3589f7a25844bb1a4c93a639e,557156a7eb6cceeb6a91f667f7c51dcb286e3111f35f414970fa7431acc7e63b,posture_500_a566c58d252c1642,human_review_completed,TuanHM,2026-08-07T08:01:23+07:00,,PASS,C:\Users\ironh\Downloads\PIG_Behavior_Project\data\videos\Pigs291119_000231_30fps.mp4,PASS,PASS,True,True,True
source=legacy_recovered|dataset=legacy_recovered_16f|video=pigs031219%2F000125|track_id=tracklet_00001670|legacy_sequence,source=legacy_recovered|dataset=legacy_recovered_16f|video=pigs031219%2F000125|track_id=tracklet_00001670,lying,lying,lying,human_review,legacy_recovered,pigs031219/000125,pigs031219/000125,031219,0,15,train,FOLD_4,train,,lying,lying_enriched,reviewed_engineering_amendment_992f34c0204a85a1,ab86e2e04267cfdc8248f9bdb8774615479d67a3589f7a25844bb1a4c93a639e,557156a7eb6cceeb6a91f667f7c51dcb286e3111f35f414970fa7431acc7e63b,posture_500_a566c58d252c1642,human_review_completed,TuanHM,2026-08-07T08:01:23+07:00,,PASS,E:\PigProjectStorage\PIG_Behavior_Project\outputs\legacy_16f_rebuild\legacy_16f_rebuild_20260718_v2\06_full_recovery\crops\dense_tracklet_0_to_12\pigs031219\000125\burst_color_4ff89bce_300\ID_2\f000000.jpg,PASS,PASS,True,True,True
source=legacy_recovered|dataset=legacy_recovered_16f|video=pigs051219%2F000324|track_id=tracklet_00004118|legacy_sequence,source=legacy_recovered|dataset=legacy_recovered_16f|video=pigs051219%2F000324|track_id=tracklet_00004118,lying,lying,lying,human_review,legacy_recovered,pigs051219/000324,pigs051219/000324,051219,0,15,train,FOLD_4,train,,lying,lying_enriched,reviewed_engineering_amendment_992f34c0204a85a1,ab86e2e04267cfdc8248f9bdb8774615479d67a3589f7a25844bb1a4c93a639e,557156a7eb6cceeb6a91f667f7c51dcb286e3111f35f414970fa7431acc7e63b,posture_500_a566c58d252c1642,human_review_completed,TuanHM,2026-08-07T08:01:24+07:00,,PASS,E:\PigProjectStorage\PIG_Behavior_Project\outputs\legacy_16f_rebuild\legacy_16f_rebuild_20260718_v2\06_full_recovery\crops\dense_tracklet_0_to_12\pigs051219\000324\burst_color_e198ff51_233\ID_3\f000000.jpg,PASS,PASS,True,True,True
source=cvat_tracking_xml|dataset=cvat_tracking_test%20video%20Pigs291119_000302_30fps|video=test%20video%20Pigs291119_000302_30fps|track_id=7|anchor=1668,source=cvat_tracking_xml|dataset=cvat_tracking_test%20video%20Pigs291119_000302_30fps|video=test%20video%20Pigs291119_000302_30fps|track_id=7,lying,lying,lying,human_review,cvat_tracking_xml,test video Pigs291119_000302_30fps,test video Pigs291119_000302_30fps,291119,1668,1673,train,FOLD_1,train,,lying,lying_enriched,reviewed_engineering_amendment_992f34c0204a85a1,ab86e2e04267cfdc8248f9bdb8774615479d67a3589f7a25844bb1a4c93a639e,557156a7eb6cceeb6a91f667f7c51dcb286e3111f35f414970fa7431acc7e63b,posture_500_a566c58d252c1642,human_review_completed,TuanHM,2026-08-07T08:01:25+07:00,,PASS,C:\Users\ironh\Downloads\PIG_Behavior_Project\data\videos\Pigs291119_000302_30fps.mp4,PASS,PASS,True,True,True
source=legacy_recovered|dataset=legacy_recovered_16f|video=pigs081119%2F000332|track_id=tracklet_00001752|legacy_sequence,source=legacy_recovered|dataset=legacy_recovered_16f|video=pigs081119%2F000332|track_id=tracklet_00001752,lying,lying,lying,human_review,legacy_recovered,pigs081119/000332,pigs081119/000332,081119,0,15,train,FOLD_4,train,,lying,lying_enriched,reviewed_engineering_amendment_992f34c0204a85a1,ab86e2e04267cfdc8248f9bdb8774615479d67a3589f7a25844bb1a4c93a639e,557156a7eb6cceeb6a91f667f7c51dcb286e3111f35f414970fa7431acc7e63b,posture_500_a566c58d252c1642,human_review_completed,TuanHM,2026-08-07T08:01:27+07:00,,PASS,E:\PigProjectStorage\PIG_Behavior_Project\outputs\legacy_16f_rebuild\legacy_16f_rebuild_20260718_v2\06_full_recovery\crops\dense_tracklet_0_to_12\pigs081119\000332\burst_color_55d2257d_233\ID_5\f000000.jpg,PASS,PASS,True,True,True
source=cvat_tracking_xml|dataset=cvat_tracking_Pigs291119_000233|video=Pigs291119_000233|track_id=3|anchor=1710,source=cvat_tracking_xml|dataset=cvat_tracking_Pigs291119_000233|video=Pigs291119_000233|track_id=3,lying,lying,lying,human_review,cvat_tracking_xml,Pigs291119_000233,Pigs291119_000233,291119,1710,1715,train,FOLD_1,train,,lying,lying_enriched,reviewed_engineering_amendment_992f34c0204a85a1,ab86e2e04267cfdc8248f9bdb8774615479d67a3589f7a25844bb1a4c93a639e,557156a7eb6cceeb6a91f667f7c51dcb286e3111f35f414970fa7431acc7e63b,posture_500_a566c58d252c1642,human_review_completed,TuanHM,2026-08-07T08:01:29+07:00,,PASS,C:\Users\ironh\Downloads\PIG_Behavior_Project\data\videos\Pigs291119_000233_30fps.mp4,PASS,PASS,True,True,True
source=legacy_recovered|dataset=legacy_recovered_16f|video=pigs041219%2F000275|track_id=tracklet_00002111|legacy_sequence,source=legacy_recovered|dataset=legacy_recovered_16f|video=pigs041219%2F000275|track_id=tracklet_00002111,lying,lying,lying,human_review,legacy_recovered,pigs041219/000275,pigs041219/000275,041219,10,25,train,FOLD_4,train,,lying,lying_enriched,reviewed_engineering_amendment_992f34c0204a85a1,ab86e2e04267cfdc8248f9bdb8774615479d67a3589f7a25844bb1a4c93a639e,557156a7eb6cceeb6a91f667f7c51dcb286e3111f35f414970fa7431acc7e63b,posture_500_a566c58d252c1642,human_review_completed,TuanHM,2026-08-07T08:01:30+07:00,,PASS,E:\PigProjectStorage\PIG_Behavior_Project\outputs\legacy_16f_rebuild\legacy_16f_rebuild_20260718_v2\06_full_recovery\crops\dense_tracklet_0_to_12\pigs041219\000275\burst_color_67e71a1a_633\ID_3\f000010.jpg,PASS,PASS,True,True,True
source=legacy_recovered|dataset=legacy_recovered_16f|video=pigs091119%2F000440|track_id=tracklet_00001185|legacy_sequence,source=legacy_recovered|dataset=legacy_recovered_16f|video=pigs091119%2F000440|track_id=tracklet_00001185,sitting,sitting,sitting,human_review,legacy_recovered,pigs091119/000440,pigs091119/000440,091119,0,15,train,FOLD_4,train,,lying,lying_enriched,reviewed_engineering_amendment_992f34c0204a85a1,ab86e2e04267cfdc8248f9bdb8774615479d67a3589f7a25844bb1a4c93a639e,557156a7eb6cceeb6a91f667f7c51dcb286e3111f35f414970fa7431acc7e63b,posture_500_a566c58d252c1642,human_review_completed,TuanHM,2026-08-07T08:01:31+07:00,,PASS,E:\PigProjectStorage\PIG_Behavior_Project\outputs\legacy_16f_rebuild\legacy_16f_rebuild_20260718_v2\06_full_recovery\crops\dense_tracklet_0_to_12\pigs091119\000440\burst_color_3b799709_100\ID_2\f000000.jpg,PASS,PASS,True,True,True
source=cvat_tracking_xml|dataset=cvat_tracking_Pigs291119_000233|video=Pigs291119_000233|track_id=0|anchor=282,source=cvat_tracking_xml|dataset=cvat_tracking_Pigs291119_000233|video=Pigs291119_000233|track_id=0,lying,lying,lying,human_review,cvat_tracking_xml,Pigs291119_000233,Pigs291119_000233,291119,282,287,train,FOLD_1,train,,lying,lying_enriched,reviewed_engineering_amendment_992f34c0204a85a1,ab86e2e04267cfdc8248f9bdb8774615479d67a3589f7a25844bb1a4c93a639e,557156a7eb6cceeb6a91f667f7c51dcb286e3111f35f414970fa7431acc7e63b,posture_500_a566c58d252c1642,human_review_completed,TuanHM,2026-08-07T08:01:33+07:00,,PASS,C:\Users\ironh\Downloads\PIG_Behavior_Project\data\videos\Pigs291119_000233_30fps.mp4,PASS,PASS,True,True,True
source=cvat_tracking_xml|dataset=cvat_tracking_test%20video%20Pigs291119_000302_30fps|video=test%20video%20Pigs291119_000302_30fps|track_id=7|anchor=1734,source=cvat_tracking_xml|dataset=cvat_tracking_test%20video%20Pigs291119_000302_30fps|video=test%20video%20Pigs291119_000302_30fps|track_id=7,lying,lying,lying,human_review,cvat_tracking_xml,test video Pigs291119_000302_30fps,test video Pigs291119_000302_30fps,291119,1734,1739,train,FOLD_1,train,,lying,lying_enriched,reviewed_engineering_amendment_992f34c0204a85a1,ab86e2e04267cfdc8248f9bdb8774615479d67a3589f7a25844bb1a4c93a639e,557156a7eb6cceeb6a91f667f7c51dcb286e3111f35f414970fa7431acc7e63b,posture_500_a566c58d252c1642,human_review_completed,TuanHM,2026-08-07T08:01:35+07:00,,PASS,C:\Users\ironh\Downloads\PIG_Behavior_Project\data\videos\Pigs291119_000302_30fps.mp4,PASS,PASS,True,True,True
source=cvat_tracking_xml|dataset=cvat_tracking_Pigs281119_000114_30fps|video=Pigs281119_000114_30fps|track_id=4|anchor=1146,source=cvat_tracking_xml|dataset=cvat_tracking_Pigs281119_000114_30fps|video=Pigs281119_000114_30fps|track_id=4,sitting,sitting,sitting,human_review,cvat_tracking_xml,Pigs281119_000114_30fps,Pigs281119_000114_30fps,281119,1146,1151,exclude|validation,FOLD_3,validation,exclude,lying,lying_enriched,reviewed_engineering_amendment_992f34c0204a85a1,ab86e2e04267cfdc8248f9bdb8774615479d67a3589f7a25844bb1a4c93a639e,557156a7eb6cceeb6a91f667f7c51dcb286e3111f35f414970fa7431acc7e63b,posture_500_a566c58d252c1642,human_review_completed,TuanHM,2026-08-07T08:01:37+07:00,,PASS,C:\Users\ironh\Downloads\PIG_Behavior_Project\data\videos\Pigs281119_000114_30fps.mp4,PASS,PASS,True,True,False
source=legacy_recovered|dataset=legacy_recovered_16f|video=pigs271119%2F000010|track_id=tracklet_00002087|legacy_sequence,source=legacy_recovered|dataset=legacy_recovered_16f|video=pigs271119%2F000010|track_id=tracklet_00002087,lying,lying,lying,human_review,legacy_recovered,pigs271119/000010,pigs271119/000010,271119,612,627,train,FOLD_4,train,,lying,lying_enriched,reviewed_engineering_amendment_992f34c0204a85a1,ab86e2e04267cfdc8248f9bdb8774615479d67a3589f7a25844bb1a4c93a639e,557156a7eb6cceeb6a91f667f7c51dcb286e3111f35f414970fa7431acc7e63b,posture_500_a566c58d252c1642,human_review_completed,TuanHM,2026-08-07T08:01:37+07:00,,PASS,E:\PigProjectStorage\PIG_Behavior_Project\outputs\legacy_16f_rebuild\legacy_16f_rebuild_20260718_v2\06_full_recovery\crops\dense_tracklet_0_to_12\pigs271119\000010\burst_color_66578c6f_20700\ID_4\f000612.jpg,PASS,PASS,True,True,True
source=legacy_recovered|dataset=legacy_recovered_16f|video=pigs271119%2F000056|track_id=tracklet_00000813|legacy_sequence,source=legacy_recovered|dataset=legacy_recovered_16f|video=pigs271119%2F000056|track_id=tracklet_00000813,lying,lying,lying,human_review,legacy_recovered,pigs271119/000056,pigs271119/000056,271119,54,69,train,FOLD_4,train,,lying,lying_enriched,reviewed_engineering_amendment_992f34c0204a85a1,ab86e2e04267cfdc8248f9bdb8774615479d67a3589f7a25844bb1a4c93a639e,557156a7eb6cceeb6a91f667f7c51dcb286e3111f35f414970fa7431acc7e63b,posture_500_a566c58d252c1642,human_review_completed,TuanHM,2026-08-07T08:01:38+07:00,,PASS,E:\PigProjectStorage\PIG_Behavior_Project\outputs\legacy_16f_rebuild\legacy_16f_rebuild_20260718_v2\06_full_recovery\crops\dense_tracklet_0_to_12\pigs271119\000056\burst_color_2c5124b7_2100\ID_6\f000054.jpg,PASS,PASS,True,True,True
source=legacy_recovered|dataset=legacy_recovered_16f|video=pigs041219%2F000274|track_id=tracklet_00000526|legacy_sequence,source=legacy_recovered|dataset=legacy_recovered_16f|video=pigs041219%2F000274|track_id=tracklet_00000526,lying,lying,lying,human_review,legacy_recovered,pigs041219/000274,pigs041219/000274,041219,7,22,train,FOLD_4,train,,lying,lying_enriched,reviewed_engineering_amendment_992f34c0204a85a1,ab86e2e04267cfdc8248f9bdb8774615479d67a3589f7a25844bb1a4c93a639e,557156a7eb6cceeb6a91f667f7c51dcb286e3111f35f414970fa7431acc7e63b,posture_500_a566c58d252c1642,human_review_completed,TuanHM,2026-08-07T08:01:39+07:00,,PASS,E:\PigProjectStorage\PIG_Behavior_Project\outputs\legacy_16f_rebuild\legacy_16f_rebuild_20260718_v2\06_full_recovery\crops\dense_tracklet_0_to_12\pigs041219\000274\burst_color_1e6b8157_533\ID_7\f000007.jpg,PASS,PASS,True,True,True
source=cvat_tracking_xml|dataset=cvat_tracking_Pigs291119_000233|video=Pigs291119_000233|track_id=3|anchor=1704,source=cvat_tracking_xml|dataset=cvat_tracking_Pigs291119_000233|video=Pigs291119_000233|track_id=3,lying,lying,lying,human_review,cvat_tracking_xml,Pigs291119_000233,Pigs291119_000233,291119,1704,1709,train,FOLD_1,train,,lying,lying_enriched,reviewed_engineering_amendment_992f34c0204a85a1,ab86e2e04267cfdc8248f9bdb8774615479d67a3589f7a25844bb1a4c93a639e,557156a7eb6cceeb6a91f667f7c51dcb286e3111f35f414970fa7431acc7e63b,posture_500_a566c58d252c1642,human_review_completed,TuanHM,2026-08-07T08:01:40+07:00,,PASS,C:\Users\ironh\Downloads\PIG_Behavior_Project\data\videos\Pigs291119_000233_30fps.mp4,PASS,PASS,True,True,True
source=legacy_recovered|dataset=legacy_recovered_16f|video=pigs091119%2F000454|track_id=tracklet_00001905|legacy_sequence,source=legacy_recovered|dataset=legacy_recovered_16f|video=pigs091119%2F000454|track_id=tracklet_00001905,lying,lying,lying,human_review,legacy_recovered,pigs091119/000454,pigs091119/000454,091119,9,24,train,FOLD_4,train,,lying,lying_enriched,reviewed_engineering_amendment_992f34c0204a85a1,ab86e2e04267cfdc8248f9bdb8774615479d67a3589f7a25844bb1a4c93a639e,557156a7eb6cceeb6a91f667f7c51dcb286e3111f35f414970fa7431acc7e63b,posture_500_a566c58d252c1642,human_review_completed,TuanHM,2026-08-07T08:01:41+07:00,,PASS,E:\PigProjectStorage\PIG_Behavior_Project\outputs\legacy_16f_rebuild\legacy_16f_rebuild_20260718_v2\06_full_recovery\crops\dense_tracklet_0_to_12\pigs091119\000454\burst_color_5f63ba2e_600\ID_3\f000009.jpg,PASS,PASS,True,True,True
source=cvat_tracking_xml|dataset=cvat_tracking_Pigs291119_000226_30fps|video=Pigs291119_000226_30fps|track_id=6|anchor=1464,source=cvat_tracking_xml|dataset=cvat_tracking_Pigs291119_000226_30fps|video=Pigs291119_000226_30fps|track_id=6,lying,lying,lying,human_review,cvat_tracking_xml,Pigs291119_000226_30fps,Pigs291119_000226_30fps,291119,1464,1469,train,FOLD_1,train,,lying,lying_enriched,reviewed_engineering_amendment_992f34c0204a85a1,ab86e2e04267cfdc8248f9bdb8774615479d67a3589f7a25844bb1a4c93a639e,557156a7eb6cceeb6a91f667f7c51dcb286e3111f35f414970fa7431acc7e63b,posture_500_a566c58d252c1642,human_review_completed,TuanHM,2026-08-07T08:01:43+07:00,,PASS,C:\Users\ironh\Downloads\PIG_Behavior_Project\data\videos\Pigs291119_000226_30fps.mp4,PASS,PASS,True,True,True
source=cvat_tracking_xml|dataset=cvat_tracking_test%20video%20Pigs291119_000302_30fps|video=test%20video%20Pigs291119_000302_30fps|track_id=7|anchor=12,source=cvat_tracking_xml|dataset=cvat_tracking_test%20video%20Pigs291119_000302_30fps|video=test%20video%20Pigs291119_000302_30fps|track_id=7,lying,lying,lying,human_review,cvat_tracking_xml,test video Pigs291119_000302_30fps,test video Pigs291119_000302_30fps,291119,12,17,train,FOLD_1,train,,lying,lying_enriched,reviewed_engineering_amendment_992f34c0204a85a1,ab86e2e04267cfdc8248f9bdb8774615479d67a3589f7a25844bb1a4c93a639e,557156a7eb6cceeb6a91f667f7c51dcb286e3111f35f414970fa7431acc7e63b,posture_500_a566c58d252c1642,human_review_completed,TuanHM,2026-08-07T08:01:45+07:00,,PASS,C:\Users\ironh\Downloads\PIG_Behavior_Project\data\videos\Pigs291119_000302_30fps.mp4,PASS,PASS,True,True,True
source=cvat_tracking_xml|dataset=cvat_tracking_Pigs291119_000226_30fps|video=Pigs291119_000226_30fps|track_id=3|anchor=660,source=cvat_tracking_xml|dataset=cvat_tracking_Pigs291119_000226_30fps|video=Pigs291119_000226_30fps|track_id=3,lying,lying,lying,human_review,cvat_tracking_xml,Pigs291119_000226_30fps,Pigs291119_000226_30fps,291119,660,665,train,FOLD_1,train,,lying,lying_enriched,reviewed_engineering_amendment_992f34c0204a85a1,ab86e2e04267cfdc8248f9bdb8774615479d67a3589f7a25844bb1a4c93a639e,557156a7eb6cceeb6a91f667f7c51dcb286e3111f35f414970fa7431acc7e63b,posture_500_a566c58d252c1642,human_review_completed,TuanHM,2026-08-07T08:01:46+07:00,,PASS,C:\Users\ironh\Downloads\PIG_Behavior_Project\data\videos\Pigs291119_000226_30fps.mp4,PASS,PASS,True,True,True
source=cvat_tracking_xml|dataset=cvat_tracking_Pigs291119_000233|video=Pigs291119_000233|track_id=0|anchor=354,source=cvat_tracking_xml|dataset=cvat_tracking_Pigs291119_000233|video=Pigs291119_000233|track_id=0,lying,lying,lying,human_review,cvat_tracking_xml,Pigs291119_000233,Pigs291119_000233,291119,354,359,train,FOLD_1,train,,lying,lying_enriched,reviewed_engineering_amendment_992f34c0204a85a1,ab86e2e04267cfdc8248f9bdb8774615479d67a3589f7a25844bb1a4c93a639e,557156a7eb6cceeb6a91f667f7c51dcb286e3111f35f414970fa7431acc7e63b,posture_500_a566c58d252c1642,human_review_completed,TuanHM,2026-08-07T08:01:47+07:00,,PASS,C:\Users\ironh\Downloads\PIG_Behavior_Project\data\videos\Pigs291119_000233_30fps.mp4,PASS,PASS,True,True,True
source=legacy_recovered|dataset=legacy_recovered_16f|video=pigs271119%2F000070|track_id=tracklet_00000604|legacy_sequence,source=legacy_recovered|dataset=legacy_recovered_16f|video=pigs271119%2F000070|track_id=tracklet_00000604,lying,lying,lying,human_review,legacy_recovered,pigs271119/000070,pigs271119/000070,271119,0,15,train,FOLD_4,train,,lying,lying_enriched,reviewed_engineering_amendment_992f34c0204a85a1,ab86e2e04267cfdc8248f9bdb8774615479d67a3589f7a25844bb1a4c93a639e,557156a7eb6cceeb6a91f667f7c51dcb286e3111f35f414970fa7431acc7e63b,posture_500_a566c58d252c1642,human_review_completed,TuanHM,2026-08-07T08:01:49+07:00,,PASS,E:\PigProjectStorage\PIG_Behavior_Project\outputs\legacy_16f_rebuild\legacy_16f_rebuild_20260718_v2\06_full_recovery\crops\dense_tracklet_0_to_12\pigs271119\000070\burst_color_23f4e77f_67\ID_6\f000000.jpg,PASS,PASS,True,True,True
source=legacy_recovered|dataset=legacy_recovered_16f|video=pigs281119%2F000145|track_id=tracklet_00001856|legacy_sequence,source=legacy_recovered|dataset=legacy_recovered_16f|video=pigs281119%2F000145|track_id=tracklet_00001856,lying,lying,lying,human_review,legacy_recovered,pigs281119/000145,pigs281119/000145,281119,0,15,validation,FOLD_3,validation,,lying,lying_enriched,reviewed_engineering_amendment_992f34c0204a85a1,ab86e2e04267cfdc8248f9bdb8774615479d67a3589f7a25844bb1a4c93a639e,557156a7eb6cceeb6a91f667f7c51dcb286e3111f35f414970fa7431acc7e63b,posture_500_a566c58d252c1642,human_review_completed,TuanHM,2026-08-07T08:01:50+07:00,,PASS,E:\PigProjectStorage\PIG_Behavior_Project\outputs\legacy_16f_rebuild\legacy_16f_rebuild_20260718_v2\06_full_recovery\crops\dense_tracklet_0_to_12\pigs281119\000145\burst_color_5c3f273a_133\ID_2\f000000.jpg,PASS,PASS,True,True,True
source=legacy_recovered|dataset=legacy_recovered_16f|video=pigs281119%2F000153|track_id=tracklet_00004172|legacy_sequence,source=legacy_recovered|dataset=legacy_recovered_16f|video=pigs281119%2F000153|track_id=tracklet_00004172,lying,lying,lying,human_review,legacy_recovered,pigs281119/000153,pigs281119/000153,281119,604,619,validation,FOLD_3,validation,,lying,lying_enriched,reviewed_engineering_amendment_992f34c0204a85a1,ab86e2e04267cfdc8248f9bdb8774615479d67a3589f7a25844bb1a4c93a639e,557156a7eb6cceeb6a91f667f7c51dcb286e3111f35f414970fa7431acc7e63b,posture_500_a566c58d252c1642,human_review_completed,TuanHM,2026-08-07T08:01:51+07:00,,PASS,E:\PigProjectStorage\PIG_Behavior_Project\outputs\legacy_16f_rebuild\legacy_16f_rebuild_20260718_v2\06_full_recovery\crops\dense_tracklet_0_to_12\pigs281119\000153\burst_color_e5dd743d_20433\ID_2\f000604.jpg,PASS,PASS,True,True,True
source=legacy_recovered|dataset=legacy_recovered_16f|video=pigs041219%2F000194|track_id=tracklet_00001952|legacy_sequence,source=legacy_recovered|dataset=legacy_recovered_16f|video=pigs041219%2F000194|track_id=tracklet_00001952,lying,lying,lying,human_review,legacy_recovered,pigs041219/000194,pigs041219/000194,041219,0,15,train,FOLD_4,train,,lying,lying_enriched,reviewed_engineering_amendment_992f34c0204a85a1,ab86e2e04267cfdc8248f9bdb8774615479d67a3589f7a25844bb1a4c93a639e,557156a7eb6cceeb6a91f667f7c51dcb286e3111f35f414970fa7431acc7e63b,posture_500_a566c58d252c1642,human_review_completed,TuanHM,2026-08-07T08:01:52+07:00,,PASS,E:\PigProjectStorage\PIG_Behavior_Project\outputs\legacy_16f_rebuild\legacy_16f_rebuild_20260718_v2\06_full_recovery\crops\dense_tracklet_0_to_12\pigs041219\000194\burst_color_60cc2da1_300\ID_3\f000000.jpg,PASS,PASS,True,True,True
source=legacy_recovered|dataset=legacy_recovered_16f|video=pigs151119%2F000066|track_id=tracklet_00003151|legacy_sequence,source=legacy_recovered|dataset=legacy_recovered_16f|video=pigs151119%2F000066|track_id=tracklet_00003151,lying,lying,lying,human_review,legacy_recovered,pigs151119/000066,pigs151119/000066,151119,0,15,train,FOLD_4,train,,lying,lying_enriched,reviewed_engineering_amendment_992f34c0204a85a1,ab86e2e04267cfdc8248f9bdb8774615479d67a3589f7a25844bb1a4c93a639e,557156a7eb6cceeb6a91f667f7c51dcb286e3111f35f414970fa7431acc7e63b,posture_500_a566c58d252c1642,human_review_completed,TuanHM,2026-08-07T08:01:52+07:00,,PASS,E:\PigProjectStorage\PIG_Behavior_Project\outputs\legacy_16f_rebuild\legacy_16f_rebuild_20260718_v2\06_full_recovery\crops\dense_tracklet_0_to_12\pigs151119\000066\burst_color_9b87eb31_267\ID_8\f000000.jpg,PASS,PASS,True,True,True
source=cvat_tracking_xml|dataset=cvat_tracking_test%20video%20Pigs291119_000302_30fps|video=test%20video%20Pigs291119_000302_30fps|track_id=0|anchor=1428,source=cvat_tracking_xml|dataset=cvat_tracking_test%20video%20Pigs291119_000302_30fps|video=test%20video%20Pigs291119_000302_30fps|track_id=0,lying,lying,lying,human_review,cvat_tracking_xml,test video Pigs291119_000302_30fps,test video Pigs291119_000302_30fps,291119,1428,1433,train,FOLD_1,train,,lying,lying_enriched,reviewed_engineering_amendment_992f34c0204a85a1,ab86e2e04267cfdc8248f9bdb8774615479d67a3589f7a25844bb1a4c93a639e,557156a7eb6cceeb6a91f667f7c51dcb286e3111f35f414970fa7431acc7e63b,posture_500_a566c58d252c1642,human_review_completed,TuanHM,2026-08-07T08:01:56+07:00,,PASS,C:\Users\ironh\Downloads\PIG_Behavior_Project\data\videos\Pigs291119_000302_30fps.mp4,PASS,PASS,True,True,True
source=cvat_tracking_xml|dataset=cvat_tracking_Pigs291119_000231|video=Pigs291119_000231|track_id=0|anchor=462,source=cvat_tracking_xml|dataset=cvat_tracking_Pigs291119_000231|video=Pigs291119_000231|track_id=0,lying,lying,lying,human_review,cvat_tracking_xml,Pigs291119_000231,Pigs291119_000231,291119,462,467,train,FOLD_1,train,,lying,lying_enriched,reviewed_engineering_amendment_992f34c0204a85a1,ab86e2e04267cfdc8248f9bdb8774615479d67a3589f7a25844bb1a4c93a639e,557156a7eb6cceeb6a91f667f7c51dcb286e3111f35f414970fa7431acc7e63b,posture_500_a566c58d252c1642,human_review_completed,TuanHM,2026-08-07T08:01:57+07:00,,PASS,C:\Users\ironh\Downloads\PIG_Behavior_Project\data\videos\Pigs291119_000231_30fps.mp4,PASS,PASS,True,True,True
source=cvat_tracking_xml|dataset=cvat_tracking_Pigs291119_000233|video=Pigs291119_000233|track_id=0|anchor=906,source=cvat_tracking_xml|dataset=cvat_tracking_Pigs291119_000233|video=Pigs291119_000233|track_id=0,lying,lying,lying,human_review,cvat_tracking_xml,Pigs291119_000233,Pigs291119_000233,291119,906,911,train,FOLD_1,train,,lying,lying_enriched,reviewed_engineering_amendment_992f34c0204a85a1,ab86e2e04267cfdc8248f9bdb8774615479d67a3589f7a25844bb1a4c93a639e,557156a7eb6cceeb6a91f667f7c51dcb286e3111f35f414970fa7431acc7e63b,posture_500_a566c58d252c1642,human_review_completed,TuanHM,2026-08-07T08:01:58+07:00,,PASS,C:\Users\ironh\Downloads\PIG_Behavior_Project\data\videos\Pigs291119_000233_30fps.mp4,PASS,PASS,True,True,True
source=cvat_tracking_xml|dataset=cvat_tracking_Pigs291119_000226_30fps|video=Pigs291119_000226_30fps|track_id=3|anchor=708,source=cvat_tracking_xml|dataset=cvat_tracking_Pigs291119_000226_30fps|video=Pigs291119_000226_30fps|track_id=3,lying,lying,lying,human_review,cvat_tracking_xml,Pigs291119_000226_30fps,Pigs291119_000226_30fps,291119,708,713,train,FOLD_1,train,,lying,lying_enriched,reviewed_engineering_amendment_992f34c0204a85a1,ab86e2e04267cfdc8248f9bdb8774615479d67a3589f7a25844bb1a4c93a639e,557156a7eb6cceeb6a91f667f7c51dcb286e3111f35f414970fa7431acc7e63b,posture_500_a566c58d252c1642,human_review_completed,TuanHM,2026-08-07T08:02:00+07:00,,PASS,C:\Users\ironh\Downloads\PIG_Behavior_Project\data\videos\Pigs291119_000226_30fps.mp4,PASS,PASS,True,True,True
source=cvat_tracking_xml|dataset=cvat_tracking_Pigs291119_000233|video=Pigs291119_000233|track_id=0|anchor=294,source=cvat_tracking_xml|dataset=cvat_tracking_Pigs291119_000233|video=Pigs291119_000233|track_id=0,lying,lying,lying,human_review,cvat_tracking_xml,Pigs291119_000233,Pigs291119_000233,291119,294,299,train,FOLD_1,train,,lying,lying_enriched,reviewed_engineering_amendment_992f34c0204a85a1,ab86e2e04267cfdc8248f9bdb8774615479d67a3589f7a25844bb1a4c93a639e,557156a7eb6cceeb6a91f667f7c51dcb286e3111f35f414970fa7431acc7e63b,posture_500_a566c58d252c1642,human_review_completed,TuanHM,2026-08-07T08:02:02+07:00,,PASS,C:\Users\ironh\Downloads\PIG_Behavior_Project\data\videos\Pigs291119_000233_30fps.mp4,PASS,PASS,True,True,True
source=cvat_tracking_xml|dataset=cvat_tracking_test%20video%20Pigs291119_000302_30fps|video=test%20video%20Pigs291119_000302_30fps|track_id=0|anchor=1266,source=cvat_tracking_xml|dataset=cvat_tracking_test%20video%20Pigs291119_000302_30fps|video=test%20video%20Pigs291119_000302_30fps|track_id=0,lying,lying,lying,human_review,cvat_tracking_xml,test video Pigs291119_000302_30fps,test video Pigs291119_000302_30fps,291119,1266,1271,train,FOLD_1,train,,lying,lying_enriched,reviewed_engineering_amendment_992f34c0204a85a1,ab86e2e04267cfdc8248f9bdb8774615479d67a3589f7a25844bb1a4c93a639e,557156a7eb6cceeb6a91f667f7c51dcb286e3111f35f414970fa7431acc7e63b,posture_500_a566c58d252c1642,human_review_completed,TuanHM,2026-08-07T08:02:03+07:00,,PASS,C:\Users\ironh\Downloads\PIG_Behavior_Project\data\videos\Pigs291119_000302_30fps.mp4,PASS,PASS,True,True,True
source=cvat_tracking_xml|dataset=cvat_tracking_Pigs291119_000226_30fps|video=Pigs291119_000226_30fps|track_id=3|anchor=306,source=cvat_tracking_xml|dataset=cvat_tracking_Pigs291119_000226_30fps|video=Pigs291119_000226_30fps|track_id=3,lying,lying,lying,human_review,cvat_tracking_xml,Pigs291119_000226_30fps,Pigs291119_000226_30fps,291119,306,311,train,FOLD_1,train,,lying,lying_enriched,reviewed_engineering_amendment_992f34c0204a85a1,ab86e2e04267cfdc8248f9bdb8774615479d67a3589f7a25844bb1a4c93a639e,557156a7eb6cceeb6a91f667f7c51dcb286e3111f35f414970fa7431acc7e63b,posture_500_a566c58d252c1642,human_review_completed,TuanHM,2026-08-07T08:02:04+07:00,,PASS,C:\Users\ironh\Downloads\PIG_Behavior_Project\data\videos\Pigs291119_000226_30fps.mp4,PASS,PASS,True,True,True
source=cvat_tracking_xml|dataset=cvat_tracking_test%20video%20Pigs291119_000302_30fps|video=test%20video%20Pigs291119_000302_30fps|track_id=7|anchor=570,source=cvat_tracking_xml|dataset=cvat_tracking_test%20video%20Pigs291119_000302_30fps|video=test%20video%20Pigs291119_000302_30fps|track_id=7,lying,lying,lying,human_review,cvat_tracking_xml,test video Pigs291119_000302_30fps,test video Pigs291119_000302_30fps,291119,570,575,train,FOLD_1,train,,lying,lying_enriched,reviewed_engineering_amendment_992f34c0204a85a1,ab86e2e04267cfdc8248f9bdb8774615479d67a3589f7a25844bb1a4c93a639e,557156a7eb6cceeb6a91f667f7c51dcb286e3111f35f414970fa7431acc7e63b,posture_500_a566c58d252c1642,human_review_completed,TuanHM,2026-08-07T08:02:06+07:00,,PASS,C:\Users\ironh\Downloads\PIG_Behavior_Project\data\videos\Pigs291119_000302_30fps.mp4,PASS,PASS,True,True,True
source=legacy_recovered|dataset=legacy_recovered_16f|video=pigs291119%2F000214|track_id=tracklet_00001474|legacy_sequence,source=legacy_recovered|dataset=legacy_recovered_16f|video=pigs291119%2F000214|track_id=tracklet_00001474,lying,lying,lying,human_review,legacy_recovered,pigs291119/000214,pigs291119/000214,291119,0,15,train,FOLD_1,train,,lying,lying_enriched,reviewed_engineering_amendment_992f34c0204a85a1,ab86e2e04267cfdc8248f9bdb8774615479d67a3589f7a25844bb1a4c93a639e,557156a7eb6cceeb6a91f667f7c51dcb286e3111f35f414970fa7431acc7e63b,posture_500_a566c58d252c1642,human_review_completed,TuanHM,2026-08-07T08:02:07+07:00,,PASS,E:\PigProjectStorage\PIG_Behavior_Project\outputs\legacy_16f_rebuild\legacy_16f_rebuild_20260718_v2\06_full_recovery\crops\dense_tracklet_0_to_12\pigs291119\000214\burst_color_47820200_167\ID_6\f000000.jpg,PASS,PASS,True,True,True
source=cvat_tracking_xml|dataset=cvat_tracking_test%20video%20Pigs291119_000302_30fps|video=test%20video%20Pigs291119_000302_30fps|track_id=7|anchor=1044,source=cvat_tracking_xml|dataset=cvat_tracking_test%20video%20Pigs291119_000302_30fps|video=test%20video%20Pigs291119_000302_30fps|track_id=7,lying,lying,lying,human_review,cvat_tracking_xml,test video Pigs291119_000302_30fps,test video Pigs291119_000302_30fps,291119,1044,1049,train,FOLD_1,train,,lying,lying_enriched,reviewed_engineering_amendment_992f34c0204a85a1,ab86e2e04267cfdc8248f9bdb8774615479d67a3589f7a25844bb1a4c93a639e,557156a7eb6cceeb6a91f667f7c51dcb286e3111f35f414970fa7431acc7e63b,posture_500_a566c58d252c1642,human_review_completed,TuanHM,2026-08-07T08:02:08+07:00,,PASS,C:\Users\ironh\Downloads\PIG_Behavior_Project\data\videos\Pigs291119_000302_30fps.mp4,PASS,PASS,True,True,True
source=legacy_recovered|dataset=legacy_recovered_16f|video=pigs031219%2F000162|track_id=tracklet_00001330|legacy_sequence,source=legacy_recovered|dataset=legacy_recovered_16f|video=pigs031219%2F000162|track_id=tracklet_00001330,lying,lying,lying,human_review,legacy_recovered,pigs031219/000162,pigs031219/000162,031219,7,22,train,FOLD_4,train,,lying,lying_enriched,reviewed_engineering_amendment_992f34c0204a85a1,ab86e2e04267cfdc8248f9bdb8774615479d67a3589f7a25844bb1a4c93a639e,557156a7eb6cceeb6a91f667f7c51dcb286e3111f35f414970fa7431acc7e63b,posture_500_a566c58d252c1642,human_review_completed,TuanHM,2026-08-07T08:02:09+07:00,,PASS,E:\PigProjectStorage\PIG_Behavior_Project\outputs\legacy_16f_rebuild\legacy_16f_rebuild_20260718_v2\06_full_recovery\crops\dense_tracklet_0_to_12\pigs031219\000162\burst_color_418d2388_533\ID_2\f000007.jpg,PASS,PASS,True,True,True
source=legacy_recovered|dataset=legacy_recovered_16f|video=pigs031219%2F000167|track_id=tracklet_00002298|legacy_sequence,source=legacy_recovered|dataset=legacy_recovered_16f|video=pigs031219%2F000167|track_id=tracklet_00002298,lying,lying,lying,human_review,legacy_recovered,pigs031219/000167,pigs031219/000167,031219,14,29,train,FOLD_4,train,,lying,lying_enriched,reviewed_engineering_amendment_992f34c0204a85a1,ab86e2e04267cfdc8248f9bdb8774615479d67a3589f7a25844bb1a4c93a639e,557156a7eb6cceeb6a91f667f7c51dcb286e3111f35f414970fa7431acc7e63b,posture_500_a566c58d252c1642,human_review_completed,TuanHM,2026-08-07T08:02:10+07:00,,PASS,E:\PigProjectStorage\PIG_Behavior_Project\outputs\legacy_16f_rebuild\legacy_16f_rebuild_20260718_v2\06_full_recovery\crops\dense_tracklet_0_to_12\pigs031219\000167\burst_color_6d4bf9b8_767\ID_2\f000014.jpg,PASS,PASS,True,True,True
source=cvat_tracking_xml|dataset=cvat_tracking_test%20video%20Pigs291119_000302_30fps|video=test%20video%20Pigs291119_000302_30fps|track_id=0|anchor=1572,source=cvat_tracking_xml|dataset=cvat_tracking_test%20video%20Pigs291119_000302_30fps|video=test%20video%20Pigs291119_000302_30fps|track_id=0,lying,lying,lying,human_review,cvat_tracking_xml,test video Pigs291119_000302_30fps,test video Pigs291119_000302_30fps,291119,1572,1577,train,FOLD_1,train,,lying,lying_enriched,reviewed_engineering_amendment_992f34c0204a85a1,ab86e2e04267cfdc8248f9bdb8774615479d67a3589f7a25844bb1a4c93a639e,557156a7eb6cceeb6a91f667f7c51dcb286e3111f35f414970fa7431acc7e63b,posture_500_a566c58d252c1642,human_review_completed,TuanHM,2026-08-07T08:02:11+07:00,,PASS,C:\Users\ironh\Downloads\PIG_Behavior_Project\data\videos\Pigs291119_000302_30fps.mp4,PASS,PASS,True,True,True
source=cvat_tracking_xml|dataset=cvat_tracking_Pigs291119_000231|video=Pigs291119_000231|track_id=0|anchor=1602,source=cvat_tracking_xml|dataset=cvat_tracking_Pigs291119_000231|video=Pigs291119_000231|track_id=0,lying,lying,lying,human_review,cvat_tracking_xml,Pigs291119_000231,Pigs291119_000231,291119,1602,1607,train,FOLD_1,train,,lying,lying_enriched,reviewed_engineering_amendment_992f34c0204a85a1,ab86e2e04267cfdc8248f9bdb8774615479d67a3589f7a25844bb1a4c93a639e,557156a7eb6cceeb6a91f667f7c51dcb286e3111f35f414970fa7431acc7e63b,posture_500_a566c58d252c1642,human_review_completed,TuanHM,2026-08-07T08:02:13+07:00,,PASS,C:\Users\ironh\Downloads\PIG_Behavior_Project\data\videos\Pigs291119_000231_30fps.mp4,PASS,PASS,True,True,True
source=legacy_recovered|dataset=legacy_recovered_16f|video=pigs281119%2F000169|track_id=tracklet_00004015|legacy_sequence,source=legacy_recovered|dataset=legacy_recovered_16f|video=pigs281119%2F000169|track_id=tracklet_00004015,lying,lying,lying,human_review,legacy_recovered,pigs281119/000169,pigs281119/000169,281119,0,15,validation,FOLD_3,validation,,lying,lying_enriched,reviewed_engineering_amendment_992f34c0204a85a1,ab86e2e04267cfdc8248f9bdb8774615479d67a3589f7a25844bb1a4c93a639e,557156a7eb6cceeb6a91f667f7c51dcb286e3111f35f414970fa7431acc7e63b,posture_500_a566c58d252c1642,human_review_completed,TuanHM,2026-08-07T08:02:14+07:00,,PASS,E:\PigProjectStorage\PIG_Behavior_Project\outputs\legacy_16f_rebuild\legacy_16f_rebuild_20260718_v2\06_full_recovery\crops\dense_tracklet_0_to_12\pigs281119\000169\burst_color_d7345208_200\ID_3\f000000.jpg,PASS,PASS,True,True,True
source=legacy_recovered|dataset=legacy_recovered_16f|video=pigs041219%2F000272|track_id=tracklet_00000081|legacy_sequence,source=legacy_recovered|dataset=legacy_recovered_16f|video=pigs041219%2F000272|track_id=tracklet_00000081,lying,lying,lying,human_review,legacy_recovered,pigs041219/000272,pigs041219/000272,041219,3,18,train,FOLD_4,train,,lying,lying_enriched,reviewed_engineering_amendment_992f34c0204a85a1,ab86e2e04267cfdc8248f9bdb8774615479d67a3589f7a25844bb1a4c93a639e,557156a7eb6cceeb6a91f667f7c51dcb286e3111f35f414970fa7431acc7e63b,posture_500_a566c58d252c1642,human_review_completed,TuanHM,2026-08-07T08:02:14+07:00,,PASS,E:\PigProjectStorage\PIG_Behavior_Project\outputs\legacy_16f_rebuild\legacy_16f_rebuild_20260718_v2\06_full_recovery\crops\dense_tracklet_0_to_12\pigs041219\000272\burst_color_04ef443b_400\ID_4\f000003.jpg,PASS,PASS,True,True,True
source=legacy_recovered|dataset=legacy_recovered_16f|video=pigs161119%2F000076|track_id=tracklet_00002740|legacy_sequence,source=legacy_recovered|dataset=legacy_recovered_16f|video=pigs161119%2F000076|track_id=tracklet_00002740,lying,lying,lying,human_review,legacy_recovered,pigs161119/000076,pigs161119/000076,161119,0,15,train,FOLD_4,train,,lying,lying_enriched,reviewed_engineering_amendment_992f34c0204a85a1,ab86e2e04267cfdc8248f9bdb8774615479d67a3589f7a25844bb1a4c93a639e,557156a7eb6cceeb6a91f667f7c51dcb286e3111f35f414970fa7431acc7e63b,posture_500_a566c58d252c1642,human_review_completed,TuanHM,2026-08-07T08:02:16+07:00,,PASS,E:\PigProjectStorage\PIG_Behavior_Project\outputs\legacy_16f_rebuild\legacy_16f_rebuild_20260718_v2\06_full_recovery\crops\dense_tracklet_0_to_12\pigs161119\000076\burst_color_87aa0182_33\ID_5\f000000.jpg,PASS,PASS,True,True,True
source=cvat_tracking_xml|dataset=cvat_tracking_test%20video%20Pigs291119_000302_30fps|video=test%20video%20Pigs291119_000302_30fps|track_id=7|anchor=1386,source=cvat_tracking_xml|dataset=cvat_tracking_test%20video%20Pigs291119_000302_30fps|video=test%20video%20Pigs291119_000302_30fps|track_id=7,lying,lying,lying,human_review,cvat_tracking_xml,test video Pigs291119_000302_30fps,test video Pigs291119_000302_30fps,291119,1386,1391,train,FOLD_1,train,,lying,lying_enriched,reviewed_engineering_amendment_992f34c0204a85a1,ab86e2e04267cfdc8248f9bdb8774615479d67a3589f7a25844bb1a4c93a639e,557156a7eb6cceeb6a91f667f7c51dcb286e3111f35f414970fa7431acc7e63b,posture_500_a566c58d252c1642,human_review_completed,TuanHM,2026-08-07T08:02:17+07:00,,PASS,C:\Users\ironh\Downloads\PIG_Behavior_Project\data\videos\Pigs291119_000302_30fps.mp4,PASS,PASS,True,True,True
source=cvat_tracking_xml|dataset=cvat_tracking_pigs301119_000328|video=pigs301119_000328|track_id=0|anchor=1110,source=cvat_tracking_xml|dataset=cvat_tracking_pigs301119_000328|video=pigs301119_000328|track_id=0,lying,lying,lying,human_review,cvat_tracking_xml,pigs301119_000328,pigs301119_000328,301119,1110,1115,train,FOLD_2,train,,lying,lying_enriched,reviewed_engineering_amendment_992f34c0204a85a1,ab86e2e04267cfdc8248f9bdb8774615479d67a3589f7a25844bb1a4c93a639e,557156a7eb6cceeb6a91f667f7c51dcb286e3111f35f414970fa7431acc7e63b,posture_500_a566c58d252c1642,human_review_completed,TuanHM,2026-08-07T08:02:18+07:00,,PASS,C:\Users\ironh\Downloads\PIG_Behavior_Project\data\videos\Pigs301119_000328_30fps.mp4,PASS,PASS,True,True,True
source=cvat_tracking_xml|dataset=cvat_tracking_Pigs281119_000114_30fps|video=Pigs281119_000114_30fps|track_id=0|anchor=1554,source=cvat_tracking_xml|dataset=cvat_tracking_Pigs281119_000114_30fps|video=Pigs281119_000114_30fps|track_id=0,sitting,sitting,sitting,human_review,cvat_tracking_xml,Pigs281119_000114_30fps,Pigs281119_000114_30fps,281119,1554,1559,exclude|validation,FOLD_3,validation,exclude,lying,lying_enriched,reviewed_engineering_amendment_992f34c0204a85a1,ab86e2e04267cfdc8248f9bdb8774615479d67a3589f7a25844bb1a4c93a639e,557156a7eb6cceeb6a91f667f7c51dcb286e3111f35f414970fa7431acc7e63b,posture_500_a566c58d252c1642,human_review_completed,TuanHM,2026-08-07T08:02:20+07:00,,PASS,C:\Users\ironh\Downloads\PIG_Behavior_Project\data\videos\Pigs281119_000114_30fps.mp4,PASS,PASS,True,True,False
source=cvat_tracking_xml|dataset=cvat_tracking_pigs301119_000328|video=pigs301119_000328|track_id=0|anchor=1266,source=cvat_tracking_xml|dataset=cvat_tracking_pigs301119_000328|video=pigs301119_000328|track_id=0,lying,lying,lying,human_review,cvat_tracking_xml,pigs301119_000328,pigs301119_000328,301119,1266,1271,train,FOLD_2,train,,lying,lying_enriched,reviewed_engineering_amendment_992f34c0204a85a1,ab86e2e04267cfdc8248f9bdb8774615479d67a3589f7a25844bb1a4c93a639e,557156a7eb6cceeb6a91f667f7c51dcb286e3111f35f414970fa7431acc7e63b,posture_500_a566c58d252c1642,human_review_completed,TuanHM,2026-08-07T08:02:21+07:00,,PASS,C:\Users\ironh\Downloads\PIG_Behavior_Project\data\videos\Pigs301119_000328_30fps.mp4,PASS,PASS,True,True,True
source=cvat_tracking_xml|dataset=cvat_tracking_Pigs291119_000226_30fps|video=Pigs291119_000226_30fps|track_id=6|anchor=1698,source=cvat_tracking_xml|dataset=cvat_tracking_Pigs291119_000226_30fps|video=Pigs291119_000226_30fps|track_id=6,lying,lying,lying,human_review,cvat_tracking_xml,Pigs291119_000226_30fps,Pigs291119_000226_30fps,291119,1698,1703,train,FOLD_1,train,,lying,lying_enriched,reviewed_engineering_amendment_992f34c0204a85a1,ab86e2e04267cfdc8248f9bdb8774615479d67a3589f7a25844bb1a4c93a639e,557156a7eb6cceeb6a91f667f7c51dcb286e3111f35f414970fa7431acc7e63b,posture_500_a566c58d252c1642,human_review_completed,TuanHM,2026-08-07T08:02:23+07:00,,PASS,C:\Users\ironh\Downloads\PIG_Behavior_Project\data\videos\Pigs291119_000226_30fps.mp4,PASS,PASS,True,True,True
source=cvat_tracking_xml|dataset=cvat_tracking_Pigs291119_000233|video=Pigs291119_000233|track_id=0|anchor=6,source=cvat_tracking_xml|dataset=cvat_tracking_Pigs291119_000233|video=Pigs291119_000233|track_id=0,lying,lying,lying,human_review,cvat_tracking_xml,Pigs291119_000233,Pigs291119_000233,291119,6,11,train,FOLD_1,train,,lying,lying_enriched,reviewed_engineering_amendment_992f34c0204a85a1,ab86e2e04267cfdc8248f9bdb8774615479d67a3589f7a25844bb1a4c93a639e,557156a7eb6cceeb6a91f667f7c51dcb286e3111f35f414970fa7431acc7e63b,posture_500_a566c58d252c1642,human_review_completed,TuanHM,2026-08-07T08:02:24+07:00,,PASS,C:\Users\ironh\Downloads\PIG_Behavior_Project\data\videos\Pigs291119_000233_30fps.mp4,PASS,PASS,True,True,True
source=legacy_recovered|dataset=legacy_recovered_16f|video=pigs041219%2F000218|track_id=tracklet_00000134|legacy_sequence,source=legacy_recovered|dataset=legacy_recovered_16f|video=pigs041219%2F000218|track_id=tracklet_00000134,lying,lying,lying,human_review,legacy_recovered,pigs041219/000218,pigs041219/000218,041219,0,15,train,FOLD_4,train,,lying,lying_enriched,reviewed_engineering_amendment_992f34c0204a85a1,ab86e2e04267cfdc8248f9bdb8774615479d67a3589f7a25844bb1a4c93a639e,557156a7eb6cceeb6a91f667f7c51dcb286e3111f35f414970fa7431acc7e63b,posture_500_a566c58d252c1642,human_review_completed,TuanHM,2026-08-07T08:02:25+07:00,,PASS,E:\PigProjectStorage\PIG_Behavior_Project\outputs\legacy_16f_rebuild\legacy_16f_rebuild_20260718_v2\06_full_recovery\crops\dense_tracklet_0_to_12\pigs041219\000218\burst_color_0935ef83_33\ID_1\f000000.jpg,PASS,PASS,True,True,True
source=cvat_tracking_xml|dataset=cvat_tracking_Pigs291119_000233|video=Pigs291119_000233|track_id=3|anchor=1770,source=cvat_tracking_xml|dataset=cvat_tracking_Pigs291119_000233|video=Pigs291119_000233|track_id=3,lying,lying,lying,human_review,cvat_tracking_xml,Pigs291119_000233,Pigs291119_000233,291119,1770,1775,train,FOLD_1,train,,lying,lying_enriched,reviewed_engineering_amendment_992f34c0204a85a1,ab86e2e04267cfdc8248f9bdb8774615479d67a3589f7a25844bb1a4c93a639e,557156a7eb6cceeb6a91f667f7c51dcb286e3111f35f414970fa7431acc7e63b,posture_500_a566c58d252c1642,human_review_completed,TuanHM,2026-08-07T08:02:26+07:00,,PASS,C:\Users\ironh\Downloads\PIG_Behavior_Project\data\videos\Pigs291119_000233_30fps.mp4,PASS,PASS,True,True,True
source=cvat_tracking_xml|dataset=cvat_tracking_Pigs291119_000233|video=Pigs291119_000233|track_id=0|anchor=612,source=cvat_tracking_xml|dataset=cvat_tracking_Pigs291119_000233|video=Pigs291119_000233|track_id=0,lying,lying,lying,human_review,cvat_tracking_xml,Pigs291119_000233,Pigs291119_000233,291119,612,617,train,FOLD_1,train,,lying,lying_enriched,reviewed_engineering_amendment_992f34c0204a85a1,ab86e2e04267cfdc8248f9bdb8774615479d67a3589f7a25844bb1a4c93a639e,557156a7eb6cceeb6a91f667f7c51dcb286e3111f35f414970fa7431acc7e63b,posture_500_a566c58d252c1642,human_review_completed,TuanHM,2026-08-07T08:02:27+07:00,,PASS,C:\Users\ironh\Downloads\PIG_Behavior_Project\data\videos\Pigs291119_000233_30fps.mp4,PASS,PASS,True,True,True
source=cvat_tracking_xml|dataset=cvat_tracking_Pigs291119_000226_30fps|video=Pigs291119_000226_30fps|track_id=7|anchor=1014,source=cvat_tracking_xml|dataset=cvat_tracking_Pigs291119_000226_30fps|video=Pigs291119_000226_30fps|track_id=7,upright,upright,upright,human_review,cvat_tracking_xml,Pigs291119_000226_30fps,Pigs291119_000226_30fps,291119,1014,1019,exclude|train,FOLD_1,train,exclude,lying,lying_enriched,reviewed_engineering_amendment_992f34c0204a85a1,ab86e2e04267cfdc8248f9bdb8774615479d67a3589f7a25844bb1a4c93a639e,557156a7eb6cceeb6a91f667f7c51dcb286e3111f35f414970fa7431acc7e63b,posture_500_a566c58d252c1642,human_review_completed,TuanHM,2026-08-07T08:02:34+07:00,,PASS,C:\Users\ironh\Downloads\PIG_Behavior_Project\data\videos\Pigs291119_000226_30fps.mp4,PASS,PASS,True,True,False
source=legacy_recovered|dataset=legacy_recovered_16f|video=pigs151119%2F000016|track_id=tracklet_00000746|legacy_sequence,source=legacy_recovered|dataset=legacy_recovered_16f|video=pigs151119%2F000016|track_id=tracklet_00000746,lying,lying,lying,human_review,legacy_recovered,pigs151119/000016,pigs151119/000016,151119,0,15,train,FOLD_4,train,,lying,lying_enriched,reviewed_engineering_amendment_992f34c0204a85a1,ab86e2e04267cfdc8248f9bdb8774615479d67a3589f7a25844bb1a4c93a639e,557156a7eb6cceeb6a91f667f7c51dcb286e3111f35f414970fa7431acc7e63b,posture_500_a566c58d252c1642,human_review_completed,TuanHM,2026-08-07T08:02:36+07:00,,PASS,E:\PigProjectStorage\PIG_Behavior_Project\outputs\legacy_16f_rebuild\legacy_16f_rebuild_20260718_v2\06_full_recovery\crops\dense_tracklet_0_to_12\pigs151119\000016\burst_color_287b844b_33\ID_6\f000000.jpg,PASS,PASS,True,True,True
source=cvat_tracking_xml|dataset=cvat_tracking_test%20video%20Pigs291119_000302_30fps|video=test%20video%20Pigs291119_000302_30fps|track_id=0|anchor=1470,source=cvat_tracking_xml|dataset=cvat_tracking_test%20video%20Pigs291119_000302_30fps|video=test%20video%20Pigs291119_000302_30fps|track_id=0,lying,lying,lying,human_review,cvat_tracking_xml,test video Pigs291119_000302_30fps,test video Pigs291119_000302_30fps,291119,1470,1475,train,FOLD_1,train,,lying,lying_enriched,reviewed_engineering_amendment_992f34c0204a85a1,ab86e2e04267cfdc8248f9bdb8774615479d67a3589f7a25844bb1a4c93a639e,557156a7eb6cceeb6a91f667f7c51dcb286e3111f35f414970fa7431acc7e63b,posture_500_a566c58d252c1642,human_review_completed,TuanHM,2026-08-07T08:02:37+07:00,,PASS,C:\Users\ironh\Downloads\PIG_Behavior_Project\data\videos\Pigs291119_000302_30fps.mp4,PASS,PASS,True,True,True
source=legacy_recovered|dataset=legacy_recovered_16f|video=pigs281119%2F000199|track_id=tracklet_00003829|legacy_sequence,source=legacy_recovered|dataset=legacy_recovered_16f|video=pigs281119%2F000199|track_id=tracklet_00003829,lying,lying,lying,human_review,legacy_recovered,pigs281119/000199,pigs281119/000199,281119,0,15,validation,FOLD_3,validation,,lying,lying_enriched,reviewed_engineering_amendment_992f34c0204a85a1,ab86e2e04267cfdc8248f9bdb8774615479d67a3589f7a25844bb1a4c93a639e,557156a7eb6cceeb6a91f667f7c51dcb286e3111f35f414970fa7431acc7e63b,posture_500_a566c58d252c1642,human_review_completed,TuanHM,2026-08-07T08:02:39+07:00,,PASS,E:\PigProjectStorage\PIG_Behavior_Project\outputs\legacy_16f_rebuild\legacy_16f_rebuild_20260718_v2\06_full_recovery\crops\dense_tracklet_0_to_12\pigs281119\000199\burst_color_cbf05d83_267\ID_8\f000000.jpg,PASS,PASS,True,True,True
source=cvat_tracking_xml|dataset=cvat_tracking_Pigs291119_000233|video=Pigs291119_000233|track_id=3|anchor=1200,source=cvat_tracking_xml|dataset=cvat_tracking_Pigs291119_000233|video=Pigs291119_000233|track_id=3,sitting,sitting,sitting,human_review,cvat_tracking_xml,Pigs291119_000233,Pigs291119_000233,291119,1200,1205,train,FOLD_1,train,,lying,lying_enriched,reviewed_engineering_amendment_992f34c0204a85a1,ab86e2e04267cfdc8248f9bdb8774615479d67a3589f7a25844bb1a4c93a639e,557156a7eb6cceeb6a91f667f7c51dcb286e3111f35f414970fa7431acc7e63b,posture_500_a566c58d252c1642,human_review_completed,TuanHM,2026-08-07T08:02:41+07:00,,PASS,C:\Users\ironh\Downloads\PIG_Behavior_Project\data\videos\Pigs291119_000233_30fps.mp4,PASS,PASS,True,True,True
source=legacy_recovered|dataset=legacy_recovered_16f|video=pigs151119%2F000054|track_id=tracklet_00001791|legacy_sequence,source=legacy_recovered|dataset=legacy_recovered_16f|video=pigs151119%2F000054|track_id=tracklet_00001791,sitting,sitting,sitting,human_review,legacy_recovered,pigs151119/000054,pigs151119/000054,151119,3,18,train,FOLD_4,train,,lying,lying_enriched,reviewed_engineering_amendment_992f34c0204a85a1,ab86e2e04267cfdc8248f9bdb8774615479d67a3589f7a25844bb1a4c93a639e,557156a7eb6cceeb6a91f667f7c51dcb286e3111f35f414970fa7431acc7e63b,posture_500_a566c58d252c1642,human_review_completed,TuanHM,2026-08-07T08:02:42+07:00,,PASS,E:\PigProjectStorage\PIG_Behavior_Project\outputs\legacy_16f_rebuild\legacy_16f_rebuild_20260718_v2\06_full_recovery\crops\dense_tracklet_0_to_12\pigs151119\000054\burst_color_57866b8f_400\ID_4\f000003.jpg,PASS,PASS,True,True,True
source=legacy_recovered|dataset=legacy_recovered_16f|video=pigs281119%2F000197|track_id=tracklet_00002728|legacy_sequence,source=legacy_recovered|dataset=legacy_recovered_16f|video=pigs281119%2F000197|track_id=tracklet_00002728,lying,lying,lying,human_review,legacy_recovered,pigs281119/000197,pigs281119/000197,281119,0,15,validation,FOLD_3,validation,,lying,lying_enriched,reviewed_engineering_amendment_992f34c0204a85a1,ab86e2e04267cfdc8248f9bdb8774615479d67a3589f7a25844bb1a4c93a639e,557156a7eb6cceeb6a91f667f7c51dcb286e3111f35f414970fa7431acc7e63b,posture_500_a566c58d252c1642,human_review_completed,TuanHM,2026-08-07T08:02:46+07:00,,PASS,E:\PigProjectStorage\PIG_Behavior_Project\outputs\legacy_16f_rebuild\legacy_16f_rebuild_20260718_v2\06_full_recovery\crops\dense_tracklet_0_to_12\pigs281119\000197\burst_color_877bd7df_233\ID_1\f000000.jpg,PASS,PASS,True,True,True
source=cvat_tracking_xml|dataset=cvat_tracking_test%20video%20Pigs291119_000302_30fps|video=test%20video%20Pigs291119_000302_30fps|track_id=7|anchor=222,source=cvat_tracking_xml|dataset=cvat_tracking_test%20video%20Pigs291119_000302_30fps|video=test%20video%20Pigs291119_000302_30fps|track_id=7,lying,lying,lying,human_review,cvat_tracking_xml,test video Pigs291119_000302_30fps,test video Pigs291119_000302_30fps,291119,222,227,train,FOLD_1,train,,lying,lying_enriched,reviewed_engineering_amendment_992f34c0204a85a1,ab86e2e04267cfdc8248f9bdb8774615479d67a3589f7a25844bb1a4c93a639e,557156a7eb6cceeb6a91f667f7c51dcb286e3111f35f414970fa7431acc7e63b,posture_500_a566c58d252c1642,human_review_completed,TuanHM,2026-08-07T08:02:48+07:00,,PASS,C:\Users\ironh\Downloads\PIG_Behavior_Project\data\videos\Pigs291119_000302_30fps.mp4,PASS,PASS,True,True,True
source=legacy_recovered|dataset=legacy_recovered_16f|video=pigs041219%2F000271|track_id=tracklet_00003934|legacy_sequence,source=legacy_recovered|dataset=legacy_recovered_16f|video=pigs041219%2F000271|track_id=tracklet_00003934,lying,lying,lying,human_review,legacy_recovered,pigs041219/000271,pigs041219/000271,041219,8,23,train,FOLD_4,train,,lying,lying_enriched,reviewed_engineering_amendment_992f34c0204a85a1,ab86e2e04267cfdc8248f9bdb8774615479d67a3589f7a25844bb1a4c93a639e,557156a7eb6cceeb6a91f667f7c51dcb286e3111f35f414970fa7431acc7e63b,posture_500_a566c58d252c1642,human_review_completed,TuanHM,2026-08-07T08:02:48+07:00,,PASS,E:\PigProjectStorage\PIG_Behavior_Project\outputs\legacy_16f_rebuild\legacy_16f_rebuild_20260718_v2\06_full_recovery\crops\dense_tracklet_0_to_12\pigs041219\000271\burst_color_d206683f_567\ID_2\f000008.jpg,PASS,PASS,True,True,True
source=cvat_tracking_xml|dataset=cvat_tracking_test%20video%20Pigs291119_000302_30fps|video=test%20video%20Pigs291119_000302_30fps|track_id=0|anchor=1602,source=cvat_tracking_xml|dataset=cvat_tracking_test%20video%20Pigs291119_000302_30fps|video=test%20video%20Pigs291119_000302_30fps|track_id=0,lying,lying,lying,human_review,cvat_tracking_xml,test video Pigs291119_000302_30fps,test video Pigs291119_000302_30fps,291119,1602,1607,train,FOLD_1,train,,lying,lying_enriched,reviewed_engineering_amendment_992f34c0204a85a1,ab86e2e04267cfdc8248f9bdb8774615479d67a3589f7a25844bb1a4c93a639e,557156a7eb6cceeb6a91f667f7c51dcb286e3111f35f414970fa7431acc7e63b,posture_500_a566c58d252c1642,human_review_completed,TuanHM,2026-08-07T08:02:50+07:00,,PASS,C:\Users\ironh\Downloads\PIG_Behavior_Project\data\videos\Pigs291119_000302_30fps.mp4,PASS,PASS,True,True,True
source=legacy_recovered|dataset=legacy_recovered_16f|video=pigs031219%2F000123|track_id=tracklet_00001421|legacy_sequence,source=legacy_recovered|dataset=legacy_recovered_16f|video=pigs031219%2F000123|track_id=tracklet_00001421,lying,lying,lying,human_review,legacy_recovered,pigs031219/000123,pigs031219/000123,031219,0,15,train,FOLD_4,train,,lying,lying_enriched,reviewed_engineering_amendment_992f34c0204a85a1,ab86e2e04267cfdc8248f9bdb8774615479d67a3589f7a25844bb1a4c93a639e,557156a7eb6cceeb6a91f667f7c51dcb286e3111f35f414970fa7431acc7e63b,posture_500_a566c58d252c1642,human_review_completed,TuanHM,2026-08-07T08:02:51+07:00,,PASS,E:\PigProjectStorage\PIG_Behavior_Project\outputs\legacy_16f_rebuild\legacy_16f_rebuild_20260718_v2\06_full_recovery\crops\dense_tracklet_0_to_12\pigs031219\000123\burst_color_44a8210a_167\ID_6\f000000.jpg,PASS,PASS,True,True,True
source=cvat_tracking_xml|dataset=cvat_tracking_test%20video%20Pigs291119_000302_30fps|video=test%20video%20Pigs291119_000302_30fps|track_id=7|anchor=1080,source=cvat_tracking_xml|dataset=cvat_tracking_test%20video%20Pigs291119_000302_30fps|video=test%20video%20Pigs291119_000302_30fps|track_id=7,lying,lying,lying,human_review,cvat_tracking_xml,test video Pigs291119_000302_30fps,test video Pigs291119_000302_30fps,291119,1080,1085,train,FOLD_1,train,,lying,lying_enriched,reviewed_engineering_amendment_992f34c0204a85a1,ab86e2e04267cfdc8248f9bdb8774615479d67a3589f7a25844bb1a4c93a639e,557156a7eb6cceeb6a91f667f7c51dcb286e3111f35f414970fa7431acc7e63b,posture_500_a566c58d252c1642,human_review_completed,TuanHM,2026-08-07T08:02:53+07:00,,PASS,C:\Users\ironh\Downloads\PIG_Behavior_Project\data\videos\Pigs291119_000302_30fps.mp4,PASS,PASS,True,True,True
source=cvat_tracking_xml|dataset=cvat_tracking_test%20video%20Pigs291119_000302_30fps|video=test%20video%20Pigs291119_000302_30fps|track_id=7|anchor=264,source=cvat_tracking_xml|dataset=cvat_tracking_test%20video%20Pigs291119_000302_30fps|video=test%20video%20Pigs291119_000302_30fps|track_id=7,lying,lying,lying,human_review,cvat_tracking_xml,test video Pigs291119_000302_30fps,test video Pigs291119_000302_30fps,291119,264,269,train,FOLD_1,train,,lying,lying_enriched,reviewed_engineering_amendment_992f34c0204a85a1,ab86e2e04267cfdc8248f9bdb8774615479d67a3589f7a25844bb1a4c93a639e,557156a7eb6cceeb6a91f667f7c51dcb286e3111f35f414970fa7431acc7e63b,posture_500_a566c58d252c1642,human_review_completed,TuanHM,2026-08-07T08:02:54+07:00,,PASS,C:\Users\ironh\Downloads\PIG_Behavior_Project\data\videos\Pigs291119_000302_30fps.mp4,PASS,PASS,True,True,True
source=cvat_tracking_xml|dataset=cvat_tracking_test%20video%20Pigs291119_000302_30fps|video=test%20video%20Pigs291119_000302_30fps|track_id=0|anchor=1128,source=cvat_tracking_xml|dataset=cvat_tracking_test%20video%20Pigs291119_000302_30fps|video=test%20video%20Pigs291119_000302_30fps|track_id=0,lying,lying,lying,human_review,cvat_tracking_xml,test video Pigs291119_000302_30fps,test video Pigs291119_000302_30fps,291119,1128,1133,train,FOLD_1,train,,lying,lying_enriched,reviewed_engineering_amendment_992f34c0204a85a1,ab86e2e04267cfdc8248f9bdb8774615479d67a3589f7a25844bb1a4c93a639e,557156a7eb6cceeb6a91f667f7c51dcb286e3111f35f414970fa7431acc7e63b,posture_500_a566c58d252c1642,human_review_completed,TuanHM,2026-08-07T08:02:59+07:00,,PASS,C:\Users\ironh\Downloads\PIG_Behavior_Project\data\videos\Pigs291119_000302_30fps.mp4,PASS,PASS,True,True,True
source=legacy_recovered|dataset=legacy_recovered_16f|video=pigs091119%2F000450|track_id=tracklet_00000800|legacy_sequence,source=legacy_recovered|dataset=legacy_recovered_16f|video=pigs091119%2F000450|track_id=tracklet_00000800,lying,lying,lying,human_review,legacy_recovered,pigs091119/000450,pigs091119/000450,091119,0,15,train,FOLD_4,train,,lying,lying_enriched,reviewed_engineering_amendment_992f34c0204a85a1,ab86e2e04267cfdc8248f9bdb8774615479d67a3589f7a25844bb1a4c93a639e,557156a7eb6cceeb6a91f667f7c51dcb286e3111f35f414970fa7431acc7e63b,posture_500_a566c58d252c1642,human_review_completed,TuanHM,2026-08-07T08:03:06+07:00,,PASS,E:\PigProjectStorage\PIG_Behavior_Project\outputs\legacy_16f_rebuild\legacy_16f_rebuild_20260718_v2\06_full_recovery\crops\dense_tracklet_0_to_12\pigs091119\000450\burst_color_2c0f8dc2_100\ID_1\f000000.jpg,PASS,PASS,True,True,True
source=legacy_recovered|dataset=legacy_recovered_16f|video=pigs271119%2F000022|track_id=tracklet_00000817|legacy_sequence,source=legacy_recovered|dataset=legacy_recovered_16f|video=pigs271119%2F000022|track_id=tracklet_00000817,sitting,sitting,sitting,human_review,legacy_recovered,pigs271119/000022,pigs271119/000022,271119,601,616,train,FOLD_4,train,,lying,lying_enriched,reviewed_engineering_amendment_992f34c0204a85a1,ab86e2e04267cfdc8248f9bdb8774615479d67a3589f7a25844bb1a4c93a639e,557156a7eb6cceeb6a91f667f7c51dcb286e3111f35f414970fa7431acc7e63b,posture_500_a566c58d252c1642,human_review_completed,TuanHM,2026-08-07T08:03:07+07:00,,PASS,E:\PigProjectStorage\PIG_Behavior_Project\outputs\legacy_16f_rebuild\legacy_16f_rebuild_20260718_v2\06_full_recovery\crops\dense_tracklet_0_to_12\pigs271119\000022\burst_color_2c6fe449_20333\ID_2\f000601.jpg,PASS,PASS,True,True,True
source=legacy_recovered|dataset=legacy_recovered_16f|video=pigs081119%2F000353|track_id=tracklet_00000389|legacy_sequence,source=legacy_recovered|dataset=legacy_recovered_16f|video=pigs081119%2F000353|track_id=tracklet_00000389,lying,lying,lying,human_review,legacy_recovered,pigs081119/000353,pigs081119/000353,081119,0,15,train,FOLD_4,train,,lying,lying_enriched,reviewed_engineering_amendment_992f34c0204a85a1,ab86e2e04267cfdc8248f9bdb8774615479d67a3589f7a25844bb1a4c93a639e,557156a7eb6cceeb6a91f667f7c51dcb286e3111f35f414970fa7431acc7e63b,posture_500_a566c58d252c1642,human_review_completed,TuanHM,2026-08-07T08:03:08+07:00,,PASS,E:\PigProjectStorage\PIG_Behavior_Project\outputs\legacy_16f_rebuild\legacy_16f_rebuild_20260718_v2\06_full_recovery\crops\dense_tracklet_0_to_12\pigs081119\000353\burst_color_178a92df_233\ID_7\f000000.jpg,PASS,PASS,True,True,True
source=legacy_recovered|dataset=legacy_recovered_16f|video=pigs291119%2F000234|track_id=tracklet_00003785|legacy_sequence,source=legacy_recovered|dataset=legacy_recovered_16f|video=pigs291119%2F000234|track_id=tracklet_00003785,lying,lying,lying,human_review,legacy_recovered,pigs291119/000234,pigs291119/000234,291119,0,15,train,FOLD_1,train,,lying,lying_enriched,reviewed_engineering_amendment_992f34c0204a85a1,ab86e2e04267cfdc8248f9bdb8774615479d67a3589f7a25844bb1a4c93a639e,557156a7eb6cceeb6a91f667f7c51dcb286e3111f35f414970fa7431acc7e63b,posture_500_a566c58d252c1642,human_review_completed,TuanHM,2026-08-07T08:03:11+07:00,,PASS,E:\PigProjectStorage\PIG_Behavior_Project\outputs\legacy_16f_rebuild\legacy_16f_rebuild_20260718_v2\06_full_recovery\crops\dense_tracklet_0_to_12\pigs291119\000234\burst_color_c8a9716f_33\ID_6\f000000.jpg,PASS,PASS,True,True,True
source=cvat_tracking_xml|dataset=cvat_tracking_Pigs301119_000330|video=Pigs301119_000330|track_id=0|anchor=1536,source=cvat_tracking_xml|dataset=cvat_tracking_Pigs301119_000330|video=Pigs301119_000330|track_id=0,lying,lying,lying,human_review,cvat_tracking_xml,Pigs301119_000330,Pigs301119_000330,301119,1536,1541,train,FOLD_2,train,,lying,lying_enriched,reviewed_engineering_amendment_992f34c0204a85a1,ab86e2e04267cfdc8248f9bdb8774615479d67a3589f7a25844bb1a4c93a639e,557156a7eb6cceeb6a91f667f7c51dcb286e3111f35f414970fa7431acc7e63b,posture_500_a566c58d252c1642,human_review_completed,TuanHM,2026-08-07T08:03:12+07:00,,PASS,C:\Users\ironh\Downloads\PIG_Behavior_Project\data\videos\Pigs301119_000330_30fps.mp4,PASS,PASS,True,True,True
source=legacy_recovered|dataset=legacy_recovered_16f|video=pigs091119%2F000442|track_id=tracklet_00000196|legacy_sequence,source=legacy_recovered|dataset=legacy_recovered_16f|video=pigs091119%2F000442|track_id=tracklet_00000196,lying,lying,lying,human_review,legacy_recovered,pigs091119/000442,pigs091119/000442,091119,0,15,train,FOLD_4,train,,lying,lying_enriched,reviewed_engineering_amendment_992f34c0204a85a1,ab86e2e04267cfdc8248f9bdb8774615479d67a3589f7a25844bb1a4c93a639e,557156a7eb6cceeb6a91f667f7c51dcb286e3111f35f414970fa7431acc7e63b,posture_500_a566c58d252c1642,human_review_completed,TuanHM,2026-08-07T08:03:13+07:00,,PASS,E:\PigProjectStorage\PIG_Behavior_Project\outputs\legacy_16f_rebuild\legacy_16f_rebuild_20260718_v2\06_full_recovery\crops\dense_tracklet_0_to_12\pigs091119\000442\burst_color_0dc313ac_167\ID_4\f000000.jpg,PASS,PASS,True,True,True
source=legacy_recovered|dataset=legacy_recovered_16f|video=pigs041219%2F000283|track_id=tracklet_00000396|legacy_sequence,source=legacy_recovered|dataset=legacy_recovered_16f|video=pigs041219%2F000283|track_id=tracklet_00000396,lying,lying,lying,human_review,legacy_recovered,pigs041219/000283,pigs041219/000283,041219,0,15,train,FOLD_4,train,,lying,lying_enriched,reviewed_engineering_amendment_992f34c0204a85a1,ab86e2e04267cfdc8248f9bdb8774615479d67a3589f7a25844bb1a4c93a639e,557156a7eb6cceeb6a91f667f7c51dcb286e3111f35f414970fa7431acc7e63b,posture_500_a566c58d252c1642,human_review_completed,TuanHM,2026-08-07T08:03:15+07:00,,PASS,E:\PigProjectStorage\PIG_Behavior_Project\outputs\legacy_16f_rebuild\legacy_16f_rebuild_20260718_v2\06_full_recovery\crops\dense_tracklet_0_to_12\pigs041219\000283\burst_color_17e5910c_167\ID_6\f000000.jpg,PASS,PASS,True,True,True
source=cvat_tracking_xml|dataset=cvat_tracking_Pigs291119_000231|video=Pigs291119_000231|track_id=0|anchor=294,source=cvat_tracking_xml|dataset=cvat_tracking_Pigs291119_000231|video=Pigs291119_000231|track_id=0,sitting,sitting,sitting,human_review,cvat_tracking_xml,Pigs291119_000231,Pigs291119_000231,291119,294,299,train,FOLD_1,train,,lying,lying_enriched,reviewed_engineering_amendment_992f34c0204a85a1,ab86e2e04267cfdc8248f9bdb8774615479d67a3589f7a25844bb1a4c93a639e,557156a7eb6cceeb6a91f667f7c51dcb286e3111f35f414970fa7431acc7e63b,posture_500_a566c58d252c1642,human_review_completed,TuanHM,2026-08-07T08:03:16+07:00,,PASS,C:\Users\ironh\Downloads\PIG_Behavior_Project\data\videos\Pigs291119_000231_30fps.mp4,PASS,PASS,True,True,True
source=legacy_recovered|dataset=legacy_recovered_16f|video=pigs041219%2F000194|track_id=tracklet_00001953|legacy_sequence,source=legacy_recovered|dataset=legacy_recovered_16f|video=pigs041219%2F000194|track_id=tracklet_00001953,lying,lying,lying,human_review,legacy_recovered,pigs041219/000194,pigs041219/000194,041219,0,15,train,FOLD_4,train,,lying,lying_enriched,reviewed_engineering_amendment_992f34c0204a85a1,ab86e2e04267cfdc8248f9bdb8774615479d67a3589f7a25844bb1a4c93a639e,557156a7eb6cceeb6a91f667f7c51dcb286e3111f35f414970fa7431acc7e63b,posture_500_a566c58d252c1642,human_review_completed,TuanHM,2026-08-07T08:03:17+07:00,,PASS,E:\PigProjectStorage\PIG_Behavior_Project\outputs\legacy_16f_rebuild\legacy_16f_rebuild_20260718_v2\06_full_recovery\crops\dense_tracklet_0_to_12\pigs041219\000194\burst_color_60cc2da1_300\ID_4\f000000.jpg,PASS,PASS,True,True,True
source=cvat_tracking_xml|dataset=cvat_tracking_Pigs291119_000226_30fps|video=Pigs291119_000226_30fps|track_id=3|anchor=558,source=cvat_tracking_xml|dataset=cvat_tracking_Pigs291119_000226_30fps|video=Pigs291119_000226_30fps|track_id=3,lying,lying,lying,human_review,cvat_tracking_xml,Pigs291119_000226_30fps,Pigs291119_000226_30fps,291119,558,563,train,FOLD_1,train,,lying,lying_enriched,reviewed_engineering_amendment_992f34c0204a85a1,ab86e2e04267cfdc8248f9bdb8774615479d67a3589f7a25844bb1a4c93a639e,557156a7eb6cceeb6a91f667f7c51dcb286e3111f35f414970fa7431acc7e63b,posture_500_a566c58d252c1642,human_review_completed,TuanHM,2026-08-07T08:03:18+07:00,,PASS,C:\Users\ironh\Downloads\PIG_Behavior_Project\data\videos\Pigs291119_000226_30fps.mp4,PASS,PASS,True,True,True
source=cvat_tracking_xml|dataset=cvat_tracking_Pigs291119_000233|video=Pigs291119_000233|track_id=3|anchor=1530,source=cvat_tracking_xml|dataset=cvat_tracking_Pigs291119_000233|video=Pigs291119_000233|track_id=3,lying,lying,lying,human_review,cvat_tracking_xml,Pigs291119_000233,Pigs291119_000233,291119,1530,1535,train,FOLD_1,train,,lying,lying_enriched,reviewed_engineering_amendment_992f34c0204a85a1,ab86e2e04267cfdc8248f9bdb8774615479d67a3589f7a25844bb1a4c93a639e,557156a7eb6cceeb6a91f667f7c51dcb286e3111f35f414970fa7431acc7e63b,posture_500_a566c58d252c1642,human_review_completed,TuanHM,2026-08-07T08:03:23+07:00,,PASS,C:\Users\ironh\Downloads\PIG_Behavior_Project\data\videos\Pigs291119_000233_30fps.mp4,PASS,PASS,True,True,True
source=legacy_recovered|dataset=legacy_recovered_16f|video=pigs041219%2F000228|track_id=tracklet_00003329|legacy_sequence,source=legacy_recovered|dataset=legacy_recovered_16f|video=pigs041219%2F000228|track_id=tracklet_00003329,lying,lying,lying,human_review,legacy_recovered,pigs041219/000228,pigs041219/000228,041219,0,15,exclude|train,FOLD_4,train,exclude,lying,lying_enriched,reviewed_engineering_amendment_992f34c0204a85a1,ab86e2e04267cfdc8248f9bdb8774615479d67a3589f7a25844bb1a4c93a639e,557156a7eb6cceeb6a91f667f7c51dcb286e3111f35f414970fa7431acc7e63b,posture_500_a566c58d252c1642,human_review_completed,TuanHM,2026-08-07T08:03:27+07:00,,PASS,E:\PigProjectStorage\PIG_Behavior_Project\outputs\legacy_16f_rebuild\legacy_16f_rebuild_20260718_v2\06_full_recovery\crops\dense_tracklet_0_to_12\pigs041219\000228\burst_color_aa79af80_133\ID_8\f000000.jpg,PASS,PASS,True,True,False
source=legacy_recovered|dataset=legacy_recovered_16f|video=pigs031219%2F000149|track_id=tracklet_00001880|legacy_sequence,source=legacy_recovered|dataset=legacy_recovered_16f|video=pigs031219%2F000149|track_id=tracklet_00001880,lying,lying,lying,human_review,legacy_recovered,pigs031219/000149,pigs031219/000149,031219,0,15,train,FOLD_4,train,,lying,lying_enriched,reviewed_engineering_amendment_992f34c0204a85a1,ab86e2e04267cfdc8248f9bdb8774615479d67a3589f7a25844bb1a4c93a639e,557156a7eb6cceeb6a91f667f7c51dcb286e3111f35f414970fa7431acc7e63b,posture_500_a566c58d252c1642,human_review_completed,TuanHM,2026-08-07T08:03:28+07:00,,PASS,E:\PigProjectStorage\PIG_Behavior_Project\outputs\legacy_16f_rebuild\legacy_16f_rebuild_20260718_v2\06_full_recovery\crops\dense_tracklet_0_to_12\pigs031219\000149\burst_color_5e39e2c4_300\ID_2\f000000.jpg,PASS,PASS,True,True,True
source=legacy_recovered|dataset=legacy_recovered_16f|video=pigs271119%2F000043|track_id=tracklet_00003504|legacy_sequence,source=legacy_recovered|dataset=legacy_recovered_16f|video=pigs271119%2F000043|track_id=tracklet_00003504,lying,lying,lying,human_review,legacy_recovered,pigs271119/000043,pigs271119/000043,271119,0,15,train,FOLD_4,train,,lying,lying_enriched,reviewed_engineering_amendment_992f34c0204a85a1,ab86e2e04267cfdc8248f9bdb8774615479d67a3589f7a25844bb1a4c93a639e,557156a7eb6cceeb6a91f667f7c51dcb286e3111f35f414970fa7431acc7e63b,posture_500_a566c58d252c1642,human_review_completed,TuanHM,2026-08-07T08:03:29+07:00,,PASS,E:\PigProjectStorage\PIG_Behavior_Project\outputs\legacy_16f_rebuild\legacy_16f_rebuild_20260718_v2\06_full_recovery\crops\dense_tracklet_0_to_12\pigs271119\000043\burst_color_b598ac56_67\ID_7\f000000.jpg,PASS,PASS,True,True,True
source=cvat_tracking_xml|dataset=cvat_tracking_pigs301119_000328|video=pigs301119_000328|track_id=1|anchor=120,source=cvat_tracking_xml|dataset=cvat_tracking_pigs301119_000328|video=pigs301119_000328|track_id=1,lying,lying,lying,human_review,cvat_tracking_xml,pigs301119_000328,pigs301119_000328,301119,120,125,train,FOLD_2,train,,lying,lying_enriched,reviewed_engineering_amendment_992f34c0204a85a1,ab86e2e04267cfdc8248f9bdb8774615479d67a3589f7a25844bb1a4c93a639e,557156a7eb6cceeb6a91f667f7c51dcb286e3111f35f414970fa7431acc7e63b,posture_500_a566c58d252c1642,human_review_completed,TuanHM,2026-08-07T08:03:30+07:00,,PASS,C:\Users\ironh\Downloads\PIG_Behavior_Project\data\videos\Pigs301119_000328_30fps.mp4,PASS,PASS,True,True,True
source=cvat_tracking_xml|dataset=cvat_tracking_Pigs291119_000231|video=Pigs291119_000231|track_id=0|anchor=1314,source=cvat_tracking_xml|dataset=cvat_tracking_Pigs291119_000231|video=Pigs291119_000231|track_id=0,lying,lying,lying,human_review,cvat_tracking_xml,Pigs291119_000231,Pigs291119_000231,291119,1314,1319,train,FOLD_1,train,,lying,lying_enriched,reviewed_engineering_amendment_992f34c0204a85a1,ab86e2e04267cfdc8248f9bdb8774615479d67a3589f7a25844bb1a4c93a639e,557156a7eb6cceeb6a91f667f7c51dcb286e3111f35f414970fa7431acc7e63b,posture_500_a566c58d252c1642,human_review_completed,TuanHM,2026-08-07T08:03:39+07:00,,PASS,C:\Users\ironh\Downloads\PIG_Behavior_Project\data\videos\Pigs291119_000231_30fps.mp4,PASS,PASS,True,True,True
source=cvat_tracking_xml|dataset=cvat_tracking_Pigs291119_000233|video=Pigs291119_000233|track_id=0|anchor=114,source=cvat_tracking_xml|dataset=cvat_tracking_Pigs291119_000233|video=Pigs291119_000233|track_id=0,lying,lying,lying,human_review,cvat_tracking_xml,Pigs291119_000233,Pigs291119_000233,291119,114,119,train,FOLD_1,train,,lying,lying_enriched,reviewed_engineering_amendment_992f34c0204a85a1,ab86e2e04267cfdc8248f9bdb8774615479d67a3589f7a25844bb1a4c93a639e,557156a7eb6cceeb6a91f667f7c51dcb286e3111f35f414970fa7431acc7e63b,posture_500_a566c58d252c1642,human_review_completed,TuanHM,2026-08-07T08:03:40+07:00,,PASS,C:\Users\ironh\Downloads\PIG_Behavior_Project\data\videos\Pigs291119_000233_30fps.mp4,PASS,PASS,True,True,True
source=legacy_recovered|dataset=legacy_recovered_16f|video=pigs271119%2F000051|track_id=tracklet_00003487|legacy_sequence,source=legacy_recovered|dataset=legacy_recovered_16f|video=pigs271119%2F000051|track_id=tracklet_00003487,lying,lying,lying,human_review,legacy_recovered,pigs271119/000051,pigs271119/000051,271119,606,621,train,FOLD_4,train,,lying,lying_enriched,reviewed_engineering_amendment_992f34c0204a85a1,ab86e2e04267cfdc8248f9bdb8774615479d67a3589f7a25844bb1a4c93a639e,557156a7eb6cceeb6a91f667f7c51dcb286e3111f35f414970fa7431acc7e63b,posture_500_a566c58d252c1642,human_review_completed,TuanHM,2026-08-07T08:03:41+07:00,,PASS,E:\PigProjectStorage\PIG_Behavior_Project\outputs\legacy_16f_rebuild\legacy_16f_rebuild_20260718_v2\06_full_recovery\crops\dense_tracklet_0_to_12\pigs271119\000051\burst_color_b51cba34_20500\ID_6\f000606.jpg,PASS,PASS,True,True,True
source=legacy_recovered|dataset=legacy_recovered_16f|video=pigs281119%2F000177|track_id=tracklet_00004420|legacy_sequence,source=legacy_recovered|dataset=legacy_recovered_16f|video=pigs281119%2F000177|track_id=tracklet_00004420,lying,lying,lying,human_review,legacy_recovered,pigs281119/000177,pigs281119/000177,281119,0,15,validation,FOLD_3,validation,,lying,lying_enriched,reviewed_engineering_amendment_992f34c0204a85a1,ab86e2e04267cfdc8248f9bdb8774615479d67a3589f7a25844bb1a4c93a639e,557156a7eb6cceeb6a91f667f7c51dcb286e3111f35f414970fa7431acc7e63b,posture_500_a566c58d252c1642,human_review_completed,TuanHM,2026-08-07T08:03:41+07:00,,PASS,E:\PigProjectStorage\PIG_Behavior_Project\outputs\legacy_16f_rebuild\legacy_16f_rebuild_20260718_v2\06_full_recovery\crops\dense_tracklet_0_to_12\pigs281119\000177\burst_color_f6f024d1_200\ID_8\f000000.jpg,PASS,PASS,True,True,True
source=legacy_recovered|dataset=legacy_recovered_16f|video=pigs031219%2F000161|track_id=tracklet_00001031|legacy_sequence,source=legacy_recovered|dataset=legacy_recovered_16f|video=pigs031219%2F000161|track_id=tracklet_00001031,lying,lying,lying,human_review,legacy_recovered,pigs031219/000161,pigs031219/000161,031219,0,15,train,FOLD_4,train,,lying,lying_enriched,reviewed_engineering_amendment_992f34c0204a85a1,ab86e2e04267cfdc8248f9bdb8774615479d67a3589f7a25844bb1a4c93a639e,557156a7eb6cceeb6a91f667f7c51dcb286e3111f35f414970fa7431acc7e63b,posture_500_a566c58d252c1642,human_review_completed,TuanHM,2026-08-07T08:03:42+07:00,,PASS,E:\PigProjectStorage\PIG_Behavior_Project\outputs\legacy_16f_rebuild\legacy_16f_rebuild_20260718_v2\06_full_recovery\crops\dense_tracklet_0_to_12\pigs031219\000161\burst_color_35958bc3_33\ID_8\f000000.jpg,PASS,PASS,True,True,True
source=legacy_recovered|dataset=legacy_recovered_16f|video=pigs041219%2F000262|track_id=tracklet_00003433|legacy_sequence,source=legacy_recovered|dataset=legacy_recovered_16f|video=pigs041219%2F000262|track_id=tracklet_00003433,lying,lying,lying,human_review,legacy_recovered,pigs041219/000262,pigs041219/000262,041219,0,15,train,FOLD_4,train,,lying,lying_enriched,reviewed_engineering_amendment_992f34c0204a85a1,ab86e2e04267cfdc8248f9bdb8774615479d67a3589f7a25844bb1a4c93a639e,557156a7eb6cceeb6a91f667f7c51dcb286e3111f35f414970fa7431acc7e63b,posture_500_a566c58d252c1642,human_review_completed,TuanHM,2026-08-07T08:03:43+07:00,,PASS,E:\PigProjectStorage\PIG_Behavior_Project\outputs\legacy_16f_rebuild\legacy_16f_rebuild_20260718_v2\06_full_recovery\crops\dense_tracklet_0_to_12\pigs041219\000262\burst_color_b01942d2_300\ID_1\f000000.jpg,PASS,PASS,True,True,True
source=cvat_tracking_xml|dataset=cvat_tracking_Pigs301119_000330|video=Pigs301119_000330|track_id=0|anchor=1560,source=cvat_tracking_xml|dataset=cvat_tracking_Pigs301119_000330|video=Pigs301119_000330|track_id=0,lying,lying,lying,human_review,cvat_tracking_xml,Pigs301119_000330,Pigs301119_000330,301119,1560,1565,train,FOLD_2,train,,lying,lying_enriched,reviewed_engineering_amendment_992f34c0204a85a1,ab86e2e04267cfdc8248f9bdb8774615479d67a3589f7a25844bb1a4c93a639e,557156a7eb6cceeb6a91f667f7c51dcb286e3111f35f414970fa7431acc7e63b,posture_500_a566c58d252c1642,human_review_completed,TuanHM,2026-08-07T08:03:44+07:00,,PASS,C:\Users\ironh\Downloads\PIG_Behavior_Project\data\videos\Pigs301119_000330_30fps.mp4,PASS,PASS,True,True,True
source=cvat_tracking_xml|dataset=cvat_tracking_Pigs291119_000233|video=Pigs291119_000233|track_id=0|anchor=216,source=cvat_tracking_xml|dataset=cvat_tracking_Pigs291119_000233|video=Pigs291119_000233|track_id=0,lying,lying,lying,human_review,cvat_tracking_xml,Pigs291119_000233,Pigs291119_000233,291119,216,221,train,FOLD_1,train,,lying,lying_enriched,reviewed_engineering_amendment_992f34c0204a85a1,ab86e2e04267cfdc8248f9bdb8774615479d67a3589f7a25844bb1a4c93a639e,557156a7eb6cceeb6a91f667f7c51dcb286e3111f35f414970fa7431acc7e63b,posture_500_a566c58d252c1642,human_review_completed,TuanHM,2026-08-07T08:03:46+07:00,,PASS,C:\Users\ironh\Downloads\PIG_Behavior_Project\data\videos\Pigs291119_000233_30fps.mp4,PASS,PASS,True,True,True
source=cvat_tracking_xml|dataset=cvat_tracking_Pigs281119_000085_30fps|video=Pigs281119_000085_30fps|track_id=5|anchor=168,source=cvat_tracking_xml|dataset=cvat_tracking_Pigs281119_000085_30fps|video=Pigs281119_000085_30fps|track_id=5,lying,lying,lying,human_review,cvat_tracking_xml,Pigs281119_000085_30fps,Pigs281119_000085_30fps,281119,168,173,validation,FOLD_3,validation,,lying,lying_enriched,reviewed_engineering_amendment_992f34c0204a85a1,ab86e2e04267cfdc8248f9bdb8774615479d67a3589f7a25844bb1a4c93a639e,557156a7eb6cceeb6a91f667f7c51dcb286e3111f35f414970fa7431acc7e63b,posture_500_a566c58d252c1642,human_review_completed,TuanHM,2026-08-07T08:03:47+07:00,,PASS,C:\Users\ironh\Downloads\PIG_Behavior_Project\data\videos\Pigs281119_000085_30fps.mp4,PASS,PASS,True,True,True
source=legacy_recovered|dataset=legacy_recovered_16f|video=pigs271119%2F000066|track_id=tracklet_00001054|legacy_sequence,source=legacy_recovered|dataset=legacy_recovered_16f|video=pigs271119%2F000066|track_id=tracklet_00001054,lying,lying,lying,human_review,legacy_recovered,pigs271119/000066,pigs271119/000066,271119,0,15,train,FOLD_4,train,,lying,lying_enriched,reviewed_engineering_amendment_992f34c0204a85a1,ab86e2e04267cfdc8248f9bdb8774615479d67a3589f7a25844bb1a4c93a639e,557156a7eb6cceeb6a91f667f7c51dcb286e3111f35f414970fa7431acc7e63b,posture_500_a566c58d252c1642,human_review_completed,TuanHM,2026-08-07T08:03:48+07:00,,PASS,E:\PigProjectStorage\PIG_Behavior_Project\outputs\legacy_16f_rebuild\legacy_16f_rebuild_20260718_v2\06_full_recovery\crops\dense_tracklet_0_to_12\pigs271119\000066\burst_color_35f9a6b0_167\ID_7\f000000.jpg,PASS,PASS,True,True,True
source=cvat_tracking_xml|dataset=cvat_tracking_Pigs291119_000231|video=Pigs291119_000231|track_id=0|anchor=1110,source=cvat_tracking_xml|dataset=cvat_tracking_Pigs291119_000231|video=Pigs291119_000231|track_id=0,lying,lying,lying,human_review,cvat_tracking_xml,Pigs291119_000231,Pigs291119_000231,291119,1110,1115,train,FOLD_1,train,,lying,lying_enriched,reviewed_engineering_amendment_992f34c0204a85a1,ab86e2e04267cfdc8248f9bdb8774615479d67a3589f7a25844bb1a4c93a639e,557156a7eb6cceeb6a91f667f7c51dcb286e3111f35f414970fa7431acc7e63b,posture_500_a566c58d252c1642,human_review_completed,TuanHM,2026-08-07T08:03:49+07:00,,PASS,C:\Users\ironh\Downloads\PIG_Behavior_Project\data\videos\Pigs291119_000231_30fps.mp4,PASS,PASS,True,True,True
source=legacy_recovered|dataset=legacy_recovered_16f|video=pigs041219%2F000260|track_id=tracklet_00001829|legacy_sequence,source=legacy_recovered|dataset=legacy_recovered_16f|video=pigs041219%2F000260|track_id=tracklet_00001829,lying,lying,lying,human_review,legacy_recovered,pigs041219/000260,pigs041219/000260,041219,0,15,train,FOLD_4,train,,lying,lying_enriched,reviewed_engineering_amendment_992f34c0204a85a1,ab86e2e04267cfdc8248f9bdb8774615479d67a3589f7a25844bb1a4c93a639e,557156a7eb6cceeb6a91f667f7c51dcb286e3111f35f414970fa7431acc7e63b,posture_500_a566c58d252c1642,human_review_completed,TuanHM,2026-08-07T08:03:50+07:00,,PASS,E:\PigProjectStorage\PIG_Behavior_Project\outputs\legacy_16f_rebuild\legacy_16f_rebuild_20260718_v2\06_full_recovery\crops\dense_tracklet_0_to_12\pigs041219\000260\burst_color_58edfd81_233\ID_7\f000000.jpg,PASS,PASS,True,True,True
source=legacy_recovered|dataset=legacy_recovered_16f|video=pigs281119%2F000181|track_id=tracklet_00004131|legacy_sequence,source=legacy_recovered|dataset=legacy_recovered_16f|video=pigs281119%2F000181|track_id=tracklet_00004131,lying,lying,lying,human_review,legacy_recovered,pigs281119/000181,pigs281119/000181,281119,0,15,validation,FOLD_3,validation,,lying,lying_enriched,reviewed_engineering_amendment_992f34c0204a85a1,ab86e2e04267cfdc8248f9bdb8774615479d67a3589f7a25844bb1a4c93a639e,557156a7eb6cceeb6a91f667f7c51dcb286e3111f35f414970fa7431acc7e63b,posture_500_a566c58d252c1642,human_review_completed,TuanHM,2026-08-07T08:03:51+07:00,,PASS,E:\PigProjectStorage\PIG_Behavior_Project\outputs\legacy_16f_rebuild\legacy_16f_rebuild_20260718_v2\06_full_recovery\crops\dense_tracklet_0_to_12\pigs281119\000181\burst_color_e3018b1f_200\ID_5\f000000.jpg,PASS,PASS,True,True,True
source=legacy_recovered|dataset=legacy_recovered_16f|video=pigs031219%2F000146|track_id=tracklet_00001075|legacy_sequence,source=legacy_recovered|dataset=legacy_recovered_16f|video=pigs031219%2F000146|track_id=tracklet_00001075,lying,lying,lying,human_review,legacy_recovered,pigs031219/000146,pigs031219/000146,031219,16,31,train,FOLD_4,train,,lying,lying_enriched,reviewed_engineering_amendment_992f34c0204a85a1,ab86e2e04267cfdc8248f9bdb8774615479d67a3589f7a25844bb1a4c93a639e,557156a7eb6cceeb6a91f667f7c51dcb286e3111f35f414970fa7431acc7e63b,posture_500_a566c58d252c1642,human_review_completed,TuanHM,2026-08-07T08:03:52+07:00,,PASS,E:\PigProjectStorage\PIG_Behavior_Project\outputs\legacy_16f_rebuild\legacy_16f_rebuild_20260718_v2\06_full_recovery\crops\dense_tracklet_0_to_12\pigs031219\000146\burst_color_36f179f3_833\ID_3\f000016.jpg,PASS,PASS,True,True,True
source=cvat_tracking_xml|dataset=cvat_tracking_Pigs281119_000085_30fps|video=Pigs281119_000085_30fps|track_id=7|anchor=360,source=cvat_tracking_xml|dataset=cvat_tracking_Pigs281119_000085_30fps|video=Pigs281119_000085_30fps|track_id=7,lying,lying,lying,human_review,cvat_tracking_xml,Pigs281119_000085_30fps,Pigs281119_000085_30fps,281119,360,365,validation,FOLD_3,validation,,lying,lying_enriched,reviewed_engineering_amendment_992f34c0204a85a1,ab86e2e04267cfdc8248f9bdb8774615479d67a3589f7a25844bb1a4c93a639e,557156a7eb6cceeb6a91f667f7c51dcb286e3111f35f414970fa7431acc7e63b,posture_500_a566c58d252c1642,human_review_completed,TuanHM,2026-08-07T08:03:53+07:00,,PASS,C:\Users\ironh\Downloads\PIG_Behavior_Project\data\videos\Pigs281119_000085_30fps.mp4,PASS,PASS,True,True,True
source=legacy_recovered|dataset=legacy_recovered_16f|video=pigs281119%2F000111|track_id=tracklet_00001715|legacy_sequence,source=legacy_recovered|dataset=legacy_recovered_16f|video=pigs281119%2F000111|track_id=tracklet_00001715,lying,lying,lying,human_review,legacy_recovered,pigs281119/000111,pigs281119/000111,281119,246,261,validation,FOLD_3,validation,,lying,lying_enriched,reviewed_engineering_amendment_992f34c0204a85a1,ab86e2e04267cfdc8248f9bdb8774615479d67a3589f7a25844bb1a4c93a639e,557156a7eb6cceeb6a91f667f7c51dcb286e3111f35f414970fa7431acc7e63b,posture_500_a566c58d252c1642,human_review_completed,TuanHM,2026-08-07T08:03:55+07:00,,PASS,E:\PigProjectStorage\PIG_Behavior_Project\outputs\legacy_16f_rebuild\legacy_16f_rebuild_20260718_v2\06_full_recovery\crops\dense_tracklet_0_to_12\pigs281119\000111\burst_color_52bae70d_8500\ID_6\f000246.jpg,PASS,PASS,True,True,True
source=legacy_recovered|dataset=legacy_recovered_16f|video=pigs031219%2F000125|track_id=tracklet_00001673|legacy_sequence,source=legacy_recovered|dataset=legacy_recovered_16f|video=pigs031219%2F000125|track_id=tracklet_00001673,lying,lying,lying,human_review,legacy_recovered,pigs031219/000125,pigs031219/000125,031219,0,15,train,FOLD_4,train,,lying,lying_enriched,reviewed_engineering_amendment_992f34c0204a85a1,ab86e2e04267cfdc8248f9bdb8774615479d67a3589f7a25844bb1a4c93a639e,557156a7eb6cceeb6a91f667f7c51dcb286e3111f35f414970fa7431acc7e63b,posture_500_a566c58d252c1642,human_review_completed,TuanHM,2026-08-07T08:03:56+07:00,,PASS,E:\PigProjectStorage\PIG_Behavior_Project\outputs\legacy_16f_rebuild\legacy_16f_rebuild_20260718_v2\06_full_recovery\crops\dense_tracklet_0_to_12\pigs031219\000125\burst_color_4ff89bce_300\ID_5\f000000.jpg,PASS,PASS,True,True,True
source=cvat_tracking_xml|dataset=cvat_tracking_Pigs291119_000231|video=Pigs291119_000231|track_id=0|anchor=1170,source=cvat_tracking_xml|dataset=cvat_tracking_Pigs291119_000231|video=Pigs291119_000231|track_id=0,lying,lying,lying,human_review,cvat_tracking_xml,Pigs291119_000231,Pigs291119_000231,291119,1170,1175,train,FOLD_1,train,,lying,lying_enriched,reviewed_engineering_amendment_992f34c0204a85a1,ab86e2e04267cfdc8248f9bdb8774615479d67a3589f7a25844bb1a4c93a639e,557156a7eb6cceeb6a91f667f7c51dcb286e3111f35f414970fa7431acc7e63b,posture_500_a566c58d252c1642,human_review_completed,TuanHM,2026-08-07T08:03:57+07:00,,PASS,C:\Users\ironh\Downloads\PIG_Behavior_Project\data\videos\Pigs291119_000231_30fps.mp4,PASS,PASS,True,True,True
source=legacy_recovered|dataset=legacy_recovered_16f|video=pigs151119%2F000039|track_id=tracklet_00002568|legacy_sequence,source=legacy_recovered|dataset=legacy_recovered_16f|video=pigs151119%2F000039|track_id=tracklet_00002568,lying,lying,lying,human_review,legacy_recovered,pigs151119/000039,pigs151119/000039,151119,5,20,train,FOLD_4,train,,lying,lying_enriched,reviewed_engineering_amendment_992f34c0204a85a1,ab86e2e04267cfdc8248f9bdb8774615479d67a3589f7a25844bb1a4c93a639e,557156a7eb6cceeb6a91f667f7c51dcb286e3111f35f414970fa7431acc7e63b,posture_500_a566c58d252c1642,human_review_completed,TuanHM,2026-08-07T08:03:58+07:00,,PASS,E:\PigProjectStorage\PIG_Behavior_Project\outputs\legacy_16f_rebuild\legacy_16f_rebuild_20260718_v2\06_full_recovery\crops\dense_tracklet_0_to_12\pigs151119\000039\burst_color_7cefcc37_467\ID_5\f000005.jpg,PASS,PASS,True,True,True
source=cvat_tracking_xml|dataset=cvat_tracking_Pigs291119_000233|video=Pigs291119_000233|track_id=0|anchor=390,source=cvat_tracking_xml|dataset=cvat_tracking_Pigs291119_000233|video=Pigs291119_000233|track_id=0,lying,lying,lying,human_review,cvat_tracking_xml,Pigs291119_000233,Pigs291119_000233,291119,390,395,train,FOLD_1,train,,lying,lying_enriched,reviewed_engineering_amendment_992f34c0204a85a1,ab86e2e04267cfdc8248f9bdb8774615479d67a3589f7a25844bb1a4c93a639e,557156a7eb6cceeb6a91f667f7c51dcb286e3111f35f414970fa7431acc7e63b,posture_500_a566c58d252c1642,human_review_completed,TuanHM,2026-08-07T08:03:59+07:00,,PASS,C:\Users\ironh\Downloads\PIG_Behavior_Project\data\videos\Pigs291119_000233_30fps.mp4,PASS,PASS,True,True,True
source=cvat_tracking_xml|dataset=cvat_tracking_Pigs291119_000231|video=Pigs291119_000231|track_id=0|anchor=1122,source=cvat_tracking_xml|dataset=cvat_tracking_Pigs291119_000231|video=Pigs291119_000231|track_id=0,lying,lying,lying,human_review,cvat_tracking_xml,Pigs291119_000231,Pigs291119_000231,291119,1122,1127,train,FOLD_1,train,,lying,lying_enriched,reviewed_engineering_amendment_992f34c0204a85a1,ab86e2e04267cfdc8248f9bdb8774615479d67a3589f7a25844bb1a4c93a639e,557156a7eb6cceeb6a91f667f7c51dcb286e3111f35f414970fa7431acc7e63b,posture_500_a566c58d252c1642,human_review_completed,TuanHM,2026-08-07T08:04:00+07:00,,PASS,C:\Users\ironh\Downloads\PIG_Behavior_Project\data\videos\Pigs291119_000231_30fps.mp4,PASS,PASS,True,True,True
source=cvat_tracking_xml|dataset=cvat_tracking_Pigs291119_000231|video=Pigs291119_000231|track_id=0|anchor=474,source=cvat_tracking_xml|dataset=cvat_tracking_Pigs291119_000231|video=Pigs291119_000231|track_id=0,lying,lying,lying,human_review,cvat_tracking_xml,Pigs291119_000231,Pigs291119_000231,291119,474,479,train,FOLD_1,train,,lying,lying_enriched,reviewed_engineering_amendment_992f34c0204a85a1,ab86e2e04267cfdc8248f9bdb8774615479d67a3589f7a25844bb1a4c93a639e,557156a7eb6cceeb6a91f667f7c51dcb286e3111f35f414970fa7431acc7e63b,posture_500_a566c58d252c1642,human_review_completed,TuanHM,2026-08-07T08:08:30+07:00,,PASS,C:\Users\ironh\Downloads\PIG_Behavior_Project\data\videos\Pigs291119_000231_30fps.mp4,PASS,PASS,True,True,True
source=legacy_recovered|dataset=legacy_recovered_16f|video=pigs281119%2F000146|track_id=tracklet_00001019|legacy_sequence,source=legacy_recovered|dataset=legacy_recovered_16f|video=pigs281119%2F000146|track_id=tracklet_00001019,lying,lying,lying,human_review,legacy_recovered,pigs281119/000146,pigs281119/000146,281119,0,15,validation,FOLD_3,validation,,lying,lying_enriched,reviewed_engineering_amendment_992f34c0204a85a1,ab86e2e04267cfdc8248f9bdb8774615479d67a3589f7a25844bb1a4c93a639e,557156a7eb6cceeb6a91f667f7c51dcb286e3111f35f414970fa7431acc7e63b,posture_500_a566c58d252c1642,human_review_completed,TuanHM,2026-08-07T08:08:31+07:00,,PASS,E:\PigProjectStorage\PIG_Behavior_Project\outputs\legacy_16f_rebuild\legacy_16f_rebuild_20260718_v2\06_full_recovery\crops\dense_tracklet_0_to_12\pigs281119\000146\burst_color_34db6716_33\ID_4\f000000.jpg,PASS,PASS,True,True,True
source=legacy_recovered|dataset=legacy_recovered_16f|video=pigs041219%2F000231|track_id=tracklet_00001361|legacy_sequence,source=legacy_recovered|dataset=legacy_recovered_16f|video=pigs041219%2F000231|track_id=tracklet_00001361,lying,lying,lying,human_review,legacy_recovered,pigs041219/000231,pigs041219/000231,041219,2,17,train,FOLD_4,train,,lying,lying_enriched,reviewed_engineering_amendment_992f34c0204a85a1,ab86e2e04267cfdc8248f9bdb8774615479d67a3589f7a25844bb1a4c93a639e,557156a7eb6cceeb6a91f667f7c51dcb286e3111f35f414970fa7431acc7e63b,posture_500_a566c58d252c1642,human_review_completed,TuanHM,2026-08-07T08:08:32+07:00,,PASS,E:\PigProjectStorage\PIG_Behavior_Project\outputs\legacy_16f_rebuild\legacy_16f_rebuild_20260718_v2\06_full_recovery\crops\dense_tracklet_0_to_12\pigs041219\000231\burst_color_42b57533_367\ID_2\f000002.jpg,PASS,PASS,True,True,True
source=legacy_recovered|dataset=legacy_recovered_16f|video=pigs151119%2F000027|track_id=tracklet_00000554|legacy_sequence,source=legacy_recovered|dataset=legacy_recovered_16f|video=pigs151119%2F000027|track_id=tracklet_00000554,lying,lying,lying,human_review,legacy_recovered,pigs151119/000027,pigs151119/000027,151119,4,19,train,FOLD_4,train,,lying,lying_enriched,reviewed_engineering_amendment_992f34c0204a85a1,ab86e2e04267cfdc8248f9bdb8774615479d67a3589f7a25844bb1a4c93a639e,557156a7eb6cceeb6a91f667f7c51dcb286e3111f35f414970fa7431acc7e63b,posture_500_a566c58d252c1642,human_review_completed,TuanHM,2026-08-07T08:08:33+07:00,,PASS,E:\PigProjectStorage\PIG_Behavior_Project\outputs\legacy_16f_rebuild\legacy_16f_rebuild_20260718_v2\06_full_recovery\crops\dense_tracklet_0_to_12\pigs151119\000027\burst_color_215a1a4f_433\ID_6\f000004.jpg,PASS,PASS,True,True,True
source=cvat_tracking_xml|dataset=cvat_tracking_Pigs281119_000085_30fps|video=Pigs281119_000085_30fps|track_id=5|anchor=84,source=cvat_tracking_xml|dataset=cvat_tracking_Pigs281119_000085_30fps|video=Pigs281119_000085_30fps|track_id=5,sitting,sitting,sitting,human_review,cvat_tracking_xml,Pigs281119_000085_30fps,Pigs281119_000085_30fps,281119,84,89,validation,FOLD_3,validation,,lying,lying_enriched,reviewed_engineering_amendment_992f34c0204a85a1,ab86e2e04267cfdc8248f9bdb8774615479d67a3589f7a25844bb1a4c93a639e,557156a7eb6cceeb6a91f667f7c51dcb286e3111f35f414970fa7431acc7e63b,posture_500_a566c58d252c1642,human_review_completed,TuanHM,2026-08-07T08:08:35+07:00,,PASS,C:\Users\ironh\Downloads\PIG_Behavior_Project\data\videos\Pigs281119_000085_30fps.mp4,PASS,PASS,True,True,True
source=cvat_tracking_xml|dataset=cvat_tracking_Pigs291119_000233|video=Pigs291119_000233|track_id=0|anchor=564,source=cvat_tracking_xml|dataset=cvat_tracking_Pigs291119_000233|video=Pigs291119_000233|track_id=0,lying,lying,lying,human_review,cvat_tracking_xml,Pigs291119_000233,Pigs291119_000233,291119,564,569,train,FOLD_1,train,,lying,lying_enriched,reviewed_engineering_amendment_992f34c0204a85a1,ab86e2e04267cfdc8248f9bdb8774615479d67a3589f7a25844bb1a4c93a639e,557156a7eb6cceeb6a91f667f7c51dcb286e3111f35f414970fa7431acc7e63b,posture_500_a566c58d252c1642,human_review_completed,TuanHM,2026-08-07T08:08:37+07:00,,PASS,C:\Users\ironh\Downloads\PIG_Behavior_Project\data\videos\Pigs291119_000233_30fps.mp4,PASS,PASS,True,True,True
source=legacy_recovered|dataset=legacy_recovered_16f|video=pigs271119%2F000037|track_id=tracklet_00003897|legacy_sequence,source=legacy_recovered|dataset=legacy_recovered_16f|video=pigs271119%2F000037|track_id=tracklet_00003897,lying,lying,lying,human_review,legacy_recovered,pigs271119/000037,pigs271119/000037,271119,598,613,train,FOLD_4,train,,lying,lying_enriched,reviewed_engineering_amendment_992f34c0204a85a1,ab86e2e04267cfdc8248f9bdb8774615479d67a3589f7a25844bb1a4c93a639e,557156a7eb6cceeb6a91f667f7c51dcb286e3111f35f414970fa7431acc7e63b,posture_500_a566c58d252c1642,human_review_completed,TuanHM,2026-08-07T08:08:38+07:00,,PASS,E:\PigProjectStorage\PIG_Behavior_Project\outputs\legacy_16f_rebuild\legacy_16f_rebuild_20260718_v2\06_full_recovery\crops\dense_tracklet_0_to_12\pigs271119\000037\burst_color_cfe9b0cd_20233\ID_3\f000598.jpg,PASS,PASS,True,True,True
source=legacy_recovered|dataset=legacy_recovered_16f|video=pigs031219%2F000174|track_id=tracklet_00004210|legacy_sequence,source=legacy_recovered|dataset=legacy_recovered_16f|video=pigs031219%2F000174|track_id=tracklet_00004210,lying,lying,lying,human_review,legacy_recovered,pigs031219/000174,pigs031219/000174,031219,0,15,train,FOLD_4,train,,lying,lying_enriched,reviewed_engineering_amendment_992f34c0204a85a1,ab86e2e04267cfdc8248f9bdb8774615479d67a3589f7a25844bb1a4c93a639e,557156a7eb6cceeb6a91f667f7c51dcb286e3111f35f414970fa7431acc7e63b,posture_500_a566c58d252c1642,human_review_completed,TuanHM,2026-08-07T08:08:39+07:00,,PASS,E:\PigProjectStorage\PIG_Behavior_Project\outputs\legacy_16f_rebuild\legacy_16f_rebuild_20260718_v2\06_full_recovery\crops\dense_tracklet_0_to_12\pigs031219\000174\burst_color_e6e5ed96_200\ID_1\f000000.jpg,PASS,PASS,True,True,True
source=cvat_tracking_xml|dataset=cvat_tracking_Pigs291119_000226_30fps|video=Pigs291119_000226_30fps|track_id=3|anchor=360,source=cvat_tracking_xml|dataset=cvat_tracking_Pigs291119_000226_30fps|video=Pigs291119_000226_30fps|track_id=3,lying,lying,lying,human_review,cvat_tracking_xml,Pigs291119_000226_30fps,Pigs291119_000226_30fps,291119,360,365,train,FOLD_1,train,,lying,lying_enriched,reviewed_engineering_amendment_992f34c0204a85a1,ab86e2e04267cfdc8248f9bdb8774615479d67a3589f7a25844bb1a4c93a639e,557156a7eb6cceeb6a91f667f7c51dcb286e3111f35f414970fa7431acc7e63b,posture_500_a566c58d252c1642,human_review_completed,TuanHM,2026-08-07T08:08:40+07:00,,PASS,C:\Users\ironh\Downloads\PIG_Behavior_Project\data\videos\Pigs291119_000226_30fps.mp4,PASS,PASS,True,True,True
source=legacy_recovered|dataset=legacy_recovered_16f|video=pigs041219%2F000193|track_id=tracklet_00003399|legacy_sequence,source=legacy_recovered|dataset=legacy_recovered_16f|video=pigs041219%2F000193|track_id=tracklet_00003399,lying,lying,lying,human_review,legacy_recovered,pigs041219/000193,pigs041219/000193,041219,0,15,train,FOLD_4,train,,lying,lying_enriched,reviewed_engineering_amendment_992f34c0204a85a1,ab86e2e04267cfdc8248f9bdb8774615479d67a3589f7a25844bb1a4c93a639e,557156a7eb6cceeb6a91f667f7c51dcb286e3111f35f414970fa7431acc7e63b,posture_500_a566c58d252c1642,human_review_completed,TuanHM,2026-08-07T08:08:40+07:00,,PASS,E:\PigProjectStorage\PIG_Behavior_Project\outputs\legacy_16f_rebuild\legacy_16f_rebuild_20260718_v2\06_full_recovery\crops\dense_tracklet_0_to_12\pigs041219\000193\burst_color_ad597fe6_167\ID_7\f000000.jpg,PASS,PASS,True,True,True
source=cvat_tracking_xml|dataset=cvat_tracking_Pigs291119_000233|video=Pigs291119_000233|track_id=0|anchor=912,source=cvat_tracking_xml|dataset=cvat_tracking_Pigs291119_000233|video=Pigs291119_000233|track_id=0,lying,lying,lying,human_review,cvat_tracking_xml,Pigs291119_000233,Pigs291119_000233,291119,912,917,exclude|train,FOLD_1,train,exclude,lying,lying_enriched,reviewed_engineering_amendment_992f34c0204a85a1,ab86e2e04267cfdc8248f9bdb8774615479d67a3589f7a25844bb1a4c93a639e,557156a7eb6cceeb6a91f667f7c51dcb286e3111f35f414970fa7431acc7e63b,posture_500_a566c58d252c1642,human_review_completed,TuanHM,2026-08-07T08:08:42+07:00,,PASS,C:\Users\ironh\Downloads\PIG_Behavior_Project\data\videos\Pigs291119_000233_30fps.mp4,PASS,PASS,True,True,False
source=cvat_tracking_xml|dataset=cvat_tracking_Pigs291119_000226_30fps|video=Pigs291119_000226_30fps|track_id=6|anchor=1548,source=cvat_tracking_xml|dataset=cvat_tracking_Pigs291119_000226_30fps|video=Pigs291119_000226_30fps|track_id=6,lying,lying,lying,human_review,cvat_tracking_xml,Pigs291119_000226_30fps,Pigs291119_000226_30fps,291119,1548,1553,train,FOLD_1,train,,lying,lying_enriched,reviewed_engineering_amendment_992f34c0204a85a1,ab86e2e04267cfdc8248f9bdb8774615479d67a3589f7a25844bb1a4c93a639e,557156a7eb6cceeb6a91f667f7c51dcb286e3111f35f414970fa7431acc7e63b,posture_500_a566c58d252c1642,human_review_completed,TuanHM,2026-08-07T08:08:44+07:00,,PASS,C:\Users\ironh\Downloads\PIG_Behavior_Project\data\videos\Pigs291119_000226_30fps.mp4,PASS,PASS,True,True,True
source=legacy_recovered|dataset=legacy_recovered_16f|video=pigs041219%2F000293|track_id=tracklet_00001761|legacy_sequence,source=legacy_recovered|dataset=legacy_recovered_16f|video=pigs041219%2F000293|track_id=tracklet_00001761,lying,lying,lying,human_review,legacy_recovered,pigs041219/000293,pigs041219/000293,041219,7,22,train,FOLD_4,train,,lying,lying_enriched,reviewed_engineering_amendment_992f34c0204a85a1,ab86e2e04267cfdc8248f9bdb8774615479d67a3589f7a25844bb1a4c93a639e,557156a7eb6cceeb6a91f667f7c51dcb286e3111f35f414970fa7431acc7e63b,posture_500_a566c58d252c1642,human_review_completed,TuanHM,2026-08-07T08:08:45+07:00,,PASS,E:\PigProjectStorage\PIG_Behavior_Project\outputs\legacy_16f_rebuild\legacy_16f_rebuild_20260718_v2\06_full_recovery\crops\dense_tracklet_0_to_12\pigs041219\000293\burst_color_5620145e_533\ID_6\f000007.jpg,PASS,PASS,True,True,True
source=cvat_tracking_xml|dataset=cvat_tracking_Pigs291119_000226_30fps|video=Pigs291119_000226_30fps|track_id=6|anchor=1680,source=cvat_tracking_xml|dataset=cvat_tracking_Pigs291119_000226_30fps|video=Pigs291119_000226_30fps|track_id=6,lying,lying,lying,human_review,cvat_tracking_xml,Pigs291119_000226_30fps,Pigs291119_000226_30fps,291119,1680,1685,train,FOLD_1,train,,lying,lying_enriched,reviewed_engineering_amendment_992f34c0204a85a1,ab86e2e04267cfdc8248f9bdb8774615479d67a3589f7a25844bb1a4c93a639e,557156a7eb6cceeb6a91f667f7c51dcb286e3111f35f414970fa7431acc7e63b,posture_500_a566c58d252c1642,human_review_completed,TuanHM,2026-08-07T08:08:46+07:00,,PASS,C:\Users\ironh\Downloads\PIG_Behavior_Project\data\videos\Pigs291119_000226_30fps.mp4,PASS,PASS,True,True,True
source=cvat_tracking_xml|dataset=cvat_tracking_Pigs291119_000226_30fps|video=Pigs291119_000226_30fps|track_id=6|anchor=1590,source=cvat_tracking_xml|dataset=cvat_tracking_Pigs291119_000226_30fps|video=Pigs291119_000226_30fps|track_id=6,lying,lying,lying,human_review,cvat_tracking_xml,Pigs291119_000226_30fps,Pigs291119_000226_30fps,291119,1590,1595,train,FOLD_1,train,,lying,lying_enriched,reviewed_engineering_amendment_992f34c0204a85a1,ab86e2e04267cfdc8248f9bdb8774615479d67a3589f7a25844bb1a4c93a639e,557156a7eb6cceeb6a91f667f7c51dcb286e3111f35f414970fa7431acc7e63b,posture_500_a566c58d252c1642,human_review_completed,TuanHM,2026-08-07T08:08:48+07:00,,PASS,C:\Users\ironh\Downloads\PIG_Behavior_Project\data\videos\Pigs291119_000226_30fps.mp4,PASS,PASS,True,True,True
source=cvat_tracking_xml|dataset=cvat_tracking_Pigs291119_000226_30fps|video=Pigs291119_000226_30fps|track_id=3|anchor=630,source=cvat_tracking_xml|dataset=cvat_tracking_Pigs291119_000226_30fps|video=Pigs291119_000226_30fps|track_id=3,lying,lying,lying,human_review,cvat_tracking_xml,Pigs291119_000226_30fps,Pigs291119_000226_30fps,291119,630,635,train,FOLD_1,train,,lying,lying_enriched,reviewed_engineering_amendment_992f34c0204a85a1,ab86e2e04267cfdc8248f9bdb8774615479d67a3589f7a25844bb1a4c93a639e,557156a7eb6cceeb6a91f667f7c51dcb286e3111f35f414970fa7431acc7e63b,posture_500_a566c58d252c1642,human_review_completed,TuanHM,2026-08-07T08:08:49+07:00,,PASS,C:\Users\ironh\Downloads\PIG_Behavior_Project\data\videos\Pigs291119_000226_30fps.mp4,PASS,PASS,True,True,True
source=legacy_recovered|dataset=legacy_recovered_16f|video=pigs041219%2F000262|track_id=tracklet_00003435|legacy_sequence,source=legacy_recovered|dataset=legacy_recovered_16f|video=pigs041219%2F000262|track_id=tracklet_00003435,lying,lying,lying,human_review,legacy_recovered,pigs041219/000262,pigs041219/000262,041219,0,15,train,FOLD_4,train,,lying,lying_enriched,reviewed_engineering_amendment_992f34c0204a85a1,ab86e2e04267cfdc8248f9bdb8774615479d67a3589f7a25844bb1a4c93a639e,557156a7eb6cceeb6a91f667f7c51dcb286e3111f35f414970fa7431acc7e63b,posture_500_a566c58d252c1642,human_review_completed,TuanHM,2026-08-07T08:08:50+07:00,,PASS,E:\PigProjectStorage\PIG_Behavior_Project\outputs\legacy_16f_rebuild\legacy_16f_rebuild_20260718_v2\06_full_recovery\crops\dense_tracklet_0_to_12\pigs041219\000262\burst_color_b01942d2_300\ID_3\f000000.jpg,PASS,PASS,True,True,True
source=cvat_tracking_xml|dataset=cvat_tracking_Pigs291119_000226_30fps|video=Pigs291119_000226_30fps|track_id=6|anchor=1518,source=cvat_tracking_xml|dataset=cvat_tracking_Pigs291119_000226_30fps|video=Pigs291119_000226_30fps|track_id=6,lying,lying,lying,human_review,cvat_tracking_xml,Pigs291119_000226_30fps,Pigs291119_000226_30fps,291119,1518,1523,train,FOLD_1,train,,lying,lying_enriched,reviewed_engineering_amendment_992f34c0204a85a1,ab86e2e04267cfdc8248f9bdb8774615479d67a3589f7a25844bb1a4c93a639e,557156a7eb6cceeb6a91f667f7c51dcb286e3111f35f414970fa7431acc7e63b,posture_500_a566c58d252c1642,human_review_completed,TuanHM,2026-08-07T08:08:50+07:00,,PASS,C:\Users\ironh\Downloads\PIG_Behavior_Project\data\videos\Pigs291119_000226_30fps.mp4,PASS,PASS,True,True,True
source=legacy_recovered|dataset=legacy_recovered_16f|video=pigs151119%2F000048|track_id=tracklet_00003588|legacy_sequence,source=legacy_recovered|dataset=legacy_recovered_16f|video=pigs151119%2F000048|track_id=tracklet_00003588,lying,lying,lying,human_review,legacy_recovered,pigs151119/000048,pigs151119/000048,151119,0,15,train,FOLD_4,train,,lying,lying_enriched,reviewed_engineering_amendment_992f34c0204a85a1,ab86e2e04267cfdc8248f9bdb8774615479d67a3589f7a25844bb1a4c93a639e,557156a7eb6cceeb6a91f667f7c51dcb286e3111f35f414970fa7431acc7e63b,posture_500_a566c58d252c1642,human_review_completed,TuanHM,2026-08-07T08:08:51+07:00,,PASS,E:\PigProjectStorage\PIG_Behavior_Project\outputs\legacy_16f_rebuild\legacy_16f_rebuild_20260718_v2\06_full_recovery\crops\dense_tracklet_0_to_12\pigs151119\000048\burst_color_b9ba861b_133\ID_1\f000000.jpg,PASS,PASS,True,True,True
source=legacy_recovered|dataset=legacy_recovered_16f|video=pigs271119%2F000072|track_id=tracklet_00004067|legacy_sequence,source=legacy_recovered|dataset=legacy_recovered_16f|video=pigs271119%2F000072|track_id=tracklet_00004067,lying,lying,lying,human_review,legacy_recovered,pigs271119/000072,pigs271119/000072,271119,0,15,train,FOLD_4,train,,lying,lying_enriched,reviewed_engineering_amendment_992f34c0204a85a1,ab86e2e04267cfdc8248f9bdb8774615479d67a3589f7a25844bb1a4c93a639e,557156a7eb6cceeb6a91f667f7c51dcb286e3111f35f414970fa7431acc7e63b,posture_500_a566c58d252c1642,human_review_completed,TuanHM,2026-08-07T08:08:52+07:00,,PASS,E:\PigProjectStorage\PIG_Behavior_Project\outputs\legacy_16f_rebuild\legacy_16f_rebuild_20260718_v2\06_full_recovery\crops\dense_tracklet_0_to_12\pigs271119\000072\burst_color_dd5ea62e_167\ID_1\f000000.jpg,PASS,PASS,True,True,True
source=legacy_recovered|dataset=legacy_recovered_16f|video=pigs041219%2F000251|track_id=tracklet_00004454|legacy_sequence,source=legacy_recovered|dataset=legacy_recovered_16f|video=pigs041219%2F000251|track_id=tracklet_00004454,lying,lying,lying,human_review,legacy_recovered,pigs041219/000251,pigs041219/000251,041219,0,15,train,FOLD_4,train,,lying,lying_enriched,reviewed_engineering_amendment_992f34c0204a85a1,ab86e2e04267cfdc8248f9bdb8774615479d67a3589f7a25844bb1a4c93a639e,557156a7eb6cceeb6a91f667f7c51dcb286e3111f35f414970fa7431acc7e63b,posture_500_a566c58d252c1642,human_review_completed,TuanHM,2026-08-07T08:08:53+07:00,,PASS,E:\PigProjectStorage\PIG_Behavior_Project\outputs\legacy_16f_rebuild\legacy_16f_rebuild_20260718_v2\06_full_recovery\crops\dense_tracklet_0_to_12\pigs041219\000251\burst_color_f8e9011e_133\ID_8\f000000.jpg,PASS,PASS,True,True,True
source=legacy_recovered|dataset=legacy_recovered_16f|video=pigs041219%2F000229|track_id=tracklet_00000070|legacy_sequence,source=legacy_recovered|dataset=legacy_recovered_16f|video=pigs041219%2F000229|track_id=tracklet_00000070,lying,lying,lying,human_review,legacy_recovered,pigs041219/000229,pigs041219/000229,041219,1,16,train,FOLD_4,train,,lying,lying_enriched,reviewed_engineering_amendment_992f34c0204a85a1,ab86e2e04267cfdc8248f9bdb8774615479d67a3589f7a25844bb1a4c93a639e,557156a7eb6cceeb6a91f667f7c51dcb286e3111f35f414970fa7431acc7e63b,posture_500_a566c58d252c1642,human_review_completed,TuanHM,2026-08-07T08:08:54+07:00,,PASS,E:\PigProjectStorage\PIG_Behavior_Project\outputs\legacy_16f_rebuild\legacy_16f_rebuild_20260718_v2\06_full_recovery\crops\dense_tracklet_0_to_12\pigs041219\000229\burst_color_04275f9b_333\ID_1\f000001.jpg,PASS,PASS,True,True,True
source=legacy_recovered|dataset=legacy_recovered_16f|video=pigs281119%2F000145|track_id=tracklet_00001862|legacy_sequence,source=legacy_recovered|dataset=legacy_recovered_16f|video=pigs281119%2F000145|track_id=tracklet_00001862,lying,lying,lying,human_review,legacy_recovered,pigs281119/000145,pigs281119/000145,281119,0,15,validation,FOLD_3,validation,,lying,lying_enriched,reviewed_engineering_amendment_992f34c0204a85a1,ab86e2e04267cfdc8248f9bdb8774615479d67a3589f7a25844bb1a4c93a639e,557156a7eb6cceeb6a91f667f7c51dcb286e3111f35f414970fa7431acc7e63b,posture_500_a566c58d252c1642,human_review_completed,TuanHM,2026-08-07T08:08:55+07:00,,PASS,E:\PigProjectStorage\PIG_Behavior_Project\outputs\legacy_16f_rebuild\legacy_16f_rebuild_20260718_v2\06_full_recovery\crops\dense_tracklet_0_to_12\pigs281119\000145\burst_color_5c3f273a_133\ID_8\f000000.jpg,PASS,PASS,True,True,True
source=cvat_tracking_xml|dataset=cvat_tracking_Pigs301119_000330|video=Pigs301119_000330|track_id=0|anchor=1548,source=cvat_tracking_xml|dataset=cvat_tracking_Pigs301119_000330|video=Pigs301119_000330|track_id=0,lying,lying,lying,human_review,cvat_tracking_xml,Pigs301119_000330,Pigs301119_000330,301119,1548,1553,train,FOLD_2,train,,lying,lying_enriched,reviewed_engineering_amendment_992f34c0204a85a1,ab86e2e04267cfdc8248f9bdb8774615479d67a3589f7a25844bb1a4c93a639e,557156a7eb6cceeb6a91f667f7c51dcb286e3111f35f414970fa7431acc7e63b,posture_500_a566c58d252c1642,human_review_completed,TuanHM,2026-08-07T08:08:56+07:00,,PASS,C:\Users\ironh\Downloads\PIG_Behavior_Project\data\videos\Pigs301119_000330_30fps.mp4,PASS,PASS,True,True,True
source=cvat_tracking_xml|dataset=cvat_tracking_pigs301119_000328|video=pigs301119_000328|track_id=0|anchor=1404,source=cvat_tracking_xml|dataset=cvat_tracking_pigs301119_000328|video=pigs301119_000328|track_id=0,lying,lying,lying,human_review,cvat_tracking_xml,pigs301119_000328,pigs301119_000328,301119,1404,1409,train,FOLD_2,train,,lying,lying_enriched,reviewed_engineering_amendment_992f34c0204a85a1,ab86e2e04267cfdc8248f9bdb8774615479d67a3589f7a25844bb1a4c93a639e,557156a7eb6cceeb6a91f667f7c51dcb286e3111f35f414970fa7431acc7e63b,posture_500_a566c58d252c1642,human_review_completed,TuanHM,2026-08-07T08:08:57+07:00,,PASS,C:\Users\ironh\Downloads\PIG_Behavior_Project\data\videos\Pigs301119_000328_30fps.mp4,PASS,PASS,True,True,True
source=legacy_recovered|dataset=legacy_recovered_16f|video=pigs051219%2F000318|track_id=tracklet_00001646|legacy_sequence,source=legacy_recovered|dataset=legacy_recovered_16f|video=pigs051219%2F000318|track_id=tracklet_00001646,lying,lying,lying,human_review,legacy_recovered,pigs051219/000318,pigs051219/000318,051219,0,15,train,FOLD_4,train,,lying,lying_enriched,reviewed_engineering_amendment_992f34c0204a85a1,ab86e2e04267cfdc8248f9bdb8774615479d67a3589f7a25844bb1a4c93a639e,557156a7eb6cceeb6a91f667f7c51dcb286e3111f35f414970fa7431acc7e63b,posture_500_a566c58d252c1642,human_review_completed,TuanHM,2026-08-07T08:08:58+07:00,,PASS,E:\PigProjectStorage\PIG_Behavior_Project\outputs\legacy_16f_rebuild\legacy_16f_rebuild_20260718_v2\06_full_recovery\crops\dense_tracklet_0_to_12\pigs051219\000318\burst_color_4fa8e602_200\ID_1\f000000.jpg,PASS,PASS,True,True,True
source=legacy_recovered|dataset=legacy_recovered_16f|video=pigs041219%2F000257|track_id=tracklet_00003798|legacy_sequence,source=legacy_recovered|dataset=legacy_recovered_16f|video=pigs041219%2F000257|track_id=tracklet_00003798,lying,lying,lying,human_review,legacy_recovered,pigs041219/000257,pigs041219/000257,041219,0,15,train,FOLD_4,train,,lying,lying_enriched,reviewed_engineering_amendment_992f34c0204a85a1,ab86e2e04267cfdc8248f9bdb8774615479d67a3589f7a25844bb1a4c93a639e,557156a7eb6cceeb6a91f667f7c51dcb286e3111f35f414970fa7431acc7e63b,posture_500_a566c58d252c1642,human_review_completed,TuanHM,2026-08-07T08:08:58+07:00,,PASS,E:\PigProjectStorage\PIG_Behavior_Project\outputs\legacy_16f_rebuild\legacy_16f_rebuild_20260718_v2\06_full_recovery\crops\dense_tracklet_0_to_12\pigs041219\000257\burst_color_c935be0e_67\ID_4\f000000.jpg,PASS,PASS,True,True,True
source=legacy_recovered|dataset=legacy_recovered_16f|video=pigs041219%2F000218|track_id=tracklet_00000137|legacy_sequence,source=legacy_recovered|dataset=legacy_recovered_16f|video=pigs041219%2F000218|track_id=tracklet_00000137,lying,lying,lying,human_review,legacy_recovered,pigs041219/000218,pigs041219/000218,041219,0,15,train,FOLD_4,train,,lying,lying_enriched,reviewed_engineering_amendment_992f34c0204a85a1,ab86e2e04267cfdc8248f9bdb8774615479d67a3589f7a25844bb1a4c93a639e,557156a7eb6cceeb6a91f667f7c51dcb286e3111f35f414970fa7431acc7e63b,posture_500_a566c58d252c1642,human_review_completed,TuanHM,2026-08-07T08:08:59+07:00,,PASS,E:\PigProjectStorage\PIG_Behavior_Project\outputs\legacy_16f_rebuild\legacy_16f_rebuild_20260718_v2\06_full_recovery\crops\dense_tracklet_0_to_12\pigs041219\000218\burst_color_0935ef83_33\ID_4\f000000.jpg,PASS,PASS,True,True,True
source=cvat_tracking_xml|dataset=cvat_tracking_pigs301119_000328|video=pigs301119_000328|track_id=1|anchor=78,source=cvat_tracking_xml|dataset=cvat_tracking_pigs301119_000328|video=pigs301119_000328|track_id=1,lying,lying,lying,human_review,cvat_tracking_xml,pigs301119_000328,pigs301119_000328,301119,78,83,train,FOLD_2,train,,lying,lying_enriched,reviewed_engineering_amendment_992f34c0204a85a1,ab86e2e04267cfdc8248f9bdb8774615479d67a3589f7a25844bb1a4c93a639e,557156a7eb6cceeb6a91f667f7c51dcb286e3111f35f414970fa7431acc7e63b,posture_500_a566c58d252c1642,human_review_completed,TuanHM,2026-08-07T08:09:00+07:00,,PASS,C:\Users\ironh\Downloads\PIG_Behavior_Project\data\videos\Pigs301119_000328_30fps.mp4,PASS,PASS,True,True,True
source=legacy_recovered|dataset=legacy_recovered_16f|video=pigs031219%2F000117|track_id=tracklet_00002849|legacy_sequence,source=legacy_recovered|dataset=legacy_recovered_16f|video=pigs031219%2F000117|track_id=tracklet_00002849,lying,lying,lying,human_review,legacy_recovered,pigs031219/000117,pigs031219/000117,031219,18,33,train,FOLD_4,train,,lying,lying_enriched,reviewed_engineering_amendment_992f34c0204a85a1,ab86e2e04267cfdc8248f9bdb8774615479d67a3589f7a25844bb1a4c93a639e,557156a7eb6cceeb6a91f667f7c51dcb286e3111f35f414970fa7431acc7e63b,posture_500_a566c58d252c1642,human_review_completed,TuanHM,2026-08-07T08:09:01+07:00,,PASS,E:\PigProjectStorage\PIG_Behavior_Project\outputs\legacy_16f_rebuild\legacy_16f_rebuild_20260718_v2\06_full_recovery\crops\dense_tracklet_0_to_12\pigs031219\000117\burst_color_8c617fa9_900\ID_1\f000018.jpg,PASS,PASS,True,True,True
source=cvat_tracking_xml|dataset=cvat_tracking_pigs301119_000328|video=pigs301119_000328|track_id=0|anchor=1200,source=cvat_tracking_xml|dataset=cvat_tracking_pigs301119_000328|video=pigs301119_000328|track_id=0,lying,lying,lying,human_review,cvat_tracking_xml,pigs301119_000328,pigs301119_000328,301119,1200,1205,train,FOLD_2,train,,lying,lying_enriched,reviewed_engineering_amendment_992f34c0204a85a1,ab86e2e04267cfdc8248f9bdb8774615479d67a3589f7a25844bb1a4c93a639e,557156a7eb6cceeb6a91f667f7c51dcb286e3111f35f414970fa7431acc7e63b,posture_500_a566c58d252c1642,human_review_completed,TuanHM,2026-08-07T08:09:02+07:00,,PASS,C:\Users\ironh\Downloads\PIG_Behavior_Project\data\videos\Pigs301119_000328_30fps.mp4,PASS,PASS,True,True,True
source=legacy_recovered|dataset=legacy_recovered_16f|video=pigs041219%2F000270|track_id=tracklet_00003909|legacy_sequence,source=legacy_recovered|dataset=legacy_recovered_16f|video=pigs041219%2F000270|track_id=tracklet_00003909,lying,lying,lying,human_review,legacy_recovered,pigs041219/000270,pigs041219/000270,041219,0,15,train,FOLD_4,train,,lying,lying_enriched,reviewed_engineering_amendment_992f34c0204a85a1,ab86e2e04267cfdc8248f9bdb8774615479d67a3589f7a25844bb1a4c93a639e,557156a7eb6cceeb6a91f667f7c51dcb286e3111f35f414970fa7431acc7e63b,posture_500_a566c58d252c1642,human_review_completed,TuanHM,2026-08-07T08:09:03+07:00,,PASS,E:\PigProjectStorage\PIG_Behavior_Project\outputs\legacy_16f_rebuild\legacy_16f_rebuild_20260718_v2\06_full_recovery\crops\dense_tracklet_0_to_12\pigs041219\000270\burst_color_d15b98e5_0\ID_6\f000000.jpg,PASS,PASS,True,True,True
source=legacy_recovered|dataset=legacy_recovered_16f|video=pigs281119%2F000168|track_id=tracklet_00000045|legacy_sequence,source=legacy_recovered|dataset=legacy_recovered_16f|video=pigs281119%2F000168|track_id=tracklet_00000045,lying,lying,lying,human_review,legacy_recovered,pigs281119/000168,pigs281119/000168,281119,0,15,validation,FOLD_3,validation,,lying,lying_enriched,reviewed_engineering_amendment_992f34c0204a85a1,ab86e2e04267cfdc8248f9bdb8774615479d67a3589f7a25844bb1a4c93a639e,557156a7eb6cceeb6a91f667f7c51dcb286e3111f35f414970fa7431acc7e63b,posture_500_a566c58d252c1642,human_review_completed,TuanHM,2026-08-07T08:09:03+07:00,,PASS,E:\PigProjectStorage\PIG_Behavior_Project\outputs\legacy_16f_rebuild\legacy_16f_rebuild_20260718_v2\06_full_recovery\crops\dense_tracklet_0_to_12\pigs281119\000168\burst_color_023ab307_67\ID_7\f000000.jpg,PASS,PASS,True,True,True
source=cvat_tracking_xml|dataset=cvat_tracking_pigs301119_000328|video=pigs301119_000328|track_id=1|anchor=258,source=cvat_tracking_xml|dataset=cvat_tracking_pigs301119_000328|video=pigs301119_000328|track_id=1,lying,lying,lying,human_review,cvat_tracking_xml,pigs301119_000328,pigs301119_000328,301119,258,263,train,FOLD_2,train,,lying,lying_enriched,reviewed_engineering_amendment_992f34c0204a85a1,ab86e2e04267cfdc8248f9bdb8774615479d67a3589f7a25844bb1a4c93a639e,557156a7eb6cceeb6a91f667f7c51dcb286e3111f35f414970fa7431acc7e63b,posture_500_a566c58d252c1642,human_review_completed,TuanHM,2026-08-07T08:09:05+07:00,,PASS,C:\Users\ironh\Downloads\PIG_Behavior_Project\data\videos\Pigs301119_000328_30fps.mp4,PASS,PASS,True,True,True
source=legacy_recovered|dataset=legacy_recovered_16f|video=pigs281119%2F000164|track_id=tracklet_00000377|legacy_sequence,source=legacy_recovered|dataset=legacy_recovered_16f|video=pigs281119%2F000164|track_id=tracklet_00000377,lying,lying,lying,human_review,legacy_recovered,pigs281119/000164,pigs281119/000164,281119,0,15,validation,FOLD_3,validation,,lying,lying_enriched,reviewed_engineering_amendment_992f34c0204a85a1,ab86e2e04267cfdc8248f9bdb8774615479d67a3589f7a25844bb1a4c93a639e,557156a7eb6cceeb6a91f667f7c51dcb286e3111f35f414970fa7431acc7e63b,posture_500_a566c58d252c1642,human_review_completed,TuanHM,2026-08-07T08:09:06+07:00,,PASS,E:\PigProjectStorage\PIG_Behavior_Project\outputs\legacy_16f_rebuild\legacy_16f_rebuild_20260718_v2\06_full_recovery\crops\dense_tracklet_0_to_12\pigs281119\000164\burst_color_177f07f6_100\ID_3\f000000.jpg,PASS,PASS,True,True,True
source=legacy_recovered|dataset=legacy_recovered_16f|video=pigs271119%2F000029|track_id=tracklet_00002818|legacy_sequence,source=legacy_recovered|dataset=legacy_recovered_16f|video=pigs271119%2F000029|track_id=tracklet_00002818,lying,lying,lying,human_review,legacy_recovered,pigs271119/000029,pigs271119/000029,271119,0,15,train,FOLD_4,train,,lying,lying_enriched,reviewed_engineering_amendment_992f34c0204a85a1,ab86e2e04267cfdc8248f9bdb8774615479d67a3589f7a25844bb1a4c93a639e,557156a7eb6cceeb6a91f667f7c51dcb286e3111f35f414970fa7431acc7e63b,posture_500_a566c58d252c1642,human_review_completed,TuanHM,2026-08-07T08:09:07+07:00,,PASS,E:\PigProjectStorage\PIG_Behavior_Project\outputs\legacy_16f_rebuild\legacy_16f_rebuild_20260718_v2\06_full_recovery\crops\dense_tracklet_0_to_12\pigs271119\000029\burst_color_8b06af51_67\ID_7\f000000.jpg,PASS,PASS,True,True,True
source=cvat_tracking_xml|dataset=cvat_tracking_Pigs281119_000085_30fps|video=Pigs281119_000085_30fps|track_id=7|anchor=342,source=cvat_tracking_xml|dataset=cvat_tracking_Pigs281119_000085_30fps|video=Pigs281119_000085_30fps|track_id=7,lying,lying,lying,human_review,cvat_tracking_xml,Pigs281119_000085_30fps,Pigs281119_000085_30fps,281119,342,347,validation,FOLD_3,validation,,lying,lying_enriched,reviewed_engineering_amendment_992f34c0204a85a1,ab86e2e04267cfdc8248f9bdb8774615479d67a3589f7a25844bb1a4c93a639e,557156a7eb6cceeb6a91f667f7c51dcb286e3111f35f414970fa7431acc7e63b,posture_500_a566c58d252c1642,human_review_completed,TuanHM,2026-08-07T08:09:09+07:00,,PASS,C:\Users\ironh\Downloads\PIG_Behavior_Project\data\videos\Pigs281119_000085_30fps.mp4,PASS,PASS,True,True,True
source=legacy_recovered|dataset=legacy_recovered_16f|video=pigs051219%2F000332|track_id=tracklet_00004316|legacy_sequence,source=legacy_recovered|dataset=legacy_recovered_16f|video=pigs051219%2F000332|track_id=tracklet_00004316,lying,lying,lying,human_review,legacy_recovered,pigs051219/000332,pigs051219/000332,051219,0,15,train,FOLD_4,train,,lying,lying_enriched,reviewed_engineering_amendment_992f34c0204a85a1,ab86e2e04267cfdc8248f9bdb8774615479d67a3589f7a25844bb1a4c93a639e,557156a7eb6cceeb6a91f667f7c51dcb286e3111f35f414970fa7431acc7e63b,posture_500_a566c58d252c1642,human_review_completed,TuanHM,2026-08-07T08:09:10+07:00,,PASS,E:\PigProjectStorage\PIG_Behavior_Project\outputs\legacy_16f_rebuild\legacy_16f_rebuild_20260718_v2\06_full_recovery\crops\dense_tracklet_0_to_12\pigs051219\000332\burst_color_ee5aaf4e_300\ID_6\f000000.jpg,PASS,PASS,True,True,True
source=legacy_recovered|dataset=legacy_recovered_16f|video=pigs031219%2F000150|track_id=tracklet_00001870|legacy_sequence,source=legacy_recovered|dataset=legacy_recovered_16f|video=pigs031219%2F000150|track_id=tracklet_00001870,lying,lying,lying,human_review,legacy_recovered,pigs031219/000150,pigs031219/000150,031219,0,15,train,FOLD_4,train,,lying,lying_enriched,reviewed_engineering_amendment_992f34c0204a85a1,ab86e2e04267cfdc8248f9bdb8774615479d67a3589f7a25844bb1a4c93a639e,557156a7eb6cceeb6a91f667f7c51dcb286e3111f35f414970fa7431acc7e63b,posture_500_a566c58d252c1642,human_review_completed,TuanHM,2026-08-07T08:09:11+07:00,,PASS,E:\PigProjectStorage\PIG_Behavior_Project\outputs\legacy_16f_rebuild\legacy_16f_rebuild_20260718_v2\06_full_recovery\crops\dense_tracklet_0_to_12\pigs031219\000150\burst_color_5c80b87a_100\ID_8\f000000.jpg,PASS,PASS,True,True,True
source=legacy_recovered|dataset=legacy_recovered_16f|video=pigs031219%2F000147|track_id=tracklet_00001641|legacy_sequence,source=legacy_recovered|dataset=legacy_recovered_16f|video=pigs031219%2F000147|track_id=tracklet_00001641,lying,lying,lying,human_review,legacy_recovered,pigs031219/000147,pigs031219/000147,031219,0,15,train,FOLD_4,train,,lying,lying_enriched,reviewed_engineering_amendment_992f34c0204a85a1,ab86e2e04267cfdc8248f9bdb8774615479d67a3589f7a25844bb1a4c93a639e,557156a7eb6cceeb6a91f667f7c51dcb286e3111f35f414970fa7431acc7e63b,posture_500_a566c58d252c1642,human_review_completed,TuanHM,2026-08-07T08:09:12+07:00,,PASS,E:\PigProjectStorage\PIG_Behavior_Project\outputs\legacy_16f_rebuild\legacy_16f_rebuild_20260718_v2\06_full_recovery\crops\dense_tracklet_0_to_12\pigs031219\000147\burst_color_4f30f4e5_100\ID_4\f000000.jpg,PASS,PASS,True,True,True
source=legacy_recovered|dataset=legacy_recovered_16f|video=pigs041219%2F000200|track_id=tracklet_00001782|legacy_sequence,source=legacy_recovered|dataset=legacy_recovered_16f|video=pigs041219%2F000200|track_id=tracklet_00001782,lying,lying,lying,human_review,legacy_recovered,pigs041219/000200,pigs041219/000200,041219,0,15,train,FOLD_4,train,,lying,lying_enriched,reviewed_engineering_amendment_992f34c0204a85a1,ab86e2e04267cfdc8248f9bdb8774615479d67a3589f7a25844bb1a4c93a639e,557156a7eb6cceeb6a91f667f7c51dcb286e3111f35f414970fa7431acc7e63b,posture_500_a566c58d252c1642,human_review_completed,TuanHM,2026-08-07T08:09:13+07:00,,PASS,E:\PigProjectStorage\PIG_Behavior_Project\outputs\legacy_16f_rebuild\legacy_16f_rebuild_20260718_v2\06_full_recovery\crops\dense_tracklet_0_to_12\pigs041219\000200\burst_color_577ac154_267\ID_3\f000000.jpg,PASS,PASS,True,True,True
source=legacy_recovered|dataset=legacy_recovered_16f|video=pigs081119%2F000322|track_id=tracklet_00002274|legacy_sequence,source=legacy_recovered|dataset=legacy_recovered_16f|video=pigs081119%2F000322|track_id=tracklet_00002274,lying,lying,lying,human_review,legacy_recovered,pigs081119/000322,pigs081119/000322,081119,0,15,train,FOLD_4,train,,lying,lying_enriched,reviewed_engineering_amendment_992f34c0204a85a1,ab86e2e04267cfdc8248f9bdb8774615479d67a3589f7a25844bb1a4c93a639e,557156a7eb6cceeb6a91f667f7c51dcb286e3111f35f414970fa7431acc7e63b,posture_500_a566c58d252c1642,human_review_completed,TuanHM,2026-08-07T08:09:14+07:00,,PASS,E:\PigProjectStorage\PIG_Behavior_Project\outputs\legacy_16f_rebuild\legacy_16f_rebuild_20260718_v2\06_full_recovery\crops\dense_tracklet_0_to_12\pigs081119\000322\burst_color_6ce9eeee_300\ID_2\f000000.jpg,PASS,PASS,True,True,True
source=legacy_recovered|dataset=legacy_recovered_16f|video=pigs031219%2F000162|track_id=tracklet_00001336|legacy_sequence,source=legacy_recovered|dataset=legacy_recovered_16f|video=pigs031219%2F000162|track_id=tracklet_00001336,lying,lying,lying,human_review,legacy_recovered,pigs031219/000162,pigs031219/000162,031219,7,22,train,FOLD_4,train,,lying,lying_enriched,reviewed_engineering_amendment_992f34c0204a85a1,ab86e2e04267cfdc8248f9bdb8774615479d67a3589f7a25844bb1a4c93a639e,557156a7eb6cceeb6a91f667f7c51dcb286e3111f35f414970fa7431acc7e63b,posture_500_a566c58d252c1642,human_review_completed,TuanHM,2026-08-07T08:09:14+07:00,,PASS,E:\PigProjectStorage\PIG_Behavior_Project\outputs\legacy_16f_rebuild\legacy_16f_rebuild_20260718_v2\06_full_recovery\crops\dense_tracklet_0_to_12\pigs031219\000162\burst_color_418d2388_533\ID_8\f000007.jpg,PASS,PASS,True,True,True
source=cvat_tracking_xml|dataset=cvat_tracking_Pigs281119_000085_30fps|video=Pigs281119_000085_30fps|track_id=5|anchor=126,source=cvat_tracking_xml|dataset=cvat_tracking_Pigs281119_000085_30fps|video=Pigs281119_000085_30fps|track_id=5,sitting,sitting,sitting,human_review,cvat_tracking_xml,Pigs281119_000085_30fps,Pigs281119_000085_30fps,281119,126,131,validation,FOLD_3,validation,,lying,lying_enriched,reviewed_engineering_amendment_992f34c0204a85a1,ab86e2e04267cfdc8248f9bdb8774615479d67a3589f7a25844bb1a4c93a639e,557156a7eb6cceeb6a91f667f7c51dcb286e3111f35f414970fa7431acc7e63b,posture_500_a566c58d252c1642,human_review_completed,TuanHM,2026-08-07T08:09:16+07:00,,PASS,C:\Users\ironh\Downloads\PIG_Behavior_Project\data\videos\Pigs281119_000085_30fps.mp4,PASS,PASS,True,True,True
source=legacy_recovered|dataset=legacy_recovered_16f|video=pigs031219%2F000161|track_id=tracklet_00001025|legacy_sequence,source=legacy_recovered|dataset=legacy_recovered_16f|video=pigs031219%2F000161|track_id=tracklet_00001025,lying,lying,lying,human_review,legacy_recovered,pigs031219/000161,pigs031219/000161,031219,0,15,train,FOLD_4,train,,lying,lying_enriched,reviewed_engineering_amendment_992f34c0204a85a1,ab86e2e04267cfdc8248f9bdb8774615479d67a3589f7a25844bb1a4c93a639e,557156a7eb6cceeb6a91f667f7c51dcb286e3111f35f414970fa7431acc7e63b,posture_500_a566c58d252c1642,human_review_completed,TuanHM,2026-08-07T08:09:18+07:00,,PASS,E:\PigProjectStorage\PIG_Behavior_Project\outputs\legacy_16f_rebuild\legacy_16f_rebuild_20260718_v2\06_full_recovery\crops\dense_tracklet_0_to_12\pigs031219\000161\burst_color_35958bc3_33\ID_2\f000000.jpg,PASS,PASS,True,True,True
source=legacy_recovered|dataset=legacy_recovered_16f|video=pigs041219%2F000190|track_id=tracklet_00004277|legacy_sequence,source=legacy_recovered|dataset=legacy_recovered_16f|video=pigs041219%2F000190|track_id=tracklet_00004277,lying,lying,lying,human_review,legacy_recovered,pigs041219/000190,pigs041219/000190,041219,17,32,train,FOLD_4,train,,lying,lying_enriched,reviewed_engineering_amendment_992f34c0204a85a1,ab86e2e04267cfdc8248f9bdb8774615479d67a3589f7a25844bb1a4c93a639e,557156a7eb6cceeb6a91f667f7c51dcb286e3111f35f414970fa7431acc7e63b,posture_500_a566c58d252c1642,human_review_completed,TuanHM,2026-08-07T08:09:19+07:00,,PASS,E:\PigProjectStorage\PIG_Behavior_Project\outputs\legacy_16f_rebuild\legacy_16f_rebuild_20260718_v2\06_full_recovery\crops\dense_tracklet_0_to_12\pigs041219\000190\burst_color_eb7b22ed_867\ID_8\f000017.jpg,PASS,PASS,True,True,True
source=legacy_recovered|dataset=legacy_recovered_16f|video=pigs031219%2F000137|track_id=tracklet_00002240|legacy_sequence,source=legacy_recovered|dataset=legacy_recovered_16f|video=pigs031219%2F000137|track_id=tracklet_00002240,lying,lying,lying,human_review,legacy_recovered,pigs031219/000137,pigs031219/000137,031219,3,18,train,FOLD_4,train,,lying,lying_enriched,reviewed_engineering_amendment_992f34c0204a85a1,ab86e2e04267cfdc8248f9bdb8774615479d67a3589f7a25844bb1a4c93a639e,557156a7eb6cceeb6a91f667f7c51dcb286e3111f35f414970fa7431acc7e63b,posture_500_a566c58d252c1642,human_review_completed,TuanHM,2026-08-07T08:09:20+07:00,,PASS,E:\PigProjectStorage\PIG_Behavior_Project\outputs\legacy_16f_rebuild\legacy_16f_rebuild_20260718_v2\06_full_recovery\crops\dense_tracklet_0_to_12\pigs031219\000137\burst_color_6b414e1b_400\ID_8\f000003.jpg,PASS,PASS,True,True,True
source=cvat_tracking_xml|dataset=cvat_tracking_Pigs281119_000085_30fps|video=Pigs281119_000085_30fps|track_id=0|anchor=162,source=cvat_tracking_xml|dataset=cvat_tracking_Pigs281119_000085_30fps|video=Pigs281119_000085_30fps|track_id=0,sitting,sitting,sitting,human_review,cvat_tracking_xml,Pigs281119_000085_30fps,Pigs281119_000085_30fps,281119,162,167,validation,FOLD_3,validation,,sitting,sitting_enriched,reviewed_engineering_amendment_992f34c0204a85a1,ab86e2e04267cfdc8248f9bdb8774615479d67a3589f7a25844bb1a4c93a639e,557156a7eb6cceeb6a91f667f7c51dcb286e3111f35f414970fa7431acc7e63b,posture_500_a566c58d252c1642,human_review_completed,TuanHM,2026-08-07T08:09:22+07:00,,PASS,C:\Users\ironh\Downloads\PIG_Behavior_Project\data\videos\Pigs281119_000085_30fps.mp4,PASS,PASS,True,True,True
source=cvat_tracking_xml|dataset=cvat_tracking_pigs301119_000328|video=pigs301119_000328|track_id=7|anchor=1110,source=cvat_tracking_xml|dataset=cvat_tracking_pigs301119_000328|video=pigs301119_000328|track_id=7,sitting,sitting,sitting,human_review,cvat_tracking_xml,pigs301119_000328,pigs301119_000328,301119,1110,1115,train,FOLD_2,train,,sitting,sitting_enriched,reviewed_engineering_amendment_992f34c0204a85a1,ab86e2e04267cfdc8248f9bdb8774615479d67a3589f7a25844bb1a4c93a639e,557156a7eb6cceeb6a91f667f7c51dcb286e3111f35f414970fa7431acc7e63b,posture_500_a566c58d252c1642,human_review_completed,TuanHM,2026-08-07T08:09:24+07:00,,PASS,C:\Users\ironh\Downloads\PIG_Behavior_Project\data\videos\Pigs301119_000328_30fps.mp4,PASS,PASS,True,True,True
source=cvat_tracking_xml|dataset=cvat_tracking_Pigs281119_000085_30fps|video=Pigs281119_000085_30fps|track_id=1|anchor=1632,source=cvat_tracking_xml|dataset=cvat_tracking_Pigs281119_000085_30fps|video=Pigs281119_000085_30fps|track_id=1,sitting,sitting,sitting,human_review,cvat_tracking_xml,Pigs281119_000085_30fps,Pigs281119_000085_30fps,281119,1632,1637,validation,FOLD_3,validation,,sitting,sitting_enriched,reviewed_engineering_amendment_992f34c0204a85a1,ab86e2e04267cfdc8248f9bdb8774615479d67a3589f7a25844bb1a4c93a639e,557156a7eb6cceeb6a91f667f7c51dcb286e3111f35f414970fa7431acc7e63b,posture_500_a566c58d252c1642,human_review_completed,TuanHM,2026-08-07T08:09:25+07:00,,PASS,C:\Users\ironh\Downloads\PIG_Behavior_Project\data\videos\Pigs281119_000085_30fps.mp4,PASS,PASS,True,True,True
source=cvat_tracking_xml|dataset=cvat_tracking_pigs301119_000329|video=pigs301119_000329|track_id=1|anchor=348,source=cvat_tracking_xml|dataset=cvat_tracking_pigs301119_000329|video=pigs301119_000329|track_id=1,sitting,sitting,sitting,human_review,cvat_tracking_xml,pigs301119_000329,pigs301119_000329,301119,348,353,train,FOLD_2,train,,sitting,sitting_enriched,reviewed_engineering_amendment_992f34c0204a85a1,ab86e2e04267cfdc8248f9bdb8774615479d67a3589f7a25844bb1a4c93a639e,557156a7eb6cceeb6a91f667f7c51dcb286e3111f35f414970fa7431acc7e63b,posture_500_a566c58d252c1642,human_review_completed,TuanHM,2026-08-07T08:09:26+07:00,,PASS,C:\Users\ironh\Downloads\PIG_Behavior_Project\data\videos\Pigs301119_000329_30fps.mp4,PASS,PASS,True,True,True
source=cvat_tracking_xml|dataset=cvat_tracking_pigs301119_000327|video=pigs301119_000327|track_id=2|anchor=264,source=cvat_tracking_xml|dataset=cvat_tracking_pigs301119_000327|video=pigs301119_000327|track_id=2,sitting,sitting,sitting,human_review,cvat_tracking_xml,pigs301119_000327,pigs301119_000327,301119,264,269,exclude|train,FOLD_2,train,exclude,sitting,sitting_enriched,reviewed_engineering_amendment_992f34c0204a85a1,ab86e2e04267cfdc8248f9bdb8774615479d67a3589f7a25844bb1a4c93a639e,557156a7eb6cceeb6a91f667f7c51dcb286e3111f35f414970fa7431acc7e63b,posture_500_a566c58d252c1642,human_review_completed,TuanHM,2026-08-07T08:09:28+07:00,,PASS,C:\Users\ironh\Downloads\PIG_Behavior_Project\data\videos\Pigs301119_000327_30fps.mp4,PASS,PASS,True,True,False
source=cvat_tracking_xml|dataset=cvat_tracking_Pigs281119_000085_30fps|video=Pigs281119_000085_30fps|track_id=1|anchor=1224,source=cvat_tracking_xml|dataset=cvat_tracking_Pigs281119_000085_30fps|video=Pigs281119_000085_30fps|track_id=1,sitting,sitting,sitting,human_review,cvat_tracking_xml,Pigs281119_000085_30fps,Pigs281119_000085_30fps,281119,1224,1229,validation,FOLD_3,validation,,sitting,sitting_enriched,reviewed_engineering_amendment_992f34c0204a85a1,ab86e2e04267cfdc8248f9bdb8774615479d67a3589f7a25844bb1a4c93a639e,557156a7eb6cceeb6a91f667f7c51dcb286e3111f35f414970fa7431acc7e63b,posture_500_a566c58d252c1642,human_review_completed,TuanHM,2026-08-07T08:09:29+07:00,,PASS,C:\Users\ironh\Downloads\PIG_Behavior_Project\data\videos\Pigs281119_000085_30fps.mp4,PASS,PASS,True,True,True
source=cvat_tracking_xml|dataset=cvat_tracking_Pigs281119_000085_30fps|video=Pigs281119_000085_30fps|track_id=3|anchor=1176,source=cvat_tracking_xml|dataset=cvat_tracking_Pigs281119_000085_30fps|video=Pigs281119_000085_30fps|track_id=3,sitting,sitting,sitting,human_review,cvat_tracking_xml,Pigs281119_000085_30fps,Pigs281119_000085_30fps,281119,1176,1181,validation,FOLD_3,validation,,sitting,sitting_enriched,reviewed_engineering_amendment_992f34c0204a85a1,ab86e2e04267cfdc8248f9bdb8774615479d67a3589f7a25844bb1a4c93a639e,557156a7eb6cceeb6a91f667f7c51dcb286e3111f35f414970fa7431acc7e63b,posture_500_a566c58d252c1642,human_review_completed,TuanHM,2026-08-07T08:09:30+07:00,,PASS,C:\Users\ironh\Downloads\PIG_Behavior_Project\data\videos\Pigs281119_000085_30fps.mp4,PASS,PASS,True,True,True
source=cvat_tracking_xml|dataset=cvat_tracking_Pigs281119_000085_30fps|video=Pigs281119_000085_30fps|track_id=7|anchor=30,source=cvat_tracking_xml|dataset=cvat_tracking_Pigs281119_000085_30fps|video=Pigs281119_000085_30fps|track_id=7,sitting,sitting,sitting,human_review,cvat_tracking_xml,Pigs281119_000085_30fps,Pigs281119_000085_30fps,281119,30,35,validation,FOLD_3,validation,,sitting,sitting_enriched,reviewed_engineering_amendment_992f34c0204a85a1,ab86e2e04267cfdc8248f9bdb8774615479d67a3589f7a25844bb1a4c93a639e,557156a7eb6cceeb6a91f667f7c51dcb286e3111f35f414970fa7431acc7e63b,posture_500_a566c58d252c1642,human_review_completed,TuanHM,2026-08-07T08:09:32+07:00,,PASS,C:\Users\ironh\Downloads\PIG_Behavior_Project\data\videos\Pigs281119_000085_30fps.mp4,PASS,PASS,True,True,True
source=cvat_tracking_xml|dataset=cvat_tracking_pigs301119_000329|video=pigs301119_000329|track_id=2|anchor=1566,source=cvat_tracking_xml|dataset=cvat_tracking_pigs301119_000329|video=pigs301119_000329|track_id=2,sitting,sitting,sitting,human_review,cvat_tracking_xml,pigs301119_000329,pigs301119_000329,301119,1566,1571,train,FOLD_2,train,,sitting,sitting_enriched,reviewed_engineering_amendment_992f34c0204a85a1,ab86e2e04267cfdc8248f9bdb8774615479d67a3589f7a25844bb1a4c93a639e,557156a7eb6cceeb6a91f667f7c51dcb286e3111f35f414970fa7431acc7e63b,posture_500_a566c58d252c1642,human_review_completed,TuanHM,2026-08-07T08:09:33+07:00,,PASS,C:\Users\ironh\Downloads\PIG_Behavior_Project\data\videos\Pigs301119_000329_30fps.mp4,PASS,PASS,True,True,True
source=cvat_tracking_xml|dataset=cvat_tracking_pigs301119_000328|video=pigs301119_000328|track_id=7|anchor=774,source=cvat_tracking_xml|dataset=cvat_tracking_pigs301119_000328|video=pigs301119_000328|track_id=7,sitting,sitting,sitting,human_review,cvat_tracking_xml,pigs301119_000328,pigs301119_000328,301119,774,779,train,FOLD_2,train,,sitting,sitting_enriched,reviewed_engineering_amendment_992f34c0204a85a1,ab86e2e04267cfdc8248f9bdb8774615479d67a3589f7a25844bb1a4c93a639e,557156a7eb6cceeb6a91f667f7c51dcb286e3111f35f414970fa7431acc7e63b,posture_500_a566c58d252c1642,human_review_completed,TuanHM,2026-08-07T08:09:34+07:00,,PASS,C:\Users\ironh\Downloads\PIG_Behavior_Project\data\videos\Pigs301119_000328_30fps.mp4,PASS,PASS,True,True,True
source=cvat_tracking_xml|dataset=cvat_tracking_Pigs281119_000085_30fps|video=Pigs281119_000085_30fps|track_id=0|anchor=1590,source=cvat_tracking_xml|dataset=cvat_tracking_Pigs281119_000085_30fps|video=Pigs281119_000085_30fps|track_id=0,sitting,sitting,sitting,human_review,cvat_tracking_xml,Pigs281119_000085_30fps,Pigs281119_000085_30fps,281119,1590,1595,validation,FOLD_3,validation,,sitting,sitting_enriched,reviewed_engineering_amendment_992f34c0204a85a1,ab86e2e04267cfdc8248f9bdb8774615479d67a3589f7a25844bb1a4c93a639e,557156a7eb6cceeb6a91f667f7c51dcb286e3111f35f414970fa7431acc7e63b,posture_500_a566c58d252c1642,human_review_completed,TuanHM,2026-08-07T08:09:35+07:00,,PASS,C:\Users\ironh\Downloads\PIG_Behavior_Project\data\videos\Pigs281119_000085_30fps.mp4,PASS,PASS,True,True,True
source=cvat_tracking_xml|dataset=cvat_tracking_pigs301119_000328|video=pigs301119_000328|track_id=7|anchor=870,source=cvat_tracking_xml|dataset=cvat_tracking_pigs301119_000328|video=pigs301119_000328|track_id=7,sitting,sitting,sitting,human_review,cvat_tracking_xml,pigs301119_000328,pigs301119_000328,301119,870,875,train,FOLD_2,train,,sitting,sitting_enriched,reviewed_engineering_amendment_992f34c0204a85a1,ab86e2e04267cfdc8248f9bdb8774615479d67a3589f7a25844bb1a4c93a639e,557156a7eb6cceeb6a91f667f7c51dcb286e3111f35f414970fa7431acc7e63b,posture_500_a566c58d252c1642,human_review_completed,TuanHM,2026-08-07T08:09:36+07:00,,PASS,C:\Users\ironh\Downloads\PIG_Behavior_Project\data\videos\Pigs301119_000328_30fps.mp4,PASS,PASS,True,True,True
source=cvat_tracking_xml|dataset=cvat_tracking_pigs301119_000329|video=pigs301119_000329|track_id=6|anchor=18,source=cvat_tracking_xml|dataset=cvat_tracking_pigs301119_000329|video=pigs301119_000329|track_id=6,sitting,sitting,sitting,human_review,cvat_tracking_xml,pigs301119_000329,pigs301119_000329,301119,18,23,train,FOLD_2,train,,sitting,sitting_enriched,reviewed_engineering_amendment_992f34c0204a85a1,ab86e2e04267cfdc8248f9bdb8774615479d67a3589f7a25844bb1a4c93a639e,557156a7eb6cceeb6a91f667f7c51dcb286e3111f35f414970fa7431acc7e63b,posture_500_a566c58d252c1642,human_review_completed,TuanHM,2026-08-07T08:09:37+07:00,,PASS,C:\Users\ironh\Downloads\PIG_Behavior_Project\data\videos\Pigs301119_000329_30fps.mp4,PASS,PASS,True,True,True
source=cvat_tracking_xml|dataset=cvat_tracking_pigs301119_000328|video=pigs301119_000328|track_id=7|anchor=468,source=cvat_tracking_xml|dataset=cvat_tracking_pigs301119_000328|video=pigs301119_000328|track_id=7,sitting,sitting,sitting,human_review,cvat_tracking_xml,pigs301119_000328,pigs301119_000328,301119,468,473,train,FOLD_2,train,,sitting,sitting_enriched,reviewed_engineering_amendment_992f34c0204a85a1,ab86e2e04267cfdc8248f9bdb8774615479d67a3589f7a25844bb1a4c93a639e,557156a7eb6cceeb6a91f667f7c51dcb286e3111f35f414970fa7431acc7e63b,posture_500_a566c58d252c1642,human_review_completed,TuanHM,2026-08-07T08:09:38+07:00,,PASS,C:\Users\ironh\Downloads\PIG_Behavior_Project\data\videos\Pigs301119_000328_30fps.mp4,PASS,PASS,True,True,True
source=cvat_tracking_xml|dataset=cvat_tracking_pigs301119_000329|video=pigs301119_000329|track_id=2|anchor=1548,source=cvat_tracking_xml|dataset=cvat_tracking_pigs301119_000329|video=pigs301119_000329|track_id=2,sitting,sitting,sitting,human_review,cvat_tracking_xml,pigs301119_000329,pigs301119_000329,301119,1548,1553,train,FOLD_2,train,,sitting,sitting_enriched,reviewed_engineering_amendment_992f34c0204a85a1,ab86e2e04267cfdc8248f9bdb8774615479d67a3589f7a25844bb1a4c93a639e,557156a7eb6cceeb6a91f667f7c51dcb286e3111f35f414970fa7431acc7e63b,posture_500_a566c58d252c1642,human_review_completed,TuanHM,2026-08-07T08:09:39+07:00,,PASS,C:\Users\ironh\Downloads\PIG_Behavior_Project\data\videos\Pigs301119_000329_30fps.mp4,PASS,PASS,True,True,True
source=cvat_tracking_xml|dataset=cvat_tracking_pigs301119_000329|video=pigs301119_000329|track_id=5|anchor=462,source=cvat_tracking_xml|dataset=cvat_tracking_pigs301119_000329|video=pigs301119_000329|track_id=5,sitting,sitting,sitting,human_review,cvat_tracking_xml,pigs301119_000329,pigs301119_000329,301119,462,467,train,FOLD_2,train,,sitting,sitting_enriched,reviewed_engineering_amendment_992f34c0204a85a1,ab86e2e04267cfdc8248f9bdb8774615479d67a3589f7a25844bb1a4c93a639e,557156a7eb6cceeb6a91f667f7c51dcb286e3111f35f414970fa7431acc7e63b,posture_500_a566c58d252c1642,human_review_completed,TuanHM,2026-08-07T08:09:40+07:00,,PASS,C:\Users\ironh\Downloads\PIG_Behavior_Project\data\videos\Pigs301119_000329_30fps.mp4,PASS,PASS,True,True,True
source=cvat_tracking_xml|dataset=cvat_tracking_Pigs281119_000085_30fps|video=Pigs281119_000085_30fps|track_id=3|anchor=1074,source=cvat_tracking_xml|dataset=cvat_tracking_Pigs281119_000085_30fps|video=Pigs281119_000085_30fps|track_id=3,sitting,sitting,sitting,human_review,cvat_tracking_xml,Pigs281119_000085_30fps,Pigs281119_000085_30fps,281119,1074,1079,validation,FOLD_3,validation,,sitting,sitting_enriched,reviewed_engineering_amendment_992f34c0204a85a1,ab86e2e04267cfdc8248f9bdb8774615479d67a3589f7a25844bb1a4c93a639e,557156a7eb6cceeb6a91f667f7c51dcb286e3111f35f414970fa7431acc7e63b,posture_500_a566c58d252c1642,human_review_completed,TuanHM,2026-08-07T08:09:41+07:00,,PASS,C:\Users\ironh\Downloads\PIG_Behavior_Project\data\videos\Pigs281119_000085_30fps.mp4,PASS,PASS,True,True,True
source=cvat_tracking_xml|dataset=cvat_tracking_pigs301119_000328|video=pigs301119_000328|track_id=6|anchor=36,source=cvat_tracking_xml|dataset=cvat_tracking_pigs301119_000328|video=pigs301119_000328|track_id=6,sitting,sitting,sitting,human_review,cvat_tracking_xml,pigs301119_000328,pigs301119_000328,301119,36,41,train,FOLD_2,train,,sitting,sitting_enriched,reviewed_engineering_amendment_992f34c0204a85a1,ab86e2e04267cfdc8248f9bdb8774615479d67a3589f7a25844bb1a4c93a639e,557156a7eb6cceeb6a91f667f7c51dcb286e3111f35f414970fa7431acc7e63b,posture_500_a566c58d252c1642,human_review_completed,TuanHM,2026-08-07T08:09:42+07:00,,PASS,C:\Users\ironh\Downloads\PIG_Behavior_Project\data\videos\Pigs301119_000328_30fps.mp4,PASS,PASS,True,True,True
source=cvat_tracking_xml|dataset=cvat_tracking_Pigs281119_000085_30fps|video=Pigs281119_000085_30fps|track_id=1|anchor=1698,source=cvat_tracking_xml|dataset=cvat_tracking_Pigs281119_000085_30fps|video=Pigs281119_000085_30fps|track_id=1,sitting,sitting,sitting,human_review,cvat_tracking_xml,Pigs281119_000085_30fps,Pigs281119_000085_30fps,281119,1698,1703,validation,FOLD_3,validation,,sitting,sitting_enriched,reviewed_engineering_amendment_992f34c0204a85a1,ab86e2e04267cfdc8248f9bdb8774615479d67a3589f7a25844bb1a4c93a639e,557156a7eb6cceeb6a91f667f7c51dcb286e3111f35f414970fa7431acc7e63b,posture_500_a566c58d252c1642,human_review_completed,TuanHM,2026-08-07T08:09:44+07:00,,PASS,C:\Users\ironh\Downloads\PIG_Behavior_Project\data\videos\Pigs281119_000085_30fps.mp4,PASS,PASS,True,True,True
source=cvat_tracking_xml|dataset=cvat_tracking_pigs301119_000327|video=pigs301119_000327|track_id=6|anchor=30,source=cvat_tracking_xml|dataset=cvat_tracking_pigs301119_000327|video=pigs301119_000327|track_id=6,sitting,sitting,sitting,human_review,cvat_tracking_xml,pigs301119_000327,pigs301119_000327,301119,30,35,train,FOLD_2,train,,sitting,sitting_enriched,reviewed_engineering_amendment_992f34c0204a85a1,ab86e2e04267cfdc8248f9bdb8774615479d67a3589f7a25844bb1a4c93a639e,557156a7eb6cceeb6a91f667f7c51dcb286e3111f35f414970fa7431acc7e63b,posture_500_a566c58d252c1642,human_review_completed,TuanHM,2026-08-07T08:09:45+07:00,,PASS,C:\Users\ironh\Downloads\PIG_Behavior_Project\data\videos\Pigs301119_000327_30fps.mp4,PASS,PASS,True,True,True
source=cvat_tracking_xml|dataset=cvat_tracking_Pigs281119_000085_30fps|video=Pigs281119_000085_30fps|track_id=1|anchor=318,source=cvat_tracking_xml|dataset=cvat_tracking_Pigs281119_000085_30fps|video=Pigs281119_000085_30fps|track_id=1,sitting,sitting,sitting,human_review,cvat_tracking_xml,Pigs281119_000085_30fps,Pigs281119_000085_30fps,281119,318,323,validation,FOLD_3,validation,,sitting,sitting_enriched,reviewed_engineering_amendment_992f34c0204a85a1,ab86e2e04267cfdc8248f9bdb8774615479d67a3589f7a25844bb1a4c93a639e,557156a7eb6cceeb6a91f667f7c51dcb286e3111f35f414970fa7431acc7e63b,posture_500_a566c58d252c1642,human_review_completed,TuanHM,2026-08-07T08:09:46+07:00,,PASS,C:\Users\ironh\Downloads\PIG_Behavior_Project\data\videos\Pigs281119_000085_30fps.mp4,PASS,PASS,True,True,True
source=cvat_tracking_xml|dataset=cvat_tracking_pigs301119_000328|video=pigs301119_000328|track_id=5|anchor=1230,source=cvat_tracking_xml|dataset=cvat_tracking_pigs301119_000328|video=pigs301119_000328|track_id=5,sitting,sitting,sitting,human_review,cvat_tracking_xml,pigs301119_000328,pigs301119_000328,301119,1230,1235,train,FOLD_2,train,,sitting,sitting_enriched,reviewed_engineering_amendment_992f34c0204a85a1,ab86e2e04267cfdc8248f9bdb8774615479d67a3589f7a25844bb1a4c93a639e,557156a7eb6cceeb6a91f667f7c51dcb286e3111f35f414970fa7431acc7e63b,posture_500_a566c58d252c1642,human_review_completed,TuanHM,2026-08-07T08:09:47+07:00,,PASS,C:\Users\ironh\Downloads\PIG_Behavior_Project\data\videos\Pigs301119_000328_30fps.mp4,PASS,PASS,True,True,True
source=cvat_tracking_xml|dataset=cvat_tracking_Pigs281119_000085_30fps|video=Pigs281119_000085_30fps|track_id=0|anchor=102,source=cvat_tracking_xml|dataset=cvat_tracking_Pigs281119_000085_30fps|video=Pigs281119_000085_30fps|track_id=0,sitting,sitting,sitting,human_review,cvat_tracking_xml,Pigs281119_000085_30fps,Pigs281119_000085_30fps,281119,102,107,validation,FOLD_3,validation,,sitting,sitting_enriched,reviewed_engineering_amendment_992f34c0204a85a1,ab86e2e04267cfdc8248f9bdb8774615479d67a3589f7a25844bb1a4c93a639e,557156a7eb6cceeb6a91f667f7c51dcb286e3111f35f414970fa7431acc7e63b,posture_500_a566c58d252c1642,human_review_completed,TuanHM,2026-08-07T08:09:48+07:00,,PASS,C:\Users\ironh\Downloads\PIG_Behavior_Project\data\videos\Pigs281119_000085_30fps.mp4,PASS,PASS,True,True,True
source=cvat_tracking_xml|dataset=cvat_tracking_pigs301119_000327|video=pigs301119_000327|track_id=2|anchor=0,source=cvat_tracking_xml|dataset=cvat_tracking_pigs301119_000327|video=pigs301119_000327|track_id=2,sitting,sitting,sitting,human_review,cvat_tracking_xml,pigs301119_000327,pigs301119_000327,301119,0,5,train,FOLD_2,train,,sitting,sitting_enriched,reviewed_engineering_amendment_992f34c0204a85a1,ab86e2e04267cfdc8248f9bdb8774615479d67a3589f7a25844bb1a4c93a639e,557156a7eb6cceeb6a91f667f7c51dcb286e3111f35f414970fa7431acc7e63b,posture_500_a566c58d252c1642,human_review_completed,TuanHM,2026-08-07T08:09:49+07:00,,PASS,C:\Users\ironh\Downloads\PIG_Behavior_Project\data\videos\Pigs301119_000327_30fps.mp4,PASS,PASS,True,True,True
source=cvat_tracking_xml|dataset=cvat_tracking_pigs301119_000328|video=pigs301119_000328|track_id=7|anchor=1218,source=cvat_tracking_xml|dataset=cvat_tracking_pigs301119_000328|video=pigs301119_000328|track_id=7,sitting,sitting,sitting,human_review,cvat_tracking_xml,pigs301119_000328,pigs301119_000328,301119,1218,1223,train,FOLD_2,train,,sitting,sitting_enriched,reviewed_engineering_amendment_992f34c0204a85a1,ab86e2e04267cfdc8248f9bdb8774615479d67a3589f7a25844bb1a4c93a639e,557156a7eb6cceeb6a91f667f7c51dcb286e3111f35f414970fa7431acc7e63b,posture_500_a566c58d252c1642,human_review_completed,TuanHM,2026-08-07T08:09:50+07:00,,PASS,C:\Users\ironh\Downloads\PIG_Behavior_Project\data\videos\Pigs301119_000328_30fps.mp4,PASS,PASS,True,True,True
source=cvat_tracking_xml|dataset=cvat_tracking_pigs301119_000327|video=pigs301119_000327|track_id=0|anchor=1608,source=cvat_tracking_xml|dataset=cvat_tracking_pigs301119_000327|video=pigs301119_000327|track_id=0,sitting,sitting,sitting,human_review,cvat_tracking_xml,pigs301119_000327,pigs301119_000327,301119,1608,1613,train,FOLD_2,train,,sitting,sitting_enriched,reviewed_engineering_amendment_992f34c0204a85a1,ab86e2e04267cfdc8248f9bdb8774615479d67a3589f7a25844bb1a4c93a639e,557156a7eb6cceeb6a91f667f7c51dcb286e3111f35f414970fa7431acc7e63b,posture_500_a566c58d252c1642,human_review_completed,TuanHM,2026-08-07T08:09:51+07:00,,PASS,C:\Users\ironh\Downloads\PIG_Behavior_Project\data\videos\Pigs301119_000327_30fps.mp4,PASS,PASS,True,True,True
source=cvat_tracking_xml|dataset=cvat_tracking_pigs301119_000329|video=pigs301119_000329|track_id=3|anchor=828,source=cvat_tracking_xml|dataset=cvat_tracking_pigs301119_000329|video=pigs301119_000329|track_id=3,sitting,sitting,sitting,human_review,cvat_tracking_xml,pigs301119_000329,pigs301119_000329,301119,828,833,train,FOLD_2,train,,sitting,sitting_enriched,reviewed_engineering_amendment_992f34c0204a85a1,ab86e2e04267cfdc8248f9bdb8774615479d67a3589f7a25844bb1a4c93a639e,557156a7eb6cceeb6a91f667f7c51dcb286e3111f35f414970fa7431acc7e63b,posture_500_a566c58d252c1642,human_review_completed,TuanHM,2026-08-07T08:09:52+07:00,,PASS,C:\Users\ironh\Downloads\PIG_Behavior_Project\data\videos\Pigs301119_000329_30fps.mp4,PASS,PASS,True,True,True
source=cvat_tracking_xml|dataset=cvat_tracking_Pigs281119_000085_30fps|video=Pigs281119_000085_30fps|track_id=0|anchor=354,source=cvat_tracking_xml|dataset=cvat_tracking_Pigs281119_000085_30fps|video=Pigs281119_000085_30fps|track_id=0,sitting,sitting,sitting,human_review,cvat_tracking_xml,Pigs281119_000085_30fps,Pigs281119_000085_30fps,281119,354,359,validation,FOLD_3,validation,,sitting,sitting_enriched,reviewed_engineering_amendment_992f34c0204a85a1,ab86e2e04267cfdc8248f9bdb8774615479d67a3589f7a25844bb1a4c93a639e,557156a7eb6cceeb6a91f667f7c51dcb286e3111f35f414970fa7431acc7e63b,posture_500_a566c58d252c1642,human_review_completed,TuanHM,2026-08-07T08:09:54+07:00,,PASS,C:\Users\ironh\Downloads\PIG_Behavior_Project\data\videos\Pigs281119_000085_30fps.mp4,PASS,PASS,True,True,True
source=cvat_tracking_xml|dataset=cvat_tracking_pigs301119_000327|video=pigs301119_000327|track_id=7|anchor=1050,source=cvat_tracking_xml|dataset=cvat_tracking_pigs301119_000327|video=pigs301119_000327|track_id=7,sitting,sitting,sitting,human_review,cvat_tracking_xml,pigs301119_000327,pigs301119_000327,301119,1050,1055,train,FOLD_2,train,,sitting,sitting_enriched,reviewed_engineering_amendment_992f34c0204a85a1,ab86e2e04267cfdc8248f9bdb8774615479d67a3589f7a25844bb1a4c93a639e,557156a7eb6cceeb6a91f667f7c51dcb286e3111f35f414970fa7431acc7e63b,posture_500_a566c58d252c1642,human_review_completed,TuanHM,2026-08-07T08:09:55+07:00,,PASS,C:\Users\ironh\Downloads\PIG_Behavior_Project\data\videos\Pigs301119_000327_30fps.mp4,PASS,PASS,True,True,True
source=cvat_tracking_xml|dataset=cvat_tracking_pigs301119_000327|video=pigs301119_000327|track_id=0|anchor=1584,source=cvat_tracking_xml|dataset=cvat_tracking_pigs301119_000327|video=pigs301119_000327|track_id=0,sitting,sitting,sitting,human_review,cvat_tracking_xml,pigs301119_000327,pigs301119_000327,301119,1584,1589,train,FOLD_2,train,,sitting,sitting_enriched,reviewed_engineering_amendment_992f34c0204a85a1,ab86e2e04267cfdc8248f9bdb8774615479d67a3589f7a25844bb1a4c93a639e,557156a7eb6cceeb6a91f667f7c51dcb286e3111f35f414970fa7431acc7e63b,posture_500_a566c58d252c1642,human_review_completed,TuanHM,2026-08-07T08:09:56+07:00,,PASS,C:\Users\ironh\Downloads\PIG_Behavior_Project\data\videos\Pigs301119_000327_30fps.mp4,PASS,PASS,True,True,True
source=cvat_tracking_xml|dataset=cvat_tracking_pigs301119_000328|video=pigs301119_000328|track_id=7|anchor=402,source=cvat_tracking_xml|dataset=cvat_tracking_pigs301119_000328|video=pigs301119_000328|track_id=7,sitting,sitting,sitting,human_review,cvat_tracking_xml,pigs301119_000328,pigs301119_000328,301119,402,407,train,FOLD_2,train,,sitting,sitting_enriched,reviewed_engineering_amendment_992f34c0204a85a1,ab86e2e04267cfdc8248f9bdb8774615479d67a3589f7a25844bb1a4c93a639e,557156a7eb6cceeb6a91f667f7c51dcb286e3111f35f414970fa7431acc7e63b,posture_500_a566c58d252c1642,human_review_completed,TuanHM,2026-08-07T08:09:57+07:00,,PASS,C:\Users\ironh\Downloads\PIG_Behavior_Project\data\videos\Pigs301119_000328_30fps.mp4,PASS,PASS,True,True,True
source=cvat_tracking_xml|dataset=cvat_tracking_pigs301119_000328|video=pigs301119_000328|track_id=6|anchor=270,source=cvat_tracking_xml|dataset=cvat_tracking_pigs301119_000328|video=pigs301119_000328|track_id=6,sitting,sitting,sitting,human_review,cvat_tracking_xml,pigs301119_000328,pigs301119_000328,301119,270,275,train,FOLD_2,train,,sitting,sitting_enriched,reviewed_engineering_amendment_992f34c0204a85a1,ab86e2e04267cfdc8248f9bdb8774615479d67a3589f7a25844bb1a4c93a639e,557156a7eb6cceeb6a91f667f7c51dcb286e3111f35f414970fa7431acc7e63b,posture_500_a566c58d252c1642,human_review_completed,TuanHM,2026-08-07T08:09:58+07:00,,PASS,C:\Users\ironh\Downloads\PIG_Behavior_Project\data\videos\Pigs301119_000328_30fps.mp4,PASS,PASS,True,True,True
source=cvat_tracking_xml|dataset=cvat_tracking_pigs301119_000329|video=pigs301119_000329|track_id=2|anchor=1494,source=cvat_tracking_xml|dataset=cvat_tracking_pigs301119_000329|video=pigs301119_000329|track_id=2,sitting,sitting,sitting,human_review,cvat_tracking_xml,pigs301119_000329,pigs301119_000329,301119,1494,1499,train,FOLD_2,train,,sitting,sitting_enriched,reviewed_engineering_amendment_992f34c0204a85a1,ab86e2e04267cfdc8248f9bdb8774615479d67a3589f7a25844bb1a4c93a639e,557156a7eb6cceeb6a91f667f7c51dcb286e3111f35f414970fa7431acc7e63b,posture_500_a566c58d252c1642,human_review_completed,TuanHM,2026-08-07T08:09:59+07:00,,PASS,C:\Users\ironh\Downloads\PIG_Behavior_Project\data\videos\Pigs301119_000329_30fps.mp4,PASS,PASS,True,True,True
source=cvat_tracking_xml|dataset=cvat_tracking_Pigs281119_000085_30fps|video=Pigs281119_000085_30fps|track_id=3|anchor=924,source=cvat_tracking_xml|dataset=cvat_tracking_Pigs281119_000085_30fps|video=Pigs281119_000085_30fps|track_id=3,sitting,sitting,sitting,human_review,cvat_tracking_xml,Pigs281119_000085_30fps,Pigs281119_000085_30fps,281119,924,929,validation,FOLD_3,validation,,sitting,sitting_enriched,reviewed_engineering_amendment_992f34c0204a85a1,ab86e2e04267cfdc8248f9bdb8774615479d67a3589f7a25844bb1a4c93a639e,557156a7eb6cceeb6a91f667f7c51dcb286e3111f35f414970fa7431acc7e63b,posture_500_a566c58d252c1642,human_review_completed,TuanHM,2026-08-07T08:10:04+07:00,,PASS,C:\Users\ironh\Downloads\PIG_Behavior_Project\data\videos\Pigs281119_000085_30fps.mp4,PASS,PASS,True,True,True
source=cvat_tracking_xml|dataset=cvat_tracking_pigs301119_000328|video=pigs301119_000328|track_id=7|anchor=642,source=cvat_tracking_xml|dataset=cvat_tracking_pigs301119_000328|video=pigs301119_000328|track_id=7,sitting,sitting,sitting,human_review,cvat_tracking_xml,pigs301119_000328,pigs301119_000328,301119,642,647,train,FOLD_2,train,,sitting,sitting_enriched,reviewed_engineering_amendment_992f34c0204a85a1,ab86e2e04267cfdc8248f9bdb8774615479d67a3589f7a25844bb1a4c93a639e,557156a7eb6cceeb6a91f667f7c51dcb286e3111f35f414970fa7431acc7e63b,posture_500_a566c58d252c1642,human_review_completed,TuanHM,2026-08-07T08:10:06+07:00,,PASS,C:\Users\ironh\Downloads\PIG_Behavior_Project\data\videos\Pigs301119_000328_30fps.mp4,PASS,PASS,True,True,True
source=cvat_tracking_xml|dataset=cvat_tracking_pigs301119_000329|video=pigs301119_000329|track_id=3|anchor=1020,source=cvat_tracking_xml|dataset=cvat_tracking_pigs301119_000329|video=pigs301119_000329|track_id=3,sitting,sitting,sitting,human_review,cvat_tracking_xml,pigs301119_000329,pigs301119_000329,301119,1020,1025,train,FOLD_2,train,,sitting,sitting_enriched,reviewed_engineering_amendment_992f34c0204a85a1,ab86e2e04267cfdc8248f9bdb8774615479d67a3589f7a25844bb1a4c93a639e,557156a7eb6cceeb6a91f667f7c51dcb286e3111f35f414970fa7431acc7e63b,posture_500_a566c58d252c1642,human_review_completed,TuanHM,2026-08-07T08:10:07+07:00,,PASS,C:\Users\ironh\Downloads\PIG_Behavior_Project\data\videos\Pigs301119_000329_30fps.mp4,PASS,PASS,True,True,True
source=cvat_tracking_xml|dataset=cvat_tracking_pigs301119_000329|video=pigs301119_000329|track_id=5|anchor=588,source=cvat_tracking_xml|dataset=cvat_tracking_pigs301119_000329|video=pigs301119_000329|track_id=5,sitting,sitting,sitting,human_review,cvat_tracking_xml,pigs301119_000329,pigs301119_000329,301119,588,593,train,FOLD_2,train,,sitting,sitting_enriched,reviewed_engineering_amendment_992f34c0204a85a1,ab86e2e04267cfdc8248f9bdb8774615479d67a3589f7a25844bb1a4c93a639e,557156a7eb6cceeb6a91f667f7c51dcb286e3111f35f414970fa7431acc7e63b,posture_500_a566c58d252c1642,human_review_completed,TuanHM,2026-08-07T08:10:08+07:00,,PASS,C:\Users\ironh\Downloads\PIG_Behavior_Project\data\videos\Pigs301119_000329_30fps.mp4,PASS,PASS,True,True,True
source=cvat_tracking_xml|dataset=cvat_tracking_pigs301119_000328|video=pigs301119_000328|track_id=7|anchor=1566,source=cvat_tracking_xml|dataset=cvat_tracking_pigs301119_000328|video=pigs301119_000328|track_id=7,sitting,sitting,sitting,human_review,cvat_tracking_xml,pigs301119_000328,pigs301119_000328,301119,1566,1571,train,FOLD_2,train,,sitting,sitting_enriched,reviewed_engineering_amendment_992f34c0204a85a1,ab86e2e04267cfdc8248f9bdb8774615479d67a3589f7a25844bb1a4c93a639e,557156a7eb6cceeb6a91f667f7c51dcb286e3111f35f414970fa7431acc7e63b,posture_500_a566c58d252c1642,human_review_completed,TuanHM,2026-08-07T08:10:10+07:00,,PASS,C:\Users\ironh\Downloads\PIG_Behavior_Project\data\videos\Pigs301119_000328_30fps.mp4,PASS,PASS,True,True,True
source=cvat_tracking_xml|dataset=cvat_tracking_pigs301119_000329|video=pigs301119_000329|track_id=6|anchor=96,source=cvat_tracking_xml|dataset=cvat_tracking_pigs301119_000329|video=pigs301119_000329|track_id=6,sitting,sitting,sitting,human_review,cvat_tracking_xml,pigs301119_000329,pigs301119_000329,301119,96,101,train,FOLD_2,train,,sitting,sitting_enriched,reviewed_engineering_amendment_992f34c0204a85a1,ab86e2e04267cfdc8248f9bdb8774615479d67a3589f7a25844bb1a4c93a639e,557156a7eb6cceeb6a91f667f7c51dcb286e3111f35f414970fa7431acc7e63b,posture_500_a566c58d252c1642,human_review_completed,TuanHM,2026-08-07T08:10:11+07:00,,PASS,C:\Users\ironh\Downloads\PIG_Behavior_Project\data\videos\Pigs301119_000329_30fps.mp4,PASS,PASS,True,True,True
source=cvat_tracking_xml|dataset=cvat_tracking_pigs301119_000328|video=pigs301119_000328|track_id=7|anchor=1458,source=cvat_tracking_xml|dataset=cvat_tracking_pigs301119_000328|video=pigs301119_000328|track_id=7,sitting,sitting,sitting,human_review,cvat_tracking_xml,pigs301119_000328,pigs301119_000328,301119,1458,1463,train,FOLD_2,train,,sitting,sitting_enriched,reviewed_engineering_amendment_992f34c0204a85a1,ab86e2e04267cfdc8248f9bdb8774615479d67a3589f7a25844bb1a4c93a639e,557156a7eb6cceeb6a91f667f7c51dcb286e3111f35f414970fa7431acc7e63b,posture_500_a566c58d252c1642,human_review_completed,TuanHM,2026-08-07T08:10:12+07:00,,PASS,C:\Users\ironh\Downloads\PIG_Behavior_Project\data\videos\Pigs301119_000328_30fps.mp4,PASS,PASS,True,True,True
source=cvat_tracking_xml|dataset=cvat_tracking_pigs301119_000328|video=pigs301119_000328|track_id=7|anchor=1152,source=cvat_tracking_xml|dataset=cvat_tracking_pigs301119_000328|video=pigs301119_000328|track_id=7,sitting,sitting,sitting,human_review,cvat_tracking_xml,pigs301119_000328,pigs301119_000328,301119,1152,1157,train,FOLD_2,train,,sitting,sitting_enriched,reviewed_engineering_amendment_992f34c0204a85a1,ab86e2e04267cfdc8248f9bdb8774615479d67a3589f7a25844bb1a4c93a639e,557156a7eb6cceeb6a91f667f7c51dcb286e3111f35f414970fa7431acc7e63b,posture_500_a566c58d252c1642,human_review_completed,TuanHM,2026-08-07T08:10:13+07:00,,PASS,C:\Users\ironh\Downloads\PIG_Behavior_Project\data\videos\Pigs301119_000328_30fps.mp4,PASS,PASS,True,True,True
source=cvat_tracking_xml|dataset=cvat_tracking_pigs301119_000327|video=pigs301119_000327|track_id=7|anchor=978,source=cvat_tracking_xml|dataset=cvat_tracking_pigs301119_000327|video=pigs301119_000327|track_id=7,sitting,sitting,sitting,human_review,cvat_tracking_xml,pigs301119_000327,pigs301119_000327,301119,978,983,train,FOLD_2,train,,sitting,sitting_enriched,reviewed_engineering_amendment_992f34c0204a85a1,ab86e2e04267cfdc8248f9bdb8774615479d67a3589f7a25844bb1a4c93a639e,557156a7eb6cceeb6a91f667f7c51dcb286e3111f35f414970fa7431acc7e63b,posture_500_a566c58d252c1642,human_review_completed,TuanHM,2026-08-07T08:10:14+07:00,,PASS,C:\Users\ironh\Downloads\PIG_Behavior_Project\data\videos\Pigs301119_000327_30fps.mp4,PASS,PASS,True,True,True
source=cvat_tracking_xml|dataset=cvat_tracking_pigs301119_000329|video=pigs301119_000329|track_id=0|anchor=1296,source=cvat_tracking_xml|dataset=cvat_tracking_pigs301119_000329|video=pigs301119_000329|track_id=0,sitting,sitting,sitting,human_review,cvat_tracking_xml,pigs301119_000329,pigs301119_000329,301119,1296,1301,train,FOLD_2,train,,sitting,sitting_enriched,reviewed_engineering_amendment_992f34c0204a85a1,ab86e2e04267cfdc8248f9bdb8774615479d67a3589f7a25844bb1a4c93a639e,557156a7eb6cceeb6a91f667f7c51dcb286e3111f35f414970fa7431acc7e63b,posture_500_a566c58d252c1642,human_review_completed,TuanHM,2026-08-07T08:10:15+07:00,,PASS,C:\Users\ironh\Downloads\PIG_Behavior_Project\data\videos\Pigs301119_000329_30fps.mp4,PASS,PASS,True,True,True
source=cvat_tracking_xml|dataset=cvat_tracking_pigs301119_000329|video=pigs301119_000329|track_id=5|anchor=570,source=cvat_tracking_xml|dataset=cvat_tracking_pigs301119_000329|video=pigs301119_000329|track_id=5,sitting,sitting,sitting,human_review,cvat_tracking_xml,pigs301119_000329,pigs301119_000329,301119,570,575,train,FOLD_2,train,,sitting,sitting_enriched,reviewed_engineering_amendment_992f34c0204a85a1,ab86e2e04267cfdc8248f9bdb8774615479d67a3589f7a25844bb1a4c93a639e,557156a7eb6cceeb6a91f667f7c51dcb286e3111f35f414970fa7431acc7e63b,posture_500_a566c58d252c1642,human_review_completed,TuanHM,2026-08-07T08:10:16+07:00,,PASS,C:\Users\ironh\Downloads\PIG_Behavior_Project\data\videos\Pigs301119_000329_30fps.mp4,PASS,PASS,True,True,True
source=cvat_tracking_xml|dataset=cvat_tracking_pigs301119_000328|video=pigs301119_000328|track_id=0|anchor=396,source=cvat_tracking_xml|dataset=cvat_tracking_pigs301119_000328|video=pigs301119_000328|track_id=0,sitting,sitting,sitting,human_review,cvat_tracking_xml,pigs301119_000328,pigs301119_000328,301119,396,401,train,FOLD_2,train,,sitting,sitting_enriched,reviewed_engineering_amendment_992f34c0204a85a1,ab86e2e04267cfdc8248f9bdb8774615479d67a3589f7a25844bb1a4c93a639e,557156a7eb6cceeb6a91f667f7c51dcb286e3111f35f414970fa7431acc7e63b,posture_500_a566c58d252c1642,human_review_completed,TuanHM,2026-08-07T08:10:17+07:00,,PASS,C:\Users\ironh\Downloads\PIG_Behavior_Project\data\videos\Pigs301119_000328_30fps.mp4,PASS,PASS,True,True,True
source=cvat_tracking_xml|dataset=cvat_tracking_pigs301119_000327|video=pigs301119_000327|track_id=2|anchor=6,source=cvat_tracking_xml|dataset=cvat_tracking_pigs301119_000327|video=pigs301119_000327|track_id=2,sitting,sitting,sitting,human_review,cvat_tracking_xml,pigs301119_000327,pigs301119_000327,301119,6,11,train,FOLD_2,train,,sitting,sitting_enriched,reviewed_engineering_amendment_992f34c0204a85a1,ab86e2e04267cfdc8248f9bdb8774615479d67a3589f7a25844bb1a4c93a639e,557156a7eb6cceeb6a91f667f7c51dcb286e3111f35f414970fa7431acc7e63b,posture_500_a566c58d252c1642,human_review_completed,TuanHM,2026-08-07T08:10:18+07:00,,PASS,C:\Users\ironh\Downloads\PIG_Behavior_Project\data\videos\Pigs301119_000327_30fps.mp4,PASS,PASS,True,True,True
source=cvat_tracking_xml|dataset=cvat_tracking_pigs301119_000327|video=pigs301119_000327|track_id=0|anchor=1740,source=cvat_tracking_xml|dataset=cvat_tracking_pigs301119_000327|video=pigs301119_000327|track_id=0,sitting,sitting,sitting,human_review,cvat_tracking_xml,pigs301119_000327,pigs301119_000327,301119,1740,1745,train,FOLD_2,train,,sitting,sitting_enriched,reviewed_engineering_amendment_992f34c0204a85a1,ab86e2e04267cfdc8248f9bdb8774615479d67a3589f7a25844bb1a4c93a639e,557156a7eb6cceeb6a91f667f7c51dcb286e3111f35f414970fa7431acc7e63b,posture_500_a566c58d252c1642,human_review_completed,TuanHM,2026-08-07T08:10:19+07:00,,PASS,C:\Users\ironh\Downloads\PIG_Behavior_Project\data\videos\Pigs301119_000327_30fps.mp4,PASS,PASS,True,True,True
source=cvat_tracking_xml|dataset=cvat_tracking_pigs301119_000328|video=pigs301119_000328|track_id=0|anchor=714,source=cvat_tracking_xml|dataset=cvat_tracking_pigs301119_000328|video=pigs301119_000328|track_id=0,sitting,sitting,sitting,human_review,cvat_tracking_xml,pigs301119_000328,pigs301119_000328,301119,714,719,train,FOLD_2,train,,sitting,sitting_enriched,reviewed_engineering_amendment_992f34c0204a85a1,ab86e2e04267cfdc8248f9bdb8774615479d67a3589f7a25844bb1a4c93a639e,557156a7eb6cceeb6a91f667f7c51dcb286e3111f35f414970fa7431acc7e63b,posture_500_a566c58d252c1642,human_review_completed,TuanHM,2026-08-07T08:10:20+07:00,,PASS,C:\Users\ironh\Downloads\PIG_Behavior_Project\data\videos\Pigs301119_000328_30fps.mp4,PASS,PASS,True,True,True
source=cvat_tracking_xml|dataset=cvat_tracking_pigs301119_000328|video=pigs301119_000328|track_id=6|anchor=222,source=cvat_tracking_xml|dataset=cvat_tracking_pigs301119_000328|video=pigs301119_000328|track_id=6,sitting,sitting,sitting,human_review,cvat_tracking_xml,pigs301119_000328,pigs301119_000328,301119,222,227,train,FOLD_2,train,,sitting,sitting_enriched,reviewed_engineering_amendment_992f34c0204a85a1,ab86e2e04267cfdc8248f9bdb8774615479d67a3589f7a25844bb1a4c93a639e,557156a7eb6cceeb6a91f667f7c51dcb286e3111f35f414970fa7431acc7e63b,posture_500_a566c58d252c1642,human_review_completed,TuanHM,2026-08-07T08:10:21+07:00,,PASS,C:\Users\ironh\Downloads\PIG_Behavior_Project\data\videos\Pigs301119_000328_30fps.mp4,PASS,PASS,True,True,True
source=cvat_tracking_xml|dataset=cvat_tracking_pigs301119_000328|video=pigs301119_000328|track_id=5|anchor=834,source=cvat_tracking_xml|dataset=cvat_tracking_pigs301119_000328|video=pigs301119_000328|track_id=5,sitting,sitting,sitting,human_review,cvat_tracking_xml,pigs301119_000328,pigs301119_000328,301119,834,839,train,FOLD_2,train,,sitting,sitting_enriched,reviewed_engineering_amendment_992f34c0204a85a1,ab86e2e04267cfdc8248f9bdb8774615479d67a3589f7a25844bb1a4c93a639e,557156a7eb6cceeb6a91f667f7c51dcb286e3111f35f414970fa7431acc7e63b,posture_500_a566c58d252c1642,human_review_completed,TuanHM,2026-08-07T08:10:22+07:00,,PASS,C:\Users\ironh\Downloads\PIG_Behavior_Project\data\videos\Pigs301119_000328_30fps.mp4,PASS,PASS,True,True,True
source=cvat_tracking_xml|dataset=cvat_tracking_pigs301119_000329|video=pigs301119_000329|track_id=3|anchor=1554,source=cvat_tracking_xml|dataset=cvat_tracking_pigs301119_000329|video=pigs301119_000329|track_id=3,sitting,sitting,sitting,human_review,cvat_tracking_xml,pigs301119_000329,pigs301119_000329,301119,1554,1559,train,FOLD_2,train,,sitting,sitting_enriched,reviewed_engineering_amendment_992f34c0204a85a1,ab86e2e04267cfdc8248f9bdb8774615479d67a3589f7a25844bb1a4c93a639e,557156a7eb6cceeb6a91f667f7c51dcb286e3111f35f414970fa7431acc7e63b,posture_500_a566c58d252c1642,human_review_completed,TuanHM,2026-08-07T08:10:24+07:00,,PASS,C:\Users\ironh\Downloads\PIG_Behavior_Project\data\videos\Pigs301119_000329_30fps.mp4,PASS,PASS,True,True,True
source=cvat_tracking_xml|dataset=cvat_tracking_pigs301119_000327|video=pigs301119_000327|track_id=7|anchor=1416,source=cvat_tracking_xml|dataset=cvat_tracking_pigs301119_000327|video=pigs301119_000327|track_id=7,upright,upright,upright,human_review,cvat_tracking_xml,pigs301119_000327,pigs301119_000327,301119,1416,1421,exclude|train,FOLD_2,train,exclude,sitting,sitting_enriched,reviewed_engineering_amendment_992f34c0204a85a1,ab86e2e04267cfdc8248f9bdb8774615479d67a3589f7a25844bb1a4c93a639e,557156a7eb6cceeb6a91f667f7c51dcb286e3111f35f414970fa7431acc7e63b,posture_500_a566c58d252c1642,human_review_completed,TuanHM,2026-08-07T08:10:33+07:00,,PASS,C:\Users\ironh\Downloads\PIG_Behavior_Project\data\videos\Pigs301119_000327_30fps.mp4,PASS,PASS,True,True,False
source=cvat_tracking_xml|dataset=cvat_tracking_pigs301119_000329|video=pigs301119_000329|track_id=5|anchor=894,source=cvat_tracking_xml|dataset=cvat_tracking_pigs301119_000329|video=pigs301119_000329|track_id=5,sitting,sitting,sitting,human_review,cvat_tracking_xml,pigs301119_000329,pigs301119_000329,301119,894,899,train,FOLD_2,train,,sitting,sitting_enriched,reviewed_engineering_amendment_992f34c0204a85a1,ab86e2e04267cfdc8248f9bdb8774615479d67a3589f7a25844bb1a4c93a639e,557156a7eb6cceeb6a91f667f7c51dcb286e3111f35f414970fa7431acc7e63b,posture_500_a566c58d252c1642,human_review_completed,TuanHM,2026-08-07T08:10:34+07:00,,PASS,C:\Users\ironh\Downloads\PIG_Behavior_Project\data\videos\Pigs301119_000329_30fps.mp4,PASS,PASS,True,True,True
source=cvat_tracking_xml|dataset=cvat_tracking_pigs301119_000329|video=pigs301119_000329|track_id=5|anchor=1164,source=cvat_tracking_xml|dataset=cvat_tracking_pigs301119_000329|video=pigs301119_000329|track_id=5,sitting,sitting,sitting,human_review,cvat_tracking_xml,pigs301119_000329,pigs301119_000329,301119,1164,1169,train,FOLD_2,train,,sitting,sitting_enriched,reviewed_engineering_amendment_992f34c0204a85a1,ab86e2e04267cfdc8248f9bdb8774615479d67a3589f7a25844bb1a4c93a639e,557156a7eb6cceeb6a91f667f7c51dcb286e3111f35f414970fa7431acc7e63b,posture_500_a566c58d252c1642,human_review_completed,TuanHM,2026-08-07T08:10:35+07:00,,PASS,C:\Users\ironh\Downloads\PIG_Behavior_Project\data\videos\Pigs301119_000329_30fps.mp4,PASS,PASS,True,True,True
source=cvat_tracking_xml|dataset=cvat_tracking_pigs301119_000329|video=pigs301119_000329|track_id=6|anchor=786,source=cvat_tracking_xml|dataset=cvat_tracking_pigs301119_000329|video=pigs301119_000329|track_id=6,sitting,sitting,sitting,human_review,cvat_tracking_xml,pigs301119_000329,pigs301119_000329,301119,786,791,train,FOLD_2,train,,sitting,sitting_enriched,reviewed_engineering_amendment_992f34c0204a85a1,ab86e2e04267cfdc8248f9bdb8774615479d67a3589f7a25844bb1a4c93a639e,557156a7eb6cceeb6a91f667f7c51dcb286e3111f35f414970fa7431acc7e63b,posture_500_a566c58d252c1642,human_review_completed,TuanHM,2026-08-07T08:10:36+07:00,,PASS,C:\Users\ironh\Downloads\PIG_Behavior_Project\data\videos\Pigs301119_000329_30fps.mp4,PASS,PASS,True,True,True
source=cvat_tracking_xml|dataset=cvat_tracking_pigs301119_000327|video=pigs301119_000327|track_id=7|anchor=1038,source=cvat_tracking_xml|dataset=cvat_tracking_pigs301119_000327|video=pigs301119_000327|track_id=7,sitting,sitting,sitting,human_review,cvat_tracking_xml,pigs301119_000327,pigs301119_000327,301119,1038,1043,train,FOLD_2,train,,sitting,sitting_enriched,reviewed_engineering_amendment_992f34c0204a85a1,ab86e2e04267cfdc8248f9bdb8774615479d67a3589f7a25844bb1a4c93a639e,557156a7eb6cceeb6a91f667f7c51dcb286e3111f35f414970fa7431acc7e63b,posture_500_a566c58d252c1642,human_review_completed,TuanHM,2026-08-07T08:10:37+07:00,,PASS,C:\Users\ironh\Downloads\PIG_Behavior_Project\data\videos\Pigs301119_000327_30fps.mp4,PASS,PASS,True,True,True
source=cvat_tracking_xml|dataset=cvat_tracking_pigs301119_000327|video=pigs301119_000327|track_id=5|anchor=1212,source=cvat_tracking_xml|dataset=cvat_tracking_pigs301119_000327|video=pigs301119_000327|track_id=5,upright,upright,upright,human_review,cvat_tracking_xml,pigs301119_000327,pigs301119_000327,301119,1212,1217,exclude|train,FOLD_2,train,exclude,sitting,sitting_enriched,reviewed_engineering_amendment_992f34c0204a85a1,ab86e2e04267cfdc8248f9bdb8774615479d67a3589f7a25844bb1a4c93a639e,557156a7eb6cceeb6a91f667f7c51dcb286e3111f35f414970fa7431acc7e63b,posture_500_a566c58d252c1642,human_review_completed,TuanHM,2026-08-07T08:10:44+07:00,,PASS,C:\Users\ironh\Downloads\PIG_Behavior_Project\data\videos\Pigs301119_000327_30fps.mp4,PASS,PASS,True,True,False
source=cvat_tracking_xml|dataset=cvat_tracking_pigs301119_000329|video=pigs301119_000329|track_id=0|anchor=1680,source=cvat_tracking_xml|dataset=cvat_tracking_pigs301119_000329|video=pigs301119_000329|track_id=0,sitting,sitting,sitting,human_review,cvat_tracking_xml,pigs301119_000329,pigs301119_000329,301119,1680,1685,train,FOLD_2,train,,sitting,sitting_enriched,reviewed_engineering_amendment_992f34c0204a85a1,ab86e2e04267cfdc8248f9bdb8774615479d67a3589f7a25844bb1a4c93a639e,557156a7eb6cceeb6a91f667f7c51dcb286e3111f35f414970fa7431acc7e63b,posture_500_a566c58d252c1642,human_review_completed,TuanHM,2026-08-07T08:10:47+07:00,,PASS,C:\Users\ironh\Downloads\PIG_Behavior_Project\data\videos\Pigs301119_000329_30fps.mp4,PASS,PASS,True,True,True
source=cvat_tracking_xml|dataset=cvat_tracking_pigs301119_000329|video=pigs301119_000329|track_id=5|anchor=984,source=cvat_tracking_xml|dataset=cvat_tracking_pigs301119_000329|video=pigs301119_000329|track_id=5,sitting,sitting,sitting,human_review,cvat_tracking_xml,pigs301119_000329,pigs301119_000329,301119,984,989,train,FOLD_2,train,,sitting,sitting_enriched,reviewed_engineering_amendment_992f34c0204a85a1,ab86e2e04267cfdc8248f9bdb8774615479d67a3589f7a25844bb1a4c93a639e,557156a7eb6cceeb6a91f667f7c51dcb286e3111f35f414970fa7431acc7e63b,posture_500_a566c58d252c1642,human_review_completed,TuanHM,2026-08-07T08:10:49+07:00,,PASS,C:\Users\ironh\Downloads\PIG_Behavior_Project\data\videos\Pigs301119_000329_30fps.mp4,PASS,PASS,True,True,True
source=cvat_tracking_xml|dataset=cvat_tracking_pigs301119_000329|video=pigs301119_000329|track_id=3|anchor=1392,source=cvat_tracking_xml|dataset=cvat_tracking_pigs301119_000329|video=pigs301119_000329|track_id=3,sitting,sitting,sitting,human_review,cvat_tracking_xml,pigs301119_000329,pigs301119_000329,301119,1392,1397,train,FOLD_2,train,,sitting,sitting_enriched,reviewed_engineering_amendment_992f34c0204a85a1,ab86e2e04267cfdc8248f9bdb8774615479d67a3589f7a25844bb1a4c93a639e,557156a7eb6cceeb6a91f667f7c51dcb286e3111f35f414970fa7431acc7e63b,posture_500_a566c58d252c1642,human_review_completed,TuanHM,2026-08-07T08:10:50+07:00,,PASS,C:\Users\ironh\Downloads\PIG_Behavior_Project\data\videos\Pigs301119_000329_30fps.mp4,PASS,PASS,True,True,True
source=cvat_tracking_xml|dataset=cvat_tracking_pigs301119_000329|video=pigs301119_000329|track_id=0|anchor=1434,source=cvat_tracking_xml|dataset=cvat_tracking_pigs301119_000329|video=pigs301119_000329|track_id=0,sitting,sitting,sitting,human_review,cvat_tracking_xml,pigs301119_000329,pigs301119_000329,301119,1434,1439,train,FOLD_2,train,,sitting,sitting_enriched,reviewed_engineering_amendment_992f34c0204a85a1,ab86e2e04267cfdc8248f9bdb8774615479d67a3589f7a25844bb1a4c93a639e,557156a7eb6cceeb6a91f667f7c51dcb286e3111f35f414970fa7431acc7e63b,posture_500_a566c58d252c1642,human_review_completed,TuanHM,2026-08-07T08:10:52+07:00,,PASS,C:\Users\ironh\Downloads\PIG_Behavior_Project\data\videos\Pigs301119_000329_30fps.mp4,PASS,PASS,True,True,True
source=cvat_tracking_xml|dataset=cvat_tracking_pigs301119_000329|video=pigs301119_000329|track_id=2|anchor=1326,source=cvat_tracking_xml|dataset=cvat_tracking_pigs301119_000329|video=pigs301119_000329|track_id=2,sitting,sitting,sitting,human_review,cvat_tracking_xml,pigs301119_000329,pigs301119_000329,301119,1326,1331,train,FOLD_2,train,,sitting,sitting_enriched,reviewed_engineering_amendment_992f34c0204a85a1,ab86e2e04267cfdc8248f9bdb8774615479d67a3589f7a25844bb1a4c93a639e,557156a7eb6cceeb6a91f667f7c51dcb286e3111f35f414970fa7431acc7e63b,posture_500_a566c58d252c1642,human_review_completed,TuanHM,2026-08-07T08:10:53+07:00,,PASS,C:\Users\ironh\Downloads\PIG_Behavior_Project\data\videos\Pigs301119_000329_30fps.mp4,PASS,PASS,True,True,True
source=cvat_tracking_xml|dataset=cvat_tracking_pigs301119_000329|video=pigs301119_000329|track_id=5|anchor=600,source=cvat_tracking_xml|dataset=cvat_tracking_pigs301119_000329|video=pigs301119_000329|track_id=5,sitting,sitting,sitting,human_review,cvat_tracking_xml,pigs301119_000329,pigs301119_000329,301119,600,605,train,FOLD_2,train,,sitting,sitting_enriched,reviewed_engineering_amendment_992f34c0204a85a1,ab86e2e04267cfdc8248f9bdb8774615479d67a3589f7a25844bb1a4c93a639e,557156a7eb6cceeb6a91f667f7c51dcb286e3111f35f414970fa7431acc7e63b,posture_500_a566c58d252c1642,human_review_completed,TuanHM,2026-08-07T08:10:54+07:00,,PASS,C:\Users\ironh\Downloads\PIG_Behavior_Project\data\videos\Pigs301119_000329_30fps.mp4,PASS,PASS,True,True,True
source=cvat_tracking_xml|dataset=cvat_tracking_pigs301119_000329|video=pigs301119_000329|track_id=5|anchor=678,source=cvat_tracking_xml|dataset=cvat_tracking_pigs301119_000329|video=pigs301119_000329|track_id=5,sitting,sitting,sitting,human_review,cvat_tracking_xml,pigs301119_000329,pigs301119_000329,301119,678,683,train,FOLD_2,train,,sitting,sitting_enriched,reviewed_engineering_amendment_992f34c0204a85a1,ab86e2e04267cfdc8248f9bdb8774615479d67a3589f7a25844bb1a4c93a639e,557156a7eb6cceeb6a91f667f7c51dcb286e3111f35f414970fa7431acc7e63b,posture_500_a566c58d252c1642,human_review_completed,TuanHM,2026-08-07T08:10:58+07:00,,PASS,C:\Users\ironh\Downloads\PIG_Behavior_Project\data\videos\Pigs301119_000329_30fps.mp4,PASS,PASS,True,True,True
source=cvat_tracking_xml|dataset=cvat_tracking_pigs301119_000329|video=pigs301119_000329|track_id=5|anchor=1794,source=cvat_tracking_xml|dataset=cvat_tracking_pigs301119_000329|video=pigs301119_000329|track_id=5,sitting,sitting,sitting,human_review,cvat_tracking_xml,pigs301119_000329,pigs301119_000329,301119,1794,1799,exclude|train,FOLD_2,train,exclude,sitting,sitting_enriched,reviewed_engineering_amendment_992f34c0204a85a1,ab86e2e04267cfdc8248f9bdb8774615479d67a3589f7a25844bb1a4c93a639e,557156a7eb6cceeb6a91f667f7c51dcb286e3111f35f414970fa7431acc7e63b,posture_500_a566c58d252c1642,human_review_completed,TuanHM,2026-08-07T08:10:59+07:00,,PASS,C:\Users\ironh\Downloads\PIG_Behavior_Project\data\videos\Pigs301119_000329_30fps.mp4,PASS,PASS,True,True,False
source=cvat_tracking_xml|dataset=cvat_tracking_pigs301119_000327|video=pigs301119_000327|track_id=0|anchor=1650,source=cvat_tracking_xml|dataset=cvat_tracking_pigs301119_000327|video=pigs301119_000327|track_id=0,sitting,sitting,sitting,human_review,cvat_tracking_xml,pigs301119_000327,pigs301119_000327,301119,1650,1655,train,FOLD_2,train,,sitting,sitting_enriched,reviewed_engineering_amendment_992f34c0204a85a1,ab86e2e04267cfdc8248f9bdb8774615479d67a3589f7a25844bb1a4c93a639e,557156a7eb6cceeb6a91f667f7c51dcb286e3111f35f414970fa7431acc7e63b,posture_500_a566c58d252c1642,human_review_completed,TuanHM,2026-08-07T08:11:01+07:00,,PASS,C:\Users\ironh\Downloads\PIG_Behavior_Project\data\videos\Pigs301119_000327_30fps.mp4,PASS,PASS,True,True,True
source=cvat_tracking_xml|dataset=cvat_tracking_pigs301119_000327|video=pigs301119_000327|track_id=0|anchor=1308,source=cvat_tracking_xml|dataset=cvat_tracking_pigs301119_000327|video=pigs301119_000327|track_id=0,sitting,sitting,sitting,human_review,cvat_tracking_xml,pigs301119_000327,pigs301119_000327,301119,1308,1313,train,FOLD_2,train,,sitting,sitting_enriched,reviewed_engineering_amendment_992f34c0204a85a1,ab86e2e04267cfdc8248f9bdb8774615479d67a3589f7a25844bb1a4c93a639e,557156a7eb6cceeb6a91f667f7c51dcb286e3111f35f414970fa7431acc7e63b,posture_500_a566c58d252c1642,human_review_completed,TuanHM,2026-08-07T08:11:03+07:00,,PASS,C:\Users\ironh\Downloads\PIG_Behavior_Project\data\videos\Pigs301119_000327_30fps.mp4,PASS,PASS,True,True,True
source=cvat_tracking_xml|dataset=cvat_tracking_pigs301119_000327|video=pigs301119_000327|track_id=7|anchor=954,source=cvat_tracking_xml|dataset=cvat_tracking_pigs301119_000327|video=pigs301119_000327|track_id=7,sitting,sitting,sitting,human_review,cvat_tracking_xml,pigs301119_000327,pigs301119_000327,301119,954,959,train,FOLD_2,train,,sitting,sitting_enriched,reviewed_engineering_amendment_992f34c0204a85a1,ab86e2e04267cfdc8248f9bdb8774615479d67a3589f7a25844bb1a4c93a639e,557156a7eb6cceeb6a91f667f7c51dcb286e3111f35f414970fa7431acc7e63b,posture_500_a566c58d252c1642,human_review_completed,TuanHM,2026-08-07T08:11:07+07:00,,PASS,C:\Users\ironh\Downloads\PIG_Behavior_Project\data\videos\Pigs301119_000327_30fps.mp4,PASS,PASS,True,True,True
source=cvat_tracking_xml|dataset=cvat_tracking_pigs301119_000327|video=pigs301119_000327|track_id=2|anchor=162,source=cvat_tracking_xml|dataset=cvat_tracking_pigs301119_000327|video=pigs301119_000327|track_id=2,sitting,sitting,sitting,human_review,cvat_tracking_xml,pigs301119_000327,pigs301119_000327,301119,162,167,train,FOLD_2,train,,sitting,sitting_enriched,reviewed_engineering_amendment_992f34c0204a85a1,ab86e2e04267cfdc8248f9bdb8774615479d67a3589f7a25844bb1a4c93a639e,557156a7eb6cceeb6a91f667f7c51dcb286e3111f35f414970fa7431acc7e63b,posture_500_a566c58d252c1642,human_review_completed,TuanHM,2026-08-07T08:11:09+07:00,,PASS,C:\Users\ironh\Downloads\PIG_Behavior_Project\data\videos\Pigs301119_000327_30fps.mp4,PASS,PASS,True,True,True
source=cvat_tracking_xml|dataset=cvat_tracking_pigs301119_000327|video=pigs301119_000327|track_id=0|anchor=1746,source=cvat_tracking_xml|dataset=cvat_tracking_pigs301119_000327|video=pigs301119_000327|track_id=0,sitting,sitting,sitting,human_review,cvat_tracking_xml,pigs301119_000327,pigs301119_000327,301119,1746,1751,train,FOLD_2,train,,sitting,sitting_enriched,reviewed_engineering_amendment_992f34c0204a85a1,ab86e2e04267cfdc8248f9bdb8774615479d67a3589f7a25844bb1a4c93a639e,557156a7eb6cceeb6a91f667f7c51dcb286e3111f35f414970fa7431acc7e63b,posture_500_a566c58d252c1642,human_review_completed,TuanHM,2026-08-07T08:11:10+07:00,,PASS,C:\Users\ironh\Downloads\PIG_Behavior_Project\data\videos\Pigs301119_000327_30fps.mp4,PASS,PASS,True,True,True
source=cvat_tracking_xml|dataset=cvat_tracking_pigs301119_000327|video=pigs301119_000327|track_id=2|anchor=42,source=cvat_tracking_xml|dataset=cvat_tracking_pigs301119_000327|video=pigs301119_000327|track_id=2,sitting,sitting,sitting,human_review,cvat_tracking_xml,pigs301119_000327,pigs301119_000327,301119,42,47,train,FOLD_2,train,,sitting,sitting_enriched,reviewed_engineering_amendment_992f34c0204a85a1,ab86e2e04267cfdc8248f9bdb8774615479d67a3589f7a25844bb1a4c93a639e,557156a7eb6cceeb6a91f667f7c51dcb286e3111f35f414970fa7431acc7e63b,posture_500_a566c58d252c1642,human_review_completed,TuanHM,2026-08-07T08:11:11+07:00,,PASS,C:\Users\ironh\Downloads\PIG_Behavior_Project\data\videos\Pigs301119_000327_30fps.mp4,PASS,PASS,True,True,True
source=cvat_tracking_xml|dataset=cvat_tracking_pigs301119_000327|video=pigs301119_000327|track_id=0|anchor=1530,source=cvat_tracking_xml|dataset=cvat_tracking_pigs301119_000327|video=pigs301119_000327|track_id=0,sitting,sitting,sitting,human_review,cvat_tracking_xml,pigs301119_000327,pigs301119_000327,301119,1530,1535,train,FOLD_2,train,,sitting,sitting_enriched,reviewed_engineering_amendment_992f34c0204a85a1,ab86e2e04267cfdc8248f9bdb8774615479d67a3589f7a25844bb1a4c93a639e,557156a7eb6cceeb6a91f667f7c51dcb286e3111f35f414970fa7431acc7e63b,posture_500_a566c58d252c1642,human_review_completed,TuanHM,2026-08-07T08:11:13+07:00,,PASS,C:\Users\ironh\Downloads\PIG_Behavior_Project\data\videos\Pigs301119_000327_30fps.mp4,PASS,PASS,True,True,True
source=cvat_tracking_xml|dataset=cvat_tracking_pigs301119_000327|video=pigs301119_000327|track_id=7|anchor=942,source=cvat_tracking_xml|dataset=cvat_tracking_pigs301119_000327|video=pigs301119_000327|track_id=7,sitting,sitting,sitting,human_review,cvat_tracking_xml,pigs301119_000327,pigs301119_000327,301119,942,947,train,FOLD_2,train,,sitting,sitting_enriched,reviewed_engineering_amendment_992f34c0204a85a1,ab86e2e04267cfdc8248f9bdb8774615479d67a3589f7a25844bb1a4c93a639e,557156a7eb6cceeb6a91f667f7c51dcb286e3111f35f414970fa7431acc7e63b,posture_500_a566c58d252c1642,human_review_completed,TuanHM,2026-08-07T08:11:15+07:00,,PASS,C:\Users\ironh\Downloads\PIG_Behavior_Project\data\videos\Pigs301119_000327_30fps.mp4,PASS,PASS,True,True,True
source=cvat_tracking_xml|dataset=cvat_tracking_pigs301119_000327|video=pigs301119_000327|track_id=0|anchor=1752,source=cvat_tracking_xml|dataset=cvat_tracking_pigs301119_000327|video=pigs301119_000327|track_id=0,sitting,sitting,sitting,human_review,cvat_tracking_xml,pigs301119_000327,pigs301119_000327,301119,1752,1757,train,FOLD_2,train,,sitting,sitting_enriched,reviewed_engineering_amendment_992f34c0204a85a1,ab86e2e04267cfdc8248f9bdb8774615479d67a3589f7a25844bb1a4c93a639e,557156a7eb6cceeb6a91f667f7c51dcb286e3111f35f414970fa7431acc7e63b,posture_500_a566c58d252c1642,human_review_completed,TuanHM,2026-08-07T08:11:17+07:00,,PASS,C:\Users\ironh\Downloads\PIG_Behavior_Project\data\videos\Pigs301119_000327_30fps.mp4,PASS,PASS,True,True,True
source=cvat_tracking_xml|dataset=cvat_tracking_pigs301119_000327|video=pigs301119_000327|track_id=7|anchor=1134,source=cvat_tracking_xml|dataset=cvat_tracking_pigs301119_000327|video=pigs301119_000327|track_id=7,sitting,sitting,sitting,human_review,cvat_tracking_xml,pigs301119_000327,pigs301119_000327,301119,1134,1139,train,FOLD_2,train,,sitting,sitting_enriched,reviewed_engineering_amendment_992f34c0204a85a1,ab86e2e04267cfdc8248f9bdb8774615479d67a3589f7a25844bb1a4c93a639e,557156a7eb6cceeb6a91f667f7c51dcb286e3111f35f414970fa7431acc7e63b,posture_500_a566c58d252c1642,human_review_completed,TuanHM,2026-08-07T08:11:19+07:00,,PASS,C:\Users\ironh\Downloads\PIG_Behavior_Project\data\videos\Pigs301119_000327_30fps.mp4,PASS,PASS,True,True,True
source=cvat_tracking_xml|dataset=cvat_tracking_Pigs281119_000114_30fps|video=Pigs281119_000114_30fps|track_id=7|anchor=1638,source=cvat_tracking_xml|dataset=cvat_tracking_Pigs281119_000114_30fps|video=Pigs281119_000114_30fps|track_id=7,sitting,sitting,sitting,human_review,cvat_tracking_xml,Pigs281119_000114_30fps,Pigs281119_000114_30fps,281119,1638,1643,validation,FOLD_3,validation,,sitting,sitting_enriched,reviewed_engineering_amendment_992f34c0204a85a1,ab86e2e04267cfdc8248f9bdb8774615479d67a3589f7a25844bb1a4c93a639e,557156a7eb6cceeb6a91f667f7c51dcb286e3111f35f414970fa7431acc7e63b,posture_500_a566c58d252c1642,human_review_completed,TuanHM,2026-08-07T08:11:22+07:00,,PASS,C:\Users\ironh\Downloads\PIG_Behavior_Project\data\videos\Pigs281119_000114_30fps.mp4,PASS,PASS,True,True,True
source=legacy_recovered|dataset=legacy_recovered_16f|video=pigs041219%2F000224|track_id=tracklet_00001455|legacy_sequence,source=legacy_recovered|dataset=legacy_recovered_16f|video=pigs041219%2F000224|track_id=tracklet_00001455,sitting,sitting,sitting,human_review,legacy_recovered,pigs041219/000224,pigs041219/000224,041219,0,15,train,FOLD_4,train,,sitting,sitting_enriched,reviewed_engineering_amendment_992f34c0204a85a1,ab86e2e04267cfdc8248f9bdb8774615479d67a3589f7a25844bb1a4c93a639e,557156a7eb6cceeb6a91f667f7c51dcb286e3111f35f414970fa7431acc7e63b,posture_500_a566c58d252c1642,human_review_completed,TuanHM,2026-08-07T08:11:24+07:00,,PASS,E:\PigProjectStorage\PIG_Behavior_Project\outputs\legacy_16f_rebuild\legacy_16f_rebuild_20260718_v2\06_full_recovery\crops\dense_tracklet_0_to_12\pigs041219\000224\burst_color_47348e5d_33\ID_7\f000000.jpg,PASS,PASS,True,True,True
source=legacy_recovered|dataset=legacy_recovered_16f|video=pigs151119%2F000027|track_id=tracklet_00000555|legacy_sequence,source=legacy_recovered|dataset=legacy_recovered_16f|video=pigs151119%2F000027|track_id=tracklet_00000555,sitting,sitting,sitting,human_review,legacy_recovered,pigs151119/000027,pigs151119/000027,151119,4,19,train,FOLD_4,train,,sitting,sitting_enriched,reviewed_engineering_amendment_992f34c0204a85a1,ab86e2e04267cfdc8248f9bdb8774615479d67a3589f7a25844bb1a4c93a639e,557156a7eb6cceeb6a91f667f7c51dcb286e3111f35f414970fa7431acc7e63b,posture_500_a566c58d252c1642,human_review_completed,TuanHM,2026-08-07T08:11:25+07:00,,PASS,E:\PigProjectStorage\PIG_Behavior_Project\outputs\legacy_16f_rebuild\legacy_16f_rebuild_20260718_v2\06_full_recovery\crops\dense_tracklet_0_to_12\pigs151119\000027\burst_color_215a1a4f_433\ID_7\f000004.jpg,PASS,PASS,True,True,True
source=legacy_recovered|dataset=legacy_recovered_16f|video=pigs281119%2F000160|track_id=tracklet_00000833|legacy_sequence,source=legacy_recovered|dataset=legacy_recovered_16f|video=pigs281119%2F000160|track_id=tracklet_00000833,sitting,sitting,sitting,human_review,legacy_recovered,pigs281119/000160,pigs281119/000160,281119,1,16,validation,FOLD_3,validation,,sitting,sitting_enriched,reviewed_engineering_amendment_992f34c0204a85a1,ab86e2e04267cfdc8248f9bdb8774615479d67a3589f7a25844bb1a4c93a639e,557156a7eb6cceeb6a91f667f7c51dcb286e3111f35f414970fa7431acc7e63b,posture_500_a566c58d252c1642,human_review_completed,TuanHM,2026-08-07T08:11:26+07:00,,PASS,E:\PigProjectStorage\PIG_Behavior_Project\outputs\legacy_16f_rebuild\legacy_16f_rebuild_20260718_v2\06_full_recovery\crops\dense_tracklet_0_to_12\pigs281119\000160\burst_color_2cf1c455_333\ID_2\f000001.jpg,PASS,PASS,True,True,True
source=legacy_recovered|dataset=legacy_recovered_16f|video=pigs271119%2F000012|track_id=tracklet_00003596|legacy_sequence,source=legacy_recovered|dataset=legacy_recovered_16f|video=pigs271119%2F000012|track_id=tracklet_00003596,sitting,sitting,sitting,human_review,legacy_recovered,pigs271119/000012,pigs271119/000012,271119,0,15,train,FOLD_4,train,,sitting,sitting_enriched,reviewed_engineering_amendment_992f34c0204a85a1,ab86e2e04267cfdc8248f9bdb8774615479d67a3589f7a25844bb1a4c93a639e,557156a7eb6cceeb6a91f667f7c51dcb286e3111f35f414970fa7431acc7e63b,posture_500_a566c58d252c1642,human_review_completed,TuanHM,2026-08-07T08:11:27+07:00,,PASS,E:\PigProjectStorage\PIG_Behavior_Project\outputs\legacy_16f_rebuild\legacy_16f_rebuild_20260718_v2\06_full_recovery\crops\dense_tracklet_0_to_12\pigs271119\000012\burst_color_ba647e9e_33\ID_1\f000000.jpg,PASS,PASS,True,True,True
source=cvat_tracking_xml|dataset=cvat_tracking_Pigs281119_000114_30fps|video=Pigs281119_000114_30fps|track_id=3|anchor=942,source=cvat_tracking_xml|dataset=cvat_tracking_Pigs281119_000114_30fps|video=Pigs281119_000114_30fps|track_id=3,sitting,sitting,sitting,human_review,cvat_tracking_xml,Pigs281119_000114_30fps,Pigs281119_000114_30fps,281119,942,947,validation,FOLD_3,validation,,sitting,sitting_enriched,reviewed_engineering_amendment_992f34c0204a85a1,ab86e2e04267cfdc8248f9bdb8774615479d67a3589f7a25844bb1a4c93a639e,557156a7eb6cceeb6a91f667f7c51dcb286e3111f35f414970fa7431acc7e63b,posture_500_a566c58d252c1642,human_review_completed,TuanHM,2026-08-07T08:11:28+07:00,,PASS,C:\Users\ironh\Downloads\PIG_Behavior_Project\data\videos\Pigs281119_000114_30fps.mp4,PASS,PASS,True,True,True
source=legacy_recovered|dataset=legacy_recovered_16f|video=pigs281119%2F000087|track_id=tracklet_00000954|legacy_sequence,source=legacy_recovered|dataset=legacy_recovered_16f|video=pigs281119%2F000087|track_id=tracklet_00000954,sitting,sitting,sitting,human_review,legacy_recovered,pigs281119/000087,pigs281119/000087,281119,484,499,validation,FOLD_3,validation,,sitting,sitting_enriched,reviewed_engineering_amendment_992f34c0204a85a1,ab86e2e04267cfdc8248f9bdb8774615479d67a3589f7a25844bb1a4c93a639e,557156a7eb6cceeb6a91f667f7c51dcb286e3111f35f414970fa7431acc7e63b,posture_500_a566c58d252c1642,human_review_completed,TuanHM,2026-08-07T08:11:29+07:00,,PASS,E:\PigProjectStorage\PIG_Behavior_Project\outputs\legacy_16f_rebuild\legacy_16f_rebuild_20260718_v2\06_full_recovery\crops\dense_tracklet_0_to_12\pigs281119\000087\burst_color_31127b8f_16433\ID_3\f000484.jpg,PASS,PASS,True,True,True
source=legacy_recovered|dataset=legacy_recovered_16f|video=pigs031219%2F000137|track_id=tracklet_00002237|legacy_sequence,source=legacy_recovered|dataset=legacy_recovered_16f|video=pigs031219%2F000137|track_id=tracklet_00002237,sitting,sitting,sitting,human_review,legacy_recovered,pigs031219/000137,pigs031219/000137,031219,3,18,train,FOLD_4,train,,sitting,sitting_enriched,reviewed_engineering_amendment_992f34c0204a85a1,ab86e2e04267cfdc8248f9bdb8774615479d67a3589f7a25844bb1a4c93a639e,557156a7eb6cceeb6a91f667f7c51dcb286e3111f35f414970fa7431acc7e63b,posture_500_a566c58d252c1642,human_review_completed,TuanHM,2026-08-07T08:11:30+07:00,,PASS,E:\PigProjectStorage\PIG_Behavior_Project\outputs\legacy_16f_rebuild\legacy_16f_rebuild_20260718_v2\06_full_recovery\crops\dense_tracklet_0_to_12\pigs031219\000137\burst_color_6b414e1b_400\ID_5\f000003.jpg,PASS,PASS,True,True,True
source=cvat_tracking_xml|dataset=cvat_tracking_Pigs281119_000114_30fps|video=Pigs281119_000114_30fps|track_id=0|anchor=1488,source=cvat_tracking_xml|dataset=cvat_tracking_Pigs281119_000114_30fps|video=Pigs281119_000114_30fps|track_id=0,sitting,sitting,sitting,human_review,cvat_tracking_xml,Pigs281119_000114_30fps,Pigs281119_000114_30fps,281119,1488,1493,validation,FOLD_3,validation,,sitting,sitting_enriched,reviewed_engineering_amendment_992f34c0204a85a1,ab86e2e04267cfdc8248f9bdb8774615479d67a3589f7a25844bb1a4c93a639e,557156a7eb6cceeb6a91f667f7c51dcb286e3111f35f414970fa7431acc7e63b,posture_500_a566c58d252c1642,human_review_completed,TuanHM,2026-08-07T08:11:32+07:00,,PASS,C:\Users\ironh\Downloads\PIG_Behavior_Project\data\videos\Pigs281119_000114_30fps.mp4,PASS,PASS,True,True,True
source=cvat_tracking_xml|dataset=cvat_tracking_Pigs281119_000114_30fps|video=Pigs281119_000114_30fps|track_id=7|anchor=1518,source=cvat_tracking_xml|dataset=cvat_tracking_Pigs281119_000114_30fps|video=Pigs281119_000114_30fps|track_id=7,sitting,sitting,sitting,human_review,cvat_tracking_xml,Pigs281119_000114_30fps,Pigs281119_000114_30fps,281119,1518,1523,validation,FOLD_3,validation,,sitting,sitting_enriched,reviewed_engineering_amendment_992f34c0204a85a1,ab86e2e04267cfdc8248f9bdb8774615479d67a3589f7a25844bb1a4c93a639e,557156a7eb6cceeb6a91f667f7c51dcb286e3111f35f414970fa7431acc7e63b,posture_500_a566c58d252c1642,human_review_completed,TuanHM,2026-08-07T08:11:33+07:00,,PASS,C:\Users\ironh\Downloads\PIG_Behavior_Project\data\videos\Pigs281119_000114_30fps.mp4,PASS,PASS,True,True,True
source=legacy_recovered|dataset=legacy_recovered_16f|video=pigs151119%2F000037|track_id=tracklet_00000758|legacy_sequence,source=legacy_recovered|dataset=legacy_recovered_16f|video=pigs151119%2F000037|track_id=tracklet_00000758,sitting,sitting,sitting,human_review,legacy_recovered,pigs151119/000037,pigs151119/000037,151119,3,18,train,FOLD_4,train,,sitting,sitting_enriched,reviewed_engineering_amendment_992f34c0204a85a1,ab86e2e04267cfdc8248f9bdb8774615479d67a3589f7a25844bb1a4c93a639e,557156a7eb6cceeb6a91f667f7c51dcb286e3111f35f414970fa7431acc7e63b,posture_500_a566c58d252c1642,human_review_completed,TuanHM,2026-08-07T08:11:34+07:00,,PASS,E:\PigProjectStorage\PIG_Behavior_Project\outputs\legacy_16f_rebuild\legacy_16f_rebuild_20260718_v2\06_full_recovery\crops\dense_tracklet_0_to_12\pigs151119\000037\burst_color_2911c2ef_400\ID_1\f000003.jpg,PASS,PASS,True,True,True
source=cvat_tracking_xml|dataset=cvat_tracking_Pigs281119_000114_30fps|video=Pigs281119_000114_30fps|track_id=2|anchor=1308,source=cvat_tracking_xml|dataset=cvat_tracking_Pigs281119_000114_30fps|video=Pigs281119_000114_30fps|track_id=2,sitting,sitting,sitting,human_review,cvat_tracking_xml,Pigs281119_000114_30fps,Pigs281119_000114_30fps,281119,1308,1313,validation,FOLD_3,validation,,sitting,sitting_enriched,reviewed_engineering_amendment_992f34c0204a85a1,ab86e2e04267cfdc8248f9bdb8774615479d67a3589f7a25844bb1a4c93a639e,557156a7eb6cceeb6a91f667f7c51dcb286e3111f35f414970fa7431acc7e63b,posture_500_a566c58d252c1642,human_review_completed,TuanHM,2026-08-07T08:11:35+07:00,,PASS,C:\Users\ironh\Downloads\PIG_Behavior_Project\data\videos\Pigs281119_000114_30fps.mp4,PASS,PASS,True,True,True
source=legacy_recovered|dataset=legacy_recovered_16f|video=pigs051219%2F000326|track_id=tracklet_00002232|legacy_sequence,source=legacy_recovered|dataset=legacy_recovered_16f|video=pigs051219%2F000326|track_id=tracklet_00002232,sitting,sitting,sitting,human_review,legacy_recovered,pigs051219/000326,pigs051219/000326,051219,0,15,train,FOLD_4,train,,sitting,sitting_enriched,reviewed_engineering_amendment_992f34c0204a85a1,ab86e2e04267cfdc8248f9bdb8774615479d67a3589f7a25844bb1a4c93a639e,557156a7eb6cceeb6a91f667f7c51dcb286e3111f35f414970fa7431acc7e63b,posture_500_a566c58d252c1642,human_review_completed,TuanHM,2026-08-07T08:11:37+07:00,,PASS,E:\PigProjectStorage\PIG_Behavior_Project\outputs\legacy_16f_rebuild\legacy_16f_rebuild_20260718_v2\06_full_recovery\crops\dense_tracklet_0_to_12\pigs051219\000326\burst_color_6ad3a67e_167\ID_7\f000000.jpg,PASS,PASS,True,True,True
source=legacy_recovered|dataset=legacy_recovered_16f|video=pigs091119%2F000449|track_id=tracklet_00002041|legacy_sequence,source=legacy_recovered|dataset=legacy_recovered_16f|video=pigs091119%2F000449|track_id=tracklet_00002041,sitting,sitting,sitting,human_review,legacy_recovered,pigs091119/000449,pigs091119/000449,091119,0,15,train,FOLD_4,train,,sitting,sitting_enriched,reviewed_engineering_amendment_992f34c0204a85a1,ab86e2e04267cfdc8248f9bdb8774615479d67a3589f7a25844bb1a4c93a639e,557156a7eb6cceeb6a91f667f7c51dcb286e3111f35f414970fa7431acc7e63b,posture_500_a566c58d252c1642,human_review_completed,TuanHM,2026-08-07T08:11:37+07:00,,PASS,E:\PigProjectStorage\PIG_Behavior_Project\outputs\legacy_16f_rebuild\legacy_16f_rebuild_20260718_v2\06_full_recovery\crops\dense_tracklet_0_to_12\pigs091119\000449\burst_color_632729ec_100\ID_6\f000000.jpg,PASS,PASS,True,True,True
source=cvat_tracking_xml|dataset=cvat_tracking_Pigs281119_000114_30fps|video=Pigs281119_000114_30fps|track_id=2|anchor=822,source=cvat_tracking_xml|dataset=cvat_tracking_Pigs281119_000114_30fps|video=Pigs281119_000114_30fps|track_id=2,sitting,sitting,sitting,human_review,cvat_tracking_xml,Pigs281119_000114_30fps,Pigs281119_000114_30fps,281119,822,827,validation,FOLD_3,validation,,sitting,sitting_enriched,reviewed_engineering_amendment_992f34c0204a85a1,ab86e2e04267cfdc8248f9bdb8774615479d67a3589f7a25844bb1a4c93a639e,557156a7eb6cceeb6a91f667f7c51dcb286e3111f35f414970fa7431acc7e63b,posture_500_a566c58d252c1642,human_review_completed,TuanHM,2026-08-07T08:11:40+07:00,,PASS,C:\Users\ironh\Downloads\PIG_Behavior_Project\data\videos\Pigs281119_000114_30fps.mp4,PASS,PASS,True,True,True
source=legacy_recovered|dataset=legacy_recovered_16f|video=pigs051219%2F000298|track_id=tracklet_00002974|legacy_sequence,source=legacy_recovered|dataset=legacy_recovered_16f|video=pigs051219%2F000298|track_id=tracklet_00002974,sitting,sitting,sitting,human_review,legacy_recovered,pigs051219/000298,pigs051219/000298,051219,0,15,train,FOLD_4,train,,sitting,sitting_enriched,reviewed_engineering_amendment_992f34c0204a85a1,ab86e2e04267cfdc8248f9bdb8774615479d67a3589f7a25844bb1a4c93a639e,557156a7eb6cceeb6a91f667f7c51dcb286e3111f35f414970fa7431acc7e63b,posture_500_a566c58d252c1642,human_review_completed,TuanHM,2026-08-07T08:11:41+07:00,,PASS,E:\PigProjectStorage\PIG_Behavior_Project\outputs\legacy_16f_rebuild\legacy_16f_rebuild_20260718_v2\06_full_recovery\crops\dense_tracklet_0_to_12\pigs051219\000298\burst_color_90a50788_167\ID_8\f000000.jpg,PASS,PASS,True,True,True
source=legacy_recovered|dataset=legacy_recovered_16f|video=pigs041219%2F000229|track_id=tracklet_00000071|legacy_sequence,source=legacy_recovered|dataset=legacy_recovered_16f|video=pigs041219%2F000229|track_id=tracklet_00000071,sitting,sitting,sitting,human_review,legacy_recovered,pigs041219/000229,pigs041219/000229,041219,1,16,train,FOLD_4,train,,sitting,sitting_enriched,reviewed_engineering_amendment_992f34c0204a85a1,ab86e2e04267cfdc8248f9bdb8774615479d67a3589f7a25844bb1a4c93a639e,557156a7eb6cceeb6a91f667f7c51dcb286e3111f35f414970fa7431acc7e63b,posture_500_a566c58d252c1642,human_review_completed,TuanHM,2026-08-07T08:11:42+07:00,,PASS,E:\PigProjectStorage\PIG_Behavior_Project\outputs\legacy_16f_rebuild\legacy_16f_rebuild_20260718_v2\06_full_recovery\crops\dense_tracklet_0_to_12\pigs041219\000229\burst_color_04275f9b_333\ID_2\f000001.jpg,PASS,PASS,True,True,True
source=legacy_recovered|dataset=legacy_recovered_16f|video=pigs041219%2F000191|track_id=tracklet_00000345|legacy_sequence,source=legacy_recovered|dataset=legacy_recovered_16f|video=pigs041219%2F000191|track_id=tracklet_00000345,sitting,sitting,sitting,human_review,legacy_recovered,pigs041219/000191,pigs041219/000191,041219,0,15,train,FOLD_4,train,,sitting,sitting_enriched,reviewed_engineering_amendment_992f34c0204a85a1,ab86e2e04267cfdc8248f9bdb8774615479d67a3589f7a25844bb1a4c93a639e,557156a7eb6cceeb6a91f667f7c51dcb286e3111f35f414970fa7431acc7e63b,posture_500_a566c58d252c1642,human_review_completed,TuanHM,2026-08-07T08:11:43+07:00,,PASS,E:\PigProjectStorage\PIG_Behavior_Project\outputs\legacy_16f_rebuild\legacy_16f_rebuild_20260718_v2\06_full_recovery\crops\dense_tracklet_0_to_12\pigs041219\000191\burst_color_14e07f88_300\ID_3\f000000.jpg,PASS,PASS,True,True,True
source=cvat_tracking_xml|dataset=cvat_tracking_Pigs281119_000114_30fps|video=Pigs281119_000114_30fps|track_id=3|anchor=1104,source=cvat_tracking_xml|dataset=cvat_tracking_Pigs281119_000114_30fps|video=Pigs281119_000114_30fps|track_id=3,sitting,sitting,sitting,human_review,cvat_tracking_xml,Pigs281119_000114_30fps,Pigs281119_000114_30fps,281119,1104,1109,validation,FOLD_3,validation,,sitting,sitting_enriched,reviewed_engineering_amendment_992f34c0204a85a1,ab86e2e04267cfdc8248f9bdb8774615479d67a3589f7a25844bb1a4c93a639e,557156a7eb6cceeb6a91f667f7c51dcb286e3111f35f414970fa7431acc7e63b,posture_500_a566c58d252c1642,human_review_completed,TuanHM,2026-08-07T08:11:45+07:00,,PASS,C:\Users\ironh\Downloads\PIG_Behavior_Project\data\videos\Pigs281119_000114_30fps.mp4,PASS,PASS,True,True,True
source=legacy_recovered|dataset=legacy_recovered_16f|video=pigs041219%2F000252|track_id=tracklet_00002699|legacy_sequence,source=legacy_recovered|dataset=legacy_recovered_16f|video=pigs041219%2F000252|track_id=tracklet_00002699,sitting,sitting,sitting,human_review,legacy_recovered,pigs041219/000252,pigs041219/000252,041219,0,15,train,FOLD_4,train,,sitting,sitting_enriched,reviewed_engineering_amendment_992f34c0204a85a1,ab86e2e04267cfdc8248f9bdb8774615479d67a3589f7a25844bb1a4c93a639e,557156a7eb6cceeb6a91f667f7c51dcb286e3111f35f414970fa7431acc7e63b,posture_500_a566c58d252c1642,human_review_completed,TuanHM,2026-08-07T08:11:46+07:00,,PASS,E:\PigProjectStorage\PIG_Behavior_Project\outputs\legacy_16f_rebuild\legacy_16f_rebuild_20260718_v2\06_full_recovery\crops\dense_tracklet_0_to_12\pigs041219\000252\burst_color_859f59a8_100\ID_7\f000000.jpg,PASS,PASS,True,True,True
source=legacy_recovered|dataset=legacy_recovered_16f|video=pigs031219%2F000091|track_id=tracklet_00001815|legacy_sequence,source=legacy_recovered|dataset=legacy_recovered_16f|video=pigs031219%2F000091|track_id=tracklet_00001815,lying,lying,lying,human_review,legacy_recovered,pigs031219/000091,pigs031219/000091,031219,3,18,train,FOLD_4,train,,sitting,sitting_enriched,reviewed_engineering_amendment_992f34c0204a85a1,ab86e2e04267cfdc8248f9bdb8774615479d67a3589f7a25844bb1a4c93a639e,557156a7eb6cceeb6a91f667f7c51dcb286e3111f35f414970fa7431acc7e63b,posture_500_a566c58d252c1642,human_review_completed,TuanHM,2026-08-07T08:11:53+07:00,,PASS,E:\PigProjectStorage\PIG_Behavior_Project\outputs\legacy_16f_rebuild\legacy_16f_rebuild_20260718_v2\06_full_recovery\crops\dense_tracklet_0_to_12\pigs031219\000091\burst_color_58d7b72a_400\ID_1\f000003.jpg,PASS,PASS,True,True,True
source=legacy_recovered|dataset=legacy_recovered_16f|video=pigs041219%2F000226|track_id=tracklet_00002861|legacy_sequence,source=legacy_recovered|dataset=legacy_recovered_16f|video=pigs041219%2F000226|track_id=tracklet_00002861,sitting,sitting,sitting,human_review,legacy_recovered,pigs041219/000226,pigs041219/000226,041219,0,15,train,FOLD_4,train,,sitting,sitting_enriched,reviewed_engineering_amendment_992f34c0204a85a1,ab86e2e04267cfdc8248f9bdb8774615479d67a3589f7a25844bb1a4c93a639e,557156a7eb6cceeb6a91f667f7c51dcb286e3111f35f414970fa7431acc7e63b,posture_500_a566c58d252c1642,human_review_completed,TuanHM,2026-08-07T08:11:58+07:00,,PASS,E:\PigProjectStorage\PIG_Behavior_Project\outputs\legacy_16f_rebuild\legacy_16f_rebuild_20260718_v2\06_full_recovery\crops\dense_tracklet_0_to_12\pigs041219\000226\burst_color_8ccd4c38_133\ID_4\f000000.jpg,PASS,PASS,True,True,True
source=cvat_tracking_xml|dataset=cvat_tracking_Pigs281119_000114_30fps|video=Pigs281119_000114_30fps|track_id=3|anchor=1110,source=cvat_tracking_xml|dataset=cvat_tracking_Pigs281119_000114_30fps|video=Pigs281119_000114_30fps|track_id=3,sitting,sitting,sitting,human_review,cvat_tracking_xml,Pigs281119_000114_30fps,Pigs281119_000114_30fps,281119,1110,1115,validation,FOLD_3,validation,,sitting,sitting_enriched,reviewed_engineering_amendment_992f34c0204a85a1,ab86e2e04267cfdc8248f9bdb8774615479d67a3589f7a25844bb1a4c93a639e,557156a7eb6cceeb6a91f667f7c51dcb286e3111f35f414970fa7431acc7e63b,posture_500_a566c58d252c1642,human_review_completed,TuanHM,2026-08-07T08:12:04+07:00,,PASS,C:\Users\ironh\Downloads\PIG_Behavior_Project\data\videos\Pigs281119_000114_30fps.mp4,PASS,PASS,True,True,True
source=legacy_recovered|dataset=legacy_recovered_16f|video=pigs091119%2F000436|track_id=tracklet_00004243|legacy_sequence,source=legacy_recovered|dataset=legacy_recovered_16f|video=pigs091119%2F000436|track_id=tracklet_00004243,sitting,sitting,sitting,human_review,legacy_recovered,pigs091119/000436,pigs091119/000436,091119,1,16,train,FOLD_4,train,,sitting,sitting_enriched,reviewed_engineering_amendment_992f34c0204a85a1,ab86e2e04267cfdc8248f9bdb8774615479d67a3589f7a25844bb1a4c93a639e,557156a7eb6cceeb6a91f667f7c51dcb286e3111f35f414970fa7431acc7e63b,posture_500_a566c58d252c1642,human_review_completed,TuanHM,2026-08-07T08:12:06+07:00,,PASS,E:\PigProjectStorage\PIG_Behavior_Project\outputs\legacy_16f_rebuild\legacy_16f_rebuild_20260718_v2\06_full_recovery\crops\dense_tracklet_0_to_12\pigs091119\000436\burst_color_eac38dc6_333\ID_5\f000001.jpg,PASS,PASS,True,True,True
source=legacy_recovered|dataset=legacy_recovered_16f|video=pigs281119%2F000087|track_id=tracklet_00000952|legacy_sequence,source=legacy_recovered|dataset=legacy_recovered_16f|video=pigs281119%2F000087|track_id=tracklet_00000952,sitting,sitting,sitting,human_review,legacy_recovered,pigs281119/000087,pigs281119/000087,281119,484,499,validation,FOLD_3,validation,,sitting,sitting_enriched,reviewed_engineering_amendment_992f34c0204a85a1,ab86e2e04267cfdc8248f9bdb8774615479d67a3589f7a25844bb1a4c93a639e,557156a7eb6cceeb6a91f667f7c51dcb286e3111f35f414970fa7431acc7e63b,posture_500_a566c58d252c1642,human_review_completed,TuanHM,2026-08-07T08:12:07+07:00,,PASS,E:\PigProjectStorage\PIG_Behavior_Project\outputs\legacy_16f_rebuild\legacy_16f_rebuild_20260718_v2\06_full_recovery\crops\dense_tracklet_0_to_12\pigs281119\000087\burst_color_31127b8f_16433\ID_1\f000484.jpg,PASS,PASS,True,True,True
source=legacy_recovered|dataset=legacy_recovered_16f|video=pigs081119%2F000403|track_id=tracklet_00000126|legacy_sequence,source=legacy_recovered|dataset=legacy_recovered_16f|video=pigs081119%2F000403|track_id=tracklet_00000126,sitting,sitting,sitting,human_review,legacy_recovered,pigs081119/000403,pigs081119/000403,081119,15,30,train,FOLD_4,train,,sitting,sitting_enriched,reviewed_engineering_amendment_992f34c0204a85a1,ab86e2e04267cfdc8248f9bdb8774615479d67a3589f7a25844bb1a4c93a639e,557156a7eb6cceeb6a91f667f7c51dcb286e3111f35f414970fa7431acc7e63b,posture_500_a566c58d252c1642,human_review_completed,TuanHM,2026-08-07T08:12:08+07:00,,PASS,E:\PigProjectStorage\PIG_Behavior_Project\outputs\legacy_16f_rebuild\legacy_16f_rebuild_20260718_v2\06_full_recovery\crops\dense_tracklet_0_to_12\pigs081119\000403\burst_color_07c2d8e6_800\ID_1\f000015.jpg,PASS,PASS,True,True,True
source=cvat_tracking_xml|dataset=cvat_tracking_Pigs281119_000114_30fps|video=Pigs281119_000114_30fps|track_id=2|anchor=954,source=cvat_tracking_xml|dataset=cvat_tracking_Pigs281119_000114_30fps|video=Pigs281119_000114_30fps|track_id=2,sitting,sitting,sitting,human_review,cvat_tracking_xml,Pigs281119_000114_30fps,Pigs281119_000114_30fps,281119,954,959,validation,FOLD_3,validation,,sitting,sitting_enriched,reviewed_engineering_amendment_992f34c0204a85a1,ab86e2e04267cfdc8248f9bdb8774615479d67a3589f7a25844bb1a4c93a639e,557156a7eb6cceeb6a91f667f7c51dcb286e3111f35f414970fa7431acc7e63b,posture_500_a566c58d252c1642,human_review_completed,TuanHM,2026-08-07T08:12:09+07:00,,PASS,C:\Users\ironh\Downloads\PIG_Behavior_Project\data\videos\Pigs281119_000114_30fps.mp4,PASS,PASS,True,True,True
source=legacy_recovered|dataset=legacy_recovered_16f|video=pigs151119%2F000008|track_id=tracklet_00001209|legacy_sequence,source=legacy_recovered|dataset=legacy_recovered_16f|video=pigs151119%2F000008|track_id=tracklet_00001209,sitting,sitting,sitting,human_review,legacy_recovered,pigs151119/000008,pigs151119/000008,151119,10,25,train,FOLD_4,train,,sitting,sitting_enriched,reviewed_engineering_amendment_992f34c0204a85a1,ab86e2e04267cfdc8248f9bdb8774615479d67a3589f7a25844bb1a4c93a639e,557156a7eb6cceeb6a91f667f7c51dcb286e3111f35f414970fa7431acc7e63b,posture_500_a566c58d252c1642,human_review_completed,TuanHM,2026-08-07T08:12:11+07:00,,PASS,E:\PigProjectStorage\PIG_Behavior_Project\outputs\legacy_16f_rebuild\legacy_16f_rebuild_20260718_v2\06_full_recovery\crops\dense_tracklet_0_to_12\pigs151119\000008\burst_color_3bf20c3c_633\ID_8\f000010.jpg,PASS,PASS,True,True,True
source=legacy_recovered|dataset=legacy_recovered_16f|video=pigs041219%2F000225|track_id=tracklet_00001546|legacy_sequence,source=legacy_recovered|dataset=legacy_recovered_16f|video=pigs041219%2F000225|track_id=tracklet_00001546,sitting,sitting,sitting,human_review,legacy_recovered,pigs041219/000225,pigs041219/000225,041219,18,33,train,FOLD_4,train,,sitting,sitting_enriched,reviewed_engineering_amendment_992f34c0204a85a1,ab86e2e04267cfdc8248f9bdb8774615479d67a3589f7a25844bb1a4c93a639e,557156a7eb6cceeb6a91f667f7c51dcb286e3111f35f414970fa7431acc7e63b,posture_500_a566c58d252c1642,human_review_completed,TuanHM,2026-08-07T08:12:12+07:00,,PASS,E:\PigProjectStorage\PIG_Behavior_Project\outputs\legacy_16f_rebuild\legacy_16f_rebuild_20260718_v2\06_full_recovery\crops\dense_tracklet_0_to_12\pigs041219\000225\burst_color_49ddee26_900\ID_7\f000018.jpg,PASS,PASS,True,True,True
source=legacy_recovered|dataset=legacy_recovered_16f|video=pigs081119%2F000302|track_id=tracklet_00001008|legacy_sequence,source=legacy_recovered|dataset=legacy_recovered_16f|video=pigs081119%2F000302|track_id=tracklet_00001008,sitting,sitting,sitting,human_review,legacy_recovered,pigs081119/000302,pigs081119/000302,081119,10,25,train,FOLD_4,train,,sitting,sitting_enriched,reviewed_engineering_amendment_992f34c0204a85a1,ab86e2e04267cfdc8248f9bdb8774615479d67a3589f7a25844bb1a4c93a639e,557156a7eb6cceeb6a91f667f7c51dcb286e3111f35f414970fa7431acc7e63b,posture_500_a566c58d252c1642,human_review_completed,TuanHM,2026-08-07T08:12:18+07:00,,PASS,E:\PigProjectStorage\PIG_Behavior_Project\outputs\legacy_16f_rebuild\legacy_16f_rebuild_20260718_v2\06_full_recovery\crops\dense_tracklet_0_to_12\pigs081119\000302\burst_color_34859b67_633\ID_1\f000010.jpg,PASS,PASS,True,True,True
source=cvat_tracking_xml|dataset=cvat_tracking_Pigs281119_000114_30fps|video=Pigs281119_000114_30fps|track_id=4|anchor=1518,source=cvat_tracking_xml|dataset=cvat_tracking_Pigs281119_000114_30fps|video=Pigs281119_000114_30fps|track_id=4,sitting,sitting,sitting,human_review,cvat_tracking_xml,Pigs281119_000114_30fps,Pigs281119_000114_30fps,281119,1518,1523,validation,FOLD_3,validation,,sitting,sitting_enriched,reviewed_engineering_amendment_992f34c0204a85a1,ab86e2e04267cfdc8248f9bdb8774615479d67a3589f7a25844bb1a4c93a639e,557156a7eb6cceeb6a91f667f7c51dcb286e3111f35f414970fa7431acc7e63b,posture_500_a566c58d252c1642,human_review_completed,TuanHM,2026-08-07T08:12:20+07:00,,PASS,C:\Users\ironh\Downloads\PIG_Behavior_Project\data\videos\Pigs281119_000114_30fps.mp4,PASS,PASS,True,True,True
source=cvat_tracking_xml|dataset=cvat_tracking_Pigs281119_000114_30fps|video=Pigs281119_000114_30fps|track_id=1|anchor=900,source=cvat_tracking_xml|dataset=cvat_tracking_Pigs281119_000114_30fps|video=Pigs281119_000114_30fps|track_id=1,upright,upright,upright,human_review,cvat_tracking_xml,Pigs281119_000114_30fps,Pigs281119_000114_30fps,281119,900,905,validation,FOLD_3,validation,,sitting,sitting_enriched,reviewed_engineering_amendment_992f34c0204a85a1,ab86e2e04267cfdc8248f9bdb8774615479d67a3589f7a25844bb1a4c93a639e,557156a7eb6cceeb6a91f667f7c51dcb286e3111f35f414970fa7431acc7e63b,posture_500_a566c58d252c1642,human_review_completed,TuanHM,2026-08-07T08:12:27+07:00,,PASS,C:\Users\ironh\Downloads\PIG_Behavior_Project\data\videos\Pigs281119_000114_30fps.mp4,PASS,PASS,True,True,True
source=cvat_tracking_xml|dataset=cvat_tracking_Pigs281119_000114_30fps|video=Pigs281119_000114_30fps|track_id=2|anchor=1494,source=cvat_tracking_xml|dataset=cvat_tracking_Pigs281119_000114_30fps|video=Pigs281119_000114_30fps|track_id=2,sitting,sitting,sitting,human_review,cvat_tracking_xml,Pigs281119_000114_30fps,Pigs281119_000114_30fps,281119,1494,1499,validation,FOLD_3,validation,,sitting,sitting_enriched,reviewed_engineering_amendment_992f34c0204a85a1,ab86e2e04267cfdc8248f9bdb8774615479d67a3589f7a25844bb1a4c93a639e,557156a7eb6cceeb6a91f667f7c51dcb286e3111f35f414970fa7431acc7e63b,posture_500_a566c58d252c1642,human_review_completed,TuanHM,2026-08-07T08:12:29+07:00,,PASS,C:\Users\ironh\Downloads\PIG_Behavior_Project\data\videos\Pigs281119_000114_30fps.mp4,PASS,PASS,True,True,True
source=cvat_tracking_xml|dataset=cvat_tracking_Pigs281119_000114_30fps|video=Pigs281119_000114_30fps|track_id=2|anchor=540,source=cvat_tracking_xml|dataset=cvat_tracking_Pigs281119_000114_30fps|video=Pigs281119_000114_30fps|track_id=2,sitting,sitting,sitting,human_review,cvat_tracking_xml,Pigs281119_000114_30fps,Pigs281119_000114_30fps,281119,540,545,validation,FOLD_3,validation,,sitting,sitting_enriched,reviewed_engineering_amendment_992f34c0204a85a1,ab86e2e04267cfdc8248f9bdb8774615479d67a3589f7a25844bb1a4c93a639e,557156a7eb6cceeb6a91f667f7c51dcb286e3111f35f414970fa7431acc7e63b,posture_500_a566c58d252c1642,human_review_completed,TuanHM,2026-08-07T08:12:30+07:00,,PASS,C:\Users\ironh\Downloads\PIG_Behavior_Project\data\videos\Pigs281119_000114_30fps.mp4,PASS,PASS,True,True,True
source=legacy_recovered|dataset=legacy_recovered_16f|video=pigs271119%2F000025|track_id=tracklet_00003310|legacy_sequence,source=legacy_recovered|dataset=legacy_recovered_16f|video=pigs271119%2F000025|track_id=tracklet_00003310,sitting,sitting,sitting,human_review,legacy_recovered,pigs271119/000025,pigs271119/000025,271119,0,15,train,FOLD_4,train,,sitting,sitting_enriched,reviewed_engineering_amendment_992f34c0204a85a1,ab86e2e04267cfdc8248f9bdb8774615479d67a3589f7a25844bb1a4c93a639e,557156a7eb6cceeb6a91f667f7c51dcb286e3111f35f414970fa7431acc7e63b,posture_500_a566c58d252c1642,human_review_completed,TuanHM,2026-08-07T08:12:32+07:00,,PASS,E:\PigProjectStorage\PIG_Behavior_Project\outputs\legacy_16f_rebuild\legacy_16f_rebuild_20260718_v2\06_full_recovery\crops\dense_tracklet_0_to_12\pigs271119\000025\burst_color_a9f59b7f_267\ID_5\f000000.jpg,PASS,PASS,True,True,True
source=legacy_recovered|dataset=legacy_recovered_16f|video=pigs031219%2F000154|track_id=tracklet_00003943|legacy_sequence,source=legacy_recovered|dataset=legacy_recovered_16f|video=pigs031219%2F000154|track_id=tracklet_00003943,sitting,sitting,sitting,human_review,legacy_recovered,pigs031219/000154,pigs031219/000154,031219,0,15,train,FOLD_4,train,,sitting,sitting_enriched,reviewed_engineering_amendment_992f34c0204a85a1,ab86e2e04267cfdc8248f9bdb8774615479d67a3589f7a25844bb1a4c93a639e,557156a7eb6cceeb6a91f667f7c51dcb286e3111f35f414970fa7431acc7e63b,posture_500_a566c58d252c1642,human_review_completed,TuanHM,2026-08-07T08:12:36+07:00,,PASS,E:\PigProjectStorage\PIG_Behavior_Project\outputs\legacy_16f_rebuild\legacy_16f_rebuild_20260718_v2\06_full_recovery\crops\dense_tracklet_0_to_12\pigs031219\000154\burst_color_d2639fab_100\ID_3\f000000.jpg,PASS,PASS,True,True,True
source=legacy_recovered|dataset=legacy_recovered_16f|video=pigs081119%2F000377|track_id=tracklet_00002937|legacy_sequence,source=legacy_recovered|dataset=legacy_recovered_16f|video=pigs081119%2F000377|track_id=tracklet_00002937,sitting,sitting,sitting,human_review,legacy_recovered,pigs081119/000377,pigs081119/000377,081119,0,15,train,FOLD_4,train,,sitting,sitting_enriched,reviewed_engineering_amendment_992f34c0204a85a1,ab86e2e04267cfdc8248f9bdb8774615479d67a3589f7a25844bb1a4c93a639e,557156a7eb6cceeb6a91f667f7c51dcb286e3111f35f414970fa7431acc7e63b,posture_500_a566c58d252c1642,human_review_completed,TuanHM,2026-08-07T08:12:37+07:00,,PASS,E:\PigProjectStorage\PIG_Behavior_Project\outputs\legacy_16f_rebuild\legacy_16f_rebuild_20260718_v2\06_full_recovery\crops\dense_tracklet_0_to_12\pigs081119\000377\burst_color_8f3c4ac2_233\ID_6\f000000.jpg,PASS,PASS,True,True,True
source=legacy_recovered|dataset=legacy_recovered_16f|video=pigs281119%2F000163|track_id=tracklet_00001614|legacy_sequence,source=legacy_recovered|dataset=legacy_recovered_16f|video=pigs281119%2F000163|track_id=tracklet_00001614,sitting,sitting,sitting,human_review,legacy_recovered,pigs281119/000163,pigs281119/000163,281119,245,260,validation,FOLD_3,validation,,sitting,sitting_enriched,reviewed_engineering_amendment_992f34c0204a85a1,ab86e2e04267cfdc8248f9bdb8774615479d67a3589f7a25844bb1a4c93a639e,557156a7eb6cceeb6a91f667f7c51dcb286e3111f35f414970fa7431acc7e63b,posture_500_a566c58d252c1642,human_review_completed,TuanHM,2026-08-07T08:12:38+07:00,,PASS,E:\PigProjectStorage\PIG_Behavior_Project\outputs\legacy_16f_rebuild\legacy_16f_rebuild_20260718_v2\06_full_recovery\crops\dense_tracklet_0_to_12\pigs281119\000163\burst_color_4d7af019_8467\ID_4\f000245.jpg,PASS,PASS,True,True,True
source=cvat_tracking_xml|dataset=cvat_tracking_Pigs281119_000114_30fps|video=Pigs281119_000114_30fps|track_id=4|anchor=1668,source=cvat_tracking_xml|dataset=cvat_tracking_Pigs281119_000114_30fps|video=Pigs281119_000114_30fps|track_id=4,sitting,sitting,sitting,human_review,cvat_tracking_xml,Pigs281119_000114_30fps,Pigs281119_000114_30fps,281119,1668,1673,validation,FOLD_3,validation,,sitting,sitting_enriched,reviewed_engineering_amendment_992f34c0204a85a1,ab86e2e04267cfdc8248f9bdb8774615479d67a3589f7a25844bb1a4c93a639e,557156a7eb6cceeb6a91f667f7c51dcb286e3111f35f414970fa7431acc7e63b,posture_500_a566c58d252c1642,human_review_completed,TuanHM,2026-08-07T08:12:39+07:00,,PASS,C:\Users\ironh\Downloads\PIG_Behavior_Project\data\videos\Pigs281119_000114_30fps.mp4,PASS,PASS,True,True,True
source=legacy_recovered|dataset=legacy_recovered_16f|video=pigs281119%2F000110|track_id=tracklet_00000626|legacy_sequence,source=legacy_recovered|dataset=legacy_recovered_16f|video=pigs281119%2F000110|track_id=tracklet_00000626,sitting,sitting,sitting,human_review,legacy_recovered,pigs281119/000110,pigs281119/000110,281119,593,608,validation,FOLD_3,validation,,sitting,sitting_enriched,reviewed_engineering_amendment_992f34c0204a85a1,ab86e2e04267cfdc8248f9bdb8774615479d67a3589f7a25844bb1a4c93a639e,557156a7eb6cceeb6a91f667f7c51dcb286e3111f35f414970fa7431acc7e63b,posture_500_a566c58d252c1642,human_review_completed,TuanHM,2026-08-07T08:12:41+07:00,,PASS,E:\PigProjectStorage\PIG_Behavior_Project\outputs\legacy_16f_rebuild\legacy_16f_rebuild_20260718_v2\06_full_recovery\crops\dense_tracklet_0_to_12\pigs281119\000110\burst_color_24b71f9b_20067\ID_5\f000593.jpg,PASS,PASS,True,True,True
source=legacy_recovered|dataset=legacy_recovered_16f|video=pigs031219%2F000103|track_id=tracklet_00003302|legacy_sequence,source=legacy_recovered|dataset=legacy_recovered_16f|video=pigs031219%2F000103|track_id=tracklet_00003302,sitting,sitting,sitting,human_review,legacy_recovered,pigs031219/000103,pigs031219/000103,031219,1,16,train,FOLD_4,train,,sitting,sitting_enriched,reviewed_engineering_amendment_992f34c0204a85a1,ab86e2e04267cfdc8248f9bdb8774615479d67a3589f7a25844bb1a4c93a639e,557156a7eb6cceeb6a91f667f7c51dcb286e3111f35f414970fa7431acc7e63b,posture_500_a566c58d252c1642,human_review_completed,TuanHM,2026-08-07T08:12:42+07:00,,PASS,E:\PigProjectStorage\PIG_Behavior_Project\outputs\legacy_16f_rebuild\legacy_16f_rebuild_20260718_v2\06_full_recovery\crops\dense_tracklet_0_to_12\pigs031219\000103\burst_color_a94c1fc7_333\ID_5\f000001.jpg,PASS,PASS,True,True,True
source=legacy_recovered|dataset=legacy_recovered_16f|video=pigs041219%2F000284|track_id=tracklet_00004348|legacy_sequence,source=legacy_recovered|dataset=legacy_recovered_16f|video=pigs041219%2F000284|track_id=tracklet_00004348,sitting,sitting,sitting,human_review,legacy_recovered,pigs041219/000284,pigs041219/000284,041219,15,30,train,FOLD_4,train,,sitting,sitting_enriched,reviewed_engineering_amendment_992f34c0204a85a1,ab86e2e04267cfdc8248f9bdb8774615479d67a3589f7a25844bb1a4c93a639e,557156a7eb6cceeb6a91f667f7c51dcb286e3111f35f414970fa7431acc7e63b,posture_500_a566c58d252c1642,human_review_completed,TuanHM,2026-08-07T08:12:43+07:00,,PASS,E:\PigProjectStorage\PIG_Behavior_Project\outputs\legacy_16f_rebuild\legacy_16f_rebuild_20260718_v2\06_full_recovery\crops\dense_tracklet_0_to_12\pigs041219\000284\burst_color_f0b25ec5_800\ID_2\f000015.jpg,PASS,PASS,True,True,True
source=legacy_recovered|dataset=legacy_recovered_16f|video=pigs271119%2F000006|track_id=tracklet_00003063|legacy_sequence,source=legacy_recovered|dataset=legacy_recovered_16f|video=pigs271119%2F000006|track_id=tracklet_00003063,sitting,sitting,sitting,human_review,legacy_recovered,pigs271119/000006,pigs271119/000006,271119,0,15,train,FOLD_4,train,,sitting,sitting_enriched,reviewed_engineering_amendment_992f34c0204a85a1,ab86e2e04267cfdc8248f9bdb8774615479d67a3589f7a25844bb1a4c93a639e,557156a7eb6cceeb6a91f667f7c51dcb286e3111f35f414970fa7431acc7e63b,posture_500_a566c58d252c1642,human_review_completed,TuanHM,2026-08-07T08:12:44+07:00,,PASS,E:\PigProjectStorage\PIG_Behavior_Project\outputs\legacy_16f_rebuild\legacy_16f_rebuild_20260718_v2\06_full_recovery\crops\dense_tracklet_0_to_12\pigs271119\000006\burst_color_945cf6a7_233\ID_5\f000000.jpg,PASS,PASS,True,True,True
source=cvat_tracking_xml|dataset=cvat_tracking_Pigs281119_000114_30fps|video=Pigs281119_000114_30fps|track_id=2|anchor=510,source=cvat_tracking_xml|dataset=cvat_tracking_Pigs281119_000114_30fps|video=Pigs281119_000114_30fps|track_id=2,sitting,sitting,sitting,human_review,cvat_tracking_xml,Pigs281119_000114_30fps,Pigs281119_000114_30fps,281119,510,515,validation,FOLD_3,validation,,sitting,sitting_enriched,reviewed_engineering_amendment_992f34c0204a85a1,ab86e2e04267cfdc8248f9bdb8774615479d67a3589f7a25844bb1a4c93a639e,557156a7eb6cceeb6a91f667f7c51dcb286e3111f35f414970fa7431acc7e63b,posture_500_a566c58d252c1642,human_review_completed,TuanHM,2026-08-07T08:12:46+07:00,,PASS,C:\Users\ironh\Downloads\PIG_Behavior_Project\data\videos\Pigs281119_000114_30fps.mp4,PASS,PASS,True,True,True
source=cvat_tracking_xml|dataset=cvat_tracking_Pigs281119_000114_30fps|video=Pigs281119_000114_30fps|track_id=3|anchor=1206,source=cvat_tracking_xml|dataset=cvat_tracking_Pigs281119_000114_30fps|video=Pigs281119_000114_30fps|track_id=3,sitting,sitting,sitting,human_review,cvat_tracking_xml,Pigs281119_000114_30fps,Pigs281119_000114_30fps,281119,1206,1211,validation,FOLD_3,validation,,sitting,sitting_enriched,reviewed_engineering_amendment_992f34c0204a85a1,ab86e2e04267cfdc8248f9bdb8774615479d67a3589f7a25844bb1a4c93a639e,557156a7eb6cceeb6a91f667f7c51dcb286e3111f35f414970fa7431acc7e63b,posture_500_a566c58d252c1642,human_review_completed,TuanHM,2026-08-07T08:12:47+07:00,,PASS,C:\Users\ironh\Downloads\PIG_Behavior_Project\data\videos\Pigs281119_000114_30fps.mp4,PASS,PASS,True,True,True
source=cvat_tracking_xml|dataset=cvat_tracking_Pigs281119_000114_30fps|video=Pigs281119_000114_30fps|track_id=3|anchor=966,source=cvat_tracking_xml|dataset=cvat_tracking_Pigs281119_000114_30fps|video=Pigs281119_000114_30fps|track_id=3,sitting,sitting,sitting,human_review,cvat_tracking_xml,Pigs281119_000114_30fps,Pigs281119_000114_30fps,281119,966,971,validation,FOLD_3,validation,,sitting,sitting_enriched,reviewed_engineering_amendment_992f34c0204a85a1,ab86e2e04267cfdc8248f9bdb8774615479d67a3589f7a25844bb1a4c93a639e,557156a7eb6cceeb6a91f667f7c51dcb286e3111f35f414970fa7431acc7e63b,posture_500_a566c58d252c1642,human_review_completed,TuanHM,2026-08-07T08:12:49+07:00,,PASS,C:\Users\ironh\Downloads\PIG_Behavior_Project\data\videos\Pigs281119_000114_30fps.mp4,PASS,PASS,True,True,True
source=legacy_recovered|dataset=legacy_recovered_16f|video=pigs031219%2F000147|track_id=tracklet_00001643|legacy_sequence,source=legacy_recovered|dataset=legacy_recovered_16f|video=pigs031219%2F000147|track_id=tracklet_00001643,sitting,sitting,sitting,human_review,legacy_recovered,pigs031219/000147,pigs031219/000147,031219,0,15,train,FOLD_4,train,,sitting,sitting_enriched,reviewed_engineering_amendment_992f34c0204a85a1,ab86e2e04267cfdc8248f9bdb8774615479d67a3589f7a25844bb1a4c93a639e,557156a7eb6cceeb6a91f667f7c51dcb286e3111f35f414970fa7431acc7e63b,posture_500_a566c58d252c1642,human_review_completed,TuanHM,2026-08-07T08:12:50+07:00,,PASS,E:\PigProjectStorage\PIG_Behavior_Project\outputs\legacy_16f_rebuild\legacy_16f_rebuild_20260718_v2\06_full_recovery\crops\dense_tracklet_0_to_12\pigs031219\000147\burst_color_4f30f4e5_100\ID_6\f000000.jpg,PASS,PASS,True,True,True
source=legacy_recovered|dataset=legacy_recovered_16f|video=pigs031219%2F000069|track_id=tracklet_00000660|legacy_sequence,source=legacy_recovered|dataset=legacy_recovered_16f|video=pigs031219%2F000069|track_id=tracklet_00000660,sitting,sitting,sitting,human_review,legacy_recovered,pigs031219/000069,pigs031219/000069,031219,8,23,train,FOLD_4,train,,sitting,sitting_enriched,reviewed_engineering_amendment_992f34c0204a85a1,ab86e2e04267cfdc8248f9bdb8774615479d67a3589f7a25844bb1a4c93a639e,557156a7eb6cceeb6a91f667f7c51dcb286e3111f35f414970fa7431acc7e63b,posture_500_a566c58d252c1642,human_review_completed,TuanHM,2026-08-07T08:12:53+07:00,,PASS,E:\PigProjectStorage\PIG_Behavior_Project\outputs\legacy_16f_rebuild\legacy_16f_rebuild_20260718_v2\06_full_recovery\crops\dense_tracklet_0_to_12\pigs031219\000069\burst_color_25abd908_567\ID_7\f000008.jpg,PASS,PASS,True,True,True
source=cvat_tracking_xml|dataset=cvat_tracking_Pigs281119_000114_30fps|video=Pigs281119_000114_30fps|track_id=0|anchor=1770,source=cvat_tracking_xml|dataset=cvat_tracking_Pigs281119_000114_30fps|video=Pigs281119_000114_30fps|track_id=0,sitting,sitting,sitting,human_review,cvat_tracking_xml,Pigs281119_000114_30fps,Pigs281119_000114_30fps,281119,1770,1775,validation,FOLD_3,validation,,sitting,sitting_enriched,reviewed_engineering_amendment_992f34c0204a85a1,ab86e2e04267cfdc8248f9bdb8774615479d67a3589f7a25844bb1a4c93a639e,557156a7eb6cceeb6a91f667f7c51dcb286e3111f35f414970fa7431acc7e63b,posture_500_a566c58d252c1642,human_review_completed,TuanHM,2026-08-07T08:12:55+07:00,,PASS,C:\Users\ironh\Downloads\PIG_Behavior_Project\data\videos\Pigs281119_000114_30fps.mp4,PASS,PASS,True,True,True
source=legacy_recovered|dataset=legacy_recovered_16f|video=pigs051219%2F000295|track_id=tracklet_00000973|legacy_sequence,source=legacy_recovered|dataset=legacy_recovered_16f|video=pigs051219%2F000295|track_id=tracklet_00000973,sitting,sitting,sitting,human_review,legacy_recovered,pigs051219/000295,pigs051219/000295,051219,0,15,train,FOLD_4,train,,sitting,sitting_enriched,reviewed_engineering_amendment_992f34c0204a85a1,ab86e2e04267cfdc8248f9bdb8774615479d67a3589f7a25844bb1a4c93a639e,557156a7eb6cceeb6a91f667f7c51dcb286e3111f35f414970fa7431acc7e63b,posture_500_a566c58d252c1642,human_review_completed,TuanHM,2026-08-07T08:12:56+07:00,,PASS,E:\PigProjectStorage\PIG_Behavior_Project\outputs\legacy_16f_rebuild\legacy_16f_rebuild_20260718_v2\06_full_recovery\crops\dense_tracklet_0_to_12\pigs051219\000295\burst_color_32792de8_100\ID_6\f000000.jpg,PASS,PASS,True,True,True
source=legacy_recovered|dataset=legacy_recovered_16f|video=pigs031219%2F000086|track_id=tracklet_00002342|legacy_sequence,source=legacy_recovered|dataset=legacy_recovered_16f|video=pigs031219%2F000086|track_id=tracklet_00002342,lying,lying,lying,human_review,legacy_recovered,pigs031219/000086,pigs031219/000086,031219,1,16,train,FOLD_4,train,,sitting,sitting_enriched,reviewed_engineering_amendment_992f34c0204a85a1,ab86e2e04267cfdc8248f9bdb8774615479d67a3589f7a25844bb1a4c93a639e,557156a7eb6cceeb6a91f667f7c51dcb286e3111f35f414970fa7431acc7e63b,posture_500_a566c58d252c1642,human_review_completed,TuanHM,2026-08-07T08:12:59+07:00,,PASS,E:\PigProjectStorage\PIG_Behavior_Project\outputs\legacy_16f_rebuild\legacy_16f_rebuild_20260718_v2\06_full_recovery\crops\dense_tracklet_0_to_12\pigs031219\000086\burst_color_6dc04165_333\ID_5\f000001.jpg,PASS,PASS,True,True,True
source=legacy_recovered|dataset=legacy_recovered_16f|video=pigs091119%2F000428|track_id=tracklet_00001100|legacy_sequence,source=legacy_recovered|dataset=legacy_recovered_16f|video=pigs091119%2F000428|track_id=tracklet_00001100,sitting,sitting,sitting,human_review,legacy_recovered,pigs091119/000428,pigs091119/000428,091119,1,16,train,FOLD_4,train,,sitting,sitting_enriched,reviewed_engineering_amendment_992f34c0204a85a1,ab86e2e04267cfdc8248f9bdb8774615479d67a3589f7a25844bb1a4c93a639e,557156a7eb6cceeb6a91f667f7c51dcb286e3111f35f414970fa7431acc7e63b,posture_500_a566c58d252c1642,human_review_completed,TuanHM,2026-08-07T08:13:00+07:00,,PASS,E:\PigProjectStorage\PIG_Behavior_Project\outputs\legacy_16f_rebuild\legacy_16f_rebuild_20260718_v2\06_full_recovery\crops\dense_tracklet_0_to_12\pigs091119\000428\burst_color_3726d814_333\ID_4\f000001.jpg,PASS,PASS,True,True,True
source=legacy_recovered|dataset=legacy_recovered_16f|video=pigs281119%2F000092|track_id=tracklet_00003830|legacy_sequence,source=legacy_recovered|dataset=legacy_recovered_16f|video=pigs281119%2F000092|track_id=tracklet_00003830,sitting,sitting,sitting,human_review,legacy_recovered,pigs281119/000092,pigs281119/000092,281119,0,15,validation,FOLD_3,validation,,sitting,sitting_enriched,reviewed_engineering_amendment_992f34c0204a85a1,ab86e2e04267cfdc8248f9bdb8774615479d67a3589f7a25844bb1a4c93a639e,557156a7eb6cceeb6a91f667f7c51dcb286e3111f35f414970fa7431acc7e63b,posture_500_a566c58d252c1642,human_review_completed,TuanHM,2026-08-07T08:13:02+07:00,,PASS,E:\PigProjectStorage\PIG_Behavior_Project\outputs\legacy_16f_rebuild\legacy_16f_rebuild_20260718_v2\06_full_recovery\crops\dense_tracklet_0_to_12\pigs281119\000092\burst_color_cc531ffd_233\ID_1\f000000.jpg,PASS,PASS,True,True,True
source=cvat_tracking_xml|dataset=cvat_tracking_Pigs281119_000114_30fps|video=Pigs281119_000114_30fps|track_id=2|anchor=690,source=cvat_tracking_xml|dataset=cvat_tracking_Pigs281119_000114_30fps|video=Pigs281119_000114_30fps|track_id=2,sitting,sitting,sitting,human_review,cvat_tracking_xml,Pigs281119_000114_30fps,Pigs281119_000114_30fps,281119,690,695,validation,FOLD_3,validation,,sitting,sitting_enriched,reviewed_engineering_amendment_992f34c0204a85a1,ab86e2e04267cfdc8248f9bdb8774615479d67a3589f7a25844bb1a4c93a639e,557156a7eb6cceeb6a91f667f7c51dcb286e3111f35f414970fa7431acc7e63b,posture_500_a566c58d252c1642,human_review_completed,TuanHM,2026-08-07T08:13:05+07:00,,PASS,C:\Users\ironh\Downloads\PIG_Behavior_Project\data\videos\Pigs281119_000114_30fps.mp4,PASS,PASS,True,True,True
source=legacy_recovered|dataset=legacy_recovered_16f|video=pigs041219%2F000226|track_id=tracklet_00002858|legacy_sequence,source=legacy_recovered|dataset=legacy_recovered_16f|video=pigs041219%2F000226|track_id=tracklet_00002858,sitting,sitting,sitting,human_review,legacy_recovered,pigs041219/000226,pigs041219/000226,041219,0,15,train,FOLD_4,train,,sitting,sitting_enriched,reviewed_engineering_amendment_992f34c0204a85a1,ab86e2e04267cfdc8248f9bdb8774615479d67a3589f7a25844bb1a4c93a639e,557156a7eb6cceeb6a91f667f7c51dcb286e3111f35f414970fa7431acc7e63b,posture_500_a566c58d252c1642,human_review_completed,TuanHM,2026-08-07T08:13:11+07:00,,PASS,E:\PigProjectStorage\PIG_Behavior_Project\outputs\legacy_16f_rebuild\legacy_16f_rebuild_20260718_v2\06_full_recovery\crops\dense_tracklet_0_to_12\pigs041219\000226\burst_color_8ccd4c38_133\ID_1\f000000.jpg,PASS,PASS,True,True,True
source=cvat_tracking_xml|dataset=cvat_tracking_Pigs281119_000114_30fps|video=Pigs281119_000114_30fps|track_id=4|anchor=1740,source=cvat_tracking_xml|dataset=cvat_tracking_Pigs281119_000114_30fps|video=Pigs281119_000114_30fps|track_id=4,sitting,sitting,sitting,human_review,cvat_tracking_xml,Pigs281119_000114_30fps,Pigs281119_000114_30fps,281119,1740,1745,validation,FOLD_3,validation,,sitting,sitting_enriched,reviewed_engineering_amendment_992f34c0204a85a1,ab86e2e04267cfdc8248f9bdb8774615479d67a3589f7a25844bb1a4c93a639e,557156a7eb6cceeb6a91f667f7c51dcb286e3111f35f414970fa7431acc7e63b,posture_500_a566c58d252c1642,human_review_completed,TuanHM,2026-08-07T08:13:13+07:00,,PASS,C:\Users\ironh\Downloads\PIG_Behavior_Project\data\videos\Pigs281119_000114_30fps.mp4,PASS,PASS,True,True,True
source=legacy_recovered|dataset=legacy_recovered_16f|video=pigs151119%2F000026|track_id=tracklet_00002244|legacy_sequence,source=legacy_recovered|dataset=legacy_recovered_16f|video=pigs151119%2F000026|track_id=tracklet_00002244,sitting,sitting,sitting,human_review,legacy_recovered,pigs151119/000026,pigs151119/000026,151119,18,33,train,FOLD_4,train,,sitting,sitting_enriched,reviewed_engineering_amendment_992f34c0204a85a1,ab86e2e04267cfdc8248f9bdb8774615479d67a3589f7a25844bb1a4c93a639e,557156a7eb6cceeb6a91f667f7c51dcb286e3111f35f414970fa7431acc7e63b,posture_500_a566c58d252c1642,human_review_completed,TuanHM,2026-08-07T08:13:14+07:00,,PASS,E:\PigProjectStorage\PIG_Behavior_Project\outputs\legacy_16f_rebuild\legacy_16f_rebuild_20260718_v2\06_full_recovery\crops\dense_tracklet_0_to_12\pigs151119\000026\burst_color_6bf3cd32_900\ID_4\f000018.jpg,PASS,PASS,True,True,True
source=cvat_tracking_xml|dataset=cvat_tracking_Pigs281119_000114_30fps|video=Pigs281119_000114_30fps|track_id=2|anchor=1026,source=cvat_tracking_xml|dataset=cvat_tracking_Pigs281119_000114_30fps|video=Pigs281119_000114_30fps|track_id=2,sitting,sitting,sitting,human_review,cvat_tracking_xml,Pigs281119_000114_30fps,Pigs281119_000114_30fps,281119,1026,1031,validation,FOLD_3,validation,,sitting,sitting_enriched,reviewed_engineering_amendment_992f34c0204a85a1,ab86e2e04267cfdc8248f9bdb8774615479d67a3589f7a25844bb1a4c93a639e,557156a7eb6cceeb6a91f667f7c51dcb286e3111f35f414970fa7431acc7e63b,posture_500_a566c58d252c1642,human_review_completed,TuanHM,2026-08-07T08:13:16+07:00,,PASS,C:\Users\ironh\Downloads\PIG_Behavior_Project\data\videos\Pigs281119_000114_30fps.mp4,PASS,PASS,True,True,True
source=cvat_tracking_xml|dataset=cvat_tracking_Pigs281119_000114_30fps|video=Pigs281119_000114_30fps|track_id=7|anchor=1578,source=cvat_tracking_xml|dataset=cvat_tracking_Pigs281119_000114_30fps|video=Pigs281119_000114_30fps|track_id=7,sitting,sitting,sitting,human_review,cvat_tracking_xml,Pigs281119_000114_30fps,Pigs281119_000114_30fps,281119,1578,1583,validation,FOLD_3,validation,,sitting,sitting_enriched,reviewed_engineering_amendment_992f34c0204a85a1,ab86e2e04267cfdc8248f9bdb8774615479d67a3589f7a25844bb1a4c93a639e,557156a7eb6cceeb6a91f667f7c51dcb286e3111f35f414970fa7431acc7e63b,posture_500_a566c58d252c1642,human_review_completed,TuanHM,2026-08-07T08:13:18+07:00,,PASS,C:\Users\ironh\Downloads\PIG_Behavior_Project\data\videos\Pigs281119_000114_30fps.mp4,PASS,PASS,True,True,True
source=cvat_tracking_xml|dataset=cvat_tracking_Pigs281119_000114_30fps|video=Pigs281119_000114_30fps|track_id=3|anchor=1530,source=cvat_tracking_xml|dataset=cvat_tracking_Pigs281119_000114_30fps|video=Pigs281119_000114_30fps|track_id=3,sitting,sitting,sitting,human_review,cvat_tracking_xml,Pigs281119_000114_30fps,Pigs281119_000114_30fps,281119,1530,1535,validation,FOLD_3,validation,,sitting,sitting_enriched,reviewed_engineering_amendment_992f34c0204a85a1,ab86e2e04267cfdc8248f9bdb8774615479d67a3589f7a25844bb1a4c93a639e,557156a7eb6cceeb6a91f667f7c51dcb286e3111f35f414970fa7431acc7e63b,posture_500_a566c58d252c1642,human_review_completed,TuanHM,2026-08-07T08:13:19+07:00,,PASS,C:\Users\ironh\Downloads\PIG_Behavior_Project\data\videos\Pigs281119_000114_30fps.mp4,PASS,PASS,True,True,True
source=legacy_recovered|dataset=legacy_recovered_16f|video=pigs031219%2F000124|track_id=tracklet_00002065|legacy_sequence,source=legacy_recovered|dataset=legacy_recovered_16f|video=pigs031219%2F000124|track_id=tracklet_00002065,lying,lying,lying,human_review,legacy_recovered,pigs031219/000124,pigs031219/000124,031219,0,15,train,FOLD_4,train,,sitting,sitting_enriched,reviewed_engineering_amendment_992f34c0204a85a1,ab86e2e04267cfdc8248f9bdb8774615479d67a3589f7a25844bb1a4c93a639e,557156a7eb6cceeb6a91f667f7c51dcb286e3111f35f414970fa7431acc7e63b,posture_500_a566c58d252c1642,human_review_completed,TuanHM,2026-08-07T08:13:22+07:00,,PASS,E:\PigProjectStorage\PIG_Behavior_Project\outputs\legacy_16f_rebuild\legacy_16f_rebuild_20260718_v2\06_full_recovery\crops\dense_tracklet_0_to_12\pigs031219\000124\burst_color_64df9637_267\ID_6\f000000.jpg,PASS,PASS,True,True,True
source=legacy_recovered|dataset=legacy_recovered_16f|video=pigs041219%2F000203|track_id=tracklet_00000684|legacy_sequence,source=legacy_recovered|dataset=legacy_recovered_16f|video=pigs041219%2F000203|track_id=tracklet_00000684,sitting,sitting,sitting,human_review,legacy_recovered,pigs041219/000203,pigs041219/000203,041219,0,15,train,FOLD_4,train,,sitting,sitting_enriched,reviewed_engineering_amendment_992f34c0204a85a1,ab86e2e04267cfdc8248f9bdb8774615479d67a3589f7a25844bb1a4c93a639e,557156a7eb6cceeb6a91f667f7c51dcb286e3111f35f414970fa7431acc7e63b,posture_500_a566c58d252c1642,human_review_completed,TuanHM,2026-08-07T08:13:23+07:00,,PASS,E:\PigProjectStorage\PIG_Behavior_Project\outputs\legacy_16f_rebuild\legacy_16f_rebuild_20260718_v2\06_full_recovery\crops\dense_tracklet_0_to_12\pigs041219\000203\burst_color_26ba0faf_167\ID_8\f000000.jpg,PASS,PASS,True,True,True
source=legacy_recovered|dataset=legacy_recovered_16f|video=pigs081119%2F000367|track_id=tracklet_00002748|legacy_sequence,source=legacy_recovered|dataset=legacy_recovered_16f|video=pigs081119%2F000367|track_id=tracklet_00002748,sitting,sitting,sitting,human_review,legacy_recovered,pigs081119/000367,pigs081119/000367,081119,0,15,train,FOLD_4,train,,sitting,sitting_enriched,reviewed_engineering_amendment_992f34c0204a85a1,ab86e2e04267cfdc8248f9bdb8774615479d67a3589f7a25844bb1a4c93a639e,557156a7eb6cceeb6a91f667f7c51dcb286e3111f35f414970fa7431acc7e63b,posture_500_a566c58d252c1642,human_review_completed,TuanHM,2026-08-07T08:13:25+07:00,,PASS,E:\PigProjectStorage\PIG_Behavior_Project\outputs\legacy_16f_rebuild\legacy_16f_rebuild_20260718_v2\06_full_recovery\crops\dense_tracklet_0_to_12\pigs081119\000367\burst_color_87f85c5e_100\ID_5\f000000.jpg,PASS,PASS,True,True,True
source=legacy_recovered|dataset=legacy_recovered_16f|video=pigs281119%2F000116|track_id=tracklet_00001708|legacy_sequence,source=legacy_recovered|dataset=legacy_recovered_16f|video=pigs281119%2F000116|track_id=tracklet_00001708,sitting,sitting,sitting,human_review,legacy_recovered,pigs281119/000116,pigs281119/000116,281119,0,15,validation,FOLD_3,validation,,sitting,sitting_enriched,reviewed_engineering_amendment_992f34c0204a85a1,ab86e2e04267cfdc8248f9bdb8774615479d67a3589f7a25844bb1a4c93a639e,557156a7eb6cceeb6a91f667f7c51dcb286e3111f35f414970fa7431acc7e63b,posture_500_a566c58d252c1642,human_review_completed,TuanHM,2026-08-07T08:13:26+07:00,,PASS,E:\PigProjectStorage\PIG_Behavior_Project\outputs\legacy_16f_rebuild\legacy_16f_rebuild_20260718_v2\06_full_recovery\crops\dense_tracklet_0_to_12\pigs281119\000116\burst_color_525a84ea_167\ID_7\f000000.jpg,PASS,PASS,True,True,True
source=legacy_recovered|dataset=legacy_recovered_16f|video=pigs081119%2F000381|track_id=tracklet_00002726|legacy_sequence,source=legacy_recovered|dataset=legacy_recovered_16f|video=pigs081119%2F000381|track_id=tracklet_00002726,sitting,sitting,sitting,human_review,legacy_recovered,pigs081119/000381,pigs081119/000381,081119,16,31,exclude|train,FOLD_4,train,exclude,sitting,sitting_enriched,reviewed_engineering_amendment_992f34c0204a85a1,ab86e2e04267cfdc8248f9bdb8774615479d67a3589f7a25844bb1a4c93a639e,557156a7eb6cceeb6a91f667f7c51dcb286e3111f35f414970fa7431acc7e63b,posture_500_a566c58d252c1642,human_review_completed,TuanHM,2026-08-07T08:13:29+07:00,,PASS,E:\PigProjectStorage\PIG_Behavior_Project\outputs\legacy_16f_rebuild\legacy_16f_rebuild_20260718_v2\06_full_recovery\crops\dense_tracklet_0_to_12\pigs081119\000381\burst_color_8745a49e_833\ID_7\f000016.jpg,PASS,PASS,True,True,False
source=legacy_recovered|dataset=legacy_recovered_16f|video=pigs031219%2F000156|track_id=tracklet_00000431|legacy_sequence,source=legacy_recovered|dataset=legacy_recovered_16f|video=pigs031219%2F000156|track_id=tracklet_00000431,sitting,sitting,sitting,human_review,legacy_recovered,pigs031219/000156,pigs031219/000156,031219,0,15,train,FOLD_4,train,,sitting,sitting_enriched,reviewed_engineering_amendment_992f34c0204a85a1,ab86e2e04267cfdc8248f9bdb8774615479d67a3589f7a25844bb1a4c93a639e,557156a7eb6cceeb6a91f667f7c51dcb286e3111f35f414970fa7431acc7e63b,posture_500_a566c58d252c1642,human_review_completed,TuanHM,2026-08-07T08:13:29+07:00,,PASS,E:\PigProjectStorage\PIG_Behavior_Project\outputs\legacy_16f_rebuild\legacy_16f_rebuild_20260718_v2\06_full_recovery\crops\dense_tracklet_0_to_12\pigs031219\000156\burst_color_18f21ddc_100\ID_2\f000000.jpg,PASS,PASS,True,True,True
source=legacy_recovered|dataset=legacy_recovered_16f|video=pigs041219%2F000276|track_id=tracklet_00001851|legacy_sequence,source=legacy_recovered|dataset=legacy_recovered_16f|video=pigs041219%2F000276|track_id=tracklet_00001851,lying,lying,lying,human_review,legacy_recovered,pigs041219/000276,pigs041219/000276,041219,0,15,train,FOLD_4,train,,sitting,sitting_enriched,reviewed_engineering_amendment_992f34c0204a85a1,ab86e2e04267cfdc8248f9bdb8774615479d67a3589f7a25844bb1a4c93a639e,557156a7eb6cceeb6a91f667f7c51dcb286e3111f35f414970fa7431acc7e63b,posture_500_a566c58d252c1642,human_review_completed,TuanHM,2026-08-07T08:13:32+07:00,,PASS,E:\PigProjectStorage\PIG_Behavior_Project\outputs\legacy_16f_rebuild\legacy_16f_rebuild_20260718_v2\06_full_recovery\crops\dense_tracklet_0_to_12\pigs041219\000276\burst_color_5a99c491_67\ID_5\f000000.jpg,PASS,PASS,True,True,True
source=legacy_recovered|dataset=legacy_recovered_16f|video=pigs031219%2F000141|track_id=tracklet_00004536|legacy_sequence,source=legacy_recovered|dataset=legacy_recovered_16f|video=pigs031219%2F000141|track_id=tracklet_00004536,sitting,sitting,sitting,human_review,legacy_recovered,pigs031219/000141,pigs031219/000141,031219,0,15,train,FOLD_4,train,,sitting,sitting_enriched,reviewed_engineering_amendment_992f34c0204a85a1,ab86e2e04267cfdc8248f9bdb8774615479d67a3589f7a25844bb1a4c93a639e,557156a7eb6cceeb6a91f667f7c51dcb286e3111f35f414970fa7431acc7e63b,posture_500_a566c58d252c1642,human_review_completed,TuanHM,2026-08-07T08:13:33+07:00,,PASS,E:\PigProjectStorage\PIG_Behavior_Project\outputs\legacy_16f_rebuild\legacy_16f_rebuild_20260718_v2\06_full_recovery\crops\dense_tracklet_0_to_12\pigs031219\000141\burst_color_fe9e8c11_300\ID_4\f000000.jpg,PASS,PASS,True,True,True
source=legacy_recovered|dataset=legacy_recovered_16f|video=pigs031219%2F000074|track_id=tracklet_00004259|legacy_sequence,source=legacy_recovered|dataset=legacy_recovered_16f|video=pigs031219%2F000074|track_id=tracklet_00004259,sitting,sitting,sitting,human_review,legacy_recovered,pigs031219/000074,pigs031219/000074,031219,0,15,train,FOLD_4,train,,sitting,sitting_enriched,reviewed_engineering_amendment_992f34c0204a85a1,ab86e2e04267cfdc8248f9bdb8774615479d67a3589f7a25844bb1a4c93a639e,557156a7eb6cceeb6a91f667f7c51dcb286e3111f35f414970fa7431acc7e63b,posture_500_a566c58d252c1642,human_review_completed,TuanHM,2026-08-07T08:13:35+07:00,,PASS,E:\PigProjectStorage\PIG_Behavior_Project\outputs\legacy_16f_rebuild\legacy_16f_rebuild_20260718_v2\06_full_recovery\crops\dense_tracklet_0_to_12\pigs031219\000074\burst_color_eae3f201_167\ID_5\f000000.jpg,PASS,PASS,True,True,True
source=legacy_recovered|dataset=legacy_recovered_16f|video=pigs041219%2F000206|track_id=tracklet_00001722|legacy_sequence,source=legacy_recovered|dataset=legacy_recovered_16f|video=pigs041219%2F000206|track_id=tracklet_00001722,sitting,sitting,sitting,human_review,legacy_recovered,pigs041219/000206,pigs041219/000206,041219,0,15,train,FOLD_4,train,,sitting,sitting_enriched,reviewed_engineering_amendment_992f34c0204a85a1,ab86e2e04267cfdc8248f9bdb8774615479d67a3589f7a25844bb1a4c93a639e,557156a7eb6cceeb6a91f667f7c51dcb286e3111f35f414970fa7431acc7e63b,posture_500_a566c58d252c1642,human_review_completed,TuanHM,2026-08-07T08:13:36+07:00,,PASS,E:\PigProjectStorage\PIG_Behavior_Project\outputs\legacy_16f_rebuild\legacy_16f_rebuild_20260718_v2\06_full_recovery\crops\dense_tracklet_0_to_12\pigs041219\000206\burst_color_52d2abd1_300\ID_5\f000000.jpg,PASS,PASS,True,True,True
source=legacy_recovered|dataset=legacy_recovered_16f|video=pigs281119%2F000123|track_id=tracklet_00001152|legacy_sequence,source=legacy_recovered|dataset=legacy_recovered_16f|video=pigs281119%2F000123|track_id=tracklet_00001152,sitting,sitting,sitting,human_review,legacy_recovered,pigs281119/000123,pigs281119/000123,281119,0,15,validation,FOLD_3,validation,,sitting,sitting_enriched,reviewed_engineering_amendment_992f34c0204a85a1,ab86e2e04267cfdc8248f9bdb8774615479d67a3589f7a25844bb1a4c93a639e,557156a7eb6cceeb6a91f667f7c51dcb286e3111f35f414970fa7431acc7e63b,posture_500_a566c58d252c1642,human_review_completed,TuanHM,2026-08-07T08:13:37+07:00,,PASS,E:\PigProjectStorage\PIG_Behavior_Project\outputs\legacy_16f_rebuild\legacy_16f_rebuild_20260718_v2\06_full_recovery\crops\dense_tracklet_0_to_12\pigs281119\000123\burst_color_39900b3c_33\ID_8\f000000.jpg,PASS,PASS,True,True,True
source=legacy_recovered|dataset=legacy_recovered_16f|video=pigs041219%2F000238|track_id=tracklet_00003820|legacy_sequence,source=legacy_recovered|dataset=legacy_recovered_16f|video=pigs041219%2F000238|track_id=tracklet_00003820,lying,lying,lying,human_review,legacy_recovered,pigs041219/000238,pigs041219/000238,041219,0,15,train,FOLD_4,train,,sitting,sitting_enriched,reviewed_engineering_amendment_992f34c0204a85a1,ab86e2e04267cfdc8248f9bdb8774615479d67a3589f7a25844bb1a4c93a639e,557156a7eb6cceeb6a91f667f7c51dcb286e3111f35f414970fa7431acc7e63b,posture_500_a566c58d252c1642,human_review_completed,TuanHM,2026-08-07T08:13:40+07:00,,PASS,E:\PigProjectStorage\PIG_Behavior_Project\outputs\legacy_16f_rebuild\legacy_16f_rebuild_20260718_v2\06_full_recovery\crops\dense_tracklet_0_to_12\pigs041219\000238\burst_color_cbef7aba_300\ID_7\f000000.jpg,PASS,PASS,True,True,True
source=legacy_recovered|dataset=legacy_recovered_16f|video=pigs151119%2F000035|track_id=tracklet_00001480|legacy_sequence,source=legacy_recovered|dataset=legacy_recovered_16f|video=pigs151119%2F000035|track_id=tracklet_00001480,sitting,sitting,sitting,human_review,legacy_recovered,pigs151119/000035,pigs151119/000035,151119,0,15,train,FOLD_4,train,,sitting,sitting_enriched,reviewed_engineering_amendment_992f34c0204a85a1,ab86e2e04267cfdc8248f9bdb8774615479d67a3589f7a25844bb1a4c93a639e,557156a7eb6cceeb6a91f667f7c51dcb286e3111f35f414970fa7431acc7e63b,posture_500_a566c58d252c1642,human_review_completed,TuanHM,2026-08-07T08:13:42+07:00,,PASS,E:\PigProjectStorage\PIG_Behavior_Project\outputs\legacy_16f_rebuild\legacy_16f_rebuild_20260718_v2\06_full_recovery\crops\dense_tracklet_0_to_12\pigs151119\000035\burst_color_4841da6a_33\ID_4\f000000.jpg,PASS,PASS,True,True,True
source=legacy_recovered|dataset=legacy_recovered_16f|video=pigs031219%2F000096|track_id=tracklet_00000457|legacy_sequence,source=legacy_recovered|dataset=legacy_recovered_16f|video=pigs031219%2F000096|track_id=tracklet_00000457,sitting,sitting,sitting,human_review,legacy_recovered,pigs031219/000096,pigs031219/000096,031219,8,23,train,FOLD_4,train,,sitting,sitting_enriched,reviewed_engineering_amendment_992f34c0204a85a1,ab86e2e04267cfdc8248f9bdb8774615479d67a3589f7a25844bb1a4c93a639e,557156a7eb6cceeb6a91f667f7c51dcb286e3111f35f414970fa7431acc7e63b,posture_500_a566c58d252c1642,human_review_completed,TuanHM,2026-08-07T08:13:43+07:00,,PASS,E:\PigProjectStorage\PIG_Behavior_Project\outputs\legacy_16f_rebuild\legacy_16f_rebuild_20260718_v2\06_full_recovery\crops\dense_tracklet_0_to_12\pigs031219\000096\burst_color_1b04cf61_567\ID_1\f000008.jpg,PASS,PASS,True,True,True
source=legacy_recovered|dataset=legacy_recovered_16f|video=pigs081119%2F000298|track_id=tracklet_00002373|legacy_sequence,source=legacy_recovered|dataset=legacy_recovered_16f|video=pigs081119%2F000298|track_id=tracklet_00002373,sitting,sitting,sitting,human_review,legacy_recovered,pigs081119/000298,pigs081119/000298,081119,3,18,train,FOLD_4,train,,sitting,sitting_enriched,reviewed_engineering_amendment_992f34c0204a85a1,ab86e2e04267cfdc8248f9bdb8774615479d67a3589f7a25844bb1a4c93a639e,557156a7eb6cceeb6a91f667f7c51dcb286e3111f35f414970fa7431acc7e63b,posture_500_a566c58d252c1642,human_review_completed,TuanHM,2026-08-07T08:13:44+07:00,,PASS,E:\PigProjectStorage\PIG_Behavior_Project\outputs\legacy_16f_rebuild\legacy_16f_rebuild_20260718_v2\06_full_recovery\crops\dense_tracklet_0_to_12\pigs081119\000298\burst_color_6e7216e1_400\ID_2\f000003.jpg,PASS,PASS,True,True,True
source=legacy_recovered|dataset=legacy_recovered_16f|video=pigs051219%2F000314|track_id=tracklet_00001413|legacy_sequence,source=legacy_recovered|dataset=legacy_recovered_16f|video=pigs051219%2F000314|track_id=tracklet_00001413,lying,lying,lying,human_review,legacy_recovered,pigs051219/000314,pigs051219/000314,051219,0,15,train,FOLD_4,train,,sitting,sitting_enriched,reviewed_engineering_amendment_992f34c0204a85a1,ab86e2e04267cfdc8248f9bdb8774615479d67a3589f7a25844bb1a4c93a639e,557156a7eb6cceeb6a91f667f7c51dcb286e3111f35f414970fa7431acc7e63b,posture_500_a566c58d252c1642,human_review_completed,TuanHM,2026-08-07T08:13:46+07:00,,PASS,E:\PigProjectStorage\PIG_Behavior_Project\outputs\legacy_16f_rebuild\legacy_16f_rebuild_20260718_v2\06_full_recovery\crops\dense_tracklet_0_to_12\pigs051219\000314\burst_color_4488c064_267\ID_6\f000000.jpg,PASS,PASS,True,True,True
source=legacy_recovered|dataset=legacy_recovered_16f|video=pigs151119%2F000025|track_id=tracklet_00003067|legacy_sequence,source=legacy_recovered|dataset=legacy_recovered_16f|video=pigs151119%2F000025|track_id=tracklet_00003067,sitting,sitting,sitting,human_review,legacy_recovered,pigs151119/000025,pigs151119/000025,151119,1,16,train,FOLD_4,train,,sitting,sitting_enriched,reviewed_engineering_amendment_992f34c0204a85a1,ab86e2e04267cfdc8248f9bdb8774615479d67a3589f7a25844bb1a4c93a639e,557156a7eb6cceeb6a91f667f7c51dcb286e3111f35f414970fa7431acc7e63b,posture_500_a566c58d252c1642,human_review_completed,TuanHM,2026-08-07T08:13:47+07:00,,PASS,E:\PigProjectStorage\PIG_Behavior_Project\outputs\legacy_16f_rebuild\legacy_16f_rebuild_20260718_v2\06_full_recovery\crops\dense_tracklet_0_to_12\pigs151119\000025\burst_color_94cbe990_333\ID_1\f000001.jpg,PASS,PASS,True,True,True
source=legacy_recovered|dataset=legacy_recovered_16f|video=pigs081119%2F000314|track_id=tracklet_00004228|legacy_sequence,source=legacy_recovered|dataset=legacy_recovered_16f|video=pigs081119%2F000314|track_id=tracklet_00004228,lying,lying,lying,human_review,legacy_recovered,pigs081119/000314,pigs081119/000314,081119,0,15,train,FOLD_4,train,,sitting,sitting_enriched,reviewed_engineering_amendment_992f34c0204a85a1,ab86e2e04267cfdc8248f9bdb8774615479d67a3589f7a25844bb1a4c93a639e,557156a7eb6cceeb6a91f667f7c51dcb286e3111f35f414970fa7431acc7e63b,posture_500_a566c58d252c1642,human_review_completed,TuanHM,2026-08-07T08:13:48+07:00,,PASS,E:\PigProjectStorage\PIG_Behavior_Project\outputs\legacy_16f_rebuild\legacy_16f_rebuild_20260718_v2\06_full_recovery\crops\dense_tracklet_0_to_12\pigs081119\000314\burst_color_e9dec16d_200\ID_6\f000000.jpg,PASS,PASS,True,True,True
source=legacy_recovered|dataset=legacy_recovered_16f|video=pigs161119%2F000071|track_id=tracklet_00001994|legacy_sequence,source=legacy_recovered|dataset=legacy_recovered_16f|video=pigs161119%2F000071|track_id=tracklet_00001994,sitting,sitting,sitting,human_review,legacy_recovered,pigs161119/000071,pigs161119/000071,161119,0,15,train,FOLD_4,train,,sitting,sitting_enriched,reviewed_engineering_amendment_992f34c0204a85a1,ab86e2e04267cfdc8248f9bdb8774615479d67a3589f7a25844bb1a4c93a639e,557156a7eb6cceeb6a91f667f7c51dcb286e3111f35f414970fa7431acc7e63b,posture_500_a566c58d252c1642,human_review_completed,TuanHM,2026-08-07T08:13:49+07:00,,PASS,E:\PigProjectStorage\PIG_Behavior_Project\outputs\legacy_16f_rebuild\legacy_16f_rebuild_20260718_v2\06_full_recovery\crops\dense_tracklet_0_to_12\pigs161119\000071\burst_color_6241e6d7_33\ID_5\f000000.jpg,PASS,PASS,True,True,True
source=legacy_recovered|dataset=legacy_recovered_16f|video=pigs081119%2F000371|track_id=tracklet_00002118|legacy_sequence,source=legacy_recovered|dataset=legacy_recovered_16f|video=pigs081119%2F000371|track_id=tracklet_00002118,sitting,sitting,sitting,human_review,legacy_recovered,pigs081119/000371,pigs081119/000371,081119,0,15,train,FOLD_4,train,,sitting,sitting_enriched,reviewed_engineering_amendment_992f34c0204a85a1,ab86e2e04267cfdc8248f9bdb8774615479d67a3589f7a25844bb1a4c93a639e,557156a7eb6cceeb6a91f667f7c51dcb286e3111f35f414970fa7431acc7e63b,posture_500_a566c58d252c1642,human_review_completed,TuanHM,2026-08-07T08:13:51+07:00,,PASS,E:\PigProjectStorage\PIG_Behavior_Project\outputs\legacy_16f_rebuild\legacy_16f_rebuild_20260718_v2\06_full_recovery\crops\dense_tracklet_0_to_12\pigs081119\000371\burst_color_68181e38_267\ID_2\f000000.jpg,PASS,PASS,True,True,True
source=legacy_recovered|dataset=legacy_recovered_16f|video=pigs041219%2F000196|track_id=tracklet_00001564|legacy_sequence,source=legacy_recovered|dataset=legacy_recovered_16f|video=pigs041219%2F000196|track_id=tracklet_00001564,sitting,sitting,sitting,human_review,legacy_recovered,pigs041219/000196,pigs041219/000196,041219,0,15,train,FOLD_4,train,,sitting,sitting_enriched,reviewed_engineering_amendment_992f34c0204a85a1,ab86e2e04267cfdc8248f9bdb8774615479d67a3589f7a25844bb1a4c93a639e,557156a7eb6cceeb6a91f667f7c51dcb286e3111f35f414970fa7431acc7e63b,posture_500_a566c58d252c1642,human_review_completed,TuanHM,2026-08-07T08:13:52+07:00,,PASS,E:\PigProjectStorage\PIG_Behavior_Project\outputs\legacy_16f_rebuild\legacy_16f_rebuild_20260718_v2\06_full_recovery\crops\dense_tracklet_0_to_12\pigs041219\000196\burst_color_4a3ed083_33\ID_2\f000000.jpg,PASS,PASS,True,True,True
source=legacy_recovered|dataset=legacy_recovered_16f|video=pigs091119%2F000446|track_id=tracklet_00001897|legacy_sequence,source=legacy_recovered|dataset=legacy_recovered_16f|video=pigs091119%2F000446|track_id=tracklet_00001897,sitting,sitting,sitting,human_review,legacy_recovered,pigs091119/000446,pigs091119/000446,091119,0,15,train,FOLD_4,train,,sitting,sitting_enriched,reviewed_engineering_amendment_992f34c0204a85a1,ab86e2e04267cfdc8248f9bdb8774615479d67a3589f7a25844bb1a4c93a639e,557156a7eb6cceeb6a91f667f7c51dcb286e3111f35f414970fa7431acc7e63b,posture_500_a566c58d252c1642,human_review_completed,TuanHM,2026-08-07T08:13:54+07:00,,PASS,E:\PigProjectStorage\PIG_Behavior_Project\outputs\legacy_16f_rebuild\legacy_16f_rebuild_20260718_v2\06_full_recovery\crops\dense_tracklet_0_to_12\pigs091119\000446\burst_color_5f44dee9_233\ID_3\f000000.jpg,PASS,PASS,True,True,True
source=legacy_recovered|dataset=legacy_recovered_16f|video=pigs271119%2F000024|track_id=tracklet_00003753|legacy_sequence,source=legacy_recovered|dataset=legacy_recovered_16f|video=pigs271119%2F000024|track_id=tracklet_00003753,sitting,sitting,sitting,human_review,legacy_recovered,pigs271119/000024,pigs271119/000024,271119,0,15,train,FOLD_4,train,,sitting,sitting_enriched,reviewed_engineering_amendment_992f34c0204a85a1,ab86e2e04267cfdc8248f9bdb8774615479d67a3589f7a25844bb1a4c93a639e,557156a7eb6cceeb6a91f667f7c51dcb286e3111f35f414970fa7431acc7e63b,posture_500_a566c58d252c1642,human_review_completed,TuanHM,2026-08-07T08:13:55+07:00,,PASS,E:\PigProjectStorage\PIG_Behavior_Project\outputs\legacy_16f_rebuild\legacy_16f_rebuild_20260718_v2\06_full_recovery\crops\dense_tracklet_0_to_12\pigs271119\000024\burst_color_c3b20ba5_33\ID_1\f000000.jpg,PASS,PASS,True,True,True
source=legacy_recovered|dataset=legacy_recovered_16f|video=pigs041219%2F000202|track_id=tracklet_00001558|legacy_sequence,source=legacy_recovered|dataset=legacy_recovered_16f|video=pigs041219%2F000202|track_id=tracklet_00001558,sitting,sitting,sitting,human_review,legacy_recovered,pigs041219/000202,pigs041219/000202,041219,0,15,train,FOLD_4,train,,sitting,sitting_enriched,reviewed_engineering_amendment_992f34c0204a85a1,ab86e2e04267cfdc8248f9bdb8774615479d67a3589f7a25844bb1a4c93a639e,557156a7eb6cceeb6a91f667f7c51dcb286e3111f35f414970fa7431acc7e63b,posture_500_a566c58d252c1642,human_review_completed,TuanHM,2026-08-07T08:13:56+07:00,,PASS,E:\PigProjectStorage\PIG_Behavior_Project\outputs\legacy_16f_rebuild\legacy_16f_rebuild_20260718_v2\06_full_recovery\crops\dense_tracklet_0_to_12\pigs041219\000202\burst_color_4a32947e_233\ID_4\f000000.jpg,PASS,PASS,True,True,True
source=legacy_recovered|dataset=legacy_recovered_16f|video=pigs031219%2F000082|track_id=tracklet_00004048|legacy_sequence,source=legacy_recovered|dataset=legacy_recovered_16f|video=pigs031219%2F000082|track_id=tracklet_00004048,sitting,sitting,sitting,human_review,legacy_recovered,pigs031219/000082,pigs031219/000082,031219,0,15,train,FOLD_4,train,,sitting,sitting_enriched,reviewed_engineering_amendment_992f34c0204a85a1,ab86e2e04267cfdc8248f9bdb8774615479d67a3589f7a25844bb1a4c93a639e,557156a7eb6cceeb6a91f667f7c51dcb286e3111f35f414970fa7431acc7e63b,posture_500_a566c58d252c1642,human_review_completed,TuanHM,2026-08-07T08:13:57+07:00,,PASS,E:\PigProjectStorage\PIG_Behavior_Project\outputs\legacy_16f_rebuild\legacy_16f_rebuild_20260718_v2\06_full_recovery\crops\dense_tracklet_0_to_12\pigs031219\000082\burst_color_db0ab06c_300\ID_2\f000000.jpg,PASS,PASS,True,True,True
source=legacy_recovered|dataset=legacy_recovered_16f|video=pigs031219%2F000130|track_id=tracklet_00002461|legacy_sequence,source=legacy_recovered|dataset=legacy_recovered_16f|video=pigs031219%2F000130|track_id=tracklet_00002461,sitting,sitting,sitting,human_review,legacy_recovered,pigs031219/000130,pigs031219/000130,031219,0,15,train,FOLD_4,train,,sitting,sitting_enriched,reviewed_engineering_amendment_992f34c0204a85a1,ab86e2e04267cfdc8248f9bdb8774615479d67a3589f7a25844bb1a4c93a639e,557156a7eb6cceeb6a91f667f7c51dcb286e3111f35f414970fa7431acc7e63b,posture_500_a566c58d252c1642,human_review_completed,TuanHM,2026-08-07T08:13:59+07:00,,PASS,E:\PigProjectStorage\PIG_Behavior_Project\outputs\legacy_16f_rebuild\legacy_16f_rebuild_20260718_v2\06_full_recovery\crops\dense_tracklet_0_to_12\pigs031219\000130\burst_color_74a85b20_300\ID_7\f000000.jpg,PASS,PASS,True,True,True
source=legacy_recovered|dataset=legacy_recovered_16f|video=pigs271119%2F000016|track_id=tracklet_00003637|legacy_sequence,source=legacy_recovered|dataset=legacy_recovered_16f|video=pigs271119%2F000016|track_id=tracklet_00003637,sitting,sitting,sitting,human_review,legacy_recovered,pigs271119/000016,pigs271119/000016,271119,261,276,train,FOLD_4,train,,sitting,sitting_enriched,reviewed_engineering_amendment_992f34c0204a85a1,ab86e2e04267cfdc8248f9bdb8774615479d67a3589f7a25844bb1a4c93a639e,557156a7eb6cceeb6a91f667f7c51dcb286e3111f35f414970fa7431acc7e63b,posture_500_a566c58d252c1642,human_review_completed,TuanHM,2026-08-07T08:14:00+07:00,,PASS,E:\PigProjectStorage\PIG_Behavior_Project\outputs\legacy_16f_rebuild\legacy_16f_rebuild_20260718_v2\06_full_recovery\crops\dense_tracklet_0_to_12\pigs271119\000016\burst_color_bb4570a4_9000\ID_8\f000261.jpg,PASS,PASS,True,True,True
source=legacy_recovered|dataset=legacy_recovered_16f|video=pigs151119%2F000037|track_id=tracklet_00000759|legacy_sequence,source=legacy_recovered|dataset=legacy_recovered_16f|video=pigs151119%2F000037|track_id=tracklet_00000759,sitting,sitting,sitting,human_review,legacy_recovered,pigs151119/000037,pigs151119/000037,151119,3,18,train,FOLD_4,train,,sitting,sitting_enriched,reviewed_engineering_amendment_992f34c0204a85a1,ab86e2e04267cfdc8248f9bdb8774615479d67a3589f7a25844bb1a4c93a639e,557156a7eb6cceeb6a91f667f7c51dcb286e3111f35f414970fa7431acc7e63b,posture_500_a566c58d252c1642,human_review_completed,TuanHM,2026-08-07T08:14:01+07:00,,PASS,E:\PigProjectStorage\PIG_Behavior_Project\outputs\legacy_16f_rebuild\legacy_16f_rebuild_20260718_v2\06_full_recovery\crops\dense_tracklet_0_to_12\pigs151119\000037\burst_color_2911c2ef_400\ID_2\f000003.jpg,PASS,PASS,True,True,True
source=legacy_recovered|dataset=legacy_recovered_16f|video=pigs051219%2F000324|track_id=tracklet_00004119|legacy_sequence,source=legacy_recovered|dataset=legacy_recovered_16f|video=pigs051219%2F000324|track_id=tracklet_00004119,sitting,sitting,sitting,human_review,legacy_recovered,pigs051219/000324,pigs051219/000324,051219,0,15,train,FOLD_4,train,,sitting,sitting_enriched,reviewed_engineering_amendment_992f34c0204a85a1,ab86e2e04267cfdc8248f9bdb8774615479d67a3589f7a25844bb1a4c93a639e,557156a7eb6cceeb6a91f667f7c51dcb286e3111f35f414970fa7431acc7e63b,posture_500_a566c58d252c1642,human_review_completed,TuanHM,2026-08-07T08:14:01+07:00,,PASS,E:\PigProjectStorage\PIG_Behavior_Project\outputs\legacy_16f_rebuild\legacy_16f_rebuild_20260718_v2\06_full_recovery\crops\dense_tracklet_0_to_12\pigs051219\000324\burst_color_e198ff51_233\ID_4\f000000.jpg,PASS,PASS,True,True,True
source=legacy_recovered|dataset=legacy_recovered_16f|video=pigs151119%2F000025|track_id=tracklet_00003072|legacy_sequence,source=legacy_recovered|dataset=legacy_recovered_16f|video=pigs151119%2F000025|track_id=tracklet_00003072,sitting,sitting,sitting,human_review,legacy_recovered,pigs151119/000025,pigs151119/000025,151119,1,16,train,FOLD_4,train,,sitting,sitting_enriched,reviewed_engineering_amendment_992f34c0204a85a1,ab86e2e04267cfdc8248f9bdb8774615479d67a3589f7a25844bb1a4c93a639e,557156a7eb6cceeb6a91f667f7c51dcb286e3111f35f414970fa7431acc7e63b,posture_500_a566c58d252c1642,human_review_completed,TuanHM,2026-08-07T08:14:02+07:00,,PASS,E:\PigProjectStorage\PIG_Behavior_Project\outputs\legacy_16f_rebuild\legacy_16f_rebuild_20260718_v2\06_full_recovery\crops\dense_tracklet_0_to_12\pigs151119\000025\burst_color_94cbe990_333\ID_6\f000001.jpg,PASS,PASS,True,True,True
source=legacy_recovered|dataset=legacy_recovered_16f|video=pigs081119%2F000353|track_id=tracklet_00000383|legacy_sequence,source=legacy_recovered|dataset=legacy_recovered_16f|video=pigs081119%2F000353|track_id=tracklet_00000383,sitting,sitting,sitting,human_review,legacy_recovered,pigs081119/000353,pigs081119/000353,081119,0,15,train,FOLD_4,train,,sitting,sitting_enriched,reviewed_engineering_amendment_992f34c0204a85a1,ab86e2e04267cfdc8248f9bdb8774615479d67a3589f7a25844bb1a4c93a639e,557156a7eb6cceeb6a91f667f7c51dcb286e3111f35f414970fa7431acc7e63b,posture_500_a566c58d252c1642,human_review_completed,TuanHM,2026-08-07T08:14:03+07:00,,PASS,E:\PigProjectStorage\PIG_Behavior_Project\outputs\legacy_16f_rebuild\legacy_16f_rebuild_20260718_v2\06_full_recovery\crops\dense_tracklet_0_to_12\pigs081119\000353\burst_color_178a92df_233\ID_1\f000000.jpg,PASS,PASS,True,True,True
source=legacy_recovered|dataset=legacy_recovered_16f|video=pigs151119%2F000025|track_id=tracklet_00003071|legacy_sequence,source=legacy_recovered|dataset=legacy_recovered_16f|video=pigs151119%2F000025|track_id=tracklet_00003071,sitting,sitting,sitting,human_review,legacy_recovered,pigs151119/000025,pigs151119/000025,151119,1,16,train,FOLD_4,train,,sitting,sitting_enriched,reviewed_engineering_amendment_992f34c0204a85a1,ab86e2e04267cfdc8248f9bdb8774615479d67a3589f7a25844bb1a4c93a639e,557156a7eb6cceeb6a91f667f7c51dcb286e3111f35f414970fa7431acc7e63b,posture_500_a566c58d252c1642,human_review_completed,TuanHM,2026-08-07T08:14:05+07:00,,PASS,E:\PigProjectStorage\PIG_Behavior_Project\outputs\legacy_16f_rebuild\legacy_16f_rebuild_20260718_v2\06_full_recovery\crops\dense_tracklet_0_to_12\pigs151119\000025\burst_color_94cbe990_333\ID_5\f000001.jpg,PASS,PASS,True,True,True
source=legacy_recovered|dataset=legacy_recovered_16f|video=pigs031219%2F000142|track_id=tracklet_00000050|legacy_sequence,source=legacy_recovered|dataset=legacy_recovered_16f|video=pigs031219%2F000142|track_id=tracklet_00000050,sitting,sitting,sitting,human_review,legacy_recovered,pigs031219/000142,pigs031219/000142,031219,1,16,train,FOLD_4,train,,sitting,sitting_enriched,reviewed_engineering_amendment_992f34c0204a85a1,ab86e2e04267cfdc8248f9bdb8774615479d67a3589f7a25844bb1a4c93a639e,557156a7eb6cceeb6a91f667f7c51dcb286e3111f35f414970fa7431acc7e63b,posture_500_a566c58d252c1642,human_review_completed,TuanHM,2026-08-07T08:14:07+07:00,,PASS,E:\PigProjectStorage\PIG_Behavior_Project\outputs\legacy_16f_rebuild\legacy_16f_rebuild_20260718_v2\06_full_recovery\crops\dense_tracklet_0_to_12\pigs031219\000142\burst_color_0264612e_333\ID_5\f000001.jpg,PASS,PASS,True,True,True
source=legacy_recovered|dataset=legacy_recovered_16f|video=pigs081119%2F000359|track_id=tracklet_00003320|legacy_sequence,source=legacy_recovered|dataset=legacy_recovered_16f|video=pigs081119%2F000359|track_id=tracklet_00003320,sitting,sitting,sitting,human_review,legacy_recovered,pigs081119/000359,pigs081119/000359,081119,0,15,train,FOLD_4,train,,sitting,sitting_enriched,reviewed_engineering_amendment_992f34c0204a85a1,ab86e2e04267cfdc8248f9bdb8774615479d67a3589f7a25844bb1a4c93a639e,557156a7eb6cceeb6a91f667f7c51dcb286e3111f35f414970fa7431acc7e63b,posture_500_a566c58d252c1642,human_review_completed,TuanHM,2026-08-07T08:14:08+07:00,,PASS,E:\PigProjectStorage\PIG_Behavior_Project\outputs\legacy_16f_rebuild\legacy_16f_rebuild_20260718_v2\06_full_recovery\crops\dense_tracklet_0_to_12\pigs081119\000359\burst_color_aa168118_167\ID_7\f000000.jpg,PASS,PASS,True,True,True
source=legacy_recovered|dataset=legacy_recovered_16f|video=pigs041219%2F000187|track_id=tracklet_00002790|legacy_sequence,source=legacy_recovered|dataset=legacy_recovered_16f|video=pigs041219%2F000187|track_id=tracklet_00002790,sitting,sitting,sitting,human_review,legacy_recovered,pigs041219/000187,pigs041219/000187,041219,0,15,train,FOLD_4,train,,sitting,sitting_enriched,reviewed_engineering_amendment_992f34c0204a85a1,ab86e2e04267cfdc8248f9bdb8774615479d67a3589f7a25844bb1a4c93a639e,557156a7eb6cceeb6a91f667f7c51dcb286e3111f35f414970fa7431acc7e63b,posture_500_a566c58d252c1642,human_review_completed,TuanHM,2026-08-07T08:14:10+07:00,,PASS,E:\PigProjectStorage\PIG_Behavior_Project\outputs\legacy_16f_rebuild\legacy_16f_rebuild_20260718_v2\06_full_recovery\crops\dense_tracklet_0_to_12\pigs041219\000187\burst_color_89cbeed2_167\ID_7\f000000.jpg,PASS,PASS,True,True,True
source=legacy_recovered|dataset=legacy_recovered_16f|video=pigs031219%2F000140|track_id=tracklet_00002314|legacy_sequence,source=legacy_recovered|dataset=legacy_recovered_16f|video=pigs031219%2F000140|track_id=tracklet_00002314,sitting,sitting,sitting,human_review,legacy_recovered,pigs031219/000140,pigs031219/000140,031219,0,15,train,FOLD_4,train,,sitting,sitting_enriched,reviewed_engineering_amendment_992f34c0204a85a1,ab86e2e04267cfdc8248f9bdb8774615479d67a3589f7a25844bb1a4c93a639e,557156a7eb6cceeb6a91f667f7c51dcb286e3111f35f414970fa7431acc7e63b,posture_500_a566c58d252c1642,human_review_completed,TuanHM,2026-08-07T08:14:12+07:00,,PASS,E:\PigProjectStorage\PIG_Behavior_Project\outputs\legacy_16f_rebuild\legacy_16f_rebuild_20260718_v2\06_full_recovery\crops\dense_tracklet_0_to_12\pigs031219\000140\burst_color_6d876182_33\ID_2\f000000.jpg,PASS,PASS,True,True,True
source=legacy_recovered|dataset=legacy_recovered_16f|video=pigs091119%2F000440|track_id=tracklet_00001188|legacy_sequence,source=legacy_recovered|dataset=legacy_recovered_16f|video=pigs091119%2F000440|track_id=tracklet_00001188,sitting,sitting,sitting,human_review,legacy_recovered,pigs091119/000440,pigs091119/000440,091119,0,15,train,FOLD_4,train,,sitting,sitting_enriched,reviewed_engineering_amendment_992f34c0204a85a1,ab86e2e04267cfdc8248f9bdb8774615479d67a3589f7a25844bb1a4c93a639e,557156a7eb6cceeb6a91f667f7c51dcb286e3111f35f414970fa7431acc7e63b,posture_500_a566c58d252c1642,human_review_completed,TuanHM,2026-08-07T08:14:13+07:00,,PASS,E:\PigProjectStorage\PIG_Behavior_Project\outputs\legacy_16f_rebuild\legacy_16f_rebuild_20260718_v2\06_full_recovery\crops\dense_tracklet_0_to_12\pigs091119\000440\burst_color_3b799709_100\ID_5\f000000.jpg,PASS,PASS,True,True,True
source=legacy_recovered|dataset=legacy_recovered_16f|video=pigs031219%2F000156|track_id=tracklet_00000437|legacy_sequence,source=legacy_recovered|dataset=legacy_recovered_16f|video=pigs031219%2F000156|track_id=tracklet_00000437,sitting,sitting,sitting,human_review,legacy_recovered,pigs031219/000156,pigs031219/000156,031219,0,15,train,FOLD_4,train,,sitting,sitting_enriched,reviewed_engineering_amendment_992f34c0204a85a1,ab86e2e04267cfdc8248f9bdb8774615479d67a3589f7a25844bb1a4c93a639e,557156a7eb6cceeb6a91f667f7c51dcb286e3111f35f414970fa7431acc7e63b,posture_500_a566c58d252c1642,human_review_completed,TuanHM,2026-08-07T08:14:13+07:00,,PASS,E:\PigProjectStorage\PIG_Behavior_Project\outputs\legacy_16f_rebuild\legacy_16f_rebuild_20260718_v2\06_full_recovery\crops\dense_tracklet_0_to_12\pigs031219\000156\burst_color_18f21ddc_100\ID_8\f000000.jpg,PASS,PASS,True,True,True
source=legacy_recovered|dataset=legacy_recovered_16f|video=pigs051219%2F000336|track_id=tracklet_00004332|legacy_sequence,source=legacy_recovered|dataset=legacy_recovered_16f|video=pigs051219%2F000336|track_id=tracklet_00004332,sitting,sitting,sitting,human_review,legacy_recovered,pigs051219/000336,pigs051219/000336,051219,0,15,train,FOLD_4,train,,sitting,sitting_enriched,reviewed_engineering_amendment_992f34c0204a85a1,ab86e2e04267cfdc8248f9bdb8774615479d67a3589f7a25844bb1a4c93a639e,557156a7eb6cceeb6a91f667f7c51dcb286e3111f35f414970fa7431acc7e63b,posture_500_a566c58d252c1642,human_review_completed,TuanHM,2026-08-07T08:14:15+07:00,,PASS,E:\PigProjectStorage\PIG_Behavior_Project\outputs\legacy_16f_rebuild\legacy_16f_rebuild_20260718_v2\06_full_recovery\crops\dense_tracklet_0_to_12\pigs051219\000336\burst_color_f04df010_267\ID_2\f000000.jpg,PASS,PASS,True,True,True
source=legacy_recovered|dataset=legacy_recovered_16f|video=pigs081119%2F000341|track_id=tracklet_00003581|legacy_sequence,source=legacy_recovered|dataset=legacy_recovered_16f|video=pigs081119%2F000341|track_id=tracklet_00003581,sitting,sitting,sitting,human_review,legacy_recovered,pigs081119/000341,pigs081119/000341,081119,11,26,train,FOLD_4,train,,sitting,sitting_enriched,reviewed_engineering_amendment_992f34c0204a85a1,ab86e2e04267cfdc8248f9bdb8774615479d67a3589f7a25844bb1a4c93a639e,557156a7eb6cceeb6a91f667f7c51dcb286e3111f35f414970fa7431acc7e63b,posture_500_a566c58d252c1642,human_review_completed,TuanHM,2026-08-07T08:14:16+07:00,,PASS,E:\PigProjectStorage\PIG_Behavior_Project\outputs\legacy_16f_rebuild\legacy_16f_rebuild_20260718_v2\06_full_recovery\crops\dense_tracklet_0_to_12\pigs081119\000341\burst_color_b870ec83_667\ID_2\f000011.jpg,PASS,PASS,True,True,True
source=legacy_recovered|dataset=legacy_recovered_16f|video=pigs031219%2F000073|track_id=tracklet_00000988|legacy_sequence,source=legacy_recovered|dataset=legacy_recovered_16f|video=pigs031219%2F000073|track_id=tracklet_00000988,sitting,sitting,sitting,human_review,legacy_recovered,pigs031219/000073,pigs031219/000073,031219,12,27,train,FOLD_4,train,,sitting,sitting_enriched,reviewed_engineering_amendment_992f34c0204a85a1,ab86e2e04267cfdc8248f9bdb8774615479d67a3589f7a25844bb1a4c93a639e,557156a7eb6cceeb6a91f667f7c51dcb286e3111f35f414970fa7431acc7e63b,posture_500_a566c58d252c1642,human_review_completed,TuanHM,2026-08-07T08:14:16+07:00,,PASS,E:\PigProjectStorage\PIG_Behavior_Project\outputs\legacy_16f_rebuild\legacy_16f_rebuild_20260718_v2\06_full_recovery\crops\dense_tracklet_0_to_12\pigs031219\000073\burst_color_32a8db95_700\ID_5\f000012.jpg,PASS,PASS,True,True,True
source=legacy_recovered|dataset=legacy_recovered_16f|video=pigs091119%2F000455|track_id=tracklet_00001372|legacy_sequence,source=legacy_recovered|dataset=legacy_recovered_16f|video=pigs091119%2F000455|track_id=tracklet_00001372,sitting,sitting,sitting,human_review,legacy_recovered,pigs091119/000455,pigs091119/000455,091119,6,21,train,FOLD_4,train,,sitting,sitting_enriched,reviewed_engineering_amendment_992f34c0204a85a1,ab86e2e04267cfdc8248f9bdb8774615479d67a3589f7a25844bb1a4c93a639e,557156a7eb6cceeb6a91f667f7c51dcb286e3111f35f414970fa7431acc7e63b,posture_500_a566c58d252c1642,human_review_completed,TuanHM,2026-08-07T08:14:17+07:00,,PASS,E:\PigProjectStorage\PIG_Behavior_Project\outputs\legacy_16f_rebuild\legacy_16f_rebuild_20260718_v2\06_full_recovery\crops\dense_tracklet_0_to_12\pigs091119\000455\burst_color_4339a25d_500\ID_5\f000006.jpg,PASS,PASS,True,True,True
source=legacy_recovered|dataset=legacy_recovered_16f|video=pigs091119%2F000420|track_id=tracklet_00002668|legacy_sequence,source=legacy_recovered|dataset=legacy_recovered_16f|video=pigs091119%2F000420|track_id=tracklet_00002668,sitting,sitting,sitting,human_review,legacy_recovered,pigs091119/000420,pigs091119/000420,091119,3,18,train,FOLD_4,train,,sitting,sitting_enriched,reviewed_engineering_amendment_992f34c0204a85a1,ab86e2e04267cfdc8248f9bdb8774615479d67a3589f7a25844bb1a4c93a639e,557156a7eb6cceeb6a91f667f7c51dcb286e3111f35f414970fa7431acc7e63b,posture_500_a566c58d252c1642,human_review_completed,TuanHM,2026-08-07T08:14:18+07:00,,PASS,E:\PigProjectStorage\PIG_Behavior_Project\outputs\legacy_16f_rebuild\legacy_16f_rebuild_20260718_v2\06_full_recovery\crops\dense_tracklet_0_to_12\pigs091119\000420\burst_color_82c15738_400\ID_8\f000003.jpg,PASS,PASS,True,True,True
source=legacy_recovered|dataset=legacy_recovered_16f|video=pigs161119%2F000075|track_id=tracklet_00001043|legacy_sequence,source=legacy_recovered|dataset=legacy_recovered_16f|video=pigs161119%2F000075|track_id=tracklet_00001043,sitting,sitting,sitting,human_review,legacy_recovered,pigs161119/000075,pigs161119/000075,161119,0,15,train,FOLD_4,train,,sitting,sitting_enriched,reviewed_engineering_amendment_992f34c0204a85a1,ab86e2e04267cfdc8248f9bdb8774615479d67a3589f7a25844bb1a4c93a639e,557156a7eb6cceeb6a91f667f7c51dcb286e3111f35f414970fa7431acc7e63b,posture_500_a566c58d252c1642,human_review_completed,TuanHM,2026-08-07T08:14:19+07:00,,PASS,E:\PigProjectStorage\PIG_Behavior_Project\outputs\legacy_16f_rebuild\legacy_16f_rebuild_20260718_v2\06_full_recovery\crops\dense_tracklet_0_to_12\pigs161119\000075\burst_color_35be5ea3_233\ID_4\f000000.jpg,PASS,PASS,True,True,True
source=legacy_recovered|dataset=legacy_recovered_16f|video=pigs041219%2F000192|track_id=tracklet_00002593|legacy_sequence,source=legacy_recovered|dataset=legacy_recovered_16f|video=pigs041219%2F000192|track_id=tracklet_00002593,sitting,sitting,sitting,human_review,legacy_recovered,pigs041219/000192,pigs041219/000192,041219,0,15,train,FOLD_4,train,,sitting,sitting_enriched,reviewed_engineering_amendment_992f34c0204a85a1,ab86e2e04267cfdc8248f9bdb8774615479d67a3589f7a25844bb1a4c93a639e,557156a7eb6cceeb6a91f667f7c51dcb286e3111f35f414970fa7431acc7e63b,posture_500_a566c58d252c1642,human_review_completed,TuanHM,2026-08-07T08:14:20+07:00,,PASS,E:\PigProjectStorage\PIG_Behavior_Project\outputs\legacy_16f_rebuild\legacy_16f_rebuild_20260718_v2\06_full_recovery\crops\dense_tracklet_0_to_12\pigs041219\000192\burst_color_7e81d017_133\ID_8\f000000.jpg,PASS,PASS,True,True,True
source=legacy_recovered|dataset=legacy_recovered_16f|video=pigs041219%2F000283|track_id=tracklet_00000393|legacy_sequence,source=legacy_recovered|dataset=legacy_recovered_16f|video=pigs041219%2F000283|track_id=tracklet_00000393,sitting,sitting,sitting,human_review,legacy_recovered,pigs041219/000283,pigs041219/000283,041219,0,15,train,FOLD_4,train,,sitting,sitting_enriched,reviewed_engineering_amendment_992f34c0204a85a1,ab86e2e04267cfdc8248f9bdb8774615479d67a3589f7a25844bb1a4c93a639e,557156a7eb6cceeb6a91f667f7c51dcb286e3111f35f414970fa7431acc7e63b,posture_500_a566c58d252c1642,human_review_completed,TuanHM,2026-08-07T08:14:22+07:00,,PASS,E:\PigProjectStorage\PIG_Behavior_Project\outputs\legacy_16f_rebuild\legacy_16f_rebuild_20260718_v2\06_full_recovery\crops\dense_tracklet_0_to_12\pigs041219\000283\burst_color_17e5910c_167\ID_3\f000000.jpg,PASS,PASS,True,True,True
source=legacy_recovered|dataset=legacy_recovered_16f|video=pigs031219%2F000085|track_id=tracklet_00002692|legacy_sequence,source=legacy_recovered|dataset=legacy_recovered_16f|video=pigs031219%2F000085|track_id=tracklet_00002692,sitting,sitting,sitting,human_review,legacy_recovered,pigs031219/000085,pigs031219/000085,031219,0,15,train,FOLD_4,train,,sitting,sitting_enriched,reviewed_engineering_amendment_992f34c0204a85a1,ab86e2e04267cfdc8248f9bdb8774615479d67a3589f7a25844bb1a4c93a639e,557156a7eb6cceeb6a91f667f7c51dcb286e3111f35f414970fa7431acc7e63b,posture_500_a566c58d252c1642,human_review_completed,TuanHM,2026-08-07T08:14:23+07:00,,PASS,E:\PigProjectStorage\PIG_Behavior_Project\outputs\legacy_16f_rebuild\legacy_16f_rebuild_20260718_v2\06_full_recovery\crops\dense_tracklet_0_to_12\pigs031219\000085\burst_color_83d831f1_267\ID_8\f000000.jpg,PASS,PASS,True,True,True
source=legacy_recovered|dataset=legacy_recovered_16f|video=pigs081119%2F000340|track_id=tracklet_00000863|legacy_sequence,source=legacy_recovered|dataset=legacy_recovered_16f|video=pigs081119%2F000340|track_id=tracklet_00000863,sitting,sitting,sitting,human_review,legacy_recovered,pigs081119/000340,pigs081119/000340,081119,0,15,train,FOLD_4,train,,sitting,sitting_enriched,reviewed_engineering_amendment_992f34c0204a85a1,ab86e2e04267cfdc8248f9bdb8774615479d67a3589f7a25844bb1a4c93a639e,557156a7eb6cceeb6a91f667f7c51dcb286e3111f35f414970fa7431acc7e63b,posture_500_a566c58d252c1642,human_review_completed,TuanHM,2026-08-07T08:14:24+07:00,,PASS,E:\PigProjectStorage\PIG_Behavior_Project\outputs\legacy_16f_rebuild\legacy_16f_rebuild_20260718_v2\06_full_recovery\crops\dense_tracklet_0_to_12\pigs081119\000340\burst_color_2eb71f24_33\ID_8\f000000.jpg,PASS,PASS,True,True,True
source=legacy_recovered|dataset=legacy_recovered_16f|video=pigs151119%2F000051|track_id=tracklet_00000308|legacy_sequence,source=legacy_recovered|dataset=legacy_recovered_16f|video=pigs151119%2F000051|track_id=tracklet_00000308,sitting,sitting,sitting,human_review,legacy_recovered,pigs151119/000051,pigs151119/000051,151119,0,15,train,FOLD_4,train,,sitting,sitting_enriched,reviewed_engineering_amendment_992f34c0204a85a1,ab86e2e04267cfdc8248f9bdb8774615479d67a3589f7a25844bb1a4c93a639e,557156a7eb6cceeb6a91f667f7c51dcb286e3111f35f414970fa7431acc7e63b,posture_500_a566c58d252c1642,human_review_completed,TuanHM,2026-08-07T08:14:25+07:00,,PASS,E:\PigProjectStorage\PIG_Behavior_Project\outputs\legacy_16f_rebuild\legacy_16f_rebuild_20260718_v2\06_full_recovery\crops\dense_tracklet_0_to_12\pigs151119\000051\burst_color_136e29db_233\ID_8\f000000.jpg,PASS,PASS,True,True,True
source=legacy_recovered|dataset=legacy_recovered_16f|video=pigs081119%2F000302|track_id=tracklet_00001015|legacy_sequence,source=legacy_recovered|dataset=legacy_recovered_16f|video=pigs081119%2F000302|track_id=tracklet_00001015,sitting,sitting,sitting,human_review,legacy_recovered,pigs081119/000302,pigs081119/000302,081119,10,25,train,FOLD_4,train,,sitting,sitting_enriched,reviewed_engineering_amendment_992f34c0204a85a1,ab86e2e04267cfdc8248f9bdb8774615479d67a3589f7a25844bb1a4c93a639e,557156a7eb6cceeb6a91f667f7c51dcb286e3111f35f414970fa7431acc7e63b,posture_500_a566c58d252c1642,human_review_completed,TuanHM,2026-08-07T08:14:26+07:00,,PASS,E:\PigProjectStorage\PIG_Behavior_Project\outputs\legacy_16f_rebuild\legacy_16f_rebuild_20260718_v2\06_full_recovery\crops\dense_tracklet_0_to_12\pigs081119\000302\burst_color_34859b67_633\ID_8\f000010.jpg,PASS,PASS,True,True,True
source=legacy_recovered|dataset=legacy_recovered_16f|video=pigs091119%2F000424|track_id=tracklet_00002828|legacy_sequence,source=legacy_recovered|dataset=legacy_recovered_16f|video=pigs091119%2F000424|track_id=tracklet_00002828,sitting,sitting,sitting,human_review,legacy_recovered,pigs091119/000424,pigs091119/000424,091119,0,15,train,FOLD_4,train,,sitting,sitting_enriched,reviewed_engineering_amendment_992f34c0204a85a1,ab86e2e04267cfdc8248f9bdb8774615479d67a3589f7a25844bb1a4c93a639e,557156a7eb6cceeb6a91f667f7c51dcb286e3111f35f414970fa7431acc7e63b,posture_500_a566c58d252c1642,human_review_completed,TuanHM,2026-08-07T08:14:27+07:00,,PASS,E:\PigProjectStorage\PIG_Behavior_Project\outputs\legacy_16f_rebuild\legacy_16f_rebuild_20260718_v2\06_full_recovery\crops\dense_tracklet_0_to_12\pigs091119\000424\burst_color_8bf2c671_33\ID_1\f000000.jpg,PASS,PASS,True,True,True
source=legacy_recovered|dataset=legacy_recovered_16f|video=pigs031219%2F000086|track_id=tracklet_00002340|legacy_sequence,source=legacy_recovered|dataset=legacy_recovered_16f|video=pigs031219%2F000086|track_id=tracklet_00002340,lying,lying,lying,human_review,legacy_recovered,pigs031219/000086,pigs031219/000086,031219,1,16,train,FOLD_4,train,,sitting,sitting_enriched,reviewed_engineering_amendment_992f34c0204a85a1,ab86e2e04267cfdc8248f9bdb8774615479d67a3589f7a25844bb1a4c93a639e,557156a7eb6cceeb6a91f667f7c51dcb286e3111f35f414970fa7431acc7e63b,posture_500_a566c58d252c1642,human_review_completed,TuanHM,2026-08-07T08:14:29+07:00,,PASS,E:\PigProjectStorage\PIG_Behavior_Project\outputs\legacy_16f_rebuild\legacy_16f_rebuild_20260718_v2\06_full_recovery\crops\dense_tracklet_0_to_12\pigs031219\000086\burst_color_6dc04165_333\ID_3\f000001.jpg,PASS,PASS,True,True,True
source=legacy_recovered|dataset=legacy_recovered_16f|video=pigs081119%2F000380|track_id=tracklet_00000585|legacy_sequence,source=legacy_recovered|dataset=legacy_recovered_16f|video=pigs081119%2F000380|track_id=tracklet_00000585,sitting,sitting,sitting,human_review,legacy_recovered,pigs081119/000380,pigs081119/000380,081119,7,22,train,FOLD_4,train,,sitting,sitting_enriched,reviewed_engineering_amendment_992f34c0204a85a1,ab86e2e04267cfdc8248f9bdb8774615479d67a3589f7a25844bb1a4c93a639e,557156a7eb6cceeb6a91f667f7c51dcb286e3111f35f414970fa7431acc7e63b,posture_500_a566c58d252c1642,human_review_completed,TuanHM,2026-08-07T08:14:30+07:00,,PASS,E:\PigProjectStorage\PIG_Behavior_Project\outputs\legacy_16f_rebuild\legacy_16f_rebuild_20260718_v2\06_full_recovery\crops\dense_tracklet_0_to_12\pigs081119\000380\burst_color_23674c18_533\ID_3\f000007.jpg,PASS,PASS,True,True,True
source=legacy_recovered|dataset=legacy_recovered_16f|video=pigs031219%2F000124|track_id=tracklet_00002063|legacy_sequence,source=legacy_recovered|dataset=legacy_recovered_16f|video=pigs031219%2F000124|track_id=tracklet_00002063,sitting,sitting,sitting,human_review,legacy_recovered,pigs031219/000124,pigs031219/000124,031219,0,15,train,FOLD_4,train,,sitting,sitting_enriched,reviewed_engineering_amendment_992f34c0204a85a1,ab86e2e04267cfdc8248f9bdb8774615479d67a3589f7a25844bb1a4c93a639e,557156a7eb6cceeb6a91f667f7c51dcb286e3111f35f414970fa7431acc7e63b,posture_500_a566c58d252c1642,human_review_completed,TuanHM,2026-08-07T08:14:31+07:00,,PASS,E:\PigProjectStorage\PIG_Behavior_Project\outputs\legacy_16f_rebuild\legacy_16f_rebuild_20260718_v2\06_full_recovery\crops\dense_tracklet_0_to_12\pigs031219\000124\burst_color_64df9637_267\ID_4\f000000.jpg,PASS,PASS,True,True,True
source=legacy_recovered|dataset=legacy_recovered_16f|video=pigs151119%2F000041|track_id=tracklet_00000106|legacy_sequence,source=legacy_recovered|dataset=legacy_recovered_16f|video=pigs151119%2F000041|track_id=tracklet_00000106,sitting,sitting,sitting,human_review,legacy_recovered,pigs151119/000041,pigs151119/000041,151119,11,26,train,FOLD_4,train,,sitting,sitting_enriched,reviewed_engineering_amendment_992f34c0204a85a1,ab86e2e04267cfdc8248f9bdb8774615479d67a3589f7a25844bb1a4c93a639e,557156a7eb6cceeb6a91f667f7c51dcb286e3111f35f414970fa7431acc7e63b,posture_500_a566c58d252c1642,human_review_completed,TuanHM,2026-08-07T08:14:32+07:00,,PASS,E:\PigProjectStorage\PIG_Behavior_Project\outputs\legacy_16f_rebuild\legacy_16f_rebuild_20260718_v2\06_full_recovery\crops\dense_tracklet_0_to_12\pigs151119\000041\burst_color_05c17d3a_667\ID_5\f000011.jpg,PASS,PASS,True,True,True
source=legacy_recovered|dataset=legacy_recovered_16f|video=pigs031219%2F000125|track_id=tracklet_00001674|legacy_sequence,source=legacy_recovered|dataset=legacy_recovered_16f|video=pigs031219%2F000125|track_id=tracklet_00001674,sitting,sitting,sitting,human_review,legacy_recovered,pigs031219/000125,pigs031219/000125,031219,0,15,train,FOLD_4,train,,sitting,sitting_enriched,reviewed_engineering_amendment_992f34c0204a85a1,ab86e2e04267cfdc8248f9bdb8774615479d67a3589f7a25844bb1a4c93a639e,557156a7eb6cceeb6a91f667f7c51dcb286e3111f35f414970fa7431acc7e63b,posture_500_a566c58d252c1642,human_review_completed,TuanHM,2026-08-07T08:14:33+07:00,,PASS,E:\PigProjectStorage\PIG_Behavior_Project\outputs\legacy_16f_rebuild\legacy_16f_rebuild_20260718_v2\06_full_recovery\crops\dense_tracklet_0_to_12\pigs031219\000125\burst_color_4ff89bce_300\ID_6\f000000.jpg,PASS,PASS,True,True,True
source=legacy_recovered|dataset=legacy_recovered_16f|video=pigs151119%2F000000|track_id=tracklet_00003035|legacy_sequence,source=legacy_recovered|dataset=legacy_recovered_16f|video=pigs151119%2F000000|track_id=tracklet_00003035,sitting,sitting,sitting,human_review,legacy_recovered,pigs151119/000000,pigs151119/000000,151119,5,20,train,FOLD_4,train,,sitting,sitting_enriched,reviewed_engineering_amendment_992f34c0204a85a1,ab86e2e04267cfdc8248f9bdb8774615479d67a3589f7a25844bb1a4c93a639e,557156a7eb6cceeb6a91f667f7c51dcb286e3111f35f414970fa7431acc7e63b,posture_500_a566c58d252c1642,human_review_completed,TuanHM,2026-08-07T08:14:34+07:00,,PASS,E:\PigProjectStorage\PIG_Behavior_Project\outputs\legacy_16f_rebuild\legacy_16f_rebuild_20260718_v2\06_full_recovery\crops\dense_tracklet_0_to_12\pigs151119\000000\burst_color_92d3c953_467\ID_4\f000005.jpg,PASS,PASS,True,True,True
source=legacy_recovered|dataset=legacy_recovered_16f|video=pigs091119%2F000444|track_id=tracklet_00003010|legacy_sequence,source=legacy_recovered|dataset=legacy_recovered_16f|video=pigs091119%2F000444|track_id=tracklet_00003010,sitting,sitting,sitting,human_review,legacy_recovered,pigs091119/000444,pigs091119/000444,091119,3,18,train,FOLD_4,train,,sitting,sitting_enriched,reviewed_engineering_amendment_992f34c0204a85a1,ab86e2e04267cfdc8248f9bdb8774615479d67a3589f7a25844bb1a4c93a639e,557156a7eb6cceeb6a91f667f7c51dcb286e3111f35f414970fa7431acc7e63b,posture_500_a566c58d252c1642,human_review_completed,TuanHM,2026-08-07T08:14:35+07:00,,PASS,E:\PigProjectStorage\PIG_Behavior_Project\outputs\legacy_16f_rebuild\legacy_16f_rebuild_20260718_v2\06_full_recovery\crops\dense_tracklet_0_to_12\pigs091119\000444\burst_color_9249789e_400\ID_2\f000003.jpg,PASS,PASS,True,True,True
source=legacy_recovered|dataset=legacy_recovered_16f|video=pigs081119%2F000381|track_id=tracklet_00002725|legacy_sequence,source=legacy_recovered|dataset=legacy_recovered_16f|video=pigs081119%2F000381|track_id=tracklet_00002725,sitting,sitting,sitting,human_review,legacy_recovered,pigs081119/000381,pigs081119/000381,081119,16,31,train,FOLD_4,train,,sitting,sitting_enriched,reviewed_engineering_amendment_992f34c0204a85a1,ab86e2e04267cfdc8248f9bdb8774615479d67a3589f7a25844bb1a4c93a639e,557156a7eb6cceeb6a91f667f7c51dcb286e3111f35f414970fa7431acc7e63b,posture_500_a566c58d252c1642,human_review_completed,TuanHM,2026-08-07T08:14:37+07:00,,PASS,E:\PigProjectStorage\PIG_Behavior_Project\outputs\legacy_16f_rebuild\legacy_16f_rebuild_20260718_v2\06_full_recovery\crops\dense_tracklet_0_to_12\pigs081119\000381\burst_color_8745a49e_833\ID_6\f000016.jpg,PASS,PASS,True,True,True
source=legacy_recovered|dataset=legacy_recovered_16f|video=pigs031219%2F000072|track_id=tracklet_00003480|legacy_sequence,source=legacy_recovered|dataset=legacy_recovered_16f|video=pigs031219%2F000072|track_id=tracklet_00003480,sitting,sitting,sitting,human_review,legacy_recovered,pigs031219/000072,pigs031219/000072,031219,8,23,train,FOLD_4,train,,sitting,sitting_enriched,reviewed_engineering_amendment_992f34c0204a85a1,ab86e2e04267cfdc8248f9bdb8774615479d67a3589f7a25844bb1a4c93a639e,557156a7eb6cceeb6a91f667f7c51dcb286e3111f35f414970fa7431acc7e63b,posture_500_a566c58d252c1642,human_review_completed,TuanHM,2026-08-07T08:14:38+07:00,,PASS,E:\PigProjectStorage\PIG_Behavior_Project\outputs\legacy_16f_rebuild\legacy_16f_rebuild_20260718_v2\06_full_recovery\crops\dense_tracklet_0_to_12\pigs031219\000072\burst_color_b49b0e7e_567\ID_8\f000008.jpg,PASS,PASS,True,True,True
source=legacy_recovered|dataset=legacy_recovered_16f|video=pigs031219%2F000095|track_id=tracklet_00004505|legacy_sequence,source=legacy_recovered|dataset=legacy_recovered_16f|video=pigs031219%2F000095|track_id=tracklet_00004505,lying,lying,lying,human_review,legacy_recovered,pigs031219/000095,pigs031219/000095,031219,2,17,train,FOLD_4,train,,sitting,sitting_enriched,reviewed_engineering_amendment_992f34c0204a85a1,ab86e2e04267cfdc8248f9bdb8774615479d67a3589f7a25844bb1a4c93a639e,557156a7eb6cceeb6a91f667f7c51dcb286e3111f35f414970fa7431acc7e63b,posture_500_a566c58d252c1642,human_review_completed,TuanHM,2026-08-07T08:14:39+07:00,,PASS,E:\PigProjectStorage\PIG_Behavior_Project\outputs\legacy_16f_rebuild\legacy_16f_rebuild_20260718_v2\06_full_recovery\crops\dense_tracklet_0_to_12\pigs031219\000095\burst_color_fc65459f_367\ID_3\f000002.jpg,PASS,PASS,True,True,True
source=legacy_recovered|dataset=legacy_recovered_16f|video=pigs151119%2F000007|track_id=tracklet_00002018|legacy_sequence,source=legacy_recovered|dataset=legacy_recovered_16f|video=pigs151119%2F000007|track_id=tracklet_00002018,sitting,sitting,sitting,human_review,legacy_recovered,pigs151119/000007,pigs151119/000007,151119,0,15,train,FOLD_4,train,,sitting,sitting_enriched,reviewed_engineering_amendment_992f34c0204a85a1,ab86e2e04267cfdc8248f9bdb8774615479d67a3589f7a25844bb1a4c93a639e,557156a7eb6cceeb6a91f667f7c51dcb286e3111f35f414970fa7431acc7e63b,posture_500_a566c58d252c1642,human_review_completed,TuanHM,2026-08-07T08:14:40+07:00,,PASS,E:\PigProjectStorage\PIG_Behavior_Project\outputs\legacy_16f_rebuild\legacy_16f_rebuild_20260718_v2\06_full_recovery\crops\dense_tracklet_0_to_12\pigs151119\000007\burst_color_6292e84f_233\ID_5\f000000.jpg,PASS,PASS,True,True,True
source=legacy_recovered|dataset=legacy_recovered_16f|video=pigs271119%2F000025|track_id=tracklet_00003312|legacy_sequence,source=legacy_recovered|dataset=legacy_recovered_16f|video=pigs271119%2F000025|track_id=tracklet_00003312,sitting,sitting,sitting,human_review,legacy_recovered,pigs271119/000025,pigs271119/000025,271119,0,15,train,FOLD_4,train,,sitting,sitting_enriched,reviewed_engineering_amendment_992f34c0204a85a1,ab86e2e04267cfdc8248f9bdb8774615479d67a3589f7a25844bb1a4c93a639e,557156a7eb6cceeb6a91f667f7c51dcb286e3111f35f414970fa7431acc7e63b,posture_500_a566c58d252c1642,human_review_completed,TuanHM,2026-08-07T08:14:42+07:00,,PASS,E:\PigProjectStorage\PIG_Behavior_Project\outputs\legacy_16f_rebuild\legacy_16f_rebuild_20260718_v2\06_full_recovery\crops\dense_tracklet_0_to_12\pigs271119\000025\burst_color_a9f59b7f_267\ID_7\f000000.jpg,PASS,PASS,True,True,True
source=legacy_recovered|dataset=legacy_recovered_16f|video=pigs041219%2F000233|track_id=tracklet_00001004|legacy_sequence,source=legacy_recovered|dataset=legacy_recovered_16f|video=pigs041219%2F000233|track_id=tracklet_00001004,sitting,sitting,sitting,human_review,legacy_recovered,pigs041219/000233,pigs041219/000233,041219,0,15,train,FOLD_4,train,,sitting,sitting_enriched,reviewed_engineering_amendment_992f34c0204a85a1,ab86e2e04267cfdc8248f9bdb8774615479d67a3589f7a25844bb1a4c93a639e,557156a7eb6cceeb6a91f667f7c51dcb286e3111f35f414970fa7431acc7e63b,posture_500_a566c58d252c1642,human_review_completed,TuanHM,2026-08-07T08:14:44+07:00,,PASS,E:\PigProjectStorage\PIG_Behavior_Project\outputs\legacy_16f_rebuild\legacy_16f_rebuild_20260718_v2\06_full_recovery\crops\dense_tracklet_0_to_12\pigs041219\000233\burst_color_33d82fa1_200\ID_5\f000000.jpg,PASS,PASS,True,True,True
source=legacy_recovered|dataset=legacy_recovered_16f|video=pigs271119%2F000008|track_id=tracklet_00000794|legacy_sequence,source=legacy_recovered|dataset=legacy_recovered_16f|video=pigs271119%2F000008|track_id=tracklet_00000794,sitting,sitting,sitting,human_review,legacy_recovered,pigs271119/000008,pigs271119/000008,271119,0,15,train,FOLD_4,train,,sitting,sitting_enriched,reviewed_engineering_amendment_992f34c0204a85a1,ab86e2e04267cfdc8248f9bdb8774615479d67a3589f7a25844bb1a4c93a639e,557156a7eb6cceeb6a91f667f7c51dcb286e3111f35f414970fa7431acc7e63b,posture_500_a566c58d252c1642,human_review_completed,TuanHM,2026-08-07T08:14:45+07:00,,PASS,E:\PigProjectStorage\PIG_Behavior_Project\outputs\legacy_16f_rebuild\legacy_16f_rebuild_20260718_v2\06_full_recovery\crops\dense_tracklet_0_to_12\pigs271119\000008\burst_color_2bead851_133\ID_3\f000000.jpg,PASS,PASS,True,True,True
source=legacy_recovered|dataset=legacy_recovered_16f|video=pigs271119%2F000007|track_id=tracklet_00003982|legacy_sequence,source=legacy_recovered|dataset=legacy_recovered_16f|video=pigs271119%2F000007|track_id=tracklet_00003982,upright,upright,upright,human_review,legacy_recovered,pigs271119/000007,pigs271119/000007,271119,600,615,train,FOLD_4,train,,eat,upright_control,reviewed_engineering_amendment_992f34c0204a85a1,ab86e2e04267cfdc8248f9bdb8774615479d67a3589f7a25844bb1a4c93a639e,557156a7eb6cceeb6a91f667f7c51dcb286e3111f35f414970fa7431acc7e63b,posture_500_a566c58d252c1642,human_review_completed,TuanHM,2026-08-07T08:14:51+07:00,,PASS,E:\PigProjectStorage\PIG_Behavior_Project\outputs\legacy_16f_rebuild\legacy_16f_rebuild_20260718_v2\06_full_recovery\crops\dense_tracklet_0_to_12\pigs271119\000007\burst_color_d61bb566_20300\ID_2\f000600.jpg,PASS,PASS,True,True,True
source=legacy_recovered|dataset=legacy_recovered_16f|video=pigs051219%2F000303|track_id=tracklet_00000775|legacy_sequence,source=legacy_recovered|dataset=legacy_recovered_16f|video=pigs051219%2F000303|track_id=tracklet_00000775,upright,upright,upright,human_review,legacy_recovered,pigs051219/000303,pigs051219/000303,051219,13,28,train,FOLD_4,train,,eat,upright_control,reviewed_engineering_amendment_992f34c0204a85a1,ab86e2e04267cfdc8248f9bdb8774615479d67a3589f7a25844bb1a4c93a639e,557156a7eb6cceeb6a91f667f7c51dcb286e3111f35f414970fa7431acc7e63b,posture_500_a566c58d252c1642,human_review_completed,TuanHM,2026-08-07T08:14:52+07:00,,PASS,E:\PigProjectStorage\PIG_Behavior_Project\outputs\legacy_16f_rebuild\legacy_16f_rebuild_20260718_v2\06_full_recovery\crops\dense_tracklet_0_to_12\pigs051219\000303\burst_color_298caeaa_733\ID_2\f000013.jpg,PASS,PASS,True,True,True
source=legacy_recovered|dataset=legacy_recovered_16f|video=pigs031219%2F000090|track_id=tracklet_00002265|legacy_sequence,source=legacy_recovered|dataset=legacy_recovered_16f|video=pigs031219%2F000090|track_id=tracklet_00002265,upright,upright,upright,human_review,legacy_recovered,pigs031219/000090,pigs031219/000090,031219,4,19,train,FOLD_4,train,,explore,upright_control,reviewed_engineering_amendment_992f34c0204a85a1,ab86e2e04267cfdc8248f9bdb8774615479d67a3589f7a25844bb1a4c93a639e,557156a7eb6cceeb6a91f667f7c51dcb286e3111f35f414970fa7431acc7e63b,posture_500_a566c58d252c1642,human_review_completed,TuanHM,2026-08-07T08:14:53+07:00,,PASS,E:\PigProjectStorage\PIG_Behavior_Project\outputs\legacy_16f_rebuild\legacy_16f_rebuild_20260718_v2\06_full_recovery\crops\dense_tracklet_0_to_12\pigs031219\000090\burst_color_6cc2cef8_433\ID_1\f000004.jpg,PASS,PASS,True,True,True
source=legacy_recovered|dataset=legacy_recovered_16f|video=pigs051219%2F000299|track_id=tracklet_00004394|legacy_sequence,source=legacy_recovered|dataset=legacy_recovered_16f|video=pigs051219%2F000299|track_id=tracklet_00004394,upright,upright,upright,human_review,legacy_recovered,pigs051219/000299,pigs051219/000299,051219,0,15,train,FOLD_4,train,,fight,upright_control,reviewed_engineering_amendment_992f34c0204a85a1,ab86e2e04267cfdc8248f9bdb8774615479d67a3589f7a25844bb1a4c93a639e,557156a7eb6cceeb6a91f667f7c51dcb286e3111f35f414970fa7431acc7e63b,posture_500_a566c58d252c1642,human_review_completed,TuanHM,2026-08-07T08:14:54+07:00,,PASS,E:\PigProjectStorage\PIG_Behavior_Project\outputs\legacy_16f_rebuild\legacy_16f_rebuild_20260718_v2\06_full_recovery\crops\dense_tracklet_0_to_12\pigs051219\000299\burst_color_f5166905_267\ID_7\f000000.jpg,PASS,PASS,True,True,True
source=legacy_recovered|dataset=legacy_recovered_16f|video=pigs271119%2F000016|track_id=tracklet_00003632|legacy_sequence,source=legacy_recovered|dataset=legacy_recovered_16f|video=pigs271119%2F000016|track_id=tracklet_00003632,upright,upright,upright,human_review,legacy_recovered,pigs271119/000016,pigs271119/000016,271119,261,276,train,FOLD_4,train,,stand,upright_control,reviewed_engineering_amendment_992f34c0204a85a1,ab86e2e04267cfdc8248f9bdb8774615479d67a3589f7a25844bb1a4c93a639e,557156a7eb6cceeb6a91f667f7c51dcb286e3111f35f414970fa7431acc7e63b,posture_500_a566c58d252c1642,human_review_completed,TuanHM,2026-08-07T08:14:55+07:00,,PASS,E:\PigProjectStorage\PIG_Behavior_Project\outputs\legacy_16f_rebuild\legacy_16f_rebuild_20260718_v2\06_full_recovery\crops\dense_tracklet_0_to_12\pigs271119\000016\burst_color_bb4570a4_9000\ID_3\f000261.jpg,PASS,PASS,True,True,True
source=legacy_recovered|dataset=legacy_recovered_16f|video=pigs051219%2F000330|track_id=tracklet_00002096|legacy_sequence,source=legacy_recovered|dataset=legacy_recovered_16f|video=pigs051219%2F000330|track_id=tracklet_00002096,upright,upright,upright,human_review,legacy_recovered,pigs051219/000330,pigs051219/000330,051219,0,15,train,FOLD_4,train,,drink,upright_control,reviewed_engineering_amendment_992f34c0204a85a1,ab86e2e04267cfdc8248f9bdb8774615479d67a3589f7a25844bb1a4c93a639e,557156a7eb6cceeb6a91f667f7c51dcb286e3111f35f414970fa7431acc7e63b,posture_500_a566c58d252c1642,human_review_completed,TuanHM,2026-08-07T08:14:57+07:00,,PASS,E:\PigProjectStorage\PIG_Behavior_Project\outputs\legacy_16f_rebuild\legacy_16f_rebuild_20260718_v2\06_full_recovery\crops\dense_tracklet_0_to_12\pigs051219\000330\burst_color_6696d21c_267\ID_2\f000000.jpg,PASS,PASS,True,True,True
source=legacy_recovered|dataset=legacy_recovered_16f|video=pigs031219%2F000085|track_id=tracklet_00002689|legacy_sequence,source=legacy_recovered|dataset=legacy_recovered_16f|video=pigs031219%2F000085|track_id=tracklet_00002689,upright,upright,upright,human_review,legacy_recovered,pigs031219/000085,pigs031219/000085,031219,0,15,train,FOLD_4,train,,explore,upright_control,reviewed_engineering_amendment_992f34c0204a85a1,ab86e2e04267cfdc8248f9bdb8774615479d67a3589f7a25844bb1a4c93a639e,557156a7eb6cceeb6a91f667f7c51dcb286e3111f35f414970fa7431acc7e63b,posture_500_a566c58d252c1642,human_review_completed,TuanHM,2026-08-07T08:14:58+07:00,,PASS,E:\PigProjectStorage\PIG_Behavior_Project\outputs\legacy_16f_rebuild\legacy_16f_rebuild_20260718_v2\06_full_recovery\crops\dense_tracklet_0_to_12\pigs031219\000085\burst_color_83d831f1_267\ID_5\f000000.jpg,PASS,PASS,True,True,True
source=legacy_recovered|dataset=legacy_recovered_16f|video=pigs111219%2F000109|track_id=tracklet_00003392|legacy_sequence,source=legacy_recovered|dataset=legacy_recovered_16f|video=pigs111219%2F000109|track_id=tracklet_00003392,upright,upright,upright,human_review,legacy_recovered,pigs111219/000109,pigs111219/000109,111219,0,15,train,FOLD_4,train,,stand,upright_control,reviewed_engineering_amendment_992f34c0204a85a1,ab86e2e04267cfdc8248f9bdb8774615479d67a3589f7a25844bb1a4c93a639e,557156a7eb6cceeb6a91f667f7c51dcb286e3111f35f414970fa7431acc7e63b,posture_500_a566c58d252c1642,human_review_completed,TuanHM,2026-08-07T08:14:58+07:00,,PASS,E:\PigProjectStorage\PIG_Behavior_Project\outputs\legacy_16f_rebuild\legacy_16f_rebuild_20260718_v2\06_full_recovery\crops\dense_tracklet_0_to_12\pigs111219\000109\burst_color_ad1f8b11_33\ID_7\f000000.jpg,PASS,PASS,True,True,True
source=legacy_recovered|dataset=legacy_recovered_16f|video=pigs081119%2F000352|track_id=tracklet_00002612|legacy_sequence,source=legacy_recovered|dataset=legacy_recovered_16f|video=pigs081119%2F000352|track_id=tracklet_00002612,upright,upright,upright,human_review,legacy_recovered,pigs081119/000352,pigs081119/000352,081119,4,19,train,FOLD_4,train,,fight,upright_control,reviewed_engineering_amendment_992f34c0204a85a1,ab86e2e04267cfdc8248f9bdb8774615479d67a3589f7a25844bb1a4c93a639e,557156a7eb6cceeb6a91f667f7c51dcb286e3111f35f414970fa7431acc7e63b,posture_500_a566c58d252c1642,human_review_completed,TuanHM,2026-08-07T08:14:59+07:00,,PASS,E:\PigProjectStorage\PIG_Behavior_Project\outputs\legacy_16f_rebuild\legacy_16f_rebuild_20260718_v2\06_full_recovery\crops\dense_tracklet_0_to_12\pigs081119\000352\burst_color_8006d5ff_433\ID_3\f000004.jpg,PASS,PASS,True,True,True
source=legacy_recovered|dataset=legacy_recovered_16f|video=pigs111219%2F000076|track_id=tracklet_00004542|legacy_sequence,source=legacy_recovered|dataset=legacy_recovered_16f|video=pigs111219%2F000076|track_id=tracklet_00004542,upright,upright,upright,human_review,legacy_recovered,pigs111219/000076,pigs111219/000076,111219,0,15,train,FOLD_4,train,,eat,upright_control,reviewed_engineering_amendment_992f34c0204a85a1,ab86e2e04267cfdc8248f9bdb8774615479d67a3589f7a25844bb1a4c93a639e,557156a7eb6cceeb6a91f667f7c51dcb286e3111f35f414970fa7431acc7e63b,posture_500_a566c58d252c1642,human_review_completed,TuanHM,2026-08-07T08:15:00+07:00,,PASS,E:\PigProjectStorage\PIG_Behavior_Project\outputs\legacy_16f_rebuild\legacy_16f_rebuild_20260718_v2\06_full_recovery\crops\dense_tracklet_0_to_12\pigs111219\000076\burst_color_feb48c96_33\ID_6\f000000.jpg,PASS,PASS,True,True,True
source=legacy_recovered|dataset=legacy_recovered_16f|video=pigs271119%2F000013|track_id=tracklet_00001381|legacy_sequence,source=legacy_recovered|dataset=legacy_recovered_16f|video=pigs271119%2F000013|track_id=tracklet_00001381,upright,upright,upright,human_review,legacy_recovered,pigs271119/000013,pigs271119/000013,271119,413,428,train,FOLD_4,train,,move,upright_control,reviewed_engineering_amendment_992f34c0204a85a1,ab86e2e04267cfdc8248f9bdb8774615479d67a3589f7a25844bb1a4c93a639e,557156a7eb6cceeb6a91f667f7c51dcb286e3111f35f414970fa7431acc7e63b,posture_500_a566c58d252c1642,human_review_completed,TuanHM,2026-08-07T08:15:02+07:00,,PASS,E:\PigProjectStorage\PIG_Behavior_Project\outputs\legacy_16f_rebuild\legacy_16f_rebuild_20260718_v2\06_full_recovery\crops\dense_tracklet_0_to_12\pigs271119\000013\burst_color_435e1f91_14067\ID_6\f000413.jpg,PASS,PASS,True,True,True
source=legacy_recovered|dataset=legacy_recovered_16f|video=pigs111219%2F000101|track_id=tracklet_00002768|legacy_sequence,source=legacy_recovered|dataset=legacy_recovered_16f|video=pigs111219%2F000101|track_id=tracklet_00002768,upright,upright,upright,human_review,legacy_recovered,pigs111219/000101,pigs111219/000101,111219,0,15,train,FOLD_4,train,,eat,upright_control,reviewed_engineering_amendment_992f34c0204a85a1,ab86e2e04267cfdc8248f9bdb8774615479d67a3589f7a25844bb1a4c93a639e,557156a7eb6cceeb6a91f667f7c51dcb286e3111f35f414970fa7431acc7e63b,posture_500_a566c58d252c1642,human_review_completed,TuanHM,2026-08-07T08:15:03+07:00,,PASS,E:\PigProjectStorage\PIG_Behavior_Project\outputs\legacy_16f_rebuild\legacy_16f_rebuild_20260718_v2\06_full_recovery\crops\dense_tracklet_0_to_12\pigs111219\000101\burst_color_8919ef0a_100\ID_4\f000000.jpg,PASS,PASS,True,True,True
source=legacy_recovered|dataset=legacy_recovered_16f|video=pigs041219%2F000284|track_id=tracklet_00004349|legacy_sequence,source=legacy_recovered|dataset=legacy_recovered_16f|video=pigs041219%2F000284|track_id=tracklet_00004349,upright,upright,upright,human_review,legacy_recovered,pigs041219/000284,pigs041219/000284,041219,15,30,train,FOLD_4,train,,explore,upright_control,reviewed_engineering_amendment_992f34c0204a85a1,ab86e2e04267cfdc8248f9bdb8774615479d67a3589f7a25844bb1a4c93a639e,557156a7eb6cceeb6a91f667f7c51dcb286e3111f35f414970fa7431acc7e63b,posture_500_a566c58d252c1642,human_review_completed,TuanHM,2026-08-07T08:15:04+07:00,,PASS,E:\PigProjectStorage\PIG_Behavior_Project\outputs\legacy_16f_rebuild\legacy_16f_rebuild_20260718_v2\06_full_recovery\crops\dense_tracklet_0_to_12\pigs041219\000284\burst_color_f0b25ec5_800\ID_3\f000015.jpg,PASS,PASS,True,True,True
source=legacy_recovered|dataset=legacy_recovered_16f|video=pigs051219%2F000300|track_id=tracklet_00002337|legacy_sequence,source=legacy_recovered|dataset=legacy_recovered_16f|video=pigs051219%2F000300|track_id=tracklet_00002337,upright,upright,upright,human_review,legacy_recovered,pigs051219/000300,pigs051219/000300,051219,7,22,train,FOLD_4,train,,explore,upright_control,reviewed_engineering_amendment_992f34c0204a85a1,ab86e2e04267cfdc8248f9bdb8774615479d67a3589f7a25844bb1a4c93a639e,557156a7eb6cceeb6a91f667f7c51dcb286e3111f35f414970fa7431acc7e63b,posture_500_a566c58d252c1642,human_review_completed,TuanHM,2026-08-07T08:15:05+07:00,,PASS,E:\PigProjectStorage\PIG_Behavior_Project\outputs\legacy_16f_rebuild\legacy_16f_rebuild_20260718_v2\06_full_recovery\crops\dense_tracklet_0_to_12\pigs051219\000300\burst_color_6d8ef66b_533\ID_8\f000007.jpg,PASS,PASS,True,True,True
source=legacy_recovered|dataset=legacy_recovered_16f|video=pigs031219%2F000130|track_id=tracklet_00002456|legacy_sequence,source=legacy_recovered|dataset=legacy_recovered_16f|video=pigs031219%2F000130|track_id=tracklet_00002456,upright,upright,upright,human_review,legacy_recovered,pigs031219/000130,pigs031219/000130,031219,0,15,train,FOLD_4,train,,eat,upright_control,reviewed_engineering_amendment_992f34c0204a85a1,ab86e2e04267cfdc8248f9bdb8774615479d67a3589f7a25844bb1a4c93a639e,557156a7eb6cceeb6a91f667f7c51dcb286e3111f35f414970fa7431acc7e63b,posture_500_a566c58d252c1642,human_review_completed,TuanHM,2026-08-07T08:15:06+07:00,,PASS,E:\PigProjectStorage\PIG_Behavior_Project\outputs\legacy_16f_rebuild\legacy_16f_rebuild_20260718_v2\06_full_recovery\crops\dense_tracklet_0_to_12\pigs031219\000130\burst_color_74a85b20_300\ID_2\f000000.jpg,PASS,PASS,True,True,True
source=legacy_recovered|dataset=legacy_recovered_16f|video=pigs091119%2F000429|track_id=tracklet_00001354|legacy_sequence,source=legacy_recovered|dataset=legacy_recovered_16f|video=pigs091119%2F000429|track_id=tracklet_00001354,upright,upright,upright,human_review,legacy_recovered,pigs091119/000429,pigs091119/000429,091119,0,15,train,FOLD_4,train,,stand,upright_control,reviewed_engineering_amendment_992f34c0204a85a1,ab86e2e04267cfdc8248f9bdb8774615479d67a3589f7a25844bb1a4c93a639e,557156a7eb6cceeb6a91f667f7c51dcb286e3111f35f414970fa7431acc7e63b,posture_500_a566c58d252c1642,human_review_completed,TuanHM,2026-08-07T08:15:08+07:00,,PASS,E:\PigProjectStorage\PIG_Behavior_Project\outputs\legacy_16f_rebuild\legacy_16f_rebuild_20260718_v2\06_full_recovery\crops\dense_tracklet_0_to_12\pigs091119\000429\burst_color_42345904_167\ID_3\f000000.jpg,PASS,PASS,True,True,True
source=legacy_recovered|dataset=legacy_recovered_16f|video=pigs101219b%2F000008|track_id=tracklet_00002518|legacy_sequence,source=legacy_recovered|dataset=legacy_recovered_16f|video=pigs101219b%2F000008|track_id=tracklet_00002518,upright,upright,upright,human_review,legacy_recovered,pigs101219b/000008,pigs101219b/000008,101219,0,15,train,FOLD_4,train,,eat,upright_control,reviewed_engineering_amendment_992f34c0204a85a1,ab86e2e04267cfdc8248f9bdb8774615479d67a3589f7a25844bb1a4c93a639e,557156a7eb6cceeb6a91f667f7c51dcb286e3111f35f414970fa7431acc7e63b,posture_500_a566c58d252c1642,human_review_completed,TuanHM,2026-08-07T08:15:09+07:00,,PASS,E:\PigProjectStorage\PIG_Behavior_Project\outputs\legacy_16f_rebuild\legacy_16f_rebuild_20260718_v2\06_full_recovery\crops\dense_tracklet_0_to_12\pigs101219b\000008\burst_color_78c9516a_167\ID_7\f000000.jpg,PASS,PASS,True,True,True
source=legacy_recovered|dataset=legacy_recovered_16f|video=pigs271119%2F000040|track_id=tracklet_00003956|legacy_sequence,source=legacy_recovered|dataset=legacy_recovered_16f|video=pigs271119%2F000040|track_id=tracklet_00003956,upright,upright,upright,human_review,legacy_recovered,pigs271119/000040,pigs271119/000040,271119,0,15,train,FOLD_4,train,,stand,upright_control,reviewed_engineering_amendment_992f34c0204a85a1,ab86e2e04267cfdc8248f9bdb8774615479d67a3589f7a25844bb1a4c93a639e,557156a7eb6cceeb6a91f667f7c51dcb286e3111f35f414970fa7431acc7e63b,posture_500_a566c58d252c1642,human_review_completed,TuanHM,2026-08-07T08:15:10+07:00,,PASS,E:\PigProjectStorage\PIG_Behavior_Project\outputs\legacy_16f_rebuild\legacy_16f_rebuild_20260718_v2\06_full_recovery\crops\dense_tracklet_0_to_12\pigs271119\000040\burst_color_d46b4a03_100\ID_5\f000000.jpg,PASS,PASS,True,True,True
source=legacy_recovered|dataset=legacy_recovered_16f|video=pigs081119%2F000335|track_id=tracklet_00003891|legacy_sequence,source=legacy_recovered|dataset=legacy_recovered_16f|video=pigs081119%2F000335|track_id=tracklet_00003891,upright,upright,upright,human_review,legacy_recovered,pigs081119/000335,pigs081119/000335,081119,6,21,train,FOLD_4,train,,move,upright_control,reviewed_engineering_amendment_992f34c0204a85a1,ab86e2e04267cfdc8248f9bdb8774615479d67a3589f7a25844bb1a4c93a639e,557156a7eb6cceeb6a91f667f7c51dcb286e3111f35f414970fa7431acc7e63b,posture_500_a566c58d252c1642,human_review_completed,TuanHM,2026-08-07T08:15:10+07:00,,PASS,E:\PigProjectStorage\PIG_Behavior_Project\outputs\legacy_16f_rebuild\legacy_16f_rebuild_20260718_v2\06_full_recovery\crops\dense_tracklet_0_to_12\pigs081119\000335\burst_color_cf91610a_500\ID_5\f000006.jpg,PASS,PASS,True,True,True
source=legacy_recovered|dataset=legacy_recovered_16f|video=pigs051219%2F000326|track_id=tracklet_00002227|legacy_sequence,source=legacy_recovered|dataset=legacy_recovered_16f|video=pigs051219%2F000326|track_id=tracklet_00002227,upright,upright,upright,human_review,legacy_recovered,pigs051219/000326,pigs051219/000326,051219,0,15,train,FOLD_4,train,,stand,upright_control,reviewed_engineering_amendment_992f34c0204a85a1,ab86e2e04267cfdc8248f9bdb8774615479d67a3589f7a25844bb1a4c93a639e,557156a7eb6cceeb6a91f667f7c51dcb286e3111f35f414970fa7431acc7e63b,posture_500_a566c58d252c1642,human_review_completed,TuanHM,2026-08-07T08:15:11+07:00,,PASS,E:\PigProjectStorage\PIG_Behavior_Project\outputs\legacy_16f_rebuild\legacy_16f_rebuild_20260718_v2\06_full_recovery\crops\dense_tracklet_0_to_12\pigs051219\000326\burst_color_6ad3a67e_167\ID_2\f000000.jpg,PASS,PASS,True,True,True
source=legacy_recovered|dataset=legacy_recovered_16f|video=pigs031219%2F000099|track_id=tracklet_00003019|legacy_sequence,source=legacy_recovered|dataset=legacy_recovered_16f|video=pigs031219%2F000099|track_id=tracklet_00003019,upright,upright,upright,human_review,legacy_recovered,pigs031219/000099,pigs031219/000099,031219,0,15,train,FOLD_4,train,,eat,upright_control,reviewed_engineering_amendment_992f34c0204a85a1,ab86e2e04267cfdc8248f9bdb8774615479d67a3589f7a25844bb1a4c93a639e,557156a7eb6cceeb6a91f667f7c51dcb286e3111f35f414970fa7431acc7e63b,posture_500_a566c58d252c1642,human_review_completed,TuanHM,2026-08-07T08:15:12+07:00,,PASS,E:\PigProjectStorage\PIG_Behavior_Project\outputs\legacy_16f_rebuild\legacy_16f_rebuild_20260718_v2\06_full_recovery\crops\dense_tracklet_0_to_12\pigs031219\000099\burst_color_926a0c0b_33\ID_4\f000000.jpg,PASS,PASS,True,True,True
source=legacy_recovered|dataset=legacy_recovered_16f|video=pigs081119%2F000333|track_id=tracklet_00002763|legacy_sequence,source=legacy_recovered|dataset=legacy_recovered_16f|video=pigs081119%2F000333|track_id=tracklet_00002763,upright,upright,upright,human_review,legacy_recovered,pigs081119/000333,pigs081119/000333,081119,0,15,train,FOLD_4,train,,stand,upright_control,reviewed_engineering_amendment_992f34c0204a85a1,ab86e2e04267cfdc8248f9bdb8774615479d67a3589f7a25844bb1a4c93a639e,557156a7eb6cceeb6a91f667f7c51dcb286e3111f35f414970fa7431acc7e63b,posture_500_a566c58d252c1642,human_review_completed,TuanHM,2026-08-07T08:15:14+07:00,,PASS,E:\PigProjectStorage\PIG_Behavior_Project\outputs\legacy_16f_rebuild\legacy_16f_rebuild_20260718_v2\06_full_recovery\crops\dense_tracklet_0_to_12\pigs081119\000333\burst_color_8892acf9_100\ID_6\f000000.jpg,PASS,PASS,True,True,True
source=legacy_recovered|dataset=legacy_recovered_16f|video=pigs081119%2F000378|track_id=tracklet_00001171|legacy_sequence,source=legacy_recovered|dataset=legacy_recovered_16f|video=pigs081119%2F000378|track_id=tracklet_00001171,upright,upright,upright,human_review,legacy_recovered,pigs081119/000378,pigs081119/000378,081119,9,24,train,FOLD_4,train,,social-nose,upright_control,reviewed_engineering_amendment_992f34c0204a85a1,ab86e2e04267cfdc8248f9bdb8774615479d67a3589f7a25844bb1a4c93a639e,557156a7eb6cceeb6a91f667f7c51dcb286e3111f35f414970fa7431acc7e63b,posture_500_a566c58d252c1642,human_review_completed,TuanHM,2026-08-07T08:15:15+07:00,,PASS,E:\PigProjectStorage\PIG_Behavior_Project\outputs\legacy_16f_rebuild\legacy_16f_rebuild_20260718_v2\06_full_recovery\crops\dense_tracklet_0_to_12\pigs081119\000378\burst_color_3a7d8d14_600\ID_7\f000009.jpg,PASS,PASS,True,True,True
source=legacy_recovered|dataset=legacy_recovered_16f|video=pigs081119%2F000352|track_id=tracklet_00002614|legacy_sequence,source=legacy_recovered|dataset=legacy_recovered_16f|video=pigs081119%2F000352|track_id=tracklet_00002614,upright,upright,upright,human_review,legacy_recovered,pigs081119/000352,pigs081119/000352,081119,4,19,train,FOLD_4,train,,move,upright_control,reviewed_engineering_amendment_992f34c0204a85a1,ab86e2e04267cfdc8248f9bdb8774615479d67a3589f7a25844bb1a4c93a639e,557156a7eb6cceeb6a91f667f7c51dcb286e3111f35f414970fa7431acc7e63b,posture_500_a566c58d252c1642,human_review_completed,TuanHM,2026-08-07T08:15:16+07:00,,PASS,E:\PigProjectStorage\PIG_Behavior_Project\outputs\legacy_16f_rebuild\legacy_16f_rebuild_20260718_v2\06_full_recovery\crops\dense_tracklet_0_to_12\pigs081119\000352\burst_color_8006d5ff_433\ID_5\f000004.jpg,PASS,PASS,True,True,True
source=legacy_recovered|dataset=legacy_recovered_16f|video=pigs091119%2F000425|track_id=tracklet_00002992|legacy_sequence,source=legacy_recovered|dataset=legacy_recovered_16f|video=pigs091119%2F000425|track_id=tracklet_00002992,upright,upright,upright,human_review,legacy_recovered,pigs091119/000425,pigs091119/000425,091119,0,15,train,FOLD_4,train,,explore,upright_control,reviewed_engineering_amendment_992f34c0204a85a1,ab86e2e04267cfdc8248f9bdb8774615479d67a3589f7a25844bb1a4c93a639e,557156a7eb6cceeb6a91f667f7c51dcb286e3111f35f414970fa7431acc7e63b,posture_500_a566c58d252c1642,human_review_completed,TuanHM,2026-08-07T08:15:17+07:00,,PASS,E:\PigProjectStorage\PIG_Behavior_Project\outputs\legacy_16f_rebuild\legacy_16f_rebuild_20260718_v2\06_full_recovery\crops\dense_tracklet_0_to_12\pigs091119\000425\burst_color_910e35bc_33\ID_2\f000000.jpg,PASS,PASS,True,True,True
source=legacy_recovered|dataset=legacy_recovered_16f|video=pigs041219%2F000230|track_id=tracklet_00003253|legacy_sequence,source=legacy_recovered|dataset=legacy_recovered_16f|video=pigs041219%2F000230|track_id=tracklet_00003253,upright,upright,upright,human_review,legacy_recovered,pigs041219/000230,pigs041219/000230,041219,0,15,train,FOLD_4,train,,move,upright_control,reviewed_engineering_amendment_992f34c0204a85a1,ab86e2e04267cfdc8248f9bdb8774615479d67a3589f7a25844bb1a4c93a639e,557156a7eb6cceeb6a91f667f7c51dcb286e3111f35f414970fa7431acc7e63b,posture_500_a566c58d252c1642,human_review_completed,TuanHM,2026-08-07T08:15:18+07:00,,PASS,E:\PigProjectStorage\PIG_Behavior_Project\outputs\legacy_16f_rebuild\legacy_16f_rebuild_20260718_v2\06_full_recovery\crops\dense_tracklet_0_to_12\pigs041219\000230\burst_color_a48dcb94_67\ID_4\f000000.jpg,PASS,PASS,True,True,True
source=legacy_recovered|dataset=legacy_recovered_16f|video=pigs031219%2F000085|track_id=tracklet_00002691|legacy_sequence,source=legacy_recovered|dataset=legacy_recovered_16f|video=pigs031219%2F000085|track_id=tracklet_00002691,upright,upright,upright,human_review,legacy_recovered,pigs031219/000085,pigs031219/000085,031219,0,15,train,FOLD_4,train,,explore,upright_control,reviewed_engineering_amendment_992f34c0204a85a1,ab86e2e04267cfdc8248f9bdb8774615479d67a3589f7a25844bb1a4c93a639e,557156a7eb6cceeb6a91f667f7c51dcb286e3111f35f414970fa7431acc7e63b,posture_500_a566c58d252c1642,human_review_completed,TuanHM,2026-08-07T08:15:19+07:00,,PASS,E:\PigProjectStorage\PIG_Behavior_Project\outputs\legacy_16f_rebuild\legacy_16f_rebuild_20260718_v2\06_full_recovery\crops\dense_tracklet_0_to_12\pigs031219\000085\burst_color_83d831f1_267\ID_7\f000000.jpg,PASS,PASS,True,True,True
source=legacy_recovered|dataset=legacy_recovered_16f|video=pigs081119%2F000303|track_id=tracklet_00000225|legacy_sequence,source=legacy_recovered|dataset=legacy_recovered_16f|video=pigs081119%2F000303|track_id=tracklet_00000225,upright,upright,upright,human_review,legacy_recovered,pigs081119/000303,pigs081119/000303,081119,8,23,train,FOLD_4,train,,explore,upright_control,reviewed_engineering_amendment_992f34c0204a85a1,ab86e2e04267cfdc8248f9bdb8774615479d67a3589f7a25844bb1a4c93a639e,557156a7eb6cceeb6a91f667f7c51dcb286e3111f35f414970fa7431acc7e63b,posture_500_a566c58d252c1642,human_review_completed,TuanHM,2026-08-07T08:15:20+07:00,,PASS,E:\PigProjectStorage\PIG_Behavior_Project\outputs\legacy_16f_rebuild\legacy_16f_rebuild_20260718_v2\06_full_recovery\crops\dense_tracklet_0_to_12\pigs081119\000303\burst_color_0e882920_567\ID_1\f000008.jpg,PASS,PASS,True,True,True
source=legacy_recovered|dataset=legacy_recovered_16f|video=pigs091119%2F000428|track_id=tracklet_00001099|legacy_sequence,source=legacy_recovered|dataset=legacy_recovered_16f|video=pigs091119%2F000428|track_id=tracklet_00001099,upright,upright,upright,human_review,legacy_recovered,pigs091119/000428,pigs091119/000428,091119,1,16,train,FOLD_4,train,,explore,upright_control,reviewed_engineering_amendment_992f34c0204a85a1,ab86e2e04267cfdc8248f9bdb8774615479d67a3589f7a25844bb1a4c93a639e,557156a7eb6cceeb6a91f667f7c51dcb286e3111f35f414970fa7431acc7e63b,posture_500_a566c58d252c1642,human_review_completed,TuanHM,2026-08-07T08:15:21+07:00,,PASS,E:\PigProjectStorage\PIG_Behavior_Project\outputs\legacy_16f_rebuild\legacy_16f_rebuild_20260718_v2\06_full_recovery\crops\dense_tracklet_0_to_12\pigs091119\000428\burst_color_3726d814_333\ID_3\f000001.jpg,PASS,PASS,True,True,True
source=legacy_recovered|dataset=legacy_recovered_16f|video=pigs161119%2F000070|track_id=tracklet_00001636|legacy_sequence,source=legacy_recovered|dataset=legacy_recovered_16f|video=pigs161119%2F000070|track_id=tracklet_00001636,sitting,sitting,sitting,human_review,legacy_recovered,pigs161119/000070,pigs161119/000070,161119,0,15,train,FOLD_4,train,,explore,upright_control,reviewed_engineering_amendment_992f34c0204a85a1,ab86e2e04267cfdc8248f9bdb8774615479d67a3589f7a25844bb1a4c93a639e,557156a7eb6cceeb6a91f667f7c51dcb286e3111f35f414970fa7431acc7e63b,posture_500_a566c58d252c1642,human_review_completed,TuanHM,2026-08-07T08:15:30+07:00,,PASS,E:\PigProjectStorage\PIG_Behavior_Project\outputs\legacy_16f_rebuild\legacy_16f_rebuild_20260718_v2\06_full_recovery\crops\dense_tracklet_0_to_12\pigs161119\000070\burst_color_4ec03bfa_233\ID_7\f000000.jpg,PASS,PASS,True,True,True
source=legacy_recovered|dataset=legacy_recovered_16f|video=pigs081119%2F000365|track_id=tracklet_00000539|legacy_sequence,source=legacy_recovered|dataset=legacy_recovered_16f|video=pigs081119%2F000365|track_id=tracklet_00000539,upright,upright,upright,human_review,legacy_recovered,pigs081119/000365,pigs081119/000365,081119,0,15,train,FOLD_4,train,,explore,upright_control,reviewed_engineering_amendment_992f34c0204a85a1,ab86e2e04267cfdc8248f9bdb8774615479d67a3589f7a25844bb1a4c93a639e,557156a7eb6cceeb6a91f667f7c51dcb286e3111f35f414970fa7431acc7e63b,posture_500_a566c58d252c1642,human_review_completed,TuanHM,2026-08-07T08:15:33+07:00,,PASS,E:\PigProjectStorage\PIG_Behavior_Project\outputs\legacy_16f_rebuild\legacy_16f_rebuild_20260718_v2\06_full_recovery\crops\dense_tracklet_0_to_12\pigs081119\000365\burst_color_21168ebd_133\ID_7\f000000.jpg,PASS,PASS,True,True,True
source=legacy_recovered|dataset=legacy_recovered_16f|video=pigs271119%2F000008|track_id=tracklet_00000792|legacy_sequence,source=legacy_recovered|dataset=legacy_recovered_16f|video=pigs271119%2F000008|track_id=tracklet_00000792,upright,upright,upright,human_review,legacy_recovered,pigs271119/000008,pigs271119/000008,271119,0,15,train,FOLD_4,train,,explore,upright_control,reviewed_engineering_amendment_992f34c0204a85a1,ab86e2e04267cfdc8248f9bdb8774615479d67a3589f7a25844bb1a4c93a639e,557156a7eb6cceeb6a91f667f7c51dcb286e3111f35f414970fa7431acc7e63b,posture_500_a566c58d252c1642,human_review_completed,TuanHM,2026-08-07T08:15:34+07:00,,PASS,E:\PigProjectStorage\PIG_Behavior_Project\outputs\legacy_16f_rebuild\legacy_16f_rebuild_20260718_v2\06_full_recovery\crops\dense_tracklet_0_to_12\pigs271119\000008\burst_color_2bead851_133\ID_1\f000000.jpg,PASS,PASS,True,True,True
source=legacy_recovered|dataset=legacy_recovered_16f|video=pigs081119%2F000308|track_id=tracklet_00000948|legacy_sequence,source=legacy_recovered|dataset=legacy_recovered_16f|video=pigs081119%2F000308|track_id=tracklet_00000948,upright,upright,upright,human_review,legacy_recovered,pigs081119/000308,pigs081119/000308,081119,0,15,train,FOLD_4,train,,explore,upright_control,reviewed_engineering_amendment_992f34c0204a85a1,ab86e2e04267cfdc8248f9bdb8774615479d67a3589f7a25844bb1a4c93a639e,557156a7eb6cceeb6a91f667f7c51dcb286e3111f35f414970fa7431acc7e63b,posture_500_a566c58d252c1642,human_review_completed,TuanHM,2026-08-07T08:15:34+07:00,,PASS,E:\PigProjectStorage\PIG_Behavior_Project\outputs\legacy_16f_rebuild\legacy_16f_rebuild_20260718_v2\06_full_recovery\crops\dense_tracklet_0_to_12\pigs081119\000308\burst_color_310752d6_200\ID_5\f000000.jpg,PASS,PASS,True,True,True
source=legacy_recovered|dataset=legacy_recovered_16f|video=pigs101219b%2F000031|track_id=tracklet_00003750|legacy_sequence,source=legacy_recovered|dataset=legacy_recovered_16f|video=pigs101219b%2F000031|track_id=tracklet_00003750,upright,upright,upright,human_review,legacy_recovered,pigs101219b/000031,pigs101219b/000031,101219,0,15,train,FOLD_4,train,,social-nose,upright_control,reviewed_engineering_amendment_992f34c0204a85a1,ab86e2e04267cfdc8248f9bdb8774615479d67a3589f7a25844bb1a4c93a639e,557156a7eb6cceeb6a91f667f7c51dcb286e3111f35f414970fa7431acc7e63b,posture_500_a566c58d252c1642,human_review_completed,TuanHM,2026-08-07T08:15:34+07:00,,PASS,E:\PigProjectStorage\PIG_Behavior_Project\outputs\legacy_16f_rebuild\legacy_16f_rebuild_20260718_v2\06_full_recovery\crops\dense_tracklet_0_to_12\pigs101219b\000031\burst_color_c32b0149_100\ID_2\f000000.jpg,PASS,PASS,True,True,True
source=legacy_recovered|dataset=legacy_recovered_16f|video=pigs041219%2F000179|track_id=tracklet_00000009|legacy_sequence,source=legacy_recovered|dataset=legacy_recovered_16f|video=pigs041219%2F000179|track_id=tracklet_00000009,upright,upright,upright,human_review,legacy_recovered,pigs041219/000179,pigs041219/000179,041219,10,25,train,FOLD_4,train,,eat,upright_control,reviewed_engineering_amendment_992f34c0204a85a1,ab86e2e04267cfdc8248f9bdb8774615479d67a3589f7a25844bb1a4c93a639e,557156a7eb6cceeb6a91f667f7c51dcb286e3111f35f414970fa7431acc7e63b,posture_500_a566c58d252c1642,human_review_completed,TuanHM,2026-08-07T08:15:35+07:00,,PASS,E:\PigProjectStorage\PIG_Behavior_Project\outputs\legacy_16f_rebuild\legacy_16f_rebuild_20260718_v2\06_full_recovery\crops\dense_tracklet_0_to_12\pigs041219\000179\burst_color_012ef1fa_633\ID_2\f000010.jpg,PASS,PASS,True,True,True
source=legacy_recovered|dataset=legacy_recovered_16f|video=pigs081119%2F000372|track_id=tracklet_00000921|legacy_sequence,source=legacy_recovered|dataset=legacy_recovered_16f|video=pigs081119%2F000372|track_id=tracklet_00000921,upright,upright,upright,human_review,legacy_recovered,pigs081119/000372,pigs081119/000372,081119,4,19,train,FOLD_4,train,,explore,upright_control,reviewed_engineering_amendment_992f34c0204a85a1,ab86e2e04267cfdc8248f9bdb8774615479d67a3589f7a25844bb1a4c93a639e,557156a7eb6cceeb6a91f667f7c51dcb286e3111f35f414970fa7431acc7e63b,posture_500_a566c58d252c1642,human_review_completed,TuanHM,2026-08-07T08:15:36+07:00,,PASS,E:\PigProjectStorage\PIG_Behavior_Project\outputs\legacy_16f_rebuild\legacy_16f_rebuild_20260718_v2\06_full_recovery\crops\dense_tracklet_0_to_12\pigs081119\000372\burst_color_304b43ee_433\ID_2\f000004.jpg,PASS,PASS,True,True,True
source=legacy_recovered|dataset=legacy_recovered_16f|video=pigs031219%2F000121|track_id=tracklet_00004064|legacy_sequence,source=legacy_recovered|dataset=legacy_recovered_16f|video=pigs031219%2F000121|track_id=tracklet_00004064,upright,upright,upright,human_review,legacy_recovered,pigs031219/000121,pigs031219/000121,031219,2,17,train,FOLD_4,train,,explore,upright_control,reviewed_engineering_amendment_992f34c0204a85a1,ab86e2e04267cfdc8248f9bdb8774615479d67a3589f7a25844bb1a4c93a639e,557156a7eb6cceeb6a91f667f7c51dcb286e3111f35f414970fa7431acc7e63b,posture_500_a566c58d252c1642,human_review_completed,TuanHM,2026-08-07T08:15:37+07:00,,PASS,E:\PigProjectStorage\PIG_Behavior_Project\outputs\legacy_16f_rebuild\legacy_16f_rebuild_20260718_v2\06_full_recovery\crops\dense_tracklet_0_to_12\pigs031219\000121\burst_color_dd1a6026_367\ID_6\f000002.jpg,PASS,PASS,True,True,True
source=legacy_recovered|dataset=legacy_recovered_16f|video=pigs031219%2F000119|track_id=tracklet_00001105|legacy_sequence,source=legacy_recovered|dataset=legacy_recovered_16f|video=pigs031219%2F000119|track_id=tracklet_00001105,upright,upright,upright,human_review,legacy_recovered,pigs031219/000119,pigs031219/000119,031219,0,15,train,FOLD_4,train,,drink,upright_control,reviewed_engineering_amendment_992f34c0204a85a1,ab86e2e04267cfdc8248f9bdb8774615479d67a3589f7a25844bb1a4c93a639e,557156a7eb6cceeb6a91f667f7c51dcb286e3111f35f414970fa7431acc7e63b,posture_500_a566c58d252c1642,human_review_completed,TuanHM,2026-08-07T08:15:37+07:00,,PASS,E:\PigProjectStorage\PIG_Behavior_Project\outputs\legacy_16f_rebuild\legacy_16f_rebuild_20260718_v2\06_full_recovery\crops\dense_tracklet_0_to_12\pigs031219\000119\burst_color_374de605_267\ID_1\f000000.jpg,PASS,PASS,True,True,True
source=legacy_recovered|dataset=legacy_recovered_16f|video=pigs081119%2F000360|track_id=tracklet_00003604|legacy_sequence,source=legacy_recovered|dataset=legacy_recovered_16f|video=pigs081119%2F000360|track_id=tracklet_00003604,upright,upright,upright,human_review,legacy_recovered,pigs081119/000360,pigs081119/000360,081119,0,15,train,FOLD_4,train,,explore,upright_control,reviewed_engineering_amendment_992f34c0204a85a1,ab86e2e04267cfdc8248f9bdb8774615479d67a3589f7a25844bb1a4c93a639e,557156a7eb6cceeb6a91f667f7c51dcb286e3111f35f414970fa7431acc7e63b,posture_500_a566c58d252c1642,human_review_completed,TuanHM,2026-08-07T08:15:38+07:00,,PASS,E:\PigProjectStorage\PIG_Behavior_Project\outputs\legacy_16f_rebuild\legacy_16f_rebuild_20260718_v2\06_full_recovery\crops\dense_tracklet_0_to_12\pigs081119\000360\burst_color_baa3826a_200\ID_2\f000000.jpg,PASS,PASS,True,True,True
source=legacy_recovered|dataset=legacy_recovered_16f|video=pigs101219a%2F000272|track_id=tracklet_00001747|legacy_sequence,source=legacy_recovered|dataset=legacy_recovered_16f|video=pigs101219a%2F000272|track_id=tracklet_00001747,upright,upright,upright,human_review,legacy_recovered,pigs101219a/000272,pigs101219a/000272,101219,0,15,train,FOLD_4,train,,drink,upright_control,reviewed_engineering_amendment_992f34c0204a85a1,ab86e2e04267cfdc8248f9bdb8774615479d67a3589f7a25844bb1a4c93a639e,557156a7eb6cceeb6a91f667f7c51dcb286e3111f35f414970fa7431acc7e63b,posture_500_a566c58d252c1642,human_review_completed,TuanHM,2026-08-07T08:15:39+07:00,,PASS,E:\PigProjectStorage\PIG_Behavior_Project\outputs\legacy_16f_rebuild\legacy_16f_rebuild_20260718_v2\06_full_recovery\crops\dense_tracklet_0_to_12\pigs101219a\000272\burst_color_5532ba8c_200\ID_6\f000000.jpg,PASS,PASS,True,True,True
source=legacy_recovered|dataset=legacy_recovered_16f|video=pigs091119%2F000435|track_id=tracklet_00002505|legacy_sequence,source=legacy_recovered|dataset=legacy_recovered_16f|video=pigs091119%2F000435|track_id=tracklet_00002505,upright,upright,upright,human_review,legacy_recovered,pigs091119/000435,pigs091119/000435,091119,0,15,train,FOLD_4,train,,explore,upright_control,reviewed_engineering_amendment_992f34c0204a85a1,ab86e2e04267cfdc8248f9bdb8774615479d67a3589f7a25844bb1a4c93a639e,557156a7eb6cceeb6a91f667f7c51dcb286e3111f35f414970fa7431acc7e63b,posture_500_a566c58d252c1642,human_review_completed,TuanHM,2026-08-07T08:15:39+07:00,,PASS,E:\PigProjectStorage\PIG_Behavior_Project\outputs\legacy_16f_rebuild\legacy_16f_rebuild_20260718_v2\06_full_recovery\crops\dense_tracklet_0_to_12\pigs091119\000435\burst_color_786852bd_267\ID_5\f000000.jpg,PASS,PASS,True,True,True
source=legacy_recovered|dataset=legacy_recovered_16f|video=pigs151119%2F000039|track_id=tracklet_00002565|legacy_sequence,source=legacy_recovered|dataset=legacy_recovered_16f|video=pigs151119%2F000039|track_id=tracklet_00002565,upright,upright,upright,human_review,legacy_recovered,pigs151119/000039,pigs151119/000039,151119,5,20,train,FOLD_4,train,,social-nose,upright_control,reviewed_engineering_amendment_992f34c0204a85a1,ab86e2e04267cfdc8248f9bdb8774615479d67a3589f7a25844bb1a4c93a639e,557156a7eb6cceeb6a91f667f7c51dcb286e3111f35f414970fa7431acc7e63b,posture_500_a566c58d252c1642,human_review_completed,TuanHM,2026-08-07T08:15:40+07:00,,PASS,E:\PigProjectStorage\PIG_Behavior_Project\outputs\legacy_16f_rebuild\legacy_16f_rebuild_20260718_v2\06_full_recovery\crops\dense_tracklet_0_to_12\pigs151119\000039\burst_color_7cefcc37_467\ID_2\f000005.jpg,PASS,PASS,True,True,True
source=legacy_recovered|dataset=legacy_recovered_16f|video=pigs111219%2F000092|track_id=tracklet_00001284|legacy_sequence,source=legacy_recovered|dataset=legacy_recovered_16f|video=pigs111219%2F000092|track_id=tracklet_00001284,upright,upright,upright,human_review,legacy_recovered,pigs111219/000092,pigs111219/000092,111219,0,15,train,FOLD_4,train,,social-nose,upright_control,reviewed_engineering_amendment_992f34c0204a85a1,ab86e2e04267cfdc8248f9bdb8774615479d67a3589f7a25844bb1a4c93a639e,557156a7eb6cceeb6a91f667f7c51dcb286e3111f35f414970fa7431acc7e63b,posture_500_a566c58d252c1642,human_review_completed,TuanHM,2026-08-07T08:15:41+07:00,,PASS,E:\PigProjectStorage\PIG_Behavior_Project\outputs\legacy_16f_rebuild\legacy_16f_rebuild_20260718_v2\06_full_recovery\crops\dense_tracklet_0_to_12\pigs111219\000092\burst_color_3f1d58ff_300\ID_7\f000000.jpg,PASS,PASS,True,True,True
source=legacy_recovered|dataset=legacy_recovered_16f|video=pigs151119%2F000013|track_id=tracklet_00001737|legacy_sequence,source=legacy_recovered|dataset=legacy_recovered_16f|video=pigs151119%2F000013|track_id=tracklet_00001737,upright,upright,upright,human_review,legacy_recovered,pigs151119/000013,pigs151119/000013,151119,0,15,train,FOLD_4,train,,explore,upright_control,reviewed_engineering_amendment_992f34c0204a85a1,ab86e2e04267cfdc8248f9bdb8774615479d67a3589f7a25844bb1a4c93a639e,557156a7eb6cceeb6a91f667f7c51dcb286e3111f35f414970fa7431acc7e63b,posture_500_a566c58d252c1642,human_review_completed,TuanHM,2026-08-07T08:15:41+07:00,,PASS,E:\PigProjectStorage\PIG_Behavior_Project\outputs\legacy_16f_rebuild\legacy_16f_rebuild_20260718_v2\06_full_recovery\crops\dense_tracklet_0_to_12\pigs151119\000013\burst_color_54f4e5a0_133\ID_1\f000000.jpg,PASS,PASS,True,True,True
source=legacy_recovered|dataset=legacy_recovered_16f|video=pigs031219%2F000101|track_id=tracklet_00001281|legacy_sequence,source=legacy_recovered|dataset=legacy_recovered_16f|video=pigs031219%2F000101|track_id=tracklet_00001281,upright,upright,upright,human_review,legacy_recovered,pigs031219/000101,pigs031219/000101,031219,0,15,train,FOLD_4,train,,move,upright_control,reviewed_engineering_amendment_992f34c0204a85a1,ab86e2e04267cfdc8248f9bdb8774615479d67a3589f7a25844bb1a4c93a639e,557156a7eb6cceeb6a91f667f7c51dcb286e3111f35f414970fa7431acc7e63b,posture_500_a566c58d252c1642,human_review_completed,TuanHM,2026-08-07T08:15:43+07:00,,PASS,E:\PigProjectStorage\PIG_Behavior_Project\outputs\legacy_16f_rebuild\legacy_16f_rebuild_20260718_v2\06_full_recovery\crops\dense_tracklet_0_to_12\pigs031219\000101\burst_color_3f0503bd_100\ID_8\f000000.jpg,PASS,PASS,True,True,True
source=legacy_recovered|dataset=legacy_recovered_16f|video=pigs081119%2F000305|track_id=tracklet_00003386|legacy_sequence,source=legacy_recovered|dataset=legacy_recovered_16f|video=pigs081119%2F000305|track_id=tracklet_00003386,upright,upright,upright,human_review,legacy_recovered,pigs081119/000305,pigs081119/000305,081119,2,17,exclude|train,FOLD_4,train,exclude,move,upright_control,reviewed_engineering_amendment_992f34c0204a85a1,ab86e2e04267cfdc8248f9bdb8774615479d67a3589f7a25844bb1a4c93a639e,557156a7eb6cceeb6a91f667f7c51dcb286e3111f35f414970fa7431acc7e63b,posture_500_a566c58d252c1642,human_review_completed,TuanHM,2026-08-07T08:15:44+07:00,,PASS,E:\PigProjectStorage\PIG_Behavior_Project\outputs\legacy_16f_rebuild\legacy_16f_rebuild_20260718_v2\06_full_recovery\crops\dense_tracklet_0_to_12\pigs081119\000305\burst_color_abf15d29_367\ID_8\f000002.jpg,PASS,PASS,True,True,False
source=legacy_recovered|dataset=legacy_recovered_16f|video=pigs151119%2F000037|track_id=tracklet_00000762|legacy_sequence,source=legacy_recovered|dataset=legacy_recovered_16f|video=pigs151119%2F000037|track_id=tracklet_00000762,upright,upright,upright,human_review,legacy_recovered,pigs151119/000037,pigs151119/000037,151119,3,18,train,FOLD_4,train,,drink,upright_control,reviewed_engineering_amendment_992f34c0204a85a1,ab86e2e04267cfdc8248f9bdb8774615479d67a3589f7a25844bb1a4c93a639e,557156a7eb6cceeb6a91f667f7c51dcb286e3111f35f414970fa7431acc7e63b,posture_500_a566c58d252c1642,human_review_completed,TuanHM,2026-08-07T08:15:45+07:00,,PASS,E:\PigProjectStorage\PIG_Behavior_Project\outputs\legacy_16f_rebuild\legacy_16f_rebuild_20260718_v2\06_full_recovery\crops\dense_tracklet_0_to_12\pigs151119\000037\burst_color_2911c2ef_400\ID_5\f000003.jpg,PASS,PASS,True,True,True
source=legacy_recovered|dataset=legacy_recovered_16f|video=pigs051219%2F000318|track_id=tracklet_00001647|legacy_sequence,source=legacy_recovered|dataset=legacy_recovered_16f|video=pigs051219%2F000318|track_id=tracklet_00001647,upright,upright,upright,human_review,legacy_recovered,pigs051219/000318,pigs051219/000318,051219,0,15,train,FOLD_4,train,,eat,upright_control,reviewed_engineering_amendment_992f34c0204a85a1,ab86e2e04267cfdc8248f9bdb8774615479d67a3589f7a25844bb1a4c93a639e,557156a7eb6cceeb6a91f667f7c51dcb286e3111f35f414970fa7431acc7e63b,posture_500_a566c58d252c1642,human_review_completed,TuanHM,2026-08-07T08:15:45+07:00,,PASS,E:\PigProjectStorage\PIG_Behavior_Project\outputs\legacy_16f_rebuild\legacy_16f_rebuild_20260718_v2\06_full_recovery\crops\dense_tracklet_0_to_12\pigs051219\000318\burst_color_4fa8e602_200\ID_2\f000000.jpg,PASS,PASS,True,True,True
source=legacy_recovered|dataset=legacy_recovered_16f|video=pigs031219%2F000069|track_id=tracklet_00000654|legacy_sequence,source=legacy_recovered|dataset=legacy_recovered_16f|video=pigs031219%2F000069|track_id=tracklet_00000654,upright,upright,upright,human_review,legacy_recovered,pigs031219/000069,pigs031219/000069,031219,8,23,train,FOLD_4,train,,explore,upright_control,reviewed_engineering_amendment_992f34c0204a85a1,ab86e2e04267cfdc8248f9bdb8774615479d67a3589f7a25844bb1a4c93a639e,557156a7eb6cceeb6a91f667f7c51dcb286e3111f35f414970fa7431acc7e63b,posture_500_a566c58d252c1642,human_review_completed,TuanHM,2026-08-07T08:15:46+07:00,,PASS,E:\PigProjectStorage\PIG_Behavior_Project\outputs\legacy_16f_rebuild\legacy_16f_rebuild_20260718_v2\06_full_recovery\crops\dense_tracklet_0_to_12\pigs031219\000069\burst_color_25abd908_567\ID_1\f000008.jpg,PASS,PASS,True,True,True
source=legacy_recovered|dataset=legacy_recovered_16f|video=pigs081119%2F000306|track_id=tracklet_00002223|legacy_sequence,source=legacy_recovered|dataset=legacy_recovered_16f|video=pigs081119%2F000306|track_id=tracklet_00002223,upright,upright,upright,human_review,legacy_recovered,pigs081119/000306,pigs081119/000306,081119,0,15,train,FOLD_4,train,,move,upright_control,reviewed_engineering_amendment_992f34c0204a85a1,ab86e2e04267cfdc8248f9bdb8774615479d67a3589f7a25844bb1a4c93a639e,557156a7eb6cceeb6a91f667f7c51dcb286e3111f35f414970fa7431acc7e63b,posture_500_a566c58d252c1642,human_review_completed,TuanHM,2026-08-07T08:15:47+07:00,,PASS,E:\PigProjectStorage\PIG_Behavior_Project\outputs\legacy_16f_rebuild\legacy_16f_rebuild_20260718_v2\06_full_recovery\crops\dense_tracklet_0_to_12\pigs081119\000306\burst_color_69fe1f55_233\ID_6\f000000.jpg,PASS,PASS,True,True,True
source=legacy_recovered|dataset=legacy_recovered_16f|video=pigs161119%2F000069|track_id=tracklet_00003748|legacy_sequence,source=legacy_recovered|dataset=legacy_recovered_16f|video=pigs161119%2F000069|track_id=tracklet_00003748,upright,upright,upright,human_review,legacy_recovered,pigs161119/000069,pigs161119/000069,161119,0,15,train,FOLD_4,train,,social-nose,upright_control,reviewed_engineering_amendment_992f34c0204a85a1,ab86e2e04267cfdc8248f9bdb8774615479d67a3589f7a25844bb1a4c93a639e,557156a7eb6cceeb6a91f667f7c51dcb286e3111f35f414970fa7431acc7e63b,posture_500_a566c58d252c1642,human_review_completed,TuanHM,2026-08-07T08:15:47+07:00,,PASS,E:\PigProjectStorage\PIG_Behavior_Project\outputs\legacy_16f_rebuild\legacy_16f_rebuild_20260718_v2\06_full_recovery\crops\dense_tracklet_0_to_12\pigs161119\000069\burst_color_c2a783c2_267\ID_5\f000000.jpg,PASS,PASS,True,True,True
source=legacy_recovered|dataset=legacy_recovered_16f|video=pigs041219%2F000221|track_id=tracklet_00001927|legacy_sequence,source=legacy_recovered|dataset=legacy_recovered_16f|video=pigs041219%2F000221|track_id=tracklet_00001927,upright,upright,upright,human_review,legacy_recovered,pigs041219/000221,pigs041219/000221,041219,1,16,train,FOLD_4,train,,explore,upright_control,reviewed_engineering_amendment_992f34c0204a85a1,ab86e2e04267cfdc8248f9bdb8774615479d67a3589f7a25844bb1a4c93a639e,557156a7eb6cceeb6a91f667f7c51dcb286e3111f35f414970fa7431acc7e63b,posture_500_a566c58d252c1642,human_review_completed,TuanHM,2026-08-07T08:15:48+07:00,,PASS,E:\PigProjectStorage\PIG_Behavior_Project\outputs\legacy_16f_rebuild\legacy_16f_rebuild_20260718_v2\06_full_recovery\crops\dense_tracklet_0_to_12\pigs041219\000221\burst_color_5fc4888c_333\ID_1\f000001.jpg,PASS,PASS,True,True,True
source=legacy_recovered|dataset=legacy_recovered_16f|video=pigs101219a%2F000295|track_id=tracklet_00004115|legacy_sequence,source=legacy_recovered|dataset=legacy_recovered_16f|video=pigs101219a%2F000295|track_id=tracklet_00004115,upright,upright,upright,human_review,legacy_recovered,pigs101219a/000295,pigs101219a/000295,101219,0,15,train,FOLD_4,train,,move,upright_control,reviewed_engineering_amendment_992f34c0204a85a1,ab86e2e04267cfdc8248f9bdb8774615479d67a3589f7a25844bb1a4c93a639e,557156a7eb6cceeb6a91f667f7c51dcb286e3111f35f414970fa7431acc7e63b,posture_500_a566c58d252c1642,human_review_completed,TuanHM,2026-08-07T08:15:49+07:00,,PASS,E:\PigProjectStorage\PIG_Behavior_Project\outputs\legacy_16f_rebuild\legacy_16f_rebuild_20260718_v2\06_full_recovery\crops\dense_tracklet_0_to_12\pigs101219a\000295\burst_color_e18bafa9_200\ID_5\f000000.jpg,PASS,PASS,True,True,True
source=legacy_recovered|dataset=legacy_recovered_16f|video=pigs041219%2F000182|track_id=tracklet_00000282|legacy_sequence,source=legacy_recovered|dataset=legacy_recovered_16f|video=pigs041219%2F000182|track_id=tracklet_00000282,upright,upright,upright,human_review,legacy_recovered,pigs041219/000182,pigs041219/000182,041219,0,15,train,FOLD_4,train,,explore,upright_control,reviewed_engineering_amendment_992f34c0204a85a1,ab86e2e04267cfdc8248f9bdb8774615479d67a3589f7a25844bb1a4c93a639e,557156a7eb6cceeb6a91f667f7c51dcb286e3111f35f414970fa7431acc7e63b,posture_500_a566c58d252c1642,human_review_completed,TuanHM,2026-08-07T08:15:49+07:00,,PASS,E:\PigProjectStorage\PIG_Behavior_Project\outputs\legacy_16f_rebuild\legacy_16f_rebuild_20260718_v2\06_full_recovery\crops\dense_tracklet_0_to_12\pigs041219\000182\burst_color_12aa1117_267\ID_7\f000000.jpg,PASS,PASS,True,True,True
source=legacy_recovered|dataset=legacy_recovered_16f|video=pigs081119%2F000343|track_id=tracklet_00004294|legacy_sequence,source=legacy_recovered|dataset=legacy_recovered_16f|video=pigs081119%2F000343|track_id=tracklet_00004294,upright,upright,upright,human_review,legacy_recovered,pigs081119/000343,pigs081119/000343,081119,5,20,train,FOLD_4,train,,move,upright_control,reviewed_engineering_amendment_992f34c0204a85a1,ab86e2e04267cfdc8248f9bdb8774615479d67a3589f7a25844bb1a4c93a639e,557156a7eb6cceeb6a91f667f7c51dcb286e3111f35f414970fa7431acc7e63b,posture_500_a566c58d252c1642,human_review_completed,TuanHM,2026-08-07T08:15:50+07:00,,PASS,E:\PigProjectStorage\PIG_Behavior_Project\outputs\legacy_16f_rebuild\legacy_16f_rebuild_20260718_v2\06_full_recovery\crops\dense_tracklet_0_to_12\pigs081119\000343\burst_color_ec527a02_467\ID_3\f000005.jpg,PASS,PASS,True,True,True
source=legacy_recovered|dataset=legacy_recovered_16f|video=pigs051219%2F000299|track_id=tracklet_00004392|legacy_sequence,source=legacy_recovered|dataset=legacy_recovered_16f|video=pigs051219%2F000299|track_id=tracklet_00004392,upright,upright,upright,human_review,legacy_recovered,pigs051219/000299,pigs051219/000299,051219,0,15,train,FOLD_4,train,,explore,upright_control,reviewed_engineering_amendment_992f34c0204a85a1,ab86e2e04267cfdc8248f9bdb8774615479d67a3589f7a25844bb1a4c93a639e,557156a7eb6cceeb6a91f667f7c51dcb286e3111f35f414970fa7431acc7e63b,posture_500_a566c58d252c1642,human_review_completed,TuanHM,2026-08-07T08:15:51+07:00,,PASS,E:\PigProjectStorage\PIG_Behavior_Project\outputs\legacy_16f_rebuild\legacy_16f_rebuild_20260718_v2\06_full_recovery\crops\dense_tracklet_0_to_12\pigs051219\000299\burst_color_f5166905_267\ID_5\f000000.jpg,PASS,PASS,True,True,True
source=legacy_recovered|dataset=legacy_recovered_16f|video=pigs151119%2F000031|track_id=tracklet_00004003|legacy_sequence,source=legacy_recovered|dataset=legacy_recovered_16f|video=pigs151119%2F000031|track_id=tracklet_00004003,upright,upright,upright,human_review,legacy_recovered,pigs151119/000031,pigs151119/000031,151119,0,15,train,FOLD_4,train,,fight,upright_control,reviewed_engineering_amendment_992f34c0204a85a1,ab86e2e04267cfdc8248f9bdb8774615479d67a3589f7a25844bb1a4c93a639e,557156a7eb6cceeb6a91f667f7c51dcb286e3111f35f414970fa7431acc7e63b,posture_500_a566c58d252c1642,human_review_completed,TuanHM,2026-08-07T08:15:52+07:00,,PASS,E:\PigProjectStorage\PIG_Behavior_Project\outputs\legacy_16f_rebuild\legacy_16f_rebuild_20260718_v2\06_full_recovery\crops\dense_tracklet_0_to_12\pigs151119\000031\burst_color_d6e3419f_267\ID_5\f000000.jpg,PASS,PASS,True,True,True
source=legacy_recovered|dataset=legacy_recovered_16f|video=pigs041219%2F000198|track_id=tracklet_00000840|legacy_sequence,source=legacy_recovered|dataset=legacy_recovered_16f|video=pigs041219%2F000198|track_id=tracklet_00000840,upright,upright,upright,human_review,legacy_recovered,pigs041219/000198,pigs041219/000198,041219,0,15,train,FOLD_4,train,,eat,upright_control,reviewed_engineering_amendment_992f34c0204a85a1,ab86e2e04267cfdc8248f9bdb8774615479d67a3589f7a25844bb1a4c93a639e,557156a7eb6cceeb6a91f667f7c51dcb286e3111f35f414970fa7431acc7e63b,posture_500_a566c58d252c1642,human_review_completed,TuanHM,2026-08-07T08:15:53+07:00,,PASS,E:\PigProjectStorage\PIG_Behavior_Project\outputs\legacy_16f_rebuild\legacy_16f_rebuild_20260718_v2\06_full_recovery\crops\dense_tracklet_0_to_12\pigs041219\000198\burst_color_2db5fd09_33\ID_1\f000000.jpg,PASS,PASS,True,True,True
source=legacy_recovered|dataset=legacy_recovered_16f|video=pigs091119%2F000442|track_id=tracklet_00000193|legacy_sequence,source=legacy_recovered|dataset=legacy_recovered_16f|video=pigs091119%2F000442|track_id=tracklet_00000193,upright,upright,upright,human_review,legacy_recovered,pigs091119/000442,pigs091119/000442,091119,0,15,train,FOLD_4,train,,explore,upright_control,reviewed_engineering_amendment_992f34c0204a85a1,ab86e2e04267cfdc8248f9bdb8774615479d67a3589f7a25844bb1a4c93a639e,557156a7eb6cceeb6a91f667f7c51dcb286e3111f35f414970fa7431acc7e63b,posture_500_a566c58d252c1642,human_review_completed,TuanHM,2026-08-07T08:15:54+07:00,,PASS,E:\PigProjectStorage\PIG_Behavior_Project\outputs\legacy_16f_rebuild\legacy_16f_rebuild_20260718_v2\06_full_recovery\crops\dense_tracklet_0_to_12\pigs091119\000442\burst_color_0dc313ac_167\ID_1\f000000.jpg,PASS,PASS,True,True,True
source=legacy_recovered|dataset=legacy_recovered_16f|video=pigs101219b%2F000034|track_id=tracklet_00000086|legacy_sequence,source=legacy_recovered|dataset=legacy_recovered_16f|video=pigs101219b%2F000034|track_id=tracklet_00000086,upright,upright,upright,human_review,legacy_recovered,pigs101219b/000034,pigs101219b/000034,101219,0,15,train,FOLD_4,train,,eat,upright_control,reviewed_engineering_amendment_992f34c0204a85a1,ab86e2e04267cfdc8248f9bdb8774615479d67a3589f7a25844bb1a4c93a639e,557156a7eb6cceeb6a91f667f7c51dcb286e3111f35f414970fa7431acc7e63b,posture_500_a566c58d252c1642,human_review_completed,TuanHM,2026-08-07T08:15:54+07:00,,PASS,E:\PigProjectStorage\PIG_Behavior_Project\outputs\legacy_16f_rebuild\legacy_16f_rebuild_20260718_v2\06_full_recovery\crops\dense_tracklet_0_to_12\pigs101219b\000034\burst_color_051c670e_100\ID_5\f000000.jpg,PASS,PASS,True,True,True
source=legacy_recovered|dataset=legacy_recovered_16f|video=pigs031219%2F000099|track_id=tracklet_00003021|legacy_sequence,source=legacy_recovered|dataset=legacy_recovered_16f|video=pigs031219%2F000099|track_id=tracklet_00003021,upright,upright,upright,human_review,legacy_recovered,pigs031219/000099,pigs031219/000099,031219,0,15,train,FOLD_4,train,,explore,upright_control,reviewed_engineering_amendment_992f34c0204a85a1,ab86e2e04267cfdc8248f9bdb8774615479d67a3589f7a25844bb1a4c93a639e,557156a7eb6cceeb6a91f667f7c51dcb286e3111f35f414970fa7431acc7e63b,posture_500_a566c58d252c1642,human_review_completed,TuanHM,2026-08-07T08:15:55+07:00,,PASS,E:\PigProjectStorage\PIG_Behavior_Project\outputs\legacy_16f_rebuild\legacy_16f_rebuild_20260718_v2\06_full_recovery\crops\dense_tracklet_0_to_12\pigs031219\000099\burst_color_926a0c0b_33\ID_6\f000000.jpg,PASS,PASS,True,True,True
source=legacy_recovered|dataset=legacy_recovered_16f|video=pigs031219%2F000082|track_id=tracklet_00004052|legacy_sequence,source=legacy_recovered|dataset=legacy_recovered_16f|video=pigs031219%2F000082|track_id=tracklet_00004052,upright,upright,upright,human_review,legacy_recovered,pigs031219/000082,pigs031219/000082,031219,0,15,train,FOLD_4,train,,explore,upright_control,reviewed_engineering_amendment_992f34c0204a85a1,ab86e2e04267cfdc8248f9bdb8774615479d67a3589f7a25844bb1a4c93a639e,557156a7eb6cceeb6a91f667f7c51dcb286e3111f35f414970fa7431acc7e63b,posture_500_a566c58d252c1642,human_review_completed,TuanHM,2026-08-07T08:15:56+07:00,,PASS,E:\PigProjectStorage\PIG_Behavior_Project\outputs\legacy_16f_rebuild\legacy_16f_rebuild_20260718_v2\06_full_recovery\crops\dense_tracklet_0_to_12\pigs031219\000082\burst_color_db0ab06c_300\ID_6\f000000.jpg,PASS,PASS,True,True,True
source=legacy_recovered|dataset=legacy_recovered_16f|video=pigs101219b%2F000008|track_id=tracklet_00002517|legacy_sequence,source=legacy_recovered|dataset=legacy_recovered_16f|video=pigs101219b%2F000008|track_id=tracklet_00002517,upright,upright,upright,human_review,legacy_recovered,pigs101219b/000008,pigs101219b/000008,101219,0,15,train,FOLD_4,train,,drink,upright_control,reviewed_engineering_amendment_992f34c0204a85a1,ab86e2e04267cfdc8248f9bdb8774615479d67a3589f7a25844bb1a4c93a639e,557156a7eb6cceeb6a91f667f7c51dcb286e3111f35f414970fa7431acc7e63b,posture_500_a566c58d252c1642,human_review_completed,TuanHM,2026-08-07T08:15:57+07:00,,PASS,E:\PigProjectStorage\PIG_Behavior_Project\outputs\legacy_16f_rebuild\legacy_16f_rebuild_20260718_v2\06_full_recovery\crops\dense_tracklet_0_to_12\pigs101219b\000008\burst_color_78c9516a_167\ID_6\f000000.jpg,PASS,PASS,True,True,True
source=legacy_recovered|dataset=legacy_recovered_16f|video=pigs081119%2F000309|track_id=tracklet_00000368|legacy_sequence,source=legacy_recovered|dataset=legacy_recovered_16f|video=pigs081119%2F000309|track_id=tracklet_00000368,upright,upright,upright,human_review,legacy_recovered,pigs081119/000309,pigs081119/000309,081119,2,17,train,FOLD_4,train,,explore,upright_control,reviewed_engineering_amendment_992f34c0204a85a1,ab86e2e04267cfdc8248f9bdb8774615479d67a3589f7a25844bb1a4c93a639e,557156a7eb6cceeb6a91f667f7c51dcb286e3111f35f414970fa7431acc7e63b,posture_500_a566c58d252c1642,human_review_completed,TuanHM,2026-08-07T08:15:58+07:00,,PASS,E:\PigProjectStorage\PIG_Behavior_Project\outputs\legacy_16f_rebuild\legacy_16f_rebuild_20260718_v2\06_full_recovery\crops\dense_tracklet_0_to_12\pigs081119\000309\burst_color_175faaf6_367\ID_2\f000002.jpg,PASS,PASS,True,True,True
source=legacy_recovered|dataset=legacy_recovered_16f|video=pigs111219%2F000084|track_id=tracklet_00001804|legacy_sequence,source=legacy_recovered|dataset=legacy_recovered_16f|video=pigs111219%2F000084|track_id=tracklet_00001804,upright,upright,upright,human_review,legacy_recovered,pigs111219/000084,pigs111219/000084,111219,0,15,train,FOLD_4,train,,eat,upright_control,reviewed_engineering_amendment_992f34c0204a85a1,ab86e2e04267cfdc8248f9bdb8774615479d67a3589f7a25844bb1a4c93a639e,557156a7eb6cceeb6a91f667f7c51dcb286e3111f35f414970fa7431acc7e63b,posture_500_a566c58d252c1642,human_review_completed,TuanHM,2026-08-07T08:15:58+07:00,,PASS,E:\PigProjectStorage\PIG_Behavior_Project\outputs\legacy_16f_rebuild\legacy_16f_rebuild_20260718_v2\06_full_recovery\crops\dense_tracklet_0_to_12\pigs111219\000084\burst_color_57f37895_200\ID_1\f000000.jpg,PASS,PASS,True,True,True
source=legacy_recovered|dataset=legacy_recovered_16f|video=pigs081119%2F000357|track_id=tracklet_00003425|legacy_sequence,source=legacy_recovered|dataset=legacy_recovered_16f|video=pigs081119%2F000357|track_id=tracklet_00003425,upright,upright,upright,human_review,legacy_recovered,pigs081119/000357,pigs081119/000357,081119,5,20,train,FOLD_4,train,,explore,upright_control,reviewed_engineering_amendment_992f34c0204a85a1,ab86e2e04267cfdc8248f9bdb8774615479d67a3589f7a25844bb1a4c93a639e,557156a7eb6cceeb6a91f667f7c51dcb286e3111f35f414970fa7431acc7e63b,posture_500_a566c58d252c1642,human_review_completed,TuanHM,2026-08-07T08:15:59+07:00,,PASS,E:\PigProjectStorage\PIG_Behavior_Project\outputs\legacy_16f_rebuild\legacy_16f_rebuild_20260718_v2\06_full_recovery\crops\dense_tracklet_0_to_12\pigs081119\000357\burst_color_af2bb0fe_467\ID_1\f000005.jpg,PASS,PASS,True,True,True
source=legacy_recovered|dataset=legacy_recovered_16f|video=pigs041219%2F000201|track_id=tracklet_00001913|legacy_sequence,source=legacy_recovered|dataset=legacy_recovered_16f|video=pigs041219%2F000201|track_id=tracklet_00001913,upright,upright,upright,human_review,legacy_recovered,pigs041219/000201,pigs041219/000201,041219,0,15,train,FOLD_4,train,,explore,upright_control,reviewed_engineering_amendment_992f34c0204a85a1,ab86e2e04267cfdc8248f9bdb8774615479d67a3589f7a25844bb1a4c93a639e,557156a7eb6cceeb6a91f667f7c51dcb286e3111f35f414970fa7431acc7e63b,posture_500_a566c58d252c1642,human_review_completed,TuanHM,2026-08-07T08:16:00+07:00,,PASS,E:\PigProjectStorage\PIG_Behavior_Project\outputs\legacy_16f_rebuild\legacy_16f_rebuild_20260718_v2\06_full_recovery\crops\dense_tracklet_0_to_12\pigs041219\000201\burst_color_5f6e3035_133\ID_3\f000000.jpg,PASS,PASS,True,True,True
source=legacy_recovered|dataset=legacy_recovered_16f|video=pigs081119%2F000312|track_id=tracklet_00003777|legacy_sequence,source=legacy_recovered|dataset=legacy_recovered_16f|video=pigs081119%2F000312|track_id=tracklet_00003777,upright,upright,upright,human_review,legacy_recovered,pigs081119/000312,pigs081119/000312,081119,3,18,train,FOLD_4,train,,move,upright_control,reviewed_engineering_amendment_992f34c0204a85a1,ab86e2e04267cfdc8248f9bdb8774615479d67a3589f7a25844bb1a4c93a639e,557156a7eb6cceeb6a91f667f7c51dcb286e3111f35f414970fa7431acc7e63b,posture_500_a566c58d252c1642,human_review_completed,TuanHM,2026-08-07T08:16:01+07:00,,PASS,E:\PigProjectStorage\PIG_Behavior_Project\outputs\legacy_16f_rebuild\legacy_16f_rebuild_20260718_v2\06_full_recovery\crops\dense_tracklet_0_to_12\pigs081119\000312\burst_color_c563496f_400\ID_1\f000003.jpg,PASS,PASS,True,True,True
source=legacy_recovered|dataset=legacy_recovered_16f|video=pigs091119%2F000429|track_id=tracklet_00001352|legacy_sequence,source=legacy_recovered|dataset=legacy_recovered_16f|video=pigs091119%2F000429|track_id=tracklet_00001352,upright,upright,upright,human_review,legacy_recovered,pigs091119/000429,pigs091119/000429,091119,0,15,train,FOLD_4,train,,stand,upright_control,reviewed_engineering_amendment_992f34c0204a85a1,ab86e2e04267cfdc8248f9bdb8774615479d67a3589f7a25844bb1a4c93a639e,557156a7eb6cceeb6a91f667f7c51dcb286e3111f35f414970fa7431acc7e63b,posture_500_a566c58d252c1642,human_review_completed,TuanHM,2026-08-07T08:16:02+07:00,,PASS,E:\PigProjectStorage\PIG_Behavior_Project\outputs\legacy_16f_rebuild\legacy_16f_rebuild_20260718_v2\06_full_recovery\crops\dense_tracklet_0_to_12\pigs091119\000429\burst_color_42345904_167\ID_1\f000000.jpg,PASS,PASS,True,True,True
source=legacy_recovered|dataset=legacy_recovered_16f|video=pigs101219a%2F000296|track_id=tracklet_00000243|legacy_sequence,source=legacy_recovered|dataset=legacy_recovered_16f|video=pigs101219a%2F000296|track_id=tracklet_00000243,upright,upright,upright,human_review,legacy_recovered,pigs101219a/000296,pigs101219a/000296,101219,0,15,train,FOLD_4,train,,eat,upright_control,reviewed_engineering_amendment_992f34c0204a85a1,ab86e2e04267cfdc8248f9bdb8774615479d67a3589f7a25844bb1a4c93a639e,557156a7eb6cceeb6a91f667f7c51dcb286e3111f35f414970fa7431acc7e63b,posture_500_a566c58d252c1642,human_review_completed,TuanHM,2026-08-07T08:16:03+07:00,,PASS,E:\PigProjectStorage\PIG_Behavior_Project\outputs\legacy_16f_rebuild\legacy_16f_rebuild_20260718_v2\06_full_recovery\crops\dense_tracklet_0_to_12\pigs101219a\000296\burst_color_11c02639_300\ID_7\f000000.jpg,PASS,PASS,True,True,True
source=legacy_recovered|dataset=legacy_recovered_16f|video=pigs051219%2F000303|track_id=tracklet_00000774|legacy_sequence,source=legacy_recovered|dataset=legacy_recovered_16f|video=pigs051219%2F000303|track_id=tracklet_00000774,upright,upright,upright,human_review,legacy_recovered,pigs051219/000303,pigs051219/000303,051219,13,28,train,FOLD_4,train,,explore,upright_control,reviewed_engineering_amendment_992f34c0204a85a1,ab86e2e04267cfdc8248f9bdb8774615479d67a3589f7a25844bb1a4c93a639e,557156a7eb6cceeb6a91f667f7c51dcb286e3111f35f414970fa7431acc7e63b,posture_500_a566c58d252c1642,human_review_completed,TuanHM,2026-08-07T08:16:03+07:00,,PASS,E:\PigProjectStorage\PIG_Behavior_Project\outputs\legacy_16f_rebuild\legacy_16f_rebuild_20260718_v2\06_full_recovery\crops\dense_tracklet_0_to_12\pigs051219\000303\burst_color_298caeaa_733\ID_1\f000013.jpg,PASS,PASS,True,True,True
source=legacy_recovered|dataset=legacy_recovered_16f|video=pigs151119%2F000034|track_id=tracklet_00001500|legacy_sequence,source=legacy_recovered|dataset=legacy_recovered_16f|video=pigs151119%2F000034|track_id=tracklet_00001500,upright,upright,upright,human_review,legacy_recovered,pigs151119/000034,pigs151119/000034,151119,17,32,train,FOLD_4,train,,social-nose,upright_control,reviewed_engineering_amendment_992f34c0204a85a1,ab86e2e04267cfdc8248f9bdb8774615479d67a3589f7a25844bb1a4c93a639e,557156a7eb6cceeb6a91f667f7c51dcb286e3111f35f414970fa7431acc7e63b,posture_500_a566c58d252c1642,human_review_completed,TuanHM,2026-08-07T08:16:04+07:00,,PASS,E:\PigProjectStorage\PIG_Behavior_Project\outputs\legacy_16f_rebuild\legacy_16f_rebuild_20260718_v2\06_full_recovery\crops\dense_tracklet_0_to_12\pigs151119\000034\burst_color_488b027b_867\ID_8\f000017.jpg,PASS,PASS,True,True,True
source=legacy_recovered|dataset=legacy_recovered_16f|video=pigs081119%2F000326|track_id=tracklet_00001512|legacy_sequence,source=legacy_recovered|dataset=legacy_recovered_16f|video=pigs081119%2F000326|track_id=tracklet_00001512,upright,upright,upright,human_review,legacy_recovered,pigs081119/000326,pigs081119/000326,081119,9,24,train,FOLD_4,train,,explore,upright_control,reviewed_engineering_amendment_992f34c0204a85a1,ab86e2e04267cfdc8248f9bdb8774615479d67a3589f7a25844bb1a4c93a639e,557156a7eb6cceeb6a91f667f7c51dcb286e3111f35f414970fa7431acc7e63b,posture_500_a566c58d252c1642,human_review_completed,TuanHM,2026-08-07T08:16:04+07:00,,PASS,E:\PigProjectStorage\PIG_Behavior_Project\outputs\legacy_16f_rebuild\legacy_16f_rebuild_20260718_v2\06_full_recovery\crops\dense_tracklet_0_to_12\pigs081119\000326\burst_color_48d45c02_600\ID_4\f000009.jpg,PASS,PASS,True,True,True
source=legacy_recovered|dataset=legacy_recovered_16f|video=pigs081119%2F000363|track_id=tracklet_00002441|legacy_sequence,source=legacy_recovered|dataset=legacy_recovered_16f|video=pigs081119%2F000363|track_id=tracklet_00002441,upright,upright,upright,human_review,legacy_recovered,pigs081119/000363,pigs081119/000363,081119,0,15,train,FOLD_4,train,,eat,upright_control,reviewed_engineering_amendment_992f34c0204a85a1,ab86e2e04267cfdc8248f9bdb8774615479d67a3589f7a25844bb1a4c93a639e,557156a7eb6cceeb6a91f667f7c51dcb286e3111f35f414970fa7431acc7e63b,posture_500_a566c58d252c1642,human_review_completed,TuanHM,2026-08-07T08:16:05+07:00,,PASS,E:\PigProjectStorage\PIG_Behavior_Project\outputs\legacy_16f_rebuild\legacy_16f_rebuild_20260718_v2\06_full_recovery\crops\dense_tracklet_0_to_12\pigs081119\000363\burst_color_73f2c33f_67\ID_6\f000000.jpg,PASS,PASS,True,True,True
source=legacy_recovered|dataset=legacy_recovered_16f|video=pigs111219%2F000094|track_id=tracklet_00001619|legacy_sequence,source=legacy_recovered|dataset=legacy_recovered_16f|video=pigs111219%2F000094|track_id=tracklet_00001619,upright,upright,upright,human_review,legacy_recovered,pigs111219/000094,pigs111219/000094,111219,0,15,train,FOLD_4,train,,eat,upright_control,reviewed_engineering_amendment_992f34c0204a85a1,ab86e2e04267cfdc8248f9bdb8774615479d67a3589f7a25844bb1a4c93a639e,557156a7eb6cceeb6a91f667f7c51dcb286e3111f35f414970fa7431acc7e63b,posture_500_a566c58d252c1642,human_review_completed,TuanHM,2026-08-07T08:16:06+07:00,,PASS,E:\PigProjectStorage\PIG_Behavior_Project\outputs\legacy_16f_rebuild\legacy_16f_rebuild_20260718_v2\06_full_recovery\crops\dense_tracklet_0_to_12\pigs111219\000094\burst_color_4dbbb056_67\ID_1\f000000.jpg,PASS,PASS,True,True,True
source=legacy_recovered|dataset=legacy_recovered_16f|video=pigs081119%2F000301|track_id=tracklet_00000450|legacy_sequence,source=legacy_recovered|dataset=legacy_recovered_16f|video=pigs081119%2F000301|track_id=tracklet_00000450,upright,upright,upright,human_review,legacy_recovered,pigs081119/000301,pigs081119/000301,081119,2,17,train,FOLD_4,train,,explore,upright_control,reviewed_engineering_amendment_992f34c0204a85a1,ab86e2e04267cfdc8248f9bdb8774615479d67a3589f7a25844bb1a4c93a639e,557156a7eb6cceeb6a91f667f7c51dcb286e3111f35f414970fa7431acc7e63b,posture_500_a566c58d252c1642,human_review_completed,TuanHM,2026-08-07T08:16:07+07:00,,PASS,E:\PigProjectStorage\PIG_Behavior_Project\outputs\legacy_16f_rebuild\legacy_16f_rebuild_20260718_v2\06_full_recovery\crops\dense_tracklet_0_to_12\pigs081119\000301\burst_color_19c7773c_367\ID_5\f000002.jpg,PASS,PASS,True,True,True
source=legacy_recovered|dataset=legacy_recovered_16f|video=pigs041219%2F000235|track_id=tracklet_00003468|legacy_sequence,source=legacy_recovered|dataset=legacy_recovered_16f|video=pigs041219%2F000235|track_id=tracklet_00003468,upright,upright,upright,human_review,legacy_recovered,pigs041219/000235,pigs041219/000235,041219,0,15,train,FOLD_4,train,,explore,upright_control,reviewed_engineering_amendment_992f34c0204a85a1,ab86e2e04267cfdc8248f9bdb8774615479d67a3589f7a25844bb1a4c93a639e,557156a7eb6cceeb6a91f667f7c51dcb286e3111f35f414970fa7431acc7e63b,posture_500_a566c58d252c1642,human_review_completed,TuanHM,2026-08-07T08:16:07+07:00,,PASS,E:\PigProjectStorage\PIG_Behavior_Project\outputs\legacy_16f_rebuild\legacy_16f_rebuild_20260718_v2\06_full_recovery\crops\dense_tracklet_0_to_12\pigs041219\000235\burst_color_b39a418c_300\ID_4\f000000.jpg,PASS,PASS,True,True,True
source=legacy_recovered|dataset=legacy_recovered_16f|video=pigs031219%2F000111|track_id=tracklet_00004011|legacy_sequence,source=legacy_recovered|dataset=legacy_recovered_16f|video=pigs031219%2F000111|track_id=tracklet_00004011,upright,upright,upright,human_review,legacy_recovered,pigs031219/000111,pigs031219/000111,031219,1,16,train,FOLD_4,train,,explore,upright_control,reviewed_engineering_amendment_992f34c0204a85a1,ab86e2e04267cfdc8248f9bdb8774615479d67a3589f7a25844bb1a4c93a639e,557156a7eb6cceeb6a91f667f7c51dcb286e3111f35f414970fa7431acc7e63b,posture_500_a566c58d252c1642,human_review_completed,TuanHM,2026-08-07T08:16:08+07:00,,PASS,E:\PigProjectStorage\PIG_Behavior_Project\outputs\legacy_16f_rebuild\legacy_16f_rebuild_20260718_v2\06_full_recovery\crops\dense_tracklet_0_to_12\pigs031219\000111\burst_color_d6f0c357_333\ID_7\f000001.jpg,PASS,PASS,True,True,True
source=legacy_recovered|dataset=legacy_recovered_16f|video=pigs101219a%2F000293|track_id=tracklet_00002500|legacy_sequence,source=legacy_recovered|dataset=legacy_recovered_16f|video=pigs101219a%2F000293|track_id=tracklet_00002500,upright,upright,upright,human_review,legacy_recovered,pigs101219a/000293,pigs101219a/000293,101219,0,15,train,FOLD_4,train,,fight,upright_control,reviewed_engineering_amendment_992f34c0204a85a1,ab86e2e04267cfdc8248f9bdb8774615479d67a3589f7a25844bb1a4c93a639e,557156a7eb6cceeb6a91f667f7c51dcb286e3111f35f414970fa7431acc7e63b,posture_500_a566c58d252c1642,human_review_completed,TuanHM,2026-08-07T08:16:09+07:00,,PASS,E:\PigProjectStorage\PIG_Behavior_Project\outputs\legacy_16f_rebuild\legacy_16f_rebuild_20260718_v2\06_full_recovery\crops\dense_tracklet_0_to_12\pigs101219a\000293\burst_color_77fe4f70_33\ID_8\f000000.jpg,PASS,PASS,True,True,True
source=legacy_recovered|dataset=legacy_recovered_16f|video=pigs091119%2F000424|track_id=tracklet_00002833|legacy_sequence,source=legacy_recovered|dataset=legacy_recovered_16f|video=pigs091119%2F000424|track_id=tracklet_00002833,upright,upright,upright,human_review,legacy_recovered,pigs091119/000424,pigs091119/000424,091119,0,15,train,FOLD_4,train,,eat,upright_control,reviewed_engineering_amendment_992f34c0204a85a1,ab86e2e04267cfdc8248f9bdb8774615479d67a3589f7a25844bb1a4c93a639e,557156a7eb6cceeb6a91f667f7c51dcb286e3111f35f414970fa7431acc7e63b,posture_500_a566c58d252c1642,human_review_completed,TuanHM,2026-08-07T08:16:10+07:00,,PASS,E:\PigProjectStorage\PIG_Behavior_Project\outputs\legacy_16f_rebuild\legacy_16f_rebuild_20260718_v2\06_full_recovery\crops\dense_tracklet_0_to_12\pigs091119\000424\burst_color_8bf2c671_33\ID_6\f000000.jpg,PASS,PASS,True,True,True
source=legacy_recovered|dataset=legacy_recovered_16f|video=pigs111219%2F000085|track_id=tracklet_00000738|legacy_sequence,source=legacy_recovered|dataset=legacy_recovered_16f|video=pigs111219%2F000085|track_id=tracklet_00000738,upright,upright,upright,human_review,legacy_recovered,pigs111219/000085,pigs111219/000085,111219,0,15,train,FOLD_4,train,,eat,upright_control,reviewed_engineering_amendment_992f34c0204a85a1,ab86e2e04267cfdc8248f9bdb8774615479d67a3589f7a25844bb1a4c93a639e,557156a7eb6cceeb6a91f667f7c51dcb286e3111f35f414970fa7431acc7e63b,posture_500_a566c58d252c1642,human_review_completed,TuanHM,2026-08-07T08:16:14+07:00,,PASS,E:\PigProjectStorage\PIG_Behavior_Project\outputs\legacy_16f_rebuild\legacy_16f_rebuild_20260718_v2\06_full_recovery\crops\dense_tracklet_0_to_12\pigs111219\000085\burst_color_285f75f1_33\ID_1\f000000.jpg,PASS,PASS,True,True,True
source=legacy_recovered|dataset=legacy_recovered_16f|video=pigs151119%2F000035|track_id=tracklet_00001479|legacy_sequence,source=legacy_recovered|dataset=legacy_recovered_16f|video=pigs151119%2F000035|track_id=tracklet_00001479,upright,upright,upright,human_review,legacy_recovered,pigs151119/000035,pigs151119/000035,151119,0,15,train,FOLD_4,train,,explore,upright_control,reviewed_engineering_amendment_992f34c0204a85a1,ab86e2e04267cfdc8248f9bdb8774615479d67a3589f7a25844bb1a4c93a639e,557156a7eb6cceeb6a91f667f7c51dcb286e3111f35f414970fa7431acc7e63b,posture_500_a566c58d252c1642,human_review_completed,TuanHM,2026-08-07T08:16:15+07:00,,PASS,E:\PigProjectStorage\PIG_Behavior_Project\outputs\legacy_16f_rebuild\legacy_16f_rebuild_20260718_v2\06_full_recovery\crops\dense_tracklet_0_to_12\pigs151119\000035\burst_color_4841da6a_33\ID_3\f000000.jpg,PASS,PASS,True,True,True
source=legacy_recovered|dataset=legacy_recovered_16f|video=pigs031219%2F000068|track_id=tracklet_00004471|legacy_sequence,source=legacy_recovered|dataset=legacy_recovered_16f|video=pigs031219%2F000068|track_id=tracklet_00004471,upright,upright,upright,human_review,legacy_recovered,pigs031219/000068,pigs031219/000068,031219,12,27,train,FOLD_4,train,,stand,upright_control,reviewed_engineering_amendment_992f34c0204a85a1,ab86e2e04267cfdc8248f9bdb8774615479d67a3589f7a25844bb1a4c93a639e,557156a7eb6cceeb6a91f667f7c51dcb286e3111f35f414970fa7431acc7e63b,posture_500_a566c58d252c1642,human_review_completed,TuanHM,2026-08-07T08:16:16+07:00,,PASS,E:\PigProjectStorage\PIG_Behavior_Project\outputs\legacy_16f_rebuild\legacy_16f_rebuild_20260718_v2\06_full_recovery\crops\dense_tracklet_0_to_12\pigs031219\000068\burst_color_fa585de5_700\ID_1\f000012.jpg,PASS,PASS,True,True,True
source=legacy_recovered|dataset=legacy_recovered_16f|video=pigs091119%2F000457|track_id=tracklet_00000934|legacy_sequence,source=legacy_recovered|dataset=legacy_recovered_16f|video=pigs091119%2F000457|track_id=tracklet_00000934,upright,upright,upright,human_review,legacy_recovered,pigs091119/000457,pigs091119/000457,091119,7,22,train,FOLD_4,train,,explore,upright_control,reviewed_engineering_amendment_992f34c0204a85a1,ab86e2e04267cfdc8248f9bdb8774615479d67a3589f7a25844bb1a4c93a639e,557156a7eb6cceeb6a91f667f7c51dcb286e3111f35f414970fa7431acc7e63b,posture_500_a566c58d252c1642,human_review_completed,TuanHM,2026-08-07T08:16:16+07:00,,PASS,E:\PigProjectStorage\PIG_Behavior_Project\outputs\legacy_16f_rebuild\legacy_16f_rebuild_20260718_v2\06_full_recovery\crops\dense_tracklet_0_to_12\pigs091119\000457\burst_color_306b4234_533\ID_7\f000007.jpg,PASS,PASS,True,True,True
source=legacy_recovered|dataset=legacy_recovered_16f|video=pigs031219%2F000133|track_id=tracklet_00002653|legacy_sequence,source=legacy_recovered|dataset=legacy_recovered_16f|video=pigs031219%2F000133|track_id=tracklet_00002653,upright,upright,upright,human_review,legacy_recovered,pigs031219/000133,pigs031219/000133,031219,5,20,train,FOLD_4,train,,explore,upright_control,reviewed_engineering_amendment_992f34c0204a85a1,ab86e2e04267cfdc8248f9bdb8774615479d67a3589f7a25844bb1a4c93a639e,557156a7eb6cceeb6a91f667f7c51dcb286e3111f35f414970fa7431acc7e63b,posture_500_a566c58d252c1642,human_review_completed,TuanHM,2026-08-07T08:16:17+07:00,,PASS,E:\PigProjectStorage\PIG_Behavior_Project\outputs\legacy_16f_rebuild\legacy_16f_rebuild_20260718_v2\06_full_recovery\crops\dense_tracklet_0_to_12\pigs031219\000133\burst_color_828edb19_467\ID_1\f000005.jpg,PASS,PASS,True,True,True
source=legacy_recovered|dataset=legacy_recovered_16f|video=pigs041219%2F000211|track_id=tracklet_00003856|legacy_sequence,source=legacy_recovered|dataset=legacy_recovered_16f|video=pigs041219%2F000211|track_id=tracklet_00003856,upright,upright,upright,human_review,legacy_recovered,pigs041219/000211,pigs041219/000211,041219,5,20,train,FOLD_4,train,,explore,upright_control,reviewed_engineering_amendment_992f34c0204a85a1,ab86e2e04267cfdc8248f9bdb8774615479d67a3589f7a25844bb1a4c93a639e,557156a7eb6cceeb6a91f667f7c51dcb286e3111f35f414970fa7431acc7e63b,posture_500_a566c58d252c1642,human_review_completed,TuanHM,2026-08-07T08:16:18+07:00,,PASS,E:\PigProjectStorage\PIG_Behavior_Project\outputs\legacy_16f_rebuild\legacy_16f_rebuild_20260718_v2\06_full_recovery\crops\dense_tracklet_0_to_12\pigs041219\000211\burst_color_ce62b46e_467\ID_4\f000005.jpg,PASS,PASS,True,True,True
source=legacy_recovered|dataset=legacy_recovered_16f|video=pigs101219b%2F000028|track_id=tracklet_00000284|legacy_sequence,source=legacy_recovered|dataset=legacy_recovered_16f|video=pigs101219b%2F000028|track_id=tracklet_00000284,upright,upright,upright,human_review,legacy_recovered,pigs101219b/000028,pigs101219b/000028,101219,0,15,train,FOLD_4,train,,explore,upright_control,reviewed_engineering_amendment_992f34c0204a85a1,ab86e2e04267cfdc8248f9bdb8774615479d67a3589f7a25844bb1a4c93a639e,557156a7eb6cceeb6a91f667f7c51dcb286e3111f35f414970fa7431acc7e63b,posture_500_a566c58d252c1642,human_review_completed,TuanHM,2026-08-07T08:16:20+07:00,,PASS,E:\PigProjectStorage\PIG_Behavior_Project\outputs\legacy_16f_rebuild\legacy_16f_rebuild_20260718_v2\06_full_recovery\crops\dense_tracklet_0_to_12\pigs101219b\000028\burst_color_12bc6d6a_133\ID_1\f000000.jpg,PASS,PASS,True,True,True
source=legacy_recovered|dataset=legacy_recovered_16f|video=pigs271119%2F000015|track_id=tracklet_00004135|legacy_sequence,source=legacy_recovered|dataset=legacy_recovered_16f|video=pigs271119%2F000015|track_id=tracklet_00004135,upright,upright,upright,human_review,legacy_recovered,pigs271119/000015,pigs271119/000015,271119,602,617,train,FOLD_4,train,,eat,upright_control,reviewed_engineering_amendment_992f34c0204a85a1,ab86e2e04267cfdc8248f9bdb8774615479d67a3589f7a25844bb1a4c93a639e,557156a7eb6cceeb6a91f667f7c51dcb286e3111f35f414970fa7431acc7e63b,posture_500_a566c58d252c1642,human_review_completed,TuanHM,2026-08-07T08:16:21+07:00,,PASS,E:\PigProjectStorage\PIG_Behavior_Project\outputs\legacy_16f_rebuild\legacy_16f_rebuild_20260718_v2\06_full_recovery\crops\dense_tracklet_0_to_12\pigs271119\000015\burst_color_e32e7a61_20367\ID_2\f000602.jpg,PASS,PASS,True,True,True
source=legacy_recovered|dataset=legacy_recovered_16f|video=pigs081119%2F000337|track_id=tracklet_00004218|legacy_sequence,source=legacy_recovered|dataset=legacy_recovered_16f|video=pigs081119%2F000337|track_id=tracklet_00004218,sitting,sitting,sitting,human_review,legacy_recovered,pigs081119/000337,pigs081119/000337,081119,1,16,train,FOLD_4,train,,playwithtoy,upright_control,reviewed_engineering_amendment_992f34c0204a85a1,ab86e2e04267cfdc8248f9bdb8774615479d67a3589f7a25844bb1a4c93a639e,557156a7eb6cceeb6a91f667f7c51dcb286e3111f35f414970fa7431acc7e63b,posture_500_a566c58d252c1642,human_review_completed,TuanHM,2026-08-07T08:16:26+07:00,,PASS,E:\PigProjectStorage\PIG_Behavior_Project\outputs\legacy_16f_rebuild\legacy_16f_rebuild_20260718_v2\06_full_recovery\crops\dense_tracklet_0_to_12\pigs081119\000337\burst_color_e96f52d4_333\ID_4\f000001.jpg,PASS,PASS,True,True,True
source=legacy_recovered|dataset=legacy_recovered_16f|video=pigs031219%2F000071|track_id=tracklet_00002711|legacy_sequence,source=legacy_recovered|dataset=legacy_recovered_16f|video=pigs031219%2F000071|track_id=tracklet_00002711,upright,upright,upright,human_review,legacy_recovered,pigs031219/000071,pigs031219/000071,031219,0,15,train,FOLD_4,train,,explore,upright_control,reviewed_engineering_amendment_992f34c0204a85a1,ab86e2e04267cfdc8248f9bdb8774615479d67a3589f7a25844bb1a4c93a639e,557156a7eb6cceeb6a91f667f7c51dcb286e3111f35f414970fa7431acc7e63b,posture_500_a566c58d252c1642,human_review_completed,TuanHM,2026-08-07T08:16:27+07:00,,PASS,E:\PigProjectStorage\PIG_Behavior_Project\outputs\legacy_16f_rebuild\legacy_16f_rebuild_20260718_v2\06_full_recovery\crops\dense_tracklet_0_to_12\pigs031219\000071\burst_color_862a291b_0\ID_3\f000000.jpg,PASS,PASS,True,True,True
source=legacy_recovered|dataset=legacy_recovered_16f|video=pigs081119%2F000353|track_id=tracklet_00000387|legacy_sequence,source=legacy_recovered|dataset=legacy_recovered_16f|video=pigs081119%2F000353|track_id=tracklet_00000387,upright,upright,upright,human_review,legacy_recovered,pigs081119/000353,pigs081119/000353,081119,0,15,train,FOLD_4,train,,explore,upright_control,reviewed_engineering_amendment_992f34c0204a85a1,ab86e2e04267cfdc8248f9bdb8774615479d67a3589f7a25844bb1a4c93a639e,557156a7eb6cceeb6a91f667f7c51dcb286e3111f35f414970fa7431acc7e63b,posture_500_a566c58d252c1642,human_review_completed,TuanHM,2026-08-07T08:16:29+07:00,,PASS,E:\PigProjectStorage\PIG_Behavior_Project\outputs\legacy_16f_rebuild\legacy_16f_rebuild_20260718_v2\06_full_recovery\crops\dense_tracklet_0_to_12\pigs081119\000353\burst_color_178a92df_233\ID_5\f000000.jpg,PASS,PASS,True,True,True
source=legacy_recovered|dataset=legacy_recovered_16f|video=pigs081119%2F000402|track_id=tracklet_00003556|legacy_sequence,source=legacy_recovered|dataset=legacy_recovered_16f|video=pigs081119%2F000402|track_id=tracklet_00003556,upright,upright,upright,human_review,legacy_recovered,pigs081119/000402,pigs081119/000402,081119,13,28,train,FOLD_4,train,,stand,upright_control,reviewed_engineering_amendment_992f34c0204a85a1,ab86e2e04267cfdc8248f9bdb8774615479d67a3589f7a25844bb1a4c93a639e,557156a7eb6cceeb6a91f667f7c51dcb286e3111f35f414970fa7431acc7e63b,posture_500_a566c58d252c1642,human_review_completed,TuanHM,2026-08-07T08:16:29+07:00,,PASS,E:\PigProjectStorage\PIG_Behavior_Project\outputs\legacy_16f_rebuild\legacy_16f_rebuild_20260718_v2\06_full_recovery\crops\dense_tracklet_0_to_12\pigs081119\000402\burst_color_b72657c5_733\ID_3\f000013.jpg,PASS,PASS,True,True,True
source=legacy_recovered|dataset=legacy_recovered_16f|video=pigs091119%2F000423|track_id=tracklet_00002604|legacy_sequence,source=legacy_recovered|dataset=legacy_recovered_16f|video=pigs091119%2F000423|track_id=tracklet_00002604,upright,upright,upright,human_review,legacy_recovered,pigs091119/000423,pigs091119/000423,091119,7,22,train,FOLD_4,train,,explore,upright_control,reviewed_engineering_amendment_992f34c0204a85a1,ab86e2e04267cfdc8248f9bdb8774615479d67a3589f7a25844bb1a4c93a639e,557156a7eb6cceeb6a91f667f7c51dcb286e3111f35f414970fa7431acc7e63b,posture_500_a566c58d252c1642,human_review_completed,TuanHM,2026-08-07T08:16:30+07:00,,PASS,E:\PigProjectStorage\PIG_Behavior_Project\outputs\legacy_16f_rebuild\legacy_16f_rebuild_20260718_v2\06_full_recovery\crops\dense_tracklet_0_to_12\pigs091119\000423\burst_color_7f8b1496_533\ID_3\f000007.jpg,PASS,PASS,True,True,True
source=legacy_recovered|dataset=legacy_recovered_16f|video=pigs101219a%2F000264|track_id=tracklet_00002547|legacy_sequence,source=legacy_recovered|dataset=legacy_recovered_16f|video=pigs101219a%2F000264|track_id=tracklet_00002547,upright,upright,upright,human_review,legacy_recovered,pigs101219a/000264,pigs101219a/000264,101219,0,15,train,FOLD_4,train,,eat,upright_control,reviewed_engineering_amendment_992f34c0204a85a1,ab86e2e04267cfdc8248f9bdb8774615479d67a3589f7a25844bb1a4c93a639e,557156a7eb6cceeb6a91f667f7c51dcb286e3111f35f414970fa7431acc7e63b,posture_500_a566c58d252c1642,human_review_completed,TuanHM,2026-08-07T08:16:31+07:00,,PASS,E:\PigProjectStorage\PIG_Behavior_Project\outputs\legacy_16f_rebuild\legacy_16f_rebuild_20260718_v2\06_full_recovery\crops\dense_tracklet_0_to_12\pigs101219a\000264\burst_color_7b3e9798_133\ID_5\f000000.jpg,PASS,PASS,True,True,True
source=legacy_recovered|dataset=legacy_recovered_16f|video=pigs041219%2F000237|track_id=tracklet_00002011|legacy_sequence,source=legacy_recovered|dataset=legacy_recovered_16f|video=pigs041219%2F000237|track_id=tracklet_00002011,upright,upright,upright,human_review,legacy_recovered,pigs041219/000237,pigs041219/000237,041219,0,15,train,FOLD_4,train,,drink,upright_control,reviewed_engineering_amendment_992f34c0204a85a1,ab86e2e04267cfdc8248f9bdb8774615479d67a3589f7a25844bb1a4c93a639e,557156a7eb6cceeb6a91f667f7c51dcb286e3111f35f414970fa7431acc7e63b,posture_500_a566c58d252c1642,human_review_completed,TuanHM,2026-08-07T08:16:32+07:00,,PASS,E:\PigProjectStorage\PIG_Behavior_Project\outputs\legacy_16f_rebuild\legacy_16f_rebuild_20260718_v2\06_full_recovery\crops\dense_tracklet_0_to_12\pigs041219\000237\burst_color_6287efd7_267\ID_6\f000000.jpg,PASS,PASS,True,True,True
source=legacy_recovered|dataset=legacy_recovered_16f|video=pigs031219%2F000160|track_id=tracklet_00003694|legacy_sequence,source=legacy_recovered|dataset=legacy_recovered_16f|video=pigs031219%2F000160|track_id=tracklet_00003694,upright,upright,upright,human_review,legacy_recovered,pigs031219/000160,pigs031219/000160,031219,6,21,train,FOLD_4,train,,move,upright_control,reviewed_engineering_amendment_992f34c0204a85a1,ab86e2e04267cfdc8248f9bdb8774615479d67a3589f7a25844bb1a4c93a639e,557156a7eb6cceeb6a91f667f7c51dcb286e3111f35f414970fa7431acc7e63b,posture_500_a566c58d252c1642,human_review_completed,TuanHM,2026-08-07T08:16:32+07:00,,PASS,E:\PigProjectStorage\PIG_Behavior_Project\outputs\legacy_16f_rebuild\legacy_16f_rebuild_20260718_v2\06_full_recovery\crops\dense_tracklet_0_to_12\pigs031219\000160\burst_color_bf3ee170_500\ID_4\f000006.jpg,PASS,PASS,True,True,True
source=legacy_recovered|dataset=legacy_recovered_16f|video=pigs081119%2F000331|track_id=tracklet_00002149|legacy_sequence,source=legacy_recovered|dataset=legacy_recovered_16f|video=pigs081119%2F000331|track_id=tracklet_00002149,upright,upright,upright,human_review,legacy_recovered,pigs081119/000331,pigs081119/000331,081119,7,22,train,FOLD_4,train,,move,upright_control,reviewed_engineering_amendment_992f34c0204a85a1,ab86e2e04267cfdc8248f9bdb8774615479d67a3589f7a25844bb1a4c93a639e,557156a7eb6cceeb6a91f667f7c51dcb286e3111f35f414970fa7431acc7e63b,posture_500_a566c58d252c1642,human_review_completed,TuanHM,2026-08-07T08:16:33+07:00,,PASS,E:\PigProjectStorage\PIG_Behavior_Project\outputs\legacy_16f_rebuild\legacy_16f_rebuild_20260718_v2\06_full_recovery\crops\dense_tracklet_0_to_12\pigs081119\000331\burst_color_685789ae_533\ID_1\f000007.jpg,PASS,PASS,True,True,True
source=legacy_recovered|dataset=legacy_recovered_16f|video=pigs111219%2F000088|track_id=tracklet_00001056|legacy_sequence,source=legacy_recovered|dataset=legacy_recovered_16f|video=pigs111219%2F000088|track_id=tracklet_00001056,upright,upright,upright,human_review,legacy_recovered,pigs111219/000088,pigs111219/000088,111219,0,15,train,FOLD_4,train,,explore,upright_control,reviewed_engineering_amendment_992f34c0204a85a1,ab86e2e04267cfdc8248f9bdb8774615479d67a3589f7a25844bb1a4c93a639e,557156a7eb6cceeb6a91f667f7c51dcb286e3111f35f414970fa7431acc7e63b,posture_500_a566c58d252c1642,human_review_completed,TuanHM,2026-08-07T08:16:34+07:00,,PASS,E:\PigProjectStorage\PIG_Behavior_Project\outputs\legacy_16f_rebuild\legacy_16f_rebuild_20260718_v2\06_full_recovery\crops\dense_tracklet_0_to_12\pigs111219\000088\burst_color_36b8bfd5_33\ID_3\f000000.jpg,PASS,PASS,True,True,True
source=legacy_recovered|dataset=legacy_recovered_16f|video=pigs101219a%2F000293|track_id=tracklet_00002498|legacy_sequence,source=legacy_recovered|dataset=legacy_recovered_16f|video=pigs101219a%2F000293|track_id=tracklet_00002498,upright,upright,upright,human_review,legacy_recovered,pigs101219a/000293,pigs101219a/000293,101219,0,15,train,FOLD_4,train,,move,upright_control,reviewed_engineering_amendment_992f34c0204a85a1,ab86e2e04267cfdc8248f9bdb8774615479d67a3589f7a25844bb1a4c93a639e,557156a7eb6cceeb6a91f667f7c51dcb286e3111f35f414970fa7431acc7e63b,posture_500_a566c58d252c1642,human_review_completed,TuanHM,2026-08-07T08:16:34+07:00,,PASS,E:\PigProjectStorage\PIG_Behavior_Project\outputs\legacy_16f_rebuild\legacy_16f_rebuild_20260718_v2\06_full_recovery\crops\dense_tracklet_0_to_12\pigs101219a\000293\burst_color_77fe4f70_33\ID_5\f000000.jpg,PASS,PASS,True,True,True
source=legacy_recovered|dataset=legacy_recovered_16f|video=pigs051219%2F000337|track_id=tracklet_00001213|legacy_sequence,source=legacy_recovered|dataset=legacy_recovered_16f|video=pigs051219%2F000337|track_id=tracklet_00001213,upright,upright,upright,human_review,legacy_recovered,pigs051219/000337,pigs051219/000337,051219,0,15,train,FOLD_4,train,,eat,upright_control,reviewed_engineering_amendment_992f34c0204a85a1,ab86e2e04267cfdc8248f9bdb8774615479d67a3589f7a25844bb1a4c93a639e,557156a7eb6cceeb6a91f667f7c51dcb286e3111f35f414970fa7431acc7e63b,posture_500_a566c58d252c1642,human_review_completed,TuanHM,2026-08-07T08:16:35+07:00,,PASS,E:\PigProjectStorage\PIG_Behavior_Project\outputs\legacy_16f_rebuild\legacy_16f_rebuild_20260718_v2\06_full_recovery\crops\dense_tracklet_0_to_12\pigs051219\000337\burst_color_3c7fcc0c_200\ID_4\f000000.jpg,PASS,PASS,True,True,True
